"headwordIndex","english","referenceArabic","oldStatus","initialStatus","finalStatus","reason","headwords","relationships","headwordStatus","relationshipStatus","register","allowedEnToAr","allowedArToEn","preferredEnToAr","preferredArToEn","restrictedEnToAr","restrictedArToEn","allowedNonpreferredArToEn","posAssignments","unresolvedPos","senseAssignments","multiword"
"1081","MOVE","تحركوا","review","approved","approved","Selected general vocabulary. Approval requires at least one approved MSA relationship; an unsuitable translation alone does not reject the headword.","1","3","{""approved"":1}","{""approved"":3}","{""msa"":3}","3","3","1","1","0","0","2","3","0","0","0"
"1082","CABLE","كابل","review","approved","approved","Selected general vocabulary. Approval requires at least one approved MSA relationship; an unsuitable translation alone does not reject the headword.","1","3","{""approved"":1}","{""review"":1,""approved"":2}","{""uncertain"":1,""msa"":2}","2","2","1","1","0","0","1","3","0","0","0"
"1083","OPPORTUNITIES","الفرص","review","approved","approved","Selected general vocabulary. Approval requires at least one approved MSA relationship; an unsuitable translation alone does not reject the headword.","1","2","{""approved"":1}","{""approved"":2}","{""msa"":2}","2","2","1","1","0","0","1","2","0","0","0"
"1084","TAKING","أخذ","review","approved","approved","Selected general vocabulary. Approval requires at least one approved MSA relationship; an unsuitable translation alone does not reject the headword.","1","2","{""approved"":1}","{""review"":1,""approved"":1}","{""msa"":2}","1","1","1","1","0","0","0","2","0","0","0"
"1085","VALUES","قيم","review","approved","approved","Selected general vocabulary. Approval requires at least one approved MSA relationship; an unsuitable translation alone does not reject the headword.","1","2","{""approved"":1}","{""approved"":2}","{""msa"":2}","2","2","1","1","0","0","1","2","0","0","0"
"1086","DIVISION","الشعبة","review","approved","approved","Selected general vocabulary. Approval requires at least one approved MSA relationship; an unsuitable translation alone does not reject the headword.","1","2","{""approved"":1}","{""approved"":2}","{""msa"":2}","2","2","1","1","0","0","1","2","0","0","0"
"1087","COMING","قادمة","review","approved","approved","Selected general vocabulary. Approval requires at least one approved MSA relationship; an unsuitable translation alone does not reject the headword.","1","4","{""approved"":1}","{""review"":1,""approved"":3}","{""msa"":4}","3","3","1","1","0","0","2","4","0","0","0"
"1088","TUESDAY","الثلاثاء,","review","approved","approved","Selected general vocabulary. Approval requires at least one approved MSA relationship; an unsuitable translation alone does not reject the headword.","1","1","{""approved"":1}","{""approved"":1}","{""msa"":1}","1","1","1","1","0","0","0","1","0","0","0"
"1089","OBJECT","كائن","review","approved","approved","Selected general vocabulary. Approval requires at least one approved MSA relationship; an unsuitable translation alone does not reject the headword.","1","3","{""approved"":1}","{""approved"":3}","{""msa"":3}","3","3","1","1","0","0","2","3","0","0","0"
"1090","LESBIAN","مثلية","review","approved","approved","Selected general vocabulary. Approval requires at least one approved MSA relationship; an unsuitable translation alone does not reject the headword.","1","1","{""approved"":1}","{""approved"":1}","{""msa"":1}","1","1","1","1","0","0","0","1","0","0","0"
"1091","APPROPRIATE","مناسب","review","approved","approved","Selected general vocabulary. Approval requires at least one approved MSA relationship; an unsuitable translation alone does not reject the headword.","1","1","{""approved"":1}","{""approved"":1}","{""msa"":1}","1","1","1","1","0","0","0","1","0","0","0"
"1092","MACHINE","آلة","review","approved","approved","Selected general vocabulary. Approval requires at least one approved MSA relationship; an unsuitable translation alone does not reject the headword.","1","6","{""approved"":1}","{""review"":3,""approved"":3}","{""msa"":5,""uncertain"":1}","3","3","1","1","0","0","2","6","0","0","0"
"1093","LOGO","شعار","review","approved","approved","Selected general vocabulary. Approval requires at least one approved MSA relationship; an unsuitable translation alone does not reject the headword.","1","2","{""approved"":1}","{""approved"":2}","{""msa"":2}","2","2","1","1","0","0","1","2","0","0","0"
"1094","LENGTH","طول","review","approved","approved","Selected general vocabulary. Approval requires at least one approved MSA relationship; an unsuitable translation alone does not reject the headword.","1","2","{""approved"":1}","{""approved"":2}","{""msa"":2}","2","2","1","1","0","0","1","2","0","0","0"
"1095","ACTUALLY","في الواقع","review","approved","approved","Selected general vocabulary. Approval requires at least one approved MSA relationship; an unsuitable translation alone does not reject the headword.","1","2","{""approved"":1}","{""approved"":2}","{""msa"":2}","2","2","1","1","0","0","1","2","0","0","1"
"1096","NICE","لطيف","review","approved","approved","Selected general vocabulary. Approval requires at least one approved MSA relationship; an unsuitable translation alone does not reject the headword.","1","3","{""approved"":1}","{""approved"":3}","{""msa"":3}","3","3","1","1","0","0","2","3","0","0","0"
"1097","SCORE","النتيجة","review","approved","approved","Selected general vocabulary. Approval requires at least one approved MSA relationship; an unsuitable translation alone does not reject the headword.","1","1","{""approved"":1}","{""approved"":1}","{""msa"":1}","1","1","1","1","0","0","0","1","0","0","0"
"1098","STATISTICS","الإحصاءات","review","approved","approved","Selected general vocabulary. Approval requires at least one approved MSA relationship; an unsuitable translation alone does not reject the headword.","1","6","{""approved"":1}","{""review"":5,""approved"":1}","{""msa"":6}","1","1","1","1","0","0","0","6","0","0","0"
"1099","CLIENT","العميل","review","approved","approved","Selected general vocabulary. Approval requires at least one approved MSA relationship; an unsuitable translation alone does not reject the headword.","1","4","{""approved"":1}","{""approved"":4}","{""msa"":4}","4","4","1","1","0","0","3","4","0","0","0"
"1100","OK","موافق","review","approved","approved","Selected general vocabulary. Approval requires at least one approved MSA relationship; an unsuitable translation alone does not reject the headword.","1","1","{""approved"":1}","{""approved"":1}","{""msa"":1}","1","1","1","1","0","0","0","1","0","0","0"
"1101","RETURNS","المرتجعات","review","approved","approved","Selected general vocabulary. Approval requires at least one approved MSA relationship; an unsuitable translation alone does not reject the headword.","1","4","{""approved"":1}","{""approved"":4}","{""msa"":4}","4","4","1","1","0","0","3","4","0","4","0"
"1102","CAPITAL","رأس المال","review","approved","approved","Selected general vocabulary. Approval requires at least one approved MSA relationship; an unsuitable translation alone does not reject the headword.","1","3","{""approved"":1}","{""approved"":3}","{""msa"":3}","3","3","2","2","0","0","1","3","0","3","1"
"1103","FOLLOW","تابع","review","approved","approved","Selected general vocabulary. Approval requires at least one approved MSA relationship; an unsuitable translation alone does not reject the headword.","1","5","{""approved"":1}","{""review"":1,""approved"":4}","{""msa"":5}","4","4","1","1","0","0","3","5","0","0","0"
"1104","SAMPLE","عينة","review","approved","approved","Selected general vocabulary. Approval requires at least one approved MSA relationship; an unsuitable translation alone does not reject the headword.","1","2","{""approved"":1}","{""approved"":2}","{""msa"":2}","2","2","1","1","0","0","1","2","0","0","0"
"1105","INVESTMENT","الاستثمار","review","approved","approved","Selected general vocabulary. Approval requires at least one approved MSA relationship; an unsuitable translation alone does not reject the headword.","1","5","{""approved"":1}","{""review"":3,""approved"":2}","{""msa"":5}","2","2","1","1","0","0","1","5","0","0","0"
"1106","SENT","مرسلة","review","approved","approved","Selected general vocabulary. Approval requires at least one approved MSA relationship; an unsuitable translation alone does not reject the headword.","1","3","{""approved"":1}","{""review"":2,""approved"":1}","{""msa"":3}","1","1","0","0","0","0","1","3","0","0","0"
"1107","SHOWN","يظهر","review","review","review","Selected general vocabulary. Approval requires at least one approved MSA relationship; an unsuitable translation alone does not reject the headword.","1","1","{""review"":1}","{""review"":1}","{""msa"":1}","0","0","0","0","0","0","0","1","0","0","0"
"1108","SATURDAY","يوم السبت","review","approved","approved","Selected general vocabulary. Approval requires at least one approved MSA relationship; an unsuitable translation alone does not reject the headword.","1","3","{""approved"":1}","{""approved"":3}","{""msa"":3}","3","3","1","1","0","0","2","3","0","0","1"
"1109","CHRISTMAS","عيد الميلاد","review","approved","approved","Selected general vocabulary. Approval requires at least one approved MSA relationship; an unsuitable translation alone does not reject the headword.","1","3","{""approved"":1}","{""review"":2,""approved"":1}","{""uncertain"":2,""msa"":1}","1","1","0","0","0","0","1","3","0","0","1"
"1111","CULTURE","الثقافة","review","approved","approved","Selected general vocabulary. Approval requires at least one approved MSA relationship; an unsuitable translation alone does not reject the headword.","1","3","{""approved"":1}","{""approved"":2,""review"":1}","{""msa"":3}","2","2","1","1","0","0","1","3","0","0","0"
"1113","FLASH","فلاش","review","approved","approved","Selected general vocabulary. Approval requires at least one approved MSA relationship; an unsuitable translation alone does not reject the headword.","1","3","{""approved"":1}","{""approved"":2,""review"":1}","{""msa"":2,""uncertain"":1}","2","2","1","1","0","0","1","3","0","0","0"
"1114","LEAD","الرصاص","review","approved","approved","Selected general vocabulary. Approval requires at least one approved MSA relationship; an unsuitable translation alone does not reject the headword.","1","1","{""approved"":1}","{""approved"":1}","{""msa"":1}","1","1","1","1","0","0","0","1","0","1","0"
"1116","CHOICE","الاختيار","review","approved","approved","Selected general vocabulary. Approval requires at least one approved MSA relationship; an unsuitable translation alone does not reject the headword.","1","4","{""approved"":1}","{""approved"":4}","{""msa"":4}","4","4","1","1","0","0","3","4","0","0","0"
"1117","WENT","ذهب","review","approved","approved","Selected general vocabulary. Approval requires at least one approved MSA relationship; an unsuitable translation alone does not reject the headword.","1","2","{""approved"":1}","{""review"":1,""approved"":1}","{""uncertain"":1,""msa"":1}","1","1","1","1","0","0","0","2","0","0","0"
"1118","STARTING","بدء التشغيل","review","approved","approved","Selected general vocabulary. Approval requires at least one approved MSA relationship; an unsuitable translation alone does not reject the headword.","1","3","{""approved"":1}","{""approved"":3}","{""msa"":3}","3","3","1","1","0","0","2","3","0","0","1"
"1119","REGISTRATION","التسجيل","review","approved","approved","Selected general vocabulary. Approval requires at least one approved MSA relationship; an unsuitable translation alone does not reject the headword.","1","2","{""approved"":1}","{""approved"":2}","{""msa"":2}","2","2","1","1","0","0","1","2","0","0","0"
"1121","THURSDAY","خميس","review","approved","approved","Selected general vocabulary. Approval requires at least one approved MSA relationship; an unsuitable translation alone does not reject the headword.","1","2","{""approved"":1}","{""approved"":2}","{""msa"":2}","2","2","1","1","0","0","1","2","0","0","0"
"1122","COURSES","دورات","review","approved","approved","Selected general vocabulary. Approval requires at least one approved MSA relationship; an unsuitable translation alone does not reject the headword.","1","2","{""approved"":1}","{""approved"":2}","{""msa"":2}","2","2","1","1","0","0","1","2","0","0","0"
"1123","CONSUMER","مستهلك","review","approved","approved","Selected general vocabulary. Approval requires at least one approved MSA relationship; an unsuitable translation alone does not reject the headword.","1","2","{""approved"":1}","{""approved"":2}","{""msa"":2}","2","2","1","1","0","0","1","2","0","0","0"
"1124","AIRPORT","مطار","review","approved","approved","Selected general vocabulary. Approval requires at least one approved MSA relationship; an unsuitable translation alone does not reject the headword.","1","2","{""approved"":1}","{""approved"":2}","{""msa"":2}","2","2","1","1","0","0","1","2","0","0","0"
"1125","FOREIGN","الأجانب","review","review","review","Selected general vocabulary. Approval requires at least one approved MSA relationship; an unsuitable translation alone does not reject the headword.","1","4","{""review"":1}","{""review"":4}","{""msa"":4}","0","0","0","0","0","0","0","4","0","0","0"
"1126","ARTIST","فنان","review","approved","approved","Selected general vocabulary. Approval requires at least one approved MSA relationship; an unsuitable translation alone does not reject the headword.","1","3","{""approved"":1}","{""approved"":3}","{""msa"":3}","3","3","1","1","0","0","2","3","0","0","0"
"1127","OUTSIDE","في الخارج","review","approved","approved","Selected general vocabulary. Approval requires at least one approved MSA relationship; an unsuitable translation alone does not reject the headword.","1","3","{""approved"":1}","{""approved"":3}","{""msa"":3}","3","3","1","1","0","0","2","3","0","0","1"
"1128","FURNITURE","الأثاث","review","approved","approved","Selected general vocabulary. Approval requires at least one approved MSA relationship; an unsuitable translation alone does not reject the headword.","1","3","{""approved"":1}","{""review"":2,""approved"":1}","{""msa"":3}","1","1","1","1","0","0","0","3","0","0","0"
"1129","LEVELS","المستويات","review","approved","approved","Selected general vocabulary. Approval requires at least one approved MSA relationship; an unsuitable translation alone does not reject the headword.","1","2","{""approved"":1}","{""approved"":2}","{""msa"":2}","2","2","1","1","0","0","1","2","0","0","0"
"1130","CHANNEL","قناة","review","approved","approved","Selected general vocabulary. Approval requires at least one approved MSA relationship; an unsuitable translation alone does not reject the headword.","1","2","{""approved"":1}","{""approved"":2}","{""msa"":2}","2","2","1","1","0","0","1","2","0","0","0"
"1131","LETTER","رسالة","review","approved","approved","Selected general vocabulary. Approval requires at least one approved MSA relationship; an unsuitable translation alone does not reject the headword.","1","3","{""approved"":1}","{""approved"":3}","{""msa"":3}","3","3","2","2","0","0","1","3","0","3","0"
"1132","MODE","وضع","review","approved","approved","Selected general vocabulary. Approval requires at least one approved MSA relationship; an unsuitable translation alone does not reject the headword.","1","5","{""approved"":1}","{""review"":1,""approved"":4}","{""uncertain"":1,""msa"":4}","4","4","1","1","1","1","3","5","0","0","0"
"1133","PHONES","هواتف","review","approved","approved","Selected general vocabulary. Approval requires at least one approved MSA relationship; an unsuitable translation alone does not reject the headword.","1","2","{""approved"":1}","{""approved"":2}","{""msa"":2}","2","2","1","1","0","0","1","2","0","0","0"
"1134","IDEAS","أفكار","review","approved","approved","Selected general vocabulary. Approval requires at least one approved MSA relationship; an unsuitable translation alone does not reject the headword.","1","3","{""approved"":1}","{""review"":2,""approved"":1}","{""msa"":3}","1","1","1","1","0","0","0","3","0","0","0"
"1135","WEDNESDAY","الأربعاء، الأربعاء","review","approved","approved","Selected general vocabulary. Approval requires at least one approved MSA relationship; an unsuitable translation alone does not reject the headword.","1","2","{""approved"":1}","{""review"":1,""approved"":1}","{""msa"":2}","1","1","1","1","0","0","0","2","0","0","0"
"1136","STRUCTURE","هيكل","review","approved","approved","Selected general vocabulary. Approval requires at least one approved MSA relationship; an unsuitable translation alone does not reject the headword.","1","3","{""approved"":1}","{""approved"":3}","{""msa"":3}","3","3","1","1","0","0","2","3","0","0","0"
"1137","FUND","الصندوق","review","approved","approved","Selected general vocabulary. Approval requires at least one approved MSA relationship; an unsuitable translation alone does not reject the headword.","1","2","{""approved"":1}","{""approved"":2}","{""msa"":2}","2","2","1","1","0","0","1","2","0","0","0"
"1138","SUMMER","الصيف","review","approved","approved","Selected general vocabulary. Approval requires at least one approved MSA relationship; an unsuitable translation alone does not reject the headword.","1","4","{""approved"":1}","{""approved"":3,""review"":1}","{""msa"":3,""uncertain"":1}","3","3","1","1","1","1","2","4","0","0","0"
"1139","ALLOW","اسمح","review","approved","approved","Selected general vocabulary. Approval requires at least one approved MSA relationship; an unsuitable translation alone does not reject the headword.","1","2","{""approved"":1}","{""approved"":2}","{""msa"":2}","2","2","1","1","0","0","1","2","0","0","0"
"1140","DEGREE","الدرجة العلمية","review","approved","approved","Selected general vocabulary. Approval requires at least one approved MSA relationship; an unsuitable translation alone does not reject the headword.","1","4","{""approved"":1}","{""review"":1,""approved"":3}","{""msa"":4}","3","3","1","1","0","0","2","4","0","1","1"
"1141","CONTRACT","العقد","review","approved","approved","Selected general vocabulary. Approval requires at least one approved MSA relationship; an unsuitable translation alone does not reject the headword.","1","4","{""approved"":1}","{""approved"":4}","{""msa"":4}","4","4","1","1","0","0","3","4","0","4","0"
"1142","BUTTON","زر","review","approved","approved","Selected general vocabulary. Approval requires at least one approved MSA relationship; an unsuitable translation alone does not reject the headword.","1","2","{""approved"":1}","{""approved"":2}","{""msa"":2}","2","2","1","1","0","0","1","2","0","0","0"
"1143","RELEASES","إصدارات","review","approved","approved","Selected general vocabulary. Approval requires at least one approved MSA relationship; an unsuitable translation alone does not reject the headword.","1","3","{""approved"":1}","{""review"":2,""approved"":1}","{""msa"":3}","1","1","1","1","0","0","0","3","0","0","0"
"1145","HOMES","منازل","review","approved","approved","Selected general vocabulary. Approval requires at least one approved MSA relationship; an unsuitable translation alone does not reject the headword.","1","4","{""approved"":1}","{""approved"":4}","{""msa"":4}","4","4","1","1","0","0","3","4","0","0","0"
"1146","SUPER","سوبر","review","review","review","Selected general vocabulary. Approval requires at least one approved MSA relationship; an unsuitable translation alone does not reject the headword.","1","2","{""review"":1}","{""review"":2}","{""uncertain"":2}","0","0","0","0","0","0","0","2","0","0","0"
"1147","MALE","ذكر","review","approved","approved","Selected general vocabulary. Approval requires at least one approved MSA relationship; an unsuitable translation alone does not reject the headword.","1","5","{""approved"":1}","{""approved"":3,""review"":2}","{""msa"":5}","3","3","1","1","0","0","2","5","0","0","0"
"1148","MATTER","المسألة","review","approved","approved","Selected general vocabulary. Approval requires at least one approved MSA relationship; an unsuitable translation alone does not reject the headword.","1","3","{""approved"":1}","{""review"":2,""approved"":1}","{""msa"":3}","1","1","1","1","0","0","0","3","0","0","0"
"1149","CUSTOM","مخصص","review","approved","approved","Selected general vocabulary. Approval requires at least one approved MSA relationship; an unsuitable translation alone does not reject the headword.","1","3","{""approved"":1}","{""approved"":3}","{""msa"":3}","3","3","2","2","0","0","1","3","0","3","0"
"1151","ALMOST","تقريبا","review","approved","approved","Selected general vocabulary. Approval requires at least one approved MSA relationship; an unsuitable translation alone does not reject the headword.","1","1","{""approved"":1}","{""approved"":1}","{""msa"":1}","1","1","1","1","0","0","0","1","0","0","0"
"1152","TOOK","أخذ","review","approved","approved","Selected general vocabulary. Approval requires at least one approved MSA relationship; an unsuitable translation alone does not reject the headword.","1","2","{""approved"":1}","{""review"":1,""approved"":1}","{""msa"":2}","1","1","1","1","0","0","0","2","0","0","0"
"1153","LOCATED","الموقع","review","review","review","Selected general vocabulary. Approval requires at least one approved MSA relationship; an unsuitable translation alone does not reject the headword.","1","1","{""review"":1}","{""review"":1}","{""msa"":1}","0","0","0","0","0","0","0","0","1","0","0"
"1154","MULTIPLE","متعددة","review","approved","approved","Selected general vocabulary. Approval requires at least one approved MSA relationship; an unsuitable translation alone does not reject the headword.","1","4","{""approved"":1}","{""approved"":3,""review"":1}","{""msa"":4}","3","3","1","1","0","0","2","4","0","0","0"
"1156","DISTRIBUTION","التوزيع","review","approved","approved","Selected general vocabulary. Approval requires at least one approved MSA relationship; an unsuitable translation alone does not reject the headword.","1","2","{""approved"":1}","{""approved"":2}","{""msa"":2}","2","2","1","1","0","0","1","2","0","0","0"
"1157","EDITOR","محرر","review","approved","approved","Selected general vocabulary. Approval requires at least one approved MSA relationship; an unsuitable translation alone does not reject the headword.","1","3","{""approved"":1}","{""approved"":3}","{""msa"":3}","3","3","1","1","0","0","2","3","0","0","0"
"1158","INN","النزل","review","approved","approved","Selected general vocabulary. Approval requires at least one approved MSA relationship; an unsuitable translation alone does not reject the headword.","1","2","{""approved"":1}","{""approved"":2}","{""msa"":2}","2","2","1","1","0","0","1","2","0","0","0"
"1160","CAUSE","السبب","review","approved","approved","Selected general vocabulary. Approval requires at least one approved MSA relationship; an unsuitable translation alone does not reject the headword.","1","2","{""approved"":1}","{""approved"":2}","{""msa"":2}","2","2","1","1","0","0","1","2","0","0","0"
"1161","POTENTIAL","الإمكانات المحتملة","review","review","review","Selected general vocabulary. Approval requires at least one approved MSA relationship; an unsuitable translation alone does not reject the headword.","1","2","{""review"":1}","{""review"":2}","{""msa"":2}","0","0","0","0","0","0","0","2","0","0","1"
"1162","SONG","أغنية","review","approved","approved","Selected general vocabulary. Approval requires at least one approved MSA relationship; an unsuitable translation alone does not reject the headword.","1","6","{""approved"":1}","{""review"":5,""approved"":1}","{""uncertain"":1,""msa"":5}","1","1","1","1","1","1","0","6","0","0","0"
"1165","FOCUS","التركيز","review","approved","approved","Selected general vocabulary. Approval requires at least one approved MSA relationship; an unsuitable translation alone does not reject the headword.","1","3","{""approved"":1}","{""approved"":3}","{""msa"":3}","3","3","1","1","0","0","2","3","0","0","0"
"1166","LATE","متأخر","review","approved","approved","Selected general vocabulary. Approval requires at least one approved MSA relationship; an unsuitable translation alone does not reject the headword.","1","5","{""approved"":1}","{""review"":4,""approved"":1}","{""msa"":5}","1","1","1","1","0","0","0","5","0","0","0"
"1167","FALL","سقوط","review","approved","approved","Selected general vocabulary. Approval requires at least one approved MSA relationship; an unsuitable translation alone does not reject the headword.","1","4","{""approved"":1}","{""approved"":3,""review"":1}","{""msa"":4}","3","3","2","2","0","0","1","4","0","3","0"
"1168","FEATURED","المميزات","review","approved","approved","Selected general vocabulary. Approval requires at least one approved MSA relationship; an unsuitable translation alone does not reject the headword.","1","3","{""approved"":1}","{""approved"":1,""review"":2}","{""msa"":3}","1","1","0","0","1","1","1","3","0","0","0"
"1169","IDEA","فكرة","review","approved","approved","Selected general vocabulary. Approval requires at least one approved MSA relationship; an unsuitable translation alone does not reject the headword.","1","3","{""approved"":1}","{""review"":1,""approved"":2}","{""msa"":3}","2","2","1","1","0","0","1","3","0","0","0"
"1170","ROOMS","غرف","review","approved","approved","Selected general vocabulary. Approval requires at least one approved MSA relationship; an unsuitable translation alone does not reject the headword.","1","2","{""approved"":1}","{""approved"":2}","{""msa"":2}","2","2","1","1","0","0","1","2","0","0","0"
"1171","FEMALE","أنثى","review","approved","approved","Selected general vocabulary. Approval requires at least one approved MSA relationship; an unsuitable translation alone does not reject the headword.","1","5","{""approved"":1}","{""review"":4,""approved"":1}","{""msa"":5}","1","1","1","1","0","0","0","5","0","0","0"
"1172","RESPONSIBLE","المسؤول","review","approved","approved","Selected general vocabulary. Approval requires at least one approved MSA relationship; an unsuitable translation alone does not reject the headword.","1","2","{""approved"":1}","{""approved"":2}","{""msa"":2}","2","2","1","1","0","0","1","2","0","0","0"
"1173","COMMUNICATIONS","الاتصالات","review","approved","approved","Selected general vocabulary. Approval requires at least one approved MSA relationship; an unsuitable translation alone does not reject the headword.","1","2","{""approved"":1}","{""approved"":2}","{""msa"":2}","2","2","1","1","0","0","1","2","0","0","0"
"1174","WIN","الفوز","review","approved","approved","Selected general vocabulary. Approval requires at least one approved MSA relationship; an unsuitable translation alone does not reject the headword.","1","2","{""approved"":1}","{""approved"":2}","{""msa"":2}","2","2","1","1","0","0","1","2","0","0","0"
"1175","ASSOCIATED","المرتبطة","review","approved","approved","Selected general vocabulary. Approval requires at least one approved MSA relationship; an unsuitable translation alone does not reject the headword.","1","2","{""approved"":1}","{""approved"":2}","{""msa"":2}","2","2","1","1","0","0","1","2","0","0","0"
"1177","PRIMARY","الابتدائي","review","approved","approved","Selected general vocabulary. Approval requires at least one approved MSA relationship; an unsuitable translation alone does not reject the headword.","1","3","{""approved"":1}","{""approved"":3}","{""msa"":3}","3","3","1","1","0","0","2","3","0","0","0"
"1178","CANCER","السرطان","review","approved","approved","Selected general vocabulary. Approval requires at least one approved MSA relationship; an unsuitable translation alone does not reject the headword.","1","2","{""approved"":1}","{""approved"":2}","{""msa"":2}","2","2","1","1","0","0","1","2","0","0","0"
"1179","NUMBERS","أرقام","review","approved","approved","Selected general vocabulary. Approval requires at least one approved MSA relationship; an unsuitable translation alone does not reject the headword.","1","4","{""approved"":1}","{""review"":3,""approved"":1}","{""msa"":4}","1","1","1","1","0","0","0","4","0","0","0"
"1180","REASON","السبب","review","approved","approved","Selected general vocabulary. Approval requires at least one approved MSA relationship; an unsuitable translation alone does not reject the headword.","1","2","{""approved"":1}","{""approved"":2}","{""msa"":2}","2","2","1","1","0","0","1","2","0","0","0"
"1181","TOOL","أداة","review","approved","approved","Selected general vocabulary. Approval requires at least one approved MSA relationship; an unsuitable translation alone does not reject the headword.","1","3","{""approved"":1}","{""review"":2,""approved"":1}","{""msa"":3}","1","1","1","1","0","0","0","3","0","0","0"
"1182","BROWSER","المتصفح","review","approved","approved","Selected general vocabulary. Approval requires at least one approved MSA relationship; an unsuitable translation alone does not reject the headword.","1","2","{""approved"":1}","{""approved"":2}","{""msa"":2}","2","2","1","1","0","0","1","2","0","0","0"
"1183","SPRING","الربيع","review","approved","approved","Selected general vocabulary. Approval requires at least one approved MSA relationship; an unsuitable translation alone does not reject the headword.","1","2","{""approved"":1}","{""approved"":2}","{""msa"":2}","2","2","1","1","0","0","1","2","0","2","0"
"1184","FOUNDATION","مؤسسة","review","approved","approved","Selected general vocabulary. Approval requires at least one approved MSA relationship; an unsuitable translation alone does not reject the headword.","1","3","{""approved"":1}","{""review"":1,""approved"":2}","{""msa"":3}","2","2","1","1","0","0","1","3","0","3","0"
"1185","ANSWER","الإجابة","review","approved","approved","Selected general vocabulary. Approval requires at least one approved MSA relationship; an unsuitable translation alone does not reject the headword.","1","5","{""approved"":1}","{""review"":2,""approved"":3}","{""msa"":5}","3","3","1","1","0","0","2","5","0","0","0"
"1186","VOICE","صوت","review","approved","approved","Selected general vocabulary. Approval requires at least one approved MSA relationship; an unsuitable translation alone does not reject the headword.","1","3","{""approved"":1}","{""approved"":2,""review"":1}","{""msa"":2,""uncertain"":1}","2","2","1","1","1","1","1","2","1","0","0"
"1187","FRIENDLY","ودية","review","approved","approved","Selected general vocabulary. Approval requires at least one approved MSA relationship; an unsuitable translation alone does not reject the headword.","1","2","{""approved"":1}","{""approved"":2}","{""msa"":2}","2","2","1","1","0","0","1","2","0","0","0"
"1188","SCHEDULE","الجدول الزمني","review","approved","approved","Selected general vocabulary. Approval requires at least one approved MSA relationship; an unsuitable translation alone does not reject the headword.","1","3","{""approved"":1}","{""approved"":3}","{""msa"":3}","3","3","1","1","0","0","2","3","0","0","1"
"1189","DOCUMENTS","الوثائق","review","approved","approved","Selected general vocabulary. Approval requires at least one approved MSA relationship; an unsuitable translation alone does not reject the headword.","1","4","{""approved"":1}","{""approved"":4}","{""msa"":4}","4","4","1","1","0","0","3","4","0","0","0"
"1190","COMMUNICATION","الاتصالات","review","approved","approved","Selected general vocabulary. Approval requires at least one approved MSA relationship; an unsuitable translation alone does not reject the headword.","1","3","{""approved"":1}","{""approved"":3}","{""msa"":3}","3","3","1","1","0","0","2","3","0","0","0"
"1191","PURPOSE","الغرض","review","approved","approved","Selected general vocabulary. Approval requires at least one approved MSA relationship; an unsuitable translation alone does not reject the headword.","1","3","{""approved"":1}","{""approved"":3}","{""msa"":3}","3","3","1","1","0","0","2","3","0","0","0"
"1192","FEATURE","ميزة","review","approved","approved","Selected general vocabulary. Approval requires at least one approved MSA relationship; an unsuitable translation alone does not reject the headword.","1","3","{""approved"":1}","{""approved"":3}","{""msa"":3}","3","3","1","1","0","0","2","3","0","0","0"
"1193","BED","سرير","review","approved","approved","Selected general vocabulary. Approval requires at least one approved MSA relationship; an unsuitable translation alone does not reject the headword.","1","4","{""approved"":1}","{""approved"":4}","{""msa"":4}","4","4","1","1","0","0","3","4","0","0","0"
"1194","COMES","يأتي","review","approved","approved","Selected general vocabulary. Approval requires at least one approved MSA relationship; an unsuitable translation alone does not reject the headword.","1","2","{""approved"":1}","{""review"":1,""approved"":1}","{""msa"":2}","1","1","1","1","0","0","0","2","0","0","0"
"1195","POLICE","الشرطة","review","approved","approved","Selected general vocabulary. Approval requires at least one approved MSA relationship; an unsuitable translation alone does not reject the headword.","1","4","{""approved"":1}","{""review"":2,""approved"":2}","{""msa"":3,""uncertain"":1}","2","2","1","1","0","0","1","4","0","0","0"
"1196","EVERYONE","الجميع","review","approved","approved","Selected general vocabulary. Approval requires at least one approved MSA relationship; an unsuitable translation alone does not reject the headword.","1","1","{""approved"":1}","{""approved"":1}","{""msa"":1}","1","1","1","1","0","0","0","1","0","0","0"
"1197","INDEPENDENT","مستقلة","review","approved","approved","Selected general vocabulary. Approval requires at least one approved MSA relationship; an unsuitable translation alone does not reject the headword.","1","4","{""approved"":1}","{""approved"":4}","{""msa"":4}","4","4","1","1","0","0","3","4","0","0","0"
"1198","APPROACH","النهج","review","approved","approved","Selected general vocabulary. Approval requires at least one approved MSA relationship; an unsuitable translation alone does not reject the headword.","1","3","{""approved"":1}","{""approved"":3}","{""msa"":3}","3","3","1","1","0","0","2","3","0","3","0"
"1199","CAMERAS","كاميرات","review","approved","approved","Selected general vocabulary. Approval requires at least one approved MSA relationship; an unsuitable translation alone does not reject the headword.","1","2","{""approved"":1}","{""approved"":2}","{""msa"":2}","2","2","1","1","0","0","1","2","0","0","0"
"1200","BROWN","بني","review","approved","approved","Selected general vocabulary. Approval requires at least one approved MSA relationship; an unsuitable translation alone does not reject the headword.","1","5","{""approved"":1}","{""review"":2,""approved"":3}","{""msa"":4,""uncertain"":1}","3","3","1","1","1","1","2","5","0","0","0"
"1201","PHYSICAL","البدنية","review","approved","approved","Selected general vocabulary. Approval requires at least one approved MSA relationship; an unsuitable translation alone does not reject the headword.","1","4","{""approved"":1}","{""approved"":4}","{""msa"":4}","4","4","1","1","0","0","3","4","0","1","0"
"1202","OPERATING","التشغيل","review","approved","approved","Selected general vocabulary. Approval requires at least one approved MSA relationship; an unsuitable translation alone does not reject the headword.","1","1","{""approved"":1}","{""approved"":1}","{""msa"":1}","1","1","1","1","0","0","0","1","0","0","0"
"1203","HILL","تلة","review","approved","approved","Selected general vocabulary. Approval requires at least one approved MSA relationship; an unsuitable translation alone does not reject the headword.","1","4","{""approved"":1}","{""approved"":3,""review"":1}","{""msa"":3,""uncertain"":1}","3","3","1","1","1","1","2","4","0","0","0"
"1204","MAPS","الخرائط","review","approved","approved","Selected general vocabulary. Approval requires at least one approved MSA relationship; an unsuitable translation alone does not reject the headword.","1","2","{""approved"":1}","{""approved"":2}","{""msa"":2}","2","2","1","1","0","0","1","2","0","0","0"
"1205","MEDICINE","الطب","review","approved","approved","Selected general vocabulary. Approval requires at least one approved MSA relationship; an unsuitable translation alone does not reject the headword.","1","4","{""approved"":1}","{""approved"":4}","{""msa"":4}","4","4","2","2","0","0","2","4","0","4","0"
"1206","DEAL","صفقة","review","approved","approved","Selected general vocabulary. Approval requires at least one approved MSA relationship; an unsuitable translation alone does not reject the headword.","1","5","{""approved"":1}","{""approved"":5}","{""msa"":5}","5","5","1","1","0","0","4","5","0","5","0"
"1207","HOLD","عقد","review","approved","approved","Selected general vocabulary. Approval requires at least one approved MSA relationship; an unsuitable translation alone does not reject the headword.","1","1","{""approved"":1}","{""approved"":1}","{""msa"":1}","1","1","0","0","0","0","1","1","0","1","0"
"1208","RATINGS","تقييمات","review","approved","approved","Selected general vocabulary. Approval requires at least one approved MSA relationship; an unsuitable translation alone does not reject the headword.","1","4","{""approved"":1}","{""approved"":3,""review"":1}","{""msa"":4}","3","3","1","1","0","0","2","4","0","0","0"
"1210","FORMS","أشكال","review","approved","approved","Selected general vocabulary. Approval requires at least one approved MSA relationship; an unsuitable translation alone does not reject the headword.","1","3","{""approved"":1}","{""review"":2,""approved"":1}","{""msa"":3}","1","1","1","1","0","0","0","3","0","0","0"
"1211","GLASS","زجاج","review","approved","approved","Selected general vocabulary. Approval requires at least one approved MSA relationship; an unsuitable translation alone does not reject the headword.","1","3","{""approved"":1}","{""approved"":3}","{""msa"":3}","3","3","1","1","0","0","2","3","0","0","0"
"1212","HAPPY","سعيد","review","approved","approved","Selected general vocabulary. Approval requires at least one approved MSA relationship; an unsuitable translation alone does not reject the headword.","1","5","{""approved"":1}","{""review"":3,""approved"":2}","{""msa"":4,""uncertain"":1}","2","2","1","1","1","1","1","5","0","0","0"
"1214","WANTED","مطلوب","review","approved","approved","Selected general vocabulary. Approval requires at least one approved MSA relationship; an unsuitable translation alone does not reject the headword.","1","1","{""approved"":1}","{""approved"":1}","{""msa"":1}","1","1","1","1","0","0","0","1","0","0","0"
"1215","DEVELOPED","المتقدمة","review","approved","approved","Selected general vocabulary. Approval requires at least one approved MSA relationship; an unsuitable translation alone does not reject the headword.","1","2","{""approved"":1}","{""approved"":2}","{""msa"":2}","2","2","0","0","0","0","2","2","0","2","0"
"1216","THANK","شكراً","review","approved","approved","Selected general vocabulary. Approval requires at least one approved MSA relationship; an unsuitable translation alone does not reject the headword.","1","3","{""approved"":1}","{""approved"":1,""review"":2}","{""msa"":3}","1","1","1","1","0","0","0","3","0","0","0"
"1217","SAFE","آمنة","review","approved","approved","Selected general vocabulary. Approval requires at least one approved MSA relationship; an unsuitable translation alone does not reject the headword.","1","3","{""approved"":1}","{""review"":2,""approved"":1}","{""msa"":3}","1","1","1","1","0","0","0","2","1","0","0"
"1218","UNIQUE","فريدة من نوعها","review","approved","approved","Selected general vocabulary. Approval requires at least one approved MSA relationship; an unsuitable translation alone does not reject the headword.","1","4","{""approved"":1}","{""review"":1,""approved"":3}","{""msa"":4}","3","3","1","1","0","0","2","4","0","0","1"
"1219","SURVEY","مسح","review","approved","approved","Selected general vocabulary. Approval requires at least one approved MSA relationship; an unsuitable translation alone does not reject the headword.","1","4","{""approved"":1}","{""approved"":4}","{""msa"":4}","4","4","1","1","0","0","3","4","0","0","0"
"1220","PRIOR","سابقة","review","approved","approved","Selected general vocabulary. Approval requires at least one approved MSA relationship; an unsuitable translation alone does not reject the headword.","1","2","{""approved"":1}","{""approved"":2}","{""msa"":2}","2","2","1","1","0","0","1","2","0","0","0"
"1221","TELEPHONE","الهاتف","review","approved","approved","Selected general vocabulary. Approval requires at least one approved MSA relationship; an unsuitable translation alone does not reject the headword.","1","4","{""approved"":1}","{""approved"":2,""review"":2}","{""msa"":2,""uncertain"":2}","2","2","1","1","0","0","1","4","0","0","0"
"1222","SPORT","الرياضة","review","approved","approved","Selected general vocabulary. Approval requires at least one approved MSA relationship; an unsuitable translation alone does not reject the headword.","1","3","{""approved"":1}","{""approved"":2,""review"":1}","{""msa"":2,""uncertain"":1}","2","2","1","1","1","1","1","3","0","0","0"
"1223","READY","جاهز","review","approved","approved","Selected general vocabulary. Approval requires at least one approved MSA relationship; an unsuitable translation alone does not reject the headword.","1","5","{""approved"":1}","{""approved"":4,""review"":1}","{""msa"":5}","4","4","1","1","0","0","3","5","0","0","0"
"1224","FEED","تغذية","review","approved","approved","Selected general vocabulary. Approval requires at least one approved MSA relationship; an unsuitable translation alone does not reject the headword.","1","1","{""approved"":1}","{""approved"":1}","{""msa"":1}","1","1","1","1","0","0","0","1","0","0","0"
"1225","ANIMAL","حيوان","review","approved","approved","Selected general vocabulary. Approval requires at least one approved MSA relationship; an unsuitable translation alone does not reject the headword.","1","3","{""approved"":1}","{""approved"":3}","{""msa"":3}","3","3","1","1","0","0","2","3","0","0","0"
"1226","SOURCES","مصادر","review","approved","approved","Selected general vocabulary. Approval requires at least one approved MSA relationship; an unsuitable translation alone does not reject the headword.","1","2","{""approved"":1}","{""approved"":2}","{""msa"":2}","2","2","1","1","0","0","1","2","0","0","0"
"1228","POPULATION","السكان","review","approved","approved","Selected general vocabulary. Approval requires at least one approved MSA relationship; an unsuitable translation alone does not reject the headword.","1","1","{""approved"":1}","{""approved"":1}","{""msa"":1}","1","1","1","1","0","0","0","1","0","0","0"
"1229","REGULAR","العادية","review","approved","approved","Selected general vocabulary. Approval requires at least one approved MSA relationship; an unsuitable translation alone does not reject the headword.","1","3","{""approved"":1}","{""approved"":3}","{""msa"":3}","3","3","1","1","0","0","2","3","0","0","0"
"1230","SECURE","آمن","review","approved","approved","Selected general vocabulary. Approval requires at least one approved MSA relationship; an unsuitable translation alone does not reject the headword.","1","1","{""approved"":1}","{""approved"":1}","{""msa"":1}","1","1","1","1","0","0","0","1","0","0","0"
"1231","NAVIGATION","الملاحة","review","approved","approved","Selected general vocabulary. Approval requires at least one approved MSA relationship; an unsuitable translation alone does not reject the headword.","1","1","{""approved"":1}","{""approved"":1}","{""msa"":1}","1","1","1","1","0","0","0","1","0","0","0"
"1232","OPERATIONS","العمليات","review","approved","approved","Selected general vocabulary. Approval requires at least one approved MSA relationship; an unsuitable translation alone does not reject the headword.","1","2","{""approved"":1}","{""approved"":2}","{""msa"":2}","2","2","1","1","0","0","1","2","0","0","0"
"1233","THEREFORE","ولذلك","review","approved","approved","Selected general vocabulary. Approval requires at least one approved MSA relationship; an unsuitable translation alone does not reject the headword.","1","1","{""approved"":1}","{""approved"":1}","{""msa"":1}","1","1","0","0","0","0","1","1","0","0","0"
"1235","SIMPLY","ببساطة","review","approved","approved","Selected general vocabulary. Approval requires at least one approved MSA relationship; an unsuitable translation alone does not reject the headword.","1","2","{""approved"":1}","{""approved"":1,""review"":1}","{""msa"":2}","1","1","1","1","0","0","0","2","0","0","0"
"1236","EVIDENCE","الأدلة","review","approved","approved","Selected general vocabulary. Approval requires at least one approved MSA relationship; an unsuitable translation alone does not reject the headword.","1","5","{""approved"":1}","{""review"":2,""approved"":3}","{""msa"":5}","3","3","1","1","0","0","2","5","0","0","0"
"1238","CHRISTIAN","المسيحيّة","review","approved","approved","Selected general vocabulary. Approval requires at least one approved MSA relationship; an unsuitable translation alone does not reject the headword.","1","4","{""approved"":1}","{""approved"":3,""review"":1}","{""msa"":3,""uncertain"":1}","3","3","1","1","1","1","2","4","0","0","0"
"1239","ROUND","الجولة","review","approved","approved","Selected general vocabulary. Approval requires at least one approved MSA relationship; an unsuitable translation alone does not reject the headword.","1","2","{""approved"":1}","{""approved"":2}","{""msa"":2}","2","2","2","2","0","0","0","2","0","2","0"
"1241","FAVORITE","المفضلة","review","approved","approved","Selected general vocabulary. Approval requires at least one approved MSA relationship; an unsuitable translation alone does not reject the headword.","1","4","{""approved"":1}","{""approved"":4}","{""msa"":4}","4","4","1","1","0","0","3","4","0","0","0"
"1242","UNDERSTAND","فهم","review","approved","approved","Selected general vocabulary. Approval requires at least one approved MSA relationship; an unsuitable translation alone does not reject the headword.","1","4","{""approved"":1}","{""review"":2,""approved"":2}","{""msa"":4}","2","2","1","1","0","0","1","4","0","0","0"
"1243","OPTION","الخيار","review","approved","approved","Selected general vocabulary. Approval requires at least one approved MSA relationship; an unsuitable translation alone does not reject the headword.","1","2","{""approved"":1}","{""approved"":2}","{""msa"":2}","2","2","1","1","0","0","1","2","0","0","0"
"1244","MASTER","سيدي","review","approved","approved","Selected general vocabulary. Approval requires at least one approved MSA relationship; an unsuitable translation alone does not reject the headword.","1","6","{""approved"":1}","{""review"":4,""approved"":2}","{""msa"":5,""uncertain"":1}","2","2","1","1","0","0","1","6","0","2","0"
"1245","VALLEY","وادي","review","approved","approved","Selected general vocabulary. Approval requires at least one approved MSA relationship; an unsuitable translation alone does not reject the headword.","1","4","{""approved"":1}","{""approved"":2,""review"":2}","{""msa"":2,""uncertain"":2}","2","2","1","1","2","2","1","4","0","0","0"
"1246","RECENTLY","مؤخرا","review","approved","approved","Selected general vocabulary. Approval requires at least one approved MSA relationship; an unsuitable translation alone does not reject the headword.","1","1","{""approved"":1}","{""approved"":1}","{""msa"":1}","1","1","1","1","0","0","0","1","0","0","0"
"1247","PROBABLY","ربما","review","approved","approved","Selected general vocabulary. Approval requires at least one approved MSA relationship; an unsuitable translation alone does not reject the headword.","1","1","{""approved"":1}","{""approved"":1}","{""msa"":1}","1","1","0","0","0","0","1","1","0","0","0"
"1249","RENTALS","الإيجارات","review","approved","approved","Selected general vocabulary. Approval requires at least one approved MSA relationship; an unsuitable translation alone does not reject the headword.","1","1","{""approved"":1}","{""approved"":1}","{""msa"":1}","1","1","1","1","0","0","0","1","0","0","0"
"1250","SEA","البحر","review","approved","approved","Selected general vocabulary. Approval requires at least one approved MSA relationship; an unsuitable translation alone does not reject the headword.","1","2","{""approved"":1}","{""approved"":2}","{""msa"":2}","2","2","1","1","0","0","1","2","0","0","0"
"1251","BUILT","بنيت","review","approved","approved","Selected general vocabulary. Approval requires at least one approved MSA relationship; an unsuitable translation alone does not reject the headword.","1","2","{""approved"":1}","{""approved"":2}","{""msa"":2}","2","2","1","1","0","0","1","2","0","0","0"
"1252","PUBLICATIONS","المنشورات","review","approved","approved","Selected general vocabulary. Approval requires at least one approved MSA relationship; an unsuitable translation alone does not reject the headword.","1","3","{""approved"":1}","{""approved"":3}","{""msa"":3}","3","3","1","1","0","0","2","3","0","0","0"
"1254","CUT","قطع","review","approved","approved","Selected general vocabulary. Approval requires at least one approved MSA relationship; an unsuitable translation alone does not reject the headword.","1","2","{""approved"":1}","{""approved"":2}","{""msa"":2}","2","2","1","1","0","0","1","2","0","0","0"
"1255","WORLDWIDE","حول العالم","review","approved","approved","Selected general vocabulary. Approval requires at least one approved MSA relationship; an unsuitable translation alone does not reject the headword.","1","2","{""approved"":1}","{""approved"":2}","{""msa"":2}","2","2","1","1","0","0","1","2","0","0","1"
"1256","IMPROVE","تحسين","review","approved","approved","Selected general vocabulary. Approval requires at least one approved MSA relationship; an unsuitable translation alone does not reject the headword.","1","1","{""approved"":1}","{""approved"":1}","{""msa"":1}","1","1","1","1","0","0","0","1","0","0","0"
"1257","CONNECTION","اتصال","review","approved","approved","Selected general vocabulary. Approval requires at least one approved MSA relationship; an unsuitable translation alone does not reject the headword.","1","2","{""approved"":1}","{""approved"":2}","{""msa"":2}","2","2","1","1","0","0","1","2","0","0","0"
"1258","PUBLISHER","الناشر","review","approved","approved","Selected general vocabulary. Approval requires at least one approved MSA relationship; an unsuitable translation alone does not reject the headword.","1","1","{""approved"":1}","{""approved"":1}","{""msa"":1}","1","1","1","1","0","0","0","1","0","0","0"
"1260","LARGER","أكبر","review","approved","approved","Selected general vocabulary. Approval requires at least one approved MSA relationship; an unsuitable translation alone does not reject the headword.","1","1","{""approved"":1}","{""approved"":1}","{""msa"":1}","1","1","1","1","0","0","0","1","0","0","0"
"1261","ANTI","ضد","review","approved","approved","Selected general vocabulary. Approval requires at least one approved MSA relationship; an unsuitable translation alone does not reject the headword.","1","2","{""approved"":1}","{""approved"":2}","{""msa"":2}","2","2","1","1","0","0","1","2","0","0","0"
"1262","NETWORKS","الشبكات","review","approved","approved","Selected general vocabulary. Approval requires at least one approved MSA relationship; an unsuitable translation alone does not reject the headword.","1","2","{""approved"":1}","{""approved"":2}","{""msa"":2}","2","2","1","1","0","0","1","2","0","0","0"
"1263","EARTH","الأرض","review","approved","approved","Selected general vocabulary. Approval requires at least one approved MSA relationship; an unsuitable translation alone does not reject the headword.","1","2","{""approved"":1}","{""review"":1,""approved"":1}","{""msa"":2}","1","1","1","1","0","0","0","2","0","0","0"
"1264","PARENTS","الآباء والأمهات","review","approved","approved","Selected general vocabulary. Approval requires at least one approved MSA relationship; an unsuitable translation alone does not reject the headword.","1","6","{""approved"":1}","{""review"":3,""approved"":3}","{""msa"":6}","3","3","1","1","0","0","2","6","0","0","1"
"1266","IMPACT","الأثر","review","approved","approved","Selected general vocabulary. Approval requires at least one approved MSA relationship; an unsuitable translation alone does not reject the headword.","1","5","{""approved"":1}","{""review"":3,""approved"":2}","{""msa"":5}","2","2","1","1","0","0","1","5","0","2","0"
"1267","TRANSFER","نقل","review","approved","approved","Selected general vocabulary. Approval requires at least one approved MSA relationship; an unsuitable translation alone does not reject the headword.","1","3","{""approved"":1}","{""approved"":3}","{""msa"":3}","3","3","1","1","0","0","2","3","0","0","0"
"1268","INTRODUCTION","مقدمة","review","approved","approved","Selected general vocabulary. Approval requires at least one approved MSA relationship; an unsuitable translation alone does not reject the headword.","1","2","{""approved"":1}","{""approved"":2}","{""msa"":2}","2","2","1","1","0","0","1","2","0","0","0"
"1269","KITCHEN","مطبخ","review","approved","approved","Selected general vocabulary. Approval requires at least one approved MSA relationship; an unsuitable translation alone does not reject the headword.","1","2","{""approved"":1}","{""approved"":2}","{""msa"":2}","2","2","1","1","0","0","1","2","0","0","0"
"1270","STRONG","قوي","review","approved","approved","Selected general vocabulary. Approval requires at least one approved MSA relationship; an unsuitable translation alone does not reject the headword.","1","4","{""approved"":1}","{""review"":1,""approved"":3}","{""msa"":4}","3","3","1","1","0","0","2","4","0","0","0"
"1273","WEDDING","حفل زفاف","review","approved","approved","Selected general vocabulary. Approval requires at least one approved MSA relationship; an unsuitable translation alone does not reject the headword.","1","5","{""approved"":1}","{""approved"":4,""review"":1}","{""msa"":5}","4","4","1","1","0","0","3","5","0","0","1"
"1274","PROPERTIES","خصائص","review","approved","approved","Selected general vocabulary. Approval requires at least one approved MSA relationship; an unsuitable translation alone does not reject the headword.","1","5","{""approved"":1}","{""approved"":5}","{""msa"":5}","5","5","1","1","0","0","4","5","0","5","0"
"1275","HOSPITAL","مستشفى","review","approved","approved","Selected general vocabulary. Approval requires at least one approved MSA relationship; an unsuitable translation alone does not reject the headword.","1","6","{""approved"":1}","{""approved"":4,""review"":2}","{""msa"":6}","4","4","1","1","0","0","3","6","0","0","0"
"1276","GROUND","الأرض","review","approved","approved","Selected general vocabulary. Approval requires at least one approved MSA relationship; an unsuitable translation alone does not reject the headword.","1","1","{""approved"":1}","{""approved"":1}","{""msa"":1}","1","1","1","1","0","0","0","1","0","0","0"
"1277","OVERVIEW","استعراض عام","review","approved","approved","Selected general vocabulary. Approval requires at least one approved MSA relationship; an unsuitable translation alone does not reject the headword.","1","1","{""approved"":1}","{""approved"":1}","{""msa"":1}","1","1","1","1","0","0","0","1","0","0","1"
"1278","SHIP","السفينة","review","approved","approved","Selected general vocabulary. Approval requires at least one approved MSA relationship; an unsuitable translation alone does not reject the headword.","1","2","{""approved"":1}","{""approved"":2}","{""msa"":2}","2","2","1","1","0","0","1","2","0","0","0"
"1279","ACCOMMODATION","أماكن الإقامة","review","approved","approved","Selected general vocabulary. Approval requires at least one approved MSA relationship; an unsuitable translation alone does not reject the headword.","1","4","{""approved"":1}","{""review"":1,""approved"":3}","{""msa"":4}","3","3","1","1","0","0","2","4","0","0","1"
"1280","OWNERS","المالكون","review","approved","approved","Selected general vocabulary. Approval requires at least one approved MSA relationship; an unsuitable translation alone does not reject the headword.","1","2","{""approved"":1}","{""review"":1,""approved"":1}","{""msa"":2}","1","1","1","1","0","0","0","2","0","0","0"
"1281","DISEASE","مرض","review","approved","approved","Selected general vocabulary. Approval requires at least one approved MSA relationship; an unsuitable translation alone does not reject the headword.","1","4","{""approved"":1}","{""approved"":3,""review"":1}","{""msa"":4}","3","3","1","1","0","0","2","4","0","0","0"
"1282","EXCELLENT","ممتاز","review","approved","approved","Selected general vocabulary. Approval requires at least one approved MSA relationship; an unsuitable translation alone does not reject the headword.","1","2","{""approved"":1}","{""approved"":2}","{""msa"":2}","2","2","1","1","0","0","1","2","0","0","0"
"1283","PAID","المدفوع","review","approved","approved","Selected general vocabulary. Approval requires at least one approved MSA relationship; an unsuitable translation alone does not reject the headword.","1","4","{""approved"":1}","{""approved"":4}","{""msa"":4}","4","4","1","1","0","0","3","4","0","0","0"
"1285","PERFECT","مثالي","review","approved","approved","Selected general vocabulary. Approval requires at least one approved MSA relationship; an unsuitable translation alone does not reject the headword.","1","4","{""approved"":1}","{""approved"":3,""review"":1}","{""msa"":4}","3","3","1","1","0","0","2","4","0","0","0"
"1286","HAIR","الشعر","review","approved","approved","Selected general vocabulary. Approval requires at least one approved MSA relationship; an unsuitable translation alone does not reject the headword.","1","2","{""approved"":1}","{""approved"":2}","{""msa"":2}","2","2","1","1","0","0","1","2","0","0","0"
"1287","OPPORTUNITY","فرصة","review","approved","approved","Selected general vocabulary. Approval requires at least one approved MSA relationship; an unsuitable translation alone does not reject the headword.","1","3","{""approved"":1}","{""approved"":2,""review"":1}","{""msa"":3}","2","2","1","1","0","0","1","3","0","0","0"
"1288","KIT","طقم عدة","review","approved","approved","Selected general vocabulary. Approval requires at least one approved MSA relationship; an unsuitable translation alone does not reject the headword.","1","2","{""approved"":1}","{""approved"":1,""review"":1}","{""msa"":2}","1","1","1","1","0","0","0","2","0","0","1"
"1289","CLASSIC","الكلاسيكية","review","approved","approved","Selected general vocabulary. Approval requires at least one approved MSA relationship; an unsuitable translation alone does not reject the headword.","1","5","{""approved"":1}","{""review"":1,""approved"":4}","{""uncertain"":1,""msa"":4}","4","4","1","1","1","1","3","5","0","0","0"
"1290","BASIS","أساس","review","approved","approved","Selected general vocabulary. Approval requires at least one approved MSA relationship; an unsuitable translation alone does not reject the headword.","1","3","{""approved"":1}","{""review"":2,""approved"":1}","{""msa"":3}","1","1","1","1","0","0","0","3","0","0","0"
"1291","COMMAND","أمر","review","approved","approved","Selected general vocabulary. Approval requires at least one approved MSA relationship; an unsuitable translation alone does not reject the headword.","1","4","{""approved"":1}","{""review"":1,""approved"":3}","{""msa"":4}","3","3","1","1","0","0","2","4","0","3","0"
"1292","CITIES","المدن","review","approved","approved","Selected general vocabulary. Approval requires at least one approved MSA relationship; an unsuitable translation alone does not reject the headword.","1","2","{""approved"":1}","{""approved"":2}","{""msa"":2}","2","2","1","1","0","0","1","2","0","0","0"
"1294","EXPRESS","صريح","review","approved","approved","Selected general vocabulary. Approval requires at least one approved MSA relationship; an unsuitable translation alone does not reject the headword.","1","2","{""approved"":1}","{""review"":1,""approved"":1}","{""msa"":2}","1","1","1","1","0","0","0","2","0","1","0"
"1296","AWARD","قرار التحكيم","review","approved","approved","Selected general vocabulary. Approval requires at least one approved MSA relationship; an unsuitable translation alone does not reject the headword.","1","3","{""approved"":1}","{""approved"":3}","{""msa"":3}","3","3","1","1","0","0","2","3","0","1","1"
"1297","DISTANCE","المسافة","review","approved","approved","Selected general vocabulary. Approval requires at least one approved MSA relationship; an unsuitable translation alone does not reject the headword.","1","3","{""approved"":1}","{""approved"":3}","{""msa"":3}","3","3","1","1","0","0","2","3","0","0","0"
"1298","TREE","شجرة","review","approved","approved","Selected general vocabulary. Approval requires at least one approved MSA relationship; an unsuitable translation alone does not reject the headword.","1","2","{""approved"":1}","{""approved"":2}","{""msa"":2}","2","2","1","1","0","0","1","2","0","0","0"
"1300","ASSESSMENT","التقييم","review","approved","approved","Selected general vocabulary. Approval requires at least one approved MSA relationship; an unsuitable translation alone does not reject the headword.","1","2","{""approved"":1}","{""approved"":2}","{""msa"":2}","2","2","1","1","0","0","1","2","0","0","0"
"1301","ENSURE","ضمان","review","approved","approved","Selected general vocabulary. Approval requires at least one approved MSA relationship; an unsuitable translation alone does not reject the headword.","1","1","{""approved"":1}","{""approved"":1}","{""msa"":1}","1","1","1","1","0","0","0","1","0","0","0"
"1302","THUS","وهكذا","review","approved","approved","Selected general vocabulary. Approval requires at least one approved MSA relationship; an unsuitable translation alone does not reject the headword.","1","1","{""approved"":1}","{""approved"":1}","{""msa"":1}","1","1","0","0","0","0","1","1","0","0","0"
"1303","WALL","جدار","review","approved","approved","Selected general vocabulary. Approval requires at least one approved MSA relationship; an unsuitable translation alone does not reject the headword.","1","5","{""approved"":1}","{""approved"":4,""review"":1}","{""msa"":4,""uncertain"":1}","4","4","1","1","1","1","3","5","0","0","0"
"1304","INVOLVED","المعنية","review","approved","approved","Selected general vocabulary. Approval requires at least one approved MSA relationship; an unsuitable translation alone does not reject the headword.","1","1","{""approved"":1}","{""approved"":1}","{""msa"":1}","1","1","0","0","0","0","1","1","0","0","0"
"1306","EXTRA","إضافية","review","approved","approved","Selected general vocabulary. Approval requires at least one approved MSA relationship; an unsuitable translation alone does not reject the headword.","1","3","{""approved"":1}","{""review"":2,""approved"":1}","{""msa"":3}","1","1","1","1","0","0","0","3","0","0","0"
"1307","ESPECIALLY","خاصة","review","approved","approved","Selected general vocabulary. Approval requires at least one approved MSA relationship; an unsuitable translation alone does not reject the headword.","1","4","{""approved"":1}","{""review"":2,""approved"":2}","{""msa"":4}","2","2","1","1","0","0","1","4","0","0","0"
"1308","INTERFACE","واجهة","review","approved","approved","Selected general vocabulary. Approval requires at least one approved MSA relationship; an unsuitable translation alone does not reject the headword.","1","2","{""approved"":1}","{""approved"":2}","{""msa"":2}","2","2","1","1","0","0","1","2","0","0","0"
"1309","PARTNERS","الشركاء","review","approved","approved","Selected general vocabulary. Approval requires at least one approved MSA relationship; an unsuitable translation alone does not reject the headword.","1","2","{""approved"":1}","{""approved"":2}","{""msa"":2}","2","2","1","1","0","0","1","2","0","0","0"
"1310","BUDGET","الميزانية","review","approved","approved","Selected general vocabulary. Approval requires at least one approved MSA relationship; an unsuitable translation alone does not reject the headword.","1","2","{""approved"":1}","{""approved"":2}","{""msa"":2}","2","2","1","1","0","0","1","2","0","0","0"
"1311","RATED","التصنيف","review","review","review","Selected general vocabulary. Approval requires at least one approved MSA relationship; an unsuitable translation alone does not reject the headword.","1","1","{""review"":1}","{""review"":1}","{""msa"":1}","0","0","0","0","0","0","0","1","0","0","0"
"1312","GUIDES","الأدلة الإرشادية","review","approved","approved","Selected general vocabulary. Approval requires at least one approved MSA relationship; an unsuitable translation alone does not reject the headword.","1","1","{""approved"":1}","{""approved"":1}","{""msa"":1}","1","1","1","1","0","0","0","1","0","0","1"
"1313","SUCCESS","النجاح","review","approved","approved","Selected general vocabulary. Approval requires at least one approved MSA relationship; an unsuitable translation alone does not reject the headword.","1","4","{""approved"":1}","{""review"":1,""approved"":3}","{""msa"":4}","3","3","1","1","1","1","2","3","1","0","0"
"1314","MAXIMUM","الحد الأقصى","review","approved","approved","Selected general vocabulary. Approval requires at least one approved MSA relationship; an unsuitable translation alone does not reject the headword.","1","2","{""approved"":1}","{""review"":1,""approved"":1}","{""msa"":2}","1","1","1","1","0","0","0","2","0","0","1"
"1316","OPERATION","عملية التشغيل","review","approved","approved","Selected general vocabulary. Approval requires at least one approved MSA relationship; an unsuitable translation alone does not reject the headword.","1","4","{""approved"":1}","{""approved"":3,""review"":1}","{""msa"":4}","3","3","1","1","0","0","2","4","0","1","1"
"1317","EXISTING","القائمة","review","approved","approved","Selected general vocabulary. Approval requires at least one approved MSA relationship; an unsuitable translation alone does not reject the headword.","1","3","{""approved"":1}","{""approved"":3}","{""msa"":3}","3","3","1","1","0","0","2","3","0","0","0"
"1318","QUITE","تماماً","review","approved","approved","Selected general vocabulary. Approval requires at least one approved MSA relationship; an unsuitable translation alone does not reject the headword.","1","1","{""approved"":1}","{""approved"":1}","{""msa"":1}","1","1","1","1","0","0","0","1","0","0","0"
"1319","SELECTED","مختارات","review","approved","approved","Selected general vocabulary. Approval requires at least one approved MSA relationship; an unsuitable translation alone does not reject the headword.","1","5","{""approved"":1}","{""approved"":4,""review"":1}","{""msa"":5}","4","4","1","1","0","0","3","5","0","0","0"
"1320","BOY","صبي","review","approved","approved","Selected general vocabulary. Approval requires at least one approved MSA relationship; an unsuitable translation alone does not reject the headword.","1","5","{""approved"":1}","{""approved"":4,""review"":1}","{""msa"":4,""uncertain"":1}","4","4","1","1","1","1","3","5","0","0","0"
"1322","PATIENTS","المرضى","review","approved","approved","Selected general vocabulary. Approval requires at least one approved MSA relationship; an unsuitable translation alone does not reject the headword.","1","2","{""approved"":1}","{""approved"":2}","{""msa"":2}","2","2","1","1","0","0","1","2","0","0","0"
"1323","RESTAURANTS","مطاعم","review","approved","approved","Selected general vocabulary. Approval requires at least one approved MSA relationship; an unsuitable translation alone does not reject the headword.","1","2","{""approved"":1}","{""approved"":2}","{""msa"":2}","2","2","1","1","0","0","1","2","0","0","0"
"1324","BEAUTIFUL","جميلة","review","approved","approved","Selected general vocabulary. Approval requires at least one approved MSA relationship; an unsuitable translation alone does not reject the headword.","1","3","{""approved"":1}","{""approved"":2,""review"":1}","{""msa"":3}","2","2","1","1","0","0","1","3","0","0","0"
"1325","WARNING","تحذير","review","approved","approved","Selected general vocabulary. Approval requires at least one approved MSA relationship; an unsuitable translation alone does not reject the headword.","1","2","{""approved"":1}","{""approved"":2}","{""msa"":2}","2","2","1","1","0","0","1","2","0","0","0"
"1326","WINE","نبيذ","review","approved","approved","Selected general vocabulary. Approval requires at least one approved MSA relationship; an unsuitable translation alone does not reject the headword.","1","2","{""approved"":1}","{""approved"":2}","{""msa"":2}","2","2","1","1","0","0","1","2","0","0","0"
"1327","LOCATIONS","المواقع","review","approved","approved","Selected general vocabulary. Approval requires at least one approved MSA relationship; an unsuitable translation alone does not reject the headword.","1","2","{""approved"":1}","{""approved"":2}","{""msa"":2}","2","2","1","1","0","0","1","2","0","0","0"
"1328","HORSE","حصان","review","approved","approved","Selected general vocabulary. Approval requires at least one approved MSA relationship; an unsuitable translation alone does not reject the headword.","1","3","{""approved"":1}","{""approved"":2,""review"":1}","{""msa"":3}","2","2","1","1","0","0","1","3","0","0","0"
"1329","VOTE","التصويت","review","approved","approved","Selected general vocabulary. Approval requires at least one approved MSA relationship; an unsuitable translation alone does not reject the headword.","1","3","{""approved"":1}","{""approved"":3}","{""msa"":3}","3","3","1","1","0","0","2","3","0","0","0"
"1330","FORWARD","إلى الأمام","review","approved","approved","Selected general vocabulary. Approval requires at least one approved MSA relationship; an unsuitable translation alone does not reject the headword.","1","3","{""approved"":1}","{""review"":2,""approved"":1}","{""msa"":3}","1","1","1","1","0","0","0","3","0","0","1"
"1331","FLOWERS","الزهور","review","approved","approved","Selected general vocabulary. Approval requires at least one approved MSA relationship; an unsuitable translation alone does not reject the headword.","1","4","{""approved"":1}","{""approved"":2,""review"":2}","{""msa"":4}","2","2","1","1","0","0","1","4","0","0","0"
"1332","STARS","نجوم","review","approved","approved","Selected general vocabulary. Approval requires at least one approved MSA relationship; an unsuitable translation alone does not reject the headword.","1","2","{""approved"":1}","{""approved"":2}","{""msa"":2}","2","2","1","1","0","0","1","2","0","0","0"
"1333","SIGNIFICANT","هام","review","approved","approved","Selected general vocabulary. Approval requires at least one approved MSA relationship; an unsuitable translation alone does not reject the headword.","1","1","{""approved"":1}","{""approved"":1}","{""msa"":1}","1","1","1","1","0","0","0","1","0","0","0"
"1334","LISTS","قوائم","review","approved","approved","Selected general vocabulary. Approval requires at least one approved MSA relationship; an unsuitable translation alone does not reject the headword.","1","2","{""approved"":1}","{""approved"":2}","{""msa"":2}","2","2","1","1","0","0","1","2","0","0","0"
"1335","TECHNOLOGIES","التكنولوجيات","review","approved","approved","Selected general vocabulary. Approval requires at least one approved MSA relationship; an unsuitable translation alone does not reject the headword.","1","2","{""approved"":1}","{""approved"":2}","{""msa"":2}","2","2","1","1","0","0","1","2","0","0","0"
"1336","OWNER","المالك","review","approved","approved","Selected general vocabulary. Approval requires at least one approved MSA relationship; an unsuitable translation alone does not reject the headword.","1","3","{""approved"":1}","{""approved"":3}","{""msa"":3}","3","3","1","1","0","0","2","3","0","0","0"
"1337","RETAIL","التجزئة","review","approved","approved","Selected general vocabulary. Approval requires at least one approved MSA relationship; an unsuitable translation alone does not reject the headword.","1","2","{""approved"":1}","{""approved"":2}","{""msa"":2}","2","2","1","1","0","0","1","2","0","0","0"
"1338","ANIMALS","الحيوانات","review","approved","approved","Selected general vocabulary. Approval requires at least one approved MSA relationship; an unsuitable translation alone does not reject the headword.","1","2","{""approved"":1}","{""approved"":2}","{""msa"":2}","2","2","1","1","0","0","1","2","0","0","0"
"1339","USEFUL","مفيدة","review","approved","approved","Selected general vocabulary. Approval requires at least one approved MSA relationship; an unsuitable translation alone does not reject the headword.","1","3","{""approved"":1}","{""approved"":3}","{""msa"":3}","3","3","1","1","0","0","2","3","0","0","0"
"1340","DIRECTLY","مباشرة","review","approved","approved","Selected general vocabulary. Approval requires at least one approved MSA relationship; an unsuitable translation alone does not reject the headword.","1","1","{""approved"":1}","{""approved"":1}","{""msa"":1}","1","1","1","1","0","0","0","1","0","0","0"
"1341","MANUFACTURER","الصانع","review","approved","approved","Selected general vocabulary. Approval requires at least one approved MSA relationship; an unsuitable translation alone does not reject the headword.","1","3","{""approved"":1}","{""approved"":2,""review"":1}","{""msa"":3}","2","2","0","0","0","0","2","2","1","0","0"
"1342","WAYS","طرق","review","approved","approved","Selected general vocabulary. Approval requires at least one approved MSA relationship; an unsuitable translation alone does not reject the headword.","1","3","{""approved"":1}","{""approved"":3}","{""msa"":3}","3","3","1","1","0","0","2","3","0","0","0"
"1344","SON","إبني","review","approved","approved","Selected general vocabulary. Approval requires at least one approved MSA relationship; an unsuitable translation alone does not reject the headword.","1","4","{""approved"":1}","{""approved"":2,""review"":2}","{""msa"":4}","2","2","1","1","0","0","1","4","0","0","0"
"1345","PROVIDING","توفير","review","approved","approved","Selected general vocabulary. Approval requires at least one approved MSA relationship; an unsuitable translation alone does not reject the headword.","1","1","{""approved"":1}","{""approved"":1}","{""msa"":1}","1","1","1","1","0","0","0","1","0","0","0"
"1346","RULE","القاعدة","review","approved","approved","Selected general vocabulary. Approval requires at least one approved MSA relationship; an unsuitable translation alone does not reject the headword.","1","2","{""approved"":1}","{""approved"":2}","{""msa"":2}","2","2","1","1","0","0","1","2","0","0","0"
"1348","HOUSING","الإسكان","review","approved","approved","Selected general vocabulary. Approval requires at least one approved MSA relationship; an unsuitable translation alone does not reject the headword.","1","7","{""approved"":1}","{""review"":2,""approved"":5}","{""msa"":7}","5","5","1","1","0","0","4","7","0","0","0"
"1349","TAKES","يأخذ","review","approved","approved","Selected general vocabulary. Approval requires at least one approved MSA relationship; an unsuitable translation alone does not reject the headword.","1","3","{""approved"":1}","{""review"":1,""approved"":2}","{""msa"":3}","2","2","1","1","0","0","1","3","0","1","0"
"1351","BRING","أحضر","review","approved","approved","Selected general vocabulary. Approval requires at least one approved MSA relationship; an unsuitable translation alone does not reject the headword.","1","4","{""approved"":1}","{""review"":2,""approved"":2}","{""msa"":4}","2","2","1","1","0","0","1","4","0","0","0"
"1352","CATALOG","كتالوج","review","approved","approved","Selected general vocabulary. Approval requires at least one approved MSA relationship; an unsuitable translation alone does not reject the headword.","1","2","{""approved"":1}","{""approved"":1,""review"":1}","{""msa"":1,""uncertain"":1}","1","1","1","1","0","0","0","2","0","0","0"
"1353","SEARCHES","عمليات البحث","review","approved","approved","Selected general vocabulary. Approval requires at least one approved MSA relationship; an unsuitable translation alone does not reject the headword.","1","1","{""approved"":1}","{""approved"":1}","{""msa"":1}","1","1","1","1","0","0","0","1","0","0","1"
"1355","TRYING","محاولة","review","approved","approved","Selected general vocabulary. Approval requires at least one approved MSA relationship; an unsuitable translation alone does not reject the headword.","1","3","{""approved"":1}","{""approved"":2,""review"":1}","{""msa"":3}","2","2","1","1","0","0","1","3","0","0","0"
"1356","MOTHER","الأم","review","approved","approved","Selected general vocabulary. Approval requires at least one approved MSA relationship; an unsuitable translation alone does not reject the headword.","1","3","{""approved"":1}","{""review"":2,""approved"":1}","{""msa"":3}","1","1","1","1","0","0","0","3","0","0","0"
"1357","AUTHORITY","السلطة","review","approved","approved","Selected general vocabulary. Approval requires at least one approved MSA relationship; an unsuitable translation alone does not reject the headword.","1","1","{""approved"":1}","{""approved"":1}","{""msa"":1}","1","1","1","1","0","0","0","1","0","0","0"
"1358","CONSIDERED","نظر فيها","review","approved","approved","Selected general vocabulary. Approval requires at least one approved MSA relationship; an unsuitable translation alone does not reject the headword.","1","2","{""approved"":1}","{""approved"":1,""review"":1}","{""msa"":2}","1","1","0","0","0","0","1","2","0","0","1"
"1359","TOLD","قال","review","review","review","Selected general vocabulary. Approval requires at least one approved MSA relationship; an unsuitable translation alone does not reject the headword.","1","2","{""review"":1}","{""review"":2}","{""msa"":2}","0","0","0","0","0","0","0","2","0","0","0"
"1360","TRAFFIC","حركة المرور","review","approved","approved","Selected general vocabulary. Approval requires at least one approved MSA relationship; an unsuitable translation alone does not reject the headword.","1","2","{""approved"":1}","{""approved"":2}","{""msa"":2}","2","2","1","1","0","0","1","2","0","0","1"
"1361","PROGRAMME","البرنامج","review","approved","approved","Selected general vocabulary. Approval requires at least one approved MSA relationship; an unsuitable translation alone does not reject the headword.","1","2","{""approved"":1}","{""approved"":2}","{""msa"":2}","2","2","1","1","0","0","1","2","0","0","0"
"1362","JOINED","انضم","review","approved","approved","Selected general vocabulary. Approval requires at least one approved MSA relationship; an unsuitable translation alone does not reject the headword.","1","2","{""approved"":1}","{""approved"":2}","{""msa"":2}","2","2","1","1","0","0","1","2","0","0","0"
"1363","INPUT","المدخلات","review","approved","approved","Selected general vocabulary. Approval requires at least one approved MSA relationship; an unsuitable translation alone does not reject the headword.","1","4","{""approved"":1}","{""review"":1,""approved"":3}","{""msa"":4}","3","3","1","1","0","0","2","4","0","1","0"
"1364","STRATEGY","الاستراتيجية","review","approved","approved","Selected general vocabulary. Approval requires at least one approved MSA relationship; an unsuitable translation alone does not reject the headword.","1","2","{""approved"":1}","{""approved"":2}","{""msa"":2}","2","2","1","1","0","0","1","2","0","0","0"
"1365","FEET","أقدام","review","approved","approved","Selected general vocabulary. Approval requires at least one approved MSA relationship; an unsuitable translation alone does not reject the headword.","1","6","{""approved"":1}","{""review"":5,""approved"":1}","{""msa"":6}","1","1","1","1","0","0","0","6","0","0","0"
"1366","AGENT","وكيل","review","approved","approved","Selected general vocabulary. Approval requires at least one approved MSA relationship; an unsuitable translation alone does not reject the headword.","1","5","{""approved"":1}","{""approved"":5}","{""msa"":5}","5","5","1","1","0","0","4","5","0","5","0"
"1367","VALID","صالح","review","approved","approved","Selected general vocabulary. Approval requires at least one approved MSA relationship; an unsuitable translation alone does not reject the headword.","1","3","{""approved"":1}","{""approved"":3}","{""msa"":3}","3","3","1","1","0","0","2","3","0","0","0"
"1369","MODERN","الحديثة","review","approved","approved","Selected general vocabulary. Approval requires at least one approved MSA relationship; an unsuitable translation alone does not reject the headword.","1","2","{""approved"":1}","{""approved"":2}","{""msa"":2}","2","2","1","1","0","0","1","2","0","0","0"
"1370","SENIOR","كبار","review","review","review","Selected general vocabulary. Approval requires at least one approved MSA relationship; an unsuitable translation alone does not reject the headword.","1","2","{""review"":1}","{""review"":2}","{""msa"":2}","0","0","0","0","0","0","0","1","1","0","0"
"1373","TEACHING","التدريس","review","approved","approved","Selected general vocabulary. Approval requires at least one approved MSA relationship; an unsuitable translation alone does not reject the headword.","1","3","{""approved"":1}","{""approved"":3}","{""msa"":3}","3","3","1","1","0","0","2","3","0","0","0"
"1374","DOOR","باب","review","approved","approved","Selected general vocabulary. Approval requires at least one approved MSA relationship; an unsuitable translation alone does not reject the headword.","1","2","{""approved"":1}","{""approved"":2}","{""msa"":2}","2","2","1","1","0","0","1","2","0","0","0"
"1376","TESTING","اختبار الاختبار","review","approved","approved","Selected general vocabulary. Approval requires at least one approved MSA relationship; an unsuitable translation alone does not reject the headword.","1","3","{""approved"":1}","{""approved"":2,""review"":1}","{""msa"":3}","2","2","1","1","1","1","1","3","0","0","1"
"1377","TRIAL","المحاكمة","review","approved","approved","Selected general vocabulary. Approval requires at least one approved MSA relationship; an unsuitable translation alone does not reject the headword.","1","3","{""approved"":1}","{""approved"":2,""review"":1}","{""msa"":3}","2","2","1","1","0","0","1","3","0","0","0"
"1378","CHARGE","تهمة","review","approved","approved","Selected general vocabulary. Approval requires at least one approved MSA relationship; an unsuitable translation alone does not reject the headword.","1","2","{""approved"":1}","{""approved"":2}","{""msa"":2}","2","2","1","1","0","0","1","2","0","2","0"
"1379","UNITS","الوحدات","review","approved","approved","Selected general vocabulary. Approval requires at least one approved MSA relationship; an unsuitable translation alone does not reject the headword.","1","2","{""approved"":1}","{""approved"":2}","{""msa"":2}","2","2","1","1","0","0","1","2","0","0","0"
"1380","INSTEAD","بدلا من ذلك","review","approved","approved","Selected general vocabulary. Approval requires at least one approved MSA relationship; an unsuitable translation alone does not reject the headword.","1","1","{""approved"":1}","{""approved"":1}","{""msa"":1}","1","1","1","1","0","0","0","1","0","0","1"
"1381","CANADIAN","الكنديّة","review","approved","approved","Selected general vocabulary. Approval requires at least one approved MSA relationship; an unsuitable translation alone does not reject the headword.","1","4","{""approved"":1}","{""approved"":4}","{""msa"":4}","4","4","1","1","0","0","3","4","0","0","0"
"1382","COOL","بارد","review","approved","approved","Selected general vocabulary. Approval requires at least one approved MSA relationship; an unsuitable translation alone does not reject the headword.","1","1","{""approved"":1}","{""approved"":1}","{""msa"":1}","1","1","1","1","0","0","0","1","0","0","0"
"1383","NORMAL","عادي","review","approved","approved","Selected general vocabulary. Approval requires at least one approved MSA relationship; an unsuitable translation alone does not reject the headword.","1","2","{""approved"":1}","{""approved"":2}","{""msa"":2}","2","2","1","1","0","0","1","2","0","0","0"
"1384","WROTE","كتب","review","approved","approved","Selected general vocabulary. Approval requires at least one approved MSA relationship; an unsuitable translation alone does not reject the headword.","1","2","{""approved"":1}","{""approved"":2}","{""msa"":2}","2","2","1","1","0","0","1","2","0","0","0"
"1385","ENTERPRISE","المؤسسة","review","approved","approved","Selected general vocabulary. Approval requires at least one approved MSA relationship; an unsuitable translation alone does not reject the headword.","1","1","{""approved"":1}","{""approved"":1}","{""msa"":1}","1","1","1","1","0","0","0","1","0","0","0"
"1386","SHIPS","السفن","review","approved","approved","Selected general vocabulary. Approval requires at least one approved MSA relationship; an unsuitable translation alone does not reject the headword.","1","2","{""approved"":1}","{""approved"":2}","{""msa"":2}","2","2","1","1","0","0","1","2","0","0","0"
"1387","ENTIRE","كامل","review","approved","approved","Selected general vocabulary. Approval requires at least one approved MSA relationship; an unsuitable translation alone does not reject the headword.","1","1","{""approved"":1}","{""approved"":1}","{""msa"":1}","1","1","1","1","0","0","0","1","0","0","0"
"1388","EDUCATIONAL","التعليمية","review","approved","approved","Selected general vocabulary. Approval requires at least one approved MSA relationship; an unsuitable translation alone does not reject the headword.","1","3","{""approved"":1}","{""approved"":3}","{""msa"":3}","3","3","1","1","0","0","2","3","0","0","0"
"1389","LEADING","الرائدة","review","approved","approved","Selected general vocabulary. Approval requires at least one approved MSA relationship; an unsuitable translation alone does not reject the headword.","1","1","{""approved"":1}","{""approved"":1}","{""msa"":1}","1","1","1","1","0","0","0","1","0","0","0"
"1390","METAL","معدن","review","approved","approved","Selected general vocabulary. Approval requires at least one approved MSA relationship; an unsuitable translation alone does not reject the headword.","1","5","{""approved"":1}","{""approved"":3,""review"":2}","{""msa"":5}","3","3","1","1","0","0","2","5","0","0","0"
"1391","POSITIVE","إيجابي","review","approved","approved","Selected general vocabulary. Approval requires at least one approved MSA relationship; an unsuitable translation alone does not reject the headword.","1","6","{""approved"":1}","{""review"":4,""approved"":2}","{""msa"":6}","2","2","1","1","0","0","1","6","0","0","0"
"1392","FITNESS","اللياقة البدنية","review","approved","approved","Selected general vocabulary. Approval requires at least one approved MSA relationship; an unsuitable translation alone does not reject the headword.","1","4","{""approved"":1}","{""approved"":3,""review"":1}","{""msa"":4}","3","3","1","1","0","0","2","4","0","0","1"
"1394","OPINION","الرأي","review","approved","approved","Selected general vocabulary. Approval requires at least one approved MSA relationship; an unsuitable translation alone does not reject the headword.","1","2","{""approved"":1}","{""review"":1,""approved"":1}","{""msa"":2}","1","1","1","1","0","0","0","2","0","0","0"
"1396","FOOTBALL","كرة القدم","review","approved","approved","Selected general vocabulary. Approval requires at least one approved MSA relationship; an unsuitable translation alone does not reject the headword.","1","1","{""approved"":1}","{""approved"":1}","{""msa"":1}","1","1","1","1","0","0","0","1","0","0","1"
"1397","ABSTRACT","مجردة","review","approved","approved","Selected general vocabulary. Approval requires at least one approved MSA relationship; an unsuitable translation alone does not reject the headword.","1","3","{""approved"":1}","{""approved"":3}","{""msa"":3}","3","3","2","2","0","0","1","3","0","3","0"
"1398","USES","الاستخدامات","review","approved","approved","Selected general vocabulary. Approval requires at least one approved MSA relationship; an unsuitable translation alone does not reject the headword.","1","2","{""approved"":1}","{""approved"":2}","{""msa"":2}","2","2","1","1","0","0","1","2","0","0","0"
"1399","OUTPUT","الإخراج","review","approved","approved","Selected general vocabulary. Approval requires at least one approved MSA relationship; an unsuitable translation alone does not reject the headword.","1","5","{""approved"":1}","{""approved"":3,""review"":2}","{""msa"":5}","3","3","1","1","0","0","2","5","0","0","0"
"1400","FUNDS","الأموال","review","approved","approved","Selected general vocabulary. Approval requires at least one approved MSA relationship; an unsuitable translation alone does not reject the headword.","1","1","{""approved"":1}","{""approved"":1}","{""msa"":1}","1","1","1","1","0","0","0","1","0","0","0"
"1401","GREATER","أكبر","review","approved","approved","Selected general vocabulary. Approval requires at least one approved MSA relationship; an unsuitable translation alone does not reject the headword.","1","2","{""approved"":1}","{""review"":1,""approved"":1}","{""msa"":2}","1","1","1","1","0","0","0","2","0","0","0"
"1402","LIKELY","محتمل","review","approved","approved","Selected general vocabulary. Approval requires at least one approved MSA relationship; an unsuitable translation alone does not reject the headword.","1","1","{""approved"":1}","{""approved"":1}","{""msa"":1}","1","1","1","1","0","0","0","1","0","0","0"
"1403","DEVELOP","تطوير","review","approved","approved","Selected general vocabulary. Approval requires at least one approved MSA relationship; an unsuitable translation alone does not reject the headword.","1","1","{""approved"":1}","{""approved"":1}","{""msa"":1}","1","1","1","1","0","0","0","1","0","0","0"
"1404","EMPLOYEES","الموظفون","review","approved","approved","Selected general vocabulary. Approval requires at least one approved MSA relationship; an unsuitable translation alone does not reject the headword.","1","4","{""approved"":1}","{""approved"":4}","{""msa"":4}","4","4","1","1","0","0","3","4","0","0","0"
"1405","ARTISTS","الفنانون","review","approved","approved","Selected general vocabulary. Approval requires at least one approved MSA relationship; an unsuitable translation alone does not reject the headword.","1","3","{""approved"":1}","{""review"":1,""approved"":2}","{""msa"":3}","2","2","1","1","0","0","1","3","0","0","0"
"1406","ALTERNATIVE","البديل","review","approved","approved","Selected general vocabulary. Approval requires at least one approved MSA relationship; an unsuitable translation alone does not reject the headword.","1","3","{""approved"":1}","{""approved"":3}","{""msa"":3}","3","3","1","1","0","0","2","3","0","0","0"
"1407","PROCESSING","تجهيز","review","approved","approved","Selected general vocabulary. Approval requires at least one approved MSA relationship; an unsuitable translation alone does not reject the headword.","1","4","{""approved"":1}","{""approved"":4}","{""msa"":4}","4","4","1","1","0","0","3","4","0","0","0"
"1408","RESPONSIBILITY","المسؤولية","review","approved","approved","Selected general vocabulary. Approval requires at least one approved MSA relationship; an unsuitable translation alone does not reject the headword.","1","2","{""approved"":1}","{""approved"":2}","{""msa"":2}","2","2","1","1","0","0","1","2","0","0","0"
"1409","RESOLUTION","القرار","review","approved","approved","Selected general vocabulary. Approval requires at least one approved MSA relationship; an unsuitable translation alone does not reject the headword.","1","2","{""approved"":1}","{""approved"":2}","{""msa"":2}","2","2","1","1","0","0","1","2","0","2","0"
"1411","GUEST","ضيف","review","approved","approved","Selected general vocabulary. Approval requires at least one approved MSA relationship; an unsuitable translation alone does not reject the headword.","1","3","{""approved"":1}","{""approved"":3}","{""msa"":3}","3","3","1","1","0","0","2","3","0","0","0"
"1412","SEEMS","يبدو","review","approved","approved","Selected general vocabulary. Approval requires at least one approved MSA relationship; an unsuitable translation alone does not reject the headword.","1","1","{""approved"":1}","{""approved"":1}","{""msa"":1}","1","1","1","1","0","0","0","1","0","0","0"
"1413","PUBLICATION","منشور","review","approved","approved","Selected general vocabulary. Approval requires at least one approved MSA relationship; an unsuitable translation alone does not reject the headword.","1","2","{""approved"":1}","{""approved"":2}","{""msa"":2}","2","2","1","1","0","0","1","2","0","2","0"
"1414","PASS","تمريرة","review","approved","approved","Selected general vocabulary. Approval requires at least one approved MSA relationship; an unsuitable translation alone does not reject the headword.","1","3","{""approved"":1}","{""approved"":3}","{""msa"":3}","3","3","2","2","0","0","1","3","0","3","0"
"1415","RELATIONS","العلاقات","review","approved","approved","Selected general vocabulary. Approval requires at least one approved MSA relationship; an unsuitable translation alone does not reject the headword.","1","2","{""approved"":1}","{""approved"":2}","{""msa"":2}","2","2","1","1","0","0","1","2","0","0","0"
"1416","TRUST","الثقة","review","approved","approved","Selected general vocabulary. Approval requires at least one approved MSA relationship; an unsuitable translation alone does not reject the headword.","1","2","{""approved"":1}","{""approved"":2}","{""msa"":2}","2","2","1","1","0","0","1","2","0","0","0"
"1417","VAN","فان","review","review","review","Selected general vocabulary. Approval requires at least one approved MSA relationship; an unsuitable translation alone does not reject the headword.","1","2","{""review"":1}","{""review"":2}","{""uncertain"":2}","0","0","0","0","0","0","0","2","0","0","0"
"1418","CONTAINS","يحتوي على","review","approved","approved","Selected general vocabulary. Approval requires at least one approved MSA relationship; an unsuitable translation alone does not reject the headword.","1","4","{""approved"":1}","{""approved"":4}","{""msa"":4}","4","4","1","1","0","0","3","4","0","0","1"
"1419","SESSION","الدورة الثانية","review","approved","approved","Selected general vocabulary. Approval requires at least one approved MSA relationship; an unsuitable translation alone does not reject the headword.","1","4","{""approved"":1}","{""approved"":3,""rejected"":1}","{""msa"":4}","3","3","1","1","1","1","2","4","0","0","1"
"1421","PHOTOGRAPHY","التصوير الفوتوغرافي","review","approved","approved","Selected general vocabulary. Approval requires at least one approved MSA relationship; an unsuitable translation alone does not reject the headword.","1","3","{""approved"":1}","{""approved"":3}","{""msa"":3}","3","3","1","1","0","0","2","3","0","0","1"
"1422","REPUBLIC","الجمهورية","review","approved","approved","Selected general vocabulary. Approval requires at least one approved MSA relationship; an unsuitable translation alone does not reject the headword.","1","2","{""approved"":1}","{""approved"":2}","{""msa"":2}","2","2","1","1","0","0","1","2","0","0","0"
"1423","FEES","رسوم","review","approved","approved","Selected general vocabulary. Approval requires at least one approved MSA relationship; an unsuitable translation alone does not reject the headword.","1","2","{""approved"":1}","{""approved"":2}","{""msa"":2}","2","2","1","1","0","0","1","2","0","0","0"
"1424","COMPONENTS","المكونات","review","approved","approved","Selected general vocabulary. Approval requires at least one approved MSA relationship; an unsuitable translation alone does not reject the headword.","1","4","{""approved"":1}","{""approved"":4}","{""msa"":4}","4","4","1","1","0","0","3","4","0","0","0"
"1425","VACATION","الإجازة","review","approved","approved","Selected general vocabulary. Approval requires at least one approved MSA relationship; an unsuitable translation alone does not reject the headword.","1","6","{""approved"":1}","{""review"":3,""approved"":3}","{""msa"":6}","3","3","1","1","0","0","2","6","0","0","0"
"1426","CENTURY","القرن","review","approved","approved","Selected general vocabulary. Approval requires at least one approved MSA relationship; an unsuitable translation alone does not reject the headword.","1","2","{""approved"":1}","{""approved"":2}","{""msa"":2}","2","2","1","1","0","0","1","2","0","0","0"
"1427","ACADEMIC","أكاديمي","review","approved","approved","Selected general vocabulary. Approval requires at least one approved MSA relationship; an unsuitable translation alone does not reject the headword.","1","5","{""approved"":1}","{""review"":4,""approved"":1}","{""msa"":5}","1","1","1","1","0","0","0","5","0","0","0"
"1428","ASSISTANCE","المساعدة","review","approved","approved","Selected general vocabulary. Approval requires at least one approved MSA relationship; an unsuitable translation alone does not reject the headword.","1","2","{""approved"":1}","{""approved"":2}","{""msa"":2}","2","2","1","1","0","0","1","2","0","0","0"
"1429","COMPLETED","اكتمل","review","approved","approved","Selected general vocabulary. Approval requires at least one approved MSA relationship; an unsuitable translation alone does not reject the headword.","1","3","{""approved"":1}","{""approved"":2,""review"":1}","{""msa"":3}","2","2","1","1","0","0","1","3","0","0","0"
"1430","SKIN","الجلد","review","approved","approved","Selected general vocabulary. Approval requires at least one approved MSA relationship; an unsuitable translation alone does not reject the headword.","1","4","{""approved"":1}","{""approved"":4}","{""msa"":4}","4","4","1","1","0","0","3","4","0","0","0"
"1431","GRAPHICS","الرسومات","review","approved","approved","Selected general vocabulary. Approval requires at least one approved MSA relationship; an unsuitable translation alone does not reject the headword.","1","2","{""approved"":1}","{""approved"":2}","{""msa"":2}","2","2","1","1","0","0","1","2","0","0","0"
"1436","EXPECTED","المتوقع","review","approved","approved","Selected general vocabulary. Approval requires at least one approved MSA relationship; an unsuitable translation alone does not reject the headword.","1","4","{""approved"":1}","{""approved"":4}","{""msa"":4}","4","4","1","1","0","0","3","4","0","0","0"
"1437","RING","خاتم","review","approved","approved","Selected general vocabulary. Approval requires at least one approved MSA relationship; an unsuitable translation alone does not reject the headword.","1","2","{""approved"":1}","{""approved"":2}","{""msa"":2}","2","2","1","1","0","0","1","2","0","0","0"
"1438","GRADE","الصف","review","approved","approved","Selected general vocabulary. Approval requires at least one approved MSA relationship; an unsuitable translation alone does not reject the headword.","1","1","{""approved"":1}","{""approved"":1}","{""msa"":1}","1","1","1","1","0","0","0","1","0","1","0"
"1439","DATING","التي يرجع تاريخها","review","approved","approved","Selected general vocabulary. Approval requires at least one approved MSA relationship; an unsuitable translation alone does not reject the headword.","1","4","{""approved"":1}","{""approved"":3,""review"":1}","{""msa"":4}","3","3","1","1","0","0","2","3","1","0","1"
"1441","MOUNTAIN","الجبل","review","approved","approved","Selected general vocabulary. Approval requires at least one approved MSA relationship; an unsuitable translation alone does not reject the headword.","1","3","{""approved"":1}","{""review"":1,""approved"":2}","{""uncertain"":1,""msa"":2}","2","2","1","1","1","1","1","3","0","0","0"
"1442","ORGANIZATIONS","المنظمات","review","approved","approved","Selected general vocabulary. Approval requires at least one approved MSA relationship; an unsuitable translation alone does not reject the headword.","1","2","{""approved"":1}","{""approved"":2}","{""msa"":2}","2","2","1","1","0","0","1","2","0","0","0"
"1443","POP","البوب","review","approved","approved","Selected general vocabulary. Approval requires at least one approved MSA relationship; an unsuitable translation alone does not reject the headword.","1","1","{""approved"":1}","{""approved"":1}","{""msa"":1}","1","1","1","1","0","0","0","1","0","1","0"
"1444","FILTER","فلتر","review","approved","approved","Selected general vocabulary. Approval requires at least one approved MSA relationship; an unsuitable translation alone does not reject the headword.","1","5","{""approved"":1}","{""review"":1,""approved"":4}","{""uncertain"":1,""msa"":4}","4","4","2","2","0","0","2","5","0","4","0"
"1445","MAILING","البريد","review","review","review","Selected general vocabulary. Approval requires at least one approved MSA relationship; an unsuitable translation alone does not reject the headword.","1","1","{""review"":1}","{""review"":1}","{""msa"":1}","0","0","0","0","0","0","0","1","0","0","0"
"1446","VEHICLE","مركبة","review","approved","approved","Selected general vocabulary. Approval requires at least one approved MSA relationship; an unsuitable translation alone does not reject the headword.","1","4","{""approved"":1}","{""approved"":4}","{""msa"":4}","4","4","1","1","0","0","3","4","0","0","0"
"1447","LONGER","أطول","review","approved","approved","Selected general vocabulary. Approval requires at least one approved MSA relationship; an unsuitable translation alone does not reject the headword.","1","2","{""approved"":1}","{""review"":1,""approved"":1}","{""msa"":2}","1","1","1","1","0","0","0","2","0","0","0"
"1448","CONSIDER","النظر","review","approved","approved","Selected general vocabulary. Approval requires at least one approved MSA relationship; an unsuitable translation alone does not reject the headword.","1","2","{""approved"":1}","{""approved"":2}","{""msa"":2}","2","2","1","1","0","0","1","2","0","0","0"
"1449","NORTHERN","الشمالية","review","approved","approved","Selected general vocabulary. Approval requires at least one approved MSA relationship; an unsuitable translation alone does not reject the headword.","1","4","{""approved"":1}","{""approved"":3,""review"":1}","{""msa"":4}","3","3","1","1","0","0","2","4","0","0","0"
"1450","BEHIND","خلف","review","approved","approved","Selected general vocabulary. Approval requires at least one approved MSA relationship; an unsuitable translation alone does not reject the headword.","1","2","{""approved"":1}","{""approved"":2}","{""msa"":2}","2","2","1","1","0","0","1","2","0","0","0"
"1451","PANEL","لوحة","review","approved","approved","Selected general vocabulary. Approval requires at least one approved MSA relationship; an unsuitable translation alone does not reject the headword.","1","1","{""approved"":1}","{""approved"":1}","{""msa"":1}","1","1","1","1","0","0","0","1","0","0","0"
"1452","FLOOR","الطابق الأرضي","review","approved","approved","Selected general vocabulary. Approval requires at least one approved MSA relationship; an unsuitable translation alone does not reject the headword.","1","5","{""approved"":1}","{""review"":3,""approved"":2}","{""msa"":5}","2","2","1","1","0","0","1","5","0","2","1"
"1453","GERMAN","الألمانية","review","approved","approved","Selected general vocabulary. Approval requires at least one approved MSA relationship; an unsuitable translation alone does not reject the headword.","1","7","{""approved"":1}","{""review"":5,""rejected"":1,""approved"":1}","{""msa"":7}","1","1","0","0","1","1","1","7","0","0","0"
"1454","BUYING","شراء","review","approved","approved","Selected general vocabulary. Approval requires at least one approved MSA relationship; an unsuitable translation alone does not reject the headword.","1","1","{""approved"":1}","{""approved"":1}","{""msa"":1}","1","1","1","1","0","0","0","1","0","0","0"
"1455","MATCH","مباراة","review","approved","approved","Selected general vocabulary. Approval requires at least one approved MSA relationship; an unsuitable translation alone does not reject the headword.","1","5","{""approved"":1}","{""review"":1,""approved"":4}","{""uncertain"":1,""msa"":4}","4","4","1","1","0","0","3","5","0","4","0"
"1456","PROPOSED","المقترح","review","approved","approved","Selected general vocabulary. Approval requires at least one approved MSA relationship; an unsuitable translation alone does not reject the headword.","1","3","{""approved"":1}","{""approved"":3}","{""msa"":3}","3","3","1","1","0","0","2","3","0","0","0"
"1457","DEFAULT","الافتراضي","review","approved","approved","Selected general vocabulary. Approval requires at least one approved MSA relationship; an unsuitable translation alone does not reject the headword.","1","5","{""approved"":1}","{""approved"":4,""review"":1}","{""msa"":5}","4","4","1","1","0","0","3","5","0","4","0"
"1458","REQUIRE","تتطلب","review","approved","approved","Selected general vocabulary. Approval requires at least one approved MSA relationship; an unsuitable translation alone does not reject the headword.","1","1","{""approved"":1}","{""approved"":1}","{""msa"":1}","1","1","1","1","0","0","0","1","0","0","0"
"1460","BOYS","الأولاد","review","approved","approved","Selected general vocabulary. Approval requires at least one approved MSA relationship; an unsuitable translation alone does not reject the headword.","1","5","{""approved"":1}","{""review"":2,""rejected"":1,""approved"":2}","{""msa"":4,""dialect"":1}","2","2","1","1","1","1","1","5","0","0","0"
"1461","OUTDOOR","الهواء الطلق","review","approved","approved","Selected general vocabulary. Approval requires at least one approved MSA relationship; an unsuitable translation alone does not reject the headword.","1","2","{""approved"":1}","{""approved"":1,""review"":1}","{""msa"":2}","1","1","1","1","0","0","0","2","0","0","1"
"1462","DEEP","عميق","review","approved","approved","Selected general vocabulary. Approval requires at least one approved MSA relationship; an unsuitable translation alone does not reject the headword.","1","4","{""approved"":1}","{""approved"":3,""review"":1}","{""msa"":4}","3","3","1","1","0","0","2","4","0","0","0"
"1463","MORNING","صباح الخير","review","approved","approved","Selected general vocabulary. Approval requires at least one approved MSA relationship; an unsuitable translation alone does not reject the headword.","1","4","{""approved"":1}","{""approved"":2,""review"":2}","{""msa"":4}","2","2","1","1","0","0","1","4","0","0","1"
"1464","OTHERWISE","خلاف ذلك","review","approved","approved","Selected general vocabulary. Approval requires at least one approved MSA relationship; an unsuitable translation alone does not reject the headword.","1","2","{""approved"":1}","{""review"":1,""approved"":1}","{""msa"":2}","1","1","1","1","0","0","0","2","0","0","1"
"1465","ALLOWS","يسمح","review","approved","approved","Selected general vocabulary. Approval requires at least one approved MSA relationship; an unsuitable translation alone does not reject the headword.","1","2","{""approved"":1}","{""approved"":2}","{""msa"":2}","2","2","1","1","0","0","1","2","0","0","0"
"1466","REST","بقية","review","approved","approved","Selected general vocabulary. Approval requires at least one approved MSA relationship; an unsuitable translation alone does not reject the headword.","1","5","{""approved"":1}","{""approved"":5}","{""msa"":5}","5","5","2","2","0","0","3","5","0","5","0"
"1467","PROTEIN","البروتين","review","approved","approved","Selected general vocabulary. Approval requires at least one approved MSA relationship; an unsuitable translation alone does not reject the headword.","1","2","{""approved"":1}","{""approved"":2}","{""msa"":2}","2","2","1","1","0","0","1","2","0","0","0"
"1469","REPORTED","المبلغ عنها","review","approved","approved","Selected general vocabulary. Approval requires at least one approved MSA relationship; an unsuitable translation alone does not reject the headword.","1","1","{""approved"":1}","{""approved"":1}","{""msa"":1}","1","1","0","0","0","0","1","1","0","0","1"
"1470","HIT","ضرب","review","approved","approved","Selected general vocabulary. Approval requires at least one approved MSA relationship; an unsuitable translation alone does not reject the headword.","1","1","{""approved"":1}","{""approved"":1}","{""msa"":1}","1","1","1","1","0","0","0","1","0","0","0"
"1471","TRANSPORTATION","النقل","review","approved","approved","Selected general vocabulary. Approval requires at least one approved MSA relationship; an unsuitable translation alone does not reject the headword.","1","3","{""approved"":1}","{""approved"":3}","{""msa"":3}","3","3","1","1","0","0","2","3","0","0","0"
"1473","POOL","حوض السباحة","review","approved","approved","Selected general vocabulary. Approval requires at least one approved MSA relationship; an unsuitable translation alone does not reject the headword.","1","4","{""approved"":1}","{""approved"":4}","{""msa"":4}","4","4","1","1","0","0","3","4","0","0","1"
"1475","POLITICS","السياسة","review","approved","approved","Selected general vocabulary. Approval requires at least one approved MSA relationship; an unsuitable translation alone does not reject the headword.","1","3","{""approved"":1}","{""review"":1,""approved"":2}","{""msa"":3}","2","2","1","1","0","0","1","3","0","0","0"
"1476","PARTNER","شريك","review","approved","approved","Selected general vocabulary. Approval requires at least one approved MSA relationship; an unsuitable translation alone does not reject the headword.","1","3","{""approved"":1}","{""approved"":3}","{""msa"":3}","3","3","1","1","0","0","2","3","0","0","0"
"1477","DISCLAIMER","إخلاء المسؤولية","review","approved","approved","Selected general vocabulary. Approval requires at least one approved MSA relationship; an unsuitable translation alone does not reject the headword.","1","2","{""approved"":1}","{""approved"":2}","{""msa"":2}","2","2","1","1","0","0","1","2","0","0","1"
"1478","AUTHORS","المؤلفون","review","approved","approved","Selected general vocabulary. Approval requires at least one approved MSA relationship; an unsuitable translation alone does not reject the headword.","1","2","{""approved"":1}","{""approved"":2}","{""msa"":2}","2","2","1","1","0","0","1","2","0","0","0"
"1479","BOARDS","لوحات","review","approved","approved","Selected general vocabulary. Approval requires at least one approved MSA relationship; an unsuitable translation alone does not reject the headword.","1","5","{""approved"":1}","{""review"":2,""approved"":3}","{""msa"":5}","3","3","1","1","0","0","2","5","0","3","0"
"1480","FACULTY","أعضاء هيئة التدريس","review","approved","approved","Selected general vocabulary. Approval requires at least one approved MSA relationship; an unsuitable translation alone does not reject the headword.","1","3","{""approved"":1}","{""approved"":3}","{""msa"":3}","3","3","2","2","0","0","1","3","0","3","1"
"1481","PARTIES","الأطراف","review","approved","approved","Selected general vocabulary. Approval requires at least one approved MSA relationship; an unsuitable translation alone does not reject the headword.","1","7","{""approved"":1}","{""approved"":3,""review"":4}","{""msa"":7}","3","3","1","1","0","0","2","7","0","3","0"
"1482","FISH","سمك","review","approved","approved","Selected general vocabulary. Approval requires at least one approved MSA relationship; an unsuitable translation alone does not reject the headword.","1","6","{""approved"":1}","{""review"":3,""approved"":3}","{""uncertain"":2,""msa"":4}","3","3","1","1","2","2","2","5","1","0","0"
"1483","MEMBERSHIP","العضوية","review","approved","approved","Selected general vocabulary. Approval requires at least one approved MSA relationship; an unsuitable translation alone does not reject the headword.","1","2","{""approved"":1}","{""approved"":2}","{""msa"":2}","2","2","1","1","0","0","1","2","0","0","0"
"1484","MISSION","البعثة","review","approved","approved","Selected general vocabulary. Approval requires at least one approved MSA relationship; an unsuitable translation alone does not reject the headword.","1","4","{""approved"":1}","{""approved"":4}","{""msa"":4}","4","4","1","1","0","0","3","4","0","4","0"
"1485","EYE","العين","review","approved","approved","Selected general vocabulary. Approval requires at least one approved MSA relationship; an unsuitable translation alone does not reject the headword.","1","2","{""approved"":1}","{""approved"":2}","{""msa"":2}","2","2","1","1","0","0","1","2","0","0","0"
"1486","STRING","سلسلة نص","review","approved","approved","Selected general vocabulary. Approval requires at least one approved MSA relationship; an unsuitable translation alone does not reject the headword.","1","4","{""approved"":1}","{""approved"":3,""review"":1}","{""msa"":4}","3","3","1","1","0","0","2","4","0","3","1"
"1487","SENSE","إحساس","review","approved","approved","Selected general vocabulary. Approval requires at least one approved MSA relationship; an unsuitable translation alone does not reject the headword.","1","4","{""approved"":1}","{""review"":2,""approved"":2}","{""msa"":4}","2","2","1","1","0","0","1","4","0","2","0"
"1488","MODIFIED","معدلة","review","approved","approved","Selected general vocabulary. Approval requires at least one approved MSA relationship; an unsuitable translation alone does not reject the headword.","1","4","{""approved"":1}","{""approved"":3,""review"":1}","{""msa"":4}","3","3","1","1","0","0","2","4","0","0","0"
"1490","RELEASED","أطلق سراحه","review","approved","approved","Selected general vocabulary. Approval requires at least one approved MSA relationship; an unsuitable translation alone does not reject the headword.","1","1","{""approved"":1}","{""approved"":1}","{""msa"":1}","1","1","0","0","0","0","1","1","0","0","1"
"1491","STAGE","مرحلة","review","approved","approved","Selected general vocabulary. Approval requires at least one approved MSA relationship; an unsuitable translation alone does not reject the headword.","1","4","{""approved"":1}","{""approved"":4}","{""msa"":4}","4","4","1","1","0","0","3","4","0","4","0"
"1493","GOODS","السلع","review","approved","approved","Selected general vocabulary. Approval requires at least one approved MSA relationship; an unsuitable translation alone does not reject the headword.","1","5","{""approved"":1}","{""approved"":5}","{""msa"":5}","5","5","1","1","0","0","4","5","0","0","0"
"1494","RECOMMENDED","موصى به","review","approved","approved","Selected general vocabulary. Approval requires at least one approved MSA relationship; an unsuitable translation alone does not reject the headword.","1","1","{""approved"":1}","{""approved"":1}","{""msa"":1}","1","1","1","1","0","0","0","1","0","0","1"
"1495","BORN","ولد","review","approved","approved","Selected general vocabulary. Approval requires at least one approved MSA relationship; an unsuitable translation alone does not reject the headword.","1","5","{""approved"":1}","{""approved"":3,""review"":2}","{""msa"":5}","3","3","1","1","0","0","2","5","0","0","0"
"1496","UNLESS","إلا إذا","review","approved","approved","Selected general vocabulary. Approval requires at least one approved MSA relationship; an unsuitable translation alone does not reject the headword.","1","3","{""approved"":1}","{""review"":2,""approved"":1}","{""msa"":3}","1","1","1","1","0","0","0","3","0","0","1"
"1498","DETAILED","مفصلة","review","approved","approved","Selected general vocabulary. Approval requires at least one approved MSA relationship; an unsuitable translation alone does not reject the headword.","1","3","{""approved"":1}","{""approved"":3}","{""msa"":3}","3","3","1","1","0","0","2","3","0","0","0"
"1499","JAPANESE","ياباني","review","approved","approved","Selected general vocabulary. Approval requires at least one approved MSA relationship; an unsuitable translation alone does not reject the headword.","1","4","{""approved"":1}","{""approved"":4}","{""msa"":4}","4","4","1","1","0","0","3","4","0","0","0"
"1500","RACE","سباق","review","approved","approved","Selected general vocabulary. Approval requires at least one approved MSA relationship; an unsuitable translation alone does not reject the headword.","1","4","{""approved"":1}","{""approved"":4}","{""msa"":4}","4","4","2","2","0","0","2","4","0","4","0"
"1501","APPROVED","الموافق عليها","review","approved","approved","Selected general vocabulary. Approval requires at least one approved MSA relationship; an unsuitable translation alone does not reject the headword.","1","3","{""approved"":1}","{""approved"":3}","{""msa"":3}","3","3","1","1","0","0","2","3","0","0","1"
"1502","BACKGROUND","الخلفية","review","approved","approved","Selected general vocabulary. Approval requires at least one approved MSA relationship; an unsuitable translation alone does not reject the headword.","1","2","{""approved"":1}","{""approved"":2}","{""msa"":2}","2","2","1","1","0","0","1","2","0","0","0"
"1503","TARGET","الهدف","review","approved","approved","Selected general vocabulary. Approval requires at least one approved MSA relationship; an unsuitable translation alone does not reject the headword.","1","3","{""approved"":1}","{""approved"":3}","{""msa"":3}","3","3","2","2","0","0","1","3","0","3","0"
"1504","EXCEPT","باستثناء","review","approved","approved","Selected general vocabulary. Approval requires at least one approved MSA relationship; an unsuitable translation alone does not reject the headword.","1","4","{""approved"":1}","{""approved"":2,""review"":2}","{""msa"":4}","2","2","1","1","0","0","1","4","0","0","0"
"1505","CHARACTER","حرف","review","approved","approved","Selected general vocabulary. Approval requires at least one approved MSA relationship; an unsuitable translation alone does not reject the headword.","1","3","{""approved"":1}","{""approved"":3}","{""msa"":3}","3","3","2","2","0","0","1","3","0","3","0"
"1506","MAINTENANCE","الصيانة","review","approved","approved","Selected general vocabulary. Approval requires at least one approved MSA relationship; an unsuitable translation alone does not reject the headword.","1","3","{""approved"":1}","{""review"":1,""approved"":2}","{""msa"":3}","2","2","1","1","0","0","1","3","0","0","0"
"1507","ABILITY","القدرة","review","approved","approved","Selected general vocabulary. Approval requires at least one approved MSA relationship; an unsuitable translation alone does not reject the headword.","1","3","{""approved"":1}","{""approved"":2,""review"":1}","{""msa"":3}","2","2","1","1","0","0","1","3","0","0","0"
"1508","MAYBE","ربما","review","approved","approved","Selected general vocabulary. Approval requires at least one approved MSA relationship; an unsuitable translation alone does not reject the headword.","1","2","{""approved"":1}","{""approved"":2}","{""msa"":2}","2","2","1","1","0","0","1","2","0","0","0"
"1509","FUNCTIONS","وظائف","review","approved","approved","Selected general vocabulary. Approval requires at least one approved MSA relationship; an unsuitable translation alone does not reject the headword.","1","3","{""approved"":1}","{""approved"":3}","{""msa"":3}","3","3","1","1","0","0","2","3","0","0","0"
"1510","MOVING","تتحرك","review","approved","approved","Selected general vocabulary. Approval requires at least one approved MSA relationship; an unsuitable translation alone does not reject the headword.","1","4","{""approved"":1}","{""approved"":4}","{""msa"":4}","4","4","1","1","0","0","3","4","0","0","0"
"1511","BRANDS","العلامات التجارية","review","approved","approved","Selected general vocabulary. Approval requires at least one approved MSA relationship; an unsuitable translation alone does not reject the headword.","1","2","{""approved"":1}","{""review"":1,""approved"":1}","{""uncertain"":1,""msa"":1}","1","1","1","1","0","0","0","2","0","0","1"
"1512","PLACES","أماكن","review","approved","approved","Selected general vocabulary. Approval requires at least one approved MSA relationship; an unsuitable translation alone does not reject the headword.","1","3","{""approved"":1}","{""review"":2,""approved"":1}","{""msa"":3}","1","1","1","1","0","0","0","3","0","0","0"
"1513","PRETTY","جميلة","review","approved","approved","Selected general vocabulary. Approval requires at least one approved MSA relationship; an unsuitable translation alone does not reject the headword.","1","1","{""approved"":1}","{""approved"":1}","{""msa"":1}","1","1","1","1","0","0","0","1","0","0","0"
"1514","TRADEMARKS","العلامات التجارية","review","approved","approved","Selected general vocabulary. Approval requires at least one approved MSA relationship; an unsuitable translation alone does not reject the headword.","1","1","{""approved"":1}","{""approved"":1}","{""msa"":1}","1","1","1","1","0","0","0","1","0","0","1"
"1517","SOUTHERN","الجنوبية","review","approved","approved","Selected general vocabulary. Approval requires at least one approved MSA relationship; an unsuitable translation alone does not reject the headword.","1","4","{""approved"":1}","{""approved"":3,""review"":1}","{""msa"":4}","3","3","1","1","0","0","2","4","0","0","0"
"1518","YOURSELF","نفسك","review","approved","approved","Selected general vocabulary. Approval requires at least one approved MSA relationship; an unsuitable translation alone does not reject the headword.","1","2","{""approved"":1}","{""approved"":2}","{""msa"":2}","2","2","1","1","0","0","1","2","0","0","0"
"1520","WINTER","الشتاء","review","approved","approved","Selected general vocabulary. Approval requires at least one approved MSA relationship; an unsuitable translation alone does not reject the headword.","1","4","{""approved"":1}","{""approved"":2,""review"":2}","{""msa"":2,""uncertain"":2}","2","2","1","1","2","2","1","4","0","0","0"
"1522","BATTERY","بطارية البطارية","review","approved","approved","Selected general vocabulary. Approval requires at least one approved MSA relationship; an unsuitable translation alone does not reject the headword.","1","3","{""approved"":1}","{""approved"":2,""review"":1}","{""msa"":3}","2","2","1","1","1","1","1","3","0","0","1"
"1523","YOUTH","الشباب","review","approved","approved","Selected general vocabulary. Approval requires at least one approved MSA relationship; an unsuitable translation alone does not reject the headword.","1","2","{""approved"":1}","{""approved"":1,""review"":1}","{""msa"":2}","1","1","1","1","0","0","0","1","1","0","0"
"1524","PRESSURE","الضغط","review","approved","approved","Selected general vocabulary. Approval requires at least one approved MSA relationship; an unsuitable translation alone does not reject the headword.","1","2","{""approved"":1}","{""approved"":2}","{""msa"":2}","2","2","1","1","0","0","1","2","0","0","0"
"1525","SUBMITTED","قُدمت","review","approved","approved","Selected general vocabulary. Approval requires at least one approved MSA relationship; an unsuitable translation alone does not reject the headword.","1","3","{""approved"":1}","{""approved"":3}","{""msa"":3}","3","3","1","1","0","0","2","3","0","0","0"
"1527","DEBT","الديون","review","approved","approved","Selected general vocabulary. Approval requires at least one approved MSA relationship; an unsuitable translation alone does not reject the headword.","1","2","{""approved"":1}","{""approved"":2}","{""msa"":2}","2","2","1","1","0","0","1","2","0","0","0"
"1528","KEYWORDS","الكلمات الرئيسية","review","approved","approved","Selected general vocabulary. Approval requires at least one approved MSA relationship; an unsuitable translation alone does not reject the headword.","1","1","{""approved"":1}","{""approved"":1}","{""msa"":1}","1","1","1","1","0","0","0","1","0","0","1"
"1529","MEDIUM","متوسطة","review","approved","approved","Selected general vocabulary. Approval requires at least one approved MSA relationship; an unsuitable translation alone does not reject the headword.","1","3","{""approved"":1}","{""approved"":3}","{""msa"":3}","3","3","1","1","0","0","2","3","0","0","0"
"1530","TELEVISION","تلفاز","review","approved","approved","Selected general vocabulary. Approval requires at least one approved MSA relationship; an unsuitable translation alone does not reject the headword.","1","5","{""approved"":1}","{""approved"":4,""review"":1}","{""msa"":4,""uncertain"":1}","4","4","1","1","0","0","3","5","0","0","0"
"1531","INTERESTED","مهتم","review","approved","approved","Selected general vocabulary. Approval requires at least one approved MSA relationship; an unsuitable translation alone does not reject the headword.","1","4","{""approved"":1}","{""approved"":4}","{""msa"":4}","4","4","1","1","0","0","3","4","0","0","0"
"1532","CORE","الأساسية","review","approved","approved","Selected general vocabulary. Approval requires at least one approved MSA relationship; an unsuitable translation alone does not reject the headword.","1","4","{""approved"":1}","{""approved"":2,""review"":2}","{""msa"":4}","2","2","1","1","0","0","1","4","0","0","0"
"1533","BREAK","استراحة","review","approved","approved","Selected general vocabulary. Approval requires at least one approved MSA relationship; an unsuitable translation alone does not reject the headword.","1","3","{""approved"":1}","{""approved"":3}","{""msa"":3}","3","3","2","2","0","0","1","3","0","3","0"
"1534","PURPOSES","الأغراض","review","approved","approved","Selected general vocabulary. Approval requires at least one approved MSA relationship; an unsuitable translation alone does not reject the headword.","1","2","{""approved"":1}","{""approved"":2}","{""msa"":2}","2","2","1","1","0","0","1","2","0","0","0"
"1535","THROUGHOUT","في جميع أنحاء","review","approved","approved","Selected general vocabulary. Approval requires at least one approved MSA relationship; an unsuitable translation alone does not reject the headword.","1","1","{""approved"":1}","{""approved"":1}","{""msa"":1}","1","1","1","1","0","0","0","1","0","0","1"
"1536","SETS","مجموعات","review","approved","approved","Selected general vocabulary. Approval requires at least one approved MSA relationship; an unsuitable translation alone does not reject the headword.","1","1","{""approved"":1}","{""approved"":1}","{""msa"":1}","1","1","1","1","0","0","0","1","0","0","0"
"1537","DANCE","الرقص","review","approved","approved","Selected general vocabulary. Approval requires at least one approved MSA relationship; an unsuitable translation alone does not reject the headword.","1","3","{""approved"":1}","{""approved"":3}","{""msa"":3}","3","3","1","1","0","0","2","3","0","0","0"
"1538","WOOD","خشب","review","approved","approved","Selected general vocabulary. Approval requires at least one approved MSA relationship; an unsuitable translation alone does not reject the headword.","1","4","{""approved"":1}","{""approved"":3,""review"":1}","{""msa"":3,""uncertain"":1}","3","3","1","1","1","1","2","4","0","0","0"
"1539","ITSELF","نفسه","review","approved","approved","Selected general vocabulary. Approval requires at least one approved MSA relationship; an unsuitable translation alone does not reject the headword.","1","1","{""approved"":1}","{""approved"":1}","{""msa"":1}","1","1","1","1","0","0","0","1","0","0","0"
"1540","DEFINED","تعريف","review","approved","approved","Selected general vocabulary. Approval requires at least one approved MSA relationship; an unsuitable translation alone does not reject the headword.","1","2","{""approved"":1}","{""approved"":1,""review"":1}","{""msa"":2}","1","1","1","1","0","0","0","2","0","0","0"
"1541","PAPERS","أوراق","review","approved","approved","Selected general vocabulary. Approval requires at least one approved MSA relationship; an unsuitable translation alone does not reject the headword.","1","7","{""approved"":1}","{""review"":2,""approved"":5}","{""msa"":7}","5","5","1","1","0","0","4","7","0","2","0"
"1542","PLAYING","اللعب","review","approved","approved","Selected general vocabulary. Approval requires at least one approved MSA relationship; an unsuitable translation alone does not reject the headword.","1","2","{""approved"":1}","{""approved"":2}","{""msa"":2}","2","2","1","1","0","0","1","2","0","0","0"
"1543","AWARDS","الجوائز","review","approved","approved","Selected general vocabulary. Approval requires at least one approved MSA relationship; an unsuitable translation alone does not reject the headword.","1","2","{""approved"":1}","{""approved"":2}","{""msa"":2}","2","2","1","1","0","0","1","2","0","0","0"
"1544","FEE","رسوم","review","approved","approved","Selected general vocabulary. Approval requires at least one approved MSA relationship; an unsuitable translation alone does not reject the headword.","1","4","{""approved"":1}","{""approved"":2,""review"":2}","{""msa"":4}","2","2","1","1","0","0","1","4","0","0","0"
"1545","STUDIO","استوديو","review","approved","approved","Selected general vocabulary. Approval requires at least one approved MSA relationship; an unsuitable translation alone does not reject the headword.","1","5","{""approved"":1}","{""approved"":5}","{""msa"":5}","5","5","1","1","0","0","4","5","0","0","0"
"1546","READER","القارئ","review","approved","approved","Selected general vocabulary. Approval requires at least one approved MSA relationship; an unsuitable translation alone does not reject the headword.","1","1","{""approved"":1}","{""approved"":1}","{""msa"":1}","1","1","1","1","0","0","0","1","0","0","0"
"1547","VIRTUAL","الظاهري","review","approved","approved","Selected general vocabulary. Approval requires at least one approved MSA relationship; an unsuitable translation alone does not reject the headword.","1","3","{""approved"":1}","{""approved"":3}","{""msa"":3}","3","3","1","1","0","0","2","3","0","0","0"
"1548","DEVICE","الجهاز","review","approved","approved","Selected general vocabulary. Approval requires at least one approved MSA relationship; an unsuitable translation alone does not reject the headword.","1","4","{""approved"":1}","{""approved"":2,""review"":2}","{""msa"":4}","2","2","1","1","0","0","1","4","0","0","0"
"1549","ESTABLISHED","المنشأة","review","review","review","Selected general vocabulary. Approval requires at least one approved MSA relationship; an unsuitable translation alone does not reject the headword.","1","4","{""review"":1}","{""review"":4}","{""msa"":4}","0","0","0","0","0","0","0","3","1","0","0"
"1550","ANSWERS","أجوبة","review","approved","approved","Selected general vocabulary. Approval requires at least one approved MSA relationship; an unsuitable translation alone does not reject the headword.","1","3","{""approved"":1}","{""review"":2,""approved"":1}","{""msa"":3}","1","1","1","1","0","0","0","3","0","0","0"
"1551","RENT","إيجار","review","approved","approved","Selected general vocabulary. Approval requires at least one approved MSA relationship; an unsuitable translation alone does not reject the headword.","1","2","{""approved"":1}","{""review"":1,""approved"":1}","{""msa"":2}","1","1","1","1","0","0","0","2","0","0","0"
"1553","REMOTE","عن بعد","review","approved","approved","Selected general vocabulary. Approval requires at least one approved MSA relationship; an unsuitable translation alone does not reject the headword.","1","3","{""approved"":1}","{""approved"":3}","{""msa"":3}","3","3","1","1","0","0","2","3","0","0","1"
"1554","DARK","الظلام الداكن","review","approved","approved","Selected general vocabulary. Approval requires at least one approved MSA relationship; an unsuitable translation alone does not reject the headword.","1","5","{""approved"":1}","{""approved"":4,""review"":1}","{""msa"":5}","4","4","2","2","1","1","2","5","0","4","1"
"1555","PROGRAMMING","البرمجة","review","approved","approved","Selected general vocabulary. Approval requires at least one approved MSA relationship; an unsuitable translation alone does not reject the headword.","1","2","{""approved"":1}","{""approved"":2}","{""msa"":2}","2","2","1","1","0","0","1","2","0","0","0"
"1556","EXTERNAL","خارجي","review","approved","approved","Selected general vocabulary. Approval requires at least one approved MSA relationship; an unsuitable translation alone does not reject the headword.","1","3","{""approved"":1}","{""approved"":3}","{""msa"":3}","3","3","1","1","0","0","2","3","0","0","0"
"1558","REGARDING","بشأن","review","approved","approved","Selected general vocabulary. Approval requires at least one approved MSA relationship; an unsuitable translation alone does not reject the headword.","1","1","{""approved"":1}","{""approved"":1}","{""msa"":1}","1","1","1","1","0","0","0","1","0","0","0"
"1559","INSTRUCTIONS","تعليمات","review","approved","approved","Selected general vocabulary. Approval requires at least one approved MSA relationship; an unsuitable translation alone does not reject the headword.","1","3","{""approved"":1}","{""approved"":2,""review"":1}","{""msa"":3}","2","2","1","1","0","0","1","3","0","0","0"
"1561","OFFERED","عرضت","review","approved","approved","Selected general vocabulary. Approval requires at least one approved MSA relationship; an unsuitable translation alone does not reject the headword.","1","1","{""approved"":1}","{""approved"":1}","{""msa"":1}","1","1","0","0","0","0","1","1","0","0","0"
"1562","THEORY","نظرية","review","approved","approved","Selected general vocabulary. Approval requires at least one approved MSA relationship; an unsuitable translation alone does not reject the headword.","1","2","{""approved"":1}","{""approved"":2}","{""msa"":2}","2","2","1","1","0","0","1","2","0","0","0"
"1563","ENJOY","استمتع","review","approved","approved","Selected general vocabulary. Approval requires at least one approved MSA relationship; an unsuitable translation alone does not reject the headword.","1","2","{""approved"":1}","{""approved"":2}","{""msa"":2}","2","2","1","1","0","0","1","2","0","0","0"
"1564","REMOVE","إزالة","review","approved","approved","Selected general vocabulary. Approval requires at least one approved MSA relationship; an unsuitable translation alone does not reject the headword.","1","4","{""approved"":1}","{""review"":3,""approved"":1}","{""msa"":4}","1","1","1","1","0","0","0","4","0","0","0"
"1566","SURFACE","سطح","review","approved","approved","Selected general vocabulary. Approval requires at least one approved MSA relationship; an unsuitable translation alone does not reject the headword.","1","2","{""approved"":1}","{""approved"":2}","{""msa"":2}","2","2","1","1","0","0","1","2","0","0","0"
"1567","MINIMUM","الحد الأدنى","review","approved","approved","Selected general vocabulary. Approval requires at least one approved MSA relationship; an unsuitable translation alone does not reject the headword.","1","4","{""approved"":1}","{""review"":1,""approved"":3}","{""msa"":4}","3","3","1","1","0","0","2","4","0","0","1"
"1568","VISUAL","مرئي","review","approved","approved","Selected general vocabulary. Approval requires at least one approved MSA relationship; an unsuitable translation alone does not reject the headword.","1","4","{""approved"":1}","{""approved"":4}","{""msa"":4}","4","4","1","1","0","0","3","4","0","0","0"
"1569","HOST","المضيف","review","approved","approved","Selected general vocabulary. Approval requires at least one approved MSA relationship; an unsuitable translation alone does not reject the headword.","1","3","{""approved"":1}","{""approved"":3}","{""msa"":3}","3","3","1","1","0","0","2","3","0","0","0"
"1570","VARIETY","متنوعة","review","approved","approved","Selected general vocabulary. Approval requires at least one approved MSA relationship; an unsuitable translation alone does not reject the headword.","1","3","{""approved"":1}","{""review"":1,""approved"":2}","{""msa"":3}","2","2","1","1","0","0","1","3","0","0","0"
"1571","TEACHERS","المعلمون","review","approved","approved","Selected general vocabulary. Approval requires at least one approved MSA relationship; an unsuitable translation alone does not reject the headword.","1","5","{""approved"":1}","{""review"":1,""approved"":4}","{""msa"":5}","4","4","1","1","0","0","3","5","0","0","0"
"1574","MANUAL","دليل","review","approved","approved","Selected general vocabulary. Approval requires at least one approved MSA relationship; an unsuitable translation alone does not reject the headword.","1","3","{""approved"":1}","{""approved"":3}","{""msa"":3}","3","3","2","2","0","0","1","3","0","3","0"
"1575","BLOCK","كتلة","review","approved","approved","Selected general vocabulary. Approval requires at least one approved MSA relationship; an unsuitable translation alone does not reject the headword.","1","3","{""approved"":1}","{""approved"":2,""review"":1}","{""msa"":2,""uncertain"":1}","2","2","2","2","0","0","0","3","0","2","0"
"1576","SUBJECTS","المواضيع","review","approved","approved","Selected general vocabulary. Approval requires at least one approved MSA relationship; an unsuitable translation alone does not reject the headword.","1","4","{""approved"":1}","{""approved"":4}","{""msa"":4}","4","4","1","1","0","0","3","4","0","0","0"
"1577","AGENTS","الوكلاء","review","approved","approved","Selected general vocabulary. Approval requires at least one approved MSA relationship; an unsuitable translation alone does not reject the headword.","1","4","{""approved"":1}","{""approved"":4}","{""msa"":4}","4","4","1","1","0","0","3","4","0","0","0"
"1578","INCREASED","زيادة","review","approved","approved","Selected general vocabulary. Approval requires at least one approved MSA relationship; an unsuitable translation alone does not reject the headword.","1","2","{""approved"":1}","{""approved"":1,""review"":1}","{""msa"":2}","1","1","0","0","0","0","1","2","0","0","0"
"1579","REPAIR","إصلاح","review","approved","approved","Selected general vocabulary. Approval requires at least one approved MSA relationship; an unsuitable translation alone does not reject the headword.","1","5","{""approved"":1}","{""review"":2,""approved"":3}","{""msa"":5}","3","3","1","1","0","0","2","5","0","0","0"
"1580","FAIR","عادل","review","approved","approved","Selected general vocabulary. Approval requires at least one approved MSA relationship; an unsuitable translation alone does not reject the headword.","1","4","{""approved"":1}","{""approved"":3,""review"":1}","{""msa"":4}","3","3","1","1","0","0","2","4","0","0","0"
"1581","CIVIL","مدني","review","approved","approved","Selected general vocabulary. Approval requires at least one approved MSA relationship; an unsuitable translation alone does not reject the headword.","1","5","{""approved"":1}","{""approved"":4,""review"":1}","{""msa"":5}","4","4","1","1","0","0","3","5","0","0","0"
"1582","STEEL","الصلب","review","approved","approved","Selected general vocabulary. Approval requires at least one approved MSA relationship; an unsuitable translation alone does not reject the headword.","1","3","{""approved"":1}","{""approved"":2,""review"":1}","{""msa"":2,""uncertain"":1}","2","2","1","1","1","1","1","3","0","0","0"
"1583","UNDERSTANDING","الفهم","review","approved","approved","Selected general vocabulary. Approval requires at least one approved MSA relationship; an unsuitable translation alone does not reject the headword.","1","5","{""approved"":1}","{""approved"":5}","{""msa"":5}","5","5","1","1","0","0","4","5","0","0","0"
"1584","SONGS","أغاني","review","approved","approved","Selected general vocabulary. Approval requires at least one approved MSA relationship; an unsuitable translation alone does not reject the headword.","1","4","{""approved"":1}","{""review"":3,""approved"":1}","{""msa"":4}","1","1","1","1","0","0","0","4","0","0","0"
"1585","FIXED","ثابت","review","approved","approved","Selected general vocabulary. Approval requires at least one approved MSA relationship; an unsuitable translation alone does not reject the headword.","1","1","{""approved"":1}","{""approved"":1}","{""msa"":1}","1","1","1","1","0","0","0","1","0","0","0"
"1586","WRONG","خطأ","review","approved","approved","Selected general vocabulary. Approval requires at least one approved MSA relationship; an unsuitable translation alone does not reject the headword.","1","5","{""approved"":1}","{""review"":4,""approved"":1}","{""msa"":5}","1","1","1","1","0","0","0","5","0","0","0"
"1587","BEGINNING","البداية","review","approved","approved","Selected general vocabulary. Approval requires at least one approved MSA relationship; an unsuitable translation alone does not reject the headword.","1","2","{""approved"":1}","{""approved"":2}","{""msa"":2}","2","2","1","1","0","0","1","2","0","0","0"
"1588","HANDS","الأيدي","review","approved","approved","Selected general vocabulary. Approval requires at least one approved MSA relationship; an unsuitable translation alone does not reject the headword.","1","4","{""approved"":1}","{""approved"":2,""review"":2}","{""msa"":4}","2","2","1","1","0","0","1","4","0","0","0"
"1589","ASSOCIATES","الزميلة","review","review","review","Selected general vocabulary. Approval requires at least one approved MSA relationship; an unsuitable translation alone does not reject the headword.","1","1","{""review"":1}","{""review"":1}","{""msa"":1}","0","0","0","0","1","1","0","1","0","0","0"
"1590","FINALLY","أخيراً","review","approved","approved","Selected general vocabulary. Approval requires at least one approved MSA relationship; an unsuitable translation alone does not reject the headword.","1","3","{""approved"":1}","{""review"":2,""approved"":1}","{""msa"":3}","1","1","1","1","0","0","0","3","0","0","0"
"1591","UPDATES","التحديثات","review","approved","approved","Selected general vocabulary. Approval requires at least one approved MSA relationship; an unsuitable translation alone does not reject the headword.","1","2","{""approved"":1}","{""approved"":2}","{""msa"":2}","2","2","1","1","0","0","1","2","0","0","0"
"1592","DESKTOP","سطح المكتب","review","approved","approved","Selected general vocabulary. Approval requires at least one approved MSA relationship; an unsuitable translation alone does not reject the headword.","1","1","{""approved"":1}","{""approved"":1}","{""msa"":1}","1","1","1","1","0","0","0","1","0","0","1"
"1593","CLASSES","الفصول الدراسية","review","approved","approved","Selected general vocabulary. Approval requires at least one approved MSA relationship; an unsuitable translation alone does not reject the headword.","1","5","{""approved"":1}","{""approved"":5}","{""msa"":5}","5","5","1","1","0","0","4","5","0","0","1"
"1596","GETS","يحصل","review","approved","approved","Selected general vocabulary. Approval requires at least one approved MSA relationship; an unsuitable translation alone does not reject the headword.","1","1","{""approved"":1}","{""approved"":1}","{""msa"":1}","1","1","1","1","0","0","0","1","0","0","0"
"1597","SECTOR","القطاع","review","approved","approved","Selected general vocabulary. Approval requires at least one approved MSA relationship; an unsuitable translation alone does not reject the headword.","1","2","{""approved"":1}","{""approved"":2}","{""msa"":2}","2","2","1","1","0","0","1","2","0","0","0"
"1598","CAPACITY","القدرة","review","approved","approved","Selected general vocabulary. Approval requires at least one approved MSA relationship; an unsuitable translation alone does not reject the headword.","1","4","{""approved"":1}","{""approved"":3,""review"":1}","{""msa"":4}","3","3","1","1","0","0","2","4","0","0","0"
"1599","REQUIRES","يتطلب","review","approved","approved","Selected general vocabulary. Approval requires at least one approved MSA relationship; an unsuitable translation alone does not reject the headword.","1","3","{""approved"":1}","{""approved"":3}","{""msa"":3}","3","3","1","1","0","0","2","3","0","0","0"
"1601","FAT","الدهون","review","approved","approved","Selected general vocabulary. Approval requires at least one approved MSA relationship; an unsuitable translation alone does not reject the headword.","1","5","{""approved"":1}","{""approved"":5}","{""msa"":5}","5","5","3","3","0","0","2","5","0","5","0"
"1602","FULLY","بالكامل","review","approved","approved","Selected general vocabulary. Approval requires at least one approved MSA relationship; an unsuitable translation alone does not reject the headword.","1","1","{""approved"":1}","{""approved"":1}","{""msa"":1}","1","1","1","1","0","0","0","1","0","0","0"
"1603","FATHER","أب","review","approved","approved","Selected general vocabulary. Approval requires at least one approved MSA relationship; an unsuitable translation alone does not reject the headword.","1","4","{""approved"":1}","{""review"":3,""approved"":1}","{""msa"":3,""uncertain"":1}","1","1","1","1","1","1","0","3","1","0","0"
"1606","INSTRUMENTS","الصكوك","review","approved","approved","Selected general vocabulary. Approval requires at least one approved MSA relationship; an unsuitable translation alone does not reject the headword.","1","3","{""approved"":1}","{""approved"":2,""review"":1}","{""msa"":3}","2","2","1","1","0","0","1","3","0","2","0"
"1607","QUOTES","اقتباسات","review","approved","approved","Selected general vocabulary. Approval requires at least one approved MSA relationship; an unsuitable translation alone does not reject the headword.","1","1","{""approved"":1}","{""approved"":1}","{""msa"":1}","1","1","1","1","0","0","0","1","0","0","0"
"1608","OFFICER","ضابط","review","approved","approved","Selected general vocabulary. Approval requires at least one approved MSA relationship; an unsuitable translation alone does not reject the headword.","1","3","{""approved"":1}","{""approved"":3}","{""msa"":3}","3","3","1","1","0","0","2","3","0","0","0"
"1609","DRIVER","سائق","review","approved","approved","Selected general vocabulary. Approval requires at least one approved MSA relationship; an unsuitable translation alone does not reject the headword.","1","3","{""approved"":1}","{""approved"":3}","{""msa"":3}","3","3","1","1","0","0","2","3","0","0","0"
"1610","BUSINESSES","الأعمال التجارية","review","approved","approved","Selected general vocabulary. Approval requires at least one approved MSA relationship; an unsuitable translation alone does not reject the headword.","1","1","{""approved"":1}","{""approved"":1}","{""msa"":1}","1","1","1","1","0","0","0","1","0","0","1"
"1611","DEAD","ميت","review","approved","approved","Selected general vocabulary. Approval requires at least one approved MSA relationship; an unsuitable translation alone does not reject the headword.","1","3","{""approved"":1}","{""approved"":3}","{""msa"":3}","3","3","1","1","0","0","2","3","0","0","0"
"1612","RESPECT","الاحترام","review","approved","approved","Selected general vocabulary. Approval requires at least one approved MSA relationship; an unsuitable translation alone does not reject the headword.","1","4","{""approved"":1}","{""review"":1,""approved"":3}","{""uncertain"":1,""msa"":3}","3","3","1","1","1","1","2","3","1","0","0"
"1613","UNKNOWN","مجهول","review","approved","approved","Selected general vocabulary. Approval requires at least one approved MSA relationship; an unsuitable translation alone does not reject the headword.","1","1","{""approved"":1}","{""approved"":1}","{""msa"":1}","1","1","1","1","0","0","0","1","0","0","0"
"1614","SPECIFIED","محدد","review","approved","approved","Selected general vocabulary. Approval requires at least one approved MSA relationship; an unsuitable translation alone does not reject the headword.","1","3","{""approved"":1}","{""approved"":3}","{""msa"":3}","3","3","1","1","0","0","2","3","0","0","0"
"1615","RESTAURANT","مطعم","review","approved","approved","Selected general vocabulary. Approval requires at least one approved MSA relationship; an unsuitable translation alone does not reject the headword.","1","2","{""approved"":1}","{""approved"":2}","{""msa"":2}","2","2","1","1","0","0","1","2","0","0","0"
"1617","TRIP","رحلة","review","approved","approved","Selected general vocabulary. Approval requires at least one approved MSA relationship; an unsuitable translation alone does not reject the headword.","1","3","{""approved"":1}","{""approved"":3}","{""msa"":3}","3","3","1","1","0","0","2","3","0","0","0"
"1618","WORTH","قيمة","review","review","approved","Selected general vocabulary. Approval requires at least one approved MSA relationship; an unsuitable translation alone does not reject the headword.","1","2","{""approved"":1}","{""review"":1,""approved"":1}","{""msa"":2}","1","1","1","1","0","0","0","2","0","0","0"
"1619","PROCEDURES","الإجراءات","review","approved","approved","Selected general vocabulary. Approval requires at least one approved MSA relationship; an unsuitable translation alone does not reject the headword.","1","3","{""approved"":1}","{""review"":2,""approved"":1}","{""msa"":3}","1","1","1","1","0","0","0","3","0","0","0"
"1620","POOR","الفقراء","review","approved","approved","Selected general vocabulary. Approval requires at least one approved MSA relationship; an unsuitable translation alone does not reject the headword.","1","6","{""approved"":1}","{""approved"":6}","{""msa"":6}","6","6","1","1","0","0","5","6","0","0","0"
"1621","TEACHER","معلم","review","approved","approved","Selected general vocabulary. Approval requires at least one approved MSA relationship; an unsuitable translation alone does not reject the headword.","1","5","{""approved"":1}","{""review"":1,""approved"":4}","{""msa"":5}","4","4","1","1","0","0","3","5","0","0","0"
"1623","EYES","عيون","review","approved","approved","Selected general vocabulary. Approval requires at least one approved MSA relationship; an unsuitable translation alone does not reject the headword.","1","4","{""approved"":1}","{""review"":2,""approved"":2}","{""msa"":4}","2","2","1","1","0","0","1","4","0","0","0"
"1624","RELATIONSHIP","العلاقة","review","approved","approved","Selected general vocabulary. Approval requires at least one approved MSA relationship; an unsuitable translation alone does not reject the headword.","1","4","{""approved"":1}","{""approved"":2,""review"":2}","{""msa"":4}","2","2","1","1","0","0","1","4","0","0","0"
"1625","WORKERS","العمال","review","approved","approved","Selected general vocabulary. Approval requires at least one approved MSA relationship; an unsuitable translation alone does not reject the headword.","1","3","{""approved"":1}","{""approved"":3}","{""msa"":3}","3","3","1","1","0","0","2","3","0","0","0"
"1626","FARM","مزرعة","review","approved","approved","Selected general vocabulary. Approval requires at least one approved MSA relationship; an unsuitable translation alone does not reject the headword.","1","2","{""approved"":1}","{""approved"":2}","{""msa"":2}","2","2","1","1","0","0","1","2","0","0","0"
"1628","PEACE","السلام","review","approved","approved","Selected general vocabulary. Approval requires at least one approved MSA relationship; an unsuitable translation alone does not reject the headword.","1","2","{""approved"":1}","{""approved"":2}","{""msa"":2}","2","2","1","1","0","0","1","2","0","0","0"
"1629","TRADITIONAL","التقليدية","review","approved","approved","Selected general vocabulary. Approval requires at least one approved MSA relationship; an unsuitable translation alone does not reject the headword.","1","4","{""approved"":1}","{""approved"":4}","{""msa"":4}","4","4","1","1","0","0","3","4","0","0","0"
"1630","CAMPUS","الحرم الجامعي","review","approved","approved","Selected general vocabulary. Approval requires at least one approved MSA relationship; an unsuitable translation alone does not reject the headword.","1","1","{""approved"":1}","{""approved"":1}","{""msa"":1}","1","1","1","1","0","0","0","1","0","0","1"
"1632","SHOWING","عرض","review","approved","approved","Selected general vocabulary. Approval requires at least one approved MSA relationship; an unsuitable translation alone does not reject the headword.","1","1","{""approved"":1}","{""approved"":1}","{""msa"":1}","1","1","1","1","0","0","0","1","0","0","0"
"1633","CREATIVE","إبداعي","review","approved","approved","Selected general vocabulary. Approval requires at least one approved MSA relationship; an unsuitable translation alone does not reject the headword.","1","5","{""approved"":1}","{""review"":2,""approved"":3}","{""msa"":5}","3","3","1","1","1","1","2","4","1","0","0"
"1634","COAST","الساحل","review","approved","approved","Selected general vocabulary. Approval requires at least one approved MSA relationship; an unsuitable translation alone does not reject the headword.","1","3","{""approved"":1}","{""approved"":2,""review"":1}","{""msa"":2,""uncertain"":1}","2","2","1","1","1","1","1","3","0","0","0"
"1635","BENEFIT","الاستحقاقات","review","approved","approved","Selected general vocabulary. Approval requires at least one approved MSA relationship; an unsuitable translation alone does not reject the headword.","1","4","{""approved"":1}","{""approved"":3,""review"":1}","{""msa"":4}","3","3","1","1","0","0","2","4","0","0","0"
"1636","PROGRESS","التقدم المحرز","review","approved","approved","Selected general vocabulary. Approval requires at least one approved MSA relationship; an unsuitable translation alone does not reject the headword.","1","2","{""approved"":1}","{""approved"":2}","{""msa"":2}","2","2","1","1","0","0","1","2","0","0","1"
"1637","FUNDING","التمويل","review","approved","approved","Selected general vocabulary. Approval requires at least one approved MSA relationship; an unsuitable translation alone does not reject the headword.","1","2","{""approved"":1}","{""approved"":2}","{""msa"":2}","2","2","1","1","0","0","1","2","0","0","0"
"1638","DEVICES","الأجهزة","review","approved","approved","Selected general vocabulary. Approval requires at least one approved MSA relationship; an unsuitable translation alone does not reject the headword.","1","3","{""approved"":1}","{""review"":2,""approved"":1}","{""msa"":3}","1","1","1","1","0","0","0","3","0","0","0"
"1639","LORD","مولاي","review","approved","approved","Selected general vocabulary. Approval requires at least one approved MSA relationship; an unsuitable translation alone does not reject the headword.","1","4","{""approved"":1}","{""review"":3,""approved"":1}","{""msa"":3,""uncertain"":1}","1","1","1","1","0","0","0","4","0","0","0"
"1640","GRANT","منحة","review","approved","approved","Selected general vocabulary. Approval requires at least one approved MSA relationship; an unsuitable translation alone does not reject the headword.","1","4","{""approved"":1}","{""approved"":2,""review"":2}","{""msa"":2,""uncertain"":2}","2","2","2","2","2","2","0","4","0","2","0"
"1642","AGREE","موافق","review","approved","approved","Selected general vocabulary. Approval requires at least one approved MSA relationship; an unsuitable translation alone does not reject the headword.","1","4","{""approved"":1}","{""approved"":2,""review"":2}","{""msa"":4}","2","2","1","1","0","0","1","4","0","0","0"
"1643","FICTION","الخيال","review","approved","approved","Selected general vocabulary. Approval requires at least one approved MSA relationship; an unsuitable translation alone does not reject the headword.","1","2","{""approved"":1}","{""review"":1,""approved"":1}","{""msa"":2}","1","1","0","0","0","0","1","2","0","0","0"
"1644","HEAR","اسمع","review","approved","approved","Selected general vocabulary. Approval requires at least one approved MSA relationship; an unsuitable translation alone does not reject the headword.","1","2","{""approved"":1}","{""approved"":1,""review"":1}","{""msa"":2}","1","1","1","1","0","0","0","2","0","0","0"
"1645","SOMETIMES","أحياناً","review","approved","approved","Selected general vocabulary. Approval requires at least one approved MSA relationship; an unsuitable translation alone does not reject the headword.","1","2","{""approved"":1}","{""review"":1,""approved"":1}","{""msa"":2}","1","1","1","1","0","0","0","2","0","0","0"
"1646","WATCHES","الساعات","review","approved","approved","Selected general vocabulary. Approval requires at least one approved MSA relationship; an unsuitable translation alone does not reject the headword.","1","2","{""approved"":1}","{""approved"":2}","{""msa"":2}","2","2","1","1","0","0","1","2","0","0","0"
"1647","CAREERS","وظائف","review","approved","approved","Selected general vocabulary. Approval requires at least one approved MSA relationship; an unsuitable translation alone does not reject the headword.","1","3","{""approved"":1}","{""approved"":2,""review"":1}","{""msa"":3}","2","2","1","1","0","0","1","3","0","0","0"
"1648","BEYOND","ما بعد","review","approved","approved","Selected general vocabulary. Approval requires at least one approved MSA relationship; an unsuitable translation alone does not reject the headword.","1","1","{""approved"":1}","{""approved"":1}","{""msa"":1}","1","1","1","1","0","0","0","1","0","0","1"
"1649","GOES","يذهب","review","approved","approved","Selected general vocabulary. Approval requires at least one approved MSA relationship; an unsuitable translation alone does not reject the headword.","1","1","{""approved"":1}","{""approved"":1}","{""msa"":1}","1","1","1","1","0","0","0","1","0","0","0"
"1650","FAMILIES","الأسر","review","approved","approved","Selected general vocabulary. Approval requires at least one approved MSA relationship; an unsuitable translation alone does not reject the headword.","1","6","{""approved"":1}","{""approved"":4,""review"":2}","{""msa"":6}","4","4","1","1","0","0","3","6","0","0","0"
"1651","LED","قاد","review","approved","approved","Selected general vocabulary. Approval requires at least one approved MSA relationship; an unsuitable translation alone does not reject the headword.","1","1","{""approved"":1}","{""approved"":1}","{""msa"":1}","1","1","1","1","0","0","0","1","0","0","0"
"1652","MUSEUM","متحف","review","approved","approved","Selected general vocabulary. Approval requires at least one approved MSA relationship; an unsuitable translation alone does not reject the headword.","1","2","{""approved"":1}","{""approved"":2}","{""msa"":2}","2","2","1","1","0","0","1","2","0","0","0"
"1653","THEMSELVES","أنفسهم","review","approved","approved","Selected general vocabulary. Approval requires at least one approved MSA relationship; an unsuitable translation alone does not reject the headword.","1","1","{""approved"":1}","{""approved"":1}","{""msa"":1}","1","1","1","1","0","0","0","1","0","0","0"
"1654","FAN","مروحة","review","approved","approved","Selected general vocabulary. Approval requires at least one approved MSA relationship; an unsuitable translation alone does not reject the headword.","1","5","{""approved"":1}","{""approved"":5}","{""msa"":5}","5","5","2","2","0","0","3","5","0","5","0"
"1655","TRANSPORT","النقل","review","approved","approved","Selected general vocabulary. Approval requires at least one approved MSA relationship; an unsuitable translation alone does not reject the headword.","1","3","{""approved"":1}","{""approved"":3}","{""msa"":3}","3","3","1","1","0","0","2","3","0","0","0"
