"id","size","mode","seed","attempt","template","row","col","slotDirection","length","pattern","constraints","liveZero","criticallySmall","fullCriticallySmall","liveDomain","observedLiveUnique","observerReason","type","fullCount","sampledCount","windowCount","fullUnused","sampledUnused","windowUnused","usedMatches","omittedAnswers","retainedPct","samplingZero","samplingHealthyToSmall","earlierChoicesConsumedMatches"
"30249d1e05b5bcc8","13","en_to_ar","1","1","1101110011011/1111111111011/0110011100110/0110011011111/1101110011011/1101100110110/0011001100111/0110111001111/1110110011111/1111001111011/1101101100110/1110111111111/1110011011011","3","8","across","5","?غ???","[{""position"":4,""characters"":[""ا"",""ة"",""د"",""ز"",""ل"",""م"",""ي""]},{""position"":3,""characters"":[""ا"",""ر"",""س"",""ل"",""و"",""ي""]},{""position"":2,""characters"":[""ا"",""ت"",""ج"",""د"",""ص"",""ط"",""م"",""ن"",""ي""]},{""position"":1,""characters"":[""غ""]},{""position"":0,""characters"":[""ا"",""ب"",""ت"",""د"",""ق"",""ل"",""م""]}]","false","true","true","1","1","arc-support","SUPPORTED_SMALL_DOMAIN","3","1","1","3","1","1","[]","[""اغنية"",""مغطاة""]","33.333333333333336","false","false","false"
"06939a475f45ce88","13","en_to_ar","1","1","1101110011011/1111111111011/0110011100110/0110011011111/1101110011011/1101100110110/0011001100111/0110111001111/1110110011111/1111001111011/1101101100110/1110111111111/1110011011011","5","10","down","4","????","[{""position"":0,""characters"":[""ا"",""ت"",""ج"",""ح"",""ك""]},{""position"":1,""characters"":[""ز"",""ش"",""ع""]},{""position"":2,""characters"":[""ا"",""ل""]},{""position"":3,""characters"":[""ا"",""ب"",""ج"",""ص"",""ل"",""م""]}]","false","true","false","3","3","arc-support","SUPPORTED_SMALL_DOMAIN","5","3","3","5","3","3","[]","[""اعلم"",""تعال""]","60","false","true","false"
"1b15e82447f4e7d5","13","en_to_ar","1","1","1101110011011/1111111111011/0110011100110/0110011011111/1101110011011/1101100110110/0011001100111/0110111001111/1110110011111/1111001111011/1101101100110/1110111111111/1110011011011","8","8","across","5","الج??","[{""position"":4,""characters"":[""ب"",""ش"",""ل"",""ن""]},{""position"":3,""characters"":[""د"",""ه"",""ي""]},{""position"":2,""characters"":[""ج""]},{""position"":1,""characters"":[""ل""]},{""position"":0,""characters"":[""ا""]}]","false","true","true","2","2","arc-support","SUPPORTED_SMALL_DOMAIN","3","2","2","3","2","2","[]","[""الجين""]","66.66666666666667","false","false","false"
"9e37dadc15ab9b95","13","en_to_ar","1","1","1101110011011/1111111111011/0110011100110/0110011011111/1101110011011/1101100110110/0011001100111/0110111001111/1110110011111/1111001111011/1101101100110/1110111111111/1110011011011","9","6","across","4","حي??","[{""position"":3,""characters"":[""ب"",""ة"",""ج"",""ل"",""م"",""ن""]},{""position"":2,""characters"":[""ا"",""ر"",""س"",""ل"",""ن"",""و""]},{""position"":1,""characters"":[""ي""]},{""position"":0,""characters"":[""ح""]}]","false","true","true","1","1","arc-support","SUPPORTED_SMALL_DOMAIN","2","1","1","2","1","1","[]","[""حياة""]","50","false","false","false"
"1be840e07b50a5d9","13","en_to_ar","1","1","1101110011011/1111111111011/0110011100110/0110011011111/1101110011011/1101100110110/0011001100111/0110111001111/1110110011111/1111001111011/1101101100110/1110111111111/1110011011011","9","7","down","3","رب?","[{""position"":0,""characters"":[""ر""]},{""position"":1,""characters"":[""ب""]},{""position"":2,""characters"":[""ح"",""ف"",""ق""]}]","false","true","true","1","1","arc-support","SUPPORTED_SMALL_DOMAIN","2","1","1","2","1","1","[]","[""حبر""]","50","false","false","false"
"30249d1e05b5bcc8","13","en_to_ar","1","2","1101110011011/1111111111011/0110011100110/0110011011111/1101110011011/1101100110110/0011001100111/0110111001111/1110110011111/1111001111011/1101101100110/1110111111111/1110011011011","3","8","across","5","?غ???","[{""position"":4,""characters"":[""ا"",""ة"",""د"",""ز"",""ل"",""م"",""ي""]},{""position"":3,""characters"":[""ا"",""ر"",""س"",""ل"",""و"",""ي""]},{""position"":2,""characters"":[""ا"",""ت"",""ج"",""د"",""ص"",""ط"",""م"",""ن"",""ي""]},{""position"":1,""characters"":[""غ""]},{""position"":0,""characters"":[""ا"",""ب"",""ت"",""د"",""ق"",""ل"",""م""]}]","false","true","true","1","1","arc-support","SUPPORTED_SMALL_DOMAIN","3","1","1","3","1","1","[]","[""اغنية"",""مغطاة""]","33.333333333333336","false","false","false"
"802a5fe2070048a5","13","en_to_ar","1","2","1101110011011/1111111111011/0110011100110/0110011011111/1101110011011/1101100110110/0011001100111/0110111001111/1110110011111/1111001111011/1101101100110/1110111111111/1110011011011","6","12","down","4","???ش","[{""position"":0,""characters"":[""ب"",""ع"",""ف"",""ك"",""ه""]},{""position"":1,""characters"":[""ر"",""س"",""ش"",""ن""]},{""position"":2,""characters"":[""ا"",""ف""]},{""position"":3,""characters"":[""ش""]}]","false","true","true","1","1","arc-support","SUPPORTED_SMALL_DOMAIN","3","1","1","3","1","1","[]","[""فراش"",""شارك""]","33.333333333333336","false","false","false"
"debca8e0a5b2996e","13","en_to_ar","1","2","1101110011011/1111111111011/0110011100110/0110011011111/1101110011011/1101100110110/0011001100111/0110111001111/1110110011111/1111001111011/1101101100110/1110111111111/1110011011011","8","8","across","5","الص??","[{""position"":4,""characters"":[""ب"",""د"",""ر"",""س"",""ش"",""ض"",""ع"",""ل"",""ن""]},{""position"":3,""characters"":[""ب"",""د"",""ط"",""ع"",""م"",""ه"",""ي""]},{""position"":2,""characters"":[""ص""]},{""position"":1,""characters"":[""ل""]},{""position"":0,""characters"":[""ا""]}]","false","true","true","1","1","arc-support","SUPPORTED_SMALL_DOMAIN","2","1","1","2","1","1","[]","[""الصدر""]","50","false","false","false"
"1720a4e73335035e","13","en_to_ar","1","2","1101110011011/1111111111011/0110011100110/0110011011111/1101110011011/1101100110110/0011001100111/0110111001111/1110110011111/1111001111011/1101101100110/1110111111111/1110011011011","7","9","down","3","اي?","[{""position"":0,""characters"":[""ا""]},{""position"":1,""characters"":[""ي""]},{""position"":2,""characters"":[""ا"",""ب"",""ج"",""ح"",""خ"",""د"",""ع"",""ق"",""ل"",""م"",""ن""]}]","false","true","true","1","1","arc-support","SUPPORTED_SMALL_DOMAIN","2","1","1","2","1","1","[]","[""اين""]","50","false","false","false"
"5a9ad50f31c2a17b","13","en_to_ar","1","2","1101110011011/1111111111011/0110011100110/0110011011111/1101110011011/1101100110110/0011001100111/0110111001111/1110110011111/1111001111011/1101101100110/1110111111111/1110011011011","9","6","across","4","ح???","[{""position"":3,""characters"":[""ة"",""م""]},{""position"":2,""characters"":[""ا"",""ج"",""ر"",""و""]},{""position"":1,""characters"":[""ر"",""م"",""ي""]},{""position"":0,""characters"":[""ح""]}]","false","true","false","3","3","arc-support","SUPPORTED_SMALL_DOMAIN","4","3","3","4","3","3","[]","[""حياة""]","75","false","false","false"
"1be840e07b50a5d9","13","en_to_ar","1","2","1101110011011/1111111111011/0110011100110/0110011011111/1101110011011/1101100110110/0011001100111/0110111001111/1110110011111/1111001111011/1101101100110/1110111111111/1110011011011","9","7","down","3","رب?","[{""position"":0,""characters"":[""ر""]},{""position"":1,""characters"":[""ب""]},{""position"":2,""characters"":[""ح"",""ف"",""ق""]}]","false","true","true","1","1","arc-support","SUPPORTED_SMALL_DOMAIN","2","1","1","2","1","1","[]","[""حبر""]","50","false","false","false"
"5a9ad50f31c2a17b","13","en_to_ar","1","2","1101110011011/1111111111011/0110011100110/0110011011111/1101110011011/1101100110110/0011001100111/0110111001111/1110110011111/1111001111011/1101101100110/1110111111111/1110011011011","9","6","across","4","ح???","[{""position"":3,""characters"":[""ة"",""م""]},{""position"":2,""characters"":[""ا"",""ج"",""ر"",""و""]},{""position"":1,""characters"":[""ر"",""م"",""ي""]},{""position"":0,""characters"":[""ح""]}]","false","true","false","3","3","arc-support","SUPPORTED_SMALL_DOMAIN","4","3","3","4","3","3","[]","[""حياة""]","75","false","false","false"
"bea54597684a2905","13","en_to_ar","1","2","1101110011011/1111111111011/0110011100110/0110011011111/1101110011011/1101100110110/0011001100111/0110111001111/1110110011111/1111001111011/1101101100110/1110111111111/1110011011011","9","7","down","3","ر??","[{""position"":0,""characters"":[""ر""]},{""position"":1,""characters"":[""ب"",""د"",""ز"",""س"",""ص"",""ك"",""م""]},{""position"":2,""characters"":[""ا"",""ر"",""ف"",""ق""]}]","false","true","false","3","3","arc-support","SUPPORTED_SMALL_DOMAIN","6","3","3","6","3","3","[]","[""قمر"",""امر"",""فسر""]","50","false","true","false"
"30249d1e05b5bcc8","13","en_to_ar","1","3","1101110011011/1111111111011/0110011100110/0110011011111/1101110011011/1101100110110/0011001100111/0110111001111/1110110011111/1111001111011/1101101100110/1110111111111/1110011011011","3","8","across","5","?غ???","[{""position"":4,""characters"":[""ا"",""ة"",""د"",""ز"",""ل"",""م"",""ي""]},{""position"":3,""characters"":[""ا"",""ر"",""س"",""ل"",""و"",""ي""]},{""position"":2,""characters"":[""ا"",""ت"",""ج"",""د"",""ص"",""ط"",""م"",""ن"",""ي""]},{""position"":1,""characters"":[""غ""]},{""position"":0,""characters"":[""ا"",""ب"",""ت"",""د"",""ق"",""ل"",""م""]}]","false","true","true","1","1","arc-support","SUPPORTED_SMALL_DOMAIN","3","1","1","3","1","1","[]","[""اغنية"",""مغطاة""]","33.333333333333336","false","false","false"
"06939a475f45ce88","13","en_to_ar","1","3","1101110011011/1111111111011/0110011100110/0110011011111/1101110011011/1101100110110/0011001100111/0110111001111/1110110011111/1111001111011/1101101100110/1110111111111/1110011011011","5","10","down","4","????","[{""position"":0,""characters"":[""ا"",""ت"",""ج"",""ح"",""ك""]},{""position"":1,""characters"":[""ز"",""ش"",""ع""]},{""position"":2,""characters"":[""ا"",""ل""]},{""position"":3,""characters"":[""ا"",""ب"",""ج"",""ص"",""ل"",""م""]}]","false","true","false","3","3","arc-support","SUPPORTED_SMALL_DOMAIN","5","3","3","5","3","3","[]","[""اعلم"",""تعال""]","60","false","true","false"
"1b15e82447f4e7d5","13","en_to_ar","1","3","1101110011011/1111111111011/0110011100110/0110011011111/1101110011011/1101100110110/0011001100111/0110111001111/1110110011111/1111001111011/1101101100110/1110111111111/1110011011011","8","8","across","5","الج??","[{""position"":4,""characters"":[""ب"",""ش"",""ل"",""ن""]},{""position"":3,""characters"":[""د"",""ه"",""ي""]},{""position"":2,""characters"":[""ج""]},{""position"":1,""characters"":[""ل""]},{""position"":0,""characters"":[""ا""]}]","false","true","true","2","2","arc-support","SUPPORTED_SMALL_DOMAIN","3","2","2","3","2","2","[]","[""الجين""]","66.66666666666667","false","false","false"
"9e37dadc15ab9b95","13","en_to_ar","1","3","1101110011011/1111111111011/0110011100110/0110011011111/1101110011011/1101100110110/0011001100111/0110111001111/1110110011111/1111001111011/1101101100110/1110111111111/1110011011011","9","6","across","4","حي??","[{""position"":3,""characters"":[""ب"",""ة"",""ج"",""ل"",""م"",""ن""]},{""position"":2,""characters"":[""ا"",""ر"",""س"",""ل"",""ن"",""و""]},{""position"":1,""characters"":[""ي""]},{""position"":0,""characters"":[""ح""]}]","false","true","true","1","1","arc-support","SUPPORTED_SMALL_DOMAIN","2","1","1","2","1","1","[]","[""حياة""]","50","false","false","false"
"1be840e07b50a5d9","13","en_to_ar","1","3","1101110011011/1111111111011/0110011100110/0110011011111/1101110011011/1101100110110/0011001100111/0110111001111/1110110011111/1111001111011/1101101100110/1110111111111/1110011011011","9","7","down","3","رب?","[{""position"":0,""characters"":[""ر""]},{""position"":1,""characters"":[""ب""]},{""position"":2,""characters"":[""ح"",""ف"",""ق""]}]","false","true","true","1","1","arc-support","SUPPORTED_SMALL_DOMAIN","2","1","1","2","1","1","[]","[""حبر""]","50","false","false","false"
"30249d1e05b5bcc8","13","en_to_ar","1","4","1101110011011/1111111111011/0110011100110/0110011011111/1101110011011/1101100110110/0011001100111/0110111001111/1110110011111/1111001111011/1101101100110/1110111111111/1110011011011","3","8","across","5","?غ???","[{""position"":4,""characters"":[""ا"",""ة"",""د"",""ز"",""ل"",""م"",""ي""]},{""position"":3,""characters"":[""ا"",""ر"",""س"",""ل"",""و"",""ي""]},{""position"":2,""characters"":[""ا"",""ت"",""ج"",""د"",""ص"",""ط"",""م"",""ن"",""ي""]},{""position"":1,""characters"":[""غ""]},{""position"":0,""characters"":[""ا"",""ب"",""ت"",""د"",""ق"",""ل"",""م""]}]","false","true","true","1","1","arc-support","SUPPORTED_SMALL_DOMAIN","3","1","1","3","1","1","[]","[""اغنية"",""مغطاة""]","33.333333333333336","false","false","false"
"06939a475f45ce88","13","en_to_ar","1","4","1101110011011/1111111111011/0110011100110/0110011011111/1101110011011/1101100110110/0011001100111/0110111001111/1110110011111/1111001111011/1101101100110/1110111111111/1110011011011","5","10","down","4","????","[{""position"":0,""characters"":[""ا"",""ت"",""ج"",""ح"",""ك""]},{""position"":1,""characters"":[""ز"",""ش"",""ع""]},{""position"":2,""characters"":[""ا"",""ل""]},{""position"":3,""characters"":[""ا"",""ب"",""ج"",""ص"",""ل"",""م""]}]","false","true","false","3","3","arc-support","SUPPORTED_SMALL_DOMAIN","5","3","3","5","3","3","[]","[""اعلم"",""تعال""]","60","false","true","false"
"1b15e82447f4e7d5","13","en_to_ar","1","4","1101110011011/1111111111011/0110011100110/0110011011111/1101110011011/1101100110110/0011001100111/0110111001111/1110110011111/1111001111011/1101101100110/1110111111111/1110011011011","8","8","across","5","الج??","[{""position"":4,""characters"":[""ب"",""ش"",""ل"",""ن""]},{""position"":3,""characters"":[""د"",""ه"",""ي""]},{""position"":2,""characters"":[""ج""]},{""position"":1,""characters"":[""ل""]},{""position"":0,""characters"":[""ا""]}]","false","true","true","2","2","arc-support","SUPPORTED_SMALL_DOMAIN","3","2","2","3","2","2","[]","[""الجين""]","66.66666666666667","false","false","false"
"eadbc69b7d5fa796","13","en_to_ar","1","4","1101110011011/1111111111011/0110011100110/0110011011111/1101110011011/1101100110110/0011001100111/0110111001111/1110110011111/1111001111011/1101101100110/1110111111111/1110011011011","9","6","across","4","حر??","[{""position"":3,""characters"":[""ب"",""ة"",""ج"",""ل"",""م"",""ن""]},{""position"":2,""characters"":[""ا"",""ج"",""ر"",""س"",""ل"",""ن"",""و""]},{""position"":1,""characters"":[""ر""]},{""position"":0,""characters"":[""ح""]}]","false","true","true","2","2","arc-support","SUPPORTED_SMALL_DOMAIN","3","2","2","3","2","2","[]","[""مسرح""]","66.66666666666667","false","false","false"
"d42a3cb0a0c858d1","13","en_to_ar","1","4","1101110011011/1111111111011/0110011100110/0110011011111/1101110011011/1101100110110/0011001100111/0110111001111/1110110011111/1111001111011/1101101100110/1110111111111/1110011011011","9","6","down","4","ة?ف?","[{""position"":0,""characters"":[""ة""]},{""position"":1,""characters"":[""ر"",""س"",""ص"",""ض"",""ع"",""ق"",""ل"",""ه""]},{""position"":2,""characters"":[""ف""]},{""position"":3,""characters"":[""ب"",""ج"",""خ"",""د"",""ر"",""ش"",""ص"",""ط"",""م""]}]","false","true","false","3","3","arc-support","SUPPORTED_SMALL_DOMAIN","5","3","3","5","3","3","[]","[""دفعة"",""صفقة""]","60","false","true","false"
"061da9828ee58c03","13","en_to_ar","1","4","1101110011011/1111111111011/0110011100110/0110011011111/1101110011011/1101100110110/0011001100111/0110111001111/1110110011111/1111001111011/1101101100110/1110111111111/1110011011011","9","6","down","4","ة?ب?","[{""position"":0,""characters"":[""ة""]},{""position"":1,""characters"":[""ر"",""س"",""ص"",""ض"",""ع"",""ق"",""ل"",""ه""]},{""position"":2,""characters"":[""ب""]},{""position"":3,""characters"":[""ب"",""ج"",""خ"",""د"",""ر"",""ش"",""ص"",""ط"",""م""]}]","false","true","true","1","1","arc-support","SUPPORTED_SMALL_DOMAIN","3","1","1","3","1","1","[]","[""خبرة"",""طبعة""]","33.333333333333336","false","false","false"
"a02bbc98654b9dd4","13","en_to_ar","1","4","1101110011011/1111111111011/0110011100110/0110011011111/1101110011011/1101100110110/0011001100111/0110111001111/1110110011111/1111001111011/1101101100110/1110111111111/1110011011011","9","6","down","4","ب???","[{""position"":0,""characters"":[""ب""]},{""position"":1,""characters"":[""ا"",""ر"",""س"",""ص"",""ض"",""ع"",""ق"",""ل"",""ن"",""ه""]},{""position"":2,""characters"":[""ب"",""ف"",""م"",""و""]},{""position"":3,""characters"":[""ا"",""ب"",""ج"",""خ"",""د"",""ر"",""ش"",""ص"",""ط"",""م""]}]","false","true","true","1","1","arc-support","SUPPORTED_SMALL_DOMAIN","2","1","1","2","1","1","[]","[""بنود""]","50","false","false","false"
"cc540b3847274ff1","13","en_to_ar","1","4","1101110011011/1111111111011/0110011100110/0110011011111/1101110011011/1101100110110/0011001100111/0110111001111/1110110011111/1111001111011/1101101100110/1110111111111/1110011011011","9","7","down","3","و??","[{""position"":0,""characters"":[""و""]},{""position"":1,""characters"":[""د"",""ر"",""ز"",""ص"",""ل"",""ن"",""ي""]},{""position"":2,""characters"":[""ا"",""ب"",""ر"",""ف"",""ل""]}]","false","true","false","3","3","arc-support","SUPPORTED_SMALL_DOMAIN","5","3","3","5","3","3","[]","[""وصف"",""ولا""]","60","false","true","false"
"30249d1e05b5bcc8","13","en_to_ar","1","5","1101110011011/1111111111011/0110011100110/0110011011111/1101110011011/1101100110110/0011001100111/0110111001111/1110110011111/1111001111011/1101101100110/1110111111111/1110011011011","3","8","across","5","?غ???","[{""position"":4,""characters"":[""ا"",""ة"",""د"",""ز"",""ل"",""م"",""ي""]},{""position"":3,""characters"":[""ا"",""ر"",""س"",""ل"",""و"",""ي""]},{""position"":2,""characters"":[""ا"",""ت"",""ج"",""د"",""ص"",""ط"",""م"",""ن"",""ي""]},{""position"":1,""characters"":[""غ""]},{""position"":0,""characters"":[""ا"",""ب"",""ت"",""د"",""ق"",""ل"",""م""]}]","false","true","true","1","1","arc-support","SUPPORTED_SMALL_DOMAIN","3","1","1","3","1","1","[]","[""اغنية"",""مغطاة""]","33.333333333333336","false","false","false"
"06939a475f45ce88","13","en_to_ar","1","5","1101110011011/1111111111011/0110011100110/0110011011111/1101110011011/1101100110110/0011001100111/0110111001111/1110110011111/1111001111011/1101101100110/1110111111111/1110011011011","5","10","down","4","????","[{""position"":0,""characters"":[""ا"",""ت"",""ج"",""ح"",""ك""]},{""position"":1,""characters"":[""ز"",""ش"",""ع""]},{""position"":2,""characters"":[""ا"",""ل""]},{""position"":3,""characters"":[""ا"",""ب"",""ج"",""ص"",""ل"",""م""]}]","false","true","false","3","3","arc-support","SUPPORTED_SMALL_DOMAIN","5","3","3","5","3","3","[]","[""اعلم"",""تعال""]","60","false","true","false"
"1b15e82447f4e7d5","13","en_to_ar","1","5","1101110011011/1111111111011/0110011100110/0110011011111/1101110011011/1101100110110/0011001100111/0110111001111/1110110011111/1111001111011/1101101100110/1110111111111/1110011011011","8","8","across","5","الج??","[{""position"":4,""characters"":[""ب"",""ش"",""ل"",""ن""]},{""position"":3,""characters"":[""د"",""ه"",""ي""]},{""position"":2,""characters"":[""ج""]},{""position"":1,""characters"":[""ل""]},{""position"":0,""characters"":[""ا""]}]","false","true","true","2","2","arc-support","SUPPORTED_SMALL_DOMAIN","3","2","2","3","2","2","[]","[""الجين""]","66.66666666666667","false","false","false"
"14820da0fece74a6","13","en_to_ar","1","5","1101110011011/1111111111011/0110011100110/0110011011111/1101110011011/1101100110110/0011001100111/0110111001111/1110110011111/1111001111011/1101101100110/1110111111111/1110011011011","9","6","across","4","حا??","[{""position"":3,""characters"":[""ة"",""ل""]},{""position"":2,""characters"":[""س"",""ل"",""ن""]},{""position"":1,""characters"":[""ا""]},{""position"":0,""characters"":[""ح""]}]","false","true","true","2","2","arc-support","SUPPORTED_SMALL_DOMAIN","3","1","1","3","1","1","[]","[""حانة"",""حاسة""]","33.333333333333336","false","false","false"
"daf229e2f60db2b0","13","en_to_ar","1","5","1101110011011/1111111111011/0110011100110/0110011011111/1101110011011/1101100110110/0011001100111/0110111001111/1110110011111/1111001111011/1101101100110/1110111111111/1110011011011","9","6","across","4","حا??","[{""position"":3,""characters"":[""ة"",""ج"",""ل""]},{""position"":2,""characters"":[""س"",""ل"",""ن"",""و""]},{""position"":1,""characters"":[""ا""]},{""position"":0,""characters"":[""ح""]}]","false","true","false","3","3","arc-support","SUPPORTED_SMALL_DOMAIN","5","3","3","5","3","3","[]","[""حانة"",""حاسة""]","60","false","true","false"
"7e29814adeaee058","13","en_to_ar","1","5","1101110011011/1111111111011/0110011100110/0110011011111/1101110011011/1101100110110/0011001100111/0110111001111/1110110011111/1111001111011/1101101100110/1110111111111/1110011011011","9","6","across","4","حا??","[{""position"":3,""characters"":[""ة"",""ل""]},{""position"":2,""characters"":[""ل"",""ن"",""و""]},{""position"":1,""characters"":[""ا""]},{""position"":0,""characters"":[""ح""]}]","false","true","true","2","2","arc-support","SUPPORTED_SMALL_DOMAIN","3","2","2","3","2","2","[]","[""حانة""]","66.66666666666667","false","false","false"
"6a0915086bb494cb","13","en_to_ar","1","5","1101110011011/1111111111011/0110011100110/0110011011111/1101110011011/1101100110110/0011001100111/0110111001111/1110110011111/1111001111011/1101101100110/1110111111111/1110011011011","9","7","down","3","???","[{""position"":0,""characters"":[""ل"",""و""]},{""position"":1,""characters"":[""ب"",""ص"",""و""]},{""position"":2,""characters"":[""ف"",""ق""]}]","false","true","true","3","3","arc-support","SUPPORTED_SMALL_DOMAIN","3","2","2","3","2","2","[]","[""وصف""]","66.66666666666667","false","false","false"
"fbb8464fc4e8e500","13","en_to_ar","1","5","1101110011011/1111111111011/0110011100110/0110011011111/1101110011011/1101100110110/0011001100111/0110111001111/1110110011111/1111001111011/1101101100110/1110111111111/1110011011011","9","6","across","4","حا??","[{""position"":3,""characters"":[""ة"",""ج"",""ل""]},{""position"":2,""characters"":[""س"",""ن"",""و""]},{""position"":1,""characters"":[""ا""]},{""position"":0,""characters"":[""ح""]}]","false","true","false","3","3","arc-support","SUPPORTED_SMALL_DOMAIN","4","2","2","4","2","2","[]","[""حانة"",""حاسة""]","50","false","false","false"
"fbb8464fc4e8e500","13","en_to_ar","1","5","1101110011011/1111111111011/0110011100110/0110011011111/1101110011011/1101100110110/0011001100111/0110111001111/1110110011111/1111001111011/1101101100110/1110111111111/1110011011011","9","6","across","4","حا??","[{""position"":3,""characters"":[""ة"",""ج"",""ل""]},{""position"":2,""characters"":[""س"",""ن"",""و""]},{""position"":1,""characters"":[""ا""]},{""position"":0,""characters"":[""ح""]}]","false","true","false","3","3","arc-support","SUPPORTED_SMALL_DOMAIN","4","2","2","4","2","2","[]","[""حانة"",""حاسة""]","50","false","false","false"
"14820da0fece74a6","13","en_to_ar","1","5","1101110011011/1111111111011/0110011100110/0110011011111/1101110011011/1101100110110/0011001100111/0110111001111/1110110011111/1111001111011/1101101100110/1110111111111/1110011011011","9","6","across","4","حا??","[{""position"":3,""characters"":[""ة"",""ل""]},{""position"":2,""characters"":[""س"",""ل"",""ن""]},{""position"":1,""characters"":[""ا""]},{""position"":0,""characters"":[""ح""]}]","false","true","true","2","2","arc-support","SUPPORTED_SMALL_DOMAIN","3","1","1","3","1","1","[]","[""حانة"",""حاسة""]","33.333333333333336","false","false","false"
"daf229e2f60db2b0","13","en_to_ar","1","5","1101110011011/1111111111011/0110011100110/0110011011111/1101110011011/1101100110110/0011001100111/0110111001111/1110110011111/1111001111011/1101101100110/1110111111111/1110011011011","9","6","across","4","حا??","[{""position"":3,""characters"":[""ة"",""ج"",""ل""]},{""position"":2,""characters"":[""س"",""ل"",""ن"",""و""]},{""position"":1,""characters"":[""ا""]},{""position"":0,""characters"":[""ح""]}]","false","true","false","3","3","arc-support","SUPPORTED_SMALL_DOMAIN","5","3","3","5","3","3","[]","[""حانة"",""حاسة""]","60","false","true","false"
"30249d1e05b5bcc8","13","en_to_ar","1","6","1101110011011/1111111111011/0110011100110/0110011011111/1101110011011/1101100110110/0011001100111/0110111001111/1110110011111/1111001111011/1101101100110/1110111111111/1110011011011","3","8","across","5","?غ???","[{""position"":4,""characters"":[""ا"",""ة"",""د"",""ز"",""ل"",""م"",""ي""]},{""position"":3,""characters"":[""ا"",""ر"",""س"",""ل"",""و"",""ي""]},{""position"":2,""characters"":[""ا"",""ت"",""ج"",""د"",""ص"",""ط"",""م"",""ن"",""ي""]},{""position"":1,""characters"":[""غ""]},{""position"":0,""characters"":[""ا"",""ب"",""ت"",""د"",""ق"",""ل"",""م""]}]","false","true","true","1","1","arc-support","SUPPORTED_SMALL_DOMAIN","3","1","1","3","1","1","[]","[""اغنية"",""مغطاة""]","33.333333333333336","false","false","false"
"802a5fe2070048a5","13","en_to_ar","1","6","1101110011011/1111111111011/0110011100110/0110011011111/1101110011011/1101100110110/0011001100111/0110111001111/1110110011111/1111001111011/1101101100110/1110111111111/1110011011011","6","12","down","4","???ش","[{""position"":0,""characters"":[""ب"",""ع"",""ف"",""ك"",""ه""]},{""position"":1,""characters"":[""ر"",""س"",""ش"",""ن""]},{""position"":2,""characters"":[""ا"",""ف""]},{""position"":3,""characters"":[""ش""]}]","false","true","true","1","1","arc-support","SUPPORTED_SMALL_DOMAIN","3","1","1","3","1","1","[]","[""فراش"",""شارك""]","33.333333333333336","false","false","false"
"debca8e0a5b2996e","13","en_to_ar","1","6","1101110011011/1111111111011/0110011100110/0110011011111/1101110011011/1101100110110/0011001100111/0110111001111/1110110011111/1111001111011/1101101100110/1110111111111/1110011011011","8","8","across","5","الص??","[{""position"":4,""characters"":[""ب"",""د"",""ر"",""س"",""ش"",""ض"",""ع"",""ل"",""ن""]},{""position"":3,""characters"":[""ب"",""د"",""ط"",""ع"",""م"",""ه"",""ي""]},{""position"":2,""characters"":[""ص""]},{""position"":1,""characters"":[""ل""]},{""position"":0,""characters"":[""ا""]}]","false","true","true","1","1","arc-support","SUPPORTED_SMALL_DOMAIN","2","1","1","2","1","1","[]","[""الصدر""]","50","false","false","false"
"1720a4e73335035e","13","en_to_ar","1","6","1101110011011/1111111111011/0110011100110/0110011011111/1101110011011/1101100110110/0011001100111/0110111001111/1110110011111/1111001111011/1101101100110/1110111111111/1110011011011","7","9","down","3","اي?","[{""position"":0,""characters"":[""ا""]},{""position"":1,""characters"":[""ي""]},{""position"":2,""characters"":[""ا"",""ب"",""ج"",""ح"",""خ"",""د"",""ع"",""ق"",""ل"",""م"",""ن""]}]","false","true","true","1","1","arc-support","SUPPORTED_SMALL_DOMAIN","2","1","1","2","1","1","[]","[""اين""]","50","false","false","false"
"4f5ffb4bc47388f7","13","en_to_ar","1","6","1101110011011/1111111111011/0110011100110/0110011011111/1101110011011/1101100110110/0011001100111/0110111001111/1110110011111/1111001111011/1101101100110/1110111111111/1110011011011","9","6","across","4","ح???","[{""position"":3,""characters"":[""ة"",""م""]},{""position"":2,""characters"":[""ا"",""ج"",""ر""]},{""position"":1,""characters"":[""ر"",""م"",""ي""]},{""position"":0,""characters"":[""ح""]}]","false","true","false","3","3","arc-support","SUPPORTED_SMALL_DOMAIN","4","3","3","4","3","3","[]","[""حياة""]","75","false","false","false"
"b2938bf5d24c87d6","13","en_to_ar","1","6","1101110011011/1111111111011/0110011100110/0110011011111/1101110011011/1101100110110/0011001100111/0110111001111/1110110011111/1111001111011/1101101100110/1110111111111/1110011011011","9","6","across","4","ح??ة","[{""position"":3,""characters"":[""ة""]},{""position"":2,""characters"":[""ا"",""ر""]},{""position"":1,""characters"":[""ر"",""م"",""ي""]},{""position"":0,""characters"":[""ح""]}]","false","true","true","1","1","arc-support","C_API_SAMPLING_LOSS","1","0","0","1","0","0","[]","[""حياة""]","0","true","false","false"
"4f5ffb4bc47388f7","13","en_to_ar","1","6","1101110011011/1111111111011/0110011100110/0110011011111/1101110011011/1101100110110/0011001100111/0110111001111/1110110011111/1111001111011/1101101100110/1110111111111/1110011011011","9","6","across","4","ح???","[{""position"":3,""characters"":[""ة"",""م""]},{""position"":2,""characters"":[""ا"",""ج"",""ر""]},{""position"":1,""characters"":[""ر"",""م"",""ي""]},{""position"":0,""characters"":[""ح""]}]","false","true","false","3","3","arc-support","SUPPORTED_SMALL_DOMAIN","4","3","3","4","3","3","[]","[""حياة""]","75","false","false","false"
"0f08218481d9d4be","13","en_to_ar","1","6","1101110011011/1111111111011/0110011100110/0110011011111/1101110011011/1101100110110/0011001100111/0110111001111/1110110011111/1111001111011/1101101100110/1110111111111/1110011011011","9","6","down","4","????","[{""position"":0,""characters"":[""ة"",""م""]},{""position"":1,""characters"":[""ر"",""ق"",""ل""]},{""position"":2,""characters"":[""ف"",""م""]},{""position"":3,""characters"":[""ح"",""ر"",""ش"",""ط""]}]","false","true","false","3","3","arc-support","SUPPORTED_SMALL_DOMAIN","4","3","3","4","3","3","[]","[""حفلة""]","75","false","false","false"
"5a9ad50f31c2a17b","13","en_to_ar","1","6","1101110011011/1111111111011/0110011100110/0110011011111/1101110011011/1101100110110/0011001100111/0110111001111/1110110011111/1111001111011/1101101100110/1110111111111/1110011011011","9","6","across","4","ح???","[{""position"":3,""characters"":[""ة"",""م""]},{""position"":2,""characters"":[""ا"",""ج"",""ر"",""و""]},{""position"":1,""characters"":[""ر"",""م"",""ي""]},{""position"":0,""characters"":[""ح""]}]","false","true","false","3","3","arc-support","SUPPORTED_SMALL_DOMAIN","4","3","3","4","3","3","[]","[""حياة""]","75","false","false","false"
"482504575d6ecb99","13","en_to_ar","1","6","1101110011011/1111111111011/0110011100110/0110011011111/1101110011011/1101100110110/0011001100111/0110111001111/1110110011111/1111001111011/1101101100110/1110111111111/1110011011011","9","6","down","4","م???","[{""position"":0,""characters"":[""م""]},{""position"":1,""characters"":[""ج"",""ر"",""س"",""ص"",""ض"",""ع"",""ل"",""ن"",""ه""]},{""position"":2,""characters"":[""ب"",""م"",""و""]},{""position"":3,""characters"":[""ا"",""ب"",""ج"",""خ"",""د"",""ص"",""ع"",""م""]}]","false","true","true","1","1","arc-support","SUPPORTED_SMALL_DOMAIN","2","1","1","2","1","1","[]","[""موسم""]","50","false","false","false"
"11980d427e005bcb","13","en_to_ar","1","6","1101110011011/1111111111011/0110011100110/0110011011111/1101110011011/1101100110110/0011001100111/0110111001111/1110110011111/1111001111011/1101101100110/1110111111111/1110011011011","9","6","down","4","ة???","[{""position"":0,""characters"":[""ة""]},{""position"":1,""characters"":[""س"",""ص"",""ع"",""ل"",""ه""]},{""position"":2,""characters"":[""ب"",""و""]},{""position"":3,""characters"":[""ا"",""ب"",""ج"",""خ"",""د"",""ص"",""م""]}]","false","true","false","3","3","arc-support","SUPPORTED_SMALL_DOMAIN","4","3","3","4","3","3","[]","[""دولة""]","75","false","false","false"
"482504575d6ecb99","13","en_to_ar","1","6","1101110011011/1111111111011/0110011100110/0110011011111/1101110011011/1101100110110/0011001100111/0110111001111/1110110011111/1111001111011/1101101100110/1110111111111/1110011011011","9","6","down","4","م???","[{""position"":0,""characters"":[""م""]},{""position"":1,""characters"":[""ج"",""ر"",""س"",""ص"",""ض"",""ع"",""ل"",""ن"",""ه""]},{""position"":2,""characters"":[""ب"",""م"",""و""]},{""position"":3,""characters"":[""ا"",""ب"",""ج"",""خ"",""د"",""ص"",""ع"",""م""]}]","false","true","true","1","1","arc-support","SUPPORTED_SMALL_DOMAIN","2","1","1","2","1","1","[]","[""موسم""]","50","false","false","false"
"482504575d6ecb99","13","en_to_ar","1","6","1101110011011/1111111111011/0110011100110/0110011011111/1101110011011/1101100110110/0011001100111/0110111001111/1110110011111/1111001111011/1101101100110/1110111111111/1110011011011","9","6","down","4","م???","[{""position"":0,""characters"":[""م""]},{""position"":1,""characters"":[""ج"",""ر"",""س"",""ص"",""ض"",""ع"",""ل"",""ن"",""ه""]},{""position"":2,""characters"":[""ب"",""م"",""و""]},{""position"":3,""characters"":[""ا"",""ب"",""ج"",""خ"",""د"",""ص"",""ع"",""م""]}]","false","true","true","1","1","arc-support","SUPPORTED_SMALL_DOMAIN","2","1","1","2","1","1","[]","[""موسم""]","50","false","false","false"
"0c13e2e8d2298c14","13","en_to_ar","1","6","1101110011011/1111111111011/0110011100110/0110011011111/1101110011011/1101100110110/0011001100111/0110111001111/1110110011111/1111001111011/1101101100110/1110111111111/1110011011011","9","6","down","4","ة???","[{""position"":0,""characters"":[""ة""]},{""position"":1,""characters"":[""س"",""ع"",""ل"",""ه""]},{""position"":2,""characters"":[""ب"",""و""]},{""position"":3,""characters"":[""ا"",""ب"",""ج"",""خ"",""د"",""ص"",""م""]}]","false","true","true","2","2","arc-support","SUPPORTED_SMALL_DOMAIN","3","2","2","3","2","2","[]","[""دولة""]","66.66666666666667","false","false","false"
"482504575d6ecb99","13","en_to_ar","1","6","1101110011011/1111111111011/0110011100110/0110011011111/1101110011011/1101100110110/0011001100111/0110111001111/1110110011111/1111001111011/1101101100110/1110111111111/1110011011011","9","6","down","4","م???","[{""position"":0,""characters"":[""م""]},{""position"":1,""characters"":[""ج"",""ر"",""س"",""ص"",""ض"",""ع"",""ل"",""ن"",""ه""]},{""position"":2,""characters"":[""ب"",""م"",""و""]},{""position"":3,""characters"":[""ا"",""ب"",""ج"",""خ"",""د"",""ص"",""ع"",""م""]}]","false","true","true","1","1","arc-support","SUPPORTED_SMALL_DOMAIN","2","1","1","2","1","1","[]","[""موسم""]","50","false","false","false"
"5a9ad50f31c2a17b","13","en_to_ar","1","6","1101110011011/1111111111011/0110011100110/0110011011111/1101110011011/1101100110110/0011001100111/0110111001111/1110110011111/1111001111011/1101101100110/1110111111111/1110011011011","9","6","across","4","ح???","[{""position"":3,""characters"":[""ة"",""م""]},{""position"":2,""characters"":[""ا"",""ج"",""ر"",""و""]},{""position"":1,""characters"":[""ر"",""م"",""ي""]},{""position"":0,""characters"":[""ح""]}]","false","true","false","3","3","arc-support","SUPPORTED_SMALL_DOMAIN","4","3","3","4","3","3","[]","[""حياة""]","75","false","false","false"
"9bb0bacc20b19e80","13","en_to_ar","1","6","1101110011011/1111111111011/0110011100110/0110011011111/1101110011011/1101100110110/0011001100111/0110111001111/1110110011111/1111001111011/1101101100110/1110111111111/1110011011011","9","6","down","4","????","[{""position"":0,""characters"":[""ة"",""م""]},{""position"":1,""characters"":[""ا"",""س"",""ع"",""ن"",""ه""]},{""position"":2,""characters"":[""ب"",""م""]},{""position"":3,""characters"":[""ا"",""ح""]}]","false","true","true","2","2","arc-support","SUPPORTED_SMALL_DOMAIN","3","2","2","3","2","2","[]","[""مسبح""]","66.66666666666667","false","false","false"
"739f68728eab6703","13","en_to_ar","1","6","1101110011011/1111111111011/0110011100110/0110011011111/1101110011011/1101100110110/0011001100111/0110111001111/1110110011111/1111001111011/1101101100110/1110111111111/1110011011011","9","7","down","3","???","[{""position"":0,""characters"":[""ا"",""ج"",""ر""]},{""position"":1,""characters"":[""ب"",""س"",""ص"",""م""]},{""position"":2,""characters"":[""ر"",""ق""]}]","false","true","false","3","3","arc-support","SUPPORTED_SMALL_DOMAIN","5","3","3","5","3","3","[]","[""قمر"",""امر""]","60","false","true","false"
"72233d130f1018e0","13","en_to_ar","1","6","1101110011011/1111111111011/0110011100110/0110011011111/1101110011011/1101100110110/0011001100111/0110111001111/1110110011111/1111001111011/1101101100110/1110111111111/1110011011011","9","6","across","4","ح???","[{""position"":3,""characters"":[""ة"",""م""]},{""position"":2,""characters"":[""ا"",""ر""]},{""position"":1,""characters"":[""ر"",""م"",""ي""]},{""position"":0,""characters"":[""ح""]}]","false","true","true","2","2","arc-support","SUPPORTED_SMALL_DOMAIN","3","2","2","3","2","2","[]","[""حياة""]","66.66666666666667","false","false","false"
"30249d1e05b5bcc8","13","en_to_ar","1","7","1101110011011/1111111111011/0110011100110/0110011011111/1101110011011/1101100110110/0011001100111/0110111001111/1110110011111/1111001111011/1101101100110/1110111111111/1110011011011","3","8","across","5","?غ???","[{""position"":4,""characters"":[""ا"",""ة"",""د"",""ز"",""ل"",""م"",""ي""]},{""position"":3,""characters"":[""ا"",""ر"",""س"",""ل"",""و"",""ي""]},{""position"":2,""characters"":[""ا"",""ت"",""ج"",""د"",""ص"",""ط"",""م"",""ن"",""ي""]},{""position"":1,""characters"":[""غ""]},{""position"":0,""characters"":[""ا"",""ب"",""ت"",""د"",""ق"",""ل"",""م""]}]","false","true","true","1","1","arc-support","SUPPORTED_SMALL_DOMAIN","3","1","1","3","1","1","[]","[""اغنية"",""مغطاة""]","33.333333333333336","false","false","false"
"06939a475f45ce88","13","en_to_ar","1","7","1101110011011/1111111111011/0110011100110/0110011011111/1101110011011/1101100110110/0011001100111/0110111001111/1110110011111/1111001111011/1101101100110/1110111111111/1110011011011","5","10","down","4","????","[{""position"":0,""characters"":[""ا"",""ت"",""ج"",""ح"",""ك""]},{""position"":1,""characters"":[""ز"",""ش"",""ع""]},{""position"":2,""characters"":[""ا"",""ل""]},{""position"":3,""characters"":[""ا"",""ب"",""ج"",""ص"",""ل"",""م""]}]","false","true","false","3","3","arc-support","SUPPORTED_SMALL_DOMAIN","5","3","3","5","3","3","[]","[""اعلم"",""تعال""]","60","false","true","false"
"1b15e82447f4e7d5","13","en_to_ar","1","7","1101110011011/1111111111011/0110011100110/0110011011111/1101110011011/1101100110110/0011001100111/0110111001111/1110110011111/1111001111011/1101101100110/1110111111111/1110011011011","8","8","across","5","الج??","[{""position"":4,""characters"":[""ب"",""ش"",""ل"",""ن""]},{""position"":3,""characters"":[""د"",""ه"",""ي""]},{""position"":2,""characters"":[""ج""]},{""position"":1,""characters"":[""ل""]},{""position"":0,""characters"":[""ا""]}]","false","true","true","2","2","arc-support","SUPPORTED_SMALL_DOMAIN","3","2","2","3","2","2","[]","[""الجين""]","66.66666666666667","false","false","false"
"eadbc69b7d5fa796","13","en_to_ar","1","7","1101110011011/1111111111011/0110011100110/0110011011111/1101110011011/1101100110110/0011001100111/0110111001111/1110110011111/1111001111011/1101101100110/1110111111111/1110011011011","9","6","across","4","حر??","[{""position"":3,""characters"":[""ب"",""ة"",""ج"",""ل"",""م"",""ن""]},{""position"":2,""characters"":[""ا"",""ج"",""ر"",""س"",""ل"",""ن"",""و""]},{""position"":1,""characters"":[""ر""]},{""position"":0,""characters"":[""ح""]}]","false","true","true","2","2","arc-support","SUPPORTED_SMALL_DOMAIN","3","2","2","3","2","2","[]","[""مسرح""]","66.66666666666667","false","false","false"
"d42a3cb0a0c858d1","13","en_to_ar","1","7","1101110011011/1111111111011/0110011100110/0110011011111/1101110011011/1101100110110/0011001100111/0110111001111/1110110011111/1111001111011/1101101100110/1110111111111/1110011011011","9","6","down","4","ة?ف?","[{""position"":0,""characters"":[""ة""]},{""position"":1,""characters"":[""ر"",""س"",""ص"",""ض"",""ع"",""ق"",""ل"",""ه""]},{""position"":2,""characters"":[""ف""]},{""position"":3,""characters"":[""ب"",""ج"",""خ"",""د"",""ر"",""ش"",""ص"",""ط"",""م""]}]","false","true","false","3","3","arc-support","SUPPORTED_SMALL_DOMAIN","5","3","3","5","3","3","[]","[""دفعة"",""صفقة""]","60","false","true","false"
"061da9828ee58c03","13","en_to_ar","1","7","1101110011011/1111111111011/0110011100110/0110011011111/1101110011011/1101100110110/0011001100111/0110111001111/1110110011111/1111001111011/1101101100110/1110111111111/1110011011011","9","6","down","4","ة?ب?","[{""position"":0,""characters"":[""ة""]},{""position"":1,""characters"":[""ر"",""س"",""ص"",""ض"",""ع"",""ق"",""ل"",""ه""]},{""position"":2,""characters"":[""ب""]},{""position"":3,""characters"":[""ب"",""ج"",""خ"",""د"",""ر"",""ش"",""ص"",""ط"",""م""]}]","false","true","true","1","1","arc-support","SUPPORTED_SMALL_DOMAIN","3","1","1","3","1","1","[]","[""خبرة"",""طبعة""]","33.333333333333336","false","false","false"
"a02bbc98654b9dd4","13","en_to_ar","1","7","1101110011011/1111111111011/0110011100110/0110011011111/1101110011011/1101100110110/0011001100111/0110111001111/1110110011111/1111001111011/1101101100110/1110111111111/1110011011011","9","6","down","4","ب???","[{""position"":0,""characters"":[""ب""]},{""position"":1,""characters"":[""ا"",""ر"",""س"",""ص"",""ض"",""ع"",""ق"",""ل"",""ن"",""ه""]},{""position"":2,""characters"":[""ب"",""ف"",""م"",""و""]},{""position"":3,""characters"":[""ا"",""ب"",""ج"",""خ"",""د"",""ر"",""ش"",""ص"",""ط"",""م""]}]","false","true","true","1","1","arc-support","SUPPORTED_SMALL_DOMAIN","2","1","1","2","1","1","[]","[""بنود""]","50","false","false","false"
"cc540b3847274ff1","13","en_to_ar","1","7","1101110011011/1111111111011/0110011100110/0110011011111/1101110011011/1101100110110/0011001100111/0110111001111/1110110011111/1111001111011/1101101100110/1110111111111/1110011011011","9","7","down","3","و??","[{""position"":0,""characters"":[""و""]},{""position"":1,""characters"":[""د"",""ر"",""ز"",""ص"",""ل"",""ن"",""ي""]},{""position"":2,""characters"":[""ا"",""ب"",""ر"",""ف"",""ل""]}]","false","true","false","3","3","arc-support","SUPPORTED_SMALL_DOMAIN","5","3","3","5","3","3","[]","[""وصف"",""ولا""]","60","false","true","false"
"9e37dadc15ab9b95","13","en_to_ar","1","7","1101110011011/1111111111011/0110011100110/0110011011111/1101110011011/1101100110110/0011001100111/0110111001111/1110110011111/1111001111011/1101101100110/1110111111111/1110011011011","9","6","across","4","حي??","[{""position"":3,""characters"":[""ب"",""ة"",""ج"",""ل"",""م"",""ن""]},{""position"":2,""characters"":[""ا"",""ر"",""س"",""ل"",""ن"",""و""]},{""position"":1,""characters"":[""ي""]},{""position"":0,""characters"":[""ح""]}]","false","true","true","1","1","arc-support","SUPPORTED_SMALL_DOMAIN","2","1","1","2","1","1","[]","[""حياة""]","50","false","false","false"
"1be840e07b50a5d9","13","en_to_ar","1","7","1101110011011/1111111111011/0110011100110/0110011011111/1101110011011/1101100110110/0011001100111/0110111001111/1110110011111/1111001111011/1101101100110/1110111111111/1110011011011","9","7","down","3","رب?","[{""position"":0,""characters"":[""ر""]},{""position"":1,""characters"":[""ب""]},{""position"":2,""characters"":[""ح"",""ف"",""ق""]}]","false","true","true","1","1","arc-support","SUPPORTED_SMALL_DOMAIN","2","1","1","2","1","1","[]","[""حبر""]","50","false","false","false"
"c5cf6b06d70c6607","13","en_to_ar","2","1","1110011011011/1111111111011/0011100110110/0110111001110/1111011111011/1111001110011/0110110110110/1100111001111/1101111101111/0111001110110/0110110011100/1101111111111/1101101100111","4","0","across","4","?ك??","[{""position"":3,""characters"":[""ا"",""ر"",""ض"",""ف"",""ق"",""ك"",""ل"",""م"",""ن"",""ه""]},{""position"":2,""characters"":[""ا"",""ل"",""و"",""ي""]},{""position"":1,""characters"":[""ك""]},{""position"":0,""characters"":[""ا"",""ت"",""ح"",""د"",""ش"",""ض"",""ع"",""غ"",""ل"",""م"",""ن"",""و"",""ي""]}]","false","true","false","3","3","arc-support","SUPPORTED_SMALL_DOMAIN","9","3","3","9","3","3","[]","[""الكل"",""وكيل"",""ملكي"",""مكلف"",""الكم"",""كوكا""]","33.333333333333336","false","true","false"
"c5cf6b06d70c6607","13","en_to_ar","2","1","1110011011011/1111111111011/0011100110110/0110111001110/1111011111011/1111001110011/0110110110110/1100111001111/1101111101111/0111001110110/0110110011100/1101111111111/1101101100111","4","0","across","4","?ك??","[{""position"":3,""characters"":[""ا"",""ر"",""ض"",""ف"",""ق"",""ك"",""ل"",""م"",""ن"",""ه""]},{""position"":2,""characters"":[""ا"",""ل"",""و"",""ي""]},{""position"":1,""characters"":[""ك""]},{""position"":0,""characters"":[""ا"",""ت"",""ح"",""د"",""ش"",""ض"",""ع"",""غ"",""ل"",""م"",""ن"",""و"",""ي""]}]","false","true","false","3","3","arc-support","SUPPORTED_SMALL_DOMAIN","9","3","3","9","3","3","[]","[""الكل"",""وكيل"",""ملكي"",""مكلف"",""الكم"",""كوكا""]","33.333333333333336","false","true","false"
"1516cf9c1c7f8043","13","en_to_ar","2","1","1110011011011/1111111111011/0011100110110/0110111001110/1111011111011/1111001110011/0110110110110/1100111001111/1101111101111/0111001110110/0110110011100/1101111111111/1101101100111","4","0","across","4","?ع??","[{""position"":3,""characters"":[""ا"",""س"",""ض"",""ق"",""م"",""ن""]},{""position"":2,""characters"":[""ز"",""و""]},{""position"":1,""characters"":[""ع""]},{""position"":0,""characters"":[""ا"",""ت"",""د"",""غ"",""م"",""ن"",""ي""]}]","false","true","true","3","3","arc-support","C_API_SAMPLING_LOSS","1","0","0","1","0","0","[]","[""موعد""]","0","true","false","false"
"5c1de8ffd31e1eea","13","en_to_ar","2","1","1110011011011/1111111111011/0011100110110/0110111001110/1111011111011/1111001110011/0110110110110/1100111001111/1101111101111/0111001110110/0110110011100/1101111111111/1101101100111","5","0","across","4","?ل??","[{""position"":3,""characters"":[""ت"",""ح"",""د"",""ر"",""ط"",""ك"",""ل"",""م"",""ن""]},{""position"":2,""characters"":[""ج"",""ر""]},{""position"":1,""characters"":[""ل""]},{""position"":0,""characters"":[""ا"",""ب"",""س"",""ش"",""ك"",""ل"",""م"",""ي""]}]","false","true","true","2","2","arc-support","C_API_SAMPLING_LOSS","3","0","0","3","0","0","[]","[""الرد"",""مجلس"",""الجل""]","0","true","false","false"
"0c0fac486339f74f","13","en_to_ar","2","1","1110011011011/1111111111011/0011100110110/0110111001110/1111011111011/1111001110011/0110110110110/1100111001111/1101111101111/0111001110110/0110110011100/1101111111111/1101101100111","5","0","across","4","??م?","[{""position"":3,""characters"":[""ت"",""ح"",""د"",""ر"",""ط"",""ك"",""م"",""ن""]},{""position"":2,""characters"":[""م""]},{""position"":1,""characters"":[""ا"",""ل""]},{""position"":0,""characters"":[""ا"",""ب"",""س"",""ش"",""ك"",""ل"",""م"",""ي""]}]","false","true","false","3","3","arc-support","SUPPORTED_SMALL_DOMAIN","4","3","3","4","3","3","[]","[""رمال""]","75","false","false","false"
"59611f1d8e358e8e","13","en_to_ar","2","1","1110011011011/1111111111011/0011100110110/0110111001110/1111011111011/1111001110011/0110110110110/1100111001111/1101111101111/0111001110110/0110110011100/1101111111111/1101101100111","2","2","across","3","???","[{""position"":2,""characters"":[""ا"",""ت""]},{""position"":1,""characters"":[""ب"",""ح"",""ر"",""ع""]},{""position"":0,""characters"":[""ب"",""د"",""ش"",""ط""]}]","false","true","false","3","3","arc-support","SUPPORTED_SMALL_DOMAIN","4","3","3","4","3","3","[]","[""دعا""]","75","false","false","false"
"09794c5f40a28c47","13","en_to_ar","2","1","1110011011011/1111111111011/0011100110110/0110111001110/1111011111011/1111001110011/0110110110110/1100111001111/1101111101111/0111001110110/0110110011100/1101111111111/1101101100111","4","0","across","4","??و?","[{""position"":3,""characters"":[""ا"",""س"",""ض"",""ق"",""م"",""ن""]},{""position"":2,""characters"":[""و""]},{""position"":1,""characters"":[""ع"",""ك"",""م""]},{""position"":0,""characters"":[""ا"",""ت"",""د"",""غ"",""م"",""ن"",""ي""]}]","false","true","true","2","2","arc-support","SUPPORTED_SMALL_DOMAIN","3","2","2","3","2","2","[]","[""موعد""]","66.66666666666667","false","false","false"
"09794c5f40a28c47","13","en_to_ar","2","1","1110011011011/1111111111011/0011100110110/0110111001110/1111011111011/1111001110011/0110110110110/1100111001111/1101111101111/0111001110110/0110110011100/1101111111111/1101101100111","4","0","across","4","??و?","[{""position"":3,""characters"":[""ا"",""س"",""ض"",""ق"",""م"",""ن""]},{""position"":2,""characters"":[""و""]},{""position"":1,""characters"":[""ع"",""ك"",""م""]},{""position"":0,""characters"":[""ا"",""ت"",""د"",""غ"",""م"",""ن"",""ي""]}]","false","true","true","2","2","arc-support","SUPPORTED_SMALL_DOMAIN","3","2","2","3","2","2","[]","[""موعد""]","66.66666666666667","false","false","false"
"eb1bcef117369b41","13","en_to_ar","2","1","1110011011011/1111111111011/0011100110110/0110111001110/1111011111011/1111001110011/0110110110110/1100111001111/1101111101111/0111001110110/0110110011100/1101111111111/1101101100111","5","0","across","4","??ر?","[{""position"":3,""characters"":[""ت"",""ح"",""د"",""ر"",""ط"",""ك"",""ل"",""م"",""ن""]},{""position"":2,""characters"":[""ر""]},{""position"":1,""characters"":[""ا"",""ل""]},{""position"":0,""characters"":[""ا"",""ب"",""س"",""ش"",""ك"",""ل"",""م"",""ي""]}]","false","true","false","1","1","arc-support","SUPPORTED_SMALL_DOMAIN","4","1","1","4","1","1","[]","[""بارد"",""الرد"",""مراب""]","25","false","false","false"
"ce692eb0e549d370","13","en_to_ar","2","1","1110011011011/1111111111011/0011100110110/0110111001110/1111011111011/1111001110011/0110110110110/1100111001111/1101111101111/0111001110110/0110110011100/1101111111111/1101101100111","4","0","across","4","??ز?","[{""position"":3,""characters"":[""ا"",""س"",""ض"",""ق"",""م"",""ن""]},{""position"":2,""characters"":[""ز""]},{""position"":1,""characters"":[""ع"",""ك"",""م""]},{""position"":0,""characters"":[""ا"",""ت"",""د"",""غ"",""م"",""ن"",""ي""]}]","false","true","true","1","1","arc-support","SUPPORTED_SMALL_DOMAIN","2","1","1","2","1","1","[]","[""مزمن""]","50","false","false","false"
"e37604e186d986ff","13","en_to_ar","2","1","1110011011011/1111111111011/0011100110110/0110111001110/1111011111011/1111001110011/0110110110110/1100111001111/1101111101111/0111001110110/0110110011100/1101111111111/1101101100111","5","0","across","4","??ج?","[{""position"":3,""characters"":[""ت"",""ح"",""د"",""ر"",""ط"",""ك"",""ل"",""م"",""ن""]},{""position"":2,""characters"":[""ج""]},{""position"":1,""characters"":[""ا"",""ل""]},{""position"":0,""characters"":[""ا"",""ب"",""س"",""ش"",""ك"",""ل"",""م"",""ي""]}]","false","true","false","1","1","arc-support","SUPPORTED_SMALL_DOMAIN","4","1","1","4","1","1","[]","[""مجلس"",""مجال"",""الجل""]","25","false","false","false"
"837a369b5eebc0fc","13","en_to_ar","2","2","1110011011011/1111111111011/0011100110110/0110111001110/1111011111011/1111001110011/0110110110110/1100111001111/1101111101111/0111001110110/0110110011100/1101111111111/1101101100111","0","2","down","7","?ج?????","[{""position"":0,""characters"":[""ء"",""ا"",""ب"",""ة"",""ت"",""ج"",""ح"",""د"",""ر"",""س"",""ص"",""ض"",""ط"",""ع"",""غ"",""ف"",""ق"",""ك"",""ل"",""م"",""ن"",""ه"",""و"",""ى"",""ي""]},{""position"":1,""characters"":[""ج""]},{""position"":2,""characters"":[""ا"",""ب"",""ت"",""ث"",""ج"",""ح"",""خ"",""د"",""ذ"",""ر"",""ز"",""س"",""ش"",""ص"",""ض"",""ط"",""ظ"",""ع"",""غ"",""ف"",""ق"",""ك"",""ل"",""م"",""ن"",""ه"",""و"",""ي""]},{""position"":3,""characters"":[""ا"",""ب"",""ت"",""ث"",""ج"",""ح"",""خ"",""د"",""ذ"",""ر"",""ز"",""س"",""ش"",""ص"",""ض"",""ط"",""ظ"",""ع"",""غ"",""ف"",""ق"",""ك"",""ل"",""م"",""ن"",""ه"",""و"",""ي""]},{""position"":4,""characters"":[""ؤ"",""ئ"",""ا"",""ب"",""ت"",""ث"",""ج"",""ح"",""خ"",""د"",""ذ"",""ر"",""ز"",""س"",""ش"",""ص"",""ض"",""ط"",""ظ"",""ع"",""غ"",""ف"",""ق"",""ك"",""ل"",""م"",""ن"",""ه"",""و"",""ي""]},{""position"":5,""characters"":[""ئ"",""ا"",""ب"",""ت"",""ث"",""ج"",""ح"",""خ"",""د"",""ذ"",""ر"",""ز"",""س"",""ش"",""ص"",""ظ"",""ع"",""غ"",""ف"",""ق"",""ك"",""ل"",""م"",""ن"",""ه"",""و"",""ي""]},{""position"":6,""characters"":[""ا"",""ب"",""ت"",""ج"",""ح"",""د"",""ر"",""ز"",""س"",""ص"",""ض"",""ط"",""ع"",""غ"",""ف"",""ق"",""ك"",""ل"",""م"",""ن"",""ه"",""و"",""ي""]}]","false","true","false","3","2","arc-support","SUPPORTED_SMALL_DOMAIN","9","2","2","9","2","2","[]","[""المتاجر"",""اجتماعي"",""النتيجة"",""مجموعات"",""المنتجع"",""البرمجة"",""المراجع""]","22.22222222222222","false","true","false"
"12e95c3e89af34d6","13","en_to_ar","2","2","1110011011011/1111111111011/0011100110110/0110111001110/1111011111011/1111001110011/0110110110110/1100111001111/1101111101111/0111001110110/0110110011100/1101111111111/1101101100111","5","0","across","4","?ل??","[{""position"":3,""characters"":[""ا"",""ب"",""ث"",""ج"",""ض"",""ك"",""ل"",""م"",""ي""]},{""position"":2,""characters"":[""ر"",""و""]},{""position"":1,""characters"":[""ل""]},{""position"":0,""characters"":[""ح"",""خ"",""د"",""ش"",""ع"",""ف"",""ق"",""ك"",""ن""]}]","false","true","false","2","2","arc-support","SUPPORTED_SMALL_DOMAIN","4","2","2","4","2","2","[]","[""علوم"",""حلول""]","50","false","false","false"
"2594be137c77fe06","13","en_to_ar","2","2","1110011011011/1111111111011/0011100110110/0110111001110/1111011111011/1111001110011/0110110110110/1100111001111/1101111101111/0111001110110/0110110011100/1101111111111/1101101100111","4","0","across","4","?م??","[{""position"":3,""characters"":[""ب"",""ج"",""ط"",""ع"",""ف"",""ق"",""ك"",""ل"",""م"",""ن""]},{""position"":2,""characters"":[""و"",""ي""]},{""position"":1,""characters"":[""م""]},{""position"":0,""characters"":[""ح"",""د"",""س"",""ش"",""ط"",""ع"",""غ"",""ق"",""ي""]}]","false","true","false","3","3","arc-support","SUPPORTED_SMALL_DOMAIN","4","3","3","4","3","3","[]","[""سمين""]","75","false","false","false"
"b19174fb93143d38","13","en_to_ar","2","2","1110011011011/1111111111011/0011100110110/0110111001110/1111011111011/1111001110011/0110110110110/1100111001111/1101111101111/0111001110110/0110110011100/1101111111111/1101101100111","4","0","across","4","????","[{""position"":3,""characters"":[""ا"",""ك"",""م""]},{""position"":2,""characters"":[""ا"",""ل""]},{""position"":1,""characters"":[""ك"",""م""]},{""position"":0,""characters"":[""ل"",""م""]}]","false","true","true","3","3","arc-support","SUPPORTED_SMALL_DOMAIN","3","1","1","3","1","1","[]","[""الكل"",""الكم""]","33.333333333333336","false","false","false"
"2b0f8ac825de3b5f","13","en_to_ar","2","2","1110011011011/1111111111011/0011100110110/0110111001110/1111011111011/1111001110011/0110110110110/1100111001111/1101111101111/0111001110110/0110110011100/1101111111111/1101101100111","2","2","across","3","??ا","[{""position"":2,""characters"":[""ا""]},{""position"":1,""characters"":[""ب"",""ل"",""م"",""و""]},{""position"":0,""characters"":[""ب"",""ح"",""ع"",""ق"",""ن"",""ي""]}]","false","true","false","2","1","arc-support","SUPPORTED_SMALL_DOMAIN","4","1","1","4","1","1","[]","[""ابن"",""ابق"",""حلا""]","25","false","false","false"
"41c203e39bfc28c7","13","en_to_ar","2","2","1110011011011/1111111111011/0011100110110/0110111001110/1111011111011/1111001110011/0110110110110/1100111001111/1101111101111/0111001110110/0110110011100/1101111111111/1101101100111","1","4","down","3","تن?","[{""position"":0,""characters"":[""ت""]},{""position"":1,""characters"":[""ن""]},{""position"":2,""characters"":[""ا"",""ب"",""ت"",""د"",""ز"",""س"",""ف"",""م""]}]","false","true","false","1","1","arc-support","SUPPORTED_SMALL_DOMAIN","4","1","1","4","1","1","[]","[""بنت"",""سنت"",""تنس""]","25","false","false","false"
"7b8feaa230008c12","13","en_to_ar","2","2","1110011011011/1111111111011/0011100110110/0110111001110/1111011111011/1111001110011/0110110110110/1100111001111/1101111101111/0111001110110/0110110011100/1101111111111/1101101100111","0","2","down","7","?ط?????","[{""position"":0,""characters"":[""ء"",""ا"",""ب"",""ة"",""ت"",""ج"",""ح"",""د"",""ر"",""س"",""ص"",""ض"",""ط"",""ع"",""غ"",""ف"",""ق"",""ك"",""ل"",""م"",""ن"",""ه"",""و"",""ى"",""ي""]},{""position"":1,""characters"":[""ط""]},{""position"":2,""characters"":[""ا"",""ب"",""ت"",""ث"",""ج"",""ح"",""خ"",""د"",""ذ"",""ر"",""ز"",""س"",""ش"",""ص"",""ض"",""ط"",""ظ"",""ع"",""غ"",""ف"",""ق"",""ك"",""ل"",""م"",""ن"",""ه"",""و"",""ي""]},{""position"":3,""characters"":[""ا"",""ب"",""ت"",""ث"",""ج"",""ح"",""خ"",""د"",""ذ"",""ر"",""ز"",""س"",""ش"",""ص"",""ض"",""ط"",""ظ"",""ع"",""غ"",""ف"",""ق"",""ك"",""ل"",""م"",""ن"",""ه"",""و"",""ي""]},{""position"":4,""characters"":[""ؤ"",""ئ"",""ا"",""ب"",""ت"",""ث"",""ج"",""ح"",""خ"",""د"",""ذ"",""ر"",""ز"",""س"",""ش"",""ص"",""ض"",""ط"",""ظ"",""ع"",""غ"",""ف"",""ق"",""ك"",""ل"",""م"",""ن"",""ه"",""و"",""ي""]},{""position"":5,""characters"":[""ئ"",""ا"",""ب"",""ت"",""ث"",""ج"",""ح"",""خ"",""د"",""ذ"",""ر"",""ز"",""س"",""ش"",""ص"",""ظ"",""ع"",""غ"",""ف"",""ق"",""ك"",""ل"",""م"",""ن"",""ه"",""و"",""ي""]},{""position"":6,""characters"":[""ا"",""ب"",""ت"",""ج"",""ح"",""د"",""ر"",""ز"",""س"",""ص"",""ض"",""ط"",""ع"",""غ"",""ف"",""ق"",""ك"",""ل"",""م"",""ن"",""ه"",""و"",""ي""]}]","false","true","false","1","1","arc-support","SUPPORTED_SMALL_DOMAIN","8","1","1","8","1","1","[]","[""الخريطة"",""المناطق"",""مطالبات"",""احتياطي"",""المقاطع"",""الانشطة"",""تطبيقات""]","12.5","false","true","false"
"febb0e1cdf3950d3","13","en_to_ar","2","2","1110011011011/1111111111011/0011100110110/0110111001110/1111011111011/1111001110011/0110110110110/1100111001111/1101111101111/0111001110110/0110110011100/1101111111111/1101101100111","0","0","across","3","ة??","[{""position"":2,""characters"":[""ح"",""د"",""س"",""ش"",""ط"",""ل""]},{""position"":1,""characters"":[""ر"",""ق"",""ن""]},{""position"":0,""characters"":[""ة""]}]","false","true","true","1","1","arc-support","SUPPORTED_SMALL_DOMAIN","3","1","1","3","1","1","[]","[""سنة"",""شقة""]","33.333333333333336","false","false","false"
"ad35bbacbfa3c536","13","en_to_ar","2","2","1110011011011/1111111111011/0011100110110/0110111001110/1111011111011/1111001110011/0110110110110/1100111001111/1101111101111/0111001110110/0110110011100/1101111111111/1101101100111","4","0","across","4","?ري?","[{""position"":3,""characters"":[""ف"",""ق"",""ك"",""م""]},{""position"":2,""characters"":[""ي""]},{""position"":1,""characters"":[""ر""]},{""position"":0,""characters"":[""ح"",""د"",""ش"",""ط""]}]","false","true","false","2","2","arc-support","SUPPORTED_SMALL_DOMAIN","4","2","2","4","2","2","[]","[""طريق"",""حريق""]","50","false","false","false"
"b29a11d3a0282085","13","en_to_ar","2","2","1110011011011/1111111111011/0011100110110/0110111001110/1111011111011/1111001110011/0110110110110/1100111001111/1101111101111/0111001110110/0110110011100/1101111111111/1101101100111","5","0","across","4","?لو?","[{""position"":3,""characters"":[""ا"",""د"",""ط"",""م""]},{""position"":2,""characters"":[""و""]},{""position"":1,""characters"":[""ل""]},{""position"":0,""characters"":[""ب"",""ك"",""ي""]}]","false","true","true","1","1","arc-support","SUPPORTED_SMALL_DOMAIN","2","1","1","2","1","1","[]","[""دولي""]","50","false","false","false"
"68677e4b96063021","13","en_to_ar","2","2","1110011011011/1111111111011/0011100110110/0110111001110/1111011111011/1111001110011/0110110110110/1100111001111/1101111101111/0111001110110/0110110011100/1101111111111/1101101100111","2","2","across","3","???","[{""position"":2,""characters"":[""ا"",""د""]},{""position"":1,""characters"":[""ب"",""ل"",""م""]},{""position"":0,""characters"":[""ب"",""ر"",""ش"",""ص"",""ط"",""ق"",""ن"",""ي""]}]","false","true","false","3","2","arc-support","SUPPORTED_SMALL_DOMAIN","6","2","2","6","2","2","[]","[""ابن"",""بلد"",""ابق"",""امر""]","33.333333333333336","false","true","false"
"5abb90ac59d8ae30","13","en_to_ar","2","2","1110011011011/1111111111011/0011100110110/0110111001110/1111011111011/1111001110011/0110110110110/1100111001111/1101111101111/0111001110110/0110110011100/1101111111111/1101101100111","0","0","across","3","ح??","[{""position"":2,""characters"":[""ل"",""م""]},{""position"":1,""characters"":[""ج"",""ق"",""و"",""ي""]},{""position"":0,""characters"":[""ح""]}]","false","true","false","3","3","arc-support","SUPPORTED_SMALL_DOMAIN","4","3","3","4","3","3","[]","[""حول""]","75","false","false","false"
"f4994021ed4d77f2","13","en_to_ar","2","2","1110011011011/1111111111011/0011100110110/0110111001110/1111011111011/1111001110011/0110110110110/1100111001111/1101111101111/0111001110110/0110110011100/1101111111111/1101101100111","2","2","across","3","?ما","[{""position"":2,""characters"":[""ا""]},{""position"":1,""characters"":[""م""]},{""position"":0,""characters"":[""ر"",""ن""]}]","false","true","true","2","1","arc-support","SUPPORTED_SMALL_DOMAIN","2","1","1","2","1","1","[]","[""امر""]","50","false","false","false"
"0ca8d42adb129800","13","en_to_ar","2","2","1110011011011/1111111111011/0011100110110/0110111001110/1111011111011/1111001110011/0110110110110/1100111001111/1101111101111/0111001110110/0110110011100/1101111111111/1101101100111","5","0","across","4","?ل??","[{""position"":3,""characters"":[""ا"",""ت"",""ج"",""ح"",""د"",""ر"",""س"",""ط"",""ع"",""ل"",""م"",""ن"",""و""]},{""position"":2,""characters"":[""م"",""ه""]},{""position"":1,""characters"":[""ل""]},{""position"":0,""characters"":[""ا"",""ب"",""ت"",""ح"",""ر"",""ع"",""ف"",""ك"",""م"",""ي""]}]","false","true","false","2","2","arc-support","SUPPORTED_SMALL_DOMAIN","4","1","1","4","1","1","[]","[""تلمس"",""المس"",""عملي""]","25","false","false","false"
"bd5c0ea64fdf4a32","13","en_to_ar","3","1","1101100110111/1101111111111/0110111101110/0011110011100/1101110011011/1100111101111/0110011100110/1111011110011/1101100111011/0011100111100/0111011110110/1111111111011/1110110011011","3","2","across","4","تح??","[{""position"":3,""characters"":[""ح"",""خ"",""ف"",""ق"",""ل"",""م"",""ن"",""ي""]},{""position"":2,""characters"":[""ب"",""ث"",""خ"",""د"",""ذ"",""ر"",""س"",""ن""]},{""position"":1,""characters"":[""ح""]},{""position"":0,""characters"":[""ت""]}]","false","true","false","2","2","arc-support","SUPPORTED_SMALL_DOMAIN","4","2","2","4","2","2","[]","[""تحدي"",""منحت""]","50","false","false","false"
"adc3e1aa65ef3653","13","en_to_ar","3","1","1101100110111/1101111111111/0110111101110/0011110011100/1101110011011/1100111101111/0110011100110/1111011110011/1101100111011/0011100111100/0111011110110/1111111111011/1110110011011","4","3","across","3","?ل?","[{""position"":2,""characters"":[""خ"",""ق""]},{""position"":1,""characters"":[""ل""]},{""position"":0,""characters"":[""خ"",""ع"",""ق"",""م""]}]","false","true","false","3","2","arc-support","SUPPORTED_SMALL_DOMAIN","4","2","2","4","2","2","[]","[""علق"",""قلق""]","50","false","false","false"
"2b3f2b4d6e679b53","13","en_to_ar","3","1","1101100110111/1101111111111/0110111101110/0011110011100/1101110011011/1100111101111/0110011100110/1111011110011/1101100111011/0011100111100/0111011110110/1111111111011/1110110011011","4","3","across","3","?لق","[{""position"":2,""characters"":[""ق""]},{""position"":1,""characters"":[""ل""]},{""position"":0,""characters"":[""خ"",""ق"",""م""]}]","false","true","true","2","2","arc-support","SUPPORTED_SMALL_DOMAIN","3","2","2","3","2","2","[]","[""قلق""]","66.66666666666667","false","false","false"
"6cce9a5bbe67f482","13","en_to_ar","3","1","1101100110111/1101111111111/0110111101110/0011110011100/1101110011011/1100111101111/0110011100110/1111011110011/1101100111011/0011100111100/0111011110110/1111111111011/1110110011011","5","6","down","3","بد?","[{""position"":0,""characters"":[""ب""]},{""position"":1,""characters"":[""د""]},{""position"":2,""characters"":[""ا"",""ت"",""ح"",""ق"",""و"",""ي""]}]","false","true","true","2","1","arc-support","SUPPORTED_SMALL_DOMAIN","2","1","1","2","1","1","[]","[""بدت""]","50","false","false","false"
"4c54eadc83a8c9e8","13","en_to_ar","3","1","1101100110111/1101111111111/0110111101110/0011110011100/1101110011011/1100111101111/0110011100110/1111011110011/1101100111011/0011100111100/0111011110110/1111111111011/1110110011011","7","3","down","5","????ض","[{""position"":0,""characters"":[""ء"",""ا"",""ب"",""ة"",""ت"",""ث"",""ج"",""ح"",""خ"",""د"",""ذ"",""ر"",""ز"",""س"",""ش"",""ص"",""ض"",""ط"",""ظ"",""ع"",""غ"",""ف"",""ق"",""ك"",""ل"",""م"",""ن"",""ه"",""و"",""ى"",""ي""]},{""position"":1,""characters"":[""ا"",""ب"",""ت"",""ث"",""ج"",""ح"",""خ"",""د"",""ر"",""ز"",""س"",""ش"",""ص"",""ض"",""ط"",""ظ"",""ع"",""غ"",""ف"",""ق"",""ك"",""ل"",""م"",""ن"",""ه"",""و"",""ي""]},{""position"":2,""characters"":[""ئ"",""ا"",""ب"",""ت"",""ج"",""ح"",""خ"",""د"",""ذ"",""ر"",""س"",""ش"",""ص"",""ض"",""ط"",""ظ"",""ع"",""غ"",""ف"",""ق"",""ك"",""ل"",""م"",""ن"",""ه"",""و"",""ي""]},{""position"":3,""characters"":[""ء"",""ا"",""ب"",""ت"",""ث"",""ج"",""ح"",""خ"",""د"",""ذ"",""ر"",""ز"",""س"",""ش"",""ص"",""ض"",""ط"",""ظ"",""ع"",""غ"",""ف"",""ق"",""ك"",""ل"",""م"",""ن"",""ه"",""و"",""ي""]},{""position"":4,""characters"":[""ض""]}]","false","true","false","1","1","arc-support","SUPPORTED_SMALL_DOMAIN","15","1","1","15","1","1","[]","[""الارض"",""البعض"",""العرض"",""منخفض"",""ضريبة"",""تخفيض"",""الركض"",""الغرض"",""المرض"",""ضابطة"",""معارض"",""معروض"",""ضوضاء"",""القبض""]","6.666666666666667","false","true","false"
"9ced2008b3ac0aec","13","en_to_ar","3","1","1101100110111/1101111111111/0110111101110/0011110011100/1101110011011/1100111101111/0110011100110/1111011110011/1101100111011/0011100111100/0111011110110/1111111111011/1110110011011","7","8","down","6","????س?","[{""position"":0,""characters"":[""ر"",""ل""]},{""position"":1,""characters"":[""ب"",""د"",""ر"",""ع"",""ق"",""ل"",""م"",""ن"",""ه""]},{""position"":2,""characters"":[""ا"",""ث"",""ج"",""د"",""ز"",""ص"",""ض"",""ع"",""ف"",""ك"",""م"",""ن"",""و"",""ي""]},{""position"":3,""characters"":[""ب"",""ت"",""ث"",""ج"",""ح"",""د"",""ر"",""س"",""ش"",""ص"",""ط"",""ع"",""ف"",""ق"",""ك"",""ل"",""م"",""ن"",""و""]},{""position"":4,""characters"":[""س""]},{""position"":5,""characters"":[""ا"",""ت"",""ث"",""ر"",""س"",""ط"",""ع"",""ق"",""ل"",""م"",""ن""]}]","false","true","true","2","2","arc-support","SUPPORTED_SMALL_DOMAIN","3","2","2","3","2","2","[]","[""استثمر""]","66.66666666666667","false","false","false"
"e0994460d3babe76","13","en_to_ar","3","1","1101100110111/1101111111111/0110111101110/0011110011100/1101110011011/1100111101111/0110011100110/1111011110011/1101100111011/0011100111100/0111011110110/1111111111011/1110110011011","9","7","across","4","??ع?","[{""position"":3,""characters"":[""ل"",""ه""]},{""position"":2,""characters"":[""ع""]},{""position"":1,""characters"":[""ا"",""ت"",""ث"",""ج"",""ح"",""د"",""س"",""ص"",""ع"",""ف"",""ق"",""ك"",""ل"",""م"",""ن"",""و"",""ي""]},{""position"":0,""characters"":[""ا"",""ت"",""ث"",""ج"",""د"",""ف"",""ك"",""ل"",""م"",""ه"",""و"",""ي""]}]","false","true","false","1","1","arc-support","SUPPORTED_SMALL_DOMAIN","4","1","1","4","1","1","[]","[""افعل"",""يجعل"",""فاعل""]","25","false","false","false"
"e585d809f6e96cf3","13","en_to_ar","3","1","1101100110111/1101111111111/0110111101110/0011110011100/1101110011011/1100111101111/0110011100110/1111011110011/1101100111011/0011100111100/0111011110110/1111111111011/1110110011011","10","5","across","4","تا??","[{""position"":3,""characters"":[""ا"",""ب"",""ة"",""ث"",""ج"",""ح"",""د"",""ر"",""س"",""ط"",""ع"",""ف"",""ق"",""م"",""ن"",""ه"",""ي""]},{""position"":2,""characters"":[""د"",""ش"",""ض"",""م"",""ن""]},{""position"":1,""characters"":[""ا""]},{""position"":0,""characters"":[""ت""]}]","false","true","false","1","1","arc-support","C_API_SAMPLING_LOSS","4","0","0","4","0","0","[]","[""سمات"",""بنات"",""بدات"",""جنات""]","0","true","false","false"
"f42d0d3b7a8dc333","13","en_to_ar","3","1","1101100110111/1101111111111/0110111101110/0011110011100/1101110011011/1100111101111/0110011100110/1111011110011/1101100111011/0011100111100/0111011110110/1111111111011/1110110011011","8","7","across","3","??ا","[{""position"":2,""characters"":[""ا""]},{""position"":1,""characters"":[""ب"",""ش"",""ن"",""ي""]},{""position"":0,""characters"":[""ا"",""ب"",""ت"",""ر"",""س"",""ف"",""ق"",""م"",""ن"",""ه""]}]","false","true","false","3","3","arc-support","SUPPORTED_SMALL_DOMAIN","5","3","3","5","3","3","[]","[""اين"",""ابق""]","60","false","true","false"
"0cc91e37ec20bfa0","13","en_to_ar","3","1","1101100110111/1101111111111/0110111101110/0011110011100/1101110011011/1100111101111/0110011100110/1111011110011/1101100111011/0011100111100/0111011110110/1111111111011/1110110011011","10","5","across","4","?و??","[{""position"":3,""characters"":[""ا"",""ج"",""س"",""م"",""و"",""ي""]},{""position"":2,""characters"":[""ر"",""ق"",""ك"",""ل"",""م""]},{""position"":1,""characters"":[""و""]},{""position"":0,""characters"":[""ج"",""د"",""ع"",""ف"",""ل""]}]","false","true","false","2","2","arc-support","SUPPORTED_SMALL_DOMAIN","8","1","1","8","1","1","[]","[""دوما"",""يقول"",""ممول"",""دوري"",""فوري"",""دولي"",""فورا""]","12.5","false","true","false"
"1f9d57cdb8a492fd","13","en_to_ar","3","1","1101100110111/1101111111111/0110111101110/0011110011100/1101110011011/1100111101111/0110011100110/1111011110011/1101100111011/0011100111100/0111011110110/1111111111011/1110110011011","7","5","across","4","??يم","[{""position"":3,""characters"":[""م""]},{""position"":2,""characters"":[""ي""]},{""position"":1,""characters"":[""ا"",""ب"",""ت"",""ج"",""ح"",""خ"",""د"",""ر"",""س"",""ض"",""ف"",""ه"",""و""]},{""position"":0,""characters"":[""ة"",""ذ"",""ر"",""ز"",""س"",""ض"",""ف"",""ق"",""ل"",""م"",""ن"",""ي""]}]","false","true","false","1","1","arc-support","SUPPORTED_SMALL_DOMAIN","4","1","1","4","1","1","[]","[""قديم"",""مخيم"",""يخيم""]","25","false","false","false"
"eb3f5829942a1013","13","en_to_ar","3","1","1101100110111/1101111111111/0110111101110/0011110011100/1101110011011/1100111101111/0110011100110/1111011110011/1101100111011/0011100111100/0111011110110/1111111111011/1110110011011","0","1","down","3","??ث","[{""position"":0,""characters"":[""ا"",""ب"",""ت"",""ج"",""ح"",""خ"",""د"",""ر"",""ز"",""س"",""ش"",""ص"",""ض"",""ط"",""ع"",""ف"",""ق"",""ك"",""ل"",""م"",""ن"",""ه"",""و"",""ي""]},{""position"":1,""characters"":[""ا"",""ب"",""ت"",""ج"",""ح"",""خ"",""د"",""ذ"",""ر"",""ز"",""س"",""ش"",""ص"",""ض"",""ط"",""ظ"",""ع"",""ف"",""ق"",""ك"",""ل"",""م"",""ن"",""ه"",""و"",""ي""]},{""position"":2,""characters"":[""ث""]}]","false","true","false","3","3","arc-support","SUPPORTED_SMALL_DOMAIN","7","3","3","7","3","3","[]","[""ثلج"",""بحث"",""حيث"",""ثوم""]","42.857142857142854","false","true","false"
"f0f55fbb98344850","13","en_to_ar","3","1","1101100110111/1101111111111/0110111101110/0011110011100/1101110011011/1100111101111/0110011100110/1111011110011/1101100111011/0011100111100/0111011110110/1111111111011/1110110011011","0","10","across","3","م?ا","[{""position"":2,""characters"":[""ا""]},{""position"":1,""characters"":[""ج"",""خ"",""د"",""ز"",""س"",""ش"",""ع"",""غ"",""ل"",""ن"",""ه""]},{""position"":0,""characters"":[""م""]}]","false","true","true","1","1","arc-support","SUPPORTED_SMALL_DOMAIN","3","1","1","3","1","1","[]","[""اسم"",""الم""]","33.333333333333336","false","false","false"
"eb94342484638896","13","en_to_ar","3","1","1101100110111/1101111111111/0110111101110/0011110011100/1101110011011/1100111101111/0110011100110/1111011110011/1101100111011/0011100111100/0111011110110/1111111111011/1110110011011","0","11","down","3","عا?","[{""position"":0,""characters"":[""ع""]},{""position"":1,""characters"":[""ا""]},{""position"":2,""characters"":[""ب"",""ج"",""س"",""ص"",""ع"",""ق"",""م"",""ي""]}]","false","true","true","2","2","arc-support","SUPPORTED_SMALL_DOMAIN","3","2","2","3","2","2","[]","[""باع""]","66.66666666666667","false","false","false"
"4a13b34b849fc6f5","13","en_to_ar","3","1","1101100110111/1101111111111/0110111101110/0011110011100/1101110011011/1100111101111/0110011100110/1111011110011/1101100111011/0011100111100/0111011110110/1111111111011/1110110011011","2","9","across","3","?ل?","[{""position"":2,""characters"":[""ب"",""ج"",""س"",""ع"",""ق"",""م""]},{""position"":1,""characters"":[""ل""]},{""position"":0,""characters"":[""ق"",""م""]}]","false","true","false","2","1","arc-support","SUPPORTED_SMALL_DOMAIN","5","1","1","5","1","1","[]","[""علق"",""قلب"",""علم"",""قلق""]","20","false","true","false"
"c10b0755277d9c08","13","en_to_ar","3","1","1101100110111/1101111111111/0110111101110/0011110011100/1101110011011/1100111101111/0110011100110/1111011110011/1101100111011/0011100111100/0111011110110/1111111111011/1110110011011","10","5","across","4","ا???","[{""position"":3,""characters"":[""ب"",""ة"",""ح"",""د"",""ص"",""ع"",""ك"",""ي""]},{""position"":2,""characters"":[""ا"",""ت"",""ن"",""ه""]},{""position"":1,""characters"":[""ا"",""ف"",""ي""]},{""position"":0,""characters"":[""ا""]}]","false","true","true","1","1","arc-support","SUPPORTED_SMALL_DOMAIN","2","1","1","2","1","1","[]","[""دنيا""]","50","false","false","false"
"5b198cb6146ee774","13","en_to_ar","3","1","1101100110111/1101111111111/0110111101110/0011110011100/1101110011011/1100111101111/0110011100110/1111011110011/1101100111011/0011100111100/0111011110110/1111111111011/1110110011011","9","7","across","4","??صا","[{""position"":3,""characters"":[""ا""]},{""position"":2,""characters"":[""ص""]},{""position"":1,""characters"":[""ل"",""ن"",""ي""]},{""position"":0,""characters"":[""د"",""ع"",""ي""]}]","false","true","true","1","1","arc-support","SUPPORTED_SMALL_DOMAIN","2","1","1","2","1","1","[]","[""اصنع""]","50","false","false","false"
"6c64bf7c8336feac","13","en_to_ar","3","1","1101100110111/1101111111111/0110111101110/0011110011100/1101110011011/1100111101111/0110011100110/1111011110011/1101100111011/0011100111100/0111011110110/1111111111011/1110110011011","5","7","down","7","الت???م","[{""position"":0,""characters"":[""ا""]},{""position"":1,""characters"":[""ل""]},{""position"":2,""characters"":[""ت""]},{""position"":3,""characters"":[""ب"",""ث"",""ج"",""ح"",""خ"",""د"",""ر"",""س"",""ش"",""ص"",""ط"",""ع"",""ك"",""م"",""و""]},{""position"":4,""characters"":[""ا"",""ب"",""ج"",""د"",""ر"",""ص"",""ط"",""ف"",""ل"",""ن""]},{""position"":5,""characters"":[""ا"",""ر"",""ص"",""ف"",""ق"",""ي""]},{""position"":6,""characters"":[""م""]}]","false","true","true","1","1","arc-support","SUPPORTED_SMALL_DOMAIN","2","1","1","2","1","1","[]","[""التعليم""]","50","false","false","false"
"c783f906bbda0c36","13","en_to_ar","3","1","1101100110111/1101111111111/0110111101110/0011110011100/1101110011011/1100111101111/0110011100110/1111011110011/1101100111011/0011100111100/0111011110110/1111111111011/1110110011011","10","5","across","4","ل???","[{""position"":3,""characters"":[""ج"",""د"",""م""]},{""position"":2,""characters"":[""ل"",""م""]},{""position"":1,""characters"":[""ص"",""ي""]},{""position"":0,""characters"":[""ل""]}]","false","true","true","3","2","arc-support","SUPPORTED_SMALL_DOMAIN","2","1","1","2","1","1","[]","[""جميل""]","50","false","false","false"
"92f068b656d4c96f","13","en_to_ar","3","1","1101100110111/1101111111111/0110111101110/0011110011100/1101110011011/1100111101111/0110011100110/1111011110011/1101100111011/0011100111100/0111011110110/1111111111011/1110110011011","10","5","across","4","????","[{""position"":3,""characters"":[""ب"",""ة"",""ح"",""د"",""ز"",""ش"",""ص"",""ع"",""م"",""ه"",""ي""]},{""position"":2,""characters"":[""ب"",""ح"",""ش"",""ط"",""ق"",""ل"",""م"",""ه"",""ي""]},{""position"":1,""characters"":[""ص"",""ق"",""ي""]},{""position"":0,""characters"":[""ا"",""ك""]}]","false","true","true","1","1","arc-support","SUPPORTED_SMALL_DOMAIN","2","1","1","2","1","1","[]","[""اصبح""]","50","false","false","false"
"98943e8758da843e","13","en_to_ar","3","1","1101100110111/1101111111111/0110111101110/0011110011100/1101110011011/1100111101111/0110011100110/1111011110011/1101100111011/0011100111100/0111011110110/1111111111011/1110110011011","8","7","across","3","?لو","[{""position"":2,""characters"":[""و""]},{""position"":1,""characters"":[""ل""]},{""position"":0,""characters"":[""ا"",""ت"",""ج"",""ح"",""د"",""ذ"",""س"",""ص"",""ع"",""ك"",""م"",""ي""]}]","false","true","true","2","1","arc-support","SUPPORTED_SMALL_DOMAIN","3","1","1","3","1","1","[]","[""حلو"",""ولا""]","33.333333333333336","false","false","false"
"a5481194d7121750","13","en_to_ar","3","1","1101100110111/1101111111111/0110111101110/0011110011100/1101110011011/1100111101111/0110011100110/1111011110011/1101100111011/0011100111100/0111011110110/1111111111011/1110110011011","10","5","across","4","????","[{""position"":3,""characters"":[""ب"",""ث"",""ج"",""د"",""م"",""ه"",""ي""]},{""position"":2,""characters"":[""ل"",""م"",""ن"",""و""]},{""position"":1,""characters"":[""ص"",""ف"",""ي""]},{""position"":0,""characters"":[""ك"",""ل""]}]","false","true","true","2","1","arc-support","SUPPORTED_SMALL_DOMAIN","2","1","1","2","1","1","[]","[""جميل""]","50","false","false","false"
"c9f63d52680d9009","13","en_to_ar","3","1","1101100110111/1101111111111/0110111101110/0011110011100/1101110011011/1100111101111/0110011100110/1111011110011/1101100111011/0011100111100/0111011110110/1111111111011/1110110011011","10","5","down","3","د??","[{""position"":0,""characters"":[""د""]},{""position"":1,""characters"":[""ج"",""ي""]},{""position"":2,""characters"":[""ب"",""ت"",""ث"",""ج"",""ح"",""د"",""ر"",""ش"",""ص"",""ض"",""ط"",""ع"",""ق"",""ك"",""ل"",""م"",""ن"",""و""]}]","false","true","true","1","1","arc-support","SUPPORTED_SMALL_DOMAIN","3","1","1","3","1","1","[]","[""بجد"",""صيد""]","33.333333333333336","false","false","false"
"b4c8b4278b6c8e80","13","en_to_ar","3","1","1101100110111/1101111111111/0110111101110/0011110011100/1101110011011/1100111101111/0110011100110/1111011110011/1101100111011/0011100111100/0111011110110/1111111111011/1110110011011","9","7","across","4","??م?","[{""position"":3,""characters"":[""ج"",""ر""]},{""position"":2,""characters"":[""م""]},{""position"":1,""characters"":[""ا"",""ب"",""ح"",""خ"",""ر"",""ل"",""ن"",""ه""]},{""position"":0,""characters"":[""ا"",""ب"",""ت"",""ح"",""ر"",""س"",""ش"",""ض"",""ع"",""ل"",""م""]}]","false","true","true","3","3","arc-support","SUPPORTED_SMALL_DOMAIN","3","2","2","3","2","2","[]","[""رمال""]","66.66666666666667","false","false","false"
"3425ed0367f18c90","13","en_to_ar","3","2","1101100110111/1101111111111/0110111101110/0011110011100/1101110011011/1100111101111/0110011100110/1111011110011/1101100111011/0011100111100/0111011110110/1111111111011/1110110011011","0","4","down","6","?ز????","[{""position"":0,""characters"":[""ا"",""ب"",""ت"",""ث"",""ج"",""ح"",""د"",""ذ"",""ر"",""ز"",""س"",""ط"",""ع"",""غ"",""ف"",""ق"",""ك"",""ل"",""م"",""ن"",""ي""]},{""position"":1,""characters"":[""ز""]},{""position"":2,""characters"":[""ا"",""ب"",""ت"",""ث"",""ج"",""ح"",""خ"",""د"",""ر"",""ز"",""س"",""ش"",""ص"",""ض"",""ط"",""ع"",""غ"",""ف"",""ق"",""ك"",""ل"",""م"",""ن"",""ه"",""و"",""ي""]},{""position"":3,""characters"":[""ؤ"",""ئ"",""ا"",""ب"",""ت"",""ث"",""ج"",""ح"",""خ"",""د"",""ر"",""ز"",""س"",""ش"",""ص"",""ض"",""ط"",""ظ"",""ع"",""ف"",""ق"",""ك"",""ل"",""م"",""ن"",""ه"",""و"",""ي""]},{""position"":4,""characters"":[""ا"",""ب"",""ت"",""ج"",""ح"",""خ"",""د"",""ذ"",""ر"",""ز"",""س"",""ش"",""ص"",""ض"",""ط"",""ع"",""ف"",""ق"",""ك"",""ل"",""م"",""ن"",""ه"",""و"",""ي""]},{""position"":5,""characters"":[""ء"",""ا"",""ب"",""ة"",""ت"",""ث"",""ج"",""ح"",""د"",""ذ"",""ر"",""ز"",""س"",""ص"",""ض"",""ط"",""ظ"",""ع"",""غ"",""ف"",""ق"",""ك"",""ل"",""م"",""ن"",""و"",""ى"",""ي""]}]","false","true","false","3","2","arc-support","SUPPORTED_SMALL_DOMAIN","5","2","2","5","2","2","[]","[""المخزن"",""حزيران"",""مزدوجة""]","40","false","true","false"
"ba8a82b14d09e631","13","en_to_ar","3","2","1101100110111/1101111111111/0110111101110/0011110011100/1101110011011/1100111101111/0110011100110/1111011110011/1101100111011/0011100111100/0111011110110/1111111111011/1110110011011","0","4","down","6","?ل????","[{""position"":0,""characters"":[""ت"",""ث"",""د""]},{""position"":1,""characters"":[""ل""]},{""position"":2,""characters"":[""ا"",""ب"",""ت"",""ج"",""ح"",""خ"",""د"",""ر"",""س"",""ص"",""ط"",""ع"",""ف"",""ق"",""ل"",""م"",""ن"",""و"",""ي""]},{""position"":3,""characters"":[""ا"",""ب"",""ت"",""ث"",""ج"",""ح"",""خ"",""د"",""ر"",""ز"",""س"",""ش"",""ص"",""ض"",""ط"",""ع"",""ف"",""ق"",""ك"",""ل"",""م"",""ن"",""و"",""ي""]},{""position"":4,""characters"":[""ا"",""ب"",""ت"",""ج"",""ح"",""خ"",""د"",""ذ"",""ر"",""ز"",""ش"",""ص"",""ض"",""ع"",""ف"",""ق"",""ك"",""ل"",""م"",""ن"",""ه"",""و"",""ي""]},{""position"":5,""characters"":[""ء"",""ا"",""ب"",""ة"",""ت"",""ث"",""ج"",""ح"",""د"",""ذ"",""ر"",""س"",""ص"",""ض"",""ط"",""ظ"",""ع"",""غ"",""ف"",""ق"",""ك"",""ل"",""م"",""ن"",""ى"",""ي""]}]","false","true","false","3","3","arc-support","SUPPORTED_SMALL_DOMAIN","6","3","3","6","3","3","[]","[""الثالث"",""المجلد"",""انتقلت""]","50","false","true","false"
"8ceb4be50f92eba0","13","en_to_ar","3","2","1101100110111/1101111111111/0110111101110/0011110011100/1101110011011/1100111101111/0110011100110/1111011110011/1101100111011/0011100111100/0111011110110/1111111111011/1110110011011","0","4","down","6","?ل????","[{""position"":0,""characters"":[""ت"",""ث"",""د""]},{""position"":1,""characters"":[""ل""]},{""position"":2,""characters"":[""ا"",""م""]},{""position"":3,""characters"":[""ت"",""ث"",""و""]},{""position"":4,""characters"":[""ل"",""ي""]},{""position"":5,""characters"":[""ا"",""ة""]}]","false","true","true","2","2","arc-support","SUPPORTED_SMALL_DOMAIN","3","2","2","3","2","2","[]","[""الثالث""]","66.66666666666667","false","false","false"
"c27c2ec90a181d1f","13","en_to_ar","3","2","1101100110111/1101111111111/0110111101110/0011110011100/1101110011011/1100111101111/0110011100110/1111011110011/1101100111011/0011100111100/0111011110110/1111111111011/1110110011011","2","4","across","4","???ا","[{""position"":3,""characters"":[""ا""]},{""position"":2,""characters"":[""ا"",""ج"",""ح"",""د""]},{""position"":1,""characters"":[""ر"",""ض"",""ع"",""ق"",""م""]},{""position"":0,""characters"":[""ر"",""س"",""ل"",""م"",""ي""]}]","false","true","false","3","3","arc-support","SUPPORTED_SMALL_DOMAIN","4","3","3","4","3","3","[]","[""احضر""]","75","false","false","false"
"e12ce07221a408a8","13","en_to_ar","3","2","1101100110111/1101111111111/0110111101110/0011110011100/1101110011011/1100111101111/0110011100110/1111011110011/1101100111011/0011100111100/0111011110110/1111111111011/1110110011011","0","4","down","6","?لا?ل?","[{""position"":0,""characters"":[""ث"",""د""]},{""position"":1,""characters"":[""ل""]},{""position"":2,""characters"":[""ا""]},{""position"":3,""characters"":[""ث"",""و""]},{""position"":4,""characters"":[""ل""]},{""position"":5,""characters"":[""ا"",""ة""]}]","false","true","true","1","1","arc-support","SUPPORTED_SMALL_DOMAIN","2","1","1","2","1","1","[]","[""الثالث""]","50","false","false","false"
"90bcf9b0c62d2472","13","en_to_ar","3","2","1101100110111/1101111111111/0110111101110/0011110011100/1101110011011/1100111101111/0110011100110/1111011110011/1101100111011/0011100111100/0111011110110/1111111111011/1110110011011","5","4","across","4","???ا","[{""position"":3,""characters"":[""ا""]},{""position"":2,""characters"":[""ع"",""م""]},{""position"":1,""characters"":[""ا"",""ب"",""ج"",""خ"",""ر"",""ز"",""ل"",""م"",""ن"",""ه""]},{""position"":0,""characters"":[""ت"",""س"",""م"",""ن"",""ى""]}]","false","true","false","2","2","arc-support","SUPPORTED_SMALL_DOMAIN","4","2","2","4","2","2","[]","[""اعلم"",""اعلن""]","50","false","false","false"
"b2058c8b5ddc7936","13","en_to_ar","3","2","1101100110111/1101111111111/0110111101110/0011110011100/1101110011011/1100111101111/0110011100110/1111011110011/1101100111011/0011100111100/0111011110110/1111111111011/1110110011011","6","5","across","3","??ا","[{""position"":2,""characters"":[""ا""]},{""position"":1,""characters"":[""ب"",""د"",""ع"",""م""]},{""position"":0,""characters"":[""ح"",""ر"",""ن""]}]","false","true","true","2","2","arc-support","SUPPORTED_SMALL_DOMAIN","3","2","2","3","2","2","[]","[""امر""]","66.66666666666667","false","false","false"
"83dda3f8845ddf2e","13","en_to_ar","3","2","1101100110111/1101111111111/0110111101110/0011110011100/1101110011011/1100111101111/0110011100110/1111011110011/1101100111011/0011100111100/0111011110110/1111111111011/1110110011011","7","5","across","4","???ت","[{""position"":3,""characters"":[""ت""]},{""position"":2,""characters"":[""د"",""س"",""ش"",""ص"",""ع"",""ق"",""ن""]},{""position"":1,""characters"":[""ب"",""خ"",""د""]},{""position"":0,""characters"":[""ا"",""ب"",""ث"",""ح"",""س"",""ظ"",""ق"",""ل"",""م"",""ن"",""ي""]}]","false","true","false","3","3","arc-support","SUPPORTED_SMALL_DOMAIN","6","3","3","6","3","3","[]","[""تصدق"",""تقبل"",""تعدل""]","50","false","true","false"
"1849d26c69f1a419","13","en_to_ar","3","2","1101100110111/1101111111111/0110111101110/0011110011100/1101110011011/1100111101111/0110011100110/1111011110011/1101100111011/0011100111100/0111011110110/1111111111011/1110110011011","4","3","across","3","?خ?","[{""position"":2,""characters"":[""ا"",""ب"",""ت"",""ث"",""ج"",""ح"",""خ"",""د"",""ذ"",""ر"",""ز"",""س"",""ش"",""ص"",""ض"",""ط"",""ظ"",""ع"",""ف"",""ق"",""ك"",""ل"",""م"",""ن"",""ه"",""و"",""ي""]},{""position"":1,""characters"":[""خ""]},{""position"":0,""characters"":[""ا"",""ت"",""ح"",""خ"",""س"",""ع"",""ف"",""ك"",""ل"",""ن"",""ه"",""و""]}]","false","true","false","2","2","arc-support","SUPPORTED_SMALL_DOMAIN","4","2","2","4","2","2","[]","[""اخر"",""اخذ""]","50","false","false","false"
"f37865455744bf3a","13","en_to_ar","3","2","1101100110111/1101111111111/0110111101110/0011110011100/1101110011011/1100111101111/0110011100110/1111011110011/1101100111011/0011100111100/0111011110110/1111111111011/1110110011011","0","4","down","6","?ل????","[{""position"":0,""characters"":[""ت"",""ي""]},{""position"":1,""characters"":[""ل""]},{""position"":2,""characters"":[""ا"",""ب"",""ت"",""ج"",""ح"",""خ"",""د"",""ر"",""س"",""ص"",""ط"",""ع"",""ف"",""ق"",""ل"",""م"",""ن"",""و"",""ي""]},{""position"":3,""characters"":[""ا"",""ب"",""ت"",""ث"",""ج"",""ح"",""خ"",""د"",""ر"",""ز"",""س"",""ش"",""ص"",""ض"",""ط"",""ع"",""ف"",""ق"",""ك"",""ل"",""م"",""ن"",""و"",""ي""]},{""position"":4,""characters"":[""ا"",""ب"",""ت"",""ج"",""ح"",""خ"",""د"",""ذ"",""ر"",""ز"",""ش"",""ص"",""ض"",""ع"",""ف"",""ق"",""ك"",""ل"",""م"",""ن"",""ه"",""و"",""ي""]},{""position"":5,""characters"":[""ء"",""ا"",""ب"",""ة"",""ت"",""ث"",""ج"",""ح"",""د"",""ذ"",""ر"",""س"",""ص"",""ض"",""ط"",""ظ"",""ع"",""غ"",""ف"",""ق"",""ك"",""ل"",""م"",""ن"",""ى"",""ي""]}]","false","true","false","3","3","arc-support","SUPPORTED_SMALL_DOMAIN","11","3","3","11","3","3","[]","[""المحلي"",""الاصلي"",""الفعلي"",""الاولي"",""انتقلت"",""العملي"",""الدولي"",""تفاعلي""]","27.272727272727273","false","true","false"
"63243dfded50ae9c","13","en_to_ar","3","2","1101100110111/1101111111111/0110111101110/0011110011100/1101110011011/1100111101111/0110011100110/1111011110011/1101100111011/0011100111100/0111011110110/1111111111011/1110110011011","2","4","across","4","????","[{""position"":3,""characters"":[""ا"",""م""]},{""position"":2,""characters"":[""ج"",""ح"",""س""]},{""position"":1,""characters"":[""ب"",""ح"",""ر"",""ض"",""ع"",""ق"",""م"",""ي""]},{""position"":0,""characters"":[""ح"",""د"",""ر"",""ل"",""ن""]}]","false","true","false","3","3","arc-support","SUPPORTED_SMALL_DOMAIN","8","3","3","8","3","3","[]","[""مجرد"",""اسمح"",""محرر"",""احضر"",""مسبح""]","37.5","false","true","false"
"678818755bef2a4b","13","en_to_ar","3","2","1101100110111/1101111111111/0110111101110/0011110011100/1101110011011/1100111101111/0110011100110/1111011110011/1101100111011/0011100111100/0111011110110/1111111111011/1110110011011","2","4","across","4","???ا","[{""position"":3,""characters"":[""ا""]},{""position"":2,""characters"":[""ج"",""ح"",""س""]},{""position"":1,""characters"":[""ر"",""ع"",""م""]},{""position"":0,""characters"":[""ح"",""ر"",""ل""]}]","false","true","true","2","2","arc-support","SUPPORTED_SMALL_DOMAIN","3","2","2","3","2","2","[]","[""اسمح""]","66.66666666666667","false","false","false"
"6049e125ed12c33f","13","en_to_ar","3","2","1101100110111/1101111111111/0110111101110/0011110011100/1101110011011/1100111101111/0110011100110/1111011110011/1101100111011/0011100111100/0111011110110/1111111111011/1110110011011","6","5","across","3","??ا","[{""position"":2,""characters"":[""ا""]},{""position"":1,""characters"":[""ب"",""س"",""ع"",""ق"",""م"",""ه""]},{""position"":0,""characters"":[""ح"",""ر"",""ن""]}]","false","true","false","3","3","arc-support","SUPPORTED_SMALL_DOMAIN","4","3","3","4","3","3","[]","[""امر""]","75","false","false","false"
"03b56a199e7167c6","13","en_to_ar","3","2","1101100110111/1101111111111/0110111101110/0011110011100/1101110011011/1100111101111/0110011100110/1111011110011/1101100111011/0011100111100/0111011110110/1111111111011/1110110011011","7","5","across","4","???ت","[{""position"":3,""characters"":[""ت""]},{""position"":2,""characters"":[""ا"",""ح"",""د"",""س"",""ش"",""ص"",""ع"",""ف"",""ق"",""ن""]},{""position"":1,""characters"":[""ب"",""خ"",""د""]},{""position"":0,""characters"":[""ب"",""ح"",""ر"",""س"",""ظ"",""ق"",""ل"",""م"",""ن"",""ى"",""ي""]}]","false","true","false","3","3","arc-support","SUPPORTED_SMALL_DOMAIN","9","3","3","9","3","3","[]","[""بدات"",""تصدق"",""تقبل"",""تحدي"",""تحدى"",""تعدل""]","33.333333333333336","false","true","false"
"f4994021ed4d77f2","13","en_to_ar","3","2","1101100110111/1101111111111/0110111101110/0011110011100/1101110011011/1100111101111/0110011100110/1111011110011/1101100111011/0011100111100/0111011110110/1111111111011/1110110011011","6","5","across","3","?ما","[{""position"":2,""characters"":[""ا""]},{""position"":1,""characters"":[""م""]},{""position"":0,""characters"":[""ر"",""ن""]}]","false","true","true","1","1","arc-support","SUPPORTED_SMALL_DOMAIN","2","1","1","2","1","1","[]","[""امر""]","50","false","false","false"
"30e7d620b57f751e","13","en_to_ar","3","2","1101100110111/1101111111111/0110111101110/0011110011100/1101110011011/1100111101111/0110011100110/1111011110011/1101100111011/0011100111100/0111011110110/1111111111011/1110110011011","2","4","across","4","???م","[{""position"":3,""characters"":[""م""]},{""position"":2,""characters"":[""ج"",""ح"",""س""]},{""position"":1,""characters"":[""ر"",""ع"",""م""]},{""position"":0,""characters"":[""ح"",""ر"",""ل""]}]","false","true","true","1","1","arc-support","SUPPORTED_SMALL_DOMAIN","2","1","1","2","1","1","[]","[""محرر""]","50","false","false","false"
"0cd3f77ab946d2fd","13","en_to_ar","3","2","1101100110111/1101111111111/0110111101110/0011110011100/1101110011011/1100111101111/0110011100110/1111011110011/1101100111011/0011100111100/0111011110110/1111111111011/1110110011011","5","4","across","4","??رت","[{""position"":3,""characters"":[""ت""]},{""position"":2,""characters"":[""ر""]},{""position"":1,""characters"":[""ث"",""خ"",""د"",""ز"",""س"",""ط"",""ك"",""م""]},{""position"":0,""characters"":[""ا"",""خ"",""ر"",""س"",""ف"",""ق"",""ل"",""م"",""ن"",""و"",""ي""]}]","false","true","true","2","2","arc-support","SUPPORTED_SMALL_DOMAIN","3","2","2","3","2","2","[]","[""خسرت""]","66.66666666666667","false","false","false"
"d34c078d15d437c8","13","en_to_ar","3","2","1101100110111/1101111111111/0110111101110/0011110011100/1101110011011/1100111101111/0110011100110/1111011110011/1101100111011/0011100111100/0111011110110/1111111111011/1110110011011","0","7","down","3","?ول","[{""position"":0,""characters"":[""ح"",""د"",""ق""]},{""position"":1,""characters"":[""و""]},{""position"":2,""characters"":[""ل""]}]","false","true","false","3","3","arc-support","SUPPORTED_SMALL_DOMAIN","4","3","3","4","3","3","[]","[""قول""]","75","false","false","false"
"792aaee8aa9d040d","13","en_to_ar","3","2","1101100110111/1101111111111/0110111101110/0011110011100/1101110011011/1100111101111/0110011100110/1111011110011/1101100111011/0011100111100/0111011110110/1111111111011/1110110011011","5","4","across","4","??عة","[{""position"":3,""characters"":[""ة""]},{""position"":2,""characters"":[""ع""]},{""position"":1,""characters"":[""ا"",""ت"",""ج"",""خ"",""د"",""ر"",""ز"",""ش"",""ض"",""ظ"",""غ"",""ف"",""ه"",""و"",""ي""]},{""position"":0,""characters"":[""ب"",""ث"",""ح"",""س"",""ض"",""ف"",""ق"",""م"",""ن""]}]","false","true","true","1","1","arc-support","SUPPORTED_SMALL_DOMAIN","3","1","1","3","1","1","[]","[""متعة"",""سرعة""]","33.333333333333336","false","false","false"
"d34c078d15d437c8","13","en_to_ar","3","2","1101100110111/1101111111111/0110111101110/0011110011100/1101110011011/1100111101111/0110011100110/1111011110011/1101100111011/0011100111100/0111011110110/1111111111011/1110110011011","0","7","down","3","?ول","[{""position"":0,""characters"":[""ح"",""د"",""ق""]},{""position"":1,""characters"":[""و""]},{""position"":2,""characters"":[""ل""]}]","false","true","false","3","3","arc-support","SUPPORTED_SMALL_DOMAIN","4","3","3","4","3","3","[]","[""قول""]","75","false","false","false"
"42403c317cb13182","13","en_to_ar","3","2","1101100110111/1101111111111/0110111101110/0011110011100/1101110011011/1100111101111/0110011100110/1111011110011/1101100111011/0011100111100/0111011110110/1111111111011/1110110011011","7","5","across","4","?ن?ت","[{""position"":3,""characters"":[""ت""]},{""position"":2,""characters"":[""ج"",""ح"",""د"",""ر"",""س"",""ش"",""ل"",""م"",""ن""]},{""position"":1,""characters"":[""ن""]},{""position"":0,""characters"":[""ا"",""ب"",""ث"",""ج"",""ح"",""ر"",""س"",""ص"",""ظ"",""ع"",""ق"",""ل"",""م"",""ن"",""و"",""ي""]}]","false","true","true","2","2","arc-support","SUPPORTED_SMALL_DOMAIN","3","2","2","3","2","2","[]","[""منحت""]","66.66666666666667","false","false","false"
"7239ce53a0639776","13","en_to_ar","3","2","1101100110111/1101111111111/0110111101110/0011110011100/1101110011011/1100111101111/0110011100110/1111011110011/1101100111011/0011100111100/0111011110110/1111111111011/1110110011011","4","3","across","3","ول?","[{""position"":2,""characters"":[""ح"",""د"",""س"",""ق""]},{""position"":1,""characters"":[""ل""]},{""position"":0,""characters"":[""و""]}]","false","true","true","2","1","arc-support","SUPPORTED_SMALL_DOMAIN","2","1","1","2","1","1","[]","[""حلو""]","50","false","false","false"
"d34c078d15d437c8","13","en_to_ar","3","2","1101100110111/1101111111111/0110111101110/0011110011100/1101110011011/1100111101111/0110011100110/1111011110011/1101100111011/0011100111100/0111011110110/1111111111011/1110110011011","0","7","down","3","?ول","[{""position"":0,""characters"":[""ح"",""د"",""ق""]},{""position"":1,""characters"":[""و""]},{""position"":2,""characters"":[""ل""]}]","false","true","false","3","3","arc-support","SUPPORTED_SMALL_DOMAIN","4","3","3","4","3","3","[]","[""قول""]","75","false","false","false"
"ea7292910fac56d9","13","en_to_ar","3","2","1101100110111/1101111111111/0110111101110/0011110011100/1101110011011/1100111101111/0110011100110/1111011110011/1101100111011/0011100111100/0111011110110/1111111111011/1110110011011","0","7","down","3","?ام","[{""position"":0,""characters"":[""ح"",""د"",""ص"",""ض"",""ع"",""ق"",""ل"",""م"",""ن""]},{""position"":1,""characters"":[""ا""]},{""position"":2,""characters"":[""م""]}]","false","true","false","2","2","arc-support","SUPPORTED_SMALL_DOMAIN","4","2","2","4","2","2","[]","[""مال"",""نام""]","50","false","false","false"
"a99ca343997f4b86","13","en_to_ar","3","2","1101100110111/1101111111111/0110111101110/0011110011100/1101110011011/1100111101111/0110011100110/1111011110011/1101100111011/0011100111100/0111011110110/1111111111011/1110110011011","10","5","across","4","????","[{""position"":3,""characters"":[""ق"",""ل""]},{""position"":2,""characters"":[""ب"",""ف"",""و"",""ي""]},{""position"":1,""characters"":[""ت"",""ل""]},{""position"":0,""characters"":[""ت"",""ح"",""د"",""ش""]}]","false","true","true","3","2","arc-support","SUPPORTED_SMALL_DOMAIN","3","2","2","3","2","2","[]","[""حلول""]","66.66666666666667","false","false","false"
"88952bb806cd40f7","13","en_to_ar","3","2","1101100110111/1101111111111/0110111101110/0011110011100/1101110011011/1100111101111/0110011100110/1111011110011/1101100111011/0011100111100/0111011110110/1111111111011/1110110011011","5","7","down","7","تال??لا","[{""position"":0,""characters"":[""ت""]},{""position"":1,""characters"":[""ا""]},{""position"":2,""characters"":[""ل""]},{""position"":3,""characters"":[""ا"",""ج"",""ف""]},{""position"":4,""characters"":[""ح"",""ص"",""ع"",""م""]},{""position"":5,""characters"":[""ل""]},{""position"":6,""characters"":[""ا""]}]","false","true","true","3","3","arc-support","SUPPORTED_SMALL_DOMAIN","3","2","2","3","2","2","[]","[""الحالات""]","66.66666666666667","false","false","false"
"38c2de52c993e184","13","en_to_ar","3","2","1101100110111/1101111111111/0110111101110/0011110011100/1101110011011/1100111101111/0110011100110/1111011110011/1101100111011/0011100111100/0111011110110/1111111111011/1110110011011","7","8","down","6","ي???لا","[{""position"":0,""characters"":[""ي""]},{""position"":1,""characters"":[""د"",""ر"",""ل"",""و""]},{""position"":2,""characters"":[""ا"",""ح"",""ض"",""ف"",""و""]},{""position"":3,""characters"":[""ت"",""د""]},{""position"":4,""characters"":[""ل""]},{""position"":5,""characters"":[""ا""]}]","false","true","false","3","3","arc-support","SUPPORTED_SMALL_DOMAIN","4","3","3","4","3","3","[]","[""الدولي""]","75","false","false","false"
"375b575dea5ec30f","13","en_to_ar","3","2","1101100110111/1101111111111/0110111101110/0011110011100/1101110011011/1100111101111/0110011100110/1111011110011/1101100111011/0011100111100/0111011110110/1111111111011/1110110011011","9","7","across","4","???م","[{""position"":3,""characters"":[""م""]},{""position"":2,""characters"":[""ا"",""ح"",""و""]},{""position"":1,""characters"":[""ر"",""ل"",""و""]},{""position"":0,""characters"":[""ر"",""س"",""ع"",""ل"",""ي""]}]","false","true","false","3","3","arc-support","SUPPORTED_SMALL_DOMAIN","9","3","3","9","3","3","[]","[""محلي"",""مالي"",""محرر"",""سلام"",""محول"",""محلل""]","33.333333333333336","false","true","false"
"1f6e30e5b1bf11cd","13","en_to_ar","4","1","0110110110011/1111110110111/1101101101100/0110011001110/0011011011111/1101101110111/1111111111111/1110111011011/1111101101100/0111001100110/0011011011011/1110110111111/1100110110110","6","9","down","3","غ??","[{""position"":0,""characters"":[""غ""]},{""position"":1,""characters"":[""ا"",""ب"",""ح"",""د"",""ر"",""ز"",""س"",""ص"",""ط"",""ظ"",""ف"",""م"",""ن"",""و"",""ي""]},{""position"":2,""characters"":[""ا"",""ب"",""ث"",""د"",""ر"",""ز"",""س"",""ش"",""ص"",""ض"",""ظ"",""ف"",""ل"",""م"",""ن""]}]","false","true","false","3","3","arc-support","SUPPORTED_SMALL_DOMAIN","4","3","3","4","3","3","[]","[""غرب""]","75","false","false","false"
"e0cc119cfe162155","13","en_to_ar","4","1","0110110110011/1111110110111/1101101101100/0110011001110/0011011011111/1101101110111/1111111111111/1110111011011/1111101101100/0111001100110/0011011011011/1110110111111/1100110110110","4","8","down","4","??ل?","[{""position"":0,""characters"":[""ة"",""د"",""ص"",""ف"",""ق"",""ن""]},{""position"":1,""characters"":[""ا"",""ب"",""ح"",""خ"",""ي""]},{""position"":2,""characters"":[""ل""]},{""position"":3,""characters"":[""ب"",""ح""]}]","false","true","true","3","2","arc-support","SUPPORTED_SMALL_DOMAIN","3","2","2","3","2","2","[]","[""صالح""]","66.66666666666667","false","false","false"
"c19479c91630d9d6","13","en_to_ar","4","1","0110110110011/1111110110111/1101101101100/0110011001110/0011011011111/1101101110111/1111111111111/1110111011011/1111101101100/0111001100110/0011011011011/1110110111111/1100110110110","5","6","across","3","ا??","[{""position"":2,""characters"":[""ب"",""ت"",""ج"",""ش"",""ض"",""ع"",""ك"",""ي""]},{""position"":1,""characters"":[""ا"",""ت"",""د""]},{""position"":0,""characters"":[""ا""]}]","false","true","false","3","3","arc-support","SUPPORTED_SMALL_DOMAIN","4","3","3","4","3","3","[]","[""جدا""]","75","false","false","false"
"190b08243d5d70ae","13","en_to_ar","4","1","0110110110011/1111110110111/1101101101100/0110011001110/0011011011111/1101101110111/1111111111111/1110111011011/1111101101100/0111001100110/0011011011011/1110110111111/1100110110110","3","11","down","5","?ن?ي?","[{""position"":0,""characters"":[""ة"",""ت"",""ز""]},{""position"":1,""characters"":[""ن""]},{""position"":2,""characters"":[""ا"",""ج"",""د"",""ر"",""ص"",""ك"",""ل"",""ي""]},{""position"":3,""characters"":[""ي""]},{""position"":4,""characters"":[""د"",""ر"",""ص"",""ف"",""ل"",""م"",""ن""]}]","false","true","true","2","1","arc-support","SUPPORTED_SMALL_DOMAIN","2","1","1","2","1","1","[]","[""ديانة""]","50","false","false","false"
"bdca61672bccbd1f","13","en_to_ar","4","1","0110110110011/1111110110111/1101101101100/0110011001110/0011011011111/1101101110111/1111111111111/1110111011011/1111101101100/0111001100110/0011011011011/1110110111111/1100110110110","3","11","down","5","?ح?ي?","[{""position"":0,""characters"":[""ة"",""ت"",""ز""]},{""position"":1,""characters"":[""ح""]},{""position"":2,""characters"":[""ا"",""ج"",""د"",""ر"",""ص"",""ك"",""ل"",""ي""]},{""position"":3,""characters"":[""ي""]},{""position"":4,""characters"":[""د"",""ر"",""ص"",""ف"",""ل"",""م"",""ن""]}]","false","true","false","1","1","arc-support","SUPPORTED_SMALL_DOMAIN","4","2","2","3","1","1","[""تحديد""]","[""تحليل"",""تحرير""]","50","false","false","true"
"e2d333eceb09fbc7","13","en_to_ar","4","1","0110110110011/1111110110111/1101101101100/0110011001110/0011011011111/1101101110111/1111111111111/1110111011011/1111101101100/0111001100110/0011011011011/1110110111111/1100110110110","3","9","across","3","ت??","[{""position"":2,""characters"":[""ب"",""د"",""ر"",""ق"",""ن"",""و""]},{""position"":1,""characters"":[""ا"",""ن"",""و"",""ي""]},{""position"":0,""characters"":[""ت""]}]","false","true","true","2","2","arc-support","C_API_SAMPLING_LOSS","1","0","0","1","0","0","[]","[""بنت""]","0","true","false","false"
"e5a35c6bb3e61603","13","en_to_ar","4","1","0110110110011/1111110110111/1101101101100/0110011001110/0011011011111/1101101110111/1111111111111/1110111011011/1111101101100/0111001100110/0011011011011/1110110111111/1100110110110","1","10","down","6","???ل?ا","[{""position"":0,""characters"":[""ء"",""ا"",""ب"",""ة"",""ت"",""ج"",""د"",""ر"",""ع"",""ك"",""ل"",""م"",""ن"",""ي""]},{""position"":1,""characters"":[""ا"",""ب"",""ت"",""ج"",""خ"",""د"",""ر"",""ض"",""ع"",""ق"",""ل"",""م"",""ن"",""و"",""ي""]},{""position"":2,""characters"":[""ا"",""ج"",""د"",""ر"",""ص"",""ق"",""م"",""ن"",""و"",""ي""]},{""position"":3,""characters"":[""ل""]},{""position"":4,""characters"":[""ب"",""ج"",""ح"",""خ"",""ر"",""س"",""ق"",""ك"",""ل"",""ن"",""و""]},{""position"":5,""characters"":[""ا""]}]","false","true","false","1","1","arc-support","SUPPORTED_SMALL_DOMAIN","6","1","1","6","1","1","[]","[""تعالوا"",""اللجنة"",""اللاعب"",""اللجوء"",""الليلة""]","16.666666666666668","false","true","false"
"263317594a54c40e","13","en_to_ar","4","1","0110110110011/1111110110111/1101101101100/0110011001110/0011011011111/1101101110111/1111111111111/1110111011011/1111101101100/0111001100110/0011011011011/1110110111111/1100110110110","3","11","down","5","?و?ي?","[{""position"":0,""characters"":[""ة"",""ت"",""ز""]},{""position"":1,""characters"":[""و""]},{""position"":2,""characters"":[""ا"",""ج"",""د"",""ر"",""ص"",""ك"",""ل"",""ي""]},{""position"":3,""characters"":[""ي""]},{""position"":4,""characters"":[""د"",""ر"",""ص"",""ف"",""ل"",""م"",""ن""]}]","false","true","false","2","2","arc-support","SUPPORTED_SMALL_DOMAIN","4","2","2","4","2","2","[]","[""توريد"",""توليد""]","50","false","false","false"
"314c727d8bb3973f","13","en_to_ar","4","1","0110110110011/1111110110111/1101101101100/0110011001110/0011011011111/1101101110111/1111111111111/1110111011011/1111101101100/0111001100110/0011011011011/1110110111111/1100110110110","4","12","down","4","م?ف?","[{""position"":0,""characters"":[""م""]},{""position"":1,""characters"":[""ا"",""ت"",""ح"",""د"",""ر"",""س"",""ص"",""ع"",""ق"",""ل"",""ه"",""و""]},{""position"":2,""characters"":[""ف""]},{""position"":3,""characters"":[""ت"",""ح"",""د"",""ر"",""س"",""ص"",""ع"",""ق"",""ل"",""ن"",""و""]}]","false","true","false","1","1","arc-support","SUPPORTED_SMALL_DOMAIN","4","1","1","4","1","1","[]","[""محفل"",""مرفق"",""متفق""]","25","false","false","false"
"c0d513f4b958e4b8","13","en_to_ar","4","1","0110110110011/1111110110111/1101101101100/0110011001110/0011011011111/1101101110111/1111111111111/1110111011011/1111101101100/0111001100110/0011011011011/1110110111111/1100110110110","5","10","across","3","ه?و","[{""position"":2,""characters"":[""و""]},{""position"":1,""characters"":[""ج"",""ص""]},{""position"":0,""characters"":[""ه""]}]","false","true","true","3","3","arc-support","C_API_SAMPLING_LOSS","1","0","0","1","0","0","[]","[""وجه""]","0","true","false","false"
"d1c2e3eed6bbe5f7","13","en_to_ar","4","1","0110110110011/1111110110111/1101101101100/0110011001110/0011011011111/1101101110111/1111111111111/1110111011011/1111101101100/0111001100110/0011011011011/1110110111111/1100110110110","1","10","down","6","???ي?ا","[{""position"":0,""characters"":[""ء"",""ا"",""ب"",""ة"",""ت"",""ج"",""د"",""ر"",""ع"",""ك"",""ل"",""م"",""ن"",""ي""]},{""position"":1,""characters"":[""ا"",""ب"",""ت"",""ج"",""خ"",""د"",""ر"",""ض"",""ع"",""ق"",""ل"",""م"",""ن"",""و"",""ي""]},{""position"":2,""characters"":[""ا"",""ج"",""د"",""ر"",""ص"",""ق"",""م"",""ن"",""و"",""ي""]},{""position"":3,""characters"":[""ي""]},{""position"":4,""characters"":[""ب"",""ج"",""ح"",""خ"",""ر"",""س"",""ق"",""ك"",""ل"",""ن"",""و""]},{""position"":5,""characters"":[""ا""]}]","false","true","false","3","3","arc-support","SUPPORTED_SMALL_DOMAIN","5","3","3","5","3","3","[]","[""اليدين"",""احيانا""]","60","false","true","false"
"954c44be6f97d451","13","en_to_ar","4","1","0110110110011/1111110110111/1101101101100/0110011001110/0011011011111/1101101110111/1111111111111/1110111011011/1111101101100/0111001100110/0011011011011/1110110111111/1100110110110","3","11","down","5","?ق?ي?","[{""position"":0,""characters"":[""ة"",""ت"",""ز""]},{""position"":1,""characters"":[""ق""]},{""position"":2,""characters"":[""ا"",""ج"",""د"",""ر"",""ص"",""ك"",""ل"",""ي""]},{""position"":3,""characters"":[""ي""]},{""position"":4,""characters"":[""د"",""ر"",""ص"",""ف"",""ل"",""م"",""ن""]}]","false","true","false","2","2","arc-support","SUPPORTED_SMALL_DOMAIN","6","2","2","6","2","2","[]","[""تقييم"",""تقديم"",""تقصير"",""تقليل""]","33.333333333333336","false","true","false"
"455141527800ade0","13","en_to_ar","4","1","0110110110011/1111110110111/1101101101100/0110011001110/0011011011111/1101101110111/1111111111111/1110111011011/1111101101100/0111001100110/0011011011011/1110110111111/1100110110110","5","10","across","3","???","[{""position"":2,""characters"":[""ب"",""ر"",""ل""]},{""position"":1,""characters"":[""ا"",""ر""]},{""position"":0,""characters"":[""ت"",""ر"",""س"",""ق"",""ل""]}]","false","true","true","1","1","arc-support","SUPPORTED_SMALL_DOMAIN","3","1","1","3","1","1","[]","[""قرب"",""قال""]","33.333333333333336","false","false","false"
"e305d50ecc11ade0","13","en_to_ar","4","1","0110110110011/1111110110111/1101101101100/0110011001110/0011011011111/1101101110111/1111111111111/1110111011011/1111101101100/0111001100110/0011011011011/1110110111111/1100110110110","2","9","down","3","??ق","[{""position"":0,""characters"":[""س"",""ش"",""ص"",""ط"",""ع"",""ل"",""ن"",""و""]},{""position"":1,""characters"":[""س"",""ص"",""ق"",""م""]},{""position"":2,""characters"":[""ق""]}]","false","true","false","3","3","arc-support","SUPPORTED_SMALL_DOMAIN","4","3","3","4","3","3","[]","[""عمق""]","75","false","false","false"
"f7c9cbe2cd177645","13","en_to_ar","4","1","0110110110011/1111110110111/1101101101100/0110011001110/0011011011111/1101101110111/1111111111111/1110111011011/1111101101100/0111001100110/0011011011011/1110110111111/1100110110110","3","11","down","5","?ش?ي?","[{""position"":0,""characters"":[""ة"",""ت"",""ز""]},{""position"":1,""characters"":[""ش""]},{""position"":2,""characters"":[""ا"",""ج"",""د"",""ر"",""ص"",""ك"",""ل"",""ي""]},{""position"":3,""characters"":[""ي""]},{""position"":4,""characters"":[""د"",""ر"",""ص"",""ف"",""ل"",""م"",""ن""]}]","false","true","true","1","1","arc-support","SUPPORTED_SMALL_DOMAIN","2","1","1","2","1","1","[]","[""تشييد""]","50","false","false","false"
"caee859e655f60b6","13","en_to_ar","4","1","0110110110011/1111110110111/1101101101100/0110011001110/0011011011111/1101101110111/1111111111111/1110111011011/1111101101100/0111001100110/0011011011011/1110110111111/1100110110110","3","9","across","3","ت??","[{""position"":2,""characters"":[""ب"",""ح"",""د"",""ر"",""س"",""ص"",""ع"",""ف"",""ق"",""ك"",""م"",""و""]},{""position"":1,""characters"":[""ا"",""ن"",""و"",""ي""]},{""position"":0,""characters"":[""ت""]}]","false","true","false","3","3","arc-support","SUPPORTED_SMALL_DOMAIN","7","3","3","7","3","3","[]","[""بنت"",""سنت"",""تنس"",""فوت""]","42.857142857142854","false","true","false"
"f62b841670dc8111","13","en_to_ar","4","1","0110110110011/1111110110111/1101101101100/0110011001110/0011011011111/1101101110111/1111111111111/1110111011011/1111101101100/0111001100110/0011011011011/1110110111111/1100110110110","5","10","across","3","?ك?","[{""position"":2,""characters"":[""ب"",""ل""]},{""position"":1,""characters"":[""ك""]},{""position"":0,""characters"":[""ا"",""ح"",""ر"",""ق""]}]","true","false","true","0","0","arc-support","C_API_SAMPLING_LOSS","1","0","0","1","0","0","[]","[""اكل""]","0","true","false","false"
"263317594a54c40e","13","en_to_ar","4","1","0110110110011/1111110110111/1101101101100/0110011001110/0011011011111/1101101110111/1111111111111/1110111011011/1111101101100/0111001100110/0011011011011/1110110111111/1100110110110","3","11","down","5","?و?ي?","[{""position"":0,""characters"":[""ة"",""ت"",""ز""]},{""position"":1,""characters"":[""و""]},{""position"":2,""characters"":[""ا"",""ج"",""د"",""ر"",""ص"",""ك"",""ل"",""ي""]},{""position"":3,""characters"":[""ي""]},{""position"":4,""characters"":[""د"",""ر"",""ص"",""ف"",""ل"",""م"",""ن""]}]","false","true","false","2","2","arc-support","SUPPORTED_SMALL_DOMAIN","4","2","2","4","2","2","[]","[""توريد"",""توليد""]","50","false","false","false"
"314c727d8bb3973f","13","en_to_ar","4","1","0110110110011/1111110110111/1101101101100/0110011001110/0011011011111/1101101110111/1111111111111/1110111011011/1111101101100/0111001100110/0011011011011/1110110111111/1100110110110","4","12","down","4","م?ف?","[{""position"":0,""characters"":[""م""]},{""position"":1,""characters"":[""ا"",""ت"",""ح"",""د"",""ر"",""س"",""ص"",""ع"",""ق"",""ل"",""ه"",""و""]},{""position"":2,""characters"":[""ف""]},{""position"":3,""characters"":[""ت"",""ح"",""د"",""ر"",""س"",""ص"",""ع"",""ق"",""ل"",""ن"",""و""]}]","false","true","false","1","1","arc-support","SUPPORTED_SMALL_DOMAIN","4","1","1","4","1","1","[]","[""محفل"",""مرفق"",""متفق""]","25","false","false","false"
"f6f31b1bf70d6628","13","en_to_ar","4","1","0110110110011/1111110110111/1101101101100/0110011001110/0011011011111/1101101110111/1111111111111/1110111011011/1111101101100/0111001100110/0011011011011/1110110111111/1100110110110","3","9","across","3","???","[{""position"":2,""characters"":[""ح"",""ر"",""ز"",""س"",""ص"",""ف"",""ق""]},{""position"":1,""characters"":[""ا"",""د"",""ر"",""و""]},{""position"":0,""characters"":[""ت"",""ز""]}]","false","true","false","3","3","arc-support","SUPPORTED_SMALL_DOMAIN","7","3","3","7","3","3","[]","[""فوز"",""فرز"",""ترس"",""فوت""]","42.857142857142854","false","true","false"
"190b08243d5d70ae","13","en_to_ar","4","1","0110110110011/1111110110111/1101101101100/0110011001110/0011011011111/1101101110111/1111111111111/1110111011011/1111101101100/0111001100110/0011011011011/1110110111111/1100110110110","3","11","down","5","?ن?ي?","[{""position"":0,""characters"":[""ة"",""ت"",""ز""]},{""position"":1,""characters"":[""ن""]},{""position"":2,""characters"":[""ا"",""ج"",""د"",""ر"",""ص"",""ك"",""ل"",""ي""]},{""position"":3,""characters"":[""ي""]},{""position"":4,""characters"":[""د"",""ر"",""ص"",""ف"",""ل"",""م"",""ن""]}]","false","true","true","2","1","arc-support","SUPPORTED_SMALL_DOMAIN","2","1","1","2","1","1","[]","[""ديانة""]","50","false","false","false"
"bdca61672bccbd1f","13","en_to_ar","4","1","0110110110011/1111110110111/1101101101100/0110011001110/0011011011111/1101101110111/1111111111111/1110111011011/1111101101100/0111001100110/0011011011011/1110110111111/1100110110110","3","11","down","5","?ح?ي?","[{""position"":0,""characters"":[""ة"",""ت"",""ز""]},{""position"":1,""characters"":[""ح""]},{""position"":2,""characters"":[""ا"",""ج"",""د"",""ر"",""ص"",""ك"",""ل"",""ي""]},{""position"":3,""characters"":[""ي""]},{""position"":4,""characters"":[""د"",""ر"",""ص"",""ف"",""ل"",""م"",""ن""]}]","false","true","false","1","1","arc-support","SUPPORTED_SMALL_DOMAIN","4","2","2","3","1","1","[""تحديد""]","[""تحليل"",""تحرير""]","50","false","false","true"
"e2d333eceb09fbc7","13","en_to_ar","4","1","0110110110011/1111110110111/1101101101100/0110011001110/0011011011111/1101101110111/1111111111111/1110111011011/1111101101100/0111001100110/0011011011011/1110110111111/1100110110110","3","9","across","3","ت??","[{""position"":2,""characters"":[""ب"",""د"",""ر"",""ق"",""ن"",""و""]},{""position"":1,""characters"":[""ا"",""ن"",""و"",""ي""]},{""position"":0,""characters"":[""ت""]}]","false","true","true","2","2","arc-support","C_API_SAMPLING_LOSS","1","0","0","1","0","0","[]","[""بنت""]","0","true","false","false"
"e5a35c6bb3e61603","13","en_to_ar","4","1","0110110110011/1111110110111/1101101101100/0110011001110/0011011011111/1101101110111/1111111111111/1110111011011/1111101101100/0111001100110/0011011011011/1110110111111/1100110110110","1","10","down","6","???ل?ا","[{""position"":0,""characters"":[""ء"",""ا"",""ب"",""ة"",""ت"",""ج"",""د"",""ر"",""ع"",""ك"",""ل"",""م"",""ن"",""ي""]},{""position"":1,""characters"":[""ا"",""ب"",""ت"",""ج"",""خ"",""د"",""ر"",""ض"",""ع"",""ق"",""ل"",""م"",""ن"",""و"",""ي""]},{""position"":2,""characters"":[""ا"",""ج"",""د"",""ر"",""ص"",""ق"",""م"",""ن"",""و"",""ي""]},{""position"":3,""characters"":[""ل""]},{""position"":4,""characters"":[""ب"",""ج"",""ح"",""خ"",""ر"",""س"",""ق"",""ك"",""ل"",""ن"",""و""]},{""position"":5,""characters"":[""ا""]}]","false","true","false","1","1","arc-support","SUPPORTED_SMALL_DOMAIN","6","1","1","6","1","1","[]","[""تعالوا"",""اللجنة"",""اللاعب"",""اللجوء"",""الليلة""]","16.666666666666668","false","true","false"
"263317594a54c40e","13","en_to_ar","4","1","0110110110011/1111110110111/1101101101100/0110011001110/0011011011111/1101101110111/1111111111111/1110111011011/1111101101100/0111001100110/0011011011011/1110110111111/1100110110110","3","11","down","5","?و?ي?","[{""position"":0,""characters"":[""ة"",""ت"",""ز""]},{""position"":1,""characters"":[""و""]},{""position"":2,""characters"":[""ا"",""ج"",""د"",""ر"",""ص"",""ك"",""ل"",""ي""]},{""position"":3,""characters"":[""ي""]},{""position"":4,""characters"":[""د"",""ر"",""ص"",""ف"",""ل"",""م"",""ن""]}]","false","true","false","2","2","arc-support","SUPPORTED_SMALL_DOMAIN","4","2","2","4","2","2","[]","[""توريد"",""توليد""]","50","false","false","false"
"314c727d8bb3973f","13","en_to_ar","4","1","0110110110011/1111110110111/1101101101100/0110011001110/0011011011111/1101101110111/1111111111111/1110111011011/1111101101100/0111001100110/0011011011011/1110110111111/1100110110110","4","12","down","4","م?ف?","[{""position"":0,""characters"":[""م""]},{""position"":1,""characters"":[""ا"",""ت"",""ح"",""د"",""ر"",""س"",""ص"",""ع"",""ق"",""ل"",""ه"",""و""]},{""position"":2,""characters"":[""ف""]},{""position"":3,""characters"":[""ت"",""ح"",""د"",""ر"",""س"",""ص"",""ع"",""ق"",""ل"",""ن"",""و""]}]","false","true","false","1","1","arc-support","SUPPORTED_SMALL_DOMAIN","4","1","1","4","1","1","[]","[""محفل"",""مرفق"",""متفق""]","25","false","false","false"
"c0d513f4b958e4b8","13","en_to_ar","4","1","0110110110011/1111110110111/1101101101100/0110011001110/0011011011111/1101101110111/1111111111111/1110111011011/1111101101100/0111001100110/0011011011011/1110110111111/1100110110110","5","10","across","3","ه?و","[{""position"":2,""characters"":[""و""]},{""position"":1,""characters"":[""ج"",""ص""]},{""position"":0,""characters"":[""ه""]}]","false","true","true","3","3","arc-support","C_API_SAMPLING_LOSS","1","0","0","1","0","0","[]","[""وجه""]","0","true","false","false"
"d1c2e3eed6bbe5f7","13","en_to_ar","4","1","0110110110011/1111110110111/1101101101100/0110011001110/0011011011111/1101101110111/1111111111111/1110111011011/1111101101100/0111001100110/0011011011011/1110110111111/1100110110110","1","10","down","6","???ي?ا","[{""position"":0,""characters"":[""ء"",""ا"",""ب"",""ة"",""ت"",""ج"",""د"",""ر"",""ع"",""ك"",""ل"",""م"",""ن"",""ي""]},{""position"":1,""characters"":[""ا"",""ب"",""ت"",""ج"",""خ"",""د"",""ر"",""ض"",""ع"",""ق"",""ل"",""م"",""ن"",""و"",""ي""]},{""position"":2,""characters"":[""ا"",""ج"",""د"",""ر"",""ص"",""ق"",""م"",""ن"",""و"",""ي""]},{""position"":3,""characters"":[""ي""]},{""position"":4,""characters"":[""ب"",""ج"",""ح"",""خ"",""ر"",""س"",""ق"",""ك"",""ل"",""ن"",""و""]},{""position"":5,""characters"":[""ا""]}]","false","true","false","3","3","arc-support","SUPPORTED_SMALL_DOMAIN","5","3","3","5","3","3","[]","[""اليدين"",""احيانا""]","60","false","true","false"
"954c44be6f97d451","13","en_to_ar","4","1","0110110110011/1111110110111/1101101101100/0110011001110/0011011011111/1101101110111/1111111111111/1110111011011/1111101101100/0111001100110/0011011011011/1110110111111/1100110110110","3","11","down","5","?ق?ي?","[{""position"":0,""characters"":[""ة"",""ت"",""ز""]},{""position"":1,""characters"":[""ق""]},{""position"":2,""characters"":[""ا"",""ج"",""د"",""ر"",""ص"",""ك"",""ل"",""ي""]},{""position"":3,""characters"":[""ي""]},{""position"":4,""characters"":[""د"",""ر"",""ص"",""ف"",""ل"",""م"",""ن""]}]","false","true","false","2","2","arc-support","SUPPORTED_SMALL_DOMAIN","6","2","2","6","2","2","[]","[""تقييم"",""تقديم"",""تقصير"",""تقليل""]","33.333333333333336","false","true","false"
"455141527800ade0","13","en_to_ar","4","1","0110110110011/1111110110111/1101101101100/0110011001110/0011011011111/1101101110111/1111111111111/1110111011011/1111101101100/0111001100110/0011011011011/1110110111111/1100110110110","5","10","across","3","???","[{""position"":2,""characters"":[""ب"",""ر"",""ل""]},{""position"":1,""characters"":[""ا"",""ر""]},{""position"":0,""characters"":[""ت"",""ر"",""س"",""ق"",""ل""]}]","false","true","true","1","1","arc-support","SUPPORTED_SMALL_DOMAIN","3","1","1","3","1","1","[]","[""قرب"",""قال""]","33.333333333333336","false","false","false"
"e305d50ecc11ade0","13","en_to_ar","4","1","0110110110011/1111110110111/1101101101100/0110011001110/0011011011111/1101101110111/1111111111111/1110111011011/1111101101100/0111001100110/0011011011011/1110110111111/1100110110110","2","9","down","3","??ق","[{""position"":0,""characters"":[""س"",""ش"",""ص"",""ط"",""ع"",""ل"",""ن"",""و""]},{""position"":1,""characters"":[""س"",""ص"",""ق"",""م""]},{""position"":2,""characters"":[""ق""]}]","false","true","false","3","3","arc-support","SUPPORTED_SMALL_DOMAIN","4","3","3","4","3","3","[]","[""عمق""]","75","false","false","false"
"f7c9cbe2cd177645","13","en_to_ar","4","1","0110110110011/1111110110111/1101101101100/0110011001110/0011011011111/1101101110111/1111111111111/1110111011011/1111101101100/0111001100110/0011011011011/1110110111111/1100110110110","3","11","down","5","?ش?ي?","[{""position"":0,""characters"":[""ة"",""ت"",""ز""]},{""position"":1,""characters"":[""ش""]},{""position"":2,""characters"":[""ا"",""ج"",""د"",""ر"",""ص"",""ك"",""ل"",""ي""]},{""position"":3,""characters"":[""ي""]},{""position"":4,""characters"":[""د"",""ر"",""ص"",""ف"",""ل"",""م"",""ن""]}]","false","true","true","1","1","arc-support","SUPPORTED_SMALL_DOMAIN","2","1","1","2","1","1","[]","[""تشييد""]","50","false","false","false"
"caee859e655f60b6","13","en_to_ar","4","1","0110110110011/1111110110111/1101101101100/0110011001110/0011011011111/1101101110111/1111111111111/1110111011011/1111101101100/0111001100110/0011011011011/1110110111111/1100110110110","3","9","across","3","ت??","[{""position"":2,""characters"":[""ب"",""ح"",""د"",""ر"",""س"",""ص"",""ع"",""ف"",""ق"",""ك"",""م"",""و""]},{""position"":1,""characters"":[""ا"",""ن"",""و"",""ي""]},{""position"":0,""characters"":[""ت""]}]","false","true","false","3","3","arc-support","SUPPORTED_SMALL_DOMAIN","7","3","3","7","3","3","[]","[""بنت"",""سنت"",""تنس"",""فوت""]","42.857142857142854","false","true","false"
"f62b841670dc8111","13","en_to_ar","4","1","0110110110011/1111110110111/1101101101100/0110011001110/0011011011111/1101101110111/1111111111111/1110111011011/1111101101100/0111001100110/0011011011011/1110110111111/1100110110110","5","10","across","3","?ك?","[{""position"":2,""characters"":[""ب"",""ل""]},{""position"":1,""characters"":[""ك""]},{""position"":0,""characters"":[""ا"",""ح"",""ر"",""ق""]}]","true","false","true","0","0","arc-support","C_API_SAMPLING_LOSS","1","0","0","1","0","0","[]","[""اكل""]","0","true","false","false"
"263317594a54c40e","13","en_to_ar","4","1","0110110110011/1111110110111/1101101101100/0110011001110/0011011011111/1101101110111/1111111111111/1110111011011/1111101101100/0111001100110/0011011011011/1110110111111/1100110110110","3","11","down","5","?و?ي?","[{""position"":0,""characters"":[""ة"",""ت"",""ز""]},{""position"":1,""characters"":[""و""]},{""position"":2,""characters"":[""ا"",""ج"",""د"",""ر"",""ص"",""ك"",""ل"",""ي""]},{""position"":3,""characters"":[""ي""]},{""position"":4,""characters"":[""د"",""ر"",""ص"",""ف"",""ل"",""م"",""ن""]}]","false","true","false","2","2","arc-support","SUPPORTED_SMALL_DOMAIN","4","2","2","4","2","2","[]","[""توريد"",""توليد""]","50","false","false","false"
"314c727d8bb3973f","13","en_to_ar","4","1","0110110110011/1111110110111/1101101101100/0110011001110/0011011011111/1101101110111/1111111111111/1110111011011/1111101101100/0111001100110/0011011011011/1110110111111/1100110110110","4","12","down","4","م?ف?","[{""position"":0,""characters"":[""م""]},{""position"":1,""characters"":[""ا"",""ت"",""ح"",""د"",""ر"",""س"",""ص"",""ع"",""ق"",""ل"",""ه"",""و""]},{""position"":2,""characters"":[""ف""]},{""position"":3,""characters"":[""ت"",""ح"",""د"",""ر"",""س"",""ص"",""ع"",""ق"",""ل"",""ن"",""و""]}]","false","true","false","1","1","arc-support","SUPPORTED_SMALL_DOMAIN","4","1","1","4","1","1","[]","[""محفل"",""مرفق"",""متفق""]","25","false","false","false"
"f6f31b1bf70d6628","13","en_to_ar","4","1","0110110110011/1111110110111/1101101101100/0110011001110/0011011011111/1101101110111/1111111111111/1110111011011/1111101101100/0111001100110/0011011011011/1110110111111/1100110110110","3","9","across","3","???","[{""position"":2,""characters"":[""ح"",""ر"",""ز"",""س"",""ص"",""ف"",""ق""]},{""position"":1,""characters"":[""ا"",""د"",""ر"",""و""]},{""position"":0,""characters"":[""ت"",""ز""]}]","false","true","false","3","3","arc-support","SUPPORTED_SMALL_DOMAIN","7","3","3","7","3","3","[]","[""فوز"",""فرز"",""ترس"",""فوت""]","42.857142857142854","false","true","false"
"190b08243d5d70ae","13","en_to_ar","4","1","0110110110011/1111110110111/1101101101100/0110011001110/0011011011111/1101101110111/1111111111111/1110111011011/1111101101100/0111001100110/0011011011011/1110110111111/1100110110110","3","11","down","5","?ن?ي?","[{""position"":0,""characters"":[""ة"",""ت"",""ز""]},{""position"":1,""characters"":[""ن""]},{""position"":2,""characters"":[""ا"",""ج"",""د"",""ر"",""ص"",""ك"",""ل"",""ي""]},{""position"":3,""characters"":[""ي""]},{""position"":4,""characters"":[""د"",""ر"",""ص"",""ف"",""ل"",""م"",""ن""]}]","false","true","true","2","1","arc-support","SUPPORTED_SMALL_DOMAIN","2","1","1","2","1","1","[]","[""ديانة""]","50","false","false","false"
"bdca61672bccbd1f","13","en_to_ar","4","1","0110110110011/1111110110111/1101101101100/0110011001110/0011011011111/1101101110111/1111111111111/1110111011011/1111101101100/0111001100110/0011011011011/1110110111111/1100110110110","3","11","down","5","?ح?ي?","[{""position"":0,""characters"":[""ة"",""ت"",""ز""]},{""position"":1,""characters"":[""ح""]},{""position"":2,""characters"":[""ا"",""ج"",""د"",""ر"",""ص"",""ك"",""ل"",""ي""]},{""position"":3,""characters"":[""ي""]},{""position"":4,""characters"":[""د"",""ر"",""ص"",""ف"",""ل"",""م"",""ن""]}]","false","true","false","1","1","arc-support","SUPPORTED_SMALL_DOMAIN","4","2","2","3","1","1","[""تحديد""]","[""تحليل"",""تحرير""]","50","false","false","true"
"e2d333eceb09fbc7","13","en_to_ar","4","1","0110110110011/1111110110111/1101101101100/0110011001110/0011011011111/1101101110111/1111111111111/1110111011011/1111101101100/0111001100110/0011011011011/1110110111111/1100110110110","3","9","across","3","ت??","[{""position"":2,""characters"":[""ب"",""د"",""ر"",""ق"",""ن"",""و""]},{""position"":1,""characters"":[""ا"",""ن"",""و"",""ي""]},{""position"":0,""characters"":[""ت""]}]","false","true","true","2","2","arc-support","C_API_SAMPLING_LOSS","1","0","0","1","0","0","[]","[""بنت""]","0","true","false","false"
"e5a35c6bb3e61603","13","en_to_ar","4","1","0110110110011/1111110110111/1101101101100/0110011001110/0011011011111/1101101110111/1111111111111/1110111011011/1111101101100/0111001100110/0011011011011/1110110111111/1100110110110","1","10","down","6","???ل?ا","[{""position"":0,""characters"":[""ء"",""ا"",""ب"",""ة"",""ت"",""ج"",""د"",""ر"",""ع"",""ك"",""ل"",""م"",""ن"",""ي""]},{""position"":1,""characters"":[""ا"",""ب"",""ت"",""ج"",""خ"",""د"",""ر"",""ض"",""ع"",""ق"",""ل"",""م"",""ن"",""و"",""ي""]},{""position"":2,""characters"":[""ا"",""ج"",""د"",""ر"",""ص"",""ق"",""م"",""ن"",""و"",""ي""]},{""position"":3,""characters"":[""ل""]},{""position"":4,""characters"":[""ب"",""ج"",""ح"",""خ"",""ر"",""س"",""ق"",""ك"",""ل"",""ن"",""و""]},{""position"":5,""characters"":[""ا""]}]","false","true","false","1","1","arc-support","SUPPORTED_SMALL_DOMAIN","6","1","1","6","1","1","[]","[""تعالوا"",""اللجنة"",""اللاعب"",""اللجوء"",""الليلة""]","16.666666666666668","false","true","false"
"263317594a54c40e","13","en_to_ar","4","1","0110110110011/1111110110111/1101101101100/0110011001110/0011011011111/1101101110111/1111111111111/1110111011011/1111101101100/0111001100110/0011011011011/1110110111111/1100110110110","3","11","down","5","?و?ي?","[{""position"":0,""characters"":[""ة"",""ت"",""ز""]},{""position"":1,""characters"":[""و""]},{""position"":2,""characters"":[""ا"",""ج"",""د"",""ر"",""ص"",""ك"",""ل"",""ي""]},{""position"":3,""characters"":[""ي""]},{""position"":4,""characters"":[""د"",""ر"",""ص"",""ف"",""ل"",""م"",""ن""]}]","false","true","false","2","2","arc-support","SUPPORTED_SMALL_DOMAIN","4","2","2","4","2","2","[]","[""توريد"",""توليد""]","50","false","false","false"
"74f00581f4b84eb4","13","en_to_ar","4","1","0110110110011/1111110110111/1101101101100/0110011001110/0011011011111/1101101110111/1111111111111/1110111011011/1111101101100/0111001100110/0011011011011/1110110111111/1100110110110","4","12","down","4","م?ف?","[{""position"":0,""characters"":[""م""]},{""position"":1,""characters"":[""ا"",""ت"",""ح"",""د"",""ر"",""س"",""ص"",""ع"",""ق"",""ل"",""ه"",""و""]},{""position"":2,""characters"":[""ف""]},{""position"":3,""characters"":[""ت"",""ح"",""د"",""ر"",""س"",""ص"",""ع"",""ق"",""ل"",""ن""]}]","false","true","false","1","1","arc-support","SUPPORTED_SMALL_DOMAIN","4","1","1","4","1","1","[]","[""محفل"",""مرفق"",""متفق""]","25","false","false","false"
"c0d513f4b958e4b8","13","en_to_ar","4","1","0110110110011/1111110110111/1101101101100/0110011001110/0011011011111/1101101110111/1111111111111/1110111011011/1111101101100/0111001100110/0011011011011/1110110111111/1100110110110","5","10","across","3","ه?و","[{""position"":2,""characters"":[""و""]},{""position"":1,""characters"":[""ج"",""ص""]},{""position"":0,""characters"":[""ه""]}]","false","true","true","3","3","arc-support","C_API_SAMPLING_LOSS","1","0","0","1","0","0","[]","[""وجه""]","0","true","false","false"
"d1c2e3eed6bbe5f7","13","en_to_ar","4","1","0110110110011/1111110110111/1101101101100/0110011001110/0011011011111/1101101110111/1111111111111/1110111011011/1111101101100/0111001100110/0011011011011/1110110111111/1100110110110","1","10","down","6","???ي?ا","[{""position"":0,""characters"":[""ء"",""ا"",""ب"",""ة"",""ت"",""ج"",""د"",""ر"",""ع"",""ك"",""ل"",""م"",""ن"",""ي""]},{""position"":1,""characters"":[""ا"",""ب"",""ت"",""ج"",""خ"",""د"",""ر"",""ض"",""ع"",""ق"",""ل"",""م"",""ن"",""و"",""ي""]},{""position"":2,""characters"":[""ا"",""ج"",""د"",""ر"",""ص"",""ق"",""م"",""ن"",""و"",""ي""]},{""position"":3,""characters"":[""ي""]},{""position"":4,""characters"":[""ب"",""ج"",""ح"",""خ"",""ر"",""س"",""ق"",""ك"",""ل"",""ن"",""و""]},{""position"":5,""characters"":[""ا""]}]","false","true","false","3","3","arc-support","SUPPORTED_SMALL_DOMAIN","5","3","3","5","3","3","[]","[""اليدين"",""احيانا""]","60","false","true","false"
"954c44be6f97d451","13","en_to_ar","4","1","0110110110011/1111110110111/1101101101100/0110011001110/0011011011111/1101101110111/1111111111111/1110111011011/1111101101100/0111001100110/0011011011011/1110110111111/1100110110110","3","11","down","5","?ق?ي?","[{""position"":0,""characters"":[""ة"",""ت"",""ز""]},{""position"":1,""characters"":[""ق""]},{""position"":2,""characters"":[""ا"",""ج"",""د"",""ر"",""ص"",""ك"",""ل"",""ي""]},{""position"":3,""characters"":[""ي""]},{""position"":4,""characters"":[""د"",""ر"",""ص"",""ف"",""ل"",""م"",""ن""]}]","false","true","false","2","2","arc-support","SUPPORTED_SMALL_DOMAIN","6","2","2","6","2","2","[]","[""تقييم"",""تقديم"",""تقصير"",""تقليل""]","33.333333333333336","false","true","false"
"f7c9cbe2cd177645","13","en_to_ar","4","1","0110110110011/1111110110111/1101101101100/0110011001110/0011011011111/1101101110111/1111111111111/1110111011011/1111101101100/0111001100110/0011011011011/1110110111111/1100110110110","3","11","down","5","?ش?ي?","[{""position"":0,""characters"":[""ة"",""ت"",""ز""]},{""position"":1,""characters"":[""ش""]},{""position"":2,""characters"":[""ا"",""ج"",""د"",""ر"",""ص"",""ك"",""ل"",""ي""]},{""position"":3,""characters"":[""ي""]},{""position"":4,""characters"":[""د"",""ر"",""ص"",""ف"",""ل"",""م"",""ن""]}]","false","true","true","1","1","arc-support","SUPPORTED_SMALL_DOMAIN","2","1","1","2","1","1","[]","[""تشييد""]","50","false","false","false"
"df9c58a131aef142","13","en_to_ar","4","1","0110110110011/1111110110111/1101101101100/0110011001110/0011011011111/1101101110111/1111111111111/1110111011011/1111101101100/0111001100110/0011011011011/1110110111111/1100110110110","4","12","down","4","ة?ف?","[{""position"":0,""characters"":[""ة""]},{""position"":1,""characters"":[""ا"",""ت"",""ح"",""د"",""ر"",""س"",""ص"",""ع"",""ق"",""ل"",""ه"",""و""]},{""position"":2,""characters"":[""ف""]},{""position"":3,""characters"":[""ت"",""ح"",""د"",""ر"",""س"",""ص"",""ع"",""ق"",""ل"",""ن""]}]","false","true","false","3","3","arc-support","SUPPORTED_SMALL_DOMAIN","6","3","3","6","3","3","[]","[""حفلة"",""دفعة"",""صفقة""]","50","false","true","false"
"caee859e655f60b6","13","en_to_ar","4","1","0110110110011/1111110110111/1101101101100/0110011001110/0011011011111/1101101110111/1111111111111/1110111011011/1111101101100/0111001100110/0011011011011/1110110111111/1100110110110","3","9","across","3","ت??","[{""position"":2,""characters"":[""ب"",""ح"",""د"",""ر"",""س"",""ص"",""ع"",""ف"",""ق"",""ك"",""م"",""و""]},{""position"":1,""characters"":[""ا"",""ن"",""و"",""ي""]},{""position"":0,""characters"":[""ت""]}]","false","true","false","3","3","arc-support","SUPPORTED_SMALL_DOMAIN","7","3","3","7","3","3","[]","[""بنت"",""سنت"",""تنس"",""فوت""]","42.857142857142854","false","true","false"
"263317594a54c40e","13","en_to_ar","4","1","0110110110011/1111110110111/1101101101100/0110011001110/0011011011111/1101101110111/1111111111111/1110111011011/1111101101100/0111001100110/0011011011011/1110110111111/1100110110110","3","11","down","5","?و?ي?","[{""position"":0,""characters"":[""ة"",""ت"",""ز""]},{""position"":1,""characters"":[""و""]},{""position"":2,""characters"":[""ا"",""ج"",""د"",""ر"",""ص"",""ك"",""ل"",""ي""]},{""position"":3,""characters"":[""ي""]},{""position"":4,""characters"":[""د"",""ر"",""ص"",""ف"",""ل"",""م"",""ن""]}]","false","true","false","2","2","arc-support","SUPPORTED_SMALL_DOMAIN","4","2","2","4","2","2","[]","[""توريد"",""توليد""]","50","false","false","false"
"74f00581f4b84eb4","13","en_to_ar","4","1","0110110110011/1111110110111/1101101101100/0110011001110/0011011011111/1101101110111/1111111111111/1110111011011/1111101101100/0111001100110/0011011011011/1110110111111/1100110110110","4","12","down","4","م?ف?","[{""position"":0,""characters"":[""م""]},{""position"":1,""characters"":[""ا"",""ت"",""ح"",""د"",""ر"",""س"",""ص"",""ع"",""ق"",""ل"",""ه"",""و""]},{""position"":2,""characters"":[""ف""]},{""position"":3,""characters"":[""ت"",""ح"",""د"",""ر"",""س"",""ص"",""ع"",""ق"",""ل"",""ن""]}]","false","true","false","1","1","arc-support","SUPPORTED_SMALL_DOMAIN","4","1","1","4","1","1","[]","[""محفل"",""مرفق"",""متفق""]","25","false","false","false"
"f6f31b1bf70d6628","13","en_to_ar","4","1","0110110110011/1111110110111/1101101101100/0110011001110/0011011011111/1101101110111/1111111111111/1110111011011/1111101101100/0111001100110/0011011011011/1110110111111/1100110110110","3","9","across","3","???","[{""position"":2,""characters"":[""ح"",""ر"",""ز"",""س"",""ص"",""ف"",""ق""]},{""position"":1,""characters"":[""ا"",""د"",""ر"",""و""]},{""position"":0,""characters"":[""ت"",""ز""]}]","false","true","false","3","3","arc-support","SUPPORTED_SMALL_DOMAIN","7","3","3","7","3","3","[]","[""فوز"",""فرز"",""ترس"",""فوت""]","42.857142857142854","false","true","false"
"190b08243d5d70ae","13","en_to_ar","4","1","0110110110011/1111110110111/1101101101100/0110011001110/0011011011111/1101101110111/1111111111111/1110111011011/1111101101100/0111001100110/0011011011011/1110110111111/1100110110110","3","11","down","5","?ن?ي?","[{""position"":0,""characters"":[""ة"",""ت"",""ز""]},{""position"":1,""characters"":[""ن""]},{""position"":2,""characters"":[""ا"",""ج"",""د"",""ر"",""ص"",""ك"",""ل"",""ي""]},{""position"":3,""characters"":[""ي""]},{""position"":4,""characters"":[""د"",""ر"",""ص"",""ف"",""ل"",""م"",""ن""]}]","false","true","true","2","1","arc-support","SUPPORTED_SMALL_DOMAIN","2","1","1","2","1","1","[]","[""ديانة""]","50","false","false","false"
"bdca61672bccbd1f","13","en_to_ar","4","1","0110110110011/1111110110111/1101101101100/0110011001110/0011011011111/1101101110111/1111111111111/1110111011011/1111101101100/0111001100110/0011011011011/1110110111111/1100110110110","3","11","down","5","?ح?ي?","[{""position"":0,""characters"":[""ة"",""ت"",""ز""]},{""position"":1,""characters"":[""ح""]},{""position"":2,""characters"":[""ا"",""ج"",""د"",""ر"",""ص"",""ك"",""ل"",""ي""]},{""position"":3,""characters"":[""ي""]},{""position"":4,""characters"":[""د"",""ر"",""ص"",""ف"",""ل"",""م"",""ن""]}]","false","true","false","1","1","arc-support","SUPPORTED_SMALL_DOMAIN","4","2","2","3","1","1","[""تحديد""]","[""تحليل"",""تحرير""]","50","false","false","true"
"e2d333eceb09fbc7","13","en_to_ar","4","1","0110110110011/1111110110111/1101101101100/0110011001110/0011011011111/1101101110111/1111111111111/1110111011011/1111101101100/0111001100110/0011011011011/1110110111111/1100110110110","3","9","across","3","ت??","[{""position"":2,""characters"":[""ب"",""د"",""ر"",""ق"",""ن"",""و""]},{""position"":1,""characters"":[""ا"",""ن"",""و"",""ي""]},{""position"":0,""characters"":[""ت""]}]","false","true","true","2","2","arc-support","C_API_SAMPLING_LOSS","1","0","0","1","0","0","[]","[""بنت""]","0","true","false","false"
"e5a35c6bb3e61603","13","en_to_ar","4","1","0110110110011/1111110110111/1101101101100/0110011001110/0011011011111/1101101110111/1111111111111/1110111011011/1111101101100/0111001100110/0011011011011/1110110111111/1100110110110","1","10","down","6","???ل?ا","[{""position"":0,""characters"":[""ء"",""ا"",""ب"",""ة"",""ت"",""ج"",""د"",""ر"",""ع"",""ك"",""ل"",""م"",""ن"",""ي""]},{""position"":1,""characters"":[""ا"",""ب"",""ت"",""ج"",""خ"",""د"",""ر"",""ض"",""ع"",""ق"",""ل"",""م"",""ن"",""و"",""ي""]},{""position"":2,""characters"":[""ا"",""ج"",""د"",""ر"",""ص"",""ق"",""م"",""ن"",""و"",""ي""]},{""position"":3,""characters"":[""ل""]},{""position"":4,""characters"":[""ب"",""ج"",""ح"",""خ"",""ر"",""س"",""ق"",""ك"",""ل"",""ن"",""و""]},{""position"":5,""characters"":[""ا""]}]","false","true","false","1","1","arc-support","SUPPORTED_SMALL_DOMAIN","6","1","1","6","1","1","[]","[""تعالوا"",""اللجنة"",""اللاعب"",""اللجوء"",""الليلة""]","16.666666666666668","false","true","false"
"263317594a54c40e","13","en_to_ar","4","1","0110110110011/1111110110111/1101101101100/0110011001110/0011011011111/1101101110111/1111111111111/1110111011011/1111101101100/0111001100110/0011011011011/1110110111111/1100110110110","3","11","down","5","?و?ي?","[{""position"":0,""characters"":[""ة"",""ت"",""ز""]},{""position"":1,""characters"":[""و""]},{""position"":2,""characters"":[""ا"",""ج"",""د"",""ر"",""ص"",""ك"",""ل"",""ي""]},{""position"":3,""characters"":[""ي""]},{""position"":4,""characters"":[""د"",""ر"",""ص"",""ف"",""ل"",""م"",""ن""]}]","false","true","false","2","2","arc-support","SUPPORTED_SMALL_DOMAIN","4","2","2","4","2","2","[]","[""توريد"",""توليد""]","50","false","false","false"
"314c727d8bb3973f","13","en_to_ar","4","1","0110110110011/1111110110111/1101101101100/0110011001110/0011011011111/1101101110111/1111111111111/1110111011011/1111101101100/0111001100110/0011011011011/1110110111111/1100110110110","4","12","down","4","م?ف?","[{""position"":0,""characters"":[""م""]},{""position"":1,""characters"":[""ا"",""ت"",""ح"",""د"",""ر"",""س"",""ص"",""ع"",""ق"",""ل"",""ه"",""و""]},{""position"":2,""characters"":[""ف""]},{""position"":3,""characters"":[""ت"",""ح"",""د"",""ر"",""س"",""ص"",""ع"",""ق"",""ل"",""ن"",""و""]}]","false","true","false","1","1","arc-support","SUPPORTED_SMALL_DOMAIN","4","1","1","4","1","1","[]","[""محفل"",""مرفق"",""متفق""]","25","false","false","false"
"c0d513f4b958e4b8","13","en_to_ar","4","1","0110110110011/1111110110111/1101101101100/0110011001110/0011011011111/1101101110111/1111111111111/1110111011011/1111101101100/0111001100110/0011011011011/1110110111111/1100110110110","5","10","across","3","ه?و","[{""position"":2,""characters"":[""و""]},{""position"":1,""characters"":[""ج"",""ص""]},{""position"":0,""characters"":[""ه""]}]","false","true","true","3","3","arc-support","C_API_SAMPLING_LOSS","1","0","0","1","0","0","[]","[""وجه""]","0","true","false","false"
"d1c2e3eed6bbe5f7","13","en_to_ar","4","1","0110110110011/1111110110111/1101101101100/0110011001110/0011011011111/1101101110111/1111111111111/1110111011011/1111101101100/0111001100110/0011011011011/1110110111111/1100110110110","1","10","down","6","???ي?ا","[{""position"":0,""characters"":[""ء"",""ا"",""ب"",""ة"",""ت"",""ج"",""د"",""ر"",""ع"",""ك"",""ل"",""م"",""ن"",""ي""]},{""position"":1,""characters"":[""ا"",""ب"",""ت"",""ج"",""خ"",""د"",""ر"",""ض"",""ع"",""ق"",""ل"",""م"",""ن"",""و"",""ي""]},{""position"":2,""characters"":[""ا"",""ج"",""د"",""ر"",""ص"",""ق"",""م"",""ن"",""و"",""ي""]},{""position"":3,""characters"":[""ي""]},{""position"":4,""characters"":[""ب"",""ج"",""ح"",""خ"",""ر"",""س"",""ق"",""ك"",""ل"",""ن"",""و""]},{""position"":5,""characters"":[""ا""]}]","false","true","false","3","3","arc-support","SUPPORTED_SMALL_DOMAIN","5","3","3","5","3","3","[]","[""اليدين"",""احيانا""]","60","false","true","false"
"954c44be6f97d451","13","en_to_ar","4","1","0110110110011/1111110110111/1101101101100/0110011001110/0011011011111/1101101110111/1111111111111/1110111011011/1111101101100/0111001100110/0011011011011/1110110111111/1100110110110","3","11","down","5","?ق?ي?","[{""position"":0,""characters"":[""ة"",""ت"",""ز""]},{""position"":1,""characters"":[""ق""]},{""position"":2,""characters"":[""ا"",""ج"",""د"",""ر"",""ص"",""ك"",""ل"",""ي""]},{""position"":3,""characters"":[""ي""]},{""position"":4,""characters"":[""د"",""ر"",""ص"",""ف"",""ل"",""م"",""ن""]}]","false","true","false","2","2","arc-support","SUPPORTED_SMALL_DOMAIN","6","2","2","6","2","2","[]","[""تقييم"",""تقديم"",""تقصير"",""تقليل""]","33.333333333333336","false","true","false"
"455141527800ade0","13","en_to_ar","4","1","0110110110011/1111110110111/1101101101100/0110011001110/0011011011111/1101101110111/1111111111111/1110111011011/1111101101100/0111001100110/0011011011011/1110110111111/1100110110110","5","10","across","3","???","[{""position"":2,""characters"":[""ب"",""ر"",""ل""]},{""position"":1,""characters"":[""ا"",""ر""]},{""position"":0,""characters"":[""ت"",""ر"",""س"",""ق"",""ل""]}]","false","true","true","1","1","arc-support","SUPPORTED_SMALL_DOMAIN","3","1","1","3","1","1","[]","[""قرب"",""قال""]","33.333333333333336","false","false","false"
"1f6e30e5b1bf11cd","13","en_to_ar","4","2","0110110110011/1111110110111/1101101101100/0110011001110/0011011011111/1101101110111/1111111111111/1110111011011/1111101101100/0111001100110/0011011011011/1110110111111/1100110110110","6","9","down","3","غ??","[{""position"":0,""characters"":[""غ""]},{""position"":1,""characters"":[""ا"",""ب"",""ح"",""د"",""ر"",""ز"",""س"",""ص"",""ط"",""ظ"",""ف"",""م"",""ن"",""و"",""ي""]},{""position"":2,""characters"":[""ا"",""ب"",""ث"",""د"",""ر"",""ز"",""س"",""ش"",""ص"",""ض"",""ظ"",""ف"",""ل"",""م"",""ن""]}]","false","true","false","3","3","arc-support","SUPPORTED_SMALL_DOMAIN","4","3","3","4","3","3","[]","[""غرب""]","75","false","false","false"
"e0cc119cfe162155","13","en_to_ar","4","2","0110110110011/1111110110111/1101101101100/0110011001110/0011011011111/1101101110111/1111111111111/1110111011011/1111101101100/0111001100110/0011011011011/1110110111111/1100110110110","4","8","down","4","??ل?","[{""position"":0,""characters"":[""ة"",""د"",""ص"",""ف"",""ق"",""ن""]},{""position"":1,""characters"":[""ا"",""ب"",""ح"",""خ"",""ي""]},{""position"":2,""characters"":[""ل""]},{""position"":3,""characters"":[""ب"",""ح""]}]","false","true","true","3","2","arc-support","SUPPORTED_SMALL_DOMAIN","3","2","2","3","2","2","[]","[""صالح""]","66.66666666666667","false","false","false"
"c19479c91630d9d6","13","en_to_ar","4","2","0110110110011/1111110110111/1101101101100/0110011001110/0011011011111/1101101110111/1111111111111/1110111011011/1111101101100/0111001100110/0011011011011/1110110111111/1100110110110","5","6","across","3","ا??","[{""position"":2,""characters"":[""ب"",""ت"",""ج"",""ش"",""ض"",""ع"",""ك"",""ي""]},{""position"":1,""characters"":[""ا"",""ت"",""د""]},{""position"":0,""characters"":[""ا""]}]","false","true","false","3","3","arc-support","SUPPORTED_SMALL_DOMAIN","4","3","3","4","3","3","[]","[""جدا""]","75","false","false","false"
"9df9aad1a1faf02d","13","en_to_ar","4","2","0110110110011/1111110110111/1101101101100/0110011001110/0011011011111/1101101110111/1111111111111/1110111011011/1111101101100/0111001100110/0011011011011/1110110111111/1100110110110","4","8","across","5","????د","[{""position"":4,""characters"":[""د""]},{""position"":3,""characters"":[""ر"",""ق"",""م"",""و"",""ي""]},{""position"":2,""characters"":[""ت"",""ل"",""ي""]},{""position"":1,""characters"":[""ح"",""ش"",""ع"",""ق"",""و""]},{""position"":0,""characters"":[""ا"",""ة"",""ت"",""م""]}]","false","true","false","3","3","arc-support","SUPPORTED_SMALL_DOMAIN","7","3","3","7","3","3","[]","[""دقيقة"",""معتمد"",""تشييد"",""توليد""]","42.857142857142854","false","true","false"
"103fc2447f45a97a","13","en_to_ar","4","2","0110110110011/1111110110111/1101101101100/0110011001110/0011011011111/1101101110111/1111111111111/1110111011011/1111101101100/0111001100110/0011011011011/1110110111111/1100110110110","3","9","across","3","ت??","[{""position"":2,""characters"":[""ح"",""س"",""ق"",""ك"",""ن"",""و""]},{""position"":1,""characters"":[""ر"",""ص"",""ق"",""م"",""ن"",""ي""]},{""position"":0,""characters"":[""ت""]}]","false","true","false","1","1","arc-support","SUPPORTED_SMALL_DOMAIN","4","1","1","4","1","1","[]","[""ترس"",""سنت"",""تنس""]","25","false","false","false"
"1db5ae1ee4f711f8","13","en_to_ar","4","2","0110110110011/1111110110111/1101101101100/0110011001110/0011011011111/1101101110111/1111111111111/1110111011011/1111101101100/0111001100110/0011011011011/1110110111111/1100110110110","3","11","down","5","?ق?ي?","[{""position"":0,""characters"":[""ة"",""ت""]},{""position"":1,""characters"":[""ق""]},{""position"":2,""characters"":[""ا"",""ر"",""ص"",""ل"",""ي""]},{""position"":3,""characters"":[""ي""]},{""position"":4,""characters"":[""ف"",""ل"",""م"",""ن""]}]","false","true","true","1","1","arc-support","SUPPORTED_SMALL_DOMAIN","3","1","1","3","1","1","[]","[""تقييم"",""تقليل""]","33.333333333333336","false","false","false"
"0676cf132813b1c8","13","en_to_ar","4","2","0110110110011/1111110110111/1101101101100/0110011001110/0011011011111/1101101110111/1111111111111/1110111011011/1111101101100/0111001100110/0011011011011/1110110111111/1100110110110","3","9","across","3","ةم?","[{""position"":2,""characters"":[""ز"",""س"",""ق"",""و""]},{""position"":1,""characters"":[""م""]},{""position"":0,""characters"":[""ة""]}]","false","true","true","2","1","arc-support","SUPPORTED_SMALL_DOMAIN","2","1","1","2","1","1","[]","[""قمة""]","50","false","false","false"
"190b08243d5d70ae","13","en_to_ar","4","2","0110110110011/1111110110111/1101101101100/0110011001110/0011011011111/1101101110111/1111111111111/1110111011011/1111101101100/0111001100110/0011011011011/1110110111111/1100110110110","3","11","down","5","?ن?ي?","[{""position"":0,""characters"":[""ة"",""ت"",""ز""]},{""position"":1,""characters"":[""ن""]},{""position"":2,""characters"":[""ا"",""ج"",""د"",""ر"",""ص"",""ك"",""ل"",""ي""]},{""position"":3,""characters"":[""ي""]},{""position"":4,""characters"":[""د"",""ر"",""ص"",""ف"",""ل"",""م"",""ن""]}]","false","true","true","2","1","arc-support","SUPPORTED_SMALL_DOMAIN","2","1","1","2","1","1","[]","[""ديانة""]","50","false","false","false"
"bdca61672bccbd1f","13","en_to_ar","4","2","0110110110011/1111110110111/1101101101100/0110011001110/0011011011111/1101101110111/1111111111111/1110111011011/1111101101100/0111001100110/0011011011011/1110110111111/1100110110110","3","11","down","5","?ح?ي?","[{""position"":0,""characters"":[""ة"",""ت"",""ز""]},{""position"":1,""characters"":[""ح""]},{""position"":2,""characters"":[""ا"",""ج"",""د"",""ر"",""ص"",""ك"",""ل"",""ي""]},{""position"":3,""characters"":[""ي""]},{""position"":4,""characters"":[""د"",""ر"",""ص"",""ف"",""ل"",""م"",""ن""]}]","false","true","false","1","1","arc-support","SUPPORTED_SMALL_DOMAIN","4","2","2","3","1","1","[""تحديد""]","[""تحليل"",""تحرير""]","50","false","false","true"
"e2d333eceb09fbc7","13","en_to_ar","4","2","0110110110011/1111110110111/1101101101100/0110011001110/0011011011111/1101101110111/1111111111111/1110111011011/1111101101100/0111001100110/0011011011011/1110110111111/1100110110110","3","9","across","3","ت??","[{""position"":2,""characters"":[""ب"",""د"",""ر"",""ق"",""ن"",""و""]},{""position"":1,""characters"":[""ا"",""ن"",""و"",""ي""]},{""position"":0,""characters"":[""ت""]}]","false","true","true","2","2","arc-support","C_API_SAMPLING_LOSS","1","0","0","1","0","0","[]","[""بنت""]","0","true","false","false"
"e5a35c6bb3e61603","13","en_to_ar","4","2","0110110110011/1111110110111/1101101101100/0110011001110/0011011011111/1101101110111/1111111111111/1110111011011/1111101101100/0111001100110/0011011011011/1110110111111/1100110110110","1","10","down","6","???ل?ا","[{""position"":0,""characters"":[""ء"",""ا"",""ب"",""ة"",""ت"",""ج"",""د"",""ر"",""ع"",""ك"",""ل"",""م"",""ن"",""ي""]},{""position"":1,""characters"":[""ا"",""ب"",""ت"",""ج"",""خ"",""د"",""ر"",""ض"",""ع"",""ق"",""ل"",""م"",""ن"",""و"",""ي""]},{""position"":2,""characters"":[""ا"",""ج"",""د"",""ر"",""ص"",""ق"",""م"",""ن"",""و"",""ي""]},{""position"":3,""characters"":[""ل""]},{""position"":4,""characters"":[""ب"",""ج"",""ح"",""خ"",""ر"",""س"",""ق"",""ك"",""ل"",""ن"",""و""]},{""position"":5,""characters"":[""ا""]}]","false","true","false","1","1","arc-support","SUPPORTED_SMALL_DOMAIN","6","1","1","6","1","1","[]","[""تعالوا"",""اللجنة"",""اللاعب"",""اللجوء"",""الليلة""]","16.666666666666668","false","true","false"
"263317594a54c40e","13","en_to_ar","4","2","0110110110011/1111110110111/1101101101100/0110011001110/0011011011111/1101101110111/1111111111111/1110111011011/1111101101100/0111001100110/0011011011011/1110110111111/1100110110110","3","11","down","5","?و?ي?","[{""position"":0,""characters"":[""ة"",""ت"",""ز""]},{""position"":1,""characters"":[""و""]},{""position"":2,""characters"":[""ا"",""ج"",""د"",""ر"",""ص"",""ك"",""ل"",""ي""]},{""position"":3,""characters"":[""ي""]},{""position"":4,""characters"":[""د"",""ر"",""ص"",""ف"",""ل"",""م"",""ن""]}]","false","true","false","2","2","arc-support","SUPPORTED_SMALL_DOMAIN","4","2","2","4","2","2","[]","[""توريد"",""توليد""]","50","false","false","false"
"a8afec2de51efe9e","13","en_to_ar","4","2","0110110110011/1111110110111/1101101101100/0110011001110/0011011011111/1101101110111/1111111111111/1110111011011/1111101101100/0111001100110/0011011011011/1110110111111/1100110110110","4","12","down","4","م?ف?","[{""position"":0,""characters"":[""م""]},{""position"":1,""characters"":[""ا"",""ت"",""ح"",""د"",""ر"",""ص"",""ع"",""ق"",""ل"",""ه"",""و""]},{""position"":2,""characters"":[""ف""]},{""position"":3,""characters"":[""ت"",""ح"",""د"",""ر"",""س"",""ص"",""ع"",""ق"",""ن"",""و""]}]","false","true","true","1","1","arc-support","SUPPORTED_SMALL_DOMAIN","3","1","1","3","1","1","[]","[""مرفق"",""متفق""]","33.333333333333336","false","false","false"
"c0d513f4b958e4b8","13","en_to_ar","4","2","0110110110011/1111110110111/1101101101100/0110011001110/0011011011111/1101101110111/1111111111111/1110111011011/1111101101100/0111001100110/0011011011011/1110110111111/1100110110110","5","10","across","3","ه?و","[{""position"":2,""characters"":[""و""]},{""position"":1,""characters"":[""ج"",""ص""]},{""position"":0,""characters"":[""ه""]}]","false","true","true","3","3","arc-support","C_API_SAMPLING_LOSS","1","0","0","1","0","0","[]","[""وجه""]","0","true","false","false"
"d1c2e3eed6bbe5f7","13","en_to_ar","4","2","0110110110011/1111110110111/1101101101100/0110011001110/0011011011111/1101101110111/1111111111111/1110111011011/1111101101100/0111001100110/0011011011011/1110110111111/1100110110110","1","10","down","6","???ي?ا","[{""position"":0,""characters"":[""ء"",""ا"",""ب"",""ة"",""ت"",""ج"",""د"",""ر"",""ع"",""ك"",""ل"",""م"",""ن"",""ي""]},{""position"":1,""characters"":[""ا"",""ب"",""ت"",""ج"",""خ"",""د"",""ر"",""ض"",""ع"",""ق"",""ل"",""م"",""ن"",""و"",""ي""]},{""position"":2,""characters"":[""ا"",""ج"",""د"",""ر"",""ص"",""ق"",""م"",""ن"",""و"",""ي""]},{""position"":3,""characters"":[""ي""]},{""position"":4,""characters"":[""ب"",""ج"",""ح"",""خ"",""ر"",""س"",""ق"",""ك"",""ل"",""ن"",""و""]},{""position"":5,""characters"":[""ا""]}]","false","true","false","3","3","arc-support","SUPPORTED_SMALL_DOMAIN","5","3","3","5","3","3","[]","[""اليدين"",""احيانا""]","60","false","true","false"
"954c44be6f97d451","13","en_to_ar","4","2","0110110110011/1111110110111/1101101101100/0110011001110/0011011011111/1101101110111/1111111111111/1110111011011/1111101101100/0111001100110/0011011011011/1110110111111/1100110110110","3","11","down","5","?ق?ي?","[{""position"":0,""characters"":[""ة"",""ت"",""ز""]},{""position"":1,""characters"":[""ق""]},{""position"":2,""characters"":[""ا"",""ج"",""د"",""ر"",""ص"",""ك"",""ل"",""ي""]},{""position"":3,""characters"":[""ي""]},{""position"":4,""characters"":[""د"",""ر"",""ص"",""ف"",""ل"",""م"",""ن""]}]","false","true","false","2","2","arc-support","SUPPORTED_SMALL_DOMAIN","6","2","2","6","2","2","[]","[""تقييم"",""تقديم"",""تقصير"",""تقليل""]","33.333333333333336","false","true","false"
"d1796340681606fa","13","en_to_ar","4","2","0110110110011/1111110110111/1101101101100/0110011001110/0011011011111/1101101110111/1111111111111/1110111011011/1111101101100/0111001100110/0011011011011/1110110111111/1100110110110","5","10","across","3","???","[{""position"":2,""characters"":[""ب"",""ر"",""ل""]},{""position"":1,""characters"":[""ا"",""ر""]},{""position"":0,""characters"":[""ت"",""ر"",""ق"",""ل""]}]","false","true","true","1","1","arc-support","SUPPORTED_SMALL_DOMAIN","3","1","1","3","1","1","[]","[""قرب"",""قال""]","33.333333333333336","false","false","false"
"e305d50ecc11ade0","13","en_to_ar","4","2","0110110110011/1111110110111/1101101101100/0110011001110/0011011011111/1101101110111/1111111111111/1110111011011/1111101101100/0111001100110/0011011011011/1110110111111/1100110110110","2","9","down","3","??ق","[{""position"":0,""characters"":[""س"",""ش"",""ص"",""ط"",""ع"",""ل"",""ن"",""و""]},{""position"":1,""characters"":[""س"",""ص"",""ق"",""م""]},{""position"":2,""characters"":[""ق""]}]","false","true","false","3","3","arc-support","SUPPORTED_SMALL_DOMAIN","4","3","3","4","3","3","[]","[""عمق""]","75","false","false","false"
"f7c9cbe2cd177645","13","en_to_ar","4","2","0110110110011/1111110110111/1101101101100/0110011001110/0011011011111/1101101110111/1111111111111/1110111011011/1111101101100/0111001100110/0011011011011/1110110111111/1100110110110","3","11","down","5","?ش?ي?","[{""position"":0,""characters"":[""ة"",""ت"",""ز""]},{""position"":1,""characters"":[""ش""]},{""position"":2,""characters"":[""ا"",""ج"",""د"",""ر"",""ص"",""ك"",""ل"",""ي""]},{""position"":3,""characters"":[""ي""]},{""position"":4,""characters"":[""د"",""ر"",""ص"",""ف"",""ل"",""م"",""ن""]}]","false","true","true","1","1","arc-support","SUPPORTED_SMALL_DOMAIN","2","1","1","2","1","1","[]","[""تشييد""]","50","false","false","false"
"caee859e655f60b6","13","en_to_ar","4","2","0110110110011/1111110110111/1101101101100/0110011001110/0011011011111/1101101110111/1111111111111/1110111011011/1111101101100/0111001100110/0011011011011/1110110111111/1100110110110","3","9","across","3","ت??","[{""position"":2,""characters"":[""ب"",""ح"",""د"",""ر"",""س"",""ص"",""ع"",""ف"",""ق"",""ك"",""م"",""و""]},{""position"":1,""characters"":[""ا"",""ن"",""و"",""ي""]},{""position"":0,""characters"":[""ت""]}]","false","true","false","3","3","arc-support","SUPPORTED_SMALL_DOMAIN","7","3","3","7","3","3","[]","[""بنت"",""سنت"",""تنس"",""فوت""]","42.857142857142854","false","true","false"
"f62b841670dc8111","13","en_to_ar","4","2","0110110110011/1111110110111/1101101101100/0110011001110/0011011011111/1101101110111/1111111111111/1110111011011/1111101101100/0111001100110/0011011011011/1110110111111/1100110110110","5","10","across","3","?ك?","[{""position"":2,""characters"":[""ب"",""ل""]},{""position"":1,""characters"":[""ك""]},{""position"":0,""characters"":[""ا"",""ح"",""ر"",""ق""]}]","true","false","true","0","0","arc-support","C_API_SAMPLING_LOSS","1","0","0","1","0","0","[]","[""اكل""]","0","true","false","false"
"263317594a54c40e","13","en_to_ar","4","2","0110110110011/1111110110111/1101101101100/0110011001110/0011011011111/1101101110111/1111111111111/1110111011011/1111101101100/0111001100110/0011011011011/1110110111111/1100110110110","3","11","down","5","?و?ي?","[{""position"":0,""characters"":[""ة"",""ت"",""ز""]},{""position"":1,""characters"":[""و""]},{""position"":2,""characters"":[""ا"",""ج"",""د"",""ر"",""ص"",""ك"",""ل"",""ي""]},{""position"":3,""characters"":[""ي""]},{""position"":4,""characters"":[""د"",""ر"",""ص"",""ف"",""ل"",""م"",""ن""]}]","false","true","false","2","2","arc-support","SUPPORTED_SMALL_DOMAIN","4","2","2","4","2","2","[]","[""توريد"",""توليد""]","50","false","false","false"
"a8afec2de51efe9e","13","en_to_ar","4","2","0110110110011/1111110110111/1101101101100/0110011001110/0011011011111/1101101110111/1111111111111/1110111011011/1111101101100/0111001100110/0011011011011/1110110111111/1100110110110","4","12","down","4","م?ف?","[{""position"":0,""characters"":[""م""]},{""position"":1,""characters"":[""ا"",""ت"",""ح"",""د"",""ر"",""ص"",""ع"",""ق"",""ل"",""ه"",""و""]},{""position"":2,""characters"":[""ف""]},{""position"":3,""characters"":[""ت"",""ح"",""د"",""ر"",""س"",""ص"",""ع"",""ق"",""ن"",""و""]}]","false","true","true","1","1","arc-support","SUPPORTED_SMALL_DOMAIN","3","1","1","3","1","1","[]","[""مرفق"",""متفق""]","33.333333333333336","false","false","false"
"f6f31b1bf70d6628","13","en_to_ar","4","2","0110110110011/1111110110111/1101101101100/0110011001110/0011011011111/1101101110111/1111111111111/1110111011011/1111101101100/0111001100110/0011011011011/1110110111111/1100110110110","3","9","across","3","???","[{""position"":2,""characters"":[""ح"",""ر"",""ز"",""س"",""ص"",""ف"",""ق""]},{""position"":1,""characters"":[""ا"",""د"",""ر"",""و""]},{""position"":0,""characters"":[""ت"",""ز""]}]","false","true","false","3","3","arc-support","SUPPORTED_SMALL_DOMAIN","7","3","3","7","3","3","[]","[""فوز"",""فرز"",""ترس"",""فوت""]","42.857142857142854","false","true","false"
"190b08243d5d70ae","13","en_to_ar","4","2","0110110110011/1111110110111/1101101101100/0110011001110/0011011011111/1101101110111/1111111111111/1110111011011/1111101101100/0111001100110/0011011011011/1110110111111/1100110110110","3","11","down","5","?ن?ي?","[{""position"":0,""characters"":[""ة"",""ت"",""ز""]},{""position"":1,""characters"":[""ن""]},{""position"":2,""characters"":[""ا"",""ج"",""د"",""ر"",""ص"",""ك"",""ل"",""ي""]},{""position"":3,""characters"":[""ي""]},{""position"":4,""characters"":[""د"",""ر"",""ص"",""ف"",""ل"",""م"",""ن""]}]","false","true","true","2","1","arc-support","SUPPORTED_SMALL_DOMAIN","2","1","1","2","1","1","[]","[""ديانة""]","50","false","false","false"
"bdca61672bccbd1f","13","en_to_ar","4","2","0110110110011/1111110110111/1101101101100/0110011001110/0011011011111/1101101110111/1111111111111/1110111011011/1111101101100/0111001100110/0011011011011/1110110111111/1100110110110","3","11","down","5","?ح?ي?","[{""position"":0,""characters"":[""ة"",""ت"",""ز""]},{""position"":1,""characters"":[""ح""]},{""position"":2,""characters"":[""ا"",""ج"",""د"",""ر"",""ص"",""ك"",""ل"",""ي""]},{""position"":3,""characters"":[""ي""]},{""position"":4,""characters"":[""د"",""ر"",""ص"",""ف"",""ل"",""م"",""ن""]}]","false","true","false","1","1","arc-support","SUPPORTED_SMALL_DOMAIN","4","2","2","3","1","1","[""تحديد""]","[""تحليل"",""تحرير""]","50","false","false","true"
"e2d333eceb09fbc7","13","en_to_ar","4","2","0110110110011/1111110110111/1101101101100/0110011001110/0011011011111/1101101110111/1111111111111/1110111011011/1111101101100/0111001100110/0011011011011/1110110111111/1100110110110","3","9","across","3","ت??","[{""position"":2,""characters"":[""ب"",""د"",""ر"",""ق"",""ن"",""و""]},{""position"":1,""characters"":[""ا"",""ن"",""و"",""ي""]},{""position"":0,""characters"":[""ت""]}]","false","true","true","2","2","arc-support","C_API_SAMPLING_LOSS","1","0","0","1","0","0","[]","[""بنت""]","0","true","false","false"
"e5a35c6bb3e61603","13","en_to_ar","4","2","0110110110011/1111110110111/1101101101100/0110011001110/0011011011111/1101101110111/1111111111111/1110111011011/1111101101100/0111001100110/0011011011011/1110110111111/1100110110110","1","10","down","6","???ل?ا","[{""position"":0,""characters"":[""ء"",""ا"",""ب"",""ة"",""ت"",""ج"",""د"",""ر"",""ع"",""ك"",""ل"",""م"",""ن"",""ي""]},{""position"":1,""characters"":[""ا"",""ب"",""ت"",""ج"",""خ"",""د"",""ر"",""ض"",""ع"",""ق"",""ل"",""م"",""ن"",""و"",""ي""]},{""position"":2,""characters"":[""ا"",""ج"",""د"",""ر"",""ص"",""ق"",""م"",""ن"",""و"",""ي""]},{""position"":3,""characters"":[""ل""]},{""position"":4,""characters"":[""ب"",""ج"",""ح"",""خ"",""ر"",""س"",""ق"",""ك"",""ل"",""ن"",""و""]},{""position"":5,""characters"":[""ا""]}]","false","true","false","1","1","arc-support","SUPPORTED_SMALL_DOMAIN","6","1","1","6","1","1","[]","[""تعالوا"",""اللجنة"",""اللاعب"",""اللجوء"",""الليلة""]","16.666666666666668","false","true","false"
"263317594a54c40e","13","en_to_ar","4","2","0110110110011/1111110110111/1101101101100/0110011001110/0011011011111/1101101110111/1111111111111/1110111011011/1111101101100/0111001100110/0011011011011/1110110111111/1100110110110","3","11","down","5","?و?ي?","[{""position"":0,""characters"":[""ة"",""ت"",""ز""]},{""position"":1,""characters"":[""و""]},{""position"":2,""characters"":[""ا"",""ج"",""د"",""ر"",""ص"",""ك"",""ل"",""ي""]},{""position"":3,""characters"":[""ي""]},{""position"":4,""characters"":[""د"",""ر"",""ص"",""ف"",""ل"",""م"",""ن""]}]","false","true","false","2","2","arc-support","SUPPORTED_SMALL_DOMAIN","4","2","2","4","2","2","[]","[""توريد"",""توليد""]","50","false","false","false"
"a8afec2de51efe9e","13","en_to_ar","4","2","0110110110011/1111110110111/1101101101100/0110011001110/0011011011111/1101101110111/1111111111111/1110111011011/1111101101100/0111001100110/0011011011011/1110110111111/1100110110110","4","12","down","4","م?ف?","[{""position"":0,""characters"":[""م""]},{""position"":1,""characters"":[""ا"",""ت"",""ح"",""د"",""ر"",""ص"",""ع"",""ق"",""ل"",""ه"",""و""]},{""position"":2,""characters"":[""ف""]},{""position"":3,""characters"":[""ت"",""ح"",""د"",""ر"",""س"",""ص"",""ع"",""ق"",""ن"",""و""]}]","false","true","true","1","1","arc-support","SUPPORTED_SMALL_DOMAIN","3","1","1","3","1","1","[]","[""مرفق"",""متفق""]","33.333333333333336","false","false","false"
"c0d513f4b958e4b8","13","en_to_ar","4","2","0110110110011/1111110110111/1101101101100/0110011001110/0011011011111/1101101110111/1111111111111/1110111011011/1111101101100/0111001100110/0011011011011/1110110111111/1100110110110","5","10","across","3","ه?و","[{""position"":2,""characters"":[""و""]},{""position"":1,""characters"":[""ج"",""ص""]},{""position"":0,""characters"":[""ه""]}]","false","true","true","3","3","arc-support","C_API_SAMPLING_LOSS","1","0","0","1","0","0","[]","[""وجه""]","0","true","false","false"
"d1c2e3eed6bbe5f7","13","en_to_ar","4","2","0110110110011/1111110110111/1101101101100/0110011001110/0011011011111/1101101110111/1111111111111/1110111011011/1111101101100/0111001100110/0011011011011/1110110111111/1100110110110","1","10","down","6","???ي?ا","[{""position"":0,""characters"":[""ء"",""ا"",""ب"",""ة"",""ت"",""ج"",""د"",""ر"",""ع"",""ك"",""ل"",""م"",""ن"",""ي""]},{""position"":1,""characters"":[""ا"",""ب"",""ت"",""ج"",""خ"",""د"",""ر"",""ض"",""ع"",""ق"",""ل"",""م"",""ن"",""و"",""ي""]},{""position"":2,""characters"":[""ا"",""ج"",""د"",""ر"",""ص"",""ق"",""م"",""ن"",""و"",""ي""]},{""position"":3,""characters"":[""ي""]},{""position"":4,""characters"":[""ب"",""ج"",""ح"",""خ"",""ر"",""س"",""ق"",""ك"",""ل"",""ن"",""و""]},{""position"":5,""characters"":[""ا""]}]","false","true","false","3","3","arc-support","SUPPORTED_SMALL_DOMAIN","5","3","3","5","3","3","[]","[""اليدين"",""احيانا""]","60","false","true","false"
"954c44be6f97d451","13","en_to_ar","4","2","0110110110011/1111110110111/1101101101100/0110011001110/0011011011111/1101101110111/1111111111111/1110111011011/1111101101100/0111001100110/0011011011011/1110110111111/1100110110110","3","11","down","5","?ق?ي?","[{""position"":0,""characters"":[""ة"",""ت"",""ز""]},{""position"":1,""characters"":[""ق""]},{""position"":2,""characters"":[""ا"",""ج"",""د"",""ر"",""ص"",""ك"",""ل"",""ي""]},{""position"":3,""characters"":[""ي""]},{""position"":4,""characters"":[""د"",""ر"",""ص"",""ف"",""ل"",""م"",""ن""]}]","false","true","false","2","2","arc-support","SUPPORTED_SMALL_DOMAIN","6","2","2","6","2","2","[]","[""تقييم"",""تقديم"",""تقصير"",""تقليل""]","33.333333333333336","false","true","false"
"d1796340681606fa","13","en_to_ar","4","2","0110110110011/1111110110111/1101101101100/0110011001110/0011011011111/1101101110111/1111111111111/1110111011011/1111101101100/0111001100110/0011011011011/1110110111111/1100110110110","5","10","across","3","???","[{""position"":2,""characters"":[""ب"",""ر"",""ل""]},{""position"":1,""characters"":[""ا"",""ر""]},{""position"":0,""characters"":[""ت"",""ر"",""ق"",""ل""]}]","false","true","true","1","1","arc-support","SUPPORTED_SMALL_DOMAIN","3","1","1","3","1","1","[]","[""قرب"",""قال""]","33.333333333333336","false","false","false"
"e305d50ecc11ade0","13","en_to_ar","4","2","0110110110011/1111110110111/1101101101100/0110011001110/0011011011111/1101101110111/1111111111111/1110111011011/1111101101100/0111001100110/0011011011011/1110110111111/1100110110110","2","9","down","3","??ق","[{""position"":0,""characters"":[""س"",""ش"",""ص"",""ط"",""ع"",""ل"",""ن"",""و""]},{""position"":1,""characters"":[""س"",""ص"",""ق"",""م""]},{""position"":2,""characters"":[""ق""]}]","false","true","false","3","3","arc-support","SUPPORTED_SMALL_DOMAIN","4","3","3","4","3","3","[]","[""عمق""]","75","false","false","false"
"f7c9cbe2cd177645","13","en_to_ar","4","2","0110110110011/1111110110111/1101101101100/0110011001110/0011011011111/1101101110111/1111111111111/1110111011011/1111101101100/0111001100110/0011011011011/1110110111111/1100110110110","3","11","down","5","?ش?ي?","[{""position"":0,""characters"":[""ة"",""ت"",""ز""]},{""position"":1,""characters"":[""ش""]},{""position"":2,""characters"":[""ا"",""ج"",""د"",""ر"",""ص"",""ك"",""ل"",""ي""]},{""position"":3,""characters"":[""ي""]},{""position"":4,""characters"":[""د"",""ر"",""ص"",""ف"",""ل"",""م"",""ن""]}]","false","true","true","1","1","arc-support","SUPPORTED_SMALL_DOMAIN","2","1","1","2","1","1","[]","[""تشييد""]","50","false","false","false"
"caee859e655f60b6","13","en_to_ar","4","2","0110110110011/1111110110111/1101101101100/0110011001110/0011011011111/1101101110111/1111111111111/1110111011011/1111101101100/0111001100110/0011011011011/1110110111111/1100110110110","3","9","across","3","ت??","[{""position"":2,""characters"":[""ب"",""ح"",""د"",""ر"",""س"",""ص"",""ع"",""ف"",""ق"",""ك"",""م"",""و""]},{""position"":1,""characters"":[""ا"",""ن"",""و"",""ي""]},{""position"":0,""characters"":[""ت""]}]","false","true","false","3","3","arc-support","SUPPORTED_SMALL_DOMAIN","7","3","3","7","3","3","[]","[""بنت"",""سنت"",""تنس"",""فوت""]","42.857142857142854","false","true","false"
"f62b841670dc8111","13","en_to_ar","4","2","0110110110011/1111110110111/1101101101100/0110011001110/0011011011111/1101101110111/1111111111111/1110111011011/1111101101100/0111001100110/0011011011011/1110110111111/1100110110110","5","10","across","3","?ك?","[{""position"":2,""characters"":[""ب"",""ل""]},{""position"":1,""characters"":[""ك""]},{""position"":0,""characters"":[""ا"",""ح"",""ر"",""ق""]}]","true","false","true","0","0","arc-support","C_API_SAMPLING_LOSS","1","0","0","1","0","0","[]","[""اكل""]","0","true","false","false"
"263317594a54c40e","13","en_to_ar","4","2","0110110110011/1111110110111/1101101101100/0110011001110/0011011011111/1101101110111/1111111111111/1110111011011/1111101101100/0111001100110/0011011011011/1110110111111/1100110110110","3","11","down","5","?و?ي?","[{""position"":0,""characters"":[""ة"",""ت"",""ز""]},{""position"":1,""characters"":[""و""]},{""position"":2,""characters"":[""ا"",""ج"",""د"",""ر"",""ص"",""ك"",""ل"",""ي""]},{""position"":3,""characters"":[""ي""]},{""position"":4,""characters"":[""د"",""ر"",""ص"",""ف"",""ل"",""م"",""ن""]}]","false","true","false","2","2","arc-support","SUPPORTED_SMALL_DOMAIN","4","2","2","4","2","2","[]","[""توريد"",""توليد""]","50","false","false","false"
"a8afec2de51efe9e","13","en_to_ar","4","2","0110110110011/1111110110111/1101101101100/0110011001110/0011011011111/1101101110111/1111111111111/1110111011011/1111101101100/0111001100110/0011011011011/1110110111111/1100110110110","4","12","down","4","م?ف?","[{""position"":0,""characters"":[""م""]},{""position"":1,""characters"":[""ا"",""ت"",""ح"",""د"",""ر"",""ص"",""ع"",""ق"",""ل"",""ه"",""و""]},{""position"":2,""characters"":[""ف""]},{""position"":3,""characters"":[""ت"",""ح"",""د"",""ر"",""س"",""ص"",""ع"",""ق"",""ن"",""و""]}]","false","true","true","1","1","arc-support","SUPPORTED_SMALL_DOMAIN","3","1","1","3","1","1","[]","[""مرفق"",""متفق""]","33.333333333333336","false","false","false"
"f6f31b1bf70d6628","13","en_to_ar","4","2","0110110110011/1111110110111/1101101101100/0110011001110/0011011011111/1101101110111/1111111111111/1110111011011/1111101101100/0111001100110/0011011011011/1110110111111/1100110110110","3","9","across","3","???","[{""position"":2,""characters"":[""ح"",""ر"",""ز"",""س"",""ص"",""ف"",""ق""]},{""position"":1,""characters"":[""ا"",""د"",""ر"",""و""]},{""position"":0,""characters"":[""ت"",""ز""]}]","false","true","false","3","3","arc-support","SUPPORTED_SMALL_DOMAIN","7","3","3","7","3","3","[]","[""فوز"",""فرز"",""ترس"",""فوت""]","42.857142857142854","false","true","false"
"190b08243d5d70ae","13","en_to_ar","4","2","0110110110011/1111110110111/1101101101100/0110011001110/0011011011111/1101101110111/1111111111111/1110111011011/1111101101100/0111001100110/0011011011011/1110110111111/1100110110110","3","11","down","5","?ن?ي?","[{""position"":0,""characters"":[""ة"",""ت"",""ز""]},{""position"":1,""characters"":[""ن""]},{""position"":2,""characters"":[""ا"",""ج"",""د"",""ر"",""ص"",""ك"",""ل"",""ي""]},{""position"":3,""characters"":[""ي""]},{""position"":4,""characters"":[""د"",""ر"",""ص"",""ف"",""ل"",""م"",""ن""]}]","false","true","true","2","1","arc-support","SUPPORTED_SMALL_DOMAIN","2","1","1","2","1","1","[]","[""ديانة""]","50","false","false","false"
"bdca61672bccbd1f","13","en_to_ar","4","2","0110110110011/1111110110111/1101101101100/0110011001110/0011011011111/1101101110111/1111111111111/1110111011011/1111101101100/0111001100110/0011011011011/1110110111111/1100110110110","3","11","down","5","?ح?ي?","[{""position"":0,""characters"":[""ة"",""ت"",""ز""]},{""position"":1,""characters"":[""ح""]},{""position"":2,""characters"":[""ا"",""ج"",""د"",""ر"",""ص"",""ك"",""ل"",""ي""]},{""position"":3,""characters"":[""ي""]},{""position"":4,""characters"":[""د"",""ر"",""ص"",""ف"",""ل"",""م"",""ن""]}]","false","true","false","1","1","arc-support","SUPPORTED_SMALL_DOMAIN","4","2","2","3","1","1","[""تحديد""]","[""تحليل"",""تحرير""]","50","false","false","true"
"e2d333eceb09fbc7","13","en_to_ar","4","2","0110110110011/1111110110111/1101101101100/0110011001110/0011011011111/1101101110111/1111111111111/1110111011011/1111101101100/0111001100110/0011011011011/1110110111111/1100110110110","3","9","across","3","ت??","[{""position"":2,""characters"":[""ب"",""د"",""ر"",""ق"",""ن"",""و""]},{""position"":1,""characters"":[""ا"",""ن"",""و"",""ي""]},{""position"":0,""characters"":[""ت""]}]","false","true","true","2","2","arc-support","C_API_SAMPLING_LOSS","1","0","0","1","0","0","[]","[""بنت""]","0","true","false","false"
"e5a35c6bb3e61603","13","en_to_ar","4","2","0110110110011/1111110110111/1101101101100/0110011001110/0011011011111/1101101110111/1111111111111/1110111011011/1111101101100/0111001100110/0011011011011/1110110111111/1100110110110","1","10","down","6","???ل?ا","[{""position"":0,""characters"":[""ء"",""ا"",""ب"",""ة"",""ت"",""ج"",""د"",""ر"",""ع"",""ك"",""ل"",""م"",""ن"",""ي""]},{""position"":1,""characters"":[""ا"",""ب"",""ت"",""ج"",""خ"",""د"",""ر"",""ض"",""ع"",""ق"",""ل"",""م"",""ن"",""و"",""ي""]},{""position"":2,""characters"":[""ا"",""ج"",""د"",""ر"",""ص"",""ق"",""م"",""ن"",""و"",""ي""]},{""position"":3,""characters"":[""ل""]},{""position"":4,""characters"":[""ب"",""ج"",""ح"",""خ"",""ر"",""س"",""ق"",""ك"",""ل"",""ن"",""و""]},{""position"":5,""characters"":[""ا""]}]","false","true","false","1","1","arc-support","SUPPORTED_SMALL_DOMAIN","6","1","1","6","1","1","[]","[""تعالوا"",""اللجنة"",""اللاعب"",""اللجوء"",""الليلة""]","16.666666666666668","false","true","false"
"263317594a54c40e","13","en_to_ar","4","2","0110110110011/1111110110111/1101101101100/0110011001110/0011011011111/1101101110111/1111111111111/1110111011011/1111101101100/0111001100110/0011011011011/1110110111111/1100110110110","3","11","down","5","?و?ي?","[{""position"":0,""characters"":[""ة"",""ت"",""ز""]},{""position"":1,""characters"":[""و""]},{""position"":2,""characters"":[""ا"",""ج"",""د"",""ر"",""ص"",""ك"",""ل"",""ي""]},{""position"":3,""characters"":[""ي""]},{""position"":4,""characters"":[""د"",""ر"",""ص"",""ف"",""ل"",""م"",""ن""]}]","false","true","false","2","2","arc-support","SUPPORTED_SMALL_DOMAIN","4","2","2","4","2","2","[]","[""توريد"",""توليد""]","50","false","false","false"
"a8afec2de51efe9e","13","en_to_ar","4","2","0110110110011/1111110110111/1101101101100/0110011001110/0011011011111/1101101110111/1111111111111/1110111011011/1111101101100/0111001100110/0011011011011/1110110111111/1100110110110","4","12","down","4","م?ف?","[{""position"":0,""characters"":[""م""]},{""position"":1,""characters"":[""ا"",""ت"",""ح"",""د"",""ر"",""ص"",""ع"",""ق"",""ل"",""ه"",""و""]},{""position"":2,""characters"":[""ف""]},{""position"":3,""characters"":[""ت"",""ح"",""د"",""ر"",""س"",""ص"",""ع"",""ق"",""ن"",""و""]}]","false","true","true","1","1","arc-support","SUPPORTED_SMALL_DOMAIN","3","1","1","3","1","1","[]","[""مرفق"",""متفق""]","33.333333333333336","false","false","false"
"c0d513f4b958e4b8","13","en_to_ar","4","2","0110110110011/1111110110111/1101101101100/0110011001110/0011011011111/1101101110111/1111111111111/1110111011011/1111101101100/0111001100110/0011011011011/1110110111111/1100110110110","5","10","across","3","ه?و","[{""position"":2,""characters"":[""و""]},{""position"":1,""characters"":[""ج"",""ص""]},{""position"":0,""characters"":[""ه""]}]","false","true","true","3","3","arc-support","C_API_SAMPLING_LOSS","1","0","0","1","0","0","[]","[""وجه""]","0","true","false","false"
"d1c2e3eed6bbe5f7","13","en_to_ar","4","2","0110110110011/1111110110111/1101101101100/0110011001110/0011011011111/1101101110111/1111111111111/1110111011011/1111101101100/0111001100110/0011011011011/1110110111111/1100110110110","1","10","down","6","???ي?ا","[{""position"":0,""characters"":[""ء"",""ا"",""ب"",""ة"",""ت"",""ج"",""د"",""ر"",""ع"",""ك"",""ل"",""م"",""ن"",""ي""]},{""position"":1,""characters"":[""ا"",""ب"",""ت"",""ج"",""خ"",""د"",""ر"",""ض"",""ع"",""ق"",""ل"",""م"",""ن"",""و"",""ي""]},{""position"":2,""characters"":[""ا"",""ج"",""د"",""ر"",""ص"",""ق"",""م"",""ن"",""و"",""ي""]},{""position"":3,""characters"":[""ي""]},{""position"":4,""characters"":[""ب"",""ج"",""ح"",""خ"",""ر"",""س"",""ق"",""ك"",""ل"",""ن"",""و""]},{""position"":5,""characters"":[""ا""]}]","false","true","false","3","3","arc-support","SUPPORTED_SMALL_DOMAIN","5","3","3","5","3","3","[]","[""اليدين"",""احيانا""]","60","false","true","false"
"954c44be6f97d451","13","en_to_ar","4","2","0110110110011/1111110110111/1101101101100/0110011001110/0011011011111/1101101110111/1111111111111/1110111011011/1111101101100/0111001100110/0011011011011/1110110111111/1100110110110","3","11","down","5","?ق?ي?","[{""position"":0,""characters"":[""ة"",""ت"",""ز""]},{""position"":1,""characters"":[""ق""]},{""position"":2,""characters"":[""ا"",""ج"",""د"",""ر"",""ص"",""ك"",""ل"",""ي""]},{""position"":3,""characters"":[""ي""]},{""position"":4,""characters"":[""د"",""ر"",""ص"",""ف"",""ل"",""م"",""ن""]}]","false","true","false","2","2","arc-support","SUPPORTED_SMALL_DOMAIN","6","2","2","6","2","2","[]","[""تقييم"",""تقديم"",""تقصير"",""تقليل""]","33.333333333333336","false","true","false"
"d1796340681606fa","13","en_to_ar","4","2","0110110110011/1111110110111/1101101101100/0110011001110/0011011011111/1101101110111/1111111111111/1110111011011/1111101101100/0111001100110/0011011011011/1110110111111/1100110110110","5","10","across","3","???","[{""position"":2,""characters"":[""ب"",""ر"",""ل""]},{""position"":1,""characters"":[""ا"",""ر""]},{""position"":0,""characters"":[""ت"",""ر"",""ق"",""ل""]}]","false","true","true","1","1","arc-support","SUPPORTED_SMALL_DOMAIN","3","1","1","3","1","1","[]","[""قرب"",""قال""]","33.333333333333336","false","false","false"
"1a41a8b9bfd09799","13","en_to_ar","4","2","0110110110011/1111110110111/1101101101100/0110011001110/0011011011111/1101101110111/1111111111111/1110111011011/1111101101100/0111001100110/0011011011011/1110110111111/1100110110110","2","9","down","3","??ق","[{""position"":0,""characters"":[""س"",""ص"",""ط"",""ع"",""ل"",""ن"",""و""]},{""position"":1,""characters"":[""س"",""ص"",""ق"",""م""]},{""position"":2,""characters"":[""ق""]}]","false","true","true","2","2","arc-support","SUPPORTED_SMALL_DOMAIN","3","2","2","3","2","2","[]","[""عمق""]","66.66666666666667","false","false","false"
"98bc6d3deaaf9d25","13","en_to_ar","8","1","1101101110011/1101111110111/1111110011100/1110011011011/0110011100111/1101100110111/1101100111011/0011011001110/0110111100110/1100110110011/1111011011011/1111111111111/0110110110111","9","8","down","4","?كل?","[{""position"":0,""characters"":[""ث"",""م"",""ن"",""ي""]},{""position"":1,""characters"":[""ك""]},{""position"":2,""characters"":[""ل""]},{""position"":3,""characters"":[""ب"",""م"",""ن"",""و""]}]","false","true","true","1","1","arc-support","SUPPORTED_SMALL_DOMAIN","2","1","1","2","1","1","[]","[""ملكي""]","50","false","false","false"
"2282e9b50a9883bc","13","en_to_ar","8","1","1101101110011/1101111110111/1111110011100/1110011011011/0110011100111/1101100110111/1101100111011/0011011001110/0110111100110/1100110110011/1111011011011/1111111111111/0110110110111","9","8","down","4","?عل?","[{""position"":0,""characters"":[""ث"",""م"",""ن"",""ي""]},{""position"":1,""characters"":[""ع""]},{""position"":2,""characters"":[""ل""]},{""position"":3,""characters"":[""ب"",""م"",""ن"",""و""]}]","false","true","false","3","3","arc-support","SUPPORTED_SMALL_DOMAIN","4","3","3","4","3","3","[]","[""نعلن""]","75","false","false","false"
"b6cf23c946426d48","13","en_to_ar","8","1","1101101110011/1101111110111/1111110011100/1110011011011/0110011100111/1101100110111/1101100111011/0011011001110/0110111100110/1100110110011/1111011011011/1111111111111/0110110110111","12","10","across","3","?ف?","[{""position"":2,""characters"":[""ب"",""ل"",""و""]},{""position"":1,""characters"":[""ف""]},{""position"":0,""characters"":[""ر"",""ق"",""ل"",""ي""]}]","false","true","true","1","1","arc-support","SUPPORTED_SMALL_DOMAIN","2","1","1","2","1","1","[]","[""قفل""]","50","false","false","false"
"a0f62f8bfc75c504","13","en_to_ar","8","1","1101101110011/1101111110111/1111110011100/1110011011011/0110011100111/1101100110111/1101100111011/0011011001110/0110111100110/1100110110011/1111011011011/1111111111111/0110110110111","3","12","down","4","????","[{""position"":0,""characters"":[""ش"",""ل"",""م""]},{""position"":1,""characters"":[""ب"",""ح"",""خ"",""د"",""ر"",""ز"",""س"",""ش"",""ص"",""ع"",""ق"",""ك"",""م"",""ن"",""ه"",""ي""]},{""position"":2,""characters"":[""ا"",""ت"",""ح"",""خ"",""ر"",""ز"",""س"",""ش"",""ط"",""ع"",""ق"",""ك"",""ل"",""ن""]},{""position"":3,""characters"":[""ر"",""ق"",""ن""]}]","false","true","false","3","3","arc-support","SUPPORTED_SMALL_DOMAIN","17","3","3","17","3","3","[]","[""مبكر"",""محزن"",""مخزن"",""ممكن"",""قابل"",""قادم"",""شعار"",""محرر"",""ناقش"",""نقبل"",""ناعم"",""مبان"",""ناقل"",""محسن""]","17.647058823529413","false","true","false"
"9d41d56da1904eaa","13","en_to_ar","8","1","1101101110011/1101111110111/1111110011100/1110011011011/0110011100111/1101100110111/1101100111011/0011011001110/0110111100110/1100110110011/1111011011011/1111111111111/0110110110111","7","5","down","6","????ل?","[{""position"":0,""characters"":[""ا"",""ب"",""ت"",""ث"",""د"",""ر"",""ز"",""س"",""ص"",""ط"",""ع"",""ف"",""ق"",""ك"",""ل"",""م"",""ن"",""ه"",""ي""]},{""position"":1,""characters"":[""ئ"",""ا"",""ب"",""ت"",""ج"",""ح"",""د"",""ر"",""س"",""ك"",""ل"",""م"",""ن"",""و"",""ي""]},{""position"":2,""characters"":[""ا"",""ب"",""ت"",""ث"",""ح"",""خ"",""د"",""ر"",""ز"",""س"",""ص"",""ط"",""ع"",""ف"",""ق"",""ك"",""ل"",""م"",""ه"",""و"",""ي""]},{""position"":3,""characters"":[""ا"",""ت"",""ج"",""ح"",""د"",""ر"",""ص"",""ط"",""ق"",""ك"",""و"",""ي""]},{""position"":4,""characters"":[""ل""]},{""position"":5,""characters"":[""ت"",""د""]}]","false","true","false","3","3","arc-support","SUPPORTED_SMALL_DOMAIN","4","3","3","4","3","3","[]","[""تلقائي""]","75","false","false","false"
"bc9ed7df4bf733c9","13","en_to_ar","8","1","1101101110011/1101111110111/1111110011100/1110011011011/0110011100111/1101100110111/1101100111011/0011011001110/0110111100110/1100110110011/1111011011011/1111111111111/0110110110111","5","10","across","3","لم?","[{""position"":2,""characters"":[""ر"",""ش"",""ن""]},{""position"":1,""characters"":[""م""]},{""position"":0,""characters"":[""ل""]}]","false","true","true","2","2","arc-support","SUPPORTED_SMALL_DOMAIN","3","2","2","3","2","2","[]","[""رمل""]","66.66666666666667","false","false","false"
"b6cf23c946426d48","13","en_to_ar","8","1","1101101110011/1101111110111/1111110011100/1110011011011/0110011100111/1101100110111/1101100111011/0011011001110/0110111100110/1100110110011/1111011011011/1111111111111/0110110110111","12","10","across","3","?ف?","[{""position"":2,""characters"":[""ب"",""ل"",""و""]},{""position"":1,""characters"":[""ف""]},{""position"":0,""characters"":[""ر"",""ق"",""ل"",""ي""]}]","false","true","true","1","1","arc-support","SUPPORTED_SMALL_DOMAIN","2","1","1","2","1","1","[]","[""قفل""]","50","false","false","false"
"a0f62f8bfc75c504","13","en_to_ar","8","1","1101101110011/1101111110111/1111110011100/1110011011011/0110011100111/1101100110111/1101100111011/0011011001110/0110111100110/1100110110011/1111011011011/1111111111111/0110110110111","3","12","down","4","????","[{""position"":0,""characters"":[""ش"",""ل"",""م""]},{""position"":1,""characters"":[""ب"",""ح"",""خ"",""د"",""ر"",""ز"",""س"",""ش"",""ص"",""ع"",""ق"",""ك"",""م"",""ن"",""ه"",""ي""]},{""position"":2,""characters"":[""ا"",""ت"",""ح"",""خ"",""ر"",""ز"",""س"",""ش"",""ط"",""ع"",""ق"",""ك"",""ل"",""ن""]},{""position"":3,""characters"":[""ر"",""ق"",""ن""]}]","false","true","false","3","3","arc-support","SUPPORTED_SMALL_DOMAIN","17","3","3","17","3","3","[]","[""مبكر"",""محزن"",""مخزن"",""ممكن"",""قابل"",""قادم"",""شعار"",""محرر"",""ناقش"",""نقبل"",""ناعم"",""مبان"",""ناقل"",""محسن""]","17.647058823529413","false","true","false"
"98bc6d3deaaf9d25","13","en_to_ar","8","2","1101101110011/1101111110111/1111110011100/1110011011011/0110011100111/1101100110111/1101100111011/0011011001110/0110111100110/1100110110011/1111011011011/1111111111111/0110110110111","9","8","down","4","?كل?","[{""position"":0,""characters"":[""ث"",""م"",""ن"",""ي""]},{""position"":1,""characters"":[""ك""]},{""position"":2,""characters"":[""ل""]},{""position"":3,""characters"":[""ب"",""م"",""ن"",""و""]}]","false","true","true","1","1","arc-support","SUPPORTED_SMALL_DOMAIN","2","1","1","2","1","1","[]","[""ملكي""]","50","false","false","false"
"2282e9b50a9883bc","13","en_to_ar","8","2","1101101110011/1101111110111/1111110011100/1110011011011/0110011100111/1101100110111/1101100111011/0011011001110/0110111100110/1100110110011/1111011011011/1111111111111/0110110110111","9","8","down","4","?عل?","[{""position"":0,""characters"":[""ث"",""م"",""ن"",""ي""]},{""position"":1,""characters"":[""ع""]},{""position"":2,""characters"":[""ل""]},{""position"":3,""characters"":[""ب"",""م"",""ن"",""و""]}]","false","true","false","3","3","arc-support","SUPPORTED_SMALL_DOMAIN","4","3","3","4","3","3","[]","[""نعلن""]","75","false","false","false"
"a0f62f8bfc75c504","13","en_to_ar","8","2","1101101110011/1101111110111/1111110011100/1110011011011/0110011100111/1101100110111/1101100111011/0011011001110/0110111100110/1100110110011/1111011011011/1111111111111/0110110110111","3","12","down","4","????","[{""position"":0,""characters"":[""ش"",""ل"",""م""]},{""position"":1,""characters"":[""ب"",""ح"",""خ"",""د"",""ر"",""ز"",""س"",""ش"",""ص"",""ع"",""ق"",""ك"",""م"",""ن"",""ه"",""ي""]},{""position"":2,""characters"":[""ا"",""ت"",""ح"",""خ"",""ر"",""ز"",""س"",""ش"",""ط"",""ع"",""ق"",""ك"",""ل"",""ن""]},{""position"":3,""characters"":[""ر"",""ق"",""ن""]}]","false","true","false","3","3","arc-support","SUPPORTED_SMALL_DOMAIN","17","3","3","17","3","3","[]","[""مبكر"",""محزن"",""مخزن"",""ممكن"",""قابل"",""قادم"",""شعار"",""محرر"",""ناقش"",""نقبل"",""ناعم"",""مبان"",""ناقل"",""محسن""]","17.647058823529413","false","true","false"
"b7b10422b7a4e5f1","13","en_to_ar","8","2","1101101110011/1101111110111/1111110011100/1110011011011/0110011100111/1101100110111/1101100111011/0011011001110/0110111100110/1100110110011/1111011011011/1111111111111/0110110110111","8","4","across","4","??ل?","[{""position"":3,""characters"":[""ب"",""د"",""ص"",""غ"",""ق"",""م"",""ن""]},{""position"":2,""characters"":[""ل""]},{""position"":1,""characters"":[""ا"",""ت"",""ح"",""د"",""ر"",""ص""]},{""position"":0,""characters"":[""ب"",""د"",""ر"",""ص"",""ع"",""غ"",""ف"",""ق"",""ل"",""م"",""ن"",""ي""]}]","false","true","false","3","3","arc-support","SUPPORTED_SMALL_DOMAIN","8","3","3","8","3","3","[]","[""نحلم"",""عالم"",""بلاد"",""بالغ"",""ملصق""]","37.5","false","true","false"
"2edca84562927948","13","en_to_ar","8","2","1101101110011/1101111110111/1111110011100/1110011011011/0110011100111/1101100110111/1101100111011/0011011001110/0110111100110/1100110110011/1111011011011/1111111111111/0110110110111","7","5","down","6","????ل?","[{""position"":0,""characters"":[""ا"",""ب"",""ت"",""ث"",""د"",""ر"",""ز"",""س"",""ص"",""ط"",""ع"",""ف"",""ق"",""ك"",""ل"",""م"",""ن"",""ه"",""ي""]},{""position"":1,""characters"":[""ئ"",""ا"",""ب"",""ت"",""ج"",""ح"",""د"",""ر"",""س"",""ك"",""ل"",""م"",""ن"",""و"",""ي""]},{""position"":2,""characters"":[""ا"",""ب"",""ت"",""ث"",""ح"",""خ"",""د"",""ر"",""ز"",""س"",""ص"",""ط"",""ع"",""ف"",""ق"",""ك"",""ل"",""م"",""ه"",""و"",""ي""]},{""position"":3,""characters"":[""ا"",""ت"",""ث"",""ج"",""ح"",""د"",""ر"",""ص"",""ط"",""ق"",""ك"",""و"",""ي""]},{""position"":4,""characters"":[""ل""]},{""position"":5,""characters"":[""ت"",""د""]}]","false","true","false","3","3","arc-support","SUPPORTED_SMALL_DOMAIN","4","3","3","4","3","3","[]","[""تلقائي""]","75","false","false","false"
"bc9ed7df4bf733c9","13","en_to_ar","8","2","1101101110011/1101111110111/1111110011100/1110011011011/0110011100111/1101100110111/1101100111011/0011011001110/0110111100110/1100110110011/1111011011011/1111111111111/0110110110111","5","10","across","3","لم?","[{""position"":2,""characters"":[""ر"",""ش"",""ن""]},{""position"":1,""characters"":[""م""]},{""position"":0,""characters"":[""ل""]}]","false","true","true","2","2","arc-support","SUPPORTED_SMALL_DOMAIN","3","2","2","3","2","2","[]","[""رمل""]","66.66666666666667","false","false","false"
"b6cf23c946426d48","13","en_to_ar","8","2","1101101110011/1101111110111/1111110011100/1110011011011/0110011100111/1101100110111/1101100111011/0011011001110/0110111100110/1100110110011/1111011011011/1111111111111/0110110110111","12","10","across","3","?ف?","[{""position"":2,""characters"":[""ب"",""ل"",""و""]},{""position"":1,""characters"":[""ف""]},{""position"":0,""characters"":[""ر"",""ق"",""ل"",""ي""]}]","false","true","true","1","1","arc-support","SUPPORTED_SMALL_DOMAIN","2","1","1","2","1","1","[]","[""قفل""]","50","false","false","false"
"a0f62f8bfc75c504","13","en_to_ar","8","2","1101101110011/1101111110111/1111110011100/1110011011011/0110011100111/1101100110111/1101100111011/0011011001110/0110111100110/1100110110011/1111011011011/1111111111111/0110110110111","3","12","down","4","????","[{""position"":0,""characters"":[""ش"",""ل"",""م""]},{""position"":1,""characters"":[""ب"",""ح"",""خ"",""د"",""ر"",""ز"",""س"",""ش"",""ص"",""ع"",""ق"",""ك"",""م"",""ن"",""ه"",""ي""]},{""position"":2,""characters"":[""ا"",""ت"",""ح"",""خ"",""ر"",""ز"",""س"",""ش"",""ط"",""ع"",""ق"",""ك"",""ل"",""ن""]},{""position"":3,""characters"":[""ر"",""ق"",""ن""]}]","false","true","false","3","3","arc-support","SUPPORTED_SMALL_DOMAIN","17","3","3","17","3","3","[]","[""مبكر"",""محزن"",""مخزن"",""ممكن"",""قابل"",""قادم"",""شعار"",""محرر"",""ناقش"",""نقبل"",""ناعم"",""مبان"",""ناقل"",""محسن""]","17.647058823529413","false","true","false"
"bb6bd693aed2d48e","13","en_to_ar","8","2","1101101110011/1101111110111/1111110011100/1110011011011/0110011100111/1101100110111/1101100111011/0011011001110/0110111100110/1100110110011/1111011011011/1111111111111/0110110110111","8","4","across","4","??ل?","[{""position"":3,""characters"":[""غ"",""م"",""و""]},{""position"":2,""characters"":[""ل""]},{""position"":1,""characters"":[""ا"",""د"",""ر"",""ص""]},{""position"":0,""characters"":[""ت"",""د"",""ص"",""ع"",""ف"",""ن""]}]","false","true","true","2","2","arc-support","SUPPORTED_SMALL_DOMAIN","3","2","2","3","2","2","[]","[""عالم""]","66.66666666666667","false","false","false"
"7f58e3bebfd74eda","13","en_to_ar","9","1","1101111001100/1111111011111/0111100111011/1101101100110/1100111011110/0011011011011/1111011101111/1101101101100/0111101110011/0110011011011/1101110011110/1111101111111/0011001111011","3","6","down","7","ذ??????","[{""position"":0,""characters"":[""ذ""]},{""position"":1,""characters"":[""ئ"",""ا"",""ب"",""ت"",""ج"",""ح"",""خ"",""د"",""ذ"",""ر"",""ز"",""س"",""ش"",""ص"",""ض"",""ط"",""ع"",""غ"",""ف"",""ق"",""ك"",""ل"",""م"",""ن"",""ه"",""و"",""ي""]},{""position"":2,""characters"":[""ا"",""ب"",""ت"",""ج"",""ح"",""خ"",""د"",""ر"",""ز"",""س"",""ش"",""ص"",""ض"",""ط"",""ظ"",""ع"",""غ"",""ف"",""ق"",""ك"",""ل"",""م"",""ن"",""ه"",""و"",""ي""]},{""position"":3,""characters"":[""ا"",""ب"",""ت"",""ث"",""ج"",""ح"",""خ"",""د"",""ذ"",""ر"",""ز"",""س"",""ش"",""ص"",""ض"",""ط"",""ظ"",""ع"",""غ"",""ف"",""ق"",""ك"",""ل"",""م"",""ن"",""ه"",""و"",""ي""]},{""position"":4,""characters"":[""ا"",""ب"",""ت"",""ج"",""ح"",""خ"",""د"",""ر"",""ز"",""س"",""ش"",""ص"",""ض"",""ط"",""ظ"",""ع"",""غ"",""ف"",""ق"",""ك"",""ل"",""م"",""ن"",""ه"",""و"",""ي""]},{""position"":5,""characters"":[""ئ"",""ا"",""ب"",""ت"",""ج"",""ح"",""خ"",""د"",""ذ"",""ر"",""ز"",""س"",""ش"",""ص"",""ض"",""ط"",""ع"",""غ"",""ف"",""ق"",""ك"",""ل"",""م"",""ن"",""ه"",""و"",""ي""]},{""position"":6,""characters"":[""ا"",""ب"",""ت"",""ج"",""ح"",""خ"",""د"",""ر"",""ز"",""س"",""ص"",""ض"",""ط"",""ع"",""غ"",""ف"",""ق"",""ك"",""ل"",""م"",""ن"",""و"",""ي""]}]","false","true","true","2","2","arc-support","SUPPORTED_SMALL_DOMAIN","3","2","2","3","2","2","[]","[""الانفاذ""]","66.66666666666667","false","false","false"
"5bfb8012d81b42fb","13","en_to_ar","9","1","1101111001100/1111111011111/0111100111011/1101101100110/1100111011110/0011011011011/1111011101111/1101101101100/0111101110011/0110011011011/1101110011110/1111101111111/0011001111011","4","4","across","3","يل?","[{""position"":2,""characters"":[""ص"",""ط"",""ك"",""و"",""ى"",""ي""]},{""position"":1,""characters"":[""ل""]},{""position"":0,""characters"":[""ي""]}]","false","true","true","3","2","arc-support","SUPPORTED_SMALL_DOMAIN","3","2","2","3","2","2","[]","[""صلي""]","66.66666666666667","false","false","false"
"0fac4d84061c7575","13","en_to_ar","9","1","1101111001100/1111111011111/0111100111011/1101101100110/1100111011110/0011011011011/1111011101111/1101101101100/0111101110011/0110011011011/1101110011110/1111101111111/0011001111011","6","5","across","3","?ل?","[{""position"":2,""characters"":[""ح"",""ق""]},{""position"":1,""characters"":[""ل""]},{""position"":0,""characters"":[""ا"",""ص"",""ع"",""م""]}]","false","true","false","3","3","arc-support","SUPPORTED_SMALL_DOMAIN","5","3","3","5","3","3","[]","[""ملح"",""قلم""]","60","false","true","false"
"66b4678fbd334420","13","en_to_ar","9","1","1101111001100/1111111011111/0111100111011/1101101100110/1100111011110/0011011011011/1111011101111/1101101101100/0111101110011/0110011011011/1101110011110/1111101111111/0011001111011","6","5","across","3","?لق","[{""position"":2,""characters"":[""ق""]},{""position"":1,""characters"":[""ل""]},{""position"":0,""characters"":[""ا"",""ع"",""م""]}]","false","true","true","1","1","arc-support","SUPPORTED_SMALL_DOMAIN","2","1","1","2","1","1","[]","[""قلم""]","50","false","false","false"
"bfa44287c1217a33","13","en_to_ar","9","1","1101111001100/1111111011111/0111100111011/1101101100110/1100111011110/0011011011011/1111011101111/1101101101100/0111101110011/0110011011011/1101110011110/1111101111111/0011001111011","6","7","down","3","عم?","[{""position"":0,""characters"":[""ع""]},{""position"":1,""characters"":[""م""]},{""position"":2,""characters"":[""ا"",""س"",""ص"",""ق""]}]","false","true","true","1","1","arc-support","SUPPORTED_SMALL_DOMAIN","2","1","1","2","1","1","[]","[""سمع""]","50","false","false","false"
"59e9b1669f91a413","13","en_to_ar","9","1","1101111001100/1111111011111/0111100111011/1101101100110/1100111011110/0011011011011/1111011101111/1101101101100/0111101110011/0110011011011/1101110011110/1111101111111/0011001111011","8","6","across","3","?قل","[{""position"":2,""characters"":[""ل""]},{""position"":1,""characters"":[""ق""]},{""position"":0,""characters"":[""ا"",""ح"",""ع"",""ن"",""و""]}]","false","true","false","3","3","arc-support","SUPPORTED_SMALL_DOMAIN","4","3","3","4","3","3","[]","[""عقل""]","75","false","false","false"
"467e4e34e162572f","13","en_to_ar","9","1","1101111001100/1111111011111/0111100111011/1101101100110/1100111011110/0011011011011/1111011101111/1101101101100/0111101110011/0110011011011/1101110011110/1111101111111/0011001111011","0","4","down","5","????ك","[{""position"":0,""characters"":[""ا"",""ت"",""ح"",""ر"",""ز"",""ن"",""ي""]},{""position"":1,""characters"":[""ا"",""ج"",""ح"",""خ"",""ر"",""ش"",""ق"",""ل"",""م"",""ن"",""ه"",""ي""]},{""position"":2,""characters"":[""ا"",""ب"",""ت"",""ث"",""ج"",""ض"",""ط"",""ظ"",""م"",""ي""]},{""position"":3,""characters"":[""ت"",""ج"",""د"",""ر"",""ش"",""ق"",""ل"",""ن"",""ه"",""و""]},{""position"":4,""characters"":[""ك""]}]","false","true","false","3","3","arc-support","SUPPORTED_SMALL_DOMAIN","5","3","3","5","3","3","[]","[""الملك"",""اشترك""]","60","false","true","false"
"b7f0e956e5b0b8b6","13","en_to_ar","9","1","1101111001100/1111111011111/0111100111011/1101101100110/1100111011110/0011011011011/1111011101111/1101101101100/0111101110011/0110011011011/1101110011110/1111101111111/0011001111011","1","0","across","7","??ا????","[{""position"":6,""characters"":[""ا"",""ب"",""ت"",""ج"",""غ"",""م"",""ن""]},{""position"":5,""characters"":[""ا"",""ج"",""ر"",""ل"",""و""]},{""position"":4,""characters"":[""ب"",""ت"",""خ"",""س"",""ش"",""ع"",""ل"",""م"",""و""]},{""position"":3,""characters"":[""ب"",""ز"",""ق"",""ل"",""م"",""ن""]},{""position"":2,""characters"":[""ا""]},{""position"":1,""characters"":[""د"",""ل"",""م"",""ي""]},{""position"":0,""characters"":[""ح"",""ر"",""م"",""ي""]}]","false","true","true","2","2","arc-support","SUPPORTED_SMALL_DOMAIN","3","2","2","3","2","2","[]","[""الشمالي""]","66.66666666666667","false","false","false"
"e09a7f7c5d834123","13","en_to_ar","9","1","1101111001100/1111111011111/0111100111011/1101101100110/1100111011110/0011011011011/1111011101111/1101101101100/0111101110011/0110011011011/1101110011110/1111101111111/0011001111011","0","3","down","4","???ظ","[{""position"":0,""characters"":[""ا"",""ب"",""ة"",""ج"",""ع"",""ف"",""ل"",""م"",""ن""]},{""position"":1,""characters"":[""ب"",""ت"",""ج"",""ح"",""د"",""ز"",""س"",""ص"",""ض"",""ط"",""ع"",""ف"",""ق"",""ك"",""ل"",""م"",""ن"",""و"",""ي""]},{""position"":2,""characters"":[""ا"",""ب"",""ت"",""ح"",""خ"",""د"",""ر"",""ز"",""س"",""ش"",""ض"",""ع"",""ف"",""ك"",""ل"",""ن"",""ه""]},{""position"":3,""characters"":[""ظ""]}]","false","true","true","1","1","arc-support","SUPPORTED_SMALL_DOMAIN","3","1","1","3","1","1","[]","[""الحظ"",""ظروف""]","33.333333333333336","false","false","false"
"1ff05b437378be87","13","en_to_ar","9","1","1101111001100/1111111011111/0111100111011/1101101100110/1100111011110/0011011011011/1111011101111/1101101101100/0111101110011/0110011011011/1101110011110/1111101111111/0011001111011","0","3","across","4","??تا","[{""position"":3,""characters"":[""ا""]},{""position"":2,""characters"":[""ت""]},{""position"":1,""characters"":[""ا"",""ج"",""ح"",""ص"",""ف"",""ل"",""م"",""ه"",""ي""]},{""position"":0,""characters"":[""ت"",""د"",""ر"",""س"",""ف"",""ق"",""ك"",""ل"",""م"",""ن"",""ه""]}]","false","true","false","2","2","arc-support","SUPPORTED_SMALL_DOMAIN","4","2","2","4","2","2","[]","[""ميتا"",""اتفق""]","50","false","false","false"
"3de9be3e58f7e3d1","13","en_to_ar","9","1","1101111001100/1111111011111/0111100111011/1101101100110/1100111011110/0011011011011/1111011101111/1101101101100/0111101110011/0110011011011/1101110011110/1111101111111/0011001111011","2","1","across","4","مف??","[{""position"":3,""characters"":[""ا"",""ب"",""ت"",""ج"",""ح"",""د"",""ذ"",""ر"",""س"",""ص"",""ط"",""ف"",""ق"",""ل"",""م"",""ن"",""ي""]},{""position"":2,""characters"":[""ا"",""ت"",""ج"",""ح"",""خ"",""د"",""ر"",""ز"",""ش"",""ص"",""ض"",""ظ"",""ع"",""ف"",""ك"",""ل"",""م"",""ن"",""ه"",""و"",""ي""]},{""position"":1,""characters"":[""ف""]},{""position"":0,""characters"":[""م""]}]","false","true","false","3","3","arc-support","SUPPORTED_SMALL_DOMAIN","4","3","3","4","3","3","[]","[""مفصل""]","75","false","false","false"
"69c399254c9b3c42","13","en_to_ar","9","1","1101111001100/1111111011111/0111100111011/1101101100110/1100111011110/0011011011011/1111011101111/1101101101100/0111101110011/0110011011011/1101110011110/1111101111111/0011001111011","0","3","down","4","???ج","[{""position"":0,""characters"":[""ا"",""ب"",""ة"",""ج"",""ع"",""ف"",""ل"",""م"",""ن""]},{""position"":1,""characters"":[""ب"",""ت"",""ج"",""ح"",""د"",""ز"",""س"",""ص"",""ض"",""ط"",""ع"",""ف"",""ق"",""ك"",""ل"",""م"",""ن"",""و"",""ي""]},{""position"":2,""characters"":[""ا"",""ب"",""ت"",""ح"",""خ"",""د"",""ر"",""ز"",""س"",""ش"",""ض"",""ع"",""ف"",""ك"",""ل"",""ن"",""ه""]},{""position"":3,""characters"":[""ج""]}]","false","true","false","3","3","arc-support","SUPPORTED_SMALL_DOMAIN","10","3","3","10","3","3","[]","[""جدول"",""منتج"",""جنوب"",""جانب"",""علاج"",""منهج"",""جلسة""]","30","false","true","false"
"a9dc4562546b91a6","13","en_to_ar","9","1","1101111001100/1111111011111/0111100111011/1101101100110/1100111011110/0011011011011/1111011101111/1101101101100/0111101110011/0110011011011/1101110011110/1111101111111/0011001111011","0","3","across","4","??ت?","[{""position"":3,""characters"":[""ة"",""م""]},{""position"":2,""characters"":[""ت""]},{""position"":1,""characters"":[""ا"",""ح"",""ص"",""ف"",""ل"",""م"",""ه"",""ي""]},{""position"":0,""characters"":[""ت"",""د"",""ر"",""س"",""ف"",""ق"",""ك"",""ل"",""م"",""ن"",""ه""]}]","false","true","false","3","3","arc-support","SUPPORTED_SMALL_DOMAIN","5","3","3","5","3","3","[]","[""متفق"",""متصل""]","60","false","true","false"
"6c1cb07e01fa5d52","13","en_to_ar","9","1","1101111001100/1111111011111/0111100111011/1101101100110/1100111011110/0011011011011/1111011101111/1101101101100/0111101110011/0110011011011/1101110011110/1111101111111/0011001111011","0","3","down","4","???ق","[{""position"":0,""characters"":[""ة"",""ل"",""م"",""ن""]},{""position"":1,""characters"":[""د"",""و""]},{""position"":2,""characters"":[""ا"",""ف"",""ل"",""ه""]},{""position"":3,""characters"":[""ق""]}]","false","true","true","2","2","arc-support","SUPPORTED_SMALL_DOMAIN","3","2","2","3","2","2","[]","[""قادة""]","66.66666666666667","false","false","false"
"f5f95a5f470aa0c3","13","en_to_ar","9","1","1101111001100/1111111011111/0111100111011/1101101100110/1100111011110/0011011011011/1111011101111/1101101101100/0111101110011/0110011011011/1101110011110/1111101111111/0011001111011","0","3","across","4","??ت?","[{""position"":3,""characters"":[""ة"",""م""]},{""position"":2,""characters"":[""ت""]},{""position"":1,""characters"":[""ح"",""ف""]},{""position"":0,""characters"":[""ر"",""ق"",""م""]}]","false","true","true","1","1","arc-support","C_API_SAMPLING_LOSS","1","0","0","1","0","0","[]","[""متفق""]","0","true","false","false"
"34597719043c9a71","13","en_to_ar","9","1","1101111001100/1111111011111/0111100111011/1101101100110/1100111011110/0011011011011/1111011101111/1101101101100/0111101110011/0110011011011/1101110011110/1111101111111/0011001111011","2","1","across","4","م???","[{""position"":3,""characters"":[""ب"",""ت"",""ح"",""د"",""ذ"",""ص"",""ط"",""ل"",""م""]},{""position"":2,""characters"":[""ح"",""خ"",""ع"",""ف"",""ك""]},{""position"":1,""characters"":[""ح"",""ر"",""ن""]},{""position"":0,""characters"":[""م""]}]","false","true","false","3","3","arc-support","SUPPORTED_SMALL_DOMAIN","4","3","3","4","3","3","[]","[""محفل""]","75","false","false","false"
"4428cffcc8b731f4","13","en_to_ar","9","1","1101111001100/1111111011111/0111100111011/1101101100110/1100111011110/0011011011011/1111011101111/1101101101100/0111101110011/0110011011011/1101110011110/1111101111111/0011001111011","0","1","down","5","?ل???","[{""position"":0,""characters"":[""ا"",""ج"",""ح"",""د"",""ك"",""ل""]},{""position"":1,""characters"":[""ل""]},{""position"":2,""characters"":[""ت"",""ذ""]},{""position"":3,""characters"":[""ا"",""ح"",""ر"",""ف"",""ل"",""م"",""ن"",""و"",""ي""]},{""position"":4,""characters"":[""ا"",""ب"",""ت"",""ث"",""د"",""س"",""ق"",""ك"",""ل"",""م""]}]","false","true","false","2","2","arc-support","SUPPORTED_SMALL_DOMAIN","4","2","2","4","2","2","[]","[""الذات"",""التنس""]","50","false","false","false"
"9b15f566bf87944d","13","en_to_ar","9","1","1101111001100/1111111011111/0111100111011/1101101100110/1100111011110/0011011011011/1111011101111/1101101101100/0111101110011/0110011011011/1101110011110/1111101111111/0011001111011","0","3","down","4","???ا","[{""position"":0,""characters"":[""ا"",""م""]},{""position"":1,""characters"":[""ب"",""ج"",""س"",""ص"",""ض"",""ع"",""ف""]},{""position"":2,""characters"":[""ت"",""د"",""ف"",""ك"",""ل""]},{""position"":3,""characters"":[""ا""]}]","false","true","true","3","2","arc-support","SUPPORTED_SMALL_DOMAIN","3","2","2","3","2","2","[]","[""العم""]","66.66666666666667","false","false","false"
"0a356ddab83d259f","13","en_to_ar","9","1","1101111001100/1111111011111/0111100111011/1101101100110/1100111011110/0011011011011/1111011101111/1101101101100/0111101110011/0110011011011/1101110011110/1111101111111/0011001111011","0","1","down","5","?ه???","[{""position"":0,""characters"":[""ا"",""ب"",""ت"",""ج"",""ح"",""خ"",""د"",""ق"",""ك"",""م"",""ن"",""ي""]},{""position"":1,""characters"":[""ه""]},{""position"":2,""characters"":[""ت"",""ص"",""م"",""ي""]},{""position"":3,""characters"":[""ا"",""ب"",""ت"",""ح"",""خ"",""د"",""ر"",""س"",""ص"",""ع"",""ف"",""ق"",""ك"",""ل"",""م"",""ن"",""و"",""ي""]},{""position"":4,""characters"":[""ا"",""ب"",""ت"",""ح"",""د"",""ر"",""ز"",""ع"",""ق"",""ل"",""م"",""ن"",""و"",""ي""]}]","false","true","false","2","2","arc-support","SUPPORTED_SMALL_DOMAIN","5","2","2","5","2","2","[]","[""المهم"",""المهن"",""التهم""]","40","false","true","false"
"74713e173346e8db","13","en_to_ar","9","1","1101111001100/1111111011111/0111100111011/1101101100110/1100111011110/0011011011011/1111011101111/1101101101100/0111101110011/0110011011011/1101110011110/1111101111111/0011001111011","0","3","down","4","???و","[{""position"":0,""characters"":[""ا"",""ب"",""ة"",""ج"",""ع"",""ف"",""ل"",""م"",""ن""]},{""position"":1,""characters"":[""ب"",""ت"",""ج"",""ح"",""د"",""ز"",""س"",""ص"",""ض"",""ط"",""ع"",""ف"",""ق"",""ك"",""ل"",""م"",""ن"",""و"",""ي""]},{""position"":2,""characters"":[""ا"",""ب"",""ت"",""ح"",""خ"",""د"",""ر"",""ز"",""س"",""ش"",""ض"",""ع"",""ف"",""ك"",""ل"",""ن"",""ه""]},{""position"":3,""characters"":[""و""]}]","false","true","false","2","2","arc-support","SUPPORTED_SMALL_DOMAIN","11","2","2","11","2","2","[]","[""ورقة"",""واسع"",""وردة"",""وحدة"",""وفقا"",""وكيل"",""واجب"",""واقع"",""ورطة""]","18.181818181818183","false","true","false"
"cf4e761f30e23c06","13","en_to_ar","9","1","1101111001100/1111111011111/0111100111011/1101101100110/1100111011110/0011011011011/1111011101111/1101101101100/0111101110011/0110011011011/1101110011110/1111101111111/0011001111011","1","0","across","7","??ا????","[{""position"":6,""characters"":[""ا"",""ب"",""ت"",""ج"",""د"",""غ"",""ف"",""ق"",""م"",""ن"",""ي""]},{""position"":5,""characters"":[""ا"",""ج"",""ر"",""س"",""ك"",""ل"",""م"",""ه"",""و""]},{""position"":4,""characters"":[""ا"",""ب"",""ت"",""ح"",""خ"",""د"",""ر"",""س"",""ش"",""ع"",""ف"",""ك"",""ل"",""م"",""ه"",""و"",""ي""]},{""position"":3,""characters"":[""ك"",""ي""]},{""position"":2,""characters"":[""ا""]},{""position"":1,""characters"":[""ج"",""ح"",""د"",""ر"",""ص"",""ع"",""ف"",""ق"",""ك"",""ل"",""م"",""ن"",""ه"",""و"",""ي""]},{""position"":0,""characters"":[""ا"",""ب"",""ت"",""ح"",""د"",""ر"",""س"",""ع"",""ك"",""ل"",""م"",""ي""]}]","false","true","true","2","2","arc-support","SUPPORTED_SMALL_DOMAIN","3","2","2","3","2","2","[]","[""بالكامل""]","66.66666666666667","false","false","false"
"76718e551238a325","13","en_to_ar","9","1","1101111001100/1111111011111/0111100111011/1101101100110/1100111011110/0011011011011/1111011101111/1101101101100/0111101110011/0110011011011/1101110011110/1111101111111/0011001111011","9","9","down","4","?ا??","[{""position"":0,""characters"":[""ر"",""ص"",""ن"",""ي""]},{""position"":1,""characters"":[""ا""]},{""position"":2,""characters"":[""ا"",""س"",""ص"",""ط"",""ف"",""ق"",""م"",""ن"",""و"",""ي""]},{""position"":3,""characters"":[""ا"",""ة"",""ت"",""ح"",""د"",""ر"",""ع"",""غ"",""ق"",""ي""]}]","false","true","false","2","2","arc-support","SUPPORTED_SMALL_DOMAIN","8","3","3","7","2","2","[""صامت""]","[""صافي"",""حصان"",""قطار"",""نامي"",""تيار""]","37.5","false","true","true"
"290c45221a1c9f35","13","en_to_ar","9","1","1101111001100/1111111011111/0111100111011/1101101100110/1100111011110/0011011011011/1111011101111/1101101101100/0111101110011/0110011011011/1101110011110/1111101111111/0011001111011","11","6","across","7","????ت??","[{""position"":6,""characters"":[""ا"",""ب"",""ج"",""ح"",""د"",""ف"",""م""]},{""position"":5,""characters"":[""ا"",""ح"",""ر"",""س"",""ص"",""ل"",""ن""]},{""position"":4,""characters"":[""ت""]},{""position"":3,""characters"":[""س"",""ق""]},{""position"":2,""characters"":[""ص"",""ع""]},{""position"":1,""characters"":[""ا"",""ل"",""ه"",""و"",""ي""]},{""position"":0,""characters"":[""ا"",""ت"",""ح"",""ر"",""ع"",""ف"",""ل"",""م"",""ن"",""ي""]}]","true","false","true","0","0","arc-support","C_API_SAMPLING_LOSS","2","0","0","2","0","0","[]","[""التقصير"",""التسعير""]","0","true","false","false"
"90c09810ea83908c","13","en_to_ar","9","1","1101111001100/1111111011111/0111100111011/1101101100110/1100111011110/0011011011011/1111011101111/1101101101100/0111101110011/0110011011011/1101110011110/1111101111111/0011001111011","9","9","down","4","?ب??","[{""position"":0,""characters"":[""ر"",""ص"",""ن"",""ي""]},{""position"":1,""characters"":[""ب""]},{""position"":2,""characters"":[""ا"",""س"",""ص"",""ط"",""ف"",""ق"",""م"",""ن"",""و"",""ي""]},{""position"":3,""characters"":[""ا"",""ة"",""ت"",""ح"",""د"",""ر"",""ع"",""غ"",""ق"",""ي""]}]","false","true","false","2","2","arc-support","SUPPORTED_SMALL_DOMAIN","6","3","3","5","2","2","[""صبور""]","[""ربيع"",""صباح"",""يبيع""]","50","false","true","true"
"ec1ecf8da91660ec","13","en_to_ar","9","1","1101111001100/1111111011111/0111100111011/1101101100110/1100111011110/0011011011011/1111011101111/1101101101100/0111101110011/0110011011011/1101110011110/1111101111111/0011001111011","9","9","down","4","?ص??","[{""position"":0,""characters"":[""ر"",""ص"",""ن"",""ي""]},{""position"":1,""characters"":[""ص""]},{""position"":2,""characters"":[""ا"",""س"",""ص"",""ط"",""ف"",""ق"",""م"",""ن"",""و"",""ي""]},{""position"":3,""characters"":[""ا"",""ة"",""ت"",""ح"",""د"",""ر"",""ع"",""غ"",""ق"",""ي""]}]","false","true","false","3","3","arc-support","SUPPORTED_SMALL_DOMAIN","7","3","3","7","3","3","[]","[""عنصر"",""يصنع"",""يوصي"",""توصي""]","42.857142857142854","false","true","false"
"249f6558a4ecb14e","13","en_to_ar","9","2","1101111001100/1111111011111/0111100111011/1101101100110/1100111011110/0011011011011/1111011101111/1101101101100/0111101110011/0110011011011/1101110011110/1111101111111/0011001111011","3","6","down","7","ك??????","[{""position"":0,""characters"":[""ك""]},{""position"":1,""characters"":[""ئ"",""ا"",""ب"",""ت"",""ج"",""ح"",""خ"",""د"",""ذ"",""ر"",""ز"",""س"",""ش"",""ص"",""ض"",""ط"",""ع"",""غ"",""ف"",""ق"",""ك"",""ل"",""م"",""ن"",""ه"",""و"",""ي""]},{""position"":2,""characters"":[""ا"",""ب"",""ت"",""ج"",""ح"",""خ"",""د"",""ر"",""ز"",""س"",""ش"",""ص"",""ض"",""ط"",""ظ"",""ع"",""غ"",""ف"",""ق"",""ك"",""ل"",""م"",""ن"",""ه"",""و"",""ي""]},{""position"":3,""characters"":[""ا"",""ب"",""ت"",""ث"",""ج"",""ح"",""خ"",""د"",""ذ"",""ر"",""ز"",""س"",""ش"",""ص"",""ض"",""ط"",""ظ"",""ع"",""غ"",""ف"",""ق"",""ك"",""ل"",""م"",""ن"",""ه"",""و"",""ي""]},{""position"":4,""characters"":[""ا"",""ب"",""ت"",""ج"",""ح"",""خ"",""د"",""ر"",""ز"",""س"",""ش"",""ص"",""ض"",""ط"",""ظ"",""ع"",""غ"",""ف"",""ق"",""ك"",""ل"",""م"",""ن"",""ه"",""و"",""ي""]},{""position"":5,""characters"":[""ئ"",""ا"",""ب"",""ت"",""ج"",""ح"",""خ"",""د"",""ذ"",""ر"",""ز"",""س"",""ش"",""ص"",""ض"",""ط"",""ع"",""غ"",""ف"",""ق"",""ك"",""ل"",""م"",""ن"",""ه"",""و"",""ي""]},{""position"":6,""characters"":[""ا"",""ب"",""ت"",""ج"",""ح"",""خ"",""د"",""ذ"",""ر"",""ز"",""س"",""ص"",""ض"",""ط"",""ع"",""غ"",""ف"",""ق"",""ك"",""ل"",""م"",""ن"",""و"",""ي""]}]","false","true","false","3","3","arc-support","SUPPORTED_SMALL_DOMAIN","11","3","3","11","3","3","[]","[""كمبيوتر"",""الخاصبك"",""كاميرات"",""كيميائي"",""بلاستيك"",""كوميديا"",""كوبونات"",""استهلاك""]","27.272727272727273","false","true","false"
"8c4d56d8c05129a3","13","en_to_ar","9","2","1101111001100/1111111011111/0111100111011/1101101100110/1100111011110/0011011011011/1111011101111/1101101101100/0111101110011/0110011011011/1101110011110/1111101111111/0011001111011","6","7","down","3","ر??","[{""position"":0,""characters"":[""ر""]},{""position"":1,""characters"":[""ح"",""د"",""ف"",""ه""]},{""position"":2,""characters"":[""ر"",""ش"",""ل"",""و""]}]","false","true","true","1","1","arc-support","SUPPORTED_SMALL_DOMAIN","3","1","1","3","1","1","[]","[""شهر"",""رحل""]","33.333333333333336","false","false","false"
"b944e258344be34c","13","en_to_ar","9","2","1101111001100/1111111011111/0111100111011/1101101100110/1100111011110/0011011011011/1111011101111/1101101101100/0111101110011/0110011011011/1101110011110/1111101111111/0011001111011","4","4","across","3","ل??","[{""position"":2,""characters"":[""ح"",""د"",""ط"",""ع"",""ف"",""ق"",""و""]},{""position"":1,""characters"":[""ا"",""س""]},{""position"":0,""characters"":[""ل""]}]","false","true","true","2","2","arc-support","SUPPORTED_SMALL_DOMAIN","3","2","2","3","2","2","[]","[""قال""]","66.66666666666667","false","false","false"
"cb7d5ce2c88a387b","13","en_to_ar","9","2","1101111001100/1111111011111/0111100111011/1101101100110/1100111011110/0011011011011/1111011101111/1101101101100/0111101110011/0110011011011/1101110011110/1111101111111/0011001111011","2","7","across","3","??غ","[{""position"":2,""characters"":[""غ""]},{""position"":1,""characters"":[""ا"",""ب"",""ح"",""د"",""ر"",""ز"",""س"",""ش"",""ص"",""ض"",""ط"",""ظ"",""ع"",""غ"",""ف"",""ق"",""ك"",""ل"",""م"",""ن"",""ه"",""و"",""ي""]},{""position"":0,""characters"":[""ا"",""ب"",""ة"",""ح"",""خ"",""د"",""ذ"",""ر"",""ز"",""س"",""ش"",""ص"",""ض"",""ط"",""ع"",""ف"",""ق"",""ل"",""م"",""ن"",""و"",""ي""]}]","false","true","false","3","3","arc-support","SUPPORTED_SMALL_DOMAIN","5","3","3","5","3","3","[]","[""غني"",""غرف""]","60","false","true","false"
"3d8ecfa55ee8bad8","13","en_to_ar","9","2","1101111001100/1111111011111/0111100111011/1101101100110/1100111011110/0011011011011/1111011101111/1101101101100/0111101110011/0110011011011/1101110011110/1111101111111/0011001111011","1","8","across","5","????س","[{""position"":4,""characters"":[""س""]},{""position"":3,""characters"":[""ر"",""ع"",""ك"",""م"",""ي""]},{""position"":2,""characters"":[""ا"",""ب"",""ت"",""د"",""ش"",""ص"",""ط"",""م"",""ن"",""و"",""ي""]},{""position"":1,""characters"":[""ا"",""ج"",""ح"",""د"",""ر"",""س"",""ع"",""ق"",""ل"",""م"",""و""]},{""position"":0,""characters"":[""ا"",""ت"",""ر"",""م"",""ن""]}]","false","true","true","2","2","arc-support","SUPPORTED_SMALL_DOMAIN","3","2","2","3","2","2","[]","[""مدارس""]","66.66666666666667","false","false","false"
"cbaca7fe9362f39b","13","en_to_ar","9","2","1101111001100/1111111011111/0111100111011/1101101100110/1100111011110/0011011011011/1111011101111/1101101101100/0111101110011/0110011011011/1101110011110/1111101111111/0011001111011","9","9","down","4","د???","[{""position"":0,""characters"":[""د""]},{""position"":1,""characters"":[""ح"",""خ"",""ر"",""ي""]},{""position"":2,""characters"":[""ش"",""ص"",""ل"",""و""]},{""position"":3,""characters"":[""ت"",""د"",""ر"",""ل""]}]","false","true","true","2","2","arc-support","SUPPORTED_SMALL_DOMAIN","3","2","2","3","2","2","[]","[""دخول""]","66.66666666666667","false","false","false"
"cf1028949121a2e1","13","en_to_ar","9","2","1101111001100/1111111011111/0111100111011/1101101100110/1100111011110/0011011011011/1111011101111/1101101101100/0111101110011/0110011011011/1101110011110/1111101111111/0011001111011","10","8","across","4","???د","[{""position"":3,""characters"":[""د""]},{""position"":2,""characters"":[""خ"",""ي""]},{""position"":1,""characters"":[""ص"",""ل"",""و""]},{""position"":0,""characters"":[""ا"",""ت"",""ج"",""ر"",""س""]}]","false","true","false","3","3","arc-support","SUPPORTED_SMALL_DOMAIN","4","3","3","4","3","3","[]","[""اليد""]","75","false","false","false"
"2b910b94f5ed1fbf","13","en_to_ar","9","2","1101111001100/1111111011111/0111100111011/1101101100110/1100111011110/0011011011011/1111011101111/1101101101100/0111101110011/0110011011011/1101110011110/1111101111111/0011001111011","8","11","down","5","??جل?","[{""position"":0,""characters"":[""ا"",""ت"",""ح"",""د"",""ز"",""ص"",""ل"",""م"",""ن"",""ي""]},{""position"":1,""characters"":[""ا"",""ت"",""ح"",""خ"",""ر"",""س"",""ص"",""ف"",""ق"",""ك"",""م"",""ن"",""و"",""ي""]},{""position"":2,""characters"":[""ج""]},{""position"":3,""characters"":[""ل""]},{""position"":4,""characters"":[""ا"",""ت"",""ج"",""ح"",""ر"",""ف"",""ك"",""م"",""ن"",""ه"",""ي""]}]","false","true","false","2","2","arc-support","SUPPORTED_SMALL_DOMAIN","5","2","2","5","2","2","[]","[""الجسد"",""الجسم"",""الجين""]","40","false","true","false"
"574b8f47770eeb14","13","en_to_ar","9","2","1101111001100/1111111011111/0111100111011/1101101100110/1100111011110/0011011011011/1111011101111/1101101101100/0111101110011/0110011011011/1101110011110/1111101111111/0011001111011","9","9","down","4","م???","[{""position"":0,""characters"":[""م""]},{""position"":1,""characters"":[""ح"",""خ"",""ر"",""ي""]},{""position"":2,""characters"":[""ش"",""ص"",""ل"",""و""]},{""position"":3,""characters"":[""ت"",""د"",""ر"",""ل""]}]","false","true","false","2","2","arc-support","SUPPORTED_SMALL_DOMAIN","4","2","2","4","2","2","[]","[""محلل"",""محور""]","50","false","false","false"
"4f3ab77591f54d18","13","en_to_ar","9","2","1101111001100/1111111011111/0111100111011/1101101100110/1100111011110/0011011011011/1111011101111/1101101101100/0111101110011/0110011011011/1101110011110/1111101111111/0011001111011","10","8","across","4","???د","[{""position"":3,""characters"":[""د""]},{""position"":2,""characters"":[""ح"",""ر""]},{""position"":1,""characters"":[""ص"",""ل"",""و""]},{""position"":0,""characters"":[""ا"",""ت"",""ج"",""ر"",""س""]}]","false","true","true","2","2","arc-support","SUPPORTED_SMALL_DOMAIN","3","2","2","3","2","2","[]","[""الرد""]","66.66666666666667","false","false","false"
"574b8f47770eeb14","13","en_to_ar","9","2","1101111001100/1111111011111/0111100111011/1101101100110/1100111011110/0011011011011/1111011101111/1101101101100/0111101110011/0110011011011/1101110011110/1111101111111/0011001111011","9","9","down","4","م???","[{""position"":0,""characters"":[""م""]},{""position"":1,""characters"":[""ح"",""خ"",""ر"",""ي""]},{""position"":2,""characters"":[""ش"",""ص"",""ل"",""و""]},{""position"":3,""characters"":[""ت"",""د"",""ر"",""ل""]}]","false","true","false","2","2","arc-support","SUPPORTED_SMALL_DOMAIN","4","2","2","4","2","2","[]","[""محلل"",""محور""]","50","false","false","false"
"4f3ab77591f54d18","13","en_to_ar","9","2","1101111001100/1111111011111/0111100111011/1101101100110/1100111011110/0011011011011/1111011101111/1101101101100/0111101110011/0110011011011/1101110011110/1111101111111/0011001111011","10","8","across","4","???د","[{""position"":3,""characters"":[""د""]},{""position"":2,""characters"":[""ح"",""ر""]},{""position"":1,""characters"":[""ص"",""ل"",""و""]},{""position"":0,""characters"":[""ا"",""ت"",""ج"",""ر"",""س""]}]","false","true","true","2","2","arc-support","SUPPORTED_SMALL_DOMAIN","3","2","2","3","2","2","[]","[""الرد""]","66.66666666666667","false","false","false"
"7f62f2ade7bd29ae","13","en_to_ar","9","2","1101111001100/1111111011111/0111100111011/1101101100110/1100111011110/0011011011011/1111011101111/1101101101100/0111101110011/0110011011011/1101110011110/1111101111111/0011001111011","12","6","across","4","?ا??","[{""position"":3,""characters"":[""ب"",""س"",""ل"",""م""]},{""position"":2,""characters"":[""ب"",""د"",""ل""]},{""position"":1,""characters"":[""ا""]},{""position"":0,""characters"":[""ب"",""ة"",""د"",""س"",""ل"",""م"",""ن""]}]","false","true","false","2","2","arc-support","SUPPORTED_SMALL_DOMAIN","4","2","2","4","2","2","[]","[""مبان"",""لباس""]","50","false","false","false"
"06c2848c6d6a5a91","13","en_to_ar","9","2","1101111001100/1111111011111/0111100111011/1101101100110/1100111011110/0011011011011/1111011101111/1101101101100/0111101110011/0110011011011/1101110011110/1111101111111/0011001111011","9","9","down","4","??س?","[{""position"":0,""characters"":[""ذ"",""ط"",""م""]},{""position"":1,""characters"":[""ا"",""خ"",""ك"",""ي""]},{""position"":2,""characters"":[""س""]},{""position"":3,""characters"":[""ا"",""ة"",""ص"",""ن"",""ي""]}]","false","true","true","1","1","arc-support","C_API_SAMPLING_LOSS","1","0","0","1","0","0","[]","[""ماسة""]","0","true","false","false"
"5225b051809825a9","13","en_to_ar","9","2","1101111001100/1111111011111/0111100111011/1101101100110/1100111011110/0011011011011/1111011101111/1101101101100/0111101110011/0110011011011/1101110011110/1111101111111/0011001111011","10","8","across","4","???ب","[{""position"":3,""characters"":[""ب""]},{""position"":2,""characters"":[""ت"",""س"",""ع"",""ل"",""ي""]},{""position"":1,""characters"":[""ر"",""ك"",""ل"",""و""]},{""position"":0,""characters"":[""ا"",""ت"",""ث"",""د"",""ط"",""ك"",""م"",""ن"",""ي""]}]","false","true","false","3","3","arc-support","SUPPORTED_SMALL_DOMAIN","8","3","3","8","3","3","[]","[""تلعب"",""العب"",""اكتب"",""مكتب"",""بيوت""]","37.5","false","true","false"
"ce3bdad43218c5e1","13","en_to_ar","9","2","1101111001100/1111111011111/0111100111011/1101101100110/1100111011110/0011011011011/1111011101111/1101101101100/0111101110011/0110011011011/1101110011110/1111101111111/0011001111011","8","11","down","5","???ا?","[{""position"":0,""characters"":[""ا"",""ت"",""خ"",""ر"",""ض"",""ق"",""ل"",""م"",""ن"",""و""]},{""position"":1,""characters"":[""ب"",""خ"",""ر"",""س"",""ص"",""ف"",""ق"",""ل"",""م"",""ن"",""و"",""ي""]},{""position"":2,""characters"":[""ا"",""ت"",""ي""]},{""position"":3,""characters"":[""ا""]},{""position"":4,""characters"":[""ا"",""ب"",""ج"",""ح"",""خ"",""ذ"",""ص"",""ع"",""ف"",""ق"",""ك"",""ل"",""م"",""ي""]}]","false","true","false","3","3","arc-support","SUPPORTED_SMALL_DOMAIN","6","3","3","6","3","3","[]","[""اميال"",""ارتاح"",""مرتاح""]","50","false","true","false"
"6da95d7814950f3d","13","en_to_ar","9","2","1101111001100/1111111011111/0111100111011/1101101100110/1100111011110/0011011011011/1111011101111/1101101101100/0111101110011/0110011011011/1101110011110/1111101111111/0011001111011","0","3","down","4","????","[{""position"":0,""characters"":[""ب"",""ت"",""ك"",""م""]},{""position"":1,""characters"":[""د"",""ز"",""ص""]},{""position"":2,""characters"":[""ا"",""ر"",""ك""]},{""position"":3,""characters"":[""ت"",""ص"",""ع"",""ف"",""ن""]}]","false","true","false","3","3","arc-support","SUPPORTED_SMALL_DOMAIN","4","3","3","4","3","3","[]","[""مصرف""]","75","false","false","false"
"1c47a9902c725496","13","en_to_ar","9","2","1101111001100/1111111011111/0111100111011/1101101100110/1100111011110/0011011011011/1111011101111/1101101101100/0111101110011/0110011011011/1101110011110/1111101111111/0011001111011","0","1","down","5","تا???","[{""position"":0,""characters"":[""ت""]},{""position"":1,""characters"":[""ا""]},{""position"":2,""characters"":[""ت"",""ع"",""ق"",""ي""]},{""position"":3,""characters"":[""ا"",""ب"",""خ"",""د"",""ر"",""س"",""ص"",""ط"",""ف"",""ق"",""ل"",""ن"",""و""]},{""position"":4,""characters"":[""ا"",""ت"",""ذ"",""ر"",""ص"",""ع"",""ف"",""ق"",""ل"",""م"",""و""]}]","false","true","true","2","2","arc-support","SUPPORTED_SMALL_DOMAIN","2","1","1","2","1","1","[]","[""ورقات""]","50","false","false","false"
"f351296e52bbfcd8","13","en_to_ar","9","2","1101111001100/1111111011111/0111100111011/1101101100110/1100111011110/0011011011011/1111011101111/1101101101100/0111101110011/0110011011011/1101110011110/1111101111111/0011001111011","0","3","down","4","?ز??","[{""position"":0,""characters"":[""ب"",""ت"",""ق"",""م""]},{""position"":1,""characters"":[""ز""]},{""position"":2,""characters"":[""ا"",""ر"",""ك"",""م""]},{""position"":3,""characters"":[""ت"",""ص"",""ع"",""ن""]}]","false","true","true","2","2","arc-support","SUPPORTED_SMALL_DOMAIN","3","2","2","3","2","2","[]","[""مزمن""]","66.66666666666667","false","false","false"
"1c47a9902c725496","13","en_to_ar","9","2","1101111001100/1111111011111/0111100111011/1101101100110/1100111011110/0011011011011/1111011101111/1101101101100/0111101110011/0110011011011/1101110011110/1111101111111/0011001111011","0","1","down","5","تا???","[{""position"":0,""characters"":[""ت""]},{""position"":1,""characters"":[""ا""]},{""position"":2,""characters"":[""ت"",""ع"",""ق"",""ي""]},{""position"":3,""characters"":[""ا"",""ب"",""خ"",""د"",""ر"",""س"",""ص"",""ط"",""ف"",""ق"",""ل"",""ن"",""و""]},{""position"":4,""characters"":[""ا"",""ت"",""ذ"",""ر"",""ص"",""ع"",""ف"",""ق"",""ل"",""م"",""و""]}]","false","true","true","2","2","arc-support","SUPPORTED_SMALL_DOMAIN","2","1","1","2","1","1","[]","[""ورقات""]","50","false","false","false"
"f351296e52bbfcd8","13","en_to_ar","9","2","1101111001100/1111111011111/0111100111011/1101101100110/1100111011110/0011011011011/1111011101111/1101101101100/0111101110011/0110011011011/1101110011110/1111101111111/0011001111011","0","3","down","4","?ز??","[{""position"":0,""characters"":[""ب"",""ت"",""ق"",""م""]},{""position"":1,""characters"":[""ز""]},{""position"":2,""characters"":[""ا"",""ر"",""ك"",""م""]},{""position"":3,""characters"":[""ت"",""ص"",""ع"",""ن""]}]","false","true","true","2","2","arc-support","SUPPORTED_SMALL_DOMAIN","3","2","2","3","2","2","[]","[""مزمن""]","66.66666666666667","false","false","false"
"8f1ac1716de0b877","13","en_to_ar","11","1","0110011011011/1111111111011/1101101100110/0011001111100/0110110011011/1101111101111/1111011101111/1111011111011/1101100110110/0011111001100/0110011011011/1101111111111/1101101100110","1","3","down","3","ا??","[{""position"":0,""characters"":[""ا""]},{""position"":1,""characters"":[""ق"",""ك"",""ي""]},{""position"":2,""characters"":[""ا"",""ب"",""ج"",""ح"",""خ"",""ذ"",""ر"",""ل"",""م"",""ن"",""ه"",""و""]}]","false","true","false","3","3","arc-support","SUPPORTED_SMALL_DOMAIN","4","3","3","4","3","3","[]","[""اين""]","75","false","false","false"
"15b03ab6f80cc631","13","en_to_ar","11","1","0110011011011/1111111111011/1101101100110/0011001111100/0110110011011/1101111101111/1111011101111/1111011111011/1101100110110/0011111001100/0110011011011/1101111111111/1101101100110","3","9","down","5","اش???","[{""position"":0,""characters"":[""ا""]},{""position"":1,""characters"":[""ش""]},{""position"":2,""characters"":[""ا"",""ب"",""ت"",""ث"",""ج"",""ح"",""خ"",""ذ"",""ر"",""ز"",""س"",""ش"",""ص"",""ط"",""ظ"",""ع"",""ف"",""ق"",""ك"",""ل"",""م"",""ن"",""ه"",""و"",""ي""]},{""position"":3,""characters"":[""ئ"",""ا"",""ب"",""ت"",""ث"",""ج"",""خ"",""د"",""ر"",""ز"",""س"",""ش"",""ص"",""ض"",""ط"",""ظ"",""ع"",""غ"",""ف"",""ق"",""ك"",""ل"",""م"",""ه"",""و"",""ي""]},{""position"":4,""characters"":[""ء"",""ب"",""ة"",""ت"",""ج"",""ح"",""د"",""ر"",""ز"",""س"",""ص"",""ض"",""ط"",""ظ"",""ع"",""ف"",""ق"",""ك"",""ل"",""م"",""ن"",""ه"",""و"",""ي""]}]","false","true","false","3","3","arc-support","SUPPORTED_SMALL_DOMAIN","4","3","3","4","3","3","[]","[""اشكال""]","75","false","false","false"
"6a3e47f00c1d7872","13","en_to_ar","11","1","0110011011011/1111111111011/1101101100110/0011001111100/0110110011011/1101111101111/1111011101111/1111011111011/1101100110110/0011111001100/0110011011011/1101111111111/1101101100110","4","5","down","4","?ا?ة","[{""position"":0,""characters"":[""ح"",""س"",""ع"",""ف"",""و""]},{""position"":1,""characters"":[""ا""]},{""position"":2,""characters"":[""ح"",""د"",""ع"",""ق"",""ن""]},{""position"":3,""characters"":[""ة""]}]","false","true","false","3","3","arc-support","SUPPORTED_SMALL_DOMAIN","4","3","3","4","3","3","[]","[""ساحة""]","75","false","false","false"
"4251e1c9a713827b","13","en_to_ar","11","1","0110011011011/1111111111011/1101101100110/0011001111100/0110110011011/1101111101111/1111011101111/1111011111011/1101100110110/0011111001100/0110011011011/1101111111111/1101101100110","4","1","down","5","ض????","[{""position"":0,""characters"":[""ض""]},{""position"":1,""characters"":[""ا"",""ب"",""ت"",""خ"",""د"",""ر"",""ز"",""س"",""ش"",""ص"",""ض"",""ط"",""ظ"",""ع"",""ف"",""ق"",""ك"",""ل"",""م"",""ن"",""ه"",""و"",""ي""]},{""position"":2,""characters"":[""ا"",""ب"",""ت"",""ج"",""ح"",""د"",""ر"",""ز"",""ش"",""ص"",""ض"",""ط"",""ع"",""ف"",""ق"",""ك"",""ل"",""م"",""ن"",""و"",""ي""]},{""position"":3,""characters"":[""ا"",""ب"",""ت"",""ج"",""خ"",""د"",""ر"",""ز"",""س"",""ش"",""ص"",""ط"",""ع"",""ف"",""ق"",""ك"",""ل"",""م"",""ه"",""و"",""ي""]},{""position"":4,""characters"":[""ا"",""ب"",""ت"",""ث"",""ح"",""خ"",""د"",""ر"",""ز"",""س"",""ط"",""ع"",""ف"",""ق"",""ك"",""ل"",""م"",""ن""]}]","false","true","false","1","1","arc-support","SUPPORTED_SMALL_DOMAIN","9","1","1","9","1","1","[]","[""البعض"",""العرض"",""تخفيض"",""الركض"",""المرض"",""معارض"",""معروض"",""القبض""]","11.11111111111111","false","true","false"
"d26135719bb9a00c","13","en_to_ar","11","1","0110011011011/1111111111011/1101101100110/0011001111100/0110110011011/1101111101111/1111011101111/1111011111011/1101100110110/0011111001100/0110011011011/1101111111111/1101101100110","5","0","down","4","????","[{""position"":0,""characters"":[""س"",""ص"",""ظ"",""ع"",""ف"",""م""]},{""position"":1,""characters"":[""ب"",""ت"",""ح"",""ر"",""س"",""ط"",""ف"",""ق"",""ل"",""م"",""ن"",""و""]},{""position"":2,""characters"":[""ت"",""د"",""ر"",""ع"",""ف"",""ك"",""ل"",""م"",""ن"",""ي""]},{""position"":3,""characters"":[""ب"",""م""]}]","false","true","false","3","3","arc-support","SUPPORTED_SMALL_DOMAIN","13","3","3","13","3","3","[]","[""ممتع"",""مقرب"",""معلم"",""صليب"",""معرف"",""مطلب"",""مركب"",""مكرس"",""مكلف"",""مطعم""]","23.076923076923077","false","true","false"
"5ddac67d36b1321c","13","en_to_ar","11","1","0110011011011/1111111111011/1101101100110/0011001111100/0110110011011/1101111101111/1111011101111/1111011111011/1101100110110/0011111001100/0110011011011/1101111111111/1101101100110","7","0","across","4","??و?","[{""position"":3,""characters"":[""ت"",""د""]},{""position"":2,""characters"":[""و""]},{""position"":1,""characters"":[""ب"",""ح"",""د"",""ر"",""ص"",""ط"",""ف"",""ك"",""ن"",""ه""]},{""position"":0,""characters"":[""ت"",""ج"",""د"",""ر"",""ز"",""ص"",""م"",""ي""]}]","false","true","false","2","2","arc-support","SUPPORTED_SMALL_DOMAIN","4","2","2","4","2","2","[]","[""ردود"",""توصي""]","50","false","false","false"
"18485fd2ae7ac816","13","en_to_ar","11","1","0110011011011/1111111111011/1101101100110/0011001111100/0110110011011/1101111101111/1111011101111/1111011111011/1101100110110/0011111001100/0110011011011/1101111111111/1101101100110","5","3","down","5","ت????","[{""position"":0,""characters"":[""ت""]},{""position"":1,""characters"":[""ر"",""س"",""ع"",""م""]},{""position"":2,""characters"":[""ر"",""ي""]},{""position"":3,""characters"":[""ا"",""د"",""ل"",""و"",""ي""]},{""position"":4,""characters"":[""ا"",""ب"",""ح"",""خ"",""د"",""ر"",""ف"",""ك"",""ل"",""م"",""ن"",""ي""]}]","false","true","false","3","3","arc-support","SUPPORTED_SMALL_DOMAIN","4","3","3","4","3","3","[]","[""تمرين""]","75","false","false","false"
"1e48320ed9648435","13","en_to_ar","11","1","0110011011011/1111111111011/1101101100110/0011001111100/0110110011011/1101111101111/1111011101111/1111011111011/1101100110110/0011111001100/0110011011011/1101111111111/1101101100110","5","0","down","4","???م","[{""position"":0,""characters"":[""ظ"",""ق"",""ك"",""و""]},{""position"":1,""characters"":[""ب"",""ج"",""خ"",""د"",""ص"",""ع"",""ق"",""ل"",""م"",""ن""]},{""position"":2,""characters"":[""ت"",""ص"",""ط"",""ي""]},{""position"":3,""characters"":[""م""]}]","false","true","true","2","2","arc-support","SUPPORTED_SMALL_DOMAIN","3","1","1","3","1","1","[]","[""مطبق"",""مصدق""]","33.333333333333336","false","false","false"
"0ca473a7e6a00718","13","en_to_ar","11","1","0110011011011/1111111111011/1101101100110/0011001111100/0110110011011/1101111101111/1111011101111/1111011111011/1101100110110/0011111001100/0110011011011/1101111111111/1101101100110","5","3","down","5","ت????","[{""position"":0,""characters"":[""ت""]},{""position"":1,""characters"":[""ث"",""خ"",""د"",""ر"",""ط"",""ع"",""ق"",""م"",""ي""]},{""position"":2,""characters"":[""ا"",""ص"",""ق"",""م"",""ي""]},{""position"":3,""characters"":[""ا"",""ث"",""د"",""ف"",""ل"",""و"",""ي""]},{""position"":4,""characters"":[""ا"",""ب"",""ت"",""ح"",""خ"",""د"",""ر"",""ز"",""ص"",""ف"",""ق"",""ك"",""ل"",""م"",""ن""]}]","false","true","false","3","3","arc-support","SUPPORTED_SMALL_DOMAIN","5","3","3","5","3","3","[]","[""تقصير"",""تخمين""]","60","false","true","false"
"93059e9f27169567","13","en_to_ar","11","1","0110011011011/1111111111011/1101101100110/0011001111100/0110110011011/1101111101111/1111011101111/1111011111011/1101100110110/0011111001100/0110011011011/1101111111111/1101101100110","6","0","across","4","??يد","[{""position"":3,""characters"":[""د""]},{""position"":2,""characters"":[""ي""]},{""position"":1,""characters"":[""ب"",""ف"",""ق"",""م"",""و""]},{""position"":0,""characters"":[""ع"",""ق"",""م""]}]","false","true","true","1","1","arc-support","C_API_SAMPLING_LOSS","1","0","0","1","0","0","[]","[""مفيد""]","0","true","false","false"
"41a9a1221a97a646","13","en_to_ar","11","1","0110011011011/1111111111011/1101101100110/0011001111100/0110110011011/1101111101111/1111011101111/1111011111011/1101100110110/0011111001100/0110011011011/1101111111111/1101101100110","5","0","down","4","????","[{""position"":0,""characters"":[""ر"",""ن""]},{""position"":1,""characters"":[""ب"",""ت"",""ح"",""ر"",""س"",""ط"",""ف"",""ق"",""ل"",""م"",""ن"",""و""]},{""position"":2,""characters"":[""ا"",""ج"",""ح"",""خ"",""د"",""ص"",""ع"",""ف"",""ق"",""ل"",""م"",""ن""]},{""position"":3,""characters"":[""ر"",""ن""]}]","false","true","true","2","2","arc-support","C_API_SAMPLING_LOSS","1","0","0","1","0","0","[]","[""نعلن""]","0","true","false","false"
"528115e3adcc8297","13","en_to_ar","11","1","0110011011011/1111111111011/1101101100110/0011001111100/0110110011011/1101111101111/1111011101111/1111011111011/1101100110110/0011111001100/0110011011011/1101111111111/1101101100110","6","0","across","4","??ا?","[{""position"":3,""characters"":[""ب"",""ر"",""و""]},{""position"":2,""characters"":[""ا""]},{""position"":1,""characters"":[""د"",""س"",""ض"",""ع"",""ن""]},{""position"":0,""characters"":[""ا"",""ح"",""ظ"",""ع"",""ي""]}]","false","true","false","2","2","arc-support","SUPPORTED_SMALL_DOMAIN","5","2","2","4","1","1","[""حساب""]","[""يسار"",""واسع"",""وادي""]","40","false","true","true"
"5aa7a83e4a6885ae","13","en_to_ar","11","1","0110011011011/1111111111011/1101101100110/0011001111100/0110110011011/1101111101111/1111011101111/1111011111011/1101100110110/0011111001100/0110011011011/1101111111111/1101101100110","5","3","down","5","تحل??","[{""position"":0,""characters"":[""ت""]},{""position"":1,""characters"":[""ح""]},{""position"":2,""characters"":[""ل""]},{""position"":3,""characters"":[""ا"",""ث"",""د"",""ف"",""ل"",""ي""]},{""position"":4,""characters"":[""ا"",""ت"",""ح"",""خ"",""ك"",""ل"",""م""]}]","false","true","true","1","1","arc-support","C_API_SAMPLING_LOSS","1","0","0","1","0","0","[]","[""تحليل""]","0","true","false","false"
"2b079c50874866a7","13","en_to_ar","11","1","0110011011011/1111111111011/1101101100110/0011001111100/0110110011011/1101111101111/1111011101111/1111011111011/1101100110110/0011111001100/0110011011011/1101111111111/1101101100110","5","0","down","4","???م","[{""position"":0,""characters"":[""د"",""ه""]},{""position"":1,""characters"":[""ا"",""ب"",""ج"",""ع"",""ل"",""م""]},{""position"":2,""characters"":[""ب"",""ت"",""ج"",""د"",""س"",""ش"",""ف"",""ق"",""م"",""و"",""ي""]},{""position"":3,""characters"":[""م""]}]","false","true","false","1","1","arc-support","C_API_SAMPLING_LOSS","4","0","0","4","0","0","[]","[""مياه"",""موعد"",""مواد"",""هجوم""]","0","true","false","false"
"02cd52cf84575fcc","13","en_to_ar","11","1","0110011011011/1111111111011/1101101100110/0011001111100/0110110011011/1101111101111/1111011101111/1111011111011/1101100110110/0011111001100/0110011011011/1101111111111/1101101100110","5","0","down","4","م???","[{""position"":0,""characters"":[""م""]},{""position"":1,""characters"":[""ب"",""ت"",""ج"",""د"",""س"",""ش"",""ص"",""ف"",""ق"",""ك"",""م"",""و"",""ي""]},{""position"":2,""characters"":[""ب"",""ت"",""د"",""ر"",""ط"",""ع"",""ف"",""ك"",""ل"",""م"",""ن"",""ي""]},{""position"":3,""characters"":[""ظ"",""ق"",""ك"",""و""]}]","false","true","false","2","2","arc-support","SUPPORTED_SMALL_DOMAIN","5","2","2","5","2","2","[]","[""مسبق"",""مصدق"",""مدرك""]","40","false","true","false"
"f4a9bd0590d45f54","13","en_to_ar","11","1","0110011011011/1111111111011/1101101100110/0011001111100/0110110011011/1101111101111/1111011101111/1111011111011/1101100110110/0011111001100/0110011011011/1101111111111/1101101100110","6","0","across","4","??ر?","[{""position"":3,""characters"":[""ت"",""ي""]},{""position"":2,""characters"":[""ر""]},{""position"":1,""characters"":[""د"",""ش"",""ض"",""ق"",""ل"",""م"",""و"",""ي""]},{""position"":0,""characters"":[""ا"",""ح"",""د"",""ر"",""ش"",""ع"",""ق"",""م""]}]","false","true","false","2","2","arc-support","SUPPORTED_SMALL_DOMAIN","5","2","2","5","2","2","[]","[""حضري"",""تردد"",""دمرت""]","40","false","true","false"
"6992034603d69b84","13","en_to_ar","11","1","0110011011011/1111111111011/1101101100110/0011001111100/0110110011011/1101111101111/1111011101111/1111011111011/1101100110110/0011111001100/0110011011011/1101111111111/1101101100110","7","0","across","4","??و?","[{""position"":3,""characters"":[""د"",""ف""]},{""position"":2,""characters"":[""و""]},{""position"":1,""characters"":[""ح"",""د"",""ر"",""ص"",""ط"",""ف"",""ك"",""ن"",""ه"",""ي""]},{""position"":0,""characters"":[""ت"",""ج"",""خ"",""د"",""ر"",""ز"",""ص"",""م"",""ي""]}]","false","true","false","2","2","arc-support","SUPPORTED_SMALL_DOMAIN","4","2","2","4","2","2","[]","[""ردود"",""فوري""]","50","false","false","false"
"c3a7e683a8e8d717","13","en_to_ar","11","1","0110011011011/1111111111011/1101101100110/0011001111100/0110110011011/1101111101111/1111011101111/1111011111011/1101100110110/0011111001100/0110011011011/1101111111111/1101101100110","10","1","down","3","ث??","[{""position"":0,""characters"":[""ث""]},{""position"":1,""characters"":[""ا"",""ب"",""ث"",""ح"",""خ"",""د"",""ر"",""ز"",""س"",""ط"",""ع"",""ف"",""ق"",""ك"",""ل"",""م"",""ن"",""ه"",""و"",""ي""]},{""position"":2,""characters"":[""ا"",""ب"",""ح"",""خ"",""د"",""ذ"",""ر"",""ش"",""ص"",""ض"",""ع"",""ف"",""ق"",""ك"",""ل"",""م"",""ن"",""ه"",""و"",""ي""]}]","false","true","false","3","3","arc-support","SUPPORTED_SMALL_DOMAIN","6","3","3","6","3","3","[]","[""حدث"",""ثوب"",""ثوم""]","50","false","true","false"
"6da29ee3fc0a6b9f","13","en_to_ar","11","1","0110011011011/1111111111011/1101101100110/0011001111100/0110110011011/1101111101111/1111011101111/1111011111011/1101100110110/0011111001100/0110011011011/1101111111111/1101101100110","9","6","down","4","ة?س?","[{""position"":0,""characters"":[""ة""]},{""position"":1,""characters"":[""ا"",""ب"",""د"",""ز"",""س"",""ص"",""ع"",""غ"",""ل"",""م"",""ن"",""و""]},{""position"":2,""characters"":[""س""]},{""position"":3,""characters"":[""ا"",""ب"",""ح"",""خ"",""ر"",""س"",""ش"",""ص"",""ع"",""ق"",""ك"",""ل"",""م"",""ن""]}]","false","true","true","1","1","arc-support","SUPPORTED_SMALL_DOMAIN","2","1","1","2","1","1","[]","[""نسبة""]","50","false","false","false"
"caafccfeada0e089","13","en_to_ar","11","1","0110011011011/1111111111011/1101101100110/0011001111100/0110110011011/1101111101111/1111011101111/1111011111011/1101100110110/0011111001100/0110011011011/1101111111111/1101101100110","9","5","down","3","ع?ر","[{""position"":0,""characters"":[""ع""]},{""position"":1,""characters"":[""ا"",""ر"",""س"",""ش"",""ص"",""ط"",""ف"",""ل"",""م"",""ن"",""ه"",""و""]},{""position"":2,""characters"":[""ر""]}]","false","true","false","3","3","arc-support","SUPPORTED_SMALL_DOMAIN","5","3","3","5","3","3","[]","[""عمر"",""راع""]","60","false","true","false"
"0a8cf0b8b0b4e4ce","13","en_to_ar","11","1","0110011011011/1111111111011/1101101100110/0011001111100/0110110011011/1101111101111/1111011101111/1111011111011/1101100110110/0011111001100/0110011011011/1101111111111/1101101100110","9","6","down","4","ة?م?","[{""position"":0,""characters"":[""ة""]},{""position"":1,""characters"":[""ا"",""ب"",""د"",""ز"",""س"",""ص"",""ع"",""غ"",""ل"",""م"",""ن"",""و""]},{""position"":2,""characters"":[""م""]},{""position"":3,""characters"":[""ا"",""ب"",""ح"",""خ"",""ر"",""س"",""ش"",""ص"",""ع"",""ق"",""ك"",""ل"",""م"",""ن""]}]","false","true","false","1","1","arc-support","SUPPORTED_SMALL_DOMAIN","4","1","1","4","1","1","[]","[""خمسة"",""امنة"",""لمسة""]","25","false","false","false"
"c03101664194bf1a","13","en_to_ar","11","1","0110011011011/1111111111011/1101101100110/0011001111100/0110110011011/1101111101111/1111011101111/1111011111011/1101100110110/0011111001100/0110011011011/1101111111111/1101101100110","9","9","down","3","??غ","[{""position"":0,""characters"":[""ا"",""ب"",""ت"",""ث"",""ح"",""د"",""ذ"",""ر"",""ز"",""س"",""ش"",""ص"",""ض"",""ط"",""ع"",""غ"",""ف"",""ق"",""ك"",""ل"",""م"",""ن"",""ه"",""و""]},{""position"":1,""characters"":[""ا"",""ب"",""ت"",""ث"",""ح"",""خ"",""د"",""ر"",""س"",""ص"",""ض"",""ع"",""غ"",""ف"",""ك"",""ل"",""م"",""ن"",""ه"",""و""]},{""position"":2,""characters"":[""غ""]}]","false","true","false","2","2","arc-support","SUPPORTED_SMALL_DOMAIN","4","2","2","4","2","2","[]","[""غرب"",""غرف""]","50","false","false","false"
"8965965cd33ef21f","13","en_to_ar","11","1","0110011011011/1111111111011/1101101100110/0011001111100/0110110011011/1101111101111/1111011101111/1111011111011/1101100110110/0011111001100/0110011011011/1101111111111/1101101100110","9","6","down","4","ة?ت?","[{""position"":0,""characters"":[""ة""]},{""position"":1,""characters"":[""ا"",""ب"",""د"",""ز"",""س"",""ص"",""ع"",""غ"",""ل"",""م"",""ن"",""و""]},{""position"":2,""characters"":[""ت""]},{""position"":3,""characters"":[""ا"",""ب"",""ح"",""خ"",""ر"",""س"",""ش"",""ص"",""ع"",""ق"",""ك"",""ل"",""م"",""ن""]}]","false","true","true","1","1","arc-support","SUPPORTED_SMALL_DOMAIN","3","1","1","3","1","1","[]","[""متعة"",""رتبة""]","33.333333333333336","false","false","false"
"b3fa22e900fd3104","13","en_to_ar","11","1","0110011011011/1111111111011/1101101100110/0011001111100/0110110011011/1101111101111/1111011101111/1111011111011/1101100110110/0011111001100/0110011011011/1101111111111/1101101100110","9","6","down","4","ة?د?","[{""position"":0,""characters"":[""ة""]},{""position"":1,""characters"":[""ا"",""ب"",""د"",""ز"",""س"",""ص"",""ع"",""غ"",""ل"",""م"",""ن"",""و""]},{""position"":2,""characters"":[""د""]},{""position"":3,""characters"":[""ا"",""ب"",""ح"",""خ"",""ر"",""س"",""ش"",""ص"",""ع"",""ق"",""ك"",""ل"",""م"",""ن""]}]","false","true","false","3","3","arc-support","SUPPORTED_SMALL_DOMAIN","4","3","3","4","3","3","[]","[""خدمة""]","75","false","false","false"
"6da29ee3fc0a6b9f","13","en_to_ar","11","1","0110011011011/1111111111011/1101101100110/0011001111100/0110110011011/1101111101111/1111011101111/1111011111011/1101100110110/0011111001100/0110011011011/1101111111111/1101101100110","9","6","down","4","ة?س?","[{""position"":0,""characters"":[""ة""]},{""position"":1,""characters"":[""ا"",""ب"",""د"",""ز"",""س"",""ص"",""ع"",""غ"",""ل"",""م"",""ن"",""و""]},{""position"":2,""characters"":[""س""]},{""position"":3,""characters"":[""ا"",""ب"",""ح"",""خ"",""ر"",""س"",""ش"",""ص"",""ع"",""ق"",""ك"",""ل"",""م"",""ن""]}]","false","true","true","1","1","arc-support","SUPPORTED_SMALL_DOMAIN","2","1","1","2","1","1","[]","[""نسبة""]","50","false","false","false"
"6da29ee3fc0a6b9f","13","en_to_ar","11","1","0110011011011/1111111111011/1101101100110/0011001111100/0110110011011/1101111101111/1111011101111/1111011111011/1101100110110/0011111001100/0110011011011/1101111111111/1101101100110","9","6","down","4","ة?س?","[{""position"":0,""characters"":[""ة""]},{""position"":1,""characters"":[""ا"",""ب"",""د"",""ز"",""س"",""ص"",""ع"",""غ"",""ل"",""م"",""ن"",""و""]},{""position"":2,""characters"":[""س""]},{""position"":3,""characters"":[""ا"",""ب"",""ح"",""خ"",""ر"",""س"",""ش"",""ص"",""ع"",""ق"",""ك"",""ل"",""م"",""ن""]}]","false","true","true","1","1","arc-support","SUPPORTED_SMALL_DOMAIN","2","1","1","2","1","1","[]","[""نسبة""]","50","false","false","false"
"e297442a51a9444a","13","en_to_ar","11","2","0110011011011/1111111111011/1101101100110/0011001111100/0110110011011/1101111101111/1111011101111/1111011111011/1101100110110/0011111001100/0110011011011/1101111111111/1101101100110","0","6","down","4","تر??","[{""position"":0,""characters"":[""ت""]},{""position"":1,""characters"":[""ر""]},{""position"":2,""characters"":[""ا"",""ح"",""ش"",""غ"",""ك"",""ل"",""م"",""و"",""ي""]},{""position"":3,""characters"":[""ء"",""ا"",""ب"",""ة"",""ت"",""ح"",""د"",""ف"",""ق"",""م""]}]","false","true","false","3","3","arc-support","SUPPORTED_SMALL_DOMAIN","4","3","3","4","3","3","[]","[""دمرت""]","75","false","false","false"
"ac8354a52c7302e6","13","en_to_ar","11","2","0110011011011/1111111111011/1101101100110/0011001111100/0110110011011/1101111101111/1111011101111/1111011111011/1101100110110/0011111001100/0110011011011/1101111111111/1101101100110","3","6","across","5","???را","[{""position"":4,""characters"":[""ا""]},{""position"":3,""characters"":[""ر""]},{""position"":2,""characters"":[""ا"",""ب"",""ح"",""خ"",""ر"",""س"",""ش"",""ص"",""ط"",""ظ"",""ع"",""ف"",""ق"",""ك"",""ل"",""م"",""ن"",""ه"",""و"",""ي""]},{""position"":1,""characters"":[""ا"",""ب"",""ت"",""ث"",""ج"",""خ"",""د"",""ر"",""س"",""ش"",""ص"",""ض"",""ط"",""ظ"",""ع"",""غ"",""ق"",""ك"",""ل"",""م"",""ه"",""و"",""ي""]},{""position"":0,""characters"":[""ب"",""ت"",""ح"",""د"",""ر"",""ز"",""س"",""ص"",""ض"",""ط"",""ع"",""ف"",""ق"",""ل"",""م"",""ن"",""و"",""ي""]}]","false","true","false","1","1","arc-support","SUPPORTED_SMALL_DOMAIN","4","1","1","4","1","1","[]","[""مبكرا"",""ارشيف"",""ارقام""]","25","false","false","false"
"3d22d806ba409f87","13","en_to_ar","11","2","0110011011011/1111111111011/1101101100110/0011001111100/0110110011011/1101111101111/1111011101111/1111011111011/1101100110110/0011111001100/0110011011011/1101111111111/1101101100110","3","9","down","5","اق???","[{""position"":0,""characters"":[""ا""]},{""position"":1,""characters"":[""ق""]},{""position"":2,""characters"":[""ا"",""ت"",""د"",""ذ"",""ر"",""ش"",""ل"",""ن""]},{""position"":3,""characters"":[""ا"",""خ"",""د"",""ف"",""ل"",""و"",""ي""]},{""position"":4,""characters"":[""ء"",""ة"",""ث"",""خ"",""ص"",""ظ"",""ق"",""ل"",""م"",""ه""]}]","false","true","true","1","1","arc-support","SUPPORTED_SMALL_DOMAIN","2","1","1","2","1","1","[]","[""صادقا""]","50","false","false","false"
"ac8b290b0f591cf9","13","en_to_ar","11","2","0110011011011/1111111111011/1101101100110/0011001111100/0110110011011/1101111101111/1111011101111/1111011111011/1101100110110/0011111001100/0110011011011/1101111111111/1101101100110","6","9","across","4","???ا","[{""position"":3,""characters"":[""ا""]},{""position"":2,""characters"":[""ع"",""ق"",""ك""]},{""position"":1,""characters"":[""ا"",""ب"",""ت"",""ط"",""ف""]},{""position"":0,""characters"":[""ب"",""ح"",""ل"",""و""]}]","false","true","true","2","2","arc-support","SUPPORTED_SMALL_DOMAIN","3","2","2","3","2","2","[]","[""اقبل""]","66.66666666666667","false","false","false"
"a579c0578f1c5425","13","en_to_ar","11","2","0110011011011/1111111111011/1101101100110/0011001111100/0110110011011/1101111101111/1111011101111/1111011111011/1101100110110/0011111001100/0110011011011/1101111111111/1101101100110","4","11","down","5","?ر???","[{""position"":0,""characters"":[""ح"",""د"",""ض"",""ل"",""م""]},{""position"":1,""characters"":[""ر""]},{""position"":2,""characters"":[""ت"",""ف""]},{""position"":3,""characters"":[""ب"",""ش"",""ل"",""ه"",""و""]},{""position"":4,""characters"":[""ا"",""ب"",""ز"",""ط"",""ق"",""م""]}]","false","true","true","2","2","arc-support","SUPPORTED_SMALL_DOMAIN","3","1","1","3","1","1","[]","[""الفرح"",""الفرد""]","33.333333333333336","false","false","false"
"8edba6651f0d73b7","13","en_to_ar","11","2","0110011011011/1111111111011/1101101100110/0011001111100/0110110011011/1101111101111/1111011101111/1111011111011/1101100110110/0011111001100/0110011011011/1101111111111/1101101100110","6","9","across","4","???ا","[{""position"":3,""characters"":[""ا""]},{""position"":2,""characters"":[""د"",""م"",""ن""]},{""position"":1,""characters"":[""ب"",""ج"",""خ"",""ر"",""س"",""ع"",""ف"",""ق"",""م""]},{""position"":0,""characters"":[""ط"",""ف"",""م"",""ن""]}]","false","true","true","1","1","arc-support","SUPPORTED_SMALL_DOMAIN","2","1","1","2","1","1","[]","[""مرنا""]","50","false","false","false"
"1301488522470e2b","13","en_to_ar","11","2","0110011011011/1111111111011/1101101100110/0011001111100/0110110011011/1101111101111/1111011101111/1111011111011/1101100110110/0011111001100/0110011011011/1101111111111/1101101100110","4","12","down","4","?ام?","[{""position"":0,""characters"":[""ب"",""ت"",""ح"",""ر"",""ش"",""ف"",""ق"",""ك"",""م"",""ن""]},{""position"":1,""characters"":[""ا""]},{""position"":2,""characters"":[""م""]},{""position"":3,""characters"":[""ا"",""ب"",""ظ"",""ك"",""ل"",""ه""]}]","false","true","true","3","2","arc-support","SUPPORTED_SMALL_DOMAIN","2","1","1","2","1","1","[]","[""شامل""]","50","false","false","false"
"c4cdc6f885d6391f","13","en_to_ar","11","2","0110011011011/1111111111011/1101101100110/0011001111100/0110110011011/1101111101111/1111011101111/1111011111011/1101100110110/0011111001100/0110011011011/1101111111111/1101101100110","9","6","down","4","??ل?","[{""position"":0,""characters"":[""ب"",""ة"",""ط"",""ف"",""م"",""ن""]},{""position"":1,""characters"":[""ر"",""ع"",""ف"",""ق"",""ك"",""ي""]},{""position"":2,""characters"":[""ل""]},{""position"":3,""characters"":[""ظ"",""ك""]}]","true","false","true","0","0","arc-support","C_API_SAMPLING_LOSS","1","0","0","1","0","0","[]","[""كلية""]","0","true","false","false"
"c4cdc6f885d6391f","13","en_to_ar","11","2","0110011011011/1111111111011/1101101100110/0011001111100/0110110011011/1101111101111/1111011101111/1111011111011/1101100110110/0011111001100/0110011011011/1101111111111/1101101100110","9","6","down","4","??ل?","[{""position"":0,""characters"":[""ب"",""ة"",""ط"",""ف"",""م"",""ن""]},{""position"":1,""characters"":[""ر"",""ع"",""ف"",""ق"",""ك"",""ي""]},{""position"":2,""characters"":[""ل""]},{""position"":3,""characters"":[""ظ"",""ك""]}]","true","false","true","0","0","arc-support","C_API_SAMPLING_LOSS","1","0","0","1","0","0","[]","[""كلية""]","0","true","false","false"
"c4cdc6f885d6391f","13","en_to_ar","11","2","0110011011011/1111111111011/1101101100110/0011001111100/0110110011011/1101111101111/1111011101111/1111011111011/1101100110110/0011111001100/0110011011011/1101111111111/1101101100110","9","6","down","4","??ل?","[{""position"":0,""characters"":[""ب"",""ة"",""ط"",""ف"",""م"",""ن""]},{""position"":1,""characters"":[""ر"",""ع"",""ف"",""ق"",""ك"",""ي""]},{""position"":2,""characters"":[""ل""]},{""position"":3,""characters"":[""ظ"",""ك""]}]","true","false","true","0","0","arc-support","C_API_SAMPLING_LOSS","1","0","0","1","0","0","[]","[""كلية""]","0","true","false","false"
"c4cdc6f885d6391f","13","en_to_ar","11","2","0110011011011/1111111111011/1101101100110/0011001111100/0110110011011/1101111101111/1111011101111/1111011111011/1101100110110/0011111001100/0110011011011/1101111111111/1101101100110","9","6","down","4","??ل?","[{""position"":0,""characters"":[""ب"",""ة"",""ط"",""ف"",""م"",""ن""]},{""position"":1,""characters"":[""ر"",""ع"",""ف"",""ق"",""ك"",""ي""]},{""position"":2,""characters"":[""ل""]},{""position"":3,""characters"":[""ظ"",""ك""]}]","true","false","true","0","0","arc-support","C_API_SAMPLING_LOSS","1","0","0","1","0","0","[]","[""كلية""]","0","true","false","false"
"0dbe99a74c4062e6","13","en_to_ar","11","2","0110011011011/1111111111011/1101101100110/0011001111100/0110110011011/1101111101111/1111011101111/1111011111011/1101100110110/0011111001100/0110011011011/1101111111111/1101101100110","9","2","across","5","ب????","[{""position"":4,""characters"":[""ا"",""ر"",""ف"",""ل"",""م"",""ن"",""ه""]},{""position"":3,""characters"":[""ج"",""د"",""ل"",""ي""]},{""position"":2,""characters"":[""ا"",""ح"",""د"",""ر"",""ص"",""ل"",""و"",""ي""]},{""position"":1,""characters"":[""ط"",""ع"",""م"",""ن""]},{""position"":0,""characters"":[""ب""]}]","false","true","false","3","3","arc-support","SUPPORTED_SMALL_DOMAIN","4","3","3","4","3","3","[]","[""الرطب""]","75","false","false","false"
"3cb30a93f9ef1920","13","en_to_ar","11","2","0110011011011/1111111111011/1101101100110/0011001111100/0110110011011/1101111101111/1111011101111/1111011111011/1101100110110/0011111001100/0110011011011/1101111111111/1101101100110","9","5","down","3","??و","[{""position"":0,""characters"":[""ط"",""ع""]},{""position"":1,""characters"":[""ض"",""م""]},{""position"":2,""characters"":[""و""]}]","false","true","true","2","2","arc-support","SUPPORTED_SMALL_DOMAIN","2","1","1","2","1","1","[]","[""عضو""]","50","false","false","false"
"4141ea12e7f58b10","13","en_to_ar","11","2","0110011011011/1111111111011/1101101100110/0011001111100/0110110011011/1101111101111/1111011101111/1111011111011/1101100110110/0011111001100/0110011011011/1101111111111/1101101100110","6","0","across","4","??ر?","[{""position"":3,""characters"":[""ا"",""ب"",""ش"",""م"",""ي""]},{""position"":2,""characters"":[""ر""]},{""position"":1,""characters"":[""ح"",""س"",""ض"",""ع"",""ف"",""م"",""ه"",""و""]},{""position"":0,""characters"":[""ح"",""ش"",""ل"",""ي""]}]","false","true","false","1","1","arc-support","SUPPORTED_SMALL_DOMAIN","5","1","1","5","1","1","[]","[""شهرا"",""شهري"",""حضري"",""شعرا""]","20","false","true","false"
"6d2cff333cceeead","13","en_to_ar","11","2","0110011011011/1111111111011/1101101100110/0011001111100/0110110011011/1101111101111/1111011101111/1111011111011/1101100110110/0011111001100/0110011011011/1101111111111/1101101100110","5","3","down","5","????ي","[{""position"":0,""characters"":[""ا"",""ة"",""س""]},{""position"":1,""characters"":[""ل"",""م"",""ي""]},{""position"":2,""characters"":[""ا"",""ب"",""ر"",""ط"",""ل"",""م""]},{""position"":3,""characters"":[""ر"",""س"",""م"",""و""]},{""position"":4,""characters"":[""ي""]}]","false","true","true","2","2","arc-support","SUPPORTED_SMALL_DOMAIN","3","2","2","3","2","2","[]","[""يوميا""]","66.66666666666667","false","false","false"
"75087eff10fa67f9","13","en_to_ar","14","1","0011110110110/0111111111111/1111001111011/1100110110110/0110111100110/0011011011011/1111110111111/1101101101100/0110011110110/0110110110011/1101111001111/1111111111110/0110110111100","2","0","across","4","مض??","[{""position"":3,""characters"":[""ب"",""ت"",""خ"",""س"",""ط"",""ف"",""ك"",""ي""]},{""position"":2,""characters"":[""ا"",""ب"",""ح"",""خ"",""ر"",""ع"",""ل""]},{""position"":1,""characters"":[""ض""]},{""position"":0,""characters"":[""م""]}]","false","true","true","2","2","arc-support","SUPPORTED_SMALL_DOMAIN","3","2","2","3","2","2","[]","[""مضرب""]","66.66666666666667","false","false","false"
"bae439fea1d319c5","13","en_to_ar","14","1","0011110110110/0111111111111/1111001111011/1100110110110/0110111100110/0011011011011/1111110111111/1101101101100/0110011110110/0110110110011/1101111001111/1111111111110/0110110111100","2","6","across","4","س???","[{""position"":3,""characters"":[""ا"",""ت"",""ق""]},{""position"":2,""characters"":[""ج"",""س"",""ي""]},{""position"":1,""characters"":[""ا"",""س"",""ي""]},{""position"":0,""characters"":[""س""]}]","false","true","false","3","3","arc-support","SUPPORTED_SMALL_DOMAIN","4","3","3","4","3","3","[]","[""قسيس""]","75","false","false","false"
"44445ebbdfaa9735","13","en_to_ar","14","1","0011110110110/0111111111111/1111001111011/1100110110110/0110111100110/0011011011011/1111110111111/1101101101100/0110011110110/0110110110011/1101111001111/1111111111110/0110110111100","5","9","down","3","حل?","[{""position"":0,""characters"":[""ح""]},{""position"":1,""characters"":[""ل""]},{""position"":2,""characters"":[""ب"",""ح"",""خ"",""د"",""ع"",""ق"",""ك"",""م"",""و""]}]","false","true","true","2","2","arc-support","SUPPORTED_SMALL_DOMAIN","3","2","2","3","2","2","[]","[""حلم""]","66.66666666666667","false","false","false"
"47fefbbe5d2ce0a5","13","en_to_ar","14","1","0011110110110/0111111111111/1111001111011/1100110110110/0110111100110/0011011011011/1111110111111/1101101101100/0110011110110/0110110110011/1101111001111/1111111111110/0110110111100","6","0","across","6","???ذ??","[{""position"":5,""characters"":[""ا"",""ب"",""ت"",""ح"",""ر"",""ز"",""س"",""ض"",""ع"",""غ"",""ق"",""ك"",""ل"",""م"",""ن"",""ه"",""ي""]},{""position"":4,""characters"":[""ا"",""ب"",""ج"",""د"",""ر"",""ز"",""س"",""ق"",""ك"",""ل"",""ي""]},{""position"":3,""characters"":[""ذ""]},{""position"":2,""characters"":[""ا"",""ب"",""ت"",""ج"",""ح"",""خ"",""د"",""ر"",""ز"",""س"",""ش"",""ص"",""ض"",""ط"",""ع"",""ف"",""ق"",""ك"",""ل"",""م"",""ن"",""ه"",""و"",""ي""]},{""position"":1,""characters"":[""ا"",""ب"",""ت"",""ث"",""ح"",""خ"",""د"",""ر"",""ز"",""س"",""ش"",""ص"",""ض"",""ط"",""ع"",""ف"",""ق"",""ك"",""ل"",""م"",""ن"",""و"",""ي""]},{""position"":0,""characters"":[""ء"",""ا"",""ب"",""ة"",""ت"",""ج"",""ح"",""خ"",""د"",""ر"",""ز"",""س"",""ص"",""ض"",""ط"",""ع"",""ف"",""ق"",""ل"",""م"",""ن"",""و"",""ى"",""ي""]}]","false","true","false","1","1","arc-support","SUPPORTED_SMALL_DOMAIN","4","1","1","4","1","1","[]","[""الذراع"",""الذكرى"",""قبلذلك""]","25","false","false","false"
"4f112710ab31c56a","13","en_to_ar","14","1","0011110110110/0111111111111/1111001111011/1100110110110/0110111100110/0011011011011/1111110111111/1101101101100/0110011110110/0110110110011/1101111001111/1111111111110/0110110111100","5","3","down","3","?ع?","[{""position"":0,""characters"":[""ت"",""ح"",""ص"",""ك"",""ي""]},{""position"":1,""characters"":[""ع""]},{""position"":2,""characters"":[""ا"",""ب"",""ت"",""ث"",""ح"",""خ"",""د"",""ذ"",""ر"",""ز"",""س"",""ش"",""ص"",""ض"",""ط"",""ظ"",""ع"",""ف"",""ق"",""ك"",""ل"",""م"",""ن"",""ه"",""و"",""ي""]}]","false","true","true","1","1","arc-support","SUPPORTED_SMALL_DOMAIN","3","1","1","3","1","1","[]","[""بعت"",""وعي""]","33.333333333333336","false","false","false"
"9fcd84234e6fcdc8","13","en_to_ar","14","1","0011110110110/0111111111111/1111001111011/1100110110110/0110111100110/0011011011011/1111110111111/1101101101100/0110011110110/0110110110011/1101111001111/1111111111110/0110110111100","3","5","down","4","???و","[{""position"":0,""characters"":[""ا"",""ب"",""ت"",""ح"",""د"",""ذ"",""ر"",""ز"",""س"",""ش"",""ص"",""ض"",""ط"",""ظ"",""ع"",""غ"",""ف"",""ق"",""ك"",""ل"",""م"",""ن"",""ه"",""و"",""ي""]},{""position"":1,""characters"":[""ا"",""ب"",""ر"",""س"",""ط"",""ع"",""ك"",""ل"",""ن"",""ي""]},{""position"":2,""characters"":[""ا"",""ب"",""ت"",""ح"",""د"",""ر"",""ز"",""س"",""ش"",""ص"",""ض"",""ط"",""ظ"",""ع"",""غ"",""ف"",""ق"",""ك"",""ل"",""م"",""ن"",""ه"",""و"",""ي""]},{""position"":3,""characters"":[""و""]}]","false","true","false","2","2","arc-support","SUPPORTED_SMALL_DOMAIN","14","2","2","14","2","2","[]","[""واسع"",""مايو"",""وميض"",""وكيل"",""يبدو"",""وزير"",""وحيد"",""ينمو"",""وقعت"",""وضعت"",""وصلت"",""وزعت""]","14.285714285714286","false","true","false"
"e7aa5fb9e0fa060a","13","en_to_ar","14","1","0011110110110/0111111111111/1111001111011/1100110110110/0110111100110/0011011011011/1111110111111/1101101101100/0110011110110/0110110110011/1101111001111/1111111111110/0110110111100","4","4","across","4","ب???","[{""position"":3,""characters"":[""ا"",""ت"",""ح"",""د"",""ر"",""ط"",""ك"",""ل"",""م"",""ن"",""ي""]},{""position"":2,""characters"":[""ك"",""ن""]},{""position"":1,""characters"":[""ا"",""ت"",""ح"",""د"",""ز"",""ص"",""ع"",""غ"",""ل"",""ن"",""و"",""ي""]},{""position"":0,""characters"":[""ب""]}]","false","true","false","3","3","arc-support","SUPPORTED_SMALL_DOMAIN","5","3","3","5","3","3","[]","[""اكتب"",""مكتب""]","60","false","true","false"
"ecaa0ca6f091ee08","13","en_to_ar","14","1","0011110110110/0111111111111/1111001111011/1100110110110/0110111100110/0011011011011/1111110111111/1101101101100/0110011110110/0110110110011/1101111001111/1111111111110/0110110111100","5","3","down","3","تر?","[{""position"":0,""characters"":[""ت""]},{""position"":1,""characters"":[""ر""]},{""position"":2,""characters"":[""ب"",""د"",""س"",""ص"",""م"",""و""]}]","false","true","true","1","1","arc-support","SUPPORTED_SMALL_DOMAIN","2","1","1","2","1","1","[]","[""ترس""]","50","false","false","false"
"a168dfba21b946d1","13","en_to_ar","14","1","0011110110110/0111111111111/1111001111011/1100110110110/0110111100110/0011011011011/1111110111111/1101101101100/0110011110110/0110110110011/1101111001111/1111111111110/0110110111100","5","3","down","3","تن?","[{""position"":0,""characters"":[""ت""]},{""position"":1,""characters"":[""ن""]},{""position"":2,""characters"":[""ب"",""د"",""س"",""ص"",""م"",""و""]}]","false","true","true","2","2","arc-support","SUPPORTED_SMALL_DOMAIN","3","2","2","3","2","2","[]","[""تنس""]","66.66666666666667","false","false","false"
"6578655edb2c1b22","13","en_to_ar","14","1","0011110110110/0111111111111/1111001111011/1100110110110/0110111100110/0011011011011/1111110111111/1101101101100/0110011110110/0110110110011/1101111001111/1111111111110/0110110111100","3","5","down","4","???ف","[{""position"":0,""characters"":[""ا"",""ت"",""ي""]},{""position"":1,""characters"":[""ر"",""ل""]},{""position"":2,""characters"":[""ا"",""ر"",""ك""]},{""position"":3,""characters"":[""ف""]}]","false","true","false","3","3","arc-support","SUPPORTED_SMALL_DOMAIN","5","2","2","5","2","2","[]","[""فكري"",""الكف"",""الاف""]","40","false","true","false"
"dbce4c239f7ac56b","13","en_to_ar","14","1","0011110110110/0111111111111/1111001111011/1100110110110/0110111100110/0011011011011/1111110111111/1101101101100/0110011110110/0110110110011/1101111001111/1111111111110/0110110111100","4","4","across","4","ب???","[{""position"":3,""characters"":[""ا"",""ت""]},{""position"":2,""characters"":[""ر"",""ل""]},{""position"":1,""characters"":[""ح"",""ص"",""ع"",""غ""]},{""position"":0,""characters"":[""ب""]}]","false","true","false","2","2","arc-support","SUPPORTED_SMALL_DOMAIN","4","2","2","4","2","2","[]","[""تلعب"",""العب""]","50","false","false","false"
"e410f44e80aae524","13","en_to_ar","14","1","0011110110110/0111111111111/1111001111011/1100110110110/0110111100110/0011011011011/1111110111111/1101101101100/0110011110110/0110110110011/1101111001111/1111111111110/0110110111100","5","3","down","3","تح?","[{""position"":0,""characters"":[""ت""]},{""position"":1,""characters"":[""ح""]},{""position"":2,""characters"":[""ب"",""د"",""س"",""ص"",""م"",""و""]}]","false","true","true","1","1","arc-support","SUPPORTED_SMALL_DOMAIN","2","1","1","2","1","1","[]","[""تحس""]","50","false","false","false"
"988eaf80e0319264","13","en_to_ar","14","2","0011110110110/0111111111111/1111001111011/1100110110110/0110111100110/0011011011011/1111110111111/1101101101100/0110011110110/0110110110011/1101111001111/1111111111110/0110110111100","0","3","down","3","نا?","[{""position"":0,""characters"":[""ن""]},{""position"":1,""characters"":[""ا""]},{""position"":2,""characters"":[""ب"",""ر"",""س"",""ك"",""م""]}]","false","true","false","1","1","arc-support","SUPPORTED_SMALL_DOMAIN","4","1","1","4","1","1","[]","[""نار"",""نام"",""كان""]","25","false","false","false"
"116ecd37a1eec11e","13","en_to_ar","14","2","0011110110110/0111111111111/1111001111011/1100110110110/0110111100110/0011011011011/1111110111111/1101101101100/0110011110110/0110110110011/1101111001111/1111111111110/0110110111100","0","2","across","4","ي???","[{""position"":3,""characters"":[""ت"",""ر"",""ي""]},{""position"":2,""characters"":[""س"",""ع"",""ن""]},{""position"":1,""characters"":[""ش"",""م"",""ن""]},{""position"":0,""characters"":[""ي""]}]","false","true","true","3","2","arc-support","SUPPORTED_SMALL_DOMAIN","3","2","2","3","2","2","[]","[""رسمي""]","66.66666666666667","false","false","false"
"0a77702cf3b87f20","13","en_to_ar","14","2","0011110110110/0111111111111/1111001111011/1100110110110/0110111100110/0011011011011/1111110111111/1101101101100/0110011110110/0110110110011/1101111001111/1111111111110/0110110111100","0","2","down","3","رب?","[{""position"":0,""characters"":[""ر""]},{""position"":1,""characters"":[""ب""]},{""position"":2,""characters"":[""ح"",""ص"",""ط"",""ع""]}]","false","true","false","2","2","arc-support","SUPPORTED_SMALL_DOMAIN","5","2","2","5","2","2","[]","[""عبر"",""ربط"",""ربح""]","40","false","true","false"
"44d96b17e0929a15","13","en_to_ar","15","1","0111100110110/1111101110111/1100111001111/1100110111100/1111100110110/0011111001111/1101111111011/1111001111100/0110110011111/0011110110011/1111001110011/1110111011111/0110110011110","5","9","across","4","?عا?","[{""position"":3,""characters"":[""ء"",""ب"",""ة"",""ت"",""ج"",""ح"",""خ"",""د"",""ر"",""س"",""ص"",""ط"",""ق"",""ك"",""ل"",""م"",""ن""]},{""position"":2,""characters"":[""ا""]},{""position"":1,""characters"":[""ع""]},{""position"":0,""characters"":[""ا"",""ب"",""ج"",""ح"",""خ"",""ز"",""س"",""ش"",""ظ"",""ع"",""غ"",""ق"",""ك"",""ل"",""م"",""ن"",""و""]}]","false","true","false","1","1","arc-support","SUPPORTED_SMALL_DOMAIN","4","1","1","4","1","1","[]","[""لاعب"",""شعار"",""ناعم""]","25","false","false","false"
"dd837905227c4b55","13","en_to_ar","15","1","0111100110110/1111101110111/1100111001111/1100110111100/1111100110110/0011111001111/1101111111011/1111001111100/0110110011111/0011110110011/1111001110011/1110111011111/0110110011110","5","9","across","4","?يا?","[{""position"":3,""characters"":[""ء"",""ب"",""ة"",""ت"",""ج"",""ح"",""خ"",""د"",""ر"",""س"",""ص"",""ط"",""ق"",""ك"",""ل"",""م"",""ن""]},{""position"":2,""characters"":[""ا""]},{""position"":1,""characters"":[""ي""]},{""position"":0,""characters"":[""ا"",""ب"",""ج"",""ح"",""خ"",""ز"",""س"",""ش"",""ظ"",""ع"",""غ"",""ق"",""ك"",""ل"",""م"",""ن"",""و""]}]","false","true","false","3","3","arc-support","SUPPORTED_SMALL_DOMAIN","8","3","3","8","3","3","[]","[""مايو"",""ايام"",""بيان"",""سياق"",""قياس""]","37.5","false","true","false"
"4c541f21ab73d732","13","en_to_ar","15","1","0111100110110/1111101110111/1100111001111/1100110111100/1111100110110/0011111001111/1101111111011/1111001111100/0110110011111/0011110110011/1111001110011/1110111011111/0110110011110","7","6","across","5","?ب???","[{""position"":4,""characters"":[""ا"",""ة"",""ر"",""غ"",""ل"",""م""]},{""position"":3,""characters"":[""ل"",""و"",""ي""]},{""position"":2,""characters"":[""ا"",""ح"",""س""]},{""position"":1,""characters"":[""ب""]},{""position"":0,""characters"":[""ا"",""ت"",""ح"",""ذ"",""ر"",""ط"",""م""]}]","false","true","true","3","3","arc-support","SUPPORTED_SMALL_DOMAIN","3","2","2","3","2","2","[]","[""السبت""]","66.66666666666667","false","false","false"
"e5998f6f2e54086a","13","en_to_ar","15","1","0111100110110/1111101110111/1100111001111/1100110111100/1111100110110/0011111001111/1101111111011/1111001111100/0110110011111/0011110110011/1111001110011/1110111011111/0110110011110","5","2","across","5","?????","[{""position"":4,""characters"":[""ا"",""ب"",""ت"",""ث"",""ح"",""خ"",""د"",""ر"",""ز"",""س"",""ش"",""ص"",""ض"",""ط"",""ع"",""غ"",""ف"",""ق"",""ل"",""م"",""ن"",""ي""]},{""position"":3,""characters"":[""ب"",""ت"",""ج"",""خ"",""د"",""ذ"",""ر"",""س"",""ط"",""ع"",""غ"",""ك"",""ل"",""م"",""ن"",""ه"",""و"",""ي""]},{""position"":2,""characters"":[""ا"",""خ"",""د"",""ز"",""ك"",""م"",""ي""]},{""position"":1,""characters"":[""ا"",""ب"",""ت"",""ع"",""ك"",""م"",""ن"",""ه""]},{""position"":0,""characters"":[""ح"",""ط"",""ن""]}]","false","true","false","3","3","arc-support","SUPPORTED_SMALL_DOMAIN","12","4","4","11","3","3","[""روابط""]","[""الزمن"",""الابن"",""الامن"",""طبيعي"",""بلدان"",""فتيان"",""اماكن"",""المهن""]","33.333333333333336","false","false","true"
"7fdc90053a051996","13","en_to_ar","15","1","0111100110110/1111101110111/1100111001111/1100110111100/1111100110110/0011111001111/1101111111011/1111001111100/0110110011111/0011110110011/1111001110011/1110111011111/0110110011110","5","6","down","3","??ر","[{""position"":0,""characters"":[""ط"",""ن""]},{""position"":1,""characters"":[""ب"",""و""]},{""position"":2,""characters"":[""ر""]}]","false","true","true","2","2","arc-support","SUPPORTED_SMALL_DOMAIN","3","2","2","3","2","2","[]","[""طور""]","66.66666666666667","false","false","false"
"85d48051c95cd6e7","13","en_to_ar","15","1","0111100110110/1111101110111/1100111001111/1100110111100/1111100110110/0011111001111/1101111111011/1111001111100/0110110011111/0011110110011/1111001110011/1110111011111/0110110011110","0","4","down","7","?????مل","[{""position"":0,""characters"":[""ا"",""ة""]},{""position"":1,""characters"":[""س"",""ل"",""ي""]},{""position"":2,""characters"":[""ت"",""ج"",""ع"",""ك""]},{""position"":3,""characters"":[""ب"",""ع"",""ل"",""ن"",""و""]},{""position"":4,""characters"":[""ا"",""ر"",""س"",""م""]},{""position"":5,""characters"":[""م""]},{""position"":6,""characters"":[""ل""]}]","false","true","true","1","1","arc-support","SUPPORTED_SMALL_DOMAIN","2","1","1","2","1","1","[]","[""التعامل""]","50","false","false","false"
"29990520a2bf01a2","13","en_to_ar","15","1","0111100110110/1111101110111/1100111001111/1100110111100/1111100110110/0011111001111/1101111111011/1111001111100/0110110011111/0011110110011/1111001110011/1110111011111/0110110011110","0","1","down","5","????ا","[{""position"":0,""characters"":[""ب"",""ل"",""م""]},{""position"":1,""characters"":[""ت"",""ق""]},{""position"":2,""characters"":[""ث"",""د"",""ط"",""ف"",""ك"",""ن""]},{""position"":3,""characters"":[""ل"",""م""]},{""position"":4,""characters"":[""ا""]}]","false","true","false","3","3","arc-support","SUPPORTED_SMALL_DOMAIN","4","3","3","4","3","3","[]","[""الكتل""]","75","false","false","false"
"f9823105824390bb","13","en_to_ar","15","1","0111100110110/1111101110111/1100111001111/1100110111100/1111100110110/0011111001111/1101111111011/1111001111100/0110110011111/0011110110011/1111001110011/1110111011111/0110110011110","0","4","down","7","??????ك","[{""position"":0,""characters"":[""ا"",""ب"",""ة"",""ت"",""ف"",""ك"",""و"",""ى"",""ي""]},{""position"":1,""characters"":[""ا"",""ر"",""س"",""ك"",""ل"",""ي""]},{""position"":2,""characters"":[""ا"",""ت"",""ث"",""ج"",""خ"",""د"",""ش"",""ظ"",""ع"",""ك"",""ل"",""م"",""ن"",""ى"",""ي""]},{""position"":3,""characters"":[""ا"",""ب"",""ت"",""ج"",""ح"",""د"",""ر"",""س"",""ش"",""ص"",""ط"",""ع"",""غ"",""ق"",""ك"",""ل"",""م"",""ن"",""و""]},{""position"":4,""characters"":[""ا"",""ب"",""ت"",""ج"",""د"",""ذ"",""ر"",""س"",""ش"",""ص"",""ض"",""ع"",""م"",""ه"",""و"",""ي""]},{""position"":5,""characters"":[""ا"",""ب"",""ج"",""د"",""ر"",""ز"",""ش"",""ص"",""ض"",""ف"",""ل"",""ن"",""و"",""ي""]},{""position"":6,""characters"":[""ك""]}]","false","true","false","3","3","arc-support","SUPPORTED_SMALL_DOMAIN","4","3","3","4","3","3","[]","[""بلاستيك""]","75","false","false","false"
"dfc413d24b51b788","13","en_to_ar","15","1","0111100110110/1111101110111/1100111001111/1100110111100/1111100110110/0011111001111/1101111111011/1111001111100/0110110011111/0011110110011/1111001110011/1110111011111/0110110011110","5","2","across","5","ع????","[{""position"":4,""characters"":[""ا"",""ب"",""ت"",""د"",""ر"",""ط"",""ع"",""ف"",""م"",""ن""]},{""position"":3,""characters"":[""ئ"",""ب"",""ت"",""ج"",""خ"",""ز"",""س"",""ع"",""ل"",""م"",""ن"",""و"",""ي""]},{""position"":2,""characters"":[""ب"",""ل"",""و""]},{""position"":1,""characters"":[""م"",""و""]},{""position"":0,""characters"":[""ع""]}]","false","true","true","1","1","arc-support","C_API_SAMPLING_LOSS","1","0","0","1","0","0","[]","[""عموما""]","0","true","false","false"
"93df80a4d4aefa88","13","en_to_ar","15","1","0111100110110/1111101110111/1100111001111/1100110111100/1111100110110/0011111001111/1101111111011/1111001111100/0110110011111/0011110110011/1111001110011/1110111011111/0110110011110","6","3","across","7","ر????لا","[{""position"":6,""characters"":[""ا""]},{""position"":5,""characters"":[""ل""]},{""position"":4,""characters"":[""ت"",""ع"",""م""]},{""position"":3,""characters"":[""ت"",""ح"",""س"",""ص"",""ط"",""ع"",""غ"",""ق"",""ك"",""ن""]},{""position"":2,""characters"":[""ا"",""د"",""ر"",""س"",""ش"",""ض"",""ع"",""و"",""ي""]},{""position"":1,""characters"":[""ا"",""ض"",""و""]},{""position"":0,""characters"":[""ر""]}]","false","true","false","3","3","arc-support","SUPPORTED_SMALL_DOMAIN","4","3","3","4","3","3","[]","[""المعيار""]","75","false","false","false"
"53ddc984835e4e23","13","en_to_ar","15","1","0111100110110/1111101110111/1100111001111/1100110111100/1111100110110/0011111001111/1101111111011/1111001111100/0110110011111/0011110110011/1111001110011/1110111011111/0110110011110","5","6","down","3","???","[{""position"":0,""characters"":[""ب"",""ت"",""ل"",""ن""]},{""position"":1,""characters"":[""ح"",""ك""]},{""position"":2,""characters"":[""ا"",""م""]}]","false","true","true","3","2","arc-support","SUPPORTED_SMALL_DOMAIN","3","2","2","3","2","2","[]","[""اكل""]","66.66666666666667","false","false","false"
"d8f7c9222faf839b","13","en_to_ar","15","1","0111100110110/1111101110111/1100111001111/1100110111100/1111100110110/0011111001111/1101111111011/1111001111100/0110110011111/0011110110011/1111001110011/1110111011111/0110110011110","6","8","down","7","???????","[{""position"":0,""characters"":[""ا"",""ض""]},{""position"":1,""characters"":[""ا"",""ه"",""ي""]},{""position"":2,""characters"":[""ت"",""ر"",""ع"",""ف"",""ل"",""م""]},{""position"":3,""characters"":[""ا"",""ب"",""ت"",""ج"",""ح"",""خ"",""د"",""ر"",""ز"",""س"",""ش"",""ص"",""ض"",""ط"",""ع"",""غ"",""ف"",""ق"",""ك"",""ل"",""م"",""ن"",""ه"",""و"",""ي""]},{""position"":4,""characters"":[""ا"",""ت"",""ج"",""خ"",""د"",""ذ"",""ر"",""ز"",""س"",""ش"",""ص"",""ض"",""ط"",""ظ"",""ع"",""ف"",""ق"",""ك"",""ل"",""م"",""ن"",""ه"",""و"",""ي""]},{""position"":5,""characters"":[""ا"",""ب"",""ج"",""ح"",""د"",""ر"",""ز"",""س"",""ش"",""ص"",""ض"",""ع"",""ف"",""ق"",""ك"",""ل"",""م"",""ن"",""و"",""ي""]},{""position"":6,""characters"":[""ء"",""ا"",""ب"",""ة"",""ت"",""ج"",""ح"",""خ"",""د"",""ذ"",""ر"",""س"",""ص"",""ض"",""ط"",""ع"",""ف"",""ق"",""ل"",""م"",""ن"",""ه"",""و"",""ى"",""ي""]}]","false","true","false","3","3","arc-support","SUPPORTED_SMALL_DOMAIN","5","3","3","5","3","3","[]","[""استعراض"",""التخفيض""]","60","false","true","false"
"8824f948c9923e4f","13","en_to_ar","15","1","0111100110110/1111101110111/1100111001111/1100110111100/1111100110110/0011111001111/1101111111011/1111001111100/0110110011111/0011110110011/1111001110011/1110111011111/0110110011110","0","4","down","7","?????ال","[{""position"":0,""characters"":[""ا"",""ة""]},{""position"":1,""characters"":[""س"",""ل"",""ي""]},{""position"":2,""characters"":[""ا"",""ت"",""ج"",""ك""]},{""position"":3,""characters"":[""ت"",""ع"",""ل"",""ن""]},{""position"":4,""characters"":[""ر"",""م""]},{""position"":5,""characters"":[""ا""]},{""position"":6,""characters"":[""ل""]}]","false","true","true","2","2","arc-support","SUPPORTED_SMALL_DOMAIN","3","2","2","3","2","2","[]","[""الاعمال""]","66.66666666666667","false","false","false"
"d8c9ae42c2cbff24","13","en_to_ar","15","1","0111100110110/1111101110111/1100111001111/1100110111100/1111100110110/0011111001111/1101111111011/1111001111100/0110110011111/0011110110011/1111001110011/1110111011111/0110110011110","0","1","down","5","????ي","[{""position"":0,""characters"":[""ا"",""ث"",""ل"",""ن""]},{""position"":1,""characters"":[""غ"",""ل""]},{""position"":2,""characters"":[""ا"",""ت""]},{""position"":3,""characters"":[""ف"",""ق"",""ن""]},{""position"":4,""characters"":[""ي""]}]","false","true","true","3","3","arc-support","SUPPORTED_SMALL_DOMAIN","2","1","1","2","1","1","[]","[""اغاني""]","50","false","false","false"
"4f790b2c5db9a8f6","13","en_to_ar","15","1","0111100110110/1111101110111/1100111001111/1100110111100/1111100110110/0011111001111/1101111111011/1111001111100/0110110011111/0011110110011/1111001110011/1110111011111/0110110011110","4","0","across","5","م????","[{""position"":4,""characters"":[""ب"",""ة"",""ع"",""ف"",""ل"",""م"",""ن""]},{""position"":3,""characters"":[""ج"",""ح"",""ر"",""ز"",""س"",""ك"",""م"",""و"",""ي""]},{""position"":2,""characters"":[""ا"",""ت"",""ع"",""ك""]},{""position"":1,""characters"":[""د"",""س""]},{""position"":0,""characters"":[""م""]}]","false","true","false","3","3","arc-support","SUPPORTED_SMALL_DOMAIN","4","3","3","4","3","3","[]","[""مسكين""]","75","false","false","false"
"1c81cee05ed218c2","13","en_to_ar","15","1","0111100110110/1111101110111/1100111001111/1100110111100/1111100110110/0011111001111/1101111111011/1111001111100/0110110011111/0011110110011/1111001110011/1110111011111/0110110011110","1","0","down","4","ا???","[{""position"":0,""characters"":[""ا""]},{""position"":1,""characters"":[""ا"",""ب"",""خ"",""ز"",""س"",""ع"",""ل""]},{""position"":2,""characters"":[""ب"",""ز"",""س"",""ف"",""ل"",""ه"",""ي""]},{""position"":3,""characters"":[""ة"",""م""]}]","false","true","false","3","3","arc-support","SUPPORTED_SMALL_DOMAIN","4","3","3","4","3","3","[]","[""الية""]","75","false","false","false"
"8aeb20f68e8ca9d3","13","en_to_ar","15","1","0111100110110/1111101110111/1100111001111/1100110111100/1111100110110/0011111001111/1101111111011/1111001111100/0110110011111/0011110110011/1111001110011/1110111011111/0110110011110","4","0","across","5","ر????","[{""position"":4,""characters"":[""ا"",""ب"",""ة"",""ع"",""ف"",""ل"",""م"",""ن""]},{""position"":3,""characters"":[""ج"",""ح"",""ر"",""ز"",""س"",""ك"",""ل"",""م"",""و"",""ي""]},{""position"":2,""characters"":[""ا"",""ب"",""ت"",""ع"",""ك"",""م""]},{""position"":1,""characters"":[""ح"",""د"",""س"",""ن""]},{""position"":0,""characters"":[""ر""]}]","false","true","false","2","2","arc-support","SUPPORTED_SMALL_DOMAIN","4","2","2","4","2","2","[]","[""رسمية"",""الاسر""]","50","false","false","false"
"073fb0bf9b4a63b6","13","en_to_ar","15","1","0111100110110/1111101110111/1100111001111/1100110111100/1111100110110/0011111001111/1101111111011/1111001111100/0110110011111/0011110110011/1111001110011/1110111011111/0110110011110","1","0","down","4","???ة","[{""position"":0,""characters"":[""ا"",""ب"",""ة"",""د"",""م""]},{""position"":1,""characters"":[""ب"",""ح"",""د"",""ر"",""ز"",""س"",""ع"",""ف"",""ل"",""م"",""ن"",""و""]},{""position"":2,""characters"":[""ا"",""ب"",""د"",""ع"",""ك"",""ل"",""م"",""ن""]},{""position"":3,""characters"":[""ة""]}]","false","true","false","3","3","arc-support","SUPPORTED_SMALL_DOMAIN","7","3","3","7","3","3","[]","[""دولة"",""دفعة"",""بركة"",""مرنة""]","42.857142857142854","false","true","false"
"8f21c9966ac23c17","13","en_to_ar","15","1","0111100110110/1111101110111/1100111001111/1100110111100/1111100110110/0011111001111/1101111111011/1111001111100/0110110011111/0011110110011/1111001110011/1110111011111/0110110011110","0","1","down","5","????ل","[{""position"":0,""characters"":[""ا"",""ب"",""ة"",""د"",""م""]},{""position"":1,""characters"":[""ت"",""ش"",""ل""]},{""position"":2,""characters"":[""ا"",""ص"",""ق"",""ك"",""ن"",""ه""]},{""position"":3,""characters"":[""ص"",""غ"",""ق"",""م"",""و"",""ي""]},{""position"":4,""characters"":[""ل""]}]","false","true","false","2","2","arc-support","SUPPORTED_SMALL_DOMAIN","5","2","2","5","2","2","[]","[""الاقل"",""الاصل"",""النمل""]","40","false","true","false"
"b50cae27cabdf49b","13","en_to_ar","15","1","0111100110110/1111101110111/1100111001111/1100110111100/1111100110110/0011111001111/1101111111011/1111001111100/0110110011111/0011110110011/1111001110011/1110111011111/0110110011110","0","1","down","5","ال?مل","[{""position"":0,""characters"":[""ا""]},{""position"":1,""characters"":[""ل""]},{""position"":2,""characters"":[""ا"",""ن""]},{""position"":3,""characters"":[""م""]},{""position"":4,""characters"":[""ل""]}]","false","true","true","1","1","arc-support","SUPPORTED_SMALL_DOMAIN","2","1","1","2","1","1","[]","[""النمل""]","50","false","false","false"
"e5ad8ed35fafe17a","13","en_to_ar","15","1","0111100110110/1111101110111/1100111001111/1100110111100/1111100110110/0011111001111/1101111111011/1111001111100/0110110011111/0011110110011/1111001110011/1110111011111/0110110011110","8","12","down","4","ا???","[{""position"":0,""characters"":[""ا""]},{""position"":1,""characters"":[""ل"",""م""]},{""position"":2,""characters"":[""ح"",""ز"",""س"",""ف"",""و""]},{""position"":3,""characters"":[""ب"",""ة"",""د"",""م""]}]","false","true","false","3","3","arc-support","SUPPORTED_SMALL_DOMAIN","4","3","3","4","3","3","[]","[""الحد""]","75","false","false","false"
"e5ad8ed35fafe17a","13","en_to_ar","15","1","0111100110110/1111101110111/1100111001111/1100110111100/1111100110110/0011111001111/1101111111011/1111001111100/0110110011111/0011110110011/1111001110011/1110111011111/0110110011110","12","8","across","4","???ا","[{""position"":3,""characters"":[""ا""]},{""position"":2,""characters"":[""ل"",""م""]},{""position"":1,""characters"":[""ح"",""ز"",""س"",""ف"",""و""]},{""position"":0,""characters"":[""ب"",""ة"",""د"",""م""]}]","false","true","false","3","3","arc-support","SUPPORTED_SMALL_DOMAIN","4","3","3","4","3","3","[]","[""الحد""]","75","false","false","false"
"6241db1e325e0037","13","en_to_ar","15","2","0111100110110/1111101110111/1100111001111/1100110111100/1111100110110/0011111001111/1101111111011/1111001111100/0110110011111/0011110110011/1111001110011/1110111011111/0110110011110","0","10","down","6","ش?????","[{""position"":0,""characters"":[""ش""]},{""position"":1,""characters"":[""ا"",""ب"",""ت"",""ث"",""ج"",""ح"",""خ"",""د"",""ذ"",""ر"",""ز"",""س"",""ش"",""ص"",""ط"",""ع"",""غ"",""ف"",""ق"",""ك"",""ل"",""م"",""ن"",""ه"",""و"",""ي""]},{""position"":2,""characters"":[""ؤ"",""ئ"",""ا"",""ب"",""ت"",""ث"",""ج"",""ح"",""خ"",""د"",""ذ"",""ر"",""ز"",""س"",""ش"",""ص"",""ض"",""ط"",""ظ"",""ع"",""غ"",""ف"",""ق"",""ك"",""ل"",""م"",""ن"",""ه"",""و"",""ي""]},{""position"":3,""characters"":[""ئ"",""ا"",""ب"",""ت"",""ث"",""ج"",""ح"",""خ"",""د"",""ذ"",""ر"",""ز"",""س"",""ش"",""ص"",""ض"",""ط"",""ظ"",""ع"",""غ"",""ف"",""ق"",""ك"",""ل"",""م"",""ن"",""و"",""ى"",""ي""]},{""position"":4,""characters"":[""ا"",""ب"",""ت"",""ث"",""ج"",""ح"",""خ"",""د"",""ذ"",""ر"",""ز"",""س"",""ش"",""ص"",""ط"",""ع"",""غ"",""ف"",""ق"",""ك"",""ل"",""م"",""ن"",""ه"",""و"",""ي""]},{""position"":5,""characters"":[""ا"",""ب"",""ت"",""ث"",""ج"",""ح"",""خ"",""د"",""ر"",""س"",""ش"",""ض"",""ط"",""ع"",""ف"",""ق"",""ك"",""ل"",""م"",""ن"",""ه"",""و"",""ي""]}]","false","true","false","2","2","arc-support","SUPPORTED_SMALL_DOMAIN","4","2","2","4","2","2","[]","[""شلالات"",""النقاش""]","50","false","false","false"
"5a444ef64e3b6ce2","13","en_to_ar","15","2","0111100110110/1111101110111/1100111001111/1100110111100/1111100110110/0011111001111/1101111111011/1111001111100/0110110011111/0011110110011/1111001110011/1110111011111/0110110011110","0","11","down","3","غ??","[{""position"":0,""characters"":[""غ""]},{""position"":1,""characters"":[""ا"",""ب"",""ت"",""ث"",""ج"",""ح"",""خ"",""د"",""ذ"",""ر"",""ز"",""س"",""ش"",""ص"",""ض"",""ط"",""ظ"",""ع"",""غ"",""ف"",""ق"",""ك"",""ل"",""م"",""ن"",""ه"",""و"",""ي""]},{""position"":2,""characters"":[""ا"",""ب"",""ت"",""ث"",""ج"",""ح"",""خ"",""د"",""ذ"",""ر"",""ز"",""س"",""ش"",""ص"",""ض"",""ط"",""ظ"",""ع"",""غ"",""ف"",""ق"",""ك"",""ل"",""م"",""ن"",""ه"",""و"",""ي""]}]","false","true","false","3","3","arc-support","SUPPORTED_SMALL_DOMAIN","5","3","3","5","3","3","[]","[""غرب"",""غاب""]","60","false","true","false"
"1b4f971ebba1089b","13","en_to_ar","15","2","0111100110110/1111101110111/1100111001111/1100110111100/1111100110110/0011111001111/1101111111011/1111001111100/0110110011111/0011110110011/1111001110011/1110111011111/0110110011110","1","10","across","3","??ا","[{""position"":2,""characters"":[""ا""]},{""position"":1,""characters"":[""ر"",""ن""]},{""position"":0,""characters"":[""ا"",""ب"",""ت"",""ث"",""ج"",""ح"",""خ"",""د"",""ذ"",""ر"",""ز"",""س"",""ش"",""ص"",""ض"",""ط"",""ظ"",""ع"",""غ"",""ف"",""ق"",""ك"",""ل"",""م"",""ن"",""ه"",""و"",""ي""]}]","false","true","true","2","2","arc-support","SUPPORTED_SMALL_DOMAIN","3","2","2","3","2","2","[]","[""شرا""]","66.66666666666667","false","false","false"
"d0a6f371956c0386","13","en_to_ar","15","2","0111100110110/1111101110111/1100111001111/1100110111100/1111100110110/0011111001111/1101111111011/1111001111100/0110110011111/0011110110011/1111001110011/1110111011111/0110110011110","3","7","across","4","ف???","[{""position"":3,""characters"":[""ا"",""ت"",""ج"",""ح"",""س"",""ص"",""ظ"",""ف"",""ق"",""ل"",""م"",""ي""]},{""position"":2,""characters"":[""ا"",""ت"",""ح"",""د"",""ر"",""ص"",""ط"",""ع"",""ف"",""ك"",""ل"",""ن"",""و"",""ي""]},{""position"":1,""characters"":[""ل"",""ن""]},{""position"":0,""characters"":[""ف""]}]","false","true","false","2","2","arc-support","SUPPORTED_SMALL_DOMAIN","4","2","2","4","2","2","[]","[""جولف"",""مصنف""]","50","false","false","false"
"8d07bf527cfa6c70","13","en_to_ar","15","2","0111100110110/1111101110111/1100111001111/1100110111100/1111100110110/0011111001111/1101111111011/1111001111100/0110110011111/0011110110011/1111001110011/1110111011111/0110110011110","5","9","across","4","?وا?","[{""position"":3,""characters"":[""ء"",""ب"",""ج"",""ح"",""خ"",""د"",""ر"",""ص"",""ط"",""ع"",""ل"",""م"",""ن""]},{""position"":2,""characters"":[""ا""]},{""position"":1,""characters"":[""و""]},{""position"":0,""characters"":[""ا"",""ب"",""ح"",""خ"",""ز"",""ظ"",""غ"",""ق"",""ك"",""ل"",""م"",""ن"",""و""]}]","false","true","false","3","2","arc-support","SUPPORTED_SMALL_DOMAIN","4","2","2","4","2","2","[]","[""زوار"",""خواص""]","50","false","false","false"
"cb53556e36fb0736","13","en_to_ar","15","2","0111100110110/1111101110111/1100111001111/1100110111100/1111100110110/0011111001111/1101111111011/1111001111100/0110110011111/0011110110011/1111001110011/1110111011111/0110110011110","7","6","across","5","?ا???","[{""position"":4,""characters"":[""ب"",""د""]},{""position"":3,""characters"":[""ب"",""ت"",""ح"",""ش"",""ع"",""ن"",""و""]},{""position"":2,""characters"":[""ا"",""س"",""ص"",""ع"",""ل"",""م""]},{""position"":1,""characters"":[""ا""]},{""position"":0,""characters"":[""ح"",""ر"",""ط"",""غ"",""ل"",""ن""]}]","false","true","true","2","2","arc-support","SUPPORTED_SMALL_DOMAIN","3","2","2","3","2","2","[]","[""دولار""]","66.66666666666667","false","false","false"
"6923c87f2a2cf7a3","13","en_to_ar","15","2","0111100110110/1111101110111/1100111001111/1100110111100/1111100110110/0011111001111/1101111111011/1111001111100/0110110011111/0011110110011/1111001110011/1110111011111/0110110011110","6","3","across","7","ل?????ا","[{""position"":6,""characters"":[""ا""]},{""position"":5,""characters"":[""س"",""ل""]},{""position"":4,""characters"":[""ا"",""ت"",""ج"",""ع""]},{""position"":3,""characters"":[""ب"",""ع"",""ن"",""و""]},{""position"":2,""characters"":[""ا"",""ر""]},{""position"":1,""characters"":[""ا"",""د"",""م""]},{""position"":0,""characters"":[""ل""]}]","false","true","false","3","3","arc-support","SUPPORTED_SMALL_DOMAIN","4","3","3","4","3","3","[]","[""التعامل""]","75","false","false","false"
"5ee5011b8d669e5c","13","en_to_ar","15","2","0111100110110/1111101110111/1100111001111/1100110111100/1111100110110/0011111001111/1101111111011/1111001111100/0110110011111/0011110110011/1111001110011/1110111011111/0110110011110","6","8","down","7","لا?????","[{""position"":0,""characters"":[""ل""]},{""position"":1,""characters"":[""ا""]},{""position"":2,""characters"":[""ص"",""ع"",""م"",""ي""]},{""position"":3,""characters"":[""ا"",""ت"",""د"",""ص"",""ع"",""ل"",""و""]},{""position"":4,""characters"":[""ا"",""ت"",""خ"",""س"",""ض"",""ف"",""و""]},{""position"":5,""characters"":[""ح"",""س"",""ك"",""ل"",""و""]},{""position"":6,""characters"":[""ا"",""م""]}]","false","true","true","3","2","arc-support","SUPPORTED_SMALL_DOMAIN","3","2","2","3","2","2","[]","[""الاعمال""]","66.66666666666667","false","false","false"
"e0f89110bd34967c","13","en_to_ar","15","2","0111100110110/1111101110111/1100111001111/1100110111100/1111100110110/0011111001111/1101111111011/1111001111100/0110110011111/0011110110011/1111001110011/1110111011111/0110110011110","8","12","down","4","????","[{""position"":0,""characters"":[""ع"",""ق""]},{""position"":1,""characters"":[""ب"",""ر"",""ش"",""ض"",""ق"",""ل"",""و"",""ي""]},{""position"":2,""characters"":[""ب"",""ت"",""د"",""ر"",""م"",""و""]},{""position"":3,""characters"":[""ء"",""ا"",""ة"",""ت""]}]","false","true","false","3","3","arc-support","SUPPORTED_SMALL_DOMAIN","10","3","3","10","3","3","[]","[""عضوة"",""عودة"",""عربة"",""عقدت"",""اتبع"",""توقع"",""قررت""]","30","false","true","false"
"141b5e53f8b18f22","13","en_to_ar","15","2","0111100110110/1111101110111/1100111001111/1100110111100/1111100110110/0011111001111/1101111111011/1111001111100/0110110011111/0011110110011/1111001110011/1110111011111/0110110011110","6","3","across","7","ال?ج???","[{""position"":6,""characters"":[""ب"",""ت"",""ح"",""د"",""ر"",""س"",""ن""]},{""position"":5,""characters"":[""ا"",""ب"",""د"",""ض"",""ك"",""ل"",""م"",""و""]},{""position"":4,""characters"":[""ا"",""ت"",""د"",""س"",""ش"",""ل"",""ن"",""ه"",""و""]},{""position"":3,""characters"":[""ج""]},{""position"":2,""characters"":[""س"",""ع"",""م""]},{""position"":1,""characters"":[""ل""]},{""position"":0,""characters"":[""ا""]}]","false","true","false","2","2","arc-support","SUPPORTED_SMALL_DOMAIN","4","2","2","4","2","2","[]","[""السجلات"",""المجلات""]","50","false","false","false"
"b0e78e701d2e2ac6","13","en_to_ar","15","2","0111100110110/1111101110111/1100111001111/1100110111100/1111100110110/0011111001111/1101111111011/1111001111100/0110110011111/0011110110011/1111001110011/1110111011111/0110110011110","5","2","across","5","ب????","[{""position"":4,""characters"":[""ا"",""ت"",""ح"",""ل"",""م""]},{""position"":3,""characters"":[""ا"",""ل"",""م"",""ن"",""و""]},{""position"":2,""characters"":[""ا"",""د"",""ك""]},{""position"":1,""characters"":[""و"",""ي""]},{""position"":0,""characters"":[""ب""]}]","false","true","true","1","1","arc-support","SUPPORTED_SMALL_DOMAIN","2","1","1","2","1","1","[]","[""مندوب""]","50","false","false","false"
"f2aaa9ce93b52f6d","13","en_to_ar","15","2","0111100110110/1111101110111/1100111001111/1100110111100/1111100110110/0011111001111/1101111111011/1111001111100/0110110011111/0011110110011/1111001110011/1110111011111/0110110011110","4","0","across","5","ا?و??","[{""position"":4,""characters"":[""ء"",""ا"",""ب"",""ة"",""ت"",""ث"",""ح"",""د"",""ر"",""س"",""ش"",""ض"",""ط"",""ع"",""غ"",""ف"",""ق"",""ل"",""م"",""ن"",""و"",""ي""]},{""position"":3,""characters"":[""ا"",""ب"",""ت"",""ج"",""ح"",""خ"",""د"",""ذ"",""ر"",""ز"",""س"",""ش"",""ص"",""ط"",""ع"",""غ"",""ف"",""ق"",""ك"",""ل"",""م"",""ن"",""ه"",""و"",""ي""]},{""position"":2,""characters"":[""و""]},{""position"":1,""characters"":[""ا"",""ب"",""ج"",""و""]},{""position"":0,""characters"":[""ا""]}]","true","false","true","0","0","arc-support","C_API_SAMPLING_LOSS","1","0","0","1","0","0","[]","[""اجوبة""]","0","true","false","false"
"b2966f42b6c3948e","13","en_to_ar","15","2","0111100110110/1111101110111/1100111001111/1100110111100/1111100110110/0011111001111/1101111111011/1111001111100/0110110011111/0011110110011/1111001110011/1110111011111/0110110011110","5","2","across","5","خ????","[{""position"":4,""characters"":[""ا"",""ت"",""ح"",""ر"",""ل"",""م""]},{""position"":3,""characters"":[""ا"",""ت"",""د"",""ذ"",""ط"",""ل"",""م"",""ن"",""و"",""ي""]},{""position"":2,""characters"":[""ا"",""ب"",""خ"",""د"",""ر"",""س"",""ق"",""ك"",""ل"",""م"",""ن"",""و""]},{""position"":1,""characters"":[""ا"",""ب"",""ت"",""ر"",""س"",""ع"",""ل"",""م"",""ه"",""و"",""ي""]},{""position"":0,""characters"":[""خ""]}]","false","true","false","2","2","arc-support","SUPPORTED_SMALL_DOMAIN","6","2","2","6","2","2","[]","[""خادوم"",""خوادم"",""خواتم"",""خبرات""]","33.333333333333336","false","true","false"
"a44f6f2153df43de","13","en_to_ar","15","2","0111100110110/1111101110111/1100111001111/1100110111100/1111100110110/0011111001111/1101111111011/1111001111100/0110110011111/0011110110011/1111001110011/1110111011111/0110110011110","6","3","across","7","ال?ط???","[{""position"":6,""characters"":[""ب"",""ت"",""ح"",""د"",""ر"",""س"",""ن""]},{""position"":5,""characters"":[""ا"",""ب"",""د"",""ض"",""ك"",""ل"",""م"",""و""]},{""position"":4,""characters"":[""ا"",""ت"",""د"",""س"",""ش"",""ل"",""ن"",""ه"",""و""]},{""position"":3,""characters"":[""ط""]},{""position"":2,""characters"":[""س"",""ع"",""م""]},{""position"":1,""characters"":[""ل""]},{""position"":0,""characters"":[""ا""]}]","false","true","true","1","1","arc-support","SUPPORTED_SMALL_DOMAIN","2","1","1","2","1","1","[]","[""العطلات""]","50","false","false","false"
"86dc5c6eae09d267","13","en_to_ar","15","2","0111100110110/1111101110111/1100111001111/1100110111100/1111100110110/0011111001111/1101111111011/1111001111100/0110110011111/0011110110011/1111001110011/1110111011111/0110110011110","5","2","across","5","ص????","[{""position"":4,""characters"":[""ا"",""ت"",""ح"",""ر"",""ل"",""م""]},{""position"":3,""characters"":[""ا"",""ت"",""د"",""ذ"",""ط"",""ل"",""م"",""ن"",""و"",""ي""]},{""position"":2,""characters"":[""ا"",""ب"",""خ"",""د"",""ر"",""س"",""ق"",""ك"",""ل"",""م"",""ن"",""و""]},{""position"":1,""characters"":[""ا"",""ب"",""ت"",""ر"",""س"",""ع"",""ل"",""م"",""ه"",""و"",""ي""]},{""position"":0,""characters"":[""ص""]}]","false","true","true","1","1","arc-support","SUPPORTED_SMALL_DOMAIN","3","1","1","3","1","1","[]","[""الباص"",""القرص""]","33.333333333333336","false","false","false"
"328e6d6c56a244f8","13","en_to_ar","15","2","0111100110110/1111101110111/1100111001111/1100110111100/1111100110110/0011111001111/1101111111011/1111001111100/0110110011111/0011110110011/1111001110011/1110111011111/0110110011110","5","2","across","5","بع???","[{""position"":4,""characters"":[""ا"",""ت"",""ح"",""ل"",""م""]},{""position"":3,""characters"":[""ا"",""د"",""ط"",""ل"",""م"",""ن"",""و""]},{""position"":2,""characters"":[""ا"",""س"",""ك"",""ل"",""و""]},{""position"":1,""characters"":[""ع""]},{""position"":0,""characters"":[""ب""]}]","true","false","true","0","0","arc-support","C_API_SAMPLING_LOSS","1","0","0","1","0","0","[]","[""اللعب""]","0","true","false","false"
"86dc5c6eae09d267","13","en_to_ar","15","2","0111100110110/1111101110111/1100111001111/1100110111100/1111100110110/0011111001111/1101111111011/1111001111100/0110110011111/0011110110011/1111001110011/1110111011111/0110110011110","5","2","across","5","ص????","[{""position"":4,""characters"":[""ا"",""ت"",""ح"",""ر"",""ل"",""م""]},{""position"":3,""characters"":[""ا"",""ت"",""د"",""ذ"",""ط"",""ل"",""م"",""ن"",""و"",""ي""]},{""position"":2,""characters"":[""ا"",""ب"",""خ"",""د"",""ر"",""س"",""ق"",""ك"",""ل"",""م"",""ن"",""و""]},{""position"":1,""characters"":[""ا"",""ب"",""ت"",""ر"",""س"",""ع"",""ل"",""م"",""ه"",""و"",""ي""]},{""position"":0,""characters"":[""ص""]}]","false","true","true","1","1","arc-support","SUPPORTED_SMALL_DOMAIN","3","1","1","3","1","1","[]","[""الباص"",""القرص""]","33.333333333333336","false","false","false"
"6591849aea0cb22c","13","en_to_ar","15","2","0111100110110/1111101110111/1100111001111/1100110111100/1111100110110/0011111001111/1101111111011/1111001111100/0110110011111/0011110110011/1111001110011/1110111011111/0110110011110","6","3","across","7","ال?ح???","[{""position"":6,""characters"":[""ب"",""ت"",""ح"",""د"",""ر"",""س"",""ن""]},{""position"":5,""characters"":[""ا"",""ب"",""د"",""ض"",""ك"",""ل"",""م"",""و""]},{""position"":4,""characters"":[""ا"",""ت"",""د"",""س"",""ش"",""ل"",""ن"",""ه"",""و""]},{""position"":3,""characters"":[""ح""]},{""position"":2,""characters"":[""س"",""ع"",""م""]},{""position"":1,""characters"":[""ل""]},{""position"":0,""characters"":[""ا""]}]","false","true","true","2","2","arc-support","SUPPORTED_SMALL_DOMAIN","3","2","2","3","2","2","[]","[""المحدود""]","66.66666666666667","false","false","false"
"a2354b979a12b38c","13","en_to_ar","15","2","0111100110110/1111101110111/1100111001111/1100110111100/1111100110110/0011111001111/1101111111011/1111001111100/0110110011111/0011110110011/1111001110011/1110111011111/0110110011110","0","4","down","7","?????خ?","[{""position"":0,""characters"":[""ء"",""ا"",""ب"",""ة"",""ت"",""ج"",""ح"",""خ"",""د"",""ذ"",""ر"",""س"",""ص"",""ض"",""ط"",""ع"",""ف"",""ق"",""ك"",""ل"",""م"",""ن"",""ه"",""و"",""ى"",""ي""]},{""position"":1,""characters"":[""ء"",""ا"",""ب"",""ت"",""ج"",""ح"",""خ"",""د"",""ذ"",""ر"",""ز"",""س"",""ش"",""ص"",""ض"",""ط"",""ع"",""ف"",""ق"",""ك"",""ل"",""م"",""ن"",""و"",""ي""]},{""position"":2,""characters"":[""ا"",""ب"",""ت"",""ج"",""ح"",""خ"",""د"",""ذ"",""ر"",""ز"",""س"",""ش"",""ص"",""ض"",""ط"",""ظ"",""ع"",""ف"",""ق"",""ك"",""ل"",""م"",""ن"",""ه"",""و"",""ى"",""ي""]},{""position"":3,""characters"":[""ا"",""ب"",""ت"",""ث"",""ج"",""ح"",""خ"",""د"",""ر"",""ز"",""س"",""ش"",""ص"",""ض"",""ط"",""ظ"",""ع"",""غ"",""ف"",""ق"",""ك"",""ل"",""م"",""ن"",""ه"",""و"",""ي""]},{""position"":4,""characters"":[""ا"",""ب"",""ة"",""ت"",""ث"",""ج"",""ح"",""خ"",""د"",""ذ"",""ر"",""ز"",""س"",""ش"",""ص"",""ض"",""ط"",""ع"",""ف"",""ق"",""ك"",""ل"",""م"",""ن"",""ه"",""و"",""ي""]},{""position"":5,""characters"":[""خ""]},{""position"":6,""characters"":[""ا"",""ض""]}]","false","true","true","2","2","arc-support","C_API_SAMPLING_LOSS","1","0","0","1","0","0","[]","[""اختياري""]","0","true","false","false"
"91f39fe6b168a166","13","en_to_ar","15","2","0111100110110/1111101110111/1100111001111/1100110111100/1111100110110/0011111001111/1101111111011/1111001111100/0110110011111/0011110110011/1111001110011/1110111011111/0110110011110","4","3","down","4","?ل??","[{""position"":0,""characters"":[""ا"",""ب"",""ت"",""ج"",""ح"",""خ"",""د"",""ر"",""س"",""ص"",""ض"",""ط"",""ظ"",""ع"",""غ"",""ف"",""ق"",""ك"",""ل"",""م"",""ن"",""و"",""ي""]},{""position"":1,""characters"":[""ل""]},{""position"":2,""characters"":[""ت"",""ر""]},{""position"":3,""characters"":[""ا"",""ب"",""ة"",""ت"",""ج"",""ح"",""خ"",""د"",""ر"",""ز"",""س"",""ش"",""ص"",""ظ"",""ع"",""غ"",""ف"",""ق"",""ك"",""ل"",""م"",""ن"",""ى"",""ي""]}]","false","true","false","2","2","arc-support","SUPPORTED_SMALL_DOMAIN","5","2","2","5","2","2","[]","[""التي"",""دلتا"",""الرف""]","40","false","true","false"
"77193cbf4fb81e32","13","en_to_ar","15","2","0111100110110/1111101110111/1100111001111/1100110111100/1111100110110/0011111001111/1101111111011/1111001111100/0110110011111/0011110110011/1111001110011/1110111011111/0110110011110","5","2","across","5","ط????","[{""position"":4,""characters"":[""ا"",""ت"",""ر"",""م""]},{""position"":3,""characters"":[""ا"",""ل"",""و""]},{""position"":2,""characters"":[""ا"",""م"",""و""]},{""position"":1,""characters"":[""س"",""م""]},{""position"":0,""characters"":[""ط""]}]","false","true","true","3","3","arc-support","C_API_SAMPLING_LOSS","1","0","0","1","0","0","[]","[""الوسط""]","0","true","false","false"
"2f7f5170d882492a","13","en_to_ar","15","2","0111100110110/1111101110111/1100111001111/1100110111100/1111100110110/0011111001111/1101111111011/1111001111100/0110110011111/0011110110011/1111001110011/1110111011111/0110110011110","5","2","across","5","و????","[{""position"":4,""characters"":[""ا"",""ت"",""ح"",""ر"",""ل"",""م""]},{""position"":3,""characters"":[""ا"",""ت"",""د"",""ذ"",""ط"",""ل"",""م"",""ن"",""و"",""ي""]},{""position"":2,""characters"":[""ا"",""ب"",""خ"",""د"",""ر"",""س"",""ق"",""ك"",""ل"",""م"",""ن"",""و""]},{""position"":1,""characters"":[""ا"",""ب"",""ت"",""ر"",""س"",""ع"",""ل"",""م"",""ه"",""و"",""ي""]},{""position"":0,""characters"":[""و""]}]","false","true","false","2","2","arc-support","SUPPORTED_SMALL_DOMAIN","4","2","2","4","2","2","[]","[""راديو"",""النمو""]","50","false","false","false"
"5d57fc3398a91075","13","en_to_ar","15","2","0111100110110/1111101110111/1100111001111/1100110111100/1111100110110/0011111001111/1101111111011/1111001111100/0110110011111/0011110110011/1111001110011/1110111011111/0110110011110","4","3","down","4","?ات?","[{""position"":0,""characters"":[""ب"",""ر"",""ص"",""ع"",""ن""]},{""position"":1,""characters"":[""ا""]},{""position"":2,""characters"":[""ت""]},{""position"":3,""characters"":[""ة"",""ج"",""ر"",""س"",""ق"",""ك"",""م"",""ي""]}]","false","true","true","1","1","arc-support","SUPPORTED_SMALL_DOMAIN","2","1","1","2","1","1","[]","[""ناتج""]","50","false","false","false"
"141b5e53f8b18f22","13","en_to_ar","15","2","0111100110110/1111101110111/1100111001111/1100110111100/1111100110110/0011111001111/1101111111011/1111001111100/0110110011111/0011110110011/1111001110011/1110111011111/0110110011110","6","3","across","7","ال?ج???","[{""position"":6,""characters"":[""ب"",""ت"",""ح"",""د"",""ر"",""س"",""ن""]},{""position"":5,""characters"":[""ا"",""ب"",""د"",""ض"",""ك"",""ل"",""م"",""و""]},{""position"":4,""characters"":[""ا"",""ت"",""د"",""س"",""ش"",""ل"",""ن"",""ه"",""و""]},{""position"":3,""characters"":[""ج""]},{""position"":2,""characters"":[""س"",""ع"",""م""]},{""position"":1,""characters"":[""ل""]},{""position"":0,""characters"":[""ا""]}]","false","true","false","2","2","arc-support","SUPPORTED_SMALL_DOMAIN","4","2","2","4","2","2","[]","[""السجلات"",""المجلات""]","50","false","false","false"
"b0e78e701d2e2ac6","13","en_to_ar","15","2","0111100110110/1111101110111/1100111001111/1100110111100/1111100110110/0011111001111/1101111111011/1111001111100/0110110011111/0011110110011/1111001110011/1110111011111/0110110011110","5","2","across","5","ب????","[{""position"":4,""characters"":[""ا"",""ت"",""ح"",""ل"",""م""]},{""position"":3,""characters"":[""ا"",""ل"",""م"",""ن"",""و""]},{""position"":2,""characters"":[""ا"",""د"",""ك""]},{""position"":1,""characters"":[""و"",""ي""]},{""position"":0,""characters"":[""ب""]}]","false","true","true","1","1","arc-support","SUPPORTED_SMALL_DOMAIN","2","1","1","2","1","1","[]","[""مندوب""]","50","false","false","false"
"f2aaa9ce93b52f6d","13","en_to_ar","15","2","0111100110110/1111101110111/1100111001111/1100110111100/1111100110110/0011111001111/1101111111011/1111001111100/0110110011111/0011110110011/1111001110011/1110111011111/0110110011110","4","0","across","5","ا?و??","[{""position"":4,""characters"":[""ء"",""ا"",""ب"",""ة"",""ت"",""ث"",""ح"",""د"",""ر"",""س"",""ش"",""ض"",""ط"",""ع"",""غ"",""ف"",""ق"",""ل"",""م"",""ن"",""و"",""ي""]},{""position"":3,""characters"":[""ا"",""ب"",""ت"",""ج"",""ح"",""خ"",""د"",""ذ"",""ر"",""ز"",""س"",""ش"",""ص"",""ط"",""ع"",""غ"",""ف"",""ق"",""ك"",""ل"",""م"",""ن"",""ه"",""و"",""ي""]},{""position"":2,""characters"":[""و""]},{""position"":1,""characters"":[""ا"",""ب"",""ج"",""و""]},{""position"":0,""characters"":[""ا""]}]","true","false","true","0","0","arc-support","C_API_SAMPLING_LOSS","1","0","0","1","0","0","[]","[""اجوبة""]","0","true","false","false"
"b2966f42b6c3948e","13","en_to_ar","15","2","0111100110110/1111101110111/1100111001111/1100110111100/1111100110110/0011111001111/1101111111011/1111001111100/0110110011111/0011110110011/1111001110011/1110111011111/0110110011110","5","2","across","5","خ????","[{""position"":4,""characters"":[""ا"",""ت"",""ح"",""ر"",""ل"",""م""]},{""position"":3,""characters"":[""ا"",""ت"",""د"",""ذ"",""ط"",""ل"",""م"",""ن"",""و"",""ي""]},{""position"":2,""characters"":[""ا"",""ب"",""خ"",""د"",""ر"",""س"",""ق"",""ك"",""ل"",""م"",""ن"",""و""]},{""position"":1,""characters"":[""ا"",""ب"",""ت"",""ر"",""س"",""ع"",""ل"",""م"",""ه"",""و"",""ي""]},{""position"":0,""characters"":[""خ""]}]","false","true","false","2","2","arc-support","SUPPORTED_SMALL_DOMAIN","6","2","2","6","2","2","[]","[""خادوم"",""خوادم"",""خواتم"",""خبرات""]","33.333333333333336","false","true","false"
"a44f6f2153df43de","13","en_to_ar","15","2","0111100110110/1111101110111/1100111001111/1100110111100/1111100110110/0011111001111/1101111111011/1111001111100/0110110011111/0011110110011/1111001110011/1110111011111/0110110011110","6","3","across","7","ال?ط???","[{""position"":6,""characters"":[""ب"",""ت"",""ح"",""د"",""ر"",""س"",""ن""]},{""position"":5,""characters"":[""ا"",""ب"",""د"",""ض"",""ك"",""ل"",""م"",""و""]},{""position"":4,""characters"":[""ا"",""ت"",""د"",""س"",""ش"",""ل"",""ن"",""ه"",""و""]},{""position"":3,""characters"":[""ط""]},{""position"":2,""characters"":[""س"",""ع"",""م""]},{""position"":1,""characters"":[""ل""]},{""position"":0,""characters"":[""ا""]}]","false","true","true","1","1","arc-support","SUPPORTED_SMALL_DOMAIN","2","1","1","2","1","1","[]","[""العطلات""]","50","false","false","false"
"86dc5c6eae09d267","13","en_to_ar","15","2","0111100110110/1111101110111/1100111001111/1100110111100/1111100110110/0011111001111/1101111111011/1111001111100/0110110011111/0011110110011/1111001110011/1110111011111/0110110011110","5","2","across","5","ص????","[{""position"":4,""characters"":[""ا"",""ت"",""ح"",""ر"",""ل"",""م""]},{""position"":3,""characters"":[""ا"",""ت"",""د"",""ذ"",""ط"",""ل"",""م"",""ن"",""و"",""ي""]},{""position"":2,""characters"":[""ا"",""ب"",""خ"",""د"",""ر"",""س"",""ق"",""ك"",""ل"",""م"",""ن"",""و""]},{""position"":1,""characters"":[""ا"",""ب"",""ت"",""ر"",""س"",""ع"",""ل"",""م"",""ه"",""و"",""ي""]},{""position"":0,""characters"":[""ص""]}]","false","true","true","1","1","arc-support","SUPPORTED_SMALL_DOMAIN","3","1","1","3","1","1","[]","[""الباص"",""القرص""]","33.333333333333336","false","false","false"
"328e6d6c56a244f8","13","en_to_ar","15","2","0111100110110/1111101110111/1100111001111/1100110111100/1111100110110/0011111001111/1101111111011/1111001111100/0110110011111/0011110110011/1111001110011/1110111011111/0110110011110","5","2","across","5","بع???","[{""position"":4,""characters"":[""ا"",""ت"",""ح"",""ل"",""م""]},{""position"":3,""characters"":[""ا"",""د"",""ط"",""ل"",""م"",""ن"",""و""]},{""position"":2,""characters"":[""ا"",""س"",""ك"",""ل"",""و""]},{""position"":1,""characters"":[""ع""]},{""position"":0,""characters"":[""ب""]}]","true","false","true","0","0","arc-support","C_API_SAMPLING_LOSS","1","0","0","1","0","0","[]","[""اللعب""]","0","true","false","false"
"86dc5c6eae09d267","13","en_to_ar","15","2","0111100110110/1111101110111/1100111001111/1100110111100/1111100110110/0011111001111/1101111111011/1111001111100/0110110011111/0011110110011/1111001110011/1110111011111/0110110011110","5","2","across","5","ص????","[{""position"":4,""characters"":[""ا"",""ت"",""ح"",""ر"",""ل"",""م""]},{""position"":3,""characters"":[""ا"",""ت"",""د"",""ذ"",""ط"",""ل"",""م"",""ن"",""و"",""ي""]},{""position"":2,""characters"":[""ا"",""ب"",""خ"",""د"",""ر"",""س"",""ق"",""ك"",""ل"",""م"",""ن"",""و""]},{""position"":1,""characters"":[""ا"",""ب"",""ت"",""ر"",""س"",""ع"",""ل"",""م"",""ه"",""و"",""ي""]},{""position"":0,""characters"":[""ص""]}]","false","true","true","1","1","arc-support","SUPPORTED_SMALL_DOMAIN","3","1","1","3","1","1","[]","[""الباص"",""القرص""]","33.333333333333336","false","false","false"
"6591849aea0cb22c","13","en_to_ar","15","2","0111100110110/1111101110111/1100111001111/1100110111100/1111100110110/0011111001111/1101111111011/1111001111100/0110110011111/0011110110011/1111001110011/1110111011111/0110110011110","6","3","across","7","ال?ح???","[{""position"":6,""characters"":[""ب"",""ت"",""ح"",""د"",""ر"",""س"",""ن""]},{""position"":5,""characters"":[""ا"",""ب"",""د"",""ض"",""ك"",""ل"",""م"",""و""]},{""position"":4,""characters"":[""ا"",""ت"",""د"",""س"",""ش"",""ل"",""ن"",""ه"",""و""]},{""position"":3,""characters"":[""ح""]},{""position"":2,""characters"":[""س"",""ع"",""م""]},{""position"":1,""characters"":[""ل""]},{""position"":0,""characters"":[""ا""]}]","false","true","true","2","2","arc-support","SUPPORTED_SMALL_DOMAIN","3","2","2","3","2","2","[]","[""المحدود""]","66.66666666666667","false","false","false"
"a2354b979a12b38c","13","en_to_ar","15","2","0111100110110/1111101110111/1100111001111/1100110111100/1111100110110/0011111001111/1101111111011/1111001111100/0110110011111/0011110110011/1111001110011/1110111011111/0110110011110","0","4","down","7","?????خ?","[{""position"":0,""characters"":[""ء"",""ا"",""ب"",""ة"",""ت"",""ج"",""ح"",""خ"",""د"",""ذ"",""ر"",""س"",""ص"",""ض"",""ط"",""ع"",""ف"",""ق"",""ك"",""ل"",""م"",""ن"",""ه"",""و"",""ى"",""ي""]},{""position"":1,""characters"":[""ء"",""ا"",""ب"",""ت"",""ج"",""ح"",""خ"",""د"",""ذ"",""ر"",""ز"",""س"",""ش"",""ص"",""ض"",""ط"",""ع"",""ف"",""ق"",""ك"",""ل"",""م"",""ن"",""و"",""ي""]},{""position"":2,""characters"":[""ا"",""ب"",""ت"",""ج"",""ح"",""خ"",""د"",""ذ"",""ر"",""ز"",""س"",""ش"",""ص"",""ض"",""ط"",""ظ"",""ع"",""ف"",""ق"",""ك"",""ل"",""م"",""ن"",""ه"",""و"",""ى"",""ي""]},{""position"":3,""characters"":[""ا"",""ب"",""ت"",""ث"",""ج"",""ح"",""خ"",""د"",""ر"",""ز"",""س"",""ش"",""ص"",""ض"",""ط"",""ظ"",""ع"",""غ"",""ف"",""ق"",""ك"",""ل"",""م"",""ن"",""ه"",""و"",""ي""]},{""position"":4,""characters"":[""ا"",""ب"",""ة"",""ت"",""ث"",""ج"",""ح"",""خ"",""د"",""ذ"",""ر"",""ز"",""س"",""ش"",""ص"",""ض"",""ط"",""ع"",""ف"",""ق"",""ك"",""ل"",""م"",""ن"",""ه"",""و"",""ي""]},{""position"":5,""characters"":[""خ""]},{""position"":6,""characters"":[""ا"",""ض""]}]","false","true","true","2","2","arc-support","C_API_SAMPLING_LOSS","1","0","0","1","0","0","[]","[""اختياري""]","0","true","false","false"
"91f39fe6b168a166","13","en_to_ar","15","2","0111100110110/1111101110111/1100111001111/1100110111100/1111100110110/0011111001111/1101111111011/1111001111100/0110110011111/0011110110011/1111001110011/1110111011111/0110110011110","4","3","down","4","?ل??","[{""position"":0,""characters"":[""ا"",""ب"",""ت"",""ج"",""ح"",""خ"",""د"",""ر"",""س"",""ص"",""ض"",""ط"",""ظ"",""ع"",""غ"",""ف"",""ق"",""ك"",""ل"",""م"",""ن"",""و"",""ي""]},{""position"":1,""characters"":[""ل""]},{""position"":2,""characters"":[""ت"",""ر""]},{""position"":3,""characters"":[""ا"",""ب"",""ة"",""ت"",""ج"",""ح"",""خ"",""د"",""ر"",""ز"",""س"",""ش"",""ص"",""ظ"",""ع"",""غ"",""ف"",""ق"",""ك"",""ل"",""م"",""ن"",""ى"",""ي""]}]","false","true","false","2","2","arc-support","SUPPORTED_SMALL_DOMAIN","5","2","2","5","2","2","[]","[""التي"",""دلتا"",""الرف""]","40","false","true","false"
"77193cbf4fb81e32","13","en_to_ar","15","2","0111100110110/1111101110111/1100111001111/1100110111100/1111100110110/0011111001111/1101111111011/1111001111100/0110110011111/0011110110011/1111001110011/1110111011111/0110110011110","5","2","across","5","ط????","[{""position"":4,""characters"":[""ا"",""ت"",""ر"",""م""]},{""position"":3,""characters"":[""ا"",""ل"",""و""]},{""position"":2,""characters"":[""ا"",""م"",""و""]},{""position"":1,""characters"":[""س"",""م""]},{""position"":0,""characters"":[""ط""]}]","false","true","true","3","3","arc-support","C_API_SAMPLING_LOSS","1","0","0","1","0","0","[]","[""الوسط""]","0","true","false","false"
"2f7f5170d882492a","13","en_to_ar","15","2","0111100110110/1111101110111/1100111001111/1100110111100/1111100110110/0011111001111/1101111111011/1111001111100/0110110011111/0011110110011/1111001110011/1110111011111/0110110011110","5","2","across","5","و????","[{""position"":4,""characters"":[""ا"",""ت"",""ح"",""ر"",""ل"",""م""]},{""position"":3,""characters"":[""ا"",""ت"",""د"",""ذ"",""ط"",""ل"",""م"",""ن"",""و"",""ي""]},{""position"":2,""characters"":[""ا"",""ب"",""خ"",""د"",""ر"",""س"",""ق"",""ك"",""ل"",""م"",""ن"",""و""]},{""position"":1,""characters"":[""ا"",""ب"",""ت"",""ر"",""س"",""ع"",""ل"",""م"",""ه"",""و"",""ي""]},{""position"":0,""characters"":[""و""]}]","false","true","false","2","2","arc-support","SUPPORTED_SMALL_DOMAIN","4","2","2","4","2","2","[]","[""راديو"",""النمو""]","50","false","false","false"
"4ca587298ad96edb","13","en_to_ar","20","1","1100110110110/1101111111111/1111011001111/1111100111011/1111111110110/0011011100110/1110110111011/1100110011011/0111111001100/0011001110111/1101100110011/1111111001111/1110011001110","1","3","down","5","خ????","[{""position"":0,""characters"":[""خ""]},{""position"":1,""characters"":[""ء"",""ئ"",""ا"",""ب"",""ت"",""ث"",""ج"",""ح"",""خ"",""د"",""ذ"",""ر"",""ز"",""س"",""ش"",""ص"",""ض"",""ط"",""ع"",""ف"",""ق"",""ك"",""ل"",""م"",""ن"",""و"",""ي""]},{""position"":2,""characters"":[""ئ"",""ا"",""ب"",""ت"",""ج"",""ح"",""خ"",""د"",""ذ"",""ر"",""ز"",""س"",""ش"",""ص"",""ض"",""ط"",""ع"",""ف"",""ق"",""ك"",""ل"",""م"",""ن"",""و"",""ي""]},{""position"":3,""characters"":[""ؤ"",""ئ"",""ا"",""ب"",""ت"",""ث"",""ج"",""ح"",""خ"",""د"",""ر"",""ز"",""س"",""ش"",""ص"",""ض"",""ط"",""ع"",""غ"",""ف"",""ق"",""ك"",""ل"",""م"",""ن"",""ه"",""و"",""ي""]},{""position"":4,""characters"":[""ا"",""ب"",""ت"",""ث"",""ج"",""ح"",""خ"",""د"",""ر"",""ز"",""س"",""ش"",""ص"",""ض"",""ط"",""ع"",""غ"",""ف"",""ق"",""ك"",""ل"",""م"",""ن"",""ه"",""و"",""ي""]}]","false","true","false","2","2","arc-support","SUPPORTED_SMALL_DOMAIN","13","2","2","13","2","2","[]","[""خدمات"",""خادوم"",""خرائط"",""خارجي"",""خلايا"",""خوادم"",""خطوات"",""خواتم"",""خصائص"",""خصوصا"",""خبرات""]","15.384615384615385","false","true","false"
"0694d700c9ed9a12","13","en_to_ar","20","1","1100110110110/1101111111111/1111011001111/1111100111011/1111111110110/0011011100110/1110110111011/1100110011011/0111111001100/0011001110111/1101100110011/1111111001111/1110011001110","0","5","down","3","?ل?","[{""position"":0,""characters"":[""ا"",""ح"",""ق"",""ك"",""و"",""ي""]},{""position"":1,""characters"":[""ل""]},{""position"":2,""characters"":[""ح"",""د""]}]","false","true","true","3","2","arc-support","SUPPORTED_SMALL_DOMAIN","3","2","2","3","2","2","[]","[""حلو""]","66.66666666666667","false","false","false"
"8264b9ad04134e75","13","en_to_ar","20","1","1100110110110/1101111111111/1111011001111/1111100111011/1111111110110/0011011100110/1110110111011/1100110011011/0111111001100/0011001110111/1101100110011/1111111001111/1110011001110","0","5","down","3","ول?","[{""position"":0,""characters"":[""و""]},{""position"":1,""characters"":[""ل""]},{""position"":2,""characters"":[""ح"",""د""]}]","false","true","true","2","1","arc-support","SUPPORTED_SMALL_DOMAIN","2","1","1","2","1","1","[]","[""حلو""]","50","false","false","false"
"9d2a23ec0aa9913e","13","en_to_ar","20","1","1100110110110/1101111111111/1111011001111/1111100111011/1111111110110/0011011100110/1110110111011/1100110011011/0111111001100/0011001110111/1101100110011/1111111001111/1110011001110","2","9","across","4","?ك??","[{""position"":3,""characters"":[""ا"",""ر"",""ع""]},{""position"":2,""characters"":[""ب"",""ق"",""ل"",""ن""]},{""position"":1,""characters"":[""ك""]},{""position"":0,""characters"":[""ا"",""ط"",""ل""]}]","false","true","true","1","1","arc-support","SUPPORTED_SMALL_DOMAIN","2","1","1","2","1","1","[]","[""اكبر""]","50","false","false","false"
"c6505ada5f75fd36","13","en_to_ar","20","1","1100110110110/1101111111111/1111011001111/1111100111011/1111111110110/0011011100110/1110110111011/1100110011011/0111111001100/0011001110111/1101100110011/1111111001111/1110011001110","0","10","down","3","?يل","[{""position"":0,""characters"":[""ع"",""م""]},{""position"":1,""characters"":[""ي""]},{""position"":2,""characters"":[""ل""]}]","true","false","true","0","0","arc-support","C_API_SAMPLING_LOSS","1","0","0","1","0","0","[]","[""ميل""]","0","true","false","false"
"7b9f159e28b1010e","13","en_to_ar","20","1","1100110110110/1101111111111/1111011001111/1111100111011/1111111110110/0011011100110/1110110111011/1100110011011/0111111001100/0011001110111/1101100110011/1111111001111/1110011001110","2","0","across","4","????","[{""position"":3,""characters"":[""ا"",""ب"",""ت"",""ج"",""ح"",""خ"",""د"",""ر"",""س"",""ش"",""ط"",""ع"",""ف"",""ق"",""ك"",""ل"",""م"",""ن"",""و"",""ي""]},{""position"":2,""characters"":[""ت"",""خ"",""ر"",""ش"",""ط"",""م""]},{""position"":1,""characters"":[""ا"",""ل"",""م""]},{""position"":0,""characters"":[""خ"",""ر"",""ع"",""ف""]}]","false","true","false","2","2","arc-support","SUPPORTED_SMALL_DOMAIN","10","2","2","10","2","2","[]","[""فاتح"",""مطار"",""قطار"",""خارج"",""خاتم"",""قطاع"",""عاري"",""سماع""]","20","false","true","false"
"255691f06d975be8","13","en_to_ar","20","1","1100110110110/1101111111111/1111011001111/1111100111011/1111111110110/0011011100110/1110110111011/1100110011011/0111111001100/0011001110111/1101100110011/1111111001111/1110011001110","1","3","down","5","م??ع?","[{""position"":0,""characters"":[""م""]},{""position"":1,""characters"":[""ت"",""خ"",""د"",""ر"",""س"",""ش"",""ص"",""ض"",""ع"",""ف"",""ل""]},{""position"":2,""characters"":[""ا"",""ت"",""ر"",""ع"",""ق"",""ن"",""ي""]},{""position"":3,""characters"":[""ع""]},{""position"":4,""characters"":[""ح"",""د"",""ر"",""ع"",""ف"",""م"",""ن""]}]","false","true","true","2","2","arc-support","SUPPORTED_SMALL_DOMAIN","3","2","2","3","2","2","[]","[""مستعد""]","66.66666666666667","false","false","false"
"55fb5c1dcd77e82d","13","en_to_ar","20","1","1100110110110/1101111111111/1111011001111/1111100111011/1111111110110/0011011100110/1110110111011/1100110011011/0111111001100/0011001110111/1101100110011/1111111001111/1110011001110","5","5","across","3","ز??","[{""position"":2,""characters"":[""ب"",""ح"",""ف"",""ق"",""ل"",""ن"",""و"",""ي""]},{""position"":1,""characters"":[""ا"",""ت"",""ظ"",""ق"",""ك"",""ي""]},{""position"":0,""characters"":[""ز""]}]","false","true","true","1","1","arc-support","SUPPORTED_SMALL_DOMAIN","2","1","1","2","1","1","[]","[""حيز""]","50","false","false","false"
"b2342512f3c6638a","13","en_to_ar","20","1","1100110110110/1101111111111/1111011001111/1111100111011/1111111110110/0011011100110/1110110111011/1100110011011/0111111001100/0011001110111/1101100110011/1111111001111/1110011001110","3","0","across","5","?????","[{""position"":4,""characters"":[""ب"",""ح"",""خ"",""ع"",""ف"",""ق"",""ل"",""ن"",""ي""]},{""position"":3,""characters"":[""ا"",""ت"",""ج"",""ح"",""د"",""س"",""ص"",""ع"",""ك"",""م"",""و"",""ي""]},{""position"":2,""characters"":[""ا"",""د"",""ر"",""ل"",""ن"",""و""]},{""position"":1,""characters"":[""ا"",""ت"",""ل"",""ي""]},{""position"":0,""characters"":[""ح"",""ش"",""ط"",""ل"",""و""]}]","false","true","false","1","1","arc-support","SUPPORTED_SMALL_DOMAIN","4","1","1","4","1","1","[]","[""حيوان"",""فيديو"",""يونيو""]","25","false","false","false"
"207454eebc149893","13","en_to_ar","20","1","1100110110110/1101111111111/1111011001111/1111100111011/1111111110110/0011011100110/1110110111011/1100110011011/0111111001100/0011001110111/1101100110011/1111111001111/1110011001110","0","0","down","5","???نا","[{""position"":0,""characters"":[""ث"",""ح"",""خ"",""د"",""ر"",""ص"",""ط"",""ع"",""ف"",""ك"",""ل"",""ن""]},{""position"":1,""characters"":[""ا"",""ب"",""ت"",""د"",""ر"",""س"",""ش"",""ص"",""ض"",""ع"",""ف"",""ك"",""ل"",""م"",""ن"",""ي""]},{""position"":2,""characters"":[""ت"",""د"",""ر"",""س"",""ع"",""ف"",""ق"",""ك"",""ل"",""م"",""ن"",""ي""]},{""position"":3,""characters"":[""ن""]},{""position"":4,""characters"":[""ا""]}]","false","true","true","1","1","arc-support","SUPPORTED_SMALL_DOMAIN","2","1","1","2","1","1","[]","[""انتشر""]","50","false","false","false"
"62f4ceff2ab2fad8","13","en_to_ar","20","1","1100110110110/1101111111111/1111011001111/1111100111011/1111111110110/0011011100110/1110110111011/1100110011011/0111111001100/0011001110111/1101100110011/1111111001111/1110011001110","0","1","down","5","???ال","[{""position"":0,""characters"":[""ا"",""ب"",""ت"",""م""]},{""position"":1,""characters"":[""ت"",""ح"",""ز"",""ع"",""ل"",""ن""]},{""position"":2,""characters"":[""ا"",""ج"",""ر"",""ش"",""ص"",""ع"",""ف"",""ق"",""ك"",""م"",""ن""]},{""position"":3,""characters"":[""ا""]},{""position"":4,""characters"":[""ل""]}]","false","true","true","2","2","arc-support","SUPPORTED_SMALL_DOMAIN","3","2","2","3","2","2","[]","[""المال""]","66.66666666666667","false","false","false"
"9b85a25236bceb88","13","en_to_ar","20","1","1100110110110/1101111111111/1111011001111/1111100111011/1111111110110/0011011100110/1110110111011/1100110011011/0111111001100/0011001110111/1101100110011/1111111001111/1110011001110","1","3","down","5","م??س?","[{""position"":0,""characters"":[""م""]},{""position"":1,""characters"":[""ا"",""ت"",""خ"",""د"",""ر"",""س"",""ش"",""ص"",""ض"",""ع"",""ف"",""ل"",""ن"",""و"",""ي""]},{""position"":2,""characters"":[""ا"",""ت"",""ر"",""ع"",""ق"",""ل"",""ن"",""ي""]},{""position"":3,""characters"":[""س""]},{""position"":4,""characters"":[""ا"",""ب"",""ت"",""ح"",""د"",""ر"",""ع"",""ف"",""ق"",""م"",""ن"",""ي""]}]","false","true","true","1","1","arc-support","SUPPORTED_SMALL_DOMAIN","3","1","1","3","1","1","[]","[""تسليم"",""تستلم""]","33.333333333333336","false","false","false"
"1be717b7afdf33c7","13","en_to_ar","20","1","1100110110110/1101111111111/1111011001111/1111100111011/1111111110110/0011011100110/1110110111011/1100110011011/0111111001100/0011001110111/1101100110011/1111111001111/1110011001110","2","0","across","4","????","[{""position"":3,""characters"":[""ا"",""ت"",""ر"",""ف"",""و""]},{""position"":2,""characters"":[""ت"",""ل""]},{""position"":1,""characters"":[""ا"",""د"",""ص"",""ع"",""ف"",""ي""]},{""position"":0,""characters"":[""ت"",""ن"",""و""]}]","false","true","false","3","3","arc-support","SUPPORTED_SMALL_DOMAIN","4","3","3","4","3","3","[]","[""الان""]","75","false","false","false"
"100d2030b50b87a1","13","en_to_ar","20","1","1100110110110/1101111111111/1111011001111/1111100111011/1111111110110/0011011100110/1110110111011/1100110011011/0111111001100/0011001110111/1101100110011/1111111001111/1110011001110","2","0","across","4","????","[{""position"":3,""characters"":[""ت"",""ك"",""ل""]},{""position"":2,""characters"":[""ا"",""ت"",""ر""]},{""position"":1,""characters"":[""ا"",""ح"",""د"",""ق"",""ك"",""ن""]},{""position"":0,""characters"":[""ج"",""ر"",""ل"",""ي""]}]","false","true","true","3","3","arc-support","C_API_SAMPLING_LOSS","1","0","0","1","0","0","[]","[""جنات""]","0","true","false","false"
"7cb9ac38f3281eb4","13","en_to_ar","20","1","1100110110110/1101111111111/1111011001111/1111100111011/1111111110110/0011011100110/1110110111011/1100110011011/0111111001100/0011001110111/1101100110011/1111111001111/1110011001110","3","0","across","5","?????","[{""position"":4,""characters"":[""ف"",""ق"",""ي""]},{""position"":3,""characters"":[""ئ"",""ر"",""و""]},{""position"":2,""characters"":[""ا"",""د"",""ل"",""ي""]},{""position"":1,""characters"":[""ا"",""ف"",""ق"",""ن"",""ي""]},{""position"":0,""characters"":[""ح"",""ن""]}]","false","true","true","1","1","arc-support","C_API_SAMPLING_LOSS","1","0","0","1","0","0","[]","[""حقائق""]","0","true","false","false"
"94a2401903930673","13","en_to_ar","20","1","1100110110110/1101111111111/1111011001111/1111100111011/1111111110110/0011011100110/1110110111011/1100110011011/0111111001100/0011001110111/1101100110011/1111111001111/1110011001110","2","0","across","4","????","[{""position"":3,""characters"":[""ا"",""ت"",""ج"",""د"",""ش"",""ط"",""ق"",""ل"",""م"",""ن"",""و""]},{""position"":2,""characters"":[""د"",""ص"",""ف"",""ل"",""م"",""ي""]},{""position"":1,""characters"":[""ت"",""ع"",""م""]},{""position"":0,""characters"":[""خ"",""ر"",""ف"",""ن""]}]","false","true","false","1","1","arc-support","SUPPORTED_SMALL_DOMAIN","4","1","1","4","1","1","[]","[""فعلت"",""نتفق"",""المخ""]","25","false","false","false"
"8151554601677f5d","13","en_to_ar","20","1","1100110110110/1101111111111/1111011001111/1111100111011/1111111110110/0011011100110/1110110111011/1100110011011/0111111001100/0011001110111/1101100110011/1111111001111/1110011001110","0","0","down","5","?????","[{""position"":0,""characters"":[""ش"",""ع"",""م"",""ن"",""ه""]},{""position"":1,""characters"":[""ا"",""ظ"",""ي""]},{""position"":2,""characters"":[""ر"",""م"",""و""]},{""position"":3,""characters"":[""ف"",""ي""]},{""position"":4,""characters"":[""ا"",""ة""]}]","false","true","false","3","3","arc-support","SUPPORTED_SMALL_DOMAIN","5","2","2","5","2","2","[]","[""نظرية"",""عاريا"",""نامية""]","40","false","true","false"
"9925eda0f43fae42","13","en_to_ar","20","1","1100110110110/1101111111111/1111011001111/1111100111011/1111111110110/0011011100110/1110110111011/1100110011011/0111111001100/0011001110111/1101100110011/1111111001111/1110011001110","2","2","down","5","??ح??","[{""position"":0,""characters"":[""ا"",""ب"",""ت"",""خ"",""د"",""ر"",""ص"",""ع"",""ق"",""ل"",""م"",""ن"",""ي""]},{""position"":1,""characters"":[""ا"",""ب"",""ت"",""ج"",""ح"",""ر"",""ص"",""ط"",""ع"",""ق"",""ل"",""ن"",""و"",""ي""]},{""position"":2,""characters"":[""ح""]},{""position"":3,""characters"":[""ب"",""ث"",""د"",""ر"",""ز"",""س"",""ش"",""ص"",""ط"",""ع"",""ف"",""ق"",""م""]},{""position"":4,""characters"":[""ا"",""ب"",""ة"",""ت"",""ث"",""د"",""ر"",""س"",""ش"",""ض"",""ع"",""ق"",""ل"",""م"",""ن"",""ي""]}]","false","true","false","3","3","arc-support","SUPPORTED_SMALL_DOMAIN","14","3","3","14","3","3","[]","[""متحدة"",""الحزب"",""الحقل"",""ترحيب"",""لاحقا"",""الحزم"",""الحصن"",""مرحبا"",""متحدث"",""الحبر"",""الحمل""]","21.428571428571427","false","true","false"
"4bab7b4111a4d49f","13","en_to_ar","20","1","1100110110110/1101111111111/1111011001111/1111100111011/1111111110110/0011011100110/1110110111011/1100110011011/0111111001100/0011001110111/1101100110011/1111111001111/1110011001110","3","7","down","4","سا??","[{""position"":0,""characters"":[""س""]},{""position"":1,""characters"":[""ا""]},{""position"":2,""characters"":[""ئ"",""ب"",""ج"",""ح"",""ر"",""ك""]},{""position"":3,""characters"":[""ة"",""ت"",""ر"",""ق"",""ل"",""م""]}]","false","true","false","3","3","arc-support","SUPPORTED_SMALL_DOMAIN","6","3","3","6","3","3","[]","[""سائق"",""لباس"",""ساحة""]","50","false","true","false"
"4dd104c026719fac","13","en_to_ar","20","1","1100110110110/1101111111111/1111011001111/1111100111011/1111111110110/0011011100110/1110110111011/1100110011011/0111111001100/0011001110111/1101100110011/1111111001111/1110011001110","3","0","across","5","?????","[{""position"":4,""characters"":[""ر"",""س"",""ع""]},{""position"":3,""characters"":[""ا"",""ت"",""ج"",""ص"",""ي""]},{""position"":2,""characters"":[""ب"",""ج"",""ر"",""ل"",""ن"",""و"",""ي""]},{""position"":1,""characters"":[""ا"",""ي""]},{""position"":0,""characters"":[""ا"",""ت"",""ك""]}]","false","true","false","3","3","arc-support","SUPPORTED_SMALL_DOMAIN","6","3","3","6","3","3","[]","[""تاجير"",""عاريا"",""عاليا""]","50","false","true","false"
"1eaa5eb8e12ccc83","13","en_to_ar","20","1","1100110110110/1101111111111/1111011001111/1111100111011/1111111110110/0011011100110/1110110111011/1100110011011/0111111001100/0011001110111/1101100110011/1111111001111/1110011001110","2","0","across","4","????","[{""position"":3,""characters"":[""ا"",""ت"",""م""]},{""position"":2,""characters"":[""ا"",""ج"",""ل"",""م""]},{""position"":1,""characters"":[""ا"",""ت""]},{""position"":0,""characters"":[""س"",""ع""]}]","false","true","true","1","1","arc-support","SUPPORTED_SMALL_DOMAIN","3","1","1","3","1","1","[]","[""ممتع"",""عالم""]","33.333333333333336","false","false","false"
"4f0c1b72aa051e09","13","en_to_ar","20","1","1100110110110/1101111111111/1111011001111/1111100111011/1111111110110/0011011100110/1110110111011/1100110011011/0111111001100/0011001110111/1101100110011/1111111001111/1110011001110","0","0","down","5","??ت?م","[{""position"":0,""characters"":[""د"",""ع"",""ل""]},{""position"":1,""characters"":[""ا"",""ع"",""ف"",""م""]},{""position"":2,""characters"":[""ت""]},{""position"":3,""characters"":[""ر"",""س"",""ع""]},{""position"":4,""characters"":[""م""]}]","false","true","true","2","2","arc-support","SUPPORTED_SMALL_DOMAIN","3","2","2","3","2","2","[]","[""مستعد""]","66.66666666666667","false","false","false"
"7bfef6bb34dc6f5a","13","en_to_ar","20","1","1100110110110/1101111111111/1111011001111/1111100111011/1111111110110/0011011100110/1110110111011/1100110011011/0111111001100/0011001110111/1101100110011/1111111001111/1110011001110","0","1","down","5","??م?ل","[{""position"":0,""characters"":[""ا"",""م""]},{""position"":1,""characters"":[""ع"",""ل"",""ن""]},{""position"":2,""characters"":[""م""]},{""position"":3,""characters"":[""ا"",""ج"",""ي""]},{""position"":4,""characters"":[""ل""]}]","false","true","true","1","1","arc-support","SUPPORTED_SMALL_DOMAIN","3","1","1","3","1","1","[]","[""المال"",""الميل""]","33.333333333333336","false","false","false"
"9f97e743395baa7d","13","en_to_ar","20","1","1100110110110/1101111111111/1111011001111/1111100111011/1111111110110/0011011100110/1110110111011/1100110011011/0111111001100/0011001110111/1101100110011/1111111001111/1110011001110","1","3","down","5","م??ي?","[{""position"":0,""characters"":[""م""]},{""position"":1,""characters"":[""ت"",""ث"",""ج"",""ح"",""خ"",""د"",""ر"",""س"",""ش"",""ص"",""ض"",""ع"",""ف"",""ل"",""ن"",""و"",""ي""]},{""position"":2,""characters"":[""ا"",""ت"",""ج"",""د"",""ر"",""ط"",""ع"",""ف"",""ق"",""ك"",""ن"",""ي""]},{""position"":3,""characters"":[""ي""]},{""position"":4,""characters"":[""ا"",""ب"",""ح"",""د"",""ر"",""ز"",""س"",""ع"",""ف"",""م"",""ن"",""ي""]}]","false","true","true","1","1","arc-support","SUPPORTED_SMALL_DOMAIN","2","1","1","2","1","1","[]","[""مسكين""]","50","false","false","false"
"e6fbe2692cb6dd19","13","en_to_ar","20","1","1100110110110/1101111111111/1111011001111/1111100111011/1111111110110/0011011100110/1110110111011/1100110011011/0111111001100/0011001110111/1101100110011/1111111001111/1110011001110","3","0","across","5","?د???","[{""position"":4,""characters"":[""ا"",""ت"",""د"",""ط"",""ع"",""ف"",""ق"",""ي""]},{""position"":3,""characters"":[""ب"",""ت"",""ح"",""خ"",""ع"",""ف"",""ق"",""ل"",""ن"",""و"",""ي""]},{""position"":2,""characters"":[""ا"",""ت"",""ج"",""ح"",""د"",""ش"",""ص"",""ط"",""ك"",""ل"",""و"",""ي""]},{""position"":1,""characters"":[""د""]},{""position"":0,""characters"":[""ب"",""خ"",""ق""]}]","true","false","true","0","0","arc-support","C_API_SAMPLING_LOSS","2","0","0","2","0","0","[]","[""فنادق"",""الادب""]","0","true","false","false"
"630bb6fa02d54ab1","13","en_to_ar","20","2","1100110110110/1101111111111/1111011001111/1111100111011/1111111110110/0011011100110/1110110111011/1100110011011/0111111001100/0011001110111/1101100110011/1111111001111/1110011001110","3","0","across","5","?????","[{""position"":4,""characters"":[""ا"",""ي""]},{""position"":3,""characters"":[""ئ"",""ح"",""ل""]},{""position"":2,""characters"":[""ا"",""ت"",""ل"",""ي""]},{""position"":1,""characters"":[""ر"",""ك"",""ي""]},{""position"":0,""characters"":[""ث"",""ص"",""ع"",""ف"",""ن""]}]","false","true","true","3","3","arc-support","SUPPORTED_SMALL_DOMAIN","2","1","1","2","1","1","[]","[""الترف""]","50","false","false","false"
"21d3669b2e17d55d","13","en_to_ar","20","2","1100110110110/1101111111111/1111011001111/1111100111011/1111111110110/0011011100110/1110110111011/1100110011011/0111111001100/0011001110111/1101100110011/1111111001111/1110011001110","2","0","across","4","????","[{""position"":3,""characters"":[""ر"",""ط"",""ف"",""ق"",""م""]},{""position"":2,""characters"":[""ا"",""ي""]},{""position"":1,""characters"":[""ا"",""ب"",""ر"",""ل""]},{""position"":0,""characters"":[""ا"",""د"",""ر"",""ق""]}]","false","true","false","3","3","arc-support","SUPPORTED_SMALL_DOMAIN","5","3","3","5","3","3","[]","[""طابق"",""الاف""]","60","false","true","false"
"df07d9e5db95bbfd","13","en_to_ar","20","2","1100110110110/1101111111111/1111011001111/1111100111011/1111111110110/0011011100110/1110110111011/1100110011011/0111111001100/0011001110111/1101100110011/1111111001111/1110011001110","1","3","down","5","ت??ك?","[{""position"":0,""characters"":[""ت""]},{""position"":1,""characters"":[""ا"",""ث"",""ح"",""خ"",""د"",""ذ"",""ر"",""س"",""ص"",""ط"",""ق"",""ن"",""و""]},{""position"":2,""characters"":[""ا"",""ب"",""خ"",""د"",""ر"",""ز"",""س"",""ط"",""ع"",""ف"",""ك"",""ل"",""ن"",""و"",""ي""]},{""position"":3,""characters"":[""ك""]},{""position"":4,""characters"":[""ب"",""ت"",""ث"",""خ"",""ر"",""س"",""ص"",""ض"",""ط"",""ع"",""ق"",""ل"",""م"",""ن"",""ي""]}]","false","true","true","1","1","arc-support","SUPPORTED_SMALL_DOMAIN","2","1","1","2","1","1","[]","[""تحركت""]","50","false","false","false"
"04ba8f5ee72ad435","13","en_to_ar","20","2","1100110110110/1101111111111/1111011001111/1111100111011/1111111110110/0011011100110/1110110111011/1100110011011/0111111001100/0011001110111/1101100110011/1111111001111/1110011001110","2","0","across","4","ذ???","[{""position"":3,""characters"":[""ا"",""ت"",""ط"",""و"",""ي""]},{""position"":2,""characters"":[""ا"",""ت"",""ع"",""ي""]},{""position"":1,""characters"":[""ا"",""ب"",""ت"",""ح"",""خ"",""د"",""ر"",""س"",""ص"",""ض"",""ط"",""ع"",""ف"",""ق"",""ل"",""م"",""ن"",""ي""]},{""position"":0,""characters"":[""ذ""]}]","true","false","true","0","0","arc-support","C_API_SAMPLING_LOSS","1","0","0","1","0","0","[]","[""ياخذ""]","0","true","false","false"
"072d213ed7f9aeaf","13","en_to_ar","20","2","1100110110110/1101111111111/1111011001111/1111100111011/1111111110110/0011011100110/1110110111011/1100110011011/0111111001100/0011001110111/1101100110011/1111111001111/1110011001110","0","0","down","5","????ك","[{""position"":0,""characters"":[""ب"",""ت"",""ث"",""ج"",""ح"",""خ"",""د"",""ر"",""س"",""ش"",""ص"",""ض"",""ط"",""ع"",""ف"",""ق"",""ك"",""ل"",""م"",""ن"",""ي""]},{""position"":1,""characters"":[""ب"",""ت"",""ث"",""ج"",""ح"",""خ"",""د"",""ذ"",""ر"",""ز"",""س"",""ش"",""ص"",""ض"",""ط"",""ظ"",""ع"",""غ"",""ف"",""ق"",""ك"",""ل"",""م"",""ن"",""ي""]},{""position"":2,""characters"":[""ا"",""ب"",""ت"",""ج"",""ح"",""د"",""ر"",""ز"",""س"",""ش"",""ص"",""ض"",""ط"",""ع"",""ف"",""ق"",""ك"",""ل"",""م"",""ن"",""و"",""ي""]},{""position"":3,""characters"":[""ء"",""ا"",""ب"",""ت"",""ث"",""ج"",""ح"",""د"",""ر"",""ص"",""ع"",""ف"",""ق"",""ل"",""م"",""ن"",""و"",""ي""]},{""position"":4,""characters"":[""ك""]}]","false","true","false","1","1","arc-support","SUPPORTED_SMALL_DOMAIN","4","1","1","4","1","1","[]","[""مشترك"",""تتحرك"",""تدليك""]","25","false","false","false"
"01dd65d81fdf556e","13","en_to_ar","20","2","1100110110110/1101111111111/1111011001111/1111100111011/1111111110110/0011011100110/1110110111011/1100110011011/0111111001100/0011001110111/1101100110011/1111111001111/1110011001110","2","2","down","5","??ذ??","[{""position"":0,""characters"":[""ا"",""ب"",""ت"",""ح"",""خ"",""د"",""ر"",""س"",""ص"",""ض"",""ط"",""ع"",""ف"",""ق"",""ك"",""ل"",""م"",""ن"",""ي""]},{""position"":1,""characters"":[""ا"",""ب"",""ت"",""ج"",""ح"",""د"",""ر"",""س"",""ش"",""ص"",""ط"",""ع"",""ف"",""ق"",""ك"",""ل"",""م"",""ن"",""و"",""ي""]},{""position"":2,""characters"":[""ذ""]},{""position"":3,""characters"":[""ب"",""ت"",""ث"",""ج"",""ح"",""خ"",""د"",""ذ"",""ر"",""ز"",""س"",""ش"",""ص"",""ض"",""ط"",""ظ"",""ع"",""ف"",""ق"",""ك"",""ل"",""م"",""ن"",""ي""]},{""position"":4,""characters"":[""ئ"",""ا"",""ب"",""ة"",""ت"",""ج"",""ح"",""خ"",""د"",""ر"",""س"",""ش"",""ض"",""ط"",""ع"",""ف"",""ق"",""ك"",""ل"",""م"",""ن"",""ى"",""ي""]}]","false","true","false","1","1","arc-support","SUPPORTED_SMALL_DOMAIN","8","1","1","8","1","1","[]","[""الذات"",""معذلك"",""تتذكر"",""الذكر"",""تحذير"",""الذرة"",""الذوق""]","12.5","false","true","false"
"b5e37e5dadd3cfd1","13","en_to_ar","20","2","1100110110110/1101111111111/1111011001111/1111100111011/1111111110110/0011011100110/1110110111011/1100110011011/0111111001100/0011001110111/1101100110011/1111111001111/1110011001110","1","3","down","5","ت??ن?","[{""position"":0,""characters"":[""ت""]},{""position"":1,""characters"":[""ا"",""ث"",""ح"",""خ"",""د"",""ذ"",""ر"",""س"",""ص"",""ط"",""ق"",""ن"",""و""]},{""position"":2,""characters"":[""ا"",""ب"",""خ"",""د"",""ر"",""ز"",""س"",""ط"",""ع"",""ف"",""ك"",""ل"",""ن"",""و"",""ي""]},{""position"":3,""characters"":[""ن""]},{""position"":4,""characters"":[""ب"",""ت"",""ث"",""خ"",""ر"",""س"",""ص"",""ض"",""ط"",""ع"",""ق"",""ل"",""م"",""ن"",""ي""]}]","false","true","true","1","1","arc-support","SUPPORTED_SMALL_DOMAIN","2","1","1","2","1","1","[]","[""قنوات""]","50","false","false","false"
"37a20e4baa5216fc","13","en_to_ar","20","2","1100110110110/1101111111111/1111011001111/1111100111011/1111111110110/0011011100110/1110110111011/1100110011011/0111111001100/0011001110111/1101100110011/1111111001111/1110011001110","0","0","down","5","????ن","[{""position"":0,""characters"":[""ت"",""ج"",""ح"",""ط"",""ف"",""م"",""ي""]},{""position"":1,""characters"":[""ت"",""ح"",""د"",""ذ"",""ر"",""ش"",""ل"",""ي""]},{""position"":2,""characters"":[""ا"",""ت"",""د"",""ر"",""س"",""ق"",""ي""]},{""position"":3,""characters"":[""ا"",""م""]},{""position"":4,""characters"":[""ن""]}]","false","true","false","3","3","arc-support","SUPPORTED_SMALL_DOMAIN","4","3","3","4","3","3","[]","[""ميدان""]","75","false","false","false"
"758ae0f802ffaf54","13","en_to_ar","20","2","1100110110110/1101111111111/1111011001111/1111100111011/1111111110110/0011011100110/1110110111011/1100110011011/0111111001100/0011001110111/1101100110011/1111111001111/1110011001110","5","5","across","3","ا??","[{""position"":2,""characters"":[""ا"",""ج"",""ح"",""ر"",""ع"",""ف"",""ق"",""ك"",""ل"",""ن""]},{""position"":1,""characters"":[""ت"",""ج"",""ق"",""ي""]},{""position"":0,""characters"":[""ا""]}]","false","true","true","2","2","arc-support","SUPPORTED_SMALL_DOMAIN","3","2","2","3","2","2","[]","[""حيا""]","66.66666666666667","false","false","false"
"29ffc9a6ab317719","13","en_to_ar","20","2","1100110110110/1101111111111/1111011001111/1111100111011/1111111110110/0011011100110/1110110111011/1100110011011/0111111001100/0011001110111/1101100110011/1111111001111/1110011001110","0","1","down","5","????ا","[{""position"":0,""characters"":[""ب"",""ر"",""ق"",""ل"",""م"",""ن""]},{""position"":1,""characters"":[""خ"",""ف"",""ل""]},{""position"":2,""characters"":[""ب"",""د"",""ق""]},{""position"":3,""characters"":[""ب"",""ل"",""ن""]},{""position"":4,""characters"":[""ا""]}]","false","true","true","2","2","arc-support","SUPPORTED_SMALL_DOMAIN","3","2","2","3","2","2","[]","[""الدخل""]","66.66666666666667","false","false","false"
"2966b4307ae912e6","13","en_to_ar","20","2","1100110110110/1101111111111/1111011001111/1111100111011/1111111110110/0011011100110/1110110111011/1100110011011/0111111001100/0011001110111/1101100110011/1111111001111/1110011001110","2","2","down","5","??ر??","[{""position"":0,""characters"":[""ب"",""م""]},{""position"":1,""characters"":[""ا"",""ح"",""د"",""ط"",""ي""]},{""position"":2,""characters"":[""ر""]},{""position"":3,""characters"":[""د"",""ر"",""ل""]},{""position"":4,""characters"":[""ا"",""ة"",""ت"",""خ"",""س"",""ط""]}]","false","true","false","2","2","arc-support","SUPPORTED_SMALL_DOMAIN","4","2","2","4","2","2","[]","[""باردة"",""تدريب""]","50","false","false","false"
"b5e37e5dadd3cfd1","13","en_to_ar","20","2","1100110110110/1101111111111/1111011001111/1111100111011/1111111110110/0011011100110/1110110111011/1100110011011/0111111001100/0011001110111/1101100110011/1111111001111/1110011001110","1","3","down","5","ت??ن?","[{""position"":0,""characters"":[""ت""]},{""position"":1,""characters"":[""ا"",""ث"",""ح"",""خ"",""د"",""ذ"",""ر"",""س"",""ص"",""ط"",""ق"",""ن"",""و""]},{""position"":2,""characters"":[""ا"",""ب"",""خ"",""د"",""ر"",""ز"",""س"",""ط"",""ع"",""ف"",""ك"",""ل"",""ن"",""و"",""ي""]},{""position"":3,""characters"":[""ن""]},{""position"":4,""characters"":[""ب"",""ت"",""ث"",""خ"",""ر"",""س"",""ص"",""ض"",""ط"",""ع"",""ق"",""ل"",""م"",""ن"",""ي""]}]","false","true","true","1","1","arc-support","SUPPORTED_SMALL_DOMAIN","2","1","1","2","1","1","[]","[""قنوات""]","50","false","false","false"
"1f4d110979f4035c","13","en_to_ar","20","2","1100110110110/1101111111111/1111011001111/1111100111011/1111111110110/0011011100110/1110110111011/1100110011011/0111111001100/0011001110111/1101100110011/1111111001111/1110011001110","2","0","across","4","ا???","[{""position"":3,""characters"":[""ا"",""ت"",""ح"",""د"",""ر"",""س"",""ص"",""ض"",""ط"",""ف"",""ق"",""ل"",""م"",""و"",""ي""]},{""position"":2,""characters"":[""ا"",""ت"",""ط"",""و"",""ي""]},{""position"":1,""characters"":[""ا"",""ت"",""ر"",""س"",""ع"",""ق"",""ك"",""ن""]},{""position"":0,""characters"":[""ا""]}]","false","true","false","1","1","arc-support","SUPPORTED_SMALL_DOMAIN","5","1","1","5","1","1","[]","[""اسال"",""اسود"",""اساس"",""ميتا""]","20","false","true","false"
"ec77ea0be5bfe845","13","en_to_ar","20","2","1100110110110/1101111111111/1111011001111/1111100111011/1111111110110/0011011100110/1110110111011/1100110011011/0111111001100/0011001110111/1101100110011/1111111001111/1110011001110","3","0","across","5","?و???","[{""position"":4,""characters"":[""ء"",""ا"",""ب"",""ث"",""ج"",""ح"",""د"",""ر"",""ص"",""ع"",""ف"",""ق"",""ل"",""م"",""ن"",""ي""]},{""position"":3,""characters"":[""ئ"",""ب"",""ت"",""ح"",""د"",""ر"",""س"",""ش"",""ل"",""و""]},{""position"":2,""characters"":[""ا"",""ح"",""ف"",""ك"",""ل"",""ن"",""و"",""ي""]},{""position"":1,""characters"":[""و""]},{""position"":0,""characters"":[""ب"",""ح"",""د"",""ز"",""س"",""ش"",""ف""]}]","true","false","false","0","0","arc-support","C_API_SAMPLING_LOSS","5","0","0","5","0","0","[]","[""الفوز"",""الكوب"",""اللوح"",""فوائد"",""مولود""]","0","true","false","false"
"ff76c0338b965f5c","13","en_to_ar","20","2","1100110110110/1101111111111/1111011001111/1111100111011/1111111110110/0011011100110/1110110111011/1100110011011/0111111001100/0011001110111/1101100110011/1111111001111/1110011001110","1","3","down","5","ت??ل?","[{""position"":0,""characters"":[""ت""]},{""position"":1,""characters"":[""ا"",""ث"",""ح"",""خ"",""د"",""ذ"",""ر"",""س"",""ص"",""ط"",""ق"",""ن"",""و""]},{""position"":2,""characters"":[""ا"",""ب"",""خ"",""د"",""ر"",""ز"",""س"",""ط"",""ع"",""ف"",""ك"",""ل"",""ن"",""و"",""ي""]},{""position"":3,""characters"":[""ل""]},{""position"":4,""characters"":[""ب"",""ت"",""ث"",""خ"",""ر"",""س"",""ص"",""ض"",""ط"",""ع"",""ق"",""ل"",""م"",""ن"",""ي""]}]","false","true","true","1","1","arc-support","SUPPORTED_SMALL_DOMAIN","3","1","1","3","1","1","[]","[""ملفات"",""طلبات""]","33.333333333333336","false","false","false"
"915a6c6005ab4cea","13","en_to_ar","20","2","1100110110110/1101111111111/1111011001111/1111100111011/1111111110110/0011011100110/1110110111011/1100110011011/0111111001100/0011001110111/1101100110011/1111111001111/1110011001110","4","5","down","5","ز????","[{""position"":0,""characters"":[""ز""]},{""position"":1,""characters"":[""ا"",""ب"",""ث"",""ج"",""ح"",""خ"",""د"",""ذ"",""ر"",""س"",""ص"",""ض"",""ط"",""ع"",""ف"",""ق"",""ك"",""ل"",""ن"",""و"",""ي""]},{""position"":2,""characters"":[""ب"",""ت"",""ج"",""ح"",""خ"",""د"",""ذ"",""ر"",""ز"",""س"",""ش"",""ص"",""ض"",""ط"",""ع"",""غ"",""ف"",""ق"",""ك"",""ل"",""م"",""ن"",""ي""]},{""position"":3,""characters"":[""ب"",""ت"",""ث"",""ج"",""ح"",""خ"",""د"",""ذ"",""ر"",""ز"",""س"",""ش"",""ص"",""ط"",""ظ"",""ع"",""غ"",""ف"",""ك"",""ل"",""م"",""ن"",""ي""]},{""position"":4,""characters"":[""ا"",""ب"",""ت"",""ح"",""خ"",""د"",""ر"",""س"",""ش"",""ص"",""ض"",""ط"",""ع"",""ف"",""ق"",""ك"",""ل"",""م"",""ن"",""و"",""ي""]}]","false","true","false","1","1","arc-support","SUPPORTED_SMALL_DOMAIN","8","1","1","8","1","1","[]","[""الفوز"",""تركيز"",""ممتاز"",""زوجين"",""تعزيز"",""الحجز"",""تلفاز""]","12.5","false","true","false"
"bea511c7c25ce82c","13","en_to_ar","20","2","1100110110110/1101111111111/1111011001111/1111100111011/1111111110110/0011011100110/1110110111011/1100110011011/0111111001100/0011001110111/1101100110011/1111111001111/1110011001110","2","0","across","4","خ???","[{""position"":3,""characters"":[""ا"",""ب"",""ت"",""ج"",""ح"",""د"",""ر"",""ز"",""س"",""ش"",""ص"",""ط"",""ع"",""ف"",""ق"",""ك"",""ل"",""م"",""ن"",""و"",""ي""]},{""position"":2,""characters"":[""ا"",""ر"",""ل"",""ه""]},{""position"":1,""characters"":[""ا"",""ح"",""د"",""ر"",""س"",""ط"",""ع"",""ف"",""م"",""ن"",""ي""]},{""position"":0,""characters"":[""خ""]}]","false","true","false","1","1","arc-support","SUPPORTED_SMALL_DOMAIN","7","1","1","7","1","1","[]","[""خسرت"",""خيار"",""خارج"",""خطاب"",""المخ"",""خالص""]","14.285714285714286","false","true","false"
"00c356c010a915c5","13","en_to_ar","20","2","1100110110110/1101111111111/1111011001111/1111100111011/1111111110110/0011011100110/1110110111011/1100110011011/0111111001100/0011001110111/1101100110011/1111111001111/1110011001110","0","1","down","5","????ي","[{""position"":0,""characters"":[""ب"",""ت"",""ث"",""ر"",""ط"",""م"",""ي""]},{""position"":1,""characters"":[""ث"",""ح"",""خ"",""د"",""ر"",""س"",""ش"",""ل"",""م"",""ن""]},{""position"":2,""characters"":[""ا"",""ط"",""و"",""ي""]},{""position"":3,""characters"":[""ئ"",""د"",""ر"",""س"",""ش"",""ل"",""و""]},{""position"":4,""characters"":[""ي""]}]","false","true","false","3","3","arc-support","SUPPORTED_SMALL_DOMAIN","4","3","3","4","3","3","[]","[""رمادي""]","75","false","false","false"
"22197a217dd7ce1e","13","en_to_ar","20","2","1100110110110/1101111111111/1111011001111/1111100111011/1111111110110/0011011100110/1110110111011/1100110011011/0111111001100/0011001110111/1101100110011/1111111001111/1110011001110","1","3","down","5","ت??ي?","[{""position"":0,""characters"":[""ت""]},{""position"":1,""characters"":[""ا"",""ح"",""خ"",""د"",""ر"",""س"",""ط"",""ق""]},{""position"":2,""characters"":[""ع"",""ف"",""ك"",""ن"",""و"",""ي""]},{""position"":3,""characters"":[""ي""]},{""position"":4,""characters"":[""ب"",""ت"",""ث"",""خ"",""ر"",""س"",""ص"",""ط"",""ق"",""ل"",""ن""]}]","false","true","false","2","2","arc-support","SUPPORTED_SMALL_DOMAIN","4","2","2","4","2","2","[]","[""تسويق"",""تطوير""]","50","false","false","false"
"d2d0edb8bb98eef0","13","en_to_ar","20","2","1100110110110/1101111111111/1111011001111/1111100111011/1111111110110/0011011100110/1110110111011/1100110011011/0111111001100/0011001110111/1101100110011/1111111001111/1110011001110","2","0","across","4","????","[{""position"":3,""characters"":[""ر"",""ط"",""ف"",""ق"",""ل"",""م""]},{""position"":2,""characters"":[""ا"",""ي""]},{""position"":1,""characters"":[""ا"",""ب"",""ر"",""ل""]},{""position"":0,""characters"":[""ر"",""س""]}]","false","true","false","3","3","arc-support","SUPPORTED_SMALL_DOMAIN","6","3","3","6","3","3","[]","[""مارس"",""سلام"",""قياس""]","50","false","true","false"
"df07d9e5db95bbfd","13","en_to_ar","20","2","1100110110110/1101111111111/1111011001111/1111100111011/1111111110110/0011011100110/1110110111011/1100110011011/0111111001100/0011001110111/1101100110011/1111111001111/1110011001110","1","3","down","5","ت??ك?","[{""position"":0,""characters"":[""ت""]},{""position"":1,""characters"":[""ا"",""ث"",""ح"",""خ"",""د"",""ذ"",""ر"",""س"",""ص"",""ط"",""ق"",""ن"",""و""]},{""position"":2,""characters"":[""ا"",""ب"",""خ"",""د"",""ر"",""ز"",""س"",""ط"",""ع"",""ف"",""ك"",""ل"",""ن"",""و"",""ي""]},{""position"":3,""characters"":[""ك""]},{""position"":4,""characters"":[""ب"",""ت"",""ث"",""خ"",""ر"",""س"",""ص"",""ض"",""ط"",""ع"",""ق"",""ل"",""م"",""ن"",""ي""]}]","false","true","true","1","1","arc-support","SUPPORTED_SMALL_DOMAIN","2","1","1","2","1","1","[]","[""تحركت""]","50","false","false","false"
"f80e98fbaddb7c1d","13","en_to_ar","20","2","1100110110110/1101111111111/1111011001111/1111100111011/1111111110110/0011011100110/1110110111011/1100110011011/0111111001100/0011001110111/1101100110011/1111111001111/1110011001110","2","0","across","4","ذ???","[{""position"":3,""characters"":[""ا"",""ت"",""ط"",""ي""]},{""position"":2,""characters"":[""ا"",""ت"",""ع"",""ي""]},{""position"":1,""characters"":[""ا"",""ب"",""ت"",""ح"",""خ"",""د"",""ر"",""س"",""ص"",""ض"",""ط"",""ع"",""ف"",""ق"",""ل"",""م"",""ن"",""ي""]},{""position"":0,""characters"":[""ذ""]}]","true","false","true","0","0","arc-support","C_API_SAMPLING_LOSS","1","0","0","1","0","0","[]","[""ياخذ""]","0","true","false","false"
"297139c02fea37e7","13","en_to_ar","20","2","1100110110110/1101111111111/1111011001111/1111100111011/1111111110110/0011011100110/1110110111011/1100110011011/0111111001100/0011001110111/1101100110011/1111111001111/1110011001110","0","0","down","5","????ك","[{""position"":0,""characters"":[""ب"",""ت"",""ث"",""ج"",""ح"",""خ"",""د"",""ر"",""س"",""ش"",""ص"",""ض"",""ط"",""ع"",""ف"",""ق"",""ك"",""ل"",""م"",""ن"",""ي""]},{""position"":1,""characters"":[""ب"",""ت"",""ث"",""ج"",""ح"",""خ"",""د"",""ذ"",""ر"",""ز"",""س"",""ش"",""ص"",""ض"",""ط"",""ظ"",""ع"",""غ"",""ف"",""ق"",""ك"",""ل"",""م"",""ن"",""ي""]},{""position"":2,""characters"":[""ا"",""ب"",""ت"",""ج"",""ح"",""د"",""ر"",""ز"",""س"",""ش"",""ص"",""ض"",""ط"",""ع"",""ف"",""ق"",""ك"",""ل"",""م"",""ن"",""و"",""ي""]},{""position"":3,""characters"":[""ء"",""ا"",""ت"",""ج"",""د"",""ص"",""ف"",""ق"",""ل"",""م"",""ن"",""و"",""ي""]},{""position"":4,""characters"":[""ك""]}]","false","true","true","1","1","arc-support","SUPPORTED_SMALL_DOMAIN","2","1","1","2","1","1","[]","[""تدليك""]","50","false","false","false"
"01dd65d81fdf556e","13","en_to_ar","20","2","1100110110110/1101111111111/1111011001111/1111100111011/1111111110110/0011011100110/1110110111011/1100110011011/0111111001100/0011001110111/1101100110011/1111111001111/1110011001110","2","2","down","5","??ذ??","[{""position"":0,""characters"":[""ا"",""ب"",""ت"",""ح"",""خ"",""د"",""ر"",""س"",""ص"",""ض"",""ط"",""ع"",""ف"",""ق"",""ك"",""ل"",""م"",""ن"",""ي""]},{""position"":1,""characters"":[""ا"",""ب"",""ت"",""ج"",""ح"",""د"",""ر"",""س"",""ش"",""ص"",""ط"",""ع"",""ف"",""ق"",""ك"",""ل"",""م"",""ن"",""و"",""ي""]},{""position"":2,""characters"":[""ذ""]},{""position"":3,""characters"":[""ب"",""ت"",""ث"",""ج"",""ح"",""خ"",""د"",""ذ"",""ر"",""ز"",""س"",""ش"",""ص"",""ض"",""ط"",""ظ"",""ع"",""ف"",""ق"",""ك"",""ل"",""م"",""ن"",""ي""]},{""position"":4,""characters"":[""ئ"",""ا"",""ب"",""ة"",""ت"",""ج"",""ح"",""خ"",""د"",""ر"",""س"",""ش"",""ض"",""ط"",""ع"",""ف"",""ق"",""ك"",""ل"",""م"",""ن"",""ى"",""ي""]}]","false","true","false","1","1","arc-support","SUPPORTED_SMALL_DOMAIN","8","1","1","8","1","1","[]","[""الذات"",""معذلك"",""تتذكر"",""الذكر"",""تحذير"",""الذرة"",""الذوق""]","12.5","false","true","false"
"b5e37e5dadd3cfd1","13","en_to_ar","20","2","1100110110110/1101111111111/1111011001111/1111100111011/1111111110110/0011011100110/1110110111011/1100110011011/0111111001100/0011001110111/1101100110011/1111111001111/1110011001110","1","3","down","5","ت??ن?","[{""position"":0,""characters"":[""ت""]},{""position"":1,""characters"":[""ا"",""ث"",""ح"",""خ"",""د"",""ذ"",""ر"",""س"",""ص"",""ط"",""ق"",""ن"",""و""]},{""position"":2,""characters"":[""ا"",""ب"",""خ"",""د"",""ر"",""ز"",""س"",""ط"",""ع"",""ف"",""ك"",""ل"",""ن"",""و"",""ي""]},{""position"":3,""characters"":[""ن""]},{""position"":4,""characters"":[""ب"",""ت"",""ث"",""خ"",""ر"",""س"",""ص"",""ض"",""ط"",""ع"",""ق"",""ل"",""م"",""ن"",""ي""]}]","false","true","true","1","1","arc-support","SUPPORTED_SMALL_DOMAIN","2","1","1","2","1","1","[]","[""قنوات""]","50","false","false","false"
"37a20e4baa5216fc","13","en_to_ar","20","2","1100110110110/1101111111111/1111011001111/1111100111011/1111111110110/0011011100110/1110110111011/1100110011011/0111111001100/0011001110111/1101100110011/1111111001111/1110011001110","0","0","down","5","????ن","[{""position"":0,""characters"":[""ت"",""ج"",""ح"",""ط"",""ف"",""م"",""ي""]},{""position"":1,""characters"":[""ت"",""ح"",""د"",""ذ"",""ر"",""ش"",""ل"",""ي""]},{""position"":2,""characters"":[""ا"",""ت"",""د"",""ر"",""س"",""ق"",""ي""]},{""position"":3,""characters"":[""ا"",""م""]},{""position"":4,""characters"":[""ن""]}]","false","true","false","3","3","arc-support","SUPPORTED_SMALL_DOMAIN","4","3","3","4","3","3","[]","[""ميدان""]","75","false","false","false"
"758ae0f802ffaf54","13","en_to_ar","20","2","1100110110110/1101111111111/1111011001111/1111100111011/1111111110110/0011011100110/1110110111011/1100110011011/0111111001100/0011001110111/1101100110011/1111111001111/1110011001110","5","5","across","3","ا??","[{""position"":2,""characters"":[""ا"",""ج"",""ح"",""ر"",""ع"",""ف"",""ق"",""ك"",""ل"",""ن""]},{""position"":1,""characters"":[""ت"",""ج"",""ق"",""ي""]},{""position"":0,""characters"":[""ا""]}]","false","true","true","2","2","arc-support","SUPPORTED_SMALL_DOMAIN","3","2","2","3","2","2","[]","[""حيا""]","66.66666666666667","false","false","false"
"9e15a2284926f300","13","en_to_ar","20","2","1100110110110/1101111111111/1111011001111/1111100111011/1111111110110/0011011100110/1110110111011/1100110011011/0111111001100/0011001110111/1101100110011/1111111001111/1110011001110","0","1","down","5","????ا","[{""position"":0,""characters"":[""ب"",""ر"",""ق"",""ل"",""ن""]},{""position"":1,""characters"":[""خ"",""د"",""ل""]},{""position"":2,""characters"":[""ا"",""ب"",""د"",""ق""]},{""position"":3,""characters"":[""ب"",""ل"",""ن""]},{""position"":4,""characters"":[""ا""]}]","false","true","true","1","1","arc-support","SUPPORTED_SMALL_DOMAIN","3","1","1","3","1","1","[]","[""الدخل"",""الادب""]","33.333333333333336","false","false","false"
"2966b4307ae912e6","13","en_to_ar","20","2","1100110110110/1101111111111/1111011001111/1111100111011/1111111110110/0011011100110/1110110111011/1100110011011/0111111001100/0011001110111/1101100110011/1111111001111/1110011001110","2","2","down","5","??ر??","[{""position"":0,""characters"":[""ب"",""م""]},{""position"":1,""characters"":[""ا"",""ح"",""د"",""ط"",""ي""]},{""position"":2,""characters"":[""ر""]},{""position"":3,""characters"":[""د"",""ر"",""ل""]},{""position"":4,""characters"":[""ا"",""ة"",""ت"",""خ"",""س"",""ط""]}]","false","true","false","2","2","arc-support","SUPPORTED_SMALL_DOMAIN","4","2","2","4","2","2","[]","[""باردة"",""تدريب""]","50","false","false","false"
"b5e37e5dadd3cfd1","13","en_to_ar","20","2","1100110110110/1101111111111/1111011001111/1111100111011/1111111110110/0011011100110/1110110111011/1100110011011/0111111001100/0011001110111/1101100110011/1111111001111/1110011001110","1","3","down","5","ت??ن?","[{""position"":0,""characters"":[""ت""]},{""position"":1,""characters"":[""ا"",""ث"",""ح"",""خ"",""د"",""ذ"",""ر"",""س"",""ص"",""ط"",""ق"",""ن"",""و""]},{""position"":2,""characters"":[""ا"",""ب"",""خ"",""د"",""ر"",""ز"",""س"",""ط"",""ع"",""ف"",""ك"",""ل"",""ن"",""و"",""ي""]},{""position"":3,""characters"":[""ن""]},{""position"":4,""characters"":[""ب"",""ت"",""ث"",""خ"",""ر"",""س"",""ص"",""ض"",""ط"",""ع"",""ق"",""ل"",""م"",""ن"",""ي""]}]","false","true","true","1","1","arc-support","SUPPORTED_SMALL_DOMAIN","2","1","1","2","1","1","[]","[""قنوات""]","50","false","false","false"
"3d9293b9c4ad9c5d","13","en_to_ar","20","2","1100110110110/1101111111111/1111011001111/1111100111011/1111111110110/0011011100110/1110110111011/1100110011011/0111111001100/0011001110111/1101100110011/1111111001111/1110011001110","2","0","across","4","ا???","[{""position"":3,""characters"":[""ا"",""ح"",""ر"",""س"",""ص"",""ض"",""ط"",""ف"",""ق"",""ل"",""م"",""و"",""ي""]},{""position"":2,""characters"":[""ا"",""ت"",""ط"",""و"",""ي""]},{""position"":1,""characters"":[""ا"",""ت"",""ر"",""س"",""ع"",""ق"",""ك"",""ن""]},{""position"":0,""characters"":[""ا""]}]","false","true","false","1","1","arc-support","SUPPORTED_SMALL_DOMAIN","4","1","1","4","1","1","[]","[""اسال"",""اساس"",""ميتا""]","25","false","false","false"
"ca1653d2db733da8","13","en_to_ar","20","2","1100110110110/1101111111111/1111011001111/1111100111011/1111111110110/0011011100110/1110110111011/1100110011011/0111111001100/0011001110111/1101100110011/1111111001111/1110011001110","3","0","across","5","?و???","[{""position"":4,""characters"":[""ء"",""ا"",""ج"",""د"",""ص"",""ف"",""ق"",""ل"",""م"",""ن"",""ي""]},{""position"":3,""characters"":[""ئ"",""ب"",""ت"",""ح"",""د"",""ر"",""س"",""ش"",""ل"",""و""]},{""position"":2,""characters"":[""ا"",""ح"",""ف"",""ك"",""ل"",""ن"",""و"",""ي""]},{""position"":1,""characters"":[""و""]},{""position"":0,""characters"":[""ب"",""ح"",""د"",""ز"",""س"",""ش"",""ف""]}]","true","false","false","0","0","arc-support","C_API_SAMPLING_LOSS","5","0","0","5","0","0","[]","[""الفوز"",""الكوب"",""اللوح"",""فوائد"",""مولود""]","0","true","false","false"
"ff76c0338b965f5c","13","en_to_ar","20","2","1100110110110/1101111111111/1111011001111/1111100111011/1111111110110/0011011100110/1110110111011/1100110011011/0111111001100/0011001110111/1101100110011/1111111001111/1110011001110","1","3","down","5","ت??ل?","[{""position"":0,""characters"":[""ت""]},{""position"":1,""characters"":[""ا"",""ث"",""ح"",""خ"",""د"",""ذ"",""ر"",""س"",""ص"",""ط"",""ق"",""ن"",""و""]},{""position"":2,""characters"":[""ا"",""ب"",""خ"",""د"",""ر"",""ز"",""س"",""ط"",""ع"",""ف"",""ك"",""ل"",""ن"",""و"",""ي""]},{""position"":3,""characters"":[""ل""]},{""position"":4,""characters"":[""ب"",""ت"",""ث"",""خ"",""ر"",""س"",""ص"",""ض"",""ط"",""ع"",""ق"",""ل"",""م"",""ن"",""ي""]}]","false","true","true","1","1","arc-support","SUPPORTED_SMALL_DOMAIN","3","1","1","3","1","1","[]","[""ملفات"",""طلبات""]","33.333333333333336","false","false","false"
"915a6c6005ab4cea","13","en_to_ar","20","2","1100110110110/1101111111111/1111011001111/1111100111011/1111111110110/0011011100110/1110110111011/1100110011011/0111111001100/0011001110111/1101100110011/1111111001111/1110011001110","4","5","down","5","ز????","[{""position"":0,""characters"":[""ز""]},{""position"":1,""characters"":[""ا"",""ب"",""ث"",""ج"",""ح"",""خ"",""د"",""ذ"",""ر"",""س"",""ص"",""ض"",""ط"",""ع"",""ف"",""ق"",""ك"",""ل"",""ن"",""و"",""ي""]},{""position"":2,""characters"":[""ب"",""ت"",""ج"",""ح"",""خ"",""د"",""ذ"",""ر"",""ز"",""س"",""ش"",""ص"",""ض"",""ط"",""ع"",""غ"",""ف"",""ق"",""ك"",""ل"",""م"",""ن"",""ي""]},{""position"":3,""characters"":[""ب"",""ت"",""ث"",""ج"",""ح"",""خ"",""د"",""ذ"",""ر"",""ز"",""س"",""ش"",""ص"",""ط"",""ظ"",""ع"",""غ"",""ف"",""ك"",""ل"",""م"",""ن"",""ي""]},{""position"":4,""characters"":[""ا"",""ب"",""ت"",""ح"",""خ"",""د"",""ر"",""س"",""ش"",""ص"",""ض"",""ط"",""ع"",""ف"",""ق"",""ك"",""ل"",""م"",""ن"",""و"",""ي""]}]","false","true","false","1","1","arc-support","SUPPORTED_SMALL_DOMAIN","8","1","1","8","1","1","[]","[""الفوز"",""تركيز"",""ممتاز"",""زوجين"",""تعزيز"",""الحجز"",""تلفاز""]","12.5","false","true","false"
"935902f58b283f19","13","en_to_ar","20","2","1100110110110/1101111111111/1111011001111/1111100111011/1111111110110/0011011100110/1110110111011/1100110011011/0111111001100/0011001110111/1101100110011/1111111001111/1110011001110","2","0","across","4","خ???","[{""position"":3,""characters"":[""ا"",""ب"",""ت"",""ج"",""ح"",""د"",""ر"",""ز"",""س"",""ش"",""ص"",""ط"",""ع"",""ف"",""ق"",""ك"",""ل"",""م"",""ن"",""و""]},{""position"":2,""characters"":[""ا"",""ر"",""ل"",""ه""]},{""position"":1,""characters"":[""ا"",""ح"",""د"",""ر"",""س"",""ط"",""ع"",""ف"",""م"",""ن"",""ي""]},{""position"":0,""characters"":[""خ""]}]","false","true","false","1","1","arc-support","SUPPORTED_SMALL_DOMAIN","7","1","1","7","1","1","[]","[""خسرت"",""خيار"",""خارج"",""خطاب"",""المخ"",""خالص""]","14.285714285714286","false","true","false"
"3415b8f4b49a4f96","13","en_to_ar","20","2","1100110110110/1101111111111/1111011001111/1111100111011/1111111110110/0011011100110/1110110111011/1100110011011/0111111001100/0011001110111/1101100110011/1111111001111/1110011001110","0","0","down","5","????ة","[{""position"":0,""characters"":[""ب"",""خ"",""د"",""ر"",""س"",""ش"",""ص"",""ط"",""ع"",""ف"",""ق"",""م"",""ن""]},{""position"":1,""characters"":[""ب"",""ح"",""د"",""ر"",""س"",""ص"",""ظ"",""ع"",""غ"",""ف"",""ك"",""ن"",""ي""]},{""position"":2,""characters"":[""ت"",""د"",""ر"",""س"",""ض"",""ط"",""ف"",""ق"",""ل"",""م""]},{""position"":3,""characters"":[""ا"",""م"",""ي""]},{""position"":4,""characters"":[""ة""]}]","false","true","false","3","3","arc-support","SUPPORTED_SMALL_DOMAIN","13","3","3","13","3","3","[]","[""مظلمة"",""معلمة"",""محلية"",""رسمية"",""مصممة"",""نظرية"",""فعلية"",""شرقية"",""محمية"",""فردية""]","23.076923076923077","false","true","false"
"3974f434feb8235d","13","en_to_ar","20","2","1100110110110/1101111111111/1111011001111/1111100111011/1111111110110/0011011100110/1110110111011/1100110011011/0111111001100/0011001110111/1101100110011/1111111001111/1110011001110","2","2","down","5","??ك??","[{""position"":0,""characters"":[""ا"",""ب"",""ر"",""ل""]},{""position"":1,""characters"":[""ا"",""ت"",""ر""]},{""position"":2,""characters"":[""ك""]},{""position"":3,""characters"":[""ب"",""ذ"",""ر"",""ف"",""ل"",""ي""]},{""position"":4,""characters"":[""ا"",""ب"",""ت"",""ش"",""م""]}]","false","true","false","3","3","arc-support","SUPPORTED_SMALL_DOMAIN","5","3","3","5","3","3","[]","[""مبكرا"",""باكرا""]","60","false","true","false"
"985c992acea992b3","13","en_to_ar","20","2","1100110110110/1101111111111/1111011001111/1111100111011/1111111110110/0011011100110/1110110111011/1100110011011/0111111001100/0011001110111/1101100110011/1111111001111/1110011001110","3","0","across","5","?????","[{""position"":4,""characters"":[""ا"",""ي""]},{""position"":3,""characters"":[""ئ"",""ح"",""ل""]},{""position"":2,""characters"":[""ا"",""ت""]},{""position"":1,""characters"":[""ر"",""ك"",""ي""]},{""position"":0,""characters"":[""ث"",""ع"",""ف"",""ن""]}]","false","true","true","3","3","arc-support","SUPPORTED_SMALL_DOMAIN","2","1","1","2","1","1","[]","[""الترف""]","50","false","false","false"
"2f0c8175cd470c63","13","en_to_ar","20","2","1100110110110/1101111111111/1111011001111/1111100111011/1111111110110/0011011100110/1110110111011/1100110011011/0111111001100/0011001110111/1101100110011/1111111001111/1110011001110","2","0","across","4","????","[{""position"":3,""characters"":[""ر"",""ط"",""ف""]},{""position"":2,""characters"":[""ا"",""ي""]},{""position"":1,""characters"":[""ب"",""ر"",""ل""]},{""position"":0,""characters"":[""ا"",""د"",""ر"",""ق""]}]","false","true","true","3","3","arc-support","SUPPORTED_SMALL_DOMAIN","3","1","1","3","1","1","[]","[""طابق"",""الاف""]","33.333333333333336","false","false","false"
"4580b89450d8f07c","13","en_to_ar","21","1","1111001100111/1111111101111/1100110011110/1111100110011/0111001111011/1101111001100/1110110110111/0011001111011/1101111001110/1100110011111/0111100110011/1111011111111/1110011001111","0","0","across","4","ق???","[{""position"":3,""characters"":[""ة"",""ت"",""س"",""ص"",""غ"",""ق"",""م""]},{""position"":2,""characters"":[""ا"",""ح"",""س"",""م"",""ي""]},{""position"":1,""characters"":[""ا"",""ت"",""د""]},{""position"":0,""characters"":[""ق""]}]","false","true","false","3","3","arc-support","SUPPORTED_SMALL_DOMAIN","6","3","3","6","3","3","[]","[""قدمت"",""سياق"",""قديس""]","50","false","true","false"
"df69d5bcf73d6939","13","en_to_ar","21","1","1111001100111/1111111101111/1100110011110/1111100110011/0111001111011/1101111001100/1110110110111/0011001111011/1101111001110/1100110011111/0111100110011/1111011111111/1110011001111","0","1","down","7","الش????","[{""position"":0,""characters"":[""ا""]},{""position"":1,""characters"":[""ل""]},{""position"":2,""characters"":[""ش""]},{""position"":3,""characters"":[""ب"",""ت"",""ح"",""د"",""ر"",""س"",""ص"",""ط"",""ع"",""ف"",""ق"",""ل"",""ن"",""و"",""ي""]},{""position"":4,""characters"":[""ا"",""ت"",""ح"",""ز"",""ض"",""ف"",""ك"",""ل"",""ه"",""و"",""ي""]},{""position"":5,""characters"":[""ا"",""ب"",""د"",""ر"",""س"",""ش"",""ص"",""ق"",""ك"",""ل"",""م"",""ن"",""و""]},{""position"":6,""characters"":[""ب"",""ت"",""ث"",""ح"",""د"",""ر"",""ز"",""س"",""ط"",""ع"",""م"",""ن""]}]","false","true","true","1","1","arc-support","SUPPORTED_SMALL_DOMAIN","2","1","1","2","1","1","[]","[""الشركات""]","50","false","false","false"
"7fabb211bf3ef5a2","13","en_to_ar","21","1","1111001100111/1111111101111/1100110011110/1111100110011/0111001111011/1101111001100/1110110110111/0011001111011/1101111001110/1100110011111/0111100110011/1111011111111/1110011001111","3","0","across","5","???بة","[{""position"":4,""characters"":[""ة""]},{""position"":3,""characters"":[""ب""]},{""position"":2,""characters"":[""ا"",""ب"",""ج"",""د"",""ذ"",""ر"",""ص"",""ط"",""ف"",""ق"",""ك"",""ل"",""م"",""ن"",""و"",""ي""]},{""position"":1,""characters"":[""ا"",""ت"",""ث"",""ج"",""ح"",""خ"",""د"",""ر"",""ز"",""س"",""ش"",""ص"",""ع"",""ق"",""ك"",""ل"",""م"",""ن"",""ه"",""و""]},{""position"":0,""characters"":[""ا"",""ت"",""ح"",""د"",""ر"",""ش"",""ع"",""م"",""ن"",""و""]}]","false","true","false","2","2","arc-support","SUPPORTED_SMALL_DOMAIN","5","2","2","5","2","2","[]","[""تجربة"",""نقابة"",""عصابة""]","40","false","true","false"
"0c19adb701cf939c","13","en_to_ar","21","1","1111001100111/1111111101111/1100110011110/1111100110011/0111001111011/1101111001100/1110110110111/0011001111011/1101111001110/1100110011111/0111100110011/1111011111111/1110011001111","1","4","down","3","ا??","[{""position"":0,""characters"":[""ا""]},{""position"":1,""characters"":[""ر"",""ص"",""ع"",""ك"",""ل"",""م"",""ن""]},{""position"":2,""characters"":[""ا"",""م""]}]","false","true","true","3","2","arc-support","SUPPORTED_SMALL_DOMAIN","3","2","2","3","2","2","[]","[""الم""]","66.66666666666667","false","false","false"
"f1bb2545eebef06c","13","en_to_ar","21","1","1111001100111/1111111101111/1100110011110/1111100110011/0111001111011/1101111001100/1110110110111/0011001111011/1101111001110/1100110011111/0111100110011/1111011111111/1110011001111","3","3","down","3","جي?","[{""position"":0,""characters"":[""ج""]},{""position"":1,""characters"":[""ي""]},{""position"":2,""characters"":[""د"",""ش"",""ل"",""م""]}]","false","true","true","2","2","arc-support","SUPPORTED_SMALL_DOMAIN","3","2","2","3","2","2","[]","[""جيد""]","66.66666666666667","false","false","false"
"e4a4c86a09ddccf0","13","en_to_ar","21","1","1111001100111/1111111101111/1100110011110/1111100110011/0111001111011/1101111001100/1110110110111/0011001111011/1101111001110/1100110011111/0111100110011/1111011111111/1110011001111","8","4","down","3","لب?","[{""position"":0,""characters"":[""ل""]},{""position"":1,""characters"":[""ب""]},{""position"":2,""characters"":[""ا"",""ج"",""ح"",""ر"",""س"",""ط"",""ق"",""ل"",""م"",""ن""]}]","false","true","true","2","2","arc-support","SUPPORTED_SMALL_DOMAIN","3","2","2","3","2","2","[]","[""قبل""]","66.66666666666667","false","false","false"
"a23f80714fa0a39c","13","en_to_ar","21","1","1111001100111/1111111101111/1100110011110/1111100110011/0111001111011/1101111001100/1110110110111/0011001111011/1101111001110/1100110011111/0111100110011/1111011111111/1110011001111","8","1","down","5","??م??","[{""position"":0,""characters"":[""ا"",""ب"",""ت"",""ث"",""ح"",""خ"",""د"",""ذ"",""ر"",""ز"",""س"",""ش"",""ص"",""ض"",""ع"",""ف"",""ق"",""ك"",""ل"",""م"",""ن"",""ه"",""و"",""ي""]},{""position"":1,""characters"":[""ا"",""ب"",""ت"",""ث"",""ج"",""ح"",""خ"",""د"",""ذ"",""ر"",""ز"",""س"",""ش"",""ص"",""ط"",""ع"",""غ"",""ف"",""ق"",""ك"",""ل"",""م"",""ن"",""و"",""ي""]},{""position"":2,""characters"":[""م""]},{""position"":3,""characters"":[""ئ"",""ا"",""ب"",""ت"",""ج"",""ح"",""خ"",""د"",""ذ"",""ر"",""ز"",""س"",""ش"",""ص"",""ط"",""ع"",""غ"",""ف"",""ق"",""ك"",""ل"",""م"",""ن"",""و"",""ي""]},{""position"":4,""characters"":[""ا"",""ب"",""ت"",""ث"",""ح"",""خ"",""د"",""ذ"",""ر"",""ز"",""س"",""ش"",""ص"",""ض"",""ط"",""ع"",""ف"",""ق"",""ك"",""ل"",""م"",""ن"",""ه"",""و"",""ي""]}]","false","true","false","2","1","arc-support","SUPPORTED_SMALL_DOMAIN","25","1","1","25","1","1","[]","[""المال"",""تلميذ"",""المرح"",""الملك"",""المشي"",""المطر"",""الملح"",""خدمات"",""تصميم"",""الملف"",""مجموع"",""تحميل"",""يوميا"",""اعمال"",""كلمات"",""الموت"",""المسح"",""المرض"",""المدن"",""مسموح"",""الماس"",""انماط"",""الميل"",""قاموس""]","4","false","true","false"
"59fd82048b3fdffd","13","en_to_ar","21","1","1111001100111/1111111101111/1100110011110/1111100110011/0111001111011/1101111001100/1110110110111/0011001111011/1101111001110/1100110011111/0111100110011/1111011111111/1110011001111","11","0","across","4","????","[{""position"":3,""characters"":[""ا"",""ب"",""ت"",""ث"",""ج"",""ح"",""خ"",""د"",""ذ"",""ر"",""ز"",""س"",""ش"",""ص"",""ض"",""ط"",""ظ"",""ع"",""غ"",""ف"",""ق"",""ك"",""ل"",""م"",""ن"",""ه"",""و"",""ي""]},{""position"":2,""characters"":[""خ"",""ي""]},{""position"":1,""characters"":[""ا"",""ب"",""د"",""ر"",""س"",""ص"",""ع"",""ق"",""ك"",""ل"",""م"",""ن"",""ه"",""ي""]},{""position"":0,""characters"":[""ب"",""ح"",""د"",""ز"",""س"",""ش""]}]","false","true","false","3","3","arc-support","SUPPORTED_SMALL_DOMAIN","24","4","4","23","3","3","[""دليل""]","[""ساخن"",""حريق"",""سرير"",""سعيد"",""سمين"",""بدين"",""رياح"",""سنين"",""بريد"",""داخل"",""بعيد"",""بسيط"",""شريط"",""بنيت"",""شريك"",""دنيا"",""حديد"",""قياس"",""بقيت"",""بديل""]","16.666666666666668","false","false","true"
"93a14b4daa50c85b","13","en_to_ar","21","1","1111001100111/1111111101111/1100110011110/1111100110011/0111001111011/1101111001100/1110110110111/0011001111011/1101111001110/1100110011111/0111100110011/1111011111111/1110011001111","10","2","down","3","د??","[{""position"":0,""characters"":[""د""]},{""position"":1,""characters"":[""ر"",""ع"",""ق""]},{""position"":2,""characters"":[""ا"",""ب"",""ق"",""ك"",""م"",""ى""]}]","false","true","false","2","2","arc-support","SUPPORTED_SMALL_DOMAIN","4","2","2","4","2","2","[]","[""دعم"",""بعد""]","50","false","false","false"
"6d0f3fb417f9c298","13","en_to_ar","21","1","1111001100111/1111111101111/1100110011110/1111100110011/0111001111011/1101111001100/1110110110111/0011001111011/1101111001110/1100110011111/0111100110011/1111011111111/1110011001111","12","0","across","3","?ن?","[{""position"":2,""characters"":[""ت"",""د"",""ك"",""م""]},{""position"":1,""characters"":[""ن""]},{""position"":0,""characters"":[""ا"",""ب""]}]","false","true","false","3","3","arc-support","SUPPORTED_SMALL_DOMAIN","4","3","3","4","3","3","[]","[""بنك""]","75","false","false","false"
"e1170c732bba1a14","13","en_to_ar","21","1","1111001100111/1111111101111/1100110011110/1111100110011/0111001111011/1101111001100/1110110110111/0011001111011/1101111001110/1100110011111/0111100110011/1111011111111/1110011001111","1","9","across","4","????","[{""position"":3,""characters"":[""ا"",""ه""]},{""position"":2,""characters"":[""ب"",""ر"",""ف"",""ق"",""م"",""ه"",""و"",""ي""]},{""position"":1,""characters"":[""ا"",""ر"",""ط"",""ل"",""ي""]},{""position"":0,""characters"":[""ا"",""ب"",""ت"",""ث"",""ح"",""خ"",""د"",""ذ"",""ر"",""ز"",""س"",""ص"",""ض"",""ط"",""ع"",""غ"",""ف"",""ق"",""ك"",""ل"",""م"",""ن"",""و"",""ي""]}]","false","true","false","1","1","arc-support","SUPPORTED_SMALL_DOMAIN","7","1","1","7","1","1","[]","[""ثريا"",""كلوا"",""ايام"",""ابيض"",""قلبا"",""امرت""]","14.285714285714286","false","true","false"
"5f3c7aee80b3091c","13","en_to_ar","21","1","1111001100111/1111111101111/1100110011110/1111100110011/0111001111011/1101111001100/1110110110111/0011001111011/1101111001110/1100110011111/0111100110011/1111011111111/1110011001111","0","10","across","3","???","[{""position"":2,""characters"":[""ر"",""ل""]},{""position"":1,""characters"":[""ا"",""ق"",""ي""]},{""position"":0,""characters"":[""ب"",""ف"",""ن""]}]","false","true","false","3","3","arc-support","SUPPORTED_SMALL_DOMAIN","4","3","3","4","3","3","[]","[""نقر""]","75","false","false","false"
"aba039014982bbab","13","en_to_ar","21","1","1111001100111/1111111101111/1100110011110/1111100110011/0111001111011/1101111001100/1110110110111/0011001111011/1101111001110/1100110011111/0111100110011/1111011111111/1110011001111","0","10","across","3","??ر","[{""position"":2,""characters"":[""ر""]},{""position"":1,""characters"":[""ا"",""ق""]},{""position"":0,""characters"":[""ف"",""ن""]}]","false","true","true","2","2","arc-support","SUPPORTED_SMALL_DOMAIN","3","2","2","3","2","2","[]","[""نقر""]","66.66666666666667","false","false","false"
"d7e65d1c8d79efcc","13","en_to_ar","21","1","1111001100111/1111111101111/1100110011110/1111100110011/0111001111011/1101111001100/1110110110111/0011001111011/1101111001110/1100110011111/0111100110011/1111011111111/1110011001111","7","9","down","3","??ل","[{""position"":0,""characters"":[""ب"",""د"",""س"",""ع"",""ف"",""ق"",""ك"",""و"",""ى""]},{""position"":1,""characters"":[""ت"",""د"",""ر"",""م""]},{""position"":2,""characters"":[""ل""]}]","false","true","false","2","2","arc-support","SUPPORTED_SMALL_DOMAIN","4","3","3","3","2","2","[""كتل""]","[""عمل""]","75","false","false","true"
"dbdbee0f97871014","13","en_to_ar","21","1","1111001100111/1111111101111/1100110011110/1111100110011/0111001111011/1101111001100/1110110110111/0011001111011/1101111001110/1100110011111/0111100110011/1111011111111/1110011001111","12","9","across","4","را??","[{""position"":3,""characters"":[""ب"",""ن"",""ي""]},{""position"":2,""characters"":[""س"",""ط"",""ه""]},{""position"":1,""characters"":[""ا""]},{""position"":0,""characters"":[""ر""]}]","false","true","true","3","3","arc-support","SUPPORTED_SMALL_DOMAIN","3","2","2","3","2","2","[]","[""نهار""]","66.66666666666667","false","false","false"
"abcedb0f295a5fb5","13","en_to_ar","21","1","1111001100111/1111111101111/1100110011110/1111100110011/0111001111011/1101111001100/1110110110111/0011001111011/1101111001110/1100110011111/0111100110011/1111011111111/1110011001111","12","9","across","4","ءا??","[{""position"":3,""characters"":[""ا"",""ب"",""س"",""ش"",""ص"",""ع"",""ق"",""م"",""ن"",""ي""]},{""position"":2,""characters"":[""ب"",""د"",""ر"",""س"",""ط"",""غ"",""م"",""ه""]},{""position"":1,""characters"":[""ا""]},{""position"":0,""characters"":[""ء""]}]","false","true","false","2","2","arc-support","SUPPORTED_SMALL_DOMAIN","7","3","3","6","2","2","[""مساء""]","[""سماء"",""نساء"",""نداء"",""قراء""]","42.857142857142854","false","true","true"
"d4e87c6fa2182dd8","13","en_to_ar","21","1","1111001100111/1111111101111/1100110011110/1111100110011/0111001111011/1101111001100/1110110110111/0011001111011/1101111001110/1100110011111/0111100110011/1111011111111/1110011001111","9","8","down","3","ع?و","[{""position"":0,""characters"":[""ع""]},{""position"":1,""characters"":[""ا"",""ب"",""د"",""ر"",""س"",""ص"",""ض"",""ق"",""م"",""و"",""ي""]},{""position"":2,""characters"":[""و""]}]","false","true","false","2","2","arc-support","SUPPORTED_SMALL_DOMAIN","4","2","2","4","2","2","[]","[""عضو"",""وقع""]","50","false","false","false"
"eb703648f580555a","13","en_to_ar","21","1","1111001100111/1111111101111/1100110011110/1111100110011/0111001111011/1101111001100/1110110110111/0011001111011/1101111001110/1100110011111/0111100110011/1111011111111/1110011001111","12","9","across","4","تا??","[{""position"":3,""characters"":[""ا"",""ب"",""س"",""ش"",""ص"",""ع"",""ق"",""م"",""ن"",""ي""]},{""position"":2,""characters"":[""ب"",""د"",""ر"",""س"",""ط"",""غ"",""م"",""ه""]},{""position"":1,""characters"":[""ا""]},{""position"":0,""characters"":[""ت""]}]","false","true","false","2","2","arc-support","SUPPORTED_SMALL_DOMAIN","4","2","2","4","2","2","[]","[""مرات"",""بدات""]","50","false","false","false"
"a92e7a66d6e44f4a","13","en_to_ar","21","1","1111001100111/1111111101111/1100110011110/1111100110011/0111001111011/1101111001100/1110110110111/0011001111011/1101111001110/1100110011111/0111100110011/1111011111111/1110011001111","9","8","down","3","??س","[{""position"":0,""characters"":[""ا"",""د"",""م""]},{""position"":1,""characters"":[""ا"",""ب"",""ث"",""د"",""ر"",""س"",""ش"",""ص"",""ض"",""ع"",""غ"",""ق"",""ك"",""ل"",""م"",""ن"",""ه"",""و"",""ي""]},{""position"":2,""characters"":[""س""]}]","true","false","true","0","0","arc-support","C_API_SAMPLING_LOSS","1","0","0","1","0","0","[]","[""امس""]","0","true","false","false"
"469a11765d091ba2","13","en_to_ar","21","1","1111001100111/1111111101111/1100110011110/1111100110011/0111001111011/1101111001100/1110110110111/0011001111011/1101111001110/1100110011111/0111100110011/1111011111111/1110011001111","7","9","down","3","??ل","[{""position"":0,""characters"":[""د"",""س"",""ع"",""ف"",""ق"",""ك"",""و"",""ى""]},{""position"":1,""characters"":[""ت"",""د"",""ر"",""م""]},{""position"":2,""characters"":[""ل""]}]","false","true","false","2","2","arc-support","SUPPORTED_SMALL_DOMAIN","4","3","3","3","2","2","[""كتل""]","[""عمل""]","75","false","false","true"
"15f201f5a012775b","13","en_to_ar","21","1","1111001100111/1111111101111/1100110011110/1111100110011/0111001111011/1101111001100/1110110110111/0011001111011/1101111001110/1100110011111/0111100110011/1111011111111/1110011001111","7","6","across","4","???ت","[{""position"":3,""characters"":[""ت""]},{""position"":2,""characters"":[""ا"",""ب"",""ح"",""د"",""ر"",""ض"",""ط"",""ع"",""ل"",""م"",""ن""]},{""position"":1,""characters"":[""ا"",""ب"",""ت"",""د"",""ذ"",""ر"",""ض"",""ع"",""ق"",""م"",""و""]},{""position"":0,""characters"":[""س"",""ق""]}]","false","true","false","3","3","arc-support","SUPPORTED_SMALL_DOMAIN","9","3","3","9","3","3","[]","[""تحقق"",""تطبق"",""قدمت"",""سمعت"",""تلمس"",""قررت""]","33.333333333333336","false","true","false"
"43aefb506c69a059","13","en_to_ar","21","1","1111001100111/1111111101111/1100110011110/1111100110011/0111001111011/1101111001100/1110110110111/0011001111011/1101111001110/1100110011111/0111100110011/1111011111111/1110011001111","8","9","across","3","اس?","[{""position"":2,""characters"":[""ت"",""م""]},{""position"":1,""characters"":[""س""]},{""position"":0,""characters"":[""ا""]}]","false","true","true","2","2","arc-support","C_API_SAMPLING_LOSS","1","0","0","1","0","0","[]","[""اسم""]","0","true","false","false"
"8380300dbf8ff626","13","en_to_ar","21","2","1111001100111/1111111101111/1100110011110/1111100110011/0111001111011/1101111001100/1110110110111/0011001111011/1101111001110/1100110011111/0111100110011/1111011111111/1110011001111","0","0","across","4","?ل??","[{""position"":3,""characters"":[""ا"",""ة"",""ت"",""ر"",""م"",""و""]},{""position"":2,""characters"":[""ب"",""ر"",""ع"",""ل"",""م""]},{""position"":1,""characters"":[""ل""]},{""position"":0,""characters"":[""ر"",""ص"",""م"",""ن"",""ي""]}]","false","true","false","2","2","arc-support","SUPPORTED_SMALL_DOMAIN","5","2","2","5","2","2","[]","[""تعلم"",""اعلن"",""تعلن""]","40","false","true","false"
"1664d4b51ccaef2e","13","en_to_ar","21","2","1111001100111/1111111101111/1100110011110/1111100110011/0111001111011/1101111001100/1110110110111/0011001111011/1101111001110/1100110011111/0111100110011/1111011111111/1110011001111","0","0","down","4","?م??","[{""position"":0,""characters"":[""ا"",""م""]},{""position"":1,""characters"":[""م""]},{""position"":2,""characters"":[""ا"",""ب"",""ت"",""د"",""ن"",""و"",""ي""]},{""position"":3,""characters"":[""ة"",""خ"",""ر"",""ز"",""ع"",""ق"",""ي""]}]","false","true","false","3","3","arc-support","SUPPORTED_SMALL_DOMAIN","5","3","3","5","3","3","[]","[""ممتع"",""امنع""]","60","false","true","false"
"0156e4f6b82f2e85","13","en_to_ar","21","2","1111001100111/1111111101111/1100110011110/1111100110011/0111001111011/1101111001100/1110110110111/0011001111011/1101111001110/1100110011111/0111100110011/1111011111111/1110011001111","1","4","down","3","ر??","[{""position"":0,""characters"":[""ر""]},{""position"":1,""characters"":[""ب"",""س"",""ص"",""م""]},{""position"":2,""characters"":[""ط"",""ق"",""م""]}]","false","true","false","3","3","arc-support","SUPPORTED_SMALL_DOMAIN","4","3","3","4","3","3","[]","[""قصر""]","75","false","false","false"
"8b5a63bce5c6a16b","13","en_to_ar","21","2","1111001100111/1111111101111/1100110011110/1111100110011/0111001111011/1101111001100/1110110110111/0011001111011/1101111001110/1100110011111/0111100110011/1111011111111/1110011001111","8","1","down","5","??م??","[{""position"":0,""characters"":[""ا"",""ب"",""خ"",""د"",""ر"",""س"",""ص"",""ط"",""ع"",""ف"",""ق"",""ل"",""م"",""ن"",""و"",""ي""]},{""position"":1,""characters"":[""ا"",""ب"",""ث"",""ج"",""ح"",""د"",""ر"",""ز"",""س"",""ش"",""ص"",""ط"",""ظ"",""ع"",""غ"",""ف"",""ق"",""ك"",""ل"",""م"",""ن"",""ه"",""و"",""ي""]},{""position"":2,""characters"":[""م""]},{""position"":3,""characters"":[""ا"",""ب"",""ج"",""ح"",""خ"",""د"",""ر"",""ز"",""س"",""ش"",""ص"",""ط"",""ظ"",""ع"",""غ"",""ف"",""ق"",""ك"",""ل"",""م"",""ن"",""ه"",""و"",""ي""]},{""position"":4,""characters"":[""ا"",""ب"",""ت"",""خ"",""د"",""ر"",""س"",""ص"",""ط"",""ع"",""ف"",""ق"",""ل"",""م"",""ن"",""ي""]}]","false","true","false","1","1","arc-support","SUPPORTED_SMALL_DOMAIN","19","1","1","19","1","1","[]","[""المال"",""المشي"",""المطر"",""خدمات"",""تصميم"",""الملف"",""مجموع"",""تحميل"",""المهم"",""يوميا"",""اعمال"",""الموت"",""المدن"",""المهن"",""الماس"",""انماط"",""الميل"",""قاموس""]","5.2631578947368425","false","true","false"
"cd85d90bad6dfe37","13","en_to_ar","21","2","1111001100111/1111111101111/1100110011110/1111100110011/0111001111011/1101111001100/1110110110111/0011001111011/1101111001110/1100110011111/0111100110011/1111011111111/1110011001111","12","0","across","3","?ت?","[{""position"":2,""characters"":[""ا"",""ب"",""ث"",""ج"",""ح"",""خ"",""د"",""ذ"",""ر"",""ز"",""س"",""ش"",""ص"",""ض"",""ط"",""ظ"",""ع"",""غ"",""ف"",""ق"",""ك"",""ل"",""م"",""ن"",""ه"",""و"",""ي""]},{""position"":1,""characters"":[""ت""]},{""position"":0,""characters"":[""ت"",""ج"",""ح"",""د"",""ر"",""ف"",""ل""]}]","false","true","true","2","2","arc-support","SUPPORTED_SMALL_DOMAIN","3","2","2","3","2","2","[]","[""فتح""]","66.66666666666667","false","false","false"
"66aca71fd41a85dd","13","en_to_ar","21","2","1111001100111/1111111101111/1100110011110/1111100110011/0111001111011/1101111001100/1110110110111/0011001111011/1101111001110/1100110011111/0111100110011/1111011111111/1110011001111","8","9","across","3","??ق","[{""position"":2,""characters"":[""ق""]},{""position"":1,""characters"":[""ل"",""و""]},{""position"":0,""characters"":[""د"",""ل"",""م""]}]","false","true","true","1","1","arc-support","SUPPORTED_SMALL_DOMAIN","2","1","1","2","1","1","[]","[""قلم""]","50","false","false","false"
"3f32ecfb0b87113a","13","en_to_ar","21","2","1111001100111/1111111101111/1100110011110/1111100110011/0111001111011/1101111001100/1110110110111/0011001111011/1101111001110/1100110011111/0111100110011/1111011111111/1110011001111","9","12","down","4","ث???","[{""position"":0,""characters"":[""ث""]},{""position"":1,""characters"":[""ا"",""ق"",""ل""]},{""position"":2,""characters"":[""ل"",""ن""]},{""position"":3,""characters"":[""ث"",""ي""]}]","false","true","true","2","2","arc-support","SUPPORTED_SMALL_DOMAIN","3","2","2","3","2","2","[]","[""ثلاث""]","66.66666666666667","false","false","false"
"6478ad5b32a78773","13","en_to_ar","21","2","1111001100111/1111111101111/1100110011110/1111100110011/0111001111011/1101111001100/1110110110111/0011001111011/1101111001110/1100110011111/0111100110011/1111011111111/1110011001111","8","9","across","3","م?ق","[{""position"":2,""characters"":[""ق""]},{""position"":1,""characters"":[""ف"",""ل""]},{""position"":0,""characters"":[""م""]}]","false","true","true","2","2","arc-support","C_API_SAMPLING_LOSS","1","0","0","1","0","0","[]","[""قلم""]","0","true","false","false"
"6a03387f9fa46d66","13","en_to_ar","21","2","1111001100111/1111111101111/1100110011110/1111100110011/0111001111011/1101111001100/1110110110111/0011001111011/1101111001110/1100110011111/0111100110011/1111011111111/1110011001111","12","9","across","4","?ي??","[{""position"":3,""characters"":[""ح"",""خ"",""ر"",""ز"",""س"",""ع"",""ف"",""ق"",""ك"",""ل"",""م"",""ي""]},{""position"":2,""characters"":[""ا"",""ب"",""ح"",""خ"",""د"",""ر"",""ز"",""ف"",""ل"",""ن"",""ي""]},{""position"":1,""characters"":[""ي""]},{""position"":0,""characters"":[""ا"",""ة"",""ت"",""خ"",""غ""]}]","false","true","false","3","3","arc-support","SUPPORTED_SMALL_DOMAIN","10","3","3","10","3","3","[]","[""ايام"",""تيار"",""خلية"",""خيار"",""قرية"",""حرية"",""مزية""]","30","false","true","false"
"e479026518fc62f8","13","en_to_ar","21","2","1111001100111/1111111101111/1100110011110/1111100110011/0111001111011/1101111001100/1110110110111/0011001111011/1101111001110/1100110011111/0111100110011/1111011111111/1110011001111","9","12","down","4","????","[{""position"":0,""characters"":[""ة"",""غ""]},{""position"":1,""characters"":[""ا"",""ص"",""ك"",""ي""]},{""position"":2,""characters"":[""ا"",""ب""]},{""position"":3,""characters"":[""ء"",""ا"",""ب"",""ة"",""ت"",""ج"",""ح"",""ذ"",""ر"",""س"",""ش"",""ص"",""ض"",""ع"",""غ"",""ف"",""ق"",""ل"",""م"",""ن"",""و"",""ي""]}]","false","true","true","1","1","arc-support","C_API_SAMPLING_LOSS","2","0","0","2","0","0","[]","[""شبكة"",""غابة""]","0","true","false","false"
"b20934de21b4dbd9","13","en_to_ar","21","2","1111001100111/1111111101111/1100110011110/1111100110011/0111001111011/1101111001100/1110110110111/0011001111011/1101111001110/1100110011111/0111100110011/1111011111111/1110011001111","6","11","down","7","??ب????","[{""position"":0,""characters"":[""ا"",""ت"",""ك""]},{""position"":1,""characters"":[""ا"",""خ"",""ل""]},{""position"":2,""characters"":[""ب""]},{""position"":3,""characters"":[""ر"",""ل"",""ي""]},{""position"":4,""characters"":[""ا"",""ب"",""د"",""ر"",""ز"",""ض"",""ط"",""ف"",""ل"",""م"",""و"",""ي""]},{""position"":5,""characters"":[""ا"",""ب"",""ع"",""ق"",""ك"",""ل"",""و"",""ي""]},{""position"":6,""characters"":[""ا"",""ت"",""ز"",""س"",""ن"",""و""]}]","false","true","true","1","1","arc-support","SUPPORTED_SMALL_DOMAIN","3","1","1","3","1","1","[]","[""البلدان"",""الضربات""]","33.333333333333336","false","false","false"
"68ef3982cb36dfd6","13","en_to_ar","21","2","1111001100111/1111111101111/1100110011110/1111100110011/0111001111011/1101111001100/1110110110111/0011001111011/1101111001110/1100110011111/0111100110011/1111011111111/1110011001111","9","12","down","4","ا???","[{""position"":0,""characters"":[""ا""]},{""position"":1,""characters"":[""ب"",""خ"",""ق""]},{""position"":2,""characters"":[""ا"",""ب""]},{""position"":3,""characters"":[""ء"",""ب"",""ة"",""ت"",""ج"",""ح"",""ذ"",""ر"",""س"",""ش"",""ص"",""ض"",""ع"",""غ"",""ف"",""ق"",""ل"",""م"",""ن"",""و""]}]","false","true","true","3","3","arc-support","SUPPORTED_SMALL_DOMAIN","2","1","1","2","1","1","[]","[""اقبل""]","50","false","false","false"
"5957c1fa5e1d6e48","13","en_to_ar","24","1","1101100110011/1111110111111/0011011111111/1111001110011/1101111001100/0110111001111/1110111110111/1111001110110/0011001111011/1100111001111/1111111101100/1111110111111/1100110011011","1","0","across","6","ش?????","[{""position"":5,""characters"":[""ا"",""ب"",""ت"",""ث"",""ح"",""د"",""ر"",""ز"",""س"",""ش"",""ص"",""ض"",""ط"",""ظ"",""ع"",""ف"",""ق"",""ك"",""ل"",""م"",""ن"",""ه"",""و"",""ي""]},{""position"":4,""characters"":[""ا"",""ب"",""ت"",""ث"",""ج"",""ح"",""خ"",""د"",""ر"",""س"",""ش"",""ط"",""ع"",""غ"",""ف"",""ق"",""ك"",""ل"",""م"",""ن"",""ه"",""و"",""ي""]},{""position"":3,""characters"":[""ا"",""ب"",""ت"",""ج"",""ح"",""خ"",""د"",""ذ"",""ر"",""ز"",""س"",""ش"",""ص"",""ض"",""ط"",""ظ"",""ع"",""غ"",""ف"",""ق"",""ك"",""ل"",""م"",""ن"",""ه"",""و"",""ي""]},{""position"":2,""characters"":[""ؤ"",""ا"",""ب"",""ت"",""ث"",""ج"",""ح"",""خ"",""د"",""ذ"",""ر"",""ز"",""س"",""ش"",""ص"",""ط"",""ظ"",""ع"",""غ"",""ف"",""ق"",""ك"",""ل"",""م"",""ن"",""ه"",""و"",""ي""]},{""position"":1,""characters"":[""ا"",""ب"",""ت"",""ث"",""ج"",""ح"",""خ"",""د"",""ر"",""س"",""ش"",""ط"",""ع"",""غ"",""ف"",""ق"",""ك"",""ل"",""م"",""ن"",""ه"",""و"",""ي""]},{""position"":0,""characters"":[""ش""]}]","false","true","false","1","1","arc-support","SUPPORTED_SMALL_DOMAIN","4","1","1","4","1","1","[]","[""الخفاش"",""شلالات"",""النقاش""]","25","false","false","false"
"16337db6f66efa33","13","en_to_ar","24","1","1101100110011/1111110111111/0011011111111/1111001110011/1101111001100/0110111001111/1110111110111/1111001110110/0011001111011/1100111001111/1111111101100/1111110111111/1100110011011","0","3","down","5","?ر???","[{""position"":0,""characters"":[""ت"",""د"",""ف""]},{""position"":1,""characters"":[""ر""]},{""position"":2,""characters"":[""د"",""ش"",""ع"",""و"",""ي""]},{""position"":3,""characters"":[""خ"",""ش"",""ق"",""ل"",""ي""]},{""position"":4,""characters"":[""ا"",""ة"",""ج""]}]","false","true","false","3","3","arc-support","SUPPORTED_SMALL_DOMAIN","4","3","3","4","3","3","[]","[""فردية""]","75","false","false","false"
"f6d46a99f652e228","13","en_to_ar","24","1","1101100110011/1111110111111/0011011111111/1111001110011/1101111001100/0110111001111/1110111110111/1111001110110/0011001111011/1100111001111/1111111101100/1111110111111/1100110011011","4","3","across","4","???ج","[{""position"":3,""characters"":[""ج""]},{""position"":2,""characters"":[""ئ"",""ب"",""ت"",""ث"",""ج"",""ح"",""د"",""ر"",""ز"",""س"",""ش"",""ص"",""ض"",""ع"",""ف"",""ق"",""ل"",""م"",""ن"",""ه"",""و"",""ي""]},{""position"":1,""characters"":[""ا"",""ب"",""ت"",""ح"",""د"",""ر"",""ز"",""ش"",""ص"",""ض"",""ع"",""ف"",""ق"",""ك"",""ل"",""م"",""ن"",""ه"",""و"",""ي""]},{""position"":0,""characters"":[""ا"",""ب"",""ت"",""ج"",""ح"",""د"",""ر"",""س"",""ف"",""ل"",""م"",""ى"",""ي""]}]","false","true","false","3","3","arc-support","SUPPORTED_SMALL_DOMAIN","21","3","3","21","3","3","[]","[""جديد"",""جدول"",""جواب"",""مزيج"",""تزلج"",""جنوب"",""جوال"",""مدرج"",""جمال"",""منهج"",""جميل"",""جدار"",""جناح"",""جلبت"",""جربت"",""جمعت"",""جنات"",""جريت""]","14.285714285714286","false","true","false"
"bd9131aa19f70d0d","13","en_to_ar","24","1","1101100110011/1111110111111/0011011111111/1111001110011/1101111001100/0110111001111/1110111110111/1111001110110/0011001111011/1100111001111/1111111101100/1111110111111/1100110011011","3","0","across","4","يم??","[{""position"":3,""characters"":[""ب"",""ت"",""ث"",""ح"",""ش"",""ع"",""ل"",""م"",""ن""]},{""position"":2,""characters"":[""ب"",""ح"",""د"",""ر"",""ط"",""ك"",""ل"",""م"",""و""]},{""position"":1,""characters"":[""م""]},{""position"":0,""characters"":[""ي""]}]","false","true","true","2","2","arc-support","SUPPORTED_SMALL_DOMAIN","3","2","2","3","2","2","[]","[""يموت""]","66.66666666666667","false","false","false"
"2d067309dbaa0a39","13","en_to_ar","24","1","1101100110011/1111110111111/0011011111111/1111001110011/1101111001100/0110111001111/1110111110111/1111001110110/0011001111011/1100111001111/1111111101100/1111110111111/1100110011011","0","7","down","4","??س?","[{""position"":0,""characters"":[""ت"",""د"",""ر"",""ش"",""ط"",""ل""]},{""position"":1,""characters"":[""ا"",""ب"",""ر"",""ق"",""ل""]},{""position"":2,""characters"":[""س""]},{""position"":3,""characters"":[""ا"",""ع"",""ق"",""ي""]}]","false","true","true","1","1","arc-support","SUPPORTED_SMALL_DOMAIN","2","1","1","2","1","1","[]","[""يسار""]","50","false","false","false"
"f6eee3e47e46898f","13","en_to_ar","24","1","1101100110011/1111110111111/0011011111111/1111001110011/1101111001100/0110111001111/1110111110111/1111001110110/0011001111011/1100111001111/1111111101100/1111110111111/1100110011011","1","7","across","6","?????ا","[{""position"":5,""characters"":[""ا""]},{""position"":4,""characters"":[""ل"",""ن""]},{""position"":3,""characters"":[""ت"",""ج"",""ص"",""ك"",""و"",""ي""]},{""position"":2,""characters"":[""ت"",""ث"",""خ"",""ص"",""ع"",""ك"",""ن"",""ه""]},{""position"":1,""characters"":[""ت"",""د"",""ر"",""س"",""ط"",""ع"",""ق"",""ل"",""و"",""ي""]},{""position"":0,""characters"":[""ا"",""ب"",""ت"",""ح"",""د"",""ر"",""ص"",""ع"",""ي""]}]","false","true","false","3","3","arc-support","SUPPORTED_SMALL_DOMAIN","6","3","3","6","3","3","[]","[""الجنوب"",""التنوع"",""الجهود""]","50","false","true","false"
"389ecefdc34a948e","13","en_to_ar","24","1","1101100110011/1111110111111/0011011111111/1111001110011/1101111001100/0110111001111/1110111110111/1111001110110/0011001111011/1100111001111/1111111101100/1111110111111/1100110011011","0","8","down","4","??ام","[{""position"":0,""characters"":[""ك"",""ي""]},{""position"":1,""characters"":[""ل"",""ن""]},{""position"":2,""characters"":[""ا""]},{""position"":3,""characters"":[""م""]}]","false","true","true","2","2","arc-support","SUPPORTED_SMALL_DOMAIN","3","2","2","3","2","2","[]","[""مالك""]","66.66666666666667","false","false","false"
"1911d91f11e3842f","13","en_to_ar","24","1","1101100110011/1111110111111/0011011111111/1111001110011/1101111001100/0110111001111/1110111110111/1111001110110/0011001111011/1100111001111/1111111101100/1111110111111/1100110011011","0","7","down","4","??ي?","[{""position"":0,""characters"":[""ت"",""د"",""ر"",""ش"",""ط"",""ل""]},{""position"":1,""characters"":[""ا"",""ب"",""ر"",""ق"",""ل""]},{""position"":2,""characters"":[""ي""]},{""position"":3,""characters"":[""ا"",""ع"",""ق"",""ي""]}]","false","true","true","1","1","arc-support","SUPPORTED_SMALL_DOMAIN","3","1","1","3","1","1","[]","[""طريق"",""ربيع""]","33.333333333333336","false","false","false"
"04c404d5d4e63d0a","13","en_to_ar","24","1","1101100110011/1111110111111/0011011111111/1111001110011/1101111001100/0110111001111/1110111110111/1111001110110/0011001111011/1100111001111/1111111101100/1111110111111/1100110011011","0","7","down","4","??ب?","[{""position"":0,""characters"":[""ت"",""د"",""ر"",""ش"",""ط"",""ل""]},{""position"":1,""characters"":[""ا"",""ب"",""ر"",""ق"",""ل""]},{""position"":2,""characters"":[""ب""]},{""position"":3,""characters"":[""ا"",""ع"",""ق"",""ي""]}]","false","true","true","1","1","arc-support","SUPPORTED_SMALL_DOMAIN","3","1","1","3","1","1","[]","[""طابق"",""قبلت""]","33.333333333333336","false","false","false"
"57a5d9b5013d0707","13","en_to_ar","24","1","1101100110011/1111110111111/0011011111111/1111001110011/1101111001100/0110111001111/1110111110111/1111001110110/0011001111011/1100111001111/1111111101100/1111110111111/1100110011011","1","7","across","6","?????ا","[{""position"":5,""characters"":[""ا""]},{""position"":4,""characters"":[""ا"",""ف"",""ك"",""ل""]},{""position"":3,""characters"":[""ط"",""م""]},{""position"":2,""characters"":[""ب"",""و""]},{""position"":1,""characters"":[""ا"",""ت"",""خ"",""د"",""ر"",""ع"",""ق"",""و"",""ي""]},{""position"":0,""characters"":[""ب"",""ت"",""ح"",""د"",""ر"",""ز"",""ص"",""ض"",""ط"",""ع"",""ل"",""م"",""ن"",""ي""]}]","false","true","false","3","3","arc-support","SUPPORTED_SMALL_DOMAIN","6","3","3","6","3","3","[]","[""الطويل"",""الطبيب"",""المورد""]","50","false","true","false"
"7e700b02ae1a823d","13","en_to_ar","24","1","1101100110011/1111110111111/0011011111111/1111001110011/1101111001100/0110111001111/1110111110111/1111001110110/0011001111011/1100111001111/1111111101100/1111110111111/1100110011011","0","7","down","4","??س?","[{""position"":0,""characters"":[""ب"",""ت"",""د"",""ر"",""ش"",""ط"",""ع"",""ق"",""ل"",""و""]},{""position"":1,""characters"":[""ا"",""ب"",""ر"",""ط"",""ق"",""ل"",""م""]},{""position"":2,""characters"":[""س""]},{""position"":3,""characters"":[""ا"",""ح"",""ص"",""ع"",""ق"",""ي""]}]","false","true","false","2","2","arc-support","SUPPORTED_SMALL_DOMAIN","7","2","2","7","2","2","[]","[""يسار"",""واسع"",""يسمع"",""اسرع"",""شمسي""]","28.571428571428573","false","true","false"
"b5171004effafc7a","13","en_to_ar","24","1","1101100110011/1111110111111/0011011111111/1111001110011/1101111001100/0110111001111/1110111110111/1111001110110/0011001111011/1100111001111/1111111101100/1111110111111/1100110011011","3","6","across","3","??ل","[{""position"":2,""characters"":[""ل""]},{""position"":1,""characters"":[""ا"",""ح""]},{""position"":0,""characters"":[""ب"",""ح"",""ر"",""ل"",""م"",""و""]}]","false","true","true","2","2","arc-support","SUPPORTED_SMALL_DOMAIN","3","2","2","3","2","2","[]","[""محل""]","66.66666666666667","false","false","false"
"7cdca3c5370db1fe","13","en_to_ar","24","1","1101100110011/1111110111111/0011011111111/1111001110011/1101111001100/0110111001111/1110111110111/1111001110110/0011001111011/1100111001111/1111111101100/1111110111111/1100110011011","1","7","across","6","?????ا","[{""position"":5,""characters"":[""ا""]},{""position"":4,""characters"":[""ب"",""س"",""ق"",""ل"",""و""]},{""position"":3,""characters"":[""ت"",""ج"",""ح"",""ق"",""ك"",""و"",""ي""]},{""position"":2,""characters"":[""ت"",""ث"",""خ"",""ص"",""ع"",""ف"",""ك"",""ن"",""ه""]},{""position"":1,""characters"":[""ت"",""ح"",""د"",""ر"",""س"",""ط"",""ع"",""ق"",""ل"",""م"",""ن"",""ه"",""و"",""ي""]},{""position"":0,""characters"":[""ا"",""ب"",""ت"",""ح"",""د"",""ر"",""ص"",""ع"",""ي""]}]","false","true","false","2","2","arc-support","SUPPORTED_SMALL_DOMAIN","7","2","2","7","2","2","[]","[""الجنوب"",""القصير"",""التنوع"",""الجهود"",""استثمر""]","28.571428571428573","false","true","false"
"dc223acad555d608","13","en_to_ar","24","1","1101100110011/1111110111111/0011011111111/1111001110011/1101111001100/0110111001111/1110111110111/1111001110110/0011001111011/1100111001111/1111111101100/1111110111111/1100110011011","0","8","down","4","?لا?","[{""position"":0,""characters"":[""ا"",""ح"",""ك"",""ي""]},{""position"":1,""characters"":[""ل""]},{""position"":2,""characters"":[""ا""]},{""position"":3,""characters"":[""ر"",""م""]}]","false","true","false","2","2","arc-support","SUPPORTED_SMALL_DOMAIN","4","2","2","4","2","2","[]","[""الام"",""مالك""]","50","false","false","false"
"198d2403a77c7c56","13","en_to_ar","24","1","1101100110011/1111110111111/0011011111111/1111001110011/1101111001100/0110111001111/1110111110111/1111001110110/0011001111011/1100111001111/1111111101100/1111110111111/1100110011011","3","6","across","3","م?ل","[{""position"":2,""characters"":[""ل""]},{""position"":1,""characters"":[""ا"",""ح""]},{""position"":0,""characters"":[""م""]}]","false","true","true","1","1","arc-support","SUPPORTED_SMALL_DOMAIN","2","1","1","2","1","1","[]","[""محل""]","50","false","false","false"
"da241f57c0044eca","13","en_to_ar","24","1","1101100110011/1111110111111/0011011111111/1111001110011/1101111001100/0110111001111/1110111110111/1111001110110/0011001111011/1100111001111/1111111101100/1111110111111/1100110011011","0","7","down","4","??ي?","[{""position"":0,""characters"":[""ب"",""ت"",""د"",""ر"",""ش"",""ط"",""ع"",""ق"",""ل"",""و""]},{""position"":1,""characters"":[""ا"",""ب"",""ر"",""ط"",""ق"",""ل"",""م""]},{""position"":2,""characters"":[""ي""]},{""position"":3,""characters"":[""ا"",""ح"",""ص"",""ع"",""ق"",""ي""]}]","false","true","false","2","2","arc-support","SUPPORTED_SMALL_DOMAIN","5","2","2","5","2","2","[]","[""طريق"",""ربيع"",""عميق""]","40","false","true","false"
"4a493007186fada2","13","en_to_ar","24","1","1101100110011/1111110111111/0011011111111/1111001110011/1101111001100/0110111001111/1110111110111/1111001110110/0011001111011/1100111001111/1111111101100/1111110111111/1100110011011","0","7","down","4","??ب?","[{""position"":0,""characters"":[""ب"",""ت"",""د"",""ر"",""ش"",""ط"",""ع"",""ق"",""ل"",""و""]},{""position"":1,""characters"":[""ا"",""ب"",""ر"",""ط"",""ق"",""ل"",""م""]},{""position"":2,""characters"":[""ب""]},{""position"":3,""characters"":[""ا"",""ح"",""ص"",""ع"",""ق"",""ي""]}]","false","true","false","2","2","arc-support","SUPPORTED_SMALL_DOMAIN","5","2","2","5","2","2","[]","[""تطبق"",""طابق"",""قبلت""]","40","false","true","false"
"1d6a4b854bb7a910","13","en_to_ar","24","1","1101100110011/1111110111111/0011011111111/1111001110011/1101111001100/0110111001111/1110111110111/1111001110110/0011001111011/1100111001111/1111111101100/1111110111111/1100110011011","1","7","across","6","??????","[{""position"":5,""characters"":[""ا"",""ل""]},{""position"":4,""characters"":[""ا"",""ف"",""ك"",""ل""]},{""position"":3,""characters"":[""ط"",""م""]},{""position"":2,""characters"":[""ب"",""و""]},{""position"":1,""characters"":[""ا"",""ت"",""ح"",""خ"",""د"",""ر"",""ع"",""ق"",""و"",""ي""]},{""position"":0,""characters"":[""ب"",""ت"",""ح"",""د"",""ر"",""ز"",""ص"",""ض"",""ط"",""ع"",""ل"",""م"",""ن"",""ي""]}]","false","true","false","3","3","arc-support","SUPPORTED_SMALL_DOMAIN","6","3","3","6","3","3","[]","[""الطويل"",""الطبيب"",""المورد""]","50","false","true","false"
"7e700b02ae1a823d","13","en_to_ar","24","1","1101100110011/1111110111111/0011011111111/1111001110011/1101111001100/0110111001111/1110111110111/1111001110110/0011001111011/1100111001111/1111111101100/1111110111111/1100110011011","0","7","down","4","??س?","[{""position"":0,""characters"":[""ب"",""ت"",""د"",""ر"",""ش"",""ط"",""ع"",""ق"",""ل"",""و""]},{""position"":1,""characters"":[""ا"",""ب"",""ر"",""ط"",""ق"",""ل"",""م""]},{""position"":2,""characters"":[""س""]},{""position"":3,""characters"":[""ا"",""ح"",""ص"",""ع"",""ق"",""ي""]}]","false","true","false","2","2","arc-support","SUPPORTED_SMALL_DOMAIN","7","2","2","7","2","2","[]","[""يسار"",""واسع"",""يسمع"",""اسرع"",""شمسي""]","28.571428571428573","false","true","false"
"b5171004effafc7a","13","en_to_ar","24","1","1101100110011/1111110111111/0011011111111/1111001110011/1101111001100/0110111001111/1110111110111/1111001110110/0011001111011/1100111001111/1111111101100/1111110111111/1100110011011","3","6","across","3","??ل","[{""position"":2,""characters"":[""ل""]},{""position"":1,""characters"":[""ا"",""ح""]},{""position"":0,""characters"":[""ب"",""ح"",""ر"",""ل"",""م"",""و""]}]","false","true","true","2","2","arc-support","SUPPORTED_SMALL_DOMAIN","3","2","2","3","2","2","[]","[""محل""]","66.66666666666667","false","false","false"
"b12887b05dd4a19d","13","en_to_ar","24","1","1101100110011/1111110111111/0011011111111/1111001110011/1101111001100/0110111001111/1110111110111/1111001110110/0011001111011/1100111001111/1111111101100/1111110111111/1100110011011","1","7","across","6","?????ا","[{""position"":5,""characters"":[""ا""]},{""position"":4,""characters"":[""ب"",""س"",""ق"",""ل"",""و""]},{""position"":3,""characters"":[""ت"",""ج"",""ح"",""ص"",""ق"",""ك"",""و"",""ي""]},{""position"":2,""characters"":[""ت"",""ث"",""خ"",""ص"",""ع"",""ف"",""ك"",""ن"",""ه""]},{""position"":1,""characters"":[""ت"",""ح"",""د"",""ر"",""س"",""ط"",""ع"",""ق"",""ل"",""م"",""ن"",""ه"",""و"",""ي""]},{""position"":0,""characters"":[""ا"",""ب"",""ت"",""ح"",""د"",""ر"",""ص"",""ع"",""ي""]}]","false","true","false","2","2","arc-support","SUPPORTED_SMALL_DOMAIN","7","2","2","7","2","2","[]","[""الجنوب"",""القصير"",""التنوع"",""الجهود"",""استثمر""]","28.571428571428573","false","true","false"
"dc223acad555d608","13","en_to_ar","24","1","1101100110011/1111110111111/0011011111111/1111001110011/1101111001100/0110111001111/1110111110111/1111001110110/0011001111011/1100111001111/1111111101100/1111110111111/1100110011011","0","8","down","4","?لا?","[{""position"":0,""characters"":[""ا"",""ح"",""ك"",""ي""]},{""position"":1,""characters"":[""ل""]},{""position"":2,""characters"":[""ا""]},{""position"":3,""characters"":[""ر"",""م""]}]","false","true","false","2","2","arc-support","SUPPORTED_SMALL_DOMAIN","4","2","2","4","2","2","[]","[""الام"",""مالك""]","50","false","false","false"
"198d2403a77c7c56","13","en_to_ar","24","1","1101100110011/1111110111111/0011011111111/1111001110011/1101111001100/0110111001111/1110111110111/1111001110110/0011001111011/1100111001111/1111111101100/1111110111111/1100110011011","3","6","across","3","م?ل","[{""position"":2,""characters"":[""ل""]},{""position"":1,""characters"":[""ا"",""ح""]},{""position"":0,""characters"":[""م""]}]","false","true","true","1","1","arc-support","SUPPORTED_SMALL_DOMAIN","2","1","1","2","1","1","[]","[""محل""]","50","false","false","false"
"da241f57c0044eca","13","en_to_ar","24","1","1101100110011/1111110111111/0011011111111/1111001110011/1101111001100/0110111001111/1110111110111/1111001110110/0011001111011/1100111001111/1111111101100/1111110111111/1100110011011","0","7","down","4","??ي?","[{""position"":0,""characters"":[""ب"",""ت"",""د"",""ر"",""ش"",""ط"",""ع"",""ق"",""ل"",""و""]},{""position"":1,""characters"":[""ا"",""ب"",""ر"",""ط"",""ق"",""ل"",""م""]},{""position"":2,""characters"":[""ي""]},{""position"":3,""characters"":[""ا"",""ح"",""ص"",""ع"",""ق"",""ي""]}]","false","true","false","2","2","arc-support","SUPPORTED_SMALL_DOMAIN","5","2","2","5","2","2","[]","[""طريق"",""ربيع"",""عميق""]","40","false","true","false"
"4a493007186fada2","13","en_to_ar","24","1","1101100110011/1111110111111/0011011111111/1111001110011/1101111001100/0110111001111/1110111110111/1111001110110/0011001111011/1100111001111/1111111101100/1111110111111/1100110011011","0","7","down","4","??ب?","[{""position"":0,""characters"":[""ب"",""ت"",""د"",""ر"",""ش"",""ط"",""ع"",""ق"",""ل"",""و""]},{""position"":1,""characters"":[""ا"",""ب"",""ر"",""ط"",""ق"",""ل"",""م""]},{""position"":2,""characters"":[""ب""]},{""position"":3,""characters"":[""ا"",""ح"",""ص"",""ع"",""ق"",""ي""]}]","false","true","false","2","2","arc-support","SUPPORTED_SMALL_DOMAIN","5","2","2","5","2","2","[]","[""تطبق"",""طابق"",""قبلت""]","40","false","true","false"
"1d6a4b854bb7a910","13","en_to_ar","24","1","1101100110011/1111110111111/0011011111111/1111001110011/1101111001100/0110111001111/1110111110111/1111001110110/0011001111011/1100111001111/1111111101100/1111110111111/1100110011011","1","7","across","6","??????","[{""position"":5,""characters"":[""ا"",""ل""]},{""position"":4,""characters"":[""ا"",""ف"",""ك"",""ل""]},{""position"":3,""characters"":[""ط"",""م""]},{""position"":2,""characters"":[""ب"",""و""]},{""position"":1,""characters"":[""ا"",""ت"",""ح"",""خ"",""د"",""ر"",""ع"",""ق"",""و"",""ي""]},{""position"":0,""characters"":[""ب"",""ت"",""ح"",""د"",""ر"",""ز"",""ص"",""ض"",""ط"",""ع"",""ل"",""م"",""ن"",""ي""]}]","false","true","false","3","3","arc-support","SUPPORTED_SMALL_DOMAIN","6","3","3","6","3","3","[]","[""الطويل"",""الطبيب"",""المورد""]","50","false","true","false"
"98fa5c946427e859","13","en_to_ar","24","1","1101100110011/1111110111111/0011011111111/1111001110011/1101111001100/0110111001111/1110111110111/1111001110110/0011001111011/1100111001111/1111111101100/1111110111111/1100110011011","0","7","down","4","??س?","[{""position"":0,""characters"":[""ب"",""ت"",""د"",""ر"",""ش"",""ط"",""ق"",""ل"",""و""]},{""position"":1,""characters"":[""ا"",""ب"",""ر"",""ق"",""ل"",""م""]},{""position"":2,""characters"":[""س""]},{""position"":3,""characters"":[""ا"",""ح"",""ص"",""ع"",""ق"",""ي""]}]","false","true","false","2","2","arc-support","SUPPORTED_SMALL_DOMAIN","5","2","2","5","2","2","[]","[""يسار"",""واسع"",""شمسي""]","40","false","true","false"
"b5171004effafc7a","13","en_to_ar","24","1","1101100110011/1111110111111/0011011111111/1111001110011/1101111001100/0110111001111/1110111110111/1111001110110/0011001111011/1100111001111/1111111101100/1111110111111/1100110011011","3","6","across","3","??ل","[{""position"":2,""characters"":[""ل""]},{""position"":1,""characters"":[""ا"",""ح""]},{""position"":0,""characters"":[""ب"",""ح"",""ر"",""ل"",""م"",""و""]}]","false","true","true","2","2","arc-support","SUPPORTED_SMALL_DOMAIN","3","2","2","3","2","2","[]","[""محل""]","66.66666666666667","false","false","false"
"ebcc4e18a0c3dbce","13","en_to_ar","24","1","1101100110011/1111110111111/0011011111111/1111001110011/1101111001100/0110111001111/1110111110111/1111001110110/0011001111011/1100111001111/1111111101100/1111110111111/1100110011011","1","7","across","6","?????ا","[{""position"":5,""characters"":[""ا""]},{""position"":4,""characters"":[""س"",""ق"",""ل"",""و""]},{""position"":3,""characters"":[""ت"",""ج"",""ح"",""ك"",""و"",""ي""]},{""position"":2,""characters"":[""ت"",""ث"",""خ"",""ص"",""ع"",""ف"",""ك"",""ن"",""ه""]},{""position"":1,""characters"":[""ت"",""ح"",""د"",""ر"",""س"",""ط"",""ع"",""ق"",""ل"",""م"",""ن"",""ه"",""و"",""ي""]},{""position"":0,""characters"":[""ا"",""ب"",""ح"",""د"",""ر"",""ص"",""ع"",""ي""]}]","false","true","false","2","2","arc-support","SUPPORTED_SMALL_DOMAIN","6","2","2","6","2","2","[]","[""الجنوب"",""التنوع"",""الجهود"",""استثمر""]","33.333333333333336","false","true","false"
"dc223acad555d608","13","en_to_ar","24","1","1101100110011/1111110111111/0011011111111/1111001110011/1101111001100/0110111001111/1110111110111/1111001110110/0011001111011/1100111001111/1111111101100/1111110111111/1100110011011","0","8","down","4","?لا?","[{""position"":0,""characters"":[""ا"",""ح"",""ك"",""ي""]},{""position"":1,""characters"":[""ل""]},{""position"":2,""characters"":[""ا""]},{""position"":3,""characters"":[""ر"",""م""]}]","false","true","false","2","2","arc-support","SUPPORTED_SMALL_DOMAIN","4","2","2","4","2","2","[]","[""الام"",""مالك""]","50","false","false","false"
"198d2403a77c7c56","13","en_to_ar","24","1","1101100110011/1111110111111/0011011111111/1111001110011/1101111001100/0110111001111/1110111110111/1111001110110/0011001111011/1100111001111/1111111101100/1111110111111/1100110011011","3","6","across","3","م?ل","[{""position"":2,""characters"":[""ل""]},{""position"":1,""characters"":[""ا"",""ح""]},{""position"":0,""characters"":[""م""]}]","false","true","true","1","1","arc-support","SUPPORTED_SMALL_DOMAIN","2","1","1","2","1","1","[]","[""محل""]","50","false","false","false"
"ebe6bc5f4e1e0b41","13","en_to_ar","24","1","1101100110011/1111110111111/0011011111111/1111001110011/1101111001100/0110111001111/1110111110111/1111001110110/0011001111011/1100111001111/1111111101100/1111110111111/1100110011011","0","7","down","4","??ي?","[{""position"":0,""characters"":[""ب"",""ت"",""د"",""ر"",""ش"",""ط"",""ق"",""ل"",""و""]},{""position"":1,""characters"":[""ا"",""ب"",""ر"",""ق"",""ل"",""م""]},{""position"":2,""characters"":[""ي""]},{""position"":3,""characters"":[""ا"",""ح"",""ص"",""ع"",""ق"",""ي""]}]","false","true","false","2","2","arc-support","SUPPORTED_SMALL_DOMAIN","4","2","2","4","2","2","[]","[""طريق"",""ربيع""]","50","false","false","false"
"66085b844765e4e3","13","en_to_ar","24","1","1101100110011/1111110111111/0011011111111/1111001110011/1101111001100/0110111001111/1110111110111/1111001110110/0011001111011/1100111001111/1111111101100/1111110111111/1100110011011","0","7","down","4","??ب?","[{""position"":0,""characters"":[""ب"",""ت"",""د"",""ر"",""ش"",""ط"",""ق"",""ل"",""و""]},{""position"":1,""characters"":[""ا"",""ب"",""ر"",""ق"",""ل"",""م""]},{""position"":2,""characters"":[""ب""]},{""position"":3,""characters"":[""ا"",""ح"",""ص"",""ع"",""ق"",""ي""]}]","false","true","false","2","2","arc-support","SUPPORTED_SMALL_DOMAIN","4","2","2","4","2","2","[]","[""طابق"",""قبلت""]","50","false","false","false"
"da591b470a523565","13","en_to_ar","24","1","1101100110011/1111110111111/0011011111111/1111001110011/1101111001100/0110111001111/1110111110111/1111001110110/0011001111011/1100111001111/1111111101100/1111110111111/1100110011011","1","7","across","6","??????","[{""position"":5,""characters"":[""ا"",""ل""]},{""position"":4,""characters"":[""ا"",""ف"",""ك"",""ل""]},{""position"":3,""characters"":[""ط"",""م""]},{""position"":2,""characters"":[""ب"",""و""]},{""position"":1,""characters"":[""ا"",""ت"",""ح"",""خ"",""د"",""ر"",""ع"",""ق"",""و"",""ي""]},{""position"":0,""characters"":[""ب"",""ح"",""د"",""ر"",""ز"",""ص"",""ض"",""ط"",""ع"",""ل"",""م"",""ن"",""ي""]}]","false","true","false","3","3","arc-support","SUPPORTED_SMALL_DOMAIN","6","3","3","6","3","3","[]","[""الطويل"",""الطبيب"",""المورد""]","50","false","true","false"
"2d621e967399b0e4","13","en_to_ar","24","2","1101100110011/1111110111111/0011011111111/1111001110011/1101111001100/0110111001111/1110111110111/1111001110110/0011001111011/1100111001111/1111111101100/1111110111111/1100110011011","0","3","down","5","?ذ???","[{""position"":0,""characters"":[""ا"",""ب"",""ت"",""ث"",""ح"",""ر"",""س"",""ش"",""ص"",""ع"",""غ"",""ق"",""ل"",""م"",""ن"",""ه"",""و""]},{""position"":1,""characters"":[""ذ""]},{""position"":2,""characters"":[""ا"",""ب"",""ت"",""ج"",""ح"",""خ"",""د"",""ذ"",""ر"",""س"",""ش"",""ض"",""ظ"",""ع"",""ك"",""ل"",""م"",""ن"",""و"",""ي""]},{""position"":3,""characters"":[""ا"",""ب"",""ت"",""ث"",""ج"",""ح"",""د"",""ذ"",""ر"",""ش"",""ط"",""ظ"",""ع"",""ف"",""ك"",""ل"",""م"",""ن"",""ه"",""و"",""ي""]},{""position"":4,""characters"":[""ا"",""ة"",""ت"",""ح"",""خ"",""د"",""ر"",""س"",""ط"",""ع"",""ف"",""ق"",""ل"",""م"",""ن"",""و"",""ي""]}]","false","true","false","2","2","arc-support","SUPPORTED_SMALL_DOMAIN","6","2","2","6","2","2","[]","[""مااذا"",""تذاكر"",""الجذر"",""الكذب""]","33.333333333333336","false","true","false"
"867305e79e0ee434","13","en_to_ar","24","2","1101100110011/1111110111111/0011011111111/1111001110011/1101111001100/0110111001111/1110111110111/1111001110110/0011001111011/1100111001111/1111111101100/1111110111111/1100110011011","1","2","down","3","ل??","[{""position"":0,""characters"":[""ل""]},{""position"":1,""characters"":[""ح"",""ف""]},{""position"":2,""characters"":[""ا"",""ر"",""س"",""ل"",""ن""]}]","false","true","true","2","2","arc-support","SUPPORTED_SMALL_DOMAIN","2","1","1","2","1","1","[]","[""نحل""]","50","false","false","false"
"fd5559399fbd4346","13","en_to_ar","24","2","1101100110011/1111110111111/0011011111111/1111001110011/1101111001100/0110111001111/1110111110111/1111001110110/0011001111011/1100111001111/1111111101100/1111110111111/1100110011011","3","0","across","4","فر??","[{""position"":3,""characters"":[""ا"",""ج"",""ح"",""ف"",""ق"",""ل"",""م"",""ن""]},{""position"":2,""characters"":[""ا"",""ت"",""ض"",""ع"",""ف"",""ل"",""و""]},{""position"":1,""characters"":[""ر""]},{""position"":0,""characters"":[""ف""]}]","false","true","false","2","2","arc-support","SUPPORTED_SMALL_DOMAIN","4","2","2","4","2","2","[]","[""اعرف"",""معرف""]","50","false","false","false"
"fe26f08442c4caf6","13","en_to_ar","24","2","1101100110011/1111110111111/0011011111111/1111001110011/1101111001100/0110111001111/1110111110111/1111001110110/0011001111011/1100111001111/1111111101100/1111110111111/1100110011011","5","2","down","4","ض???","[{""position"":0,""characters"":[""ض""]},{""position"":1,""characters"":[""ئ"",""ا"",""ب"",""ج"",""ح"",""خ"",""ر"",""ض"",""ط"",""ق"",""ل"",""م"",""ن""]},{""position"":2,""characters"":[""ت"",""ح"",""د"",""س"",""ش"",""ض"",""ق"",""و"",""ي""]},{""position"":3,""characters"":[""ا"",""ت"",""ث"",""ج"",""ح"",""خ"",""د"",""ز"",""س"",""ص"",""ض"",""ط"",""ع"",""ق"",""ك"",""ل"",""م"",""ي""]}]","false","true","true","1","1","arc-support","SUPPORTED_SMALL_DOMAIN","2","1","1","2","1","1","[]","[""مقبض""]","50","false","false","false"
"4f6535cee56ecaa5","13","en_to_ar","24","2","1101100110011/1111110111111/0011011111111/1111001110011/1101111001100/0110111001111/1110111110111/1111001110110/0011001111011/1100111001111/1111111101100/1111110111111/1100110011011","0","12","down","4","?با?","[{""position"":0,""characters"":[""ا"",""ب"",""ت"",""ج"",""خ"",""د"",""ر"",""س"",""ش"",""ض"",""ط"",""ع"",""ف"",""ك"",""ل"",""م"",""ن"",""ي""]},{""position"":1,""characters"":[""ب""]},{""position"":2,""characters"":[""ا""]},{""position"":3,""characters"":[""ب"",""ت"",""ح"",""خ"",""د"",""ر"",""س"",""ش"",""ص"",""ض"",""ط"",""ع"",""غ"",""ف"",""ق"",""ل"",""م"",""ن"",""ه"",""و"",""ي""]}]","false","true","false","3","3","arc-support","SUPPORTED_SMALL_DOMAIN","9","3","3","9","3","3","[]","[""رابط"",""شباط"",""قابل"",""سباق"",""مبان"",""لباس""]","33.333333333333336","false","true","false"
"6f0ec50ed55f9052","13","en_to_ar","24","2","1101100110011/1111110111111/0011011111111/1111001110011/1101111001100/0110111001111/1110111110111/1111001110110/0011001111011/1100111001111/1111111101100/1111110111111/1100110011011","4","3","across","4","ا??ة","[{""position"":3,""characters"":[""ة""]},{""position"":2,""characters"":[""ئ"",""ا"",""ب"",""ث"",""ج"",""ح"",""ر"",""ز"",""ص"",""ض"",""ط"",""ع"",""ف"",""ق"",""ل"",""م"",""ن"",""و"",""ي""]},{""position"":1,""characters"":[""ا"",""ب"",""ت"",""ح"",""د"",""ر"",""ز"",""س"",""ص"",""ط"",""ع"",""ف"",""ق"",""ك"",""ل"",""م"",""ن"",""ه"",""و"",""ي""]},{""position"":0,""characters"":[""ا""]}]","false","true","true","1","1","arc-support","SUPPORTED_SMALL_DOMAIN","3","1","1","3","1","1","[]","[""امنة"",""اداة""]","33.333333333333336","false","false","false"
"ff51c47093177e21","13","en_to_ar","24","2","1101100110011/1111110111111/0011011111111/1111001110011/1101111001100/0110111001111/1110111110111/1111001110110/0011001111011/1100111001111/1111111101100/1111110111111/1100110011011","0","7","down","4","?ام?","[{""position"":0,""characters"":[""ت"",""د"",""ر"",""ش"",""ص"",""ع"",""ق"",""ك"",""ل"",""م"",""ن"",""ي""]},{""position"":1,""characters"":[""ا""]},{""position"":2,""characters"":[""م""]},{""position"":3,""characters"":[""ا"",""ش"",""ق"",""ل"",""م"",""ي""]}]","false","true","false","3","3","arc-support","SUPPORTED_SMALL_DOMAIN","4","3","3","4","3","3","[]","[""نامي""]","75","false","false","false"
"b733f10f02a406c1","13","en_to_ar","24","2","1101100110011/1111110111111/0011011111111/1111001110011/1101111001100/0110111001111/1110111110111/1111001110110/0011001111011/1100111001111/1111111101100/1111110111111/1100110011011","3","6","across","3","???","[{""position"":2,""characters"":[""ئ"",""ر"",""ض"",""ط"",""ع"",""ل"",""ن""]},{""position"":1,""characters"":[""ش"",""ل""]},{""position"":0,""characters"":[""ح"",""ف"",""ل"",""م""]}]","true","false","true","0","0","arc-support","C_API_SAMPLING_LOSS","3","0","0","3","0","0","[]","[""رشح"",""فشل"",""علم""]","0","true","false","false"
"bfbce76de6b99d8e","13","en_to_ar","24","2","1101100110011/1111110111111/0011011111111/1111001110011/1101111001100/0110111001111/1110111110111/1111001110110/0011001111011/1100111001111/1111111101100/1111110111111/1100110011011","0","7","down","4","??ظ?","[{""position"":0,""characters"":[""ا"",""ب"",""ت"",""ح"",""خ"",""د"",""ذ"",""ر"",""س"",""ش"",""ص"",""ض"",""ط"",""ع"",""ف"",""ق"",""ك"",""ل"",""م"",""ن"",""ه"",""و"",""ي""]},{""position"":1,""characters"":[""ا"",""ب"",""ت"",""ح"",""د"",""ر"",""ز"",""س"",""ش"",""ص"",""ض"",""ط"",""ظ"",""ع"",""ف"",""ق"",""ك"",""ل"",""م"",""ن"",""ه"",""و"",""ي""]},{""position"":2,""characters"":[""ظ""]},{""position"":3,""characters"":[""ا"",""ب"",""ت"",""ج"",""ح"",""د"",""ر"",""ز"",""س"",""ش"",""ض"",""ظ"",""ع"",""ف"",""ق"",""ك"",""ل"",""م"",""ن"",""و"",""ي""]}]","false","true","false","3","3","arc-support","SUPPORTED_SMALL_DOMAIN","15","3","3","15","3","3","[]","[""انظر"",""مظلم"",""نظيف"",""معظم"",""نظام"",""عظيم"",""يظهر"",""موظف"",""تظهر"",""حفظت"",""منظم"",""الظل""]","20","false","true","false"
"251b7f62e39c5a76","13","en_to_ar","24","2","1101100110011/1111110111111/0011011111111/1111001110011/1101111001100/0110111001111/1110111110111/1111001110110/0011001111011/1100111001111/1111111101100/1111110111111/1100110011011","1","7","across","6","??????","[{""position"":5,""characters"":[""ا"",""ب"",""ت"",""ح"",""ر"",""ز"",""ع"",""ك"",""و"",""ي""]},{""position"":4,""characters"":[""ا"",""ف"",""ك"",""ل"",""م"",""ن"",""ه""]},{""position"":3,""characters"":[""م"",""و"",""ي""]},{""position"":2,""characters"":[""ب"",""م"",""و""]},{""position"":1,""characters"":[""ا"",""ب"",""ت"",""ح"",""خ"",""د"",""ر"",""ع"",""ق"",""و"",""ي""]},{""position"":0,""characters"":[""ب"",""ت"",""ح"",""د"",""ر"",""ز"",""س"",""ص"",""ض"",""ط"",""ع"",""ق"",""ل"",""م"",""ن"",""و"",""ي""]}]","false","true","false","3","3","arc-support","SUPPORTED_SMALL_DOMAIN","7","3","3","7","3","3","[]","[""يوميات"",""المورد"",""الوميض"",""المميز""]","42.857142857142854","false","true","false"
"905b1db434108b21","13","en_to_ar","24","2","1101100110011/1111110111111/0011011111111/1111001110011/1101111001100/0110111001111/1110111110111/1111001110110/0011001111011/1100111001111/1111111101100/1111110111111/1100110011011","0","7","down","4","?ام?","[{""position"":0,""characters"":[""ت"",""د"",""ر"",""ش"",""ص"",""ع"",""ق"",""ل"",""م"",""ن"",""ي""]},{""position"":1,""characters"":[""ا""]},{""position"":2,""characters"":[""م""]},{""position"":3,""characters"":[""ا"",""ت"",""ق"",""ل"",""م"",""ي""]}]","false","true","true","1","1","arc-support","SUPPORTED_SMALL_DOMAIN","3","1","1","3","1","1","[]","[""نامي"",""صامت""]","33.333333333333336","false","false","false"
"01fa24652a8a17f8","13","en_to_ar","24","2","1101100110011/1111110111111/0011011111111/1111001110011/1101111001100/0110111001111/1110111110111/1111001110110/0011001111011/1100111001111/1111111101100/1111110111111/1100110011011","0","8","down","4","??ت?","[{""position"":0,""characters"":[""ا"",""د"",""ف"",""ق"",""م"",""ه""]},{""position"":1,""characters"":[""ل"",""ن"",""ه""]},{""position"":2,""characters"":[""ت""]},{""position"":3,""characters"":[""ا"",""ب"",""ح"",""ع"",""ف"",""م""]}]","false","true","true","2","2","arc-support","SUPPORTED_SMALL_DOMAIN","3","2","2","3","2","2","[]","[""مهتم""]","66.66666666666667","false","false","false"
"ed535e6f3e2b9596","13","en_to_ar","24","2","1101100110011/1111110111111/0011011111111/1111001110011/1101111001100/0110111001111/1110111110111/1111001110110/0011001111011/1100111001111/1111111101100/1111110111111/1100110011011","1","7","across","6","??????","[{""position"":5,""characters"":[""ا"",""ح"",""د"",""ز"",""س"",""ش"",""ص"",""ض"",""ظ"",""ع"",""ق"",""ك"",""ل"",""م"",""ن"",""ه"",""و"",""ي""]},{""position"":4,""characters"":[""ا"",""ف"",""ك"",""ل"",""م"",""ن"",""ه""]},{""position"":3,""characters"":[""ب"",""ر"",""ظ""]},{""position"":2,""characters"":[""ب"",""م"",""و""]},{""position"":1,""characters"":[""ا"",""ب"",""ت"",""ح"",""خ"",""د"",""ر"",""ع"",""ق"",""و"",""ي""]},{""position"":0,""characters"":[""ب"",""ت"",""ح"",""د"",""ر"",""ز"",""س"",""ص"",""ض"",""ط"",""ع"",""ق"",""ل"",""م"",""ن"",""و"",""ي""]}]","false","true","false","2","2","arc-support","SUPPORTED_SMALL_DOMAIN","4","2","2","4","2","2","[]","[""الربيع"",""الرموز""]","50","false","false","false"
"e98e7c663f97a211","13","en_to_ar","24","2","1101100110011/1111110111111/0011011111111/1111001110011/1101111001100/0110111001111/1110111110111/1111001110110/0011001111011/1100111001111/1111111101100/1111110111111/1100110011011","0","8","down","4","??ت?","[{""position"":0,""characters"":[""ا"",""د"",""ف"",""ق"",""ك"",""م"",""ه"",""ي""]},{""position"":1,""characters"":[""ل"",""ن""]},{""position"":2,""characters"":[""ت""]},{""position"":3,""characters"":[""ا"",""ب"",""ج"",""ح"",""ع"",""ف"",""م"",""ي""]}]","false","true","true","2","2","arc-support","SUPPORTED_SMALL_DOMAIN","3","2","2","3","2","2","[]","[""التي""]","66.66666666666667","false","false","false"
"a2adbd64061621a0","13","en_to_ar","24","2","1101100110011/1111110111111/0011011111111/1111001110011/1101111001100/0110111001111/1110111110111/1111001110110/0011001111011/1100111001111/1111111101100/1111110111111/1100110011011","6","4","across","5","??ل??","[{""position"":4,""characters"":[""ة"",""د"",""ر"",""م""]},{""position"":3,""characters"":[""ا"",""ف"",""و""]},{""position"":2,""characters"":[""ل""]},{""position"":1,""characters"":[""ا"",""س"",""ع"",""ف"",""ك"",""ل"",""م"",""و"",""ي""]},{""position"":0,""characters"":[""ء"",""ا"",""ب"",""ة"",""ت"",""ح"",""د"",""ر"",""ع"",""غ"",""م"",""و""]}]","false","true","false","3","2","arc-support","SUPPORTED_SMALL_DOMAIN","9","2","2","9","2","2","[]","[""افلام"",""تكلفة"",""مالية"",""مولود"",""ميلاد"",""مكلفة"",""دولية""]","22.22222222222222","false","true","false"
"d577c6f49e9b3adc","13","en_to_ar","24","2","1101100110011/1111110111111/0011011111111/1111001110011/1101111001100/0110111001111/1110111110111/1111001110110/0011001111011/1100111001111/1111111101100/1111110111111/1100110011011","9","1","down","4","?يل?","[{""position"":0,""characters"":[""ب"",""ت"",""خ"",""ر"",""س"",""ص"",""ض"",""ع"",""ق"",""م""]},{""position"":1,""characters"":[""ي""]},{""position"":2,""characters"":[""ل""]},{""position"":3,""characters"":[""ت"",""ث"",""د"",""ر"",""ش"",""ص"",""ع"",""ق"",""ن""]}]","false","true","true","2","2","arc-support","C_API_SAMPLING_LOSS","1","0","0","1","0","0","[]","[""صليب""]","0","true","false","false"
"e40a74eec3e48947","13","en_to_ar","24","2","1101100110011/1111110111111/0011011111111/1111001110011/1101111001100/0110111001111/1110111110111/1111001110110/0011001111011/1100111001111/1111111101100/1111110111111/1100110011011","4","5","down","3","و??","[{""position"":0,""characters"":[""و""]},{""position"":1,""characters"":[""ج"",""ح"",""د"",""ع"",""ق"",""ن"",""و""]},{""position"":2,""characters"":[""ا"",""خ"",""س"",""ص"",""ط"",""ل"",""م"",""ن"",""ه"",""و"",""ي""]}]","false","true","false","3","3","arc-support","SUPPORTED_SMALL_DOMAIN","4","3","3","4","3","3","[]","[""نحو""]","75","false","false","false"
"d103c312e8b3ea12","13","en_to_ar","24","2","1101100110011/1111110111111/0011011111111/1111001110011/1101111001100/0110111001111/1110111110111/1111001110110/0011001111011/1100111001111/1111111101100/1111110111111/1100110011011","6","4","across","5","??م??","[{""position"":4,""characters"":[""ا"",""ح"",""م"",""ن""]},{""position"":3,""characters"":[""ه"",""ي""]},{""position"":2,""characters"":[""م""]},{""position"":1,""characters"":[""ا"",""خ"",""ز"",""س"",""ص"",""ط"",""ل"",""م"",""ن"",""ه"",""و"",""ي""]},{""position"":0,""characters"":[""ء"",""ا"",""ة"",""ت"",""ح"",""ر"",""س"",""ل"",""م"",""ن""]}]","false","true","false","3","3","arc-support","SUPPORTED_SMALL_DOMAIN","4","2","2","4","2","2","[]","[""تصميم"",""المهن""]","50","false","false","false"
"f70f4867f42d5ed1","13","en_to_ar","24","2","1101100110011/1111110111111/0011011111111/1111001110011/1101111001100/0110111001111/1110111110111/1111001110110/0011001111011/1100111001111/1111111101100/1111110111111/1100110011011","6","4","across","5","??م?ن","[{""position"":4,""characters"":[""ن""]},{""position"":3,""characters"":[""ه"",""ي""]},{""position"":2,""characters"":[""م""]},{""position"":1,""characters"":[""خ"",""ل""]},{""position"":0,""characters"":[""ا"",""ت""]}]","false","true","true","1","1","arc-support","SUPPORTED_SMALL_DOMAIN","2","1","1","2","1","1","[]","[""المهن""]","50","false","false","false"
"b4af5d238e97ccc4","13","en_to_ar","24","2","1101100110011/1111110111111/0011011111111/1111001110011/1101111001100/0110111001111/1110111110111/1111001110110/0011001111011/1100111001111/1111111101100/1111110111111/1100110011011","6","8","down","3","ت??","[{""position"":0,""characters"":[""ت""]},{""position"":1,""characters"":[""ع"",""م"",""ن""]},{""position"":2,""characters"":[""ا"",""د"",""م"",""ن"",""ه""]}]","false","true","true","1","1","arc-support","C_API_SAMPLING_LOSS","1","0","0","1","0","0","[]","[""انت""]","0","true","false","false"
"890d7a7d44144542","13","en_to_ar","24","2","1101100110011/1111110111111/0011011111111/1111001110011/1101111001100/0110111001111/1110111110111/1111001110110/0011001111011/1100111001111/1111111101100/1111110111111/1100110011011","4","4","down","3","ن??","[{""position"":0,""characters"":[""ن""]},{""position"":1,""characters"":[""ق"",""م""]},{""position"":2,""characters"":[""ر"",""ل""]}]","false","true","true","2","2","arc-support","SUPPORTED_SMALL_DOMAIN","3","1","1","3","1","1","[]","[""نقر"",""نمل""]","33.333333333333336","false","false","false"
"6283618d7cf157db","13","en_to_ar","24","2","1101100110011/1111110111111/0011011111111/1111001110011/1101111001100/0110111001111/1110111110111/1111001110110/0011001111011/1100111001111/1111111101100/1111110111111/1100110011011","6","7","down","3","ل??","[{""position"":0,""characters"":[""ل""]},{""position"":1,""characters"":[""ب"",""ذ"",""ع"",""ك"",""م"",""ي""]},{""position"":2,""characters"":[""ا"",""ر"",""ن"",""ه""]}]","false","true","false","3","2","arc-support","C_API_SAMPLING_LOSS","4","0","0","4","0","0","[]","[""لكن"",""رمل"",""نمل"",""اكل""]","0","true","false","false"
"c21c89b34882594c","13","en_to_ar","24","2","1101100110011/1111110111111/0011011111111/1111001110011/1101111001100/0110111001111/1110111110111/1111001110110/0011001111011/1100111001111/1111111101100/1111110111111/1100110011011","3","6","across","3","??ط","[{""position"":2,""characters"":[""ط""]},{""position"":1,""characters"":[""ا"",""ب"",""ج"",""ح"",""ع"",""ف"",""م"",""ي""]},{""position"":0,""characters"":[""ت"",""د"",""ي""]}]","false","true","true","3","2","arc-support","C_API_SAMPLING_LOSS","1","0","0","1","0","0","[]","[""طبي""]","0","true","false","false"
"5110a7322e48498d","13","en_to_ar","27","1","1101101100110/1111101101110/0111011011111/1101110110011/1101101111011/0011111001111/0110011100110/1111001111100/1101111011011/1100110111011/1111101101110/0111011011111/0110011011011","0","3","down","6","????يج","[{""position"":0,""characters"":[""ا"",""ت"",""ح"",""ع"",""م""]},{""position"":1,""characters"":[""ا"",""د"",""س"",""ش"",""ق"",""ل"",""و""]},{""position"":2,""characters"":[""ا"",""ب"",""ت"",""ث"",""ج"",""ح"",""خ"",""د"",""س"",""ص"",""ع"",""ق"",""ك"",""ل"",""م""]},{""position"":3,""characters"":[""ب"",""ث"",""ح"",""خ"",""د"",""ر"",""ز"",""س"",""ف"",""ق"",""ل"",""م""]},{""position"":4,""characters"":[""ي""]},{""position"":5,""characters"":[""ج""]}]","false","true","true","1","1","arc-support","SUPPORTED_SMALL_DOMAIN","2","1","1","2","1","1","[]","[""الخليج""]","50","false","false","false"
"7c076422e7aa567b","13","en_to_ar","27","1","1101101100110/1111101101110/0111011011111/1101110110011/1101101111011/0011111001111/0110011100110/1111001111100/1101111011011/1100110111011/1111101101110/0111011011111/0110011011011","0","1","down","5","?لا??","[{""position"":0,""characters"":[""ح"",""ي""]},{""position"":1,""characters"":[""ل""]},{""position"":2,""characters"":[""ا""]},{""position"":3,""characters"":[""ب"",""ث"",""ر"",""س"",""ص"",""ع""]},{""position"":4,""characters"":[""ت"",""ر"",""ض"",""م"",""ن""]}]","false","true","true","2","2","arc-support","SUPPORTED_SMALL_DOMAIN","3","2","2","3","2","2","[]","[""مثالي""]","66.66666666666667","false","false","false"
"dd711463e8eff426","13","en_to_ar","27","1","1101101100110/1111101101110/0111011011111/1101110110011/1101101111011/0011111001111/0110011100110/1111001111100/1101111011011/1100110111011/1111101101110/0111011011111/0110011011011","11","1","across","3","??ا","[{""position"":2,""characters"":[""ا""]},{""position"":1,""characters"":[""د"",""س"",""ق"",""ي""]},{""position"":0,""characters"":[""خ"",""ر"",""ل"",""م"",""ن""]}]","false","true","false","3","3","arc-support","SUPPORTED_SMALL_DOMAIN","4","3","3","4","3","3","[]","[""اين""]","75","false","false","false"
"8f87d903754b6cd1","13","en_to_ar","27","1","1101101100110/1111101101110/0111011011111/1101110110011/1101101111011/0011111001111/0110011100110/1111001111100/1101111011011/1100110111011/1111101101110/0111011011111/0110011011011","10","0","across","5","??اع?","[{""position"":4,""characters"":[""ا"",""د""]},{""position"":3,""characters"":[""ع""]},{""position"":2,""characters"":[""ا""]},{""position"":1,""characters"":[""ا"",""س"",""و""]},{""position"":0,""characters"":[""ت"",""د"",""م"",""ه""]}]","false","true","true","1","1","arc-support","SUPPORTED_SMALL_DOMAIN","2","1","1","2","1","1","[]","[""مساعد""]","50","false","false","false"
"4388cd38f62ca63f","13","en_to_ar","27","1","1101101100110/1111101101110/0111011011111/1101110110011/1101101111011/0011111001111/0110011100110/1111001111100/1101111011011/1100110111011/1111101101110/0111011011111/0110011011011","7","0","down","4","لا??","[{""position"":0,""characters"":[""ل""]},{""position"":1,""characters"":[""ا""]},{""position"":2,""characters"":[""م"",""و""]},{""position"":3,""characters"":[""ا"",""ت"",""ج"",""ح"",""ك"",""م""]}]","false","true","true","1","1","arc-support","SUPPORTED_SMALL_DOMAIN","2","1","1","2","1","1","[]","[""جمال""]","50","false","false","false"
"7f39e18d8f12f683","13","en_to_ar","27","1","1101101100110/1111101101110/0111011011111/1101110110011/1101101111011/0011111001111/0110011100110/1111001111100/1101111011011/1100110111011/1111101101110/0111011011111/0110011011011","10","2","down","3","ت??","[{""position"":0,""characters"":[""ت""]},{""position"":1,""characters"":[""ق"",""ك"",""م"",""و"",""ي""]},{""position"":2,""characters"":[""م"",""و""]}]","false","true","true","2","2","arc-support","SUPPORTED_SMALL_DOMAIN","3","2","2","3","2","2","[]","[""موت""]","66.66666666666667","false","false","false"
"b7ce6b69f6957195","13","en_to_ar","27","1","1101101100110/1111101101110/0111011011111/1101110110011/1101101111011/0011111001111/0110011100110/1111001111100/1101111011011/1100110111011/1111101101110/0111011011111/0110011011011","7","0","down","4","م???","[{""position"":0,""characters"":[""م""]},{""position"":1,""characters"":[""ب"",""ل"",""م""]},{""position"":2,""characters"":[""ا"",""ب"",""ح"",""د"",""ز"",""س"",""ف"",""ل"",""ه""]},{""position"":3,""characters"":[""ا"",""ب"",""ة"",""ج"",""ح"",""د"",""ر"",""ز"",""ع"",""ق"",""ك"",""ل"",""م"",""ن""]}]","false","true","false","1","1","arc-support","SUPPORTED_SMALL_DOMAIN","6","1","1","6","1","1","[]","[""نحلم"",""عالم"",""مبدع"",""ملزم"",""ملحق""]","16.666666666666668","false","true","false"
"081283890616bbc7","13","en_to_ar","27","1","1101101100110/1111101101110/0111011011111/1101110110011/1101101111011/0011111001111/0110011100110/1111001111100/1101111011011/1100110111011/1111101101110/0111011011111/0110011011011","7","6","across","5","????ل","[{""position"":4,""characters"":[""ل""]},{""position"":3,""characters"":[""س"",""ف""]},{""position"":2,""characters"":[""ا"",""ت"",""د"",""ع"",""ل"",""ن""]},{""position"":1,""characters"":[""ح"",""س"",""ل""]},{""position"":0,""characters"":[""ا"",""ت"",""م""]}]","false","true","false","3","3","arc-support","SUPPORTED_SMALL_DOMAIN","4","3","3","4","3","3","[]","[""مسلسل""]","75","false","false","false"
"9125a77b783c3ca5","13","en_to_ar","27","1","1101101100110/1111101101110/0111011011111/1101110110011/1101101111011/0011111001111/0110011100110/1111001111100/1101111011011/1100110111011/1111101101110/0111011011111/0110011011011","7","9","down","6","ح?????","[{""position"":0,""characters"":[""ح""]},{""position"":1,""characters"":[""ا"",""ب"",""ت"",""ث"",""خ"",""د"",""ز"",""ض"",""م"",""و"",""ي""]},{""position"":2,""characters"":[""ا"",""ب"",""ز"",""ع"",""ف"",""ق"",""ل"",""م"",""ن"",""و"",""ي""]},{""position"":3,""characters"":[""ت"",""ث"",""ج"",""خ"",""د"",""ز"",""س"",""ش"",""ط"",""ع"",""ك"",""ل"",""م"",""ي""]},{""position"":4,""characters"":[""ا"",""ر"",""ل"",""ي""]},{""position"":5,""characters"":[""ا"",""ب"",""ل""]}]","false","true","true","1","1","arc-support","SUPPORTED_SMALL_DOMAIN","3","1","1","3","1","1","[]","[""السماح"",""الجناح""]","33.333333333333336","false","false","false"
"ff7fbb6120117d0b","13","en_to_ar","27","1","1101101100110/1111101101110/0111011011111/1101110110011/1101101111011/0011111001111/0110011100110/1111001111100/1101111011011/1100110111011/1111101101110/0111011011111/0110011011011","7","6","across","5","???سل","[{""position"":4,""characters"":[""ل""]},{""position"":3,""characters"":[""س""]},{""position"":2,""characters"":[""ا"",""ع"",""ل""]},{""position"":1,""characters"":[""ح"",""س"",""ل""]},{""position"":0,""characters"":[""ا"",""ت"",""م""]}]","false","true","true","2","2","arc-support","SUPPORTED_SMALL_DOMAIN","3","2","2","3","2","2","[]","[""مسلسل""]","66.66666666666667","false","false","false"
"35273d7c2a43736e","13","en_to_ar","27","1","1101101100110/1111101101110/0111011011111/1101110110011/1101101111011/0011111001111/0110011100110/1111001111100/1101111011011/1100110111011/1111101101110/0111011011111/0110011011011","7","9","down","6","ل????ل","[{""position"":0,""characters"":[""ل""]},{""position"":1,""characters"":[""ا"",""ب"",""ت"",""ث"",""خ"",""د"",""ز"",""ض"",""م"",""ي""]},{""position"":2,""characters"":[""ا"",""ز"",""ع"",""ف"",""ق"",""ل"",""م"",""ن"",""و"",""ي""]},{""position"":3,""characters"":[""ت"",""ث"",""ج"",""خ"",""د"",""ز"",""س"",""ش"",""ط"",""ع"",""ك"",""م"",""ي""]},{""position"":4,""characters"":[""ا"",""ر"",""ل""]},{""position"":5,""characters"":[""ل""]}]","false","true","true","2","1","arc-support","SUPPORTED_SMALL_DOMAIN","2","1","1","2","1","1","[]","[""للداخل""]","50","false","false","false"
"35273d7c2a43736e","13","en_to_ar","27","1","1101101100110/1111101101110/0111011011111/1101110110011/1101101111011/0011111001111/0110011100110/1111001111100/1101111011011/1100110111011/1111101101110/0111011011111/0110011011011","7","9","down","6","ل????ل","[{""position"":0,""characters"":[""ل""]},{""position"":1,""characters"":[""ا"",""ب"",""ت"",""ث"",""خ"",""د"",""ز"",""ض"",""م"",""ي""]},{""position"":2,""characters"":[""ا"",""ز"",""ع"",""ف"",""ق"",""ل"",""م"",""ن"",""و"",""ي""]},{""position"":3,""characters"":[""ت"",""ث"",""ج"",""خ"",""د"",""ز"",""س"",""ش"",""ط"",""ع"",""ك"",""م"",""ي""]},{""position"":4,""characters"":[""ا"",""ر"",""ل""]},{""position"":5,""characters"":[""ل""]}]","false","true","true","2","1","arc-support","SUPPORTED_SMALL_DOMAIN","2","1","1","2","1","1","[]","[""للداخل""]","50","false","false","false"
"5e61db9bb35b9d29","13","en_to_ar","27","1","1101101100110/1111101101110/0111011011111/1101110110011/1101101111011/0011111001111/0110011100110/1111001111100/1101111011011/1100110111011/1111101101110/0111011011111/0110011011011","11","8","across","5","???اه","[{""position"":4,""characters"":[""ه""]},{""position"":3,""characters"":[""ا""]},{""position"":2,""characters"":[""ا"",""ب"",""ت"",""ح"",""خ"",""د"",""ذ"",""ر"",""ز"",""س"",""ش"",""ص"",""ط"",""ظ"",""ع"",""غ"",""ف"",""ق"",""ك"",""ل"",""م"",""ن"",""ه"",""و""]},{""position"":1,""characters"":[""ؤ"",""ا"",""ب"",""ت"",""ث"",""ج"",""ح"",""خ"",""د"",""ر"",""س"",""ش"",""ص"",""ض"",""ط"",""ظ"",""ع"",""ف"",""ق"",""ك"",""ل"",""م"",""ن"",""ه"",""و"",""ي""]},{""position"":0,""characters"":[""ا"",""ب"",""ت"",""ث"",""ح"",""د"",""ر"",""ز"",""س"",""ش"",""ص"",""ض"",""ط"",""ع"",""ف"",""ق"",""ل"",""م"",""ن"",""و"",""ي""]}]","false","true","true","1","1","arc-support","SUPPORTED_SMALL_DOMAIN","2","1","1","2","1","1","[]","[""ادناه""]","50","false","false","false"
"35273d7c2a43736e","13","en_to_ar","27","1","1101101100110/1111101101110/0111011011111/1101110110011/1101101111011/0011111001111/0110011100110/1111001111100/1101111011011/1100110111011/1111101101110/0111011011111/0110011011011","7","9","down","6","ل????ل","[{""position"":0,""characters"":[""ل""]},{""position"":1,""characters"":[""ا"",""ب"",""ت"",""ث"",""خ"",""د"",""ز"",""ض"",""م"",""ي""]},{""position"":2,""characters"":[""ا"",""ز"",""ع"",""ف"",""ق"",""ل"",""م"",""ن"",""و"",""ي""]},{""position"":3,""characters"":[""ت"",""ث"",""ج"",""خ"",""د"",""ز"",""س"",""ش"",""ط"",""ع"",""ك"",""م"",""ي""]},{""position"":4,""characters"":[""ا"",""ر"",""ل""]},{""position"":5,""characters"":[""ل""]}]","false","true","true","2","1","arc-support","SUPPORTED_SMALL_DOMAIN","2","1","1","2","1","1","[]","[""للداخل""]","50","false","false","false"
"5abce81c8c6ce6f2","13","en_to_ar","27","2","1101101100110/1111101101110/0111011011111/1101110110011/1101101111011/0011111001111/0110011100110/1111001111100/1101111011011/1100110111011/1111101101110/0111011011111/0110011011011","0","3","down","6","????ض?","[{""position"":0,""characters"":[""ا"",""ب"",""ت"",""ث"",""ج"",""ح"",""خ"",""د"",""ر"",""ز"",""س"",""ش"",""ص"",""ض"",""ط"",""ع"",""ف"",""ق"",""ك"",""ل"",""م"",""ن"",""ه"",""و"",""ي""]},{""position"":1,""characters"":[""ؤ"",""ئ"",""ا"",""ب"",""ت"",""ث"",""ج"",""خ"",""د"",""ذ"",""ر"",""س"",""ش"",""ص"",""ض"",""ط"",""ع"",""ق"",""ك"",""ل"",""م"",""ن"",""ه"",""و"",""ي""]},{""position"":2,""characters"":[""ا"",""ب"",""ت"",""ث"",""ج"",""ح"",""خ"",""د"",""ذ"",""ر"",""ز"",""س"",""ش"",""ص"",""ض"",""ط"",""ع"",""غ"",""ف"",""ق"",""ك"",""ل"",""م"",""ن"",""ه"",""و"",""ى"",""ي""]},{""position"":3,""characters"":[""ا"",""ب"",""ت"",""ث"",""ج"",""ح"",""خ"",""د"",""ذ"",""ر"",""ز"",""س"",""ش"",""ص"",""ض"",""ط"",""ع"",""غ"",""ف"",""ق"",""ك"",""ل"",""م"",""ن"",""ه"",""و"",""ى"",""ي""]},{""position"":4,""characters"":[""ض""]},{""position"":5,""characters"":[""ا"",""ب"",""ت"",""ث"",""ج"",""ح"",""خ"",""د"",""ر"",""س"",""ش"",""ص"",""ض"",""ط"",""ع"",""ف"",""ق"",""ك"",""ل"",""م"",""ن"",""ه"",""و"",""ي""]}]","false","true","false","1","1","arc-support","SUPPORTED_SMALL_DOMAIN","4","1","1","4","1","1","[]","[""الماضي"",""الحاضر"",""الموضع""]","25","false","false","false"
"90d466e16ad659d7","13","en_to_ar","27","2","1101101100110/1111101101110/0111011011111/1101110110011/1101101111011/0011111001111/0110011100110/1111001111100/1101111011011/1100110111011/1111101101110/0111011011111/0110011011011","5","2","across","5","??بل?","[{""position"":4,""characters"":[""ا"",""ة""]},{""position"":3,""characters"":[""ل""]},{""position"":2,""characters"":[""ب""]},{""position"":1,""characters"":[""ا"",""ب"",""ح"",""ط"",""ع"",""ك"",""ل"",""م"",""ه"",""ي""]},{""position"":0,""characters"":[""ا"",""ب"",""ث"",""ح"",""ز"",""ش"",""ض"",""ع"",""ل"",""م"",""ن""]}]","false","true","false","3","3","arc-support","SUPPORTED_SMALL_DOMAIN","5","3","3","5","3","3","[]","[""الباب"",""البال""]","60","false","true","false"
"650b569977a7c775","13","en_to_ar","27","2","1101101100110/1111101101110/0111011011111/1101110110011/1101101111011/0011111001111/0110011100110/1111001111100/1101111011011/1100110111011/1111101101110/0111011011111/0110011011011","4","6","down","5","?ض???","[{""position"":0,""characters"":[""ا"",""ة"",""ت"",""د"",""ر"",""ز"",""س"",""ش"",""ض"",""ع"",""ف"",""ق"",""م"",""ي""]},{""position"":1,""characters"":[""ض""]},{""position"":2,""characters"":[""ا"",""ب"",""د"",""ر"",""ز"",""ل"",""م"",""و"",""ي""]},{""position"":3,""characters"":[""ا"",""ب"",""د"",""ر"",""ز"",""س"",""ق"",""ل"",""ن"",""و"",""ي""]},{""position"":4,""characters"":[""ء"",""ا"",""ب"",""ة"",""ت"",""ث"",""د"",""ز"",""ض"",""ط"",""ع"",""ف"",""م"",""ه"",""ي""]}]","false","true","false","3","3","arc-support","SUPPORTED_SMALL_DOMAIN","4","3","3","4","3","3","[]","[""مريضة""]","75","false","false","false"
"2810f38133af5494","13","en_to_ar","27","2","1101101100110/1111101101110/0111011011111/1101110110011/1101101111011/0011111001111/0110011100110/1111001111100/1101111011011/1100110111011/1111101101110/0111011011111/0110011011011","5","9","across","4","???و","[{""position"":3,""characters"":[""و""]},{""position"":2,""characters"":[""خ"",""ر"",""ع"",""ل"",""م"",""ي""]},{""position"":1,""characters"":[""ا"",""خ"",""د"",""ش"",""ف"",""ك"",""ل""]},{""position"":0,""characters"":[""ا"",""ة"",""ت"",""د"",""ك"",""ن"",""و""]}]","false","true","false","2","2","arc-support","SUPPORTED_SMALL_DOMAIN","4","2","2","4","2","2","[]","[""وردة"",""ولدت""]","50","false","false","false"
"dbe08f6bf5d4c9f6","13","en_to_ar","27","2","1101101100110/1111101101110/0111011011111/1101110110011/1101101111011/0011111001111/0110011100110/1111001111100/1101111011011/1100110111011/1111101101110/0111011011111/0110011011011","2","12","down","4","???ت","[{""position"":0,""characters"":[""ا"",""ر"",""ق"",""م"",""ن""]},{""position"":1,""characters"":[""ب"",""ح"",""د"",""ر"",""ق"",""ل"",""ن""]},{""position"":2,""characters"":[""ب"",""ح"",""د"",""ظ"",""ع"",""ق"",""ل"",""ي""]},{""position"":3,""characters"":[""ت""]}]","false","true","false","3","3","arc-support","SUPPORTED_SMALL_DOMAIN","9","3","3","9","3","3","[]","[""تعلم"",""تحقق"",""قبلت"",""نقلت"",""منحت"",""تعلن""]","33.333333333333336","false","true","false"
"164ee65c60e69016","13","en_to_ar","27","2","1101101100110/1111101101110/0111011011111/1101110110011/1101101111011/0011111001111/0110011100110/1111001111100/1101111011011/1100110111011/1111101101110/0111011011111/0110011011011","5","9","across","4","???و","[{""position"":3,""characters"":[""و""]},{""position"":2,""characters"":[""خ"",""ر"",""ع"",""ل"",""م"",""ي""]},{""position"":1,""characters"":[""ا"",""د"",""ش"",""ف"",""ك"",""ل"",""م""]},{""position"":0,""characters"":[""ا"",""ة"",""ت"",""د"",""ع"",""ك"",""ن"",""و""]}]","false","true","false","2","2","arc-support","SUPPORTED_SMALL_DOMAIN","4","2","2","4","2","2","[]","[""وردة"",""ولدت""]","50","false","false","false"
"2fa6591860fbc3aa","13","en_to_ar","27","2","1101101100110/1111101101110/0111011011111/1101110110011/1101101111011/0011111001111/0110011100110/1111001111100/1101111011011/1100110111011/1111101101110/0111011011111/0110011011011","2","12","down","4","???ت","[{""position"":0,""characters"":[""ا"",""م""]},{""position"":1,""characters"":[""د"",""ل"",""م""]},{""position"":2,""characters"":[""ب"",""د"",""ظ"",""ع""]},{""position"":3,""characters"":[""ت""]}]","false","true","true","3","3","arc-support","SUPPORTED_SMALL_DOMAIN","2","1","1","2","1","1","[]","[""تعلم""]","50","false","false","false"
"b1e7c935b170aad7","13","en_to_ar","27","2","1101101100110/1111101101110/0111011011111/1101110110011/1101101111011/0011111001111/0110011100110/1111001111100/1101111011011/1100110111011/1111101101110/0111011011111/0110011011011","0","10","down","3","??ا","[{""position"":0,""characters"":[""ا"",""ص"",""ق"",""ك"",""ل"",""و"",""ي""]},{""position"":1,""characters"":[""ا"",""ب"",""ج"",""ح"",""د"",""ز"",""ش"",""ص"",""ض"",""ق"",""ل"",""م"",""ن"",""و"",""ي""]},{""position"":2,""characters"":[""ا""]}]","false","true","false","2","2","arc-support","SUPPORTED_SMALL_DOMAIN","5","2","2","5","2","2","[]","[""اما"",""ابق"",""ولا""]","40","false","true","false"
"71da7ba66cbe81a4","13","en_to_ar","27","2","1101101100110/1111101101110/0111011011111/1101110110011/1101101111011/0011111001111/0110011100110/1111001111100/1101111011011/1100110111011/1111101101110/0111011011111/0110011011011","2","8","down","3","?هر","[{""position"":0,""characters"":[""ح"",""ذ"",""ز"",""ش"",""ص"",""ض"",""ط"",""ف"",""م"",""ن""]},{""position"":1,""characters"":[""ه""]},{""position"":2,""characters"":[""ر""]}]","false","true","true","2","2","arc-support","SUPPORTED_SMALL_DOMAIN","3","2","2","3","2","2","[]","[""شهر""]","66.66666666666667","false","false","false"
"adc6dcab7cbcc394","13","en_to_ar","27","2","1101101100110/1111101101110/0111011011111/1101110110011/1101101111011/0011111001111/0110011100110/1111001111100/1101111011011/1100110111011/1111101101110/0111011011111/0110011011011","0","11","down","7","?????ي?","[{""position"":0,""characters"":[""ا"",""ب"",""ت"",""ك"",""م"",""ن"",""ي""]},{""position"":1,""characters"":[""ا"",""ج"",""ر"",""س"",""ع"",""ق"",""ك"",""ل"",""و"",""ي""]},{""position"":2,""characters"":[""ئ"",""ا"",""ح"",""ل"",""م"",""ي""]},{""position"":3,""characters"":[""ا"",""ب"",""ت"",""ح"",""خ"",""د"",""ر"",""ز"",""س"",""ص"",""ط"",""ع"",""ف"",""ق"",""ل"",""ن"",""ه"",""و"",""ي""]},{""position"":4,""characters"":[""ا"",""ت"",""ح"",""خ"",""د"",""ر"",""ص"",""ع"",""ف"",""ق"",""ك"",""ل"",""م"",""ن"",""و"",""ي""]},{""position"":5,""characters"":[""ي""]},{""position"":6,""characters"":[""ب"",""ت"",""ح"",""د"",""ذ"",""ر"",""س"",""ع"",""ف"",""ك"",""ل"",""م"",""ن""]}]","false","true","true","2","2","arc-support","SUPPORTED_SMALL_DOMAIN","3","2","2","3","2","2","[]","[""فيدرالي""]","66.66666666666667","false","false","false"
"4db783570f002d09","13","en_to_ar","27","2","1101101100110/1111101101110/0111011011111/1101110110011/1101101111011/0011111001111/0110011100110/1111001111100/1101111011011/1100110111011/1111101101110/0111011011111/0110011011011","0","11","down","7","?????ا?","[{""position"":0,""characters"":[""ا"",""ت"",""ك"",""م""]},{""position"":1,""characters"":[""ا"",""ج"",""ع"",""ق"",""ل""]},{""position"":2,""characters"":[""ح"",""ل"",""م"",""ي""]},{""position"":3,""characters"":[""ا"",""ع"",""ل"",""و"",""ي""]},{""position"":4,""characters"":[""د"",""ر"",""ع"",""ف"",""ل"",""م"",""ن"",""و"",""ي""]},{""position"":5,""characters"":[""ا""]},{""position"":6,""characters"":[""ر"",""ن""]}]","false","true","true","2","2","arc-support","SUPPORTED_SMALL_DOMAIN","3","2","2","3","2","2","[]","[""الميدان""]","66.66666666666667","false","false","false"
"6e8375cd454e57ed","13","en_to_ar","27","2","1101101100110/1111101101110/0111011011111/1101110110011/1101101111011/0011111001111/0110011100110/1111001111100/1101111011011/1100110111011/1111101101110/0111011011111/0110011011011","1","9","across","3","ل??","[{""position"":2,""characters"":[""ح"",""د"",""ل""]},{""position"":1,""characters"":[""ج"",""م"",""ه""]},{""position"":0,""characters"":[""ل""]}]","true","false","true","0","0","arc-support","C_API_SAMPLING_LOSS","1","0","0","1","0","0","[]","[""حمل""]","0","true","false","false"
"0b960063ab2ff374","13","en_to_ar","27","2","1101101100110/1111101101110/0111011011111/1101110110011/1101101111011/0011111001111/0110011100110/1111001111100/1101111011011/1100110111011/1111101101110/0111011011111/0110011011011","1","9","across","3","ل??","[{""position"":2,""characters"":[""ح"",""د"",""ف"",""ل"",""ه""]},{""position"":1,""characters"":[""ا"",""ب"",""ج"",""د"",""ر"",""س"",""ط"",""ف"",""ق"",""ك"",""م"",""ن"",""ه"",""و""]},{""position"":0,""characters"":[""ل""]}]","false","true","false","2","2","arc-support","SUPPORTED_SMALL_DOMAIN","6","2","2","6","2","2","[]","[""حول"",""حفل"",""حقل"",""حمل""]","33.333333333333336","false","true","false"
"86be23406715d4a8","13","en_to_ar","27","2","1101101100110/1111101101110/0111011011111/1101110110011/1101101111011/0011111001111/0110011100110/1111001111100/1101111011011/1100110111011/1111101101110/0111011011111/0110011011011","0","11","down","7","??ل??ات","[{""position"":0,""characters"":[""ا"",""ت"",""ك"",""م""]},{""position"":1,""characters"":[""ا"",""ج"",""ع"",""ق"",""ل""]},{""position"":2,""characters"":[""ل""]},{""position"":3,""characters"":[""ا"",""و"",""ي""]},{""position"":4,""characters"":[""د"",""م"",""ن""]},{""position"":5,""characters"":[""ا""]},{""position"":6,""characters"":[""ت""]}]","false","true","true","2","2","arc-support","SUPPORTED_SMALL_DOMAIN","3","2","2","3","2","2","[]","[""تعليمات""]","66.66666666666667","false","false","false"
"7f8b50c08436251f","13","en_to_ar","27","2","1101101100110/1111101101110/0111011011111/1101110110011/1101101111011/0011111001111/0110011100110/1111001111100/1101111011011/1100110111011/1111101101110/0111011011111/0110011011011","0","10","down","3","??ت","[{""position"":0,""characters"":[""ص"",""ك"",""ن""]},{""position"":1,""characters"":[""ب"",""م"",""و""]},{""position"":2,""characters"":[""ت""]}]","false","true","true","2","1","arc-support","SUPPORTED_SMALL_DOMAIN","2","1","1","2","1","1","[]","[""صمت""]","50","false","false","false"
"bdb9137eb02cd498","13","en_to_ar","27","2","1101101100110/1111101101110/0111011011111/1101110110011/1101101111011/0011111001111/0110011100110/1111001111100/1101111011011/1100110111011/1111101101110/0111011011111/0110011011011","1","9","across","3","ع?ر","[{""position"":2,""characters"":[""ر""]},{""position"":1,""characters"":[""ب"",""م""]},{""position"":0,""characters"":[""ع""]}]","false","true","true","2","2","arc-support","SUPPORTED_SMALL_DOMAIN","3","2","2","3","2","2","[]","[""ربع""]","66.66666666666667","false","false","false"
"9ac55507b530f09b","13","en_to_ar","27","2","1101101100110/1111101101110/0111011011111/1101110110011/1101101111011/0011111001111/0110011100110/1111001111100/1101111011011/1100110111011/1111101101110/0111011011111/0110011011011","7","0","across","4","?حي?","[{""position"":3,""characters"":[""ا"",""ة"",""ت"",""ح"",""ص"",""ظ"",""ل"",""ن"",""ي""]},{""position"":2,""characters"":[""ي""]},{""position"":1,""characters"":[""ح""]},{""position"":0,""characters"":[""ا"",""ب"",""ت"",""ر"",""ص"",""ق"",""م""]}]","false","true","true","1","1","arc-support","SUPPORTED_SMALL_DOMAIN","2","1","1","2","1","1","[]","[""صحية""]","50","false","false","false"
"4c0ae79a01456448","13","en_to_ar","27","2","1101101100110/1111101101110/0111011011111/1101110110011/1101101111011/0011111001111/0110011100110/1111001111100/1101111011011/1100110111011/1111101101110/0111011011111/0110011011011","7","0","down","4","ح???","[{""position"":0,""characters"":[""ح""]},{""position"":1,""characters"":[""ا"",""ص"",""ظ"",""ق"",""ك"",""ي""]},{""position"":2,""characters"":[""ح"",""د"",""ط"",""ل""]},{""position"":3,""characters"":[""ة"",""ت"",""ث"",""ح""]}]","false","true","true","2","2","arc-support","C_API_SAMPLING_LOSS","1","0","0","1","0","0","[]","[""حالة""]","0","true","false","false"
"9ac55507b530f09b","13","en_to_ar","27","2","1101101100110/1111101101110/0111011011111/1101110110011/1101101111011/0011111001111/0110011100110/1111001111100/1101111011011/1100110111011/1111101101110/0111011011111/0110011011011","7","0","across","4","?حي?","[{""position"":3,""characters"":[""ا"",""ة"",""ت"",""ح"",""ص"",""ظ"",""ل"",""ن"",""ي""]},{""position"":2,""characters"":[""ي""]},{""position"":1,""characters"":[""ح""]},{""position"":0,""characters"":[""ا"",""ب"",""ت"",""ر"",""ص"",""ق"",""م""]}]","false","true","true","1","1","arc-support","SUPPORTED_SMALL_DOMAIN","2","1","1","2","1","1","[]","[""صحية""]","50","false","false","false"
"15e137a41aabf6f3","13","en_to_ar","28","1","0110111100111/1111111101111/1101100111100/0110110011011/0111011101111/1101101100110/1110110110111/0110011011011/1111011101110/1101100110110/0011110011011/1111011111111/1110011110110","0","4","across","4","??ر?","[{""position"":3,""characters"":[""ا"",""ب"",""ة"",""م"",""ن"",""ي""]},{""position"":2,""characters"":[""ر""]},{""position"":1,""characters"":[""ت"",""ح"",""ر"",""ص"",""ط""]},{""position"":0,""characters"":[""ب"",""ة"",""ف"",""م""]}]","false","true","true","2","2","arc-support","SUPPORTED_SMALL_DOMAIN","3","2","2","3","2","2","[]","[""نرحب""]","66.66666666666667","false","false","false"
"9241cf95d999b8b2","13","en_to_ar","28","1","0110111100111/1111111101111/1101100111100/0110110011011/0111011101111/1101101100110/1110110110111/0110011011011/1111011101110/1101100110110/0011110011011/1111011111111/1110011110110","0","4","down","4","يل??","[{""position"":0,""characters"":[""ي""]},{""position"":1,""characters"":[""ل""]},{""position"":2,""characters"":[""ا"",""ت"",""ح""]},{""position"":3,""characters"":[""ح"",""ر"",""ك"",""م"",""ن""]}]","false","true","true","1","1","arc-support","SUPPORTED_SMALL_DOMAIN","2","1","1","2","1","1","[]","[""مالي""]","50","false","false","false"
"81ed57efa86a0453","13","en_to_ar","28","1","0110111100111/1111111101111/1101100111100/0110110011011/0111011101111/1101101100110/1110110110111/0110011011011/1111011101110/1101100110110/0011110011011/1111011111111/1110011110110","8","0","across","4","?اي?","[{""position"":3,""characters"":[""ب"",""ح"",""د"",""ض"",""ق"",""ل""]},{""position"":2,""characters"":[""ي""]},{""position"":1,""characters"":[""ا""]},{""position"":0,""characters"":[""ب"",""ة"",""ت"",""س"",""ع"",""م"",""ن""]}]","false","true","true","3","2","arc-support","SUPPORTED_SMALL_DOMAIN","3","2","2","3","2","2","[]","[""بيان""]","66.66666666666667","false","false","false"
"c35bedf7bb2e7f48","13","en_to_ar","28","1","0110111100111/1111111101111/1101100111100/0110110011011/0111011101111/1101101100110/1110110110111/0110011011011/1111011101110/1101100110110/0011110011011/1111011111111/1110011110110","0","10","across","3","??ت","[{""position"":2,""characters"":[""ت""]},{""position"":1,""characters"":[""ح"",""ر""]},{""position"":0,""characters"":[""س"",""ص"",""ف""]}]","false","true","true","2","2","arc-support","SUPPORTED_SMALL_DOMAIN","3","2","2","3","2","2","[]","[""ترف""]","66.66666666666667","false","false","false"
"4446559541548ce1","13","en_to_ar","28","1","0110111100111/1111111101111/1101100111100/0110110011011/0111011101111/1101101100110/1110110110111/0110011011011/1111011101110/1101100110110/0011110011011/1111011111111/1110011110110","8","9","across","3","ت??","[{""position"":2,""characters"":[""ا"",""ب"",""خ"",""د"",""ذ"",""ر"",""ز"",""س"",""ص"",""ض"",""ع"",""ف"",""ق"",""ل"",""م"",""ن"",""و""]},{""position"":1,""characters"":[""ج"",""ر"",""س"",""ص"",""ط"",""ع"",""ف"",""ق"",""ك"",""م""]},{""position"":0,""characters"":[""ت""]}]","false","true","false","2","2","arc-support","SUPPORTED_SMALL_DOMAIN","7","2","2","7","2","2","[]","[""وقت"",""مرت"",""ترف"",""تقف"",""صمت""]","28.571428571428573","false","true","false"
"d362096ba8bf66b0","13","en_to_ar","28","1","0110111100111/1111111101111/1101100111100/0110110011011/0111011101111/1101101100110/1110110110111/0110011011011/1111011101110/1101100110110/0011110011011/1111011111111/1110011110110","4","10","down","3","ز??","[{""position"":0,""characters"":[""ز""]},{""position"":1,""characters"":[""ك"",""ي""]},{""position"":2,""characters"":[""ح"",""ر""]}]","false","true","true","2","2","arc-support","SUPPORTED_SMALL_DOMAIN","2","1","1","2","1","1","[]","[""حيز""]","50","false","false","false"
"f57a06f1c24e5f47","13","en_to_ar","28","1","0110111100111/1111111101111/1101100111100/0110110011011/0111011101111/1101101100110/1110110110111/0110011011011/1111011101110/1101100110110/0011110011011/1111011111111/1110011110110","8","9","across","3","ت??","[{""position"":2,""characters"":[""ا"",""ب"",""د"",""ر"",""س"",""ض"",""ف"",""ل""]},{""position"":1,""characters"":[""ج"",""ر"",""س"",""ص"",""ع"",""ف"",""ق"",""ك"",""م""]},{""position"":0,""characters"":[""ت""]}]","false","true","false","2","2","arc-support","SUPPORTED_SMALL_DOMAIN","4","2","2","4","2","2","[]","[""ترف"",""تقف""]","50","false","false","false"
"9fe1f1ee8b61e341","13","en_to_ar","28","1","0110111100111/1111111101111/1101100111100/0110110011011/0111011101111/1101101100110/1110110110111/0110011011011/1111011101110/1101100110110/0011110011011/1111011111111/1110011110110","8","9","across","3","لا?","[{""position"":2,""characters"":[""ا"",""ب"",""ح"",""د"",""ر"",""س"",""ط"",""ع"",""ق"",""م"",""ن"",""و""]},{""position"":1,""characters"":[""ا""]},{""position"":0,""characters"":[""ل""]}]","false","true","true","2","2","arc-support","SUPPORTED_SMALL_DOMAIN","3","2","2","3","2","2","[]","[""عال""]","66.66666666666667","false","false","false"
"bd77f611ae799ede","13","en_to_ar","28","1","0110111100111/1111111101111/1101100111100/0110110011011/0111011101111/1101101100110/1110110110111/0110011011011/1111011101110/1101100110110/0011110011011/1111011111111/1110011110110","6","10","across","3","?ار","[{""position"":2,""characters"":[""ر""]},{""position"":1,""characters"":[""ا""]},{""position"":0,""characters"":[""ص"",""ع"",""ن"",""ه""]}]","false","true","true","2","2","arc-support","SUPPORTED_SMALL_DOMAIN","3","2","2","3","2","2","[]","[""صار""]","66.66666666666667","false","false","false"
"f1b983ec5d1943be","13","en_to_ar","28","2","0110111100111/1111111101111/1101100111100/0110110011011/0111011101111/1101101100110/1110110110111/0110011011011/1111011101110/1101100110110/0011110011011/1111011111111/1110011110110","8","0","across","4","?ما?","[{""position"":3,""characters"":[""ت"",""ر"",""ط"",""ع"",""ق"",""ك"",""ن"",""و""]},{""position"":2,""characters"":[""ا""]},{""position"":1,""characters"":[""م""]},{""position"":0,""characters"":[""ب"",""ة"",""د"",""ر"",""س"",""ع"",""ل"",""م"",""ي""]}]","false","true","false","1","1","arc-support","SUPPORTED_SMALL_DOMAIN","5","1","1","5","1","1","[]","[""نامي"",""عامة"",""كامل"",""سماع""]","20","false","true","false"
"767ba861c9887339","13","en_to_ar","28","2","0110111100111/1111111101111/1101100111100/0110110011011/0111011101111/1101101100110/1110110110111/0110011011011/1111011101110/1101100110110/0011110011011/1111011111111/1110011110110","10","2","across","4","??ك?","[{""position"":3,""characters"":[""ذ"",""ر"",""س"",""ف"",""ل"",""م"",""ي""]},{""position"":2,""characters"":[""ك""]},{""position"":1,""characters"":[""ر"",""ن""]},{""position"":0,""characters"":[""ا"",""ب"",""ت"",""ل"",""ى"",""ي""]}]","false","true","false","3","3","arc-support","SUPPORTED_SMALL_DOMAIN","6","3","3","6","3","3","[]","[""فكري"",""فكرت"",""ذكرا""]","50","false","true","false"
"6f8470bc4739d2a4","13","en_to_ar","28","2","0110111100111/1111111101111/1101100111100/0110110011011/0111011101111/1101101100110/1110110110111/0110011011011/1111011101110/1101100110110/0011110011011/1111011111111/1110011110110","10","2","down","3","ذ??","[{""position"":0,""characters"":[""ذ""]},{""position"":1,""characters"":[""ا"",""ب"",""ج"",""ح"",""ر"",""ط"",""ف"",""ل"",""م"",""ه"",""و"",""ي""]},{""position"":2,""characters"":[""ئ"",""ب"",""ة"",""ت"",""ح"",""ر"",""ع"",""ف"",""ق"",""ك"",""ل"",""ن""]}]","false","true","false","3","3","arc-support","SUPPORTED_SMALL_DOMAIN","4","3","3","4","3","3","[]","[""ذرة""]","75","false","false","false"
"cabd44be96c35d94","13","en_to_ar","28","2","0110111100111/1111111101111/1101100111100/0110110011011/0111011101111/1101101100110/1110110110111/0110011011011/1111011101110/1101100110110/0011110011011/1111011111111/1110011110110","12","0","across","3","ق??","[{""position"":2,""characters"":[""ع"",""م""]},{""position"":1,""characters"":[""ر"",""ي""]},{""position"":0,""characters"":[""ق""]}]","false","true","true","3","3","arc-support","SUPPORTED_SMALL_DOMAIN","2","1","1","2","1","1","[]","[""عرق""]","50","false","false","false"
"79f6a3e36cde192b","13","en_to_ar","28","2","0110111100111/1111111101111/1101100111100/0110110011011/0111011101111/1101101100110/1110110110111/0110011011011/1111011101110/1101100110110/0011110011011/1111011111111/1110011110110","4","9","across","4","ال??","[{""position"":3,""characters"":[""ا"",""ب"",""ة"",""ت"",""ث"",""ج"",""خ"",""د"",""ص"",""ف"",""ق"",""ل"",""م"",""ن"",""ي""]},{""position"":2,""characters"":[""خ"",""د"",""ر"",""ص"",""ع"",""ق"",""م"",""و""]},{""position"":1,""characters"":[""ل""]},{""position"":0,""characters"":[""ا""]}]","false","true","false","3","3","arc-support","SUPPORTED_SMALL_DOMAIN","9","3","3","9","3","3","[]","[""الدب"",""العم"",""الصف"",""الرد"",""العد"",""المد""]","33.333333333333336","false","true","false"
"9eac67d3f23f68f0","13","en_to_ar","28","2","0110111100111/1111111101111/1101100111100/0110110011011/0111011101111/1101101100110/1110110110111/0110011011011/1111011101110/1101100110110/0011110011011/1111011111111/1110011110110","12","5","across","4","???ب","[{""position"":3,""characters"":[""ب""]},{""position"":2,""characters"":[""ح"",""د"",""ص"",""ط"",""ه"",""و""]},{""position"":1,""characters"":[""ح"",""ك""]},{""position"":0,""characters"":[""ا"",""ة"",""ت"",""ح"",""ر"",""غ"",""ق"",""ل"",""م"",""ن"",""ي""]}]","false","true","true","1","1","arc-support","SUPPORTED_SMALL_DOMAIN","2","1","1","2","1","1","[]","[""ركوب""]","50","false","false","false"
"4ef4c8b4df9a8c64","13","en_to_ar","28","2","0110111100111/1111111101111/1101100111100/0110110011011/0111011101111/1101101100110/1110110110111/0110011011011/1111011101110/1101100110110/0011110011011/1111011111111/1110011110110","9","8","down","4","???ر","[{""position"":0,""characters"":[""ا"",""ب"",""ت"",""ث"",""ج"",""ح"",""خ"",""د"",""ذ"",""ر"",""ز"",""س"",""ش"",""ص"",""ع"",""ف"",""ق"",""ك"",""ل"",""م"",""ن"",""و"",""ي""]},{""position"":1,""characters"":[""ا"",""ب"",""ت"",""ح"",""د"",""ر"",""ز"",""س"",""ش"",""ص"",""ض"",""ط"",""ع"",""غ"",""ف"",""ق"",""ل"",""م"",""ن"",""ي""]},{""position"":2,""characters"":[""ت"",""ع"",""ل""]},{""position"":3,""characters"":[""ر""]}]","true","false","true","0","0","arc-support","C_API_SAMPLING_LOSS","2","0","0","2","0","0","[]","[""يشعر"",""تشعر""]","0","true","false","false"
"165c54382f5f1cf9","13","en_to_ar","28","2","0110111100111/1111111101111/1101100111100/0110110011011/0111011101111/1101101100110/1110110110111/0110011011011/1111011101110/1101100110110/0011110011011/1111011111111/1110011110110","12","5","across","4","???ش","[{""position"":3,""characters"":[""ش""]},{""position"":2,""characters"":[""غ"",""ف""]},{""position"":1,""characters"":[""ل"",""ه"",""و"",""ي""]},{""position"":0,""characters"":[""ا"",""ت"",""ر"",""ط"",""ي""]}]","false","true","true","2","2","arc-support","SUPPORTED_SMALL_DOMAIN","3","2","2","3","2","2","[]","[""شفوي""]","66.66666666666667","false","false","false"
"822ca5636055b6d6","13","en_to_ar","28","2","0110111100111/1111111101111/1101100111100/0110110011011/0111011101111/1101101100110/1110110110111/0110011011011/1111011101110/1101100110110/0011110011011/1111011111111/1110011110110","12","5","across","4","??صم","[{""position"":3,""characters"":[""م""]},{""position"":2,""characters"":[""ص""]},{""position"":1,""characters"":[""ب"",""د"",""ز"",""س"",""ع"",""ل"",""ي""]},{""position"":0,""characters"":[""ح"",""د"",""ر"",""ز"",""ع"",""ق"",""ل"",""م""]}]","false","true","true","2","2","arc-support","SUPPORTED_SMALL_DOMAIN","3","2","2","3","2","2","[]","[""مصدق""]","66.66666666666667","false","false","false"
"ba674f1502f0e7f5","13","en_to_ar","28","2","0110111100111/1111111101111/1101100111100/0110110011011/0111011101111/1101101100110/1110110110111/0110011011011/1111011101110/1101100110110/0011110011011/1111011111111/1110011110110","9","8","down","4","??ت?","[{""position"":0,""characters"":[""ا"",""ب"",""ت"",""ج"",""ح"",""د"",""ر"",""ز"",""س"",""ش"",""ص"",""ض"",""ع"",""ف"",""ق"",""ل"",""م"",""ن"",""و"",""ي""]},{""position"":1,""characters"":[""ا"",""ب"",""ت"",""ج"",""ح"",""خ"",""د"",""ز"",""س"",""ش"",""ص"",""ض"",""ط"",""ع"",""غ"",""ف"",""ل"",""م"",""ن"",""ه"",""و"",""ي""]},{""position"":2,""characters"":[""ت""]},{""position"":3,""characters"":[""د"",""ر""]}]","false","true","true","3","3","arc-support","C_API_SAMPLING_LOSS","1","0","0","1","0","0","[]","[""اختر""]","0","true","false","false"
"24e02021b97f2bf8","13","en_to_ar","28","2","0110111100111/1111111101111/1101100111100/0110110011011/0111011101111/1101101100110/1110110110111/0110011011011/1111011101110/1101100110110/0011110011011/1111011111111/1110011110110","12","5","across","4","??وم","[{""position"":3,""characters"":[""م""]},{""position"":2,""characters"":[""و""]},{""position"":1,""characters"":[""ب"",""د"",""ز"",""س"",""ع"",""ل"",""ي""]},{""position"":0,""characters"":[""ح"",""د"",""ر"",""ز"",""ع"",""ق"",""ل"",""م""]}]","false","true","false","3","2","arc-support","SUPPORTED_SMALL_DOMAIN","5","2","2","5","2","2","[]","[""موعد"",""علوم"",""موسم""]","40","false","true","false"
"866fb601ebb08dc2","13","en_to_ar","29","1","0111011100111/1111111101111/1100110011011/0111011110011/1111001100111/1101101101100/0111110111110/0011011011011/1110011001111/1100111101110/1101100110011/1111011111111/1110011101110","0","5","across","3","?س?","[{""position"":2,""characters"":[""ا"",""ج"",""ح"",""ط"",""ف"",""م""]},{""position"":1,""characters"":[""س""]},{""position"":0,""characters"":[""ب"",""م""]}]","false","true","true","2","2","arc-support","SUPPORTED_SMALL_DOMAIN","3","2","2","3","2","2","[]","[""جسم""]","66.66666666666667","false","false","false"
"483c2ecce6cf0760","13","en_to_ar","29","1","0111011100111/1111111101111/1100110011011/0111011110011/1111001100111/1101101101100/0111110111110/0011011011011/1110011001111/1100111101110/1101100110011/1111011111111/1110011101110","0","5","down","4","?ر??","[{""position"":0,""characters"":[""ا"",""ح""]},{""position"":1,""characters"":[""ر""]},{""position"":2,""characters"":[""ا"",""ص"",""ع"",""و"",""ي""]},{""position"":3,""characters"":[""ا"",""ب"",""ة"",""ت"",""ح"",""ش"",""ع"",""ف"",""ق"",""ى""]}]","false","true","false","3","3","arc-support","SUPPORTED_SMALL_DOMAIN","6","3","3","6","3","3","[]","[""حريق"",""حروف"",""حروب""]","50","false","true","false"
"47c8d35fe96f7ba5","13","en_to_ar","29","1","0111011100111/1111111101111/1100110011011/0111011110011/1111001100111/1101101101100/0111110111110/0011011011011/1110011001111/1100111101110/1101100110011/1111011111111/1110011101110","0","5","down","4","حر??","[{""position"":0,""characters"":[""ح""]},{""position"":1,""characters"":[""ر""]},{""position"":2,""characters"":[""ع"",""و"",""ي""]},{""position"":3,""characters"":[""ة"",""ش"",""ف""]}]","false","true","true","1","1","arc-support","SUPPORTED_SMALL_DOMAIN","2","1","1","2","1","1","[]","[""حروف""]","50","false","false","false"
"b7c212126356e6d4","13","en_to_ar","29","1","0111011100111/1111111101111/1100110011011/0111011110011/1111001100111/1101101101100/0111110111110/0011011011011/1110011001111/1100111101110/1101100110011/1111011111111/1110011101110","4","0","across","4","??ي?","[{""position"":3,""characters"":[""ا"",""ج"",""ص"",""ق"",""م""]},{""position"":2,""characters"":[""ي""]},{""position"":1,""characters"":[""ا"",""ث"",""خ"",""د"",""ز"",""ص"",""ف"",""ل"",""م"",""ن""]},{""position"":0,""characters"":[""ا"",""ج"",""ر"",""ص"",""ع"",""ف"",""ق"",""ن"",""و"",""ي""]}]","false","true","false","3","2","arc-support","SUPPORTED_SMALL_DOMAIN","6","2","2","6","2","2","[]","[""صديق"",""عميق"",""قميص"",""يخيم""]","33.333333333333336","false","true","false"
"7c821d1d9fae7c39","13","en_to_ar","29","1","0111011100111/1111111101111/1100110011011/0111011110011/1111001100111/1101101101100/0111110111110/0011011011011/1110011001111/1100111101110/1101100110011/1111011111111/1110011101110","6","1","across","5","????ن","[{""position"":4,""characters"":[""ن""]},{""position"":3,""characters"":[""ا"",""ت"",""ص"",""ظ"",""ي""]},{""position"":2,""characters"":[""ح"",""ر"",""ن""]},{""position"":1,""characters"":[""ا"",""ث"",""ل"",""ي""]},{""position"":0,""characters"":[""ا"",""ة"",""ك"",""ن""]}]","false","true","false","3","3","arc-support","SUPPORTED_SMALL_DOMAIN","4","3","3","4","3","3","[]","[""اثنين""]","75","false","false","false"
"1a246247121ffe33","13","en_to_ar","29","1","0111011100111/1111111101111/1100110011011/0111011110011/1111001100111/1101101101100/0111110111110/0011011011011/1110011001111/1100111101110/1101100110011/1111011111111/1110011101110","3","1","across","3","??ا","[{""position"":2,""characters"":[""ا""]},{""position"":1,""characters"":[""ب"",""م""]},{""position"":0,""characters"":[""ة"",""ح"",""ق"",""ن""]}]","false","true","true","2","2","arc-support","SUPPORTED_SMALL_DOMAIN","3","2","2","3","2","2","[]","[""ابن""]","66.66666666666667","false","false","false"
"a96f48bb4745a5f5","13","en_to_ar","29","1","0111011100111/1111111101111/1100110011011/0111011110011/1111001100111/1101101101100/0111110111110/0011011011011/1110011001111/1100111101110/1101100110011/1111011111111/1110011101110","4","0","across","4","قائ?","[{""position"":3,""characters"":[""د"",""ع"",""ق"",""م""]},{""position"":2,""characters"":[""ئ""]},{""position"":1,""characters"":[""ا""]},{""position"":0,""characters"":[""ق""]}]","false","true","true","1","1","arc-support","SUPPORTED_SMALL_DOMAIN","2","1","1","2","1","1","[]","[""قائد""]","50","false","false","false"
"f94d1bcf64c87c8e","13","en_to_ar","29","1","0111011100111/1111111101111/1100110011011/0111011110011/1111001100111/1101101101100/0111110111110/0011011011011/1110011001111/1100111101110/1101100110011/1111011111111/1110011101110","7","6","down","3","ب??","[{""position"":0,""characters"":[""ب""]},{""position"":1,""characters"":[""ب"",""ح"",""د"",""ز"",""س"",""ش"",""ف""]},{""position"":2,""characters"":[""ا"",""ب"",""ح"",""د"",""س"",""ش"",""ع"",""ق"",""ك"",""ل"",""ن"",""و"",""ي""]}]","false","true","false","3","2","arc-support","SUPPORTED_SMALL_DOMAIN","4","2","2","4","2","2","[]","[""حزب"",""بدا""]","50","false","false","false"
"282a2ff8bd42ee36","13","en_to_ar","29","1","0111011100111/1111111101111/1100110011011/0111011110011/1111001100111/1101101101100/0111110111110/0011011011011/1110011001111/1100111101110/1101100110011/1111011111111/1110011101110","9","7","down","4","ن?س?","[{""position"":0,""characters"":[""ن""]},{""position"":1,""characters"":[""خ"",""ف"",""ق"",""ك"",""ي""]},{""position"":2,""characters"":[""س""]},{""position"":3,""characters"":[""ا"",""ب"",""ت"",""د"",""ه"",""ي""]}]","false","true","true","2","1","arc-support","SUPPORTED_SMALL_DOMAIN","2","1","1","2","1","1","[]","[""نفسي""]","50","false","false","false"
"282a2ff8bd42ee36","13","en_to_ar","29","1","0111011100111/1111111101111/1100110011011/0111011110011/1111001100111/1101101101100/0111110111110/0011011011011/1110011001111/1100111101110/1101100110011/1111011111111/1110011101110","9","7","down","4","ن?س?","[{""position"":0,""characters"":[""ن""]},{""position"":1,""characters"":[""خ"",""ف"",""ق"",""ك"",""ي""]},{""position"":2,""characters"":[""س""]},{""position"":3,""characters"":[""ا"",""ب"",""ت"",""د"",""ه"",""ي""]}]","false","true","true","2","1","arc-support","SUPPORTED_SMALL_DOMAIN","2","1","1","2","1","1","[]","[""نفسي""]","50","false","false","false"
"07026ce8bef25dae","13","en_to_ar","29","1","0111011100111/1111111101111/1100110011011/0111011110011/1111001100111/1101101101100/0111110111110/0011011011011/1110011001111/1100111101110/1101100110011/1111011111111/1110011101110","9","7","down","4","ن?د?","[{""position"":0,""characters"":[""ن""]},{""position"":1,""characters"":[""خ"",""ف"",""ق"",""ك"",""ي""]},{""position"":2,""characters"":[""د""]},{""position"":3,""characters"":[""ا"",""ب"",""ت"",""د"",""ه"",""ي""]}]","false","true","false","3","3","arc-support","SUPPORTED_SMALL_DOMAIN","4","3","3","4","3","3","[]","[""يدخن""]","75","false","false","false"
"e74e98ff48d4efb9","13","en_to_ar","29","1","0111011100111/1111111101111/1100110011011/0111011110011/1111001100111/1101101101100/0111110111110/0011011011011/1110011001111/1100111101110/1101100110011/1111011111111/1110011101110","12","5","across","3","???","[{""position"":2,""characters"":[""ر"",""ص"",""م"",""ي""]},{""position"":1,""characters"":[""د"",""ف""]},{""position"":0,""characters"":[""ا"",""ب"",""ت""]}]","false","true","true","2","2","arc-support","C_API_SAMPLING_LOSS","1","0","0","1","0","0","[]","[""يدا""]","0","true","false","false"
"8b7d12553245d36f","13","en_to_ar","29","2","0111011100111/1111111101111/1100110011011/0111011110011/1111001100111/1101101101100/0111110111110/0011011011011/1110011001111/1100111101110/1101100110011/1111011111111/1110011101110","0","1","across","3","???","[{""position"":2,""characters"":[""ا"",""ة"",""ت"",""ح"",""ك"",""ي""]},{""position"":1,""characters"":[""ب"",""ح"",""د"",""ز"",""س"",""ش"",""ف""]},{""position"":0,""characters"":[""ا"",""ل"",""ه""]}]","true","false","true","0","0","arc-support","C_API_SAMPLING_LOSS","2","0","0","2","0","0","[]","[""يدا"",""حفل""]","0","true","false","false"
"7a53de795f4b5a36","13","en_to_ar","29","2","0111011100111/1111111101111/1100110011011/0111011110011/1111001100111/1101101101100/0111110111110/0011011011011/1110011001111/1100111101110/1101100110011/1111011111111/1110011101110","0","5","across","3","?م?","[{""position"":2,""characters"":[""ا"",""د"",""ر"",""ز"",""س"",""ص"",""ض"",""ط"",""ع"",""ل"",""ن""]},{""position"":1,""characters"":[""م""]},{""position"":0,""characters"":[""ا"",""ل""]}]","false","true","false","2","2","arc-support","SUPPORTED_SMALL_DOMAIN","8","2","2","8","2","2","[]","[""عمل"",""رمل"",""اما"",""امر"",""لمس"",""نمل""]","25","false","true","false"
"50858a6c18310abe","13","en_to_ar","29","2","0111011100111/1111111101111/1100110011011/0111011110011/1111001100111/1101101101100/0111110111110/0011011011011/1110011001111/1100111101110/1101100110011/1111011111111/1110011101110","0","5","down","4","?ي??","[{""position"":0,""characters"":[""س"",""ن""]},{""position"":1,""characters"":[""ي""]},{""position"":2,""characters"":[""ح"",""د"",""ز"",""س"",""ف""]},{""position"":3,""characters"":[""ا"",""ب"",""ة"",""ت"",""ج"",""ح"",""د"",""ر"",""س"",""ش"",""ع"",""ق"",""ك"",""م"",""و"",""ي""]}]","false","true","false","3","3","arc-support","SUPPORTED_SMALL_DOMAIN","6","3","3","6","3","3","[]","[""قديس"",""سيدي"",""قسيس""]","50","false","true","false"
"153f91786bf35313","13","en_to_ar","29","2","0111011100111/1111111101111/1100110011011/0111011110011/1111001100111/1101101101100/0111110111110/0011011011011/1110011001111/1100111101110/1101100110011/1111011111111/1110011101110","0","1","across","3","???","[{""position"":2,""characters"":[""ا"",""ح"",""ك""]},{""position"":1,""characters"":[""ل"",""م""]},{""position"":0,""characters"":[""ل"",""م""]}]","false","true","false","3","3","arc-support","SUPPORTED_SMALL_DOMAIN","5","3","3","5","3","3","[]","[""ملح"",""الم""]","60","false","true","false"
"9c72c9b872766cb3","13","en_to_ar","29","2","0111011100111/1111111101111/1100110011011/0111011110011/1111001100111/1101101101100/0111110111110/0011011011011/1110011001111/1100111101110/1101100110011/1111011111111/1110011101110","0","1","down","7","?ل?????","[{""position"":0,""characters"":[""ح"",""ك""]},{""position"":1,""characters"":[""ل""]},{""position"":2,""characters"":[""ا"",""ت"",""ث"",""ج"",""ح"",""خ"",""د"",""ر"",""ص"",""ط"",""ع"",""ف"",""ق"",""ك"",""ن"",""ه"",""و"",""ي""]},{""position"":3,""characters"":[""ا"",""ب"",""ت"",""ث"",""ج"",""ح"",""خ"",""د"",""ر"",""ز"",""س"",""ص"",""ض"",""ط"",""ظ"",""ع"",""غ"",""ف"",""ق"",""ك"",""ل"",""م"",""ن"",""ه"",""و"",""ي""]},{""position"":4,""characters"":[""ئ"",""ا"",""ب"",""ت"",""ج"",""ح"",""خ"",""د"",""ر"",""س"",""ص"",""ط"",""ظ"",""ع"",""ف"",""ك"",""ل"",""م"",""ن"",""و"",""ي""]},{""position"":5,""characters"":[""ا"",""ب"",""ت"",""ث"",""ح"",""د"",""ر"",""ص"",""ض"",""ط"",""ع"",""ف"",""ق"",""ك"",""ل"",""م"",""ن"",""ه"",""و"",""ي""]},{""position"":6,""characters"":[""ء"",""ا"",""ب"",""ة"",""ت"",""ج"",""ح"",""خ"",""د"",""ر"",""ز"",""س"",""ص"",""ض"",""ع"",""ف"",""ق"",""ك"",""ل"",""م"",""ن"",""ه"",""و"",""ي""]}]","false","true","true","3","2","arc-support","SUPPORTED_SMALL_DOMAIN","3","2","2","3","2","2","[]","[""المصطلح""]","66.66666666666667","false","false","false"
"3143a041c5c81bef","13","en_to_ar","29","2","0111011100111/1111111101111/1100110011011/0111011110011/1111001100111/1101101101100/0111110111110/0011011011011/1110011001111/1100111101110/1101100110011/1111011111111/1110011101110","0","1","across","3","م??","[{""position"":2,""characters"":[""ح"",""ك""]},{""position"":1,""characters"":[""ل"",""م""]},{""position"":0,""characters"":[""م""]}]","false","true","true","2","2","arc-support","SUPPORTED_SMALL_DOMAIN","3","2","2","3","2","2","[]","[""ملح""]","66.66666666666667","false","false","false"
"3143a041c5c81bef","13","en_to_ar","29","2","0111011100111/1111111101111/1100110011011/0111011110011/1111001100111/1101101101100/0111110111110/0011011011011/1110011001111/1100111101110/1101100110011/1111011111111/1110011101110","0","1","across","3","م??","[{""position"":2,""characters"":[""ح"",""ك""]},{""position"":1,""characters"":[""ل"",""م""]},{""position"":0,""characters"":[""م""]}]","false","true","true","2","2","arc-support","SUPPORTED_SMALL_DOMAIN","3","2","2","3","2","2","[]","[""ملح""]","66.66666666666667","false","false","false"
"64322d23b86298d3","13","en_to_ar","29","2","0111011100111/1111111101111/1100110011011/0111011110011/1111001100111/1101101101100/0111110111110/0011011011011/1110011001111/1100111101110/1101100110011/1111011111111/1110011101110","0","1","down","7","?ز?????","[{""position"":0,""characters"":[""ء"",""ا"",""ب"",""ة"",""ت"",""ج"",""ح"",""د"",""ر"",""س"",""ض"",""ع"",""ف"",""ق"",""ك"",""ل"",""م"",""ن"",""ه"",""ى"",""ي""]},{""position"":1,""characters"":[""ز""]},{""position"":2,""characters"":[""ا"",""ب"",""ت"",""ث"",""ج"",""ح"",""خ"",""د"",""ذ"",""ر"",""س"",""ش"",""ص"",""ض"",""ط"",""ع"",""ف"",""ق"",""ك"",""ل"",""م"",""ن"",""ه"",""و"",""ي""]},{""position"":3,""characters"":[""ا"",""ب"",""ت"",""ث"",""ج"",""ح"",""خ"",""د"",""ر"",""ز"",""س"",""ش"",""ص"",""ض"",""ط"",""ظ"",""ع"",""غ"",""ف"",""ق"",""ك"",""ل"",""م"",""ن"",""ه"",""و"",""ي""]},{""position"":4,""characters"":[""ؤ"",""ئ"",""ا"",""ب"",""ت"",""ج"",""ح"",""خ"",""د"",""ر"",""ز"",""س"",""ش"",""ص"",""ض"",""ط"",""ظ"",""ع"",""ف"",""ق"",""ك"",""ل"",""م"",""ن"",""ه"",""و"",""ي""]},{""position"":5,""characters"":[""ا"",""ب"",""ت"",""ث"",""ج"",""ح"",""خ"",""د"",""ذ"",""ر"",""ز"",""س"",""ش"",""ص"",""ض"",""ط"",""ع"",""غ"",""ف"",""ق"",""ك"",""ل"",""م"",""ن"",""ه"",""و"",""ي""]},{""position"":6,""characters"":[""ء"",""ا"",""ب"",""ة"",""ت"",""ج"",""ح"",""خ"",""د"",""ر"",""ز"",""س"",""ص"",""ض"",""ع"",""ف"",""ق"",""ك"",""ل"",""م"",""ن"",""ه"",""و"",""ى"",""ي""]}]","false","true","false","1","1","arc-support","SUPPORTED_SMALL_DOMAIN","6","1","1","6","1","1","[]","[""المخازن"",""الاجهزة"",""اللوازم"",""المنازل"",""التوازن""]","16.666666666666668","false","true","false"
"52c55b65b71ab5f2","13","en_to_ar","29","2","0111011100111/1111111101111/1100110011011/0111011110011/1111001100111/1101101101100/0111110111110/0011011011011/1110011001111/1100111101110/1101100110011/1111011111111/1110011101110","0","5","down","4","?ت??","[{""position"":0,""characters"":[""ا"",""ح"",""د"",""ر"",""ز"",""س"",""ش"",""ص"",""ض"",""ط"",""ع"",""ل"",""ن""]},{""position"":1,""characters"":[""ت""]},{""position"":2,""characters"":[""ا"",""ب"",""ت"",""ث"",""ج"",""ح"",""خ"",""د"",""ذ"",""ر"",""ز"",""س"",""ش"",""ص"",""ط"",""ع"",""غ"",""ف"",""ق"",""ك"",""ل"",""م"",""ن"",""ه"",""و"",""ي""]},{""position"":3,""characters"":[""ء"",""ئ"",""ا"",""ب"",""ة"",""ت"",""ج"",""ح"",""د"",""ر"",""ز"",""س"",""ش"",""ص"",""ض"",""ط"",""ظ"",""ع"",""ف"",""ق"",""ك"",""ل"",""م"",""ن"",""و"",""ي""]}]","false","true","false","1","1","arc-support","SUPPORTED_SMALL_DOMAIN","17","1","1","17","1","1","[]","[""افتح"",""فاتح"",""ممتع"",""شتاء"",""اتصل"",""اختر"",""اترك"",""اتبع"",""التل"",""تمتع"",""ميتا"",""اتفق"",""نتفق"",""ساتل"",""رتبة"",""عتيق""]","5.882352941176471","false","true","false"
"b708d46313789c14","13","en_to_ar","29","2","0111011100111/1111111101111/1100110011011/0111011110011/1111001100111/1101101101100/0111110111110/0011011011011/1110011001111/1100111101110/1101100110011/1111011111111/1110011101110","0","1","across","3","???","[{""position"":2,""characters"":[""ا"",""س"",""ع"",""ل"",""م"",""ن"",""ى""]},{""position"":1,""characters"":[""د"",""ش"",""ض"",""م"",""ن""]},{""position"":0,""characters"":[""ب"",""ل"",""م"",""و""]}]","false","true","false","3","2","arc-support","SUPPORTED_SMALL_DOMAIN","11","2","2","11","2","2","[]","[""عمل"",""عضو"",""نمو"",""مدن"",""منع"",""لمس"",""بدا"",""عدو"",""نمل""]","18.181818181818183","false","true","false"
"7e5f2dbe546e0e18","13","en_to_ar","29","2","0111011100111/1111111101111/1100110011011/0111011110011/1111001100111/1101101101100/0111110111110/0011011011011/1110011001111/1100111101110/1101100110011/1111011111111/1110011101110","0","5","across","3","?م?","[{""position"":2,""characters"":[""ا"",""ر"",""ض"",""ع"",""ل""]},{""position"":1,""characters"":[""م""]},{""position"":0,""characters"":[""ر"",""ق"",""ن""]}]","false","true","false","2","2","arc-support","SUPPORTED_SMALL_DOMAIN","8","2","2","8","2","2","[]","[""عمر"",""قمر"",""رمل"",""ضمن"",""امر"",""نمل""]","25","false","true","false"
"3f412c98cdd27b8b","13","en_to_ar","29","2","0111011100111/1111111101111/1100110011011/0111011110011/1111001100111/1101101101100/0111110111110/0011011011011/1110011001111/1100111101110/1101100110011/1111011111111/1110011101110","3","1","across","3","??ح","[{""position"":2,""characters"":[""ح""]},{""position"":1,""characters"":[""ر"",""ن""]},{""position"":0,""characters"":[""ا"",""ف"",""م""]}]","false","true","false","3","3","arc-support","SUPPORTED_SMALL_DOMAIN","4","3","3","4","3","3","[]","[""فرح""]","75","false","false","false"
"7750f9dcd9fac959","13","en_to_ar","29","2","0111011100111/1111111101111/1100110011011/0111011110011/1111001100111/1101101101100/0111110111110/0011011011011/1110011001111/1100111101110/1101100110011/1111011111111/1110011101110","6","2","down","3","صر?","[{""position"":0,""characters"":[""ص""]},{""position"":1,""characters"":[""ر""]},{""position"":2,""characters"":[""ح"",""ر"",""ع"",""ف"",""ق"",""ى""]}]","false","true","true","2","2","arc-support","SUPPORTED_SMALL_DOMAIN","3","2","2","3","2","2","[]","[""صرح""]","66.66666666666667","false","false","false"
"787b39f2fa009758","13","en_to_ar","29","2","0111011100111/1111111101111/1100110011011/0111011110011/1111001100111/1101101101100/0111110111110/0011011011011/1110011001111/1100111101110/1101100110011/1111011111111/1110011101110","7","6","down","3","???","[{""position"":0,""characters"":[""د"",""ش"",""ط""]},{""position"":1,""characters"":[""ا"",""ل"",""ه""]},{""position"":2,""characters"":[""ا"",""ت"",""ح"",""د"",""ر"",""س"",""ش"",""ط"",""ظ"",""ع"",""ف"",""ك"",""م"",""ن"",""و"",""ي""]}]","false","true","false","2","2","arc-support","SUPPORTED_SMALL_DOMAIN","8","2","2","8","2","2","[]","[""شهر"",""ولد"",""دهن"",""شاي"",""ناد"",""حاد""]","25","false","true","false"
"6b55dd2a4878e53a","13","en_to_ar","29","2","0111011100111/1111111101111/1100110011011/0111011110011/1111001100111/1101101101100/0111110111110/0011011011011/1110011001111/1100111101110/1101100110011/1111011111111/1110011101110","9","4","across","4","?عل?","[{""position"":3,""characters"":[""ا"",""ت"",""ج"",""د"",""ص"",""ق"",""ك""]},{""position"":2,""characters"":[""ل""]},{""position"":1,""characters"":[""ع""]},{""position"":0,""characters"":[""ب"",""ة"",""د"",""ف"",""ل"",""م""]}]","false","true","false","2","2","arc-support","SUPPORTED_SMALL_DOMAIN","5","2","2","5","2","2","[]","[""تلعب"",""العب"",""العد""]","40","false","true","false"
"fa9025f3cb7185c8","13","en_to_ar","29","2","0111011100111/1111111101111/1100110011011/0111011110011/1111001100111/1101101101100/0111110111110/0011011011011/1110011001111/1100111101110/1101100110011/1111011111111/1110011101110","8","0","down","5","???ج?","[{""position"":0,""characters"":[""ة"",""ت"",""ح"",""خ"",""د"",""ر"",""ز"",""س"",""ص"",""ض"",""ع"",""غ"",""ل"",""م"",""ه"",""و""]},{""position"":1,""characters"":[""ا"",""ب"",""ت"",""ث"",""ج"",""ح"",""د"",""ر"",""ز"",""س"",""ش"",""ص"",""ض"",""ط"",""ظ"",""ع"",""غ"",""ف"",""ق"",""ك"",""ل"",""م"",""ن"",""ه"",""و"",""ي""]},{""position"":2,""characters"":[""ا"",""ب"",""ت"",""ج"",""ح"",""د"",""ذ"",""ر"",""س"",""ص"",""ض"",""ط"",""ظ"",""ع"",""غ"",""ف"",""ق"",""ك"",""ل"",""م"",""ن"",""ه"",""و"",""ي""]},{""position"":3,""characters"":[""ج""]},{""position"":4,""characters"":[""ء"",""ا"",""ب"",""ة"",""ت"",""ث"",""ج"",""ح"",""د"",""ذ"",""ر"",""ز"",""س"",""ش"",""ص"",""ض"",""ع"",""غ"",""ف"",""ق"",""ك"",""ل"",""م"",""ن"",""ه"",""و"",""ي""]}]","false","true","false","3","3","arc-support","SUPPORTED_SMALL_DOMAIN","24","3","3","24","3","3","[]","[""مناجل"",""سجادة"",""مجتمع"",""مجموع"",""تجربة"",""مدرجة"",""تجارة"",""سجلات"",""زجاجي"",""مجردة"",""مجالس"",""اجوبة"",""خارجي"",""مجلات"",""منتجع"",""اجتمع"",""مجهود"",""تجاهل"",""تجاوز"",""مراجع"",""تجنيد""]","12.5","false","true","false"
"b5b620360ed385eb","13","en_to_ar","29","2","0111011100111/1111111101111/1100110011011/0111011110011/1111001100111/1101101101100/0111110111110/0011011011011/1110011001111/1100111101110/1101100110011/1111011111111/1110011101110","12","0","across","3","???","[{""position"":2,""characters"":[""ت"",""ر"",""م""]},{""position"":1,""characters"":[""ا"",""ت"",""ج"",""ع"",""ف"",""م"",""ي""]},{""position"":0,""characters"":[""ا"",""ل""]}]","false","true","false","2","2","arc-support","SUPPORTED_SMALL_DOMAIN","6","2","2","6","2","2","[]","[""مال"",""رمل"",""معا"",""امر""]","33.333333333333336","false","true","false"
"fa9025f3cb7185c8","13","en_to_ar","29","2","0111011100111/1111111101111/1100110011011/0111011110011/1111001100111/1101101101100/0111110111110/0011011011011/1110011001111/1100111101110/1101100110011/1111011111111/1110011101110","8","0","down","5","???ج?","[{""position"":0,""characters"":[""ة"",""ت"",""ح"",""خ"",""د"",""ر"",""ز"",""س"",""ص"",""ض"",""ع"",""غ"",""ل"",""م"",""ه"",""و""]},{""position"":1,""characters"":[""ا"",""ب"",""ت"",""ث"",""ج"",""ح"",""د"",""ر"",""ز"",""س"",""ش"",""ص"",""ض"",""ط"",""ظ"",""ع"",""غ"",""ف"",""ق"",""ك"",""ل"",""م"",""ن"",""ه"",""و"",""ي""]},{""position"":2,""characters"":[""ا"",""ب"",""ت"",""ج"",""ح"",""د"",""ذ"",""ر"",""س"",""ص"",""ض"",""ط"",""ظ"",""ع"",""غ"",""ف"",""ق"",""ك"",""ل"",""م"",""ن"",""ه"",""و"",""ي""]},{""position"":3,""characters"":[""ج""]},{""position"":4,""characters"":[""ء"",""ا"",""ب"",""ة"",""ت"",""ث"",""ج"",""ح"",""د"",""ذ"",""ر"",""ز"",""س"",""ش"",""ص"",""ض"",""ع"",""غ"",""ف"",""ق"",""ك"",""ل"",""م"",""ن"",""ه"",""و"",""ي""]}]","false","true","false","3","3","arc-support","SUPPORTED_SMALL_DOMAIN","24","3","3","24","3","3","[]","[""مناجل"",""سجادة"",""مجتمع"",""مجموع"",""تجربة"",""مدرجة"",""تجارة"",""سجلات"",""زجاجي"",""مجردة"",""مجالس"",""اجوبة"",""خارجي"",""مجلات"",""منتجع"",""اجتمع"",""مجهود"",""تجاهل"",""تجاوز"",""مراجع"",""تجنيد""]","12.5","false","true","false"
"11a0140d8af08745","13","en_to_ar","29","2","0111011100111/1111111101111/1100110011011/0111011110011/1111001100111/1101101101100/0111110111110/0011011011011/1110011001111/1100111101110/1101100110011/1111011111111/1110011101110","8","0","across","3","ف??","[{""position"":2,""characters"":[""ة"",""ت"",""ح"",""د"",""س"",""ص"",""ع"",""ل"",""م""]},{""position"":1,""characters"":[""ا"",""س"",""ص"",""ق"",""و"",""ي""]},{""position"":0,""characters"":[""ف""]}]","false","true","false","3","3","arc-support","SUPPORTED_SMALL_DOMAIN","4","3","3","4","3","3","[]","[""تقف""]","75","false","false","false"
"6892d708055d9193","13","en_to_ar","29","2","0111011100111/1111111101111/1100110011011/0111011110011/1111001100111/1101101101100/0111110111110/0011011011011/1110011001111/1100111101110/1101100110011/1111011111111/1110011101110","8","1","down","5","???ذ?","[{""position"":0,""characters"":[""ا"",""خ"",""د"",""ر"",""س"",""ش"",""ص"",""ض"",""ع"",""ق"",""ك"",""ل"",""ه"",""و"",""ي""]},{""position"":1,""characters"":[""ا"",""ب"",""ت"",""ث"",""ج"",""خ"",""د"",""ر"",""ز"",""س"",""ش"",""ص"",""ط"",""ع"",""ف"",""ق"",""ك"",""ل"",""م"",""ن"",""ه"",""و"",""ي""]},{""position"":2,""characters"":[""ا"",""ب"",""ت"",""ج"",""ح"",""خ"",""د"",""ر"",""ز"",""س"",""ش"",""ص"",""ض"",""ط"",""ظ"",""ع"",""غ"",""ف"",""ق"",""ك"",""ل"",""م"",""ن"",""و"",""ي""]},{""position"":3,""characters"":[""ذ""]},{""position"":4,""characters"":[""ا"",""ب"",""ت"",""ج"",""ح"",""خ"",""د"",""ر"",""ز"",""س"",""ص"",""ض"",""ع"",""ف"",""ق"",""ل"",""م"",""ن"",""ه"",""و"",""ي""]}]","false","true","false","1","1","arc-support","SUPPORTED_SMALL_DOMAIN","5","1","1","5","1","1","[]","[""تذاكر"",""وهكذا"",""الحذف"",""الكذب""]","20","false","true","false"
"62a513c026a376e7","11","en_to_ar","6","1","11001100110/11011110111/01110011111/01101101100/11011101100/11110011011/11111110111/11001101110/01100111011/11111110111/11011100110","9","0","across","7","????صي?","[{""position"":4,""characters"":[""ص""]},{""position"":5,""characters"":[""ي""]}]","false","true","false","3","3","fill-mrv","SUPPORTED_SMALL_DOMAIN","5","3","3","5","3","3","[]","[""التقصير"",""الشخصية""]","60","false","true","false"
"00c9598bc8be371d","11","en_to_ar","6","2","11001100110/11011110111/01110011111/01101101100/11011101100/11110011011/11111110111/11001101110/01100111011/11111110111/11011100110","2","1","across","3","?قب","[{""position"":1,""characters"":[""ق""]},{""position"":2,""characters"":[""ب""]}]","true","false","true","0","0","fill-forward","C_API_SAMPLING_LOSS","1","0","0","1","0","0","[]","[""بقي""]","0","true","false","false"
"55fc130f5d67b01c","11","en_to_ar","6","2","11001100110/11011110111/01110011111/01101101100/11011101100/11110011011/11111110111/11001101110/01100111011/11111110111/11011100110","2","1","across","3","?نب","[{""position"":1,""characters"":[""ن""]},{""position"":2,""characters"":[""ب""]}]","false","true","false","2","2","fill-mrv","SUPPORTED_SMALL_DOMAIN","5","2","2","5","2","2","[]","[""بند"",""بنك"",""بني""]","40","false","true","false"
"4c525321d0bfb0f7","11","en_to_ar","6","2","11001100110/11011110111/01110011111/01101101100/11011101100/11110011011/11111110111/11001101110/01100111011/11111110111/11011100110","5","0","across","4","??طو","[{""position"":2,""characters"":[""ط""]},{""position"":3,""characters"":[""و""]}]","true","false","true","0","0","fill-forward","C_API_SAMPLING_LOSS","1","0","0","1","0","0","[]","[""وطني""]","0","true","false","false"
"7b9c12d5056c26e8","11","en_to_ar","6","2","11001100110/11011110111/01110011111/01101101100/11011101100/11110011011/11111110111/11001101110/01100111011/11111110111/11011100110","5","0","across","4","??طا","[{""position"":2,""characters"":[""ط""]},{""position"":3,""characters"":[""ا""]}]","true","false","true","0","0","fill-forward","C_API_SAMPLING_LOSS","1","0","0","1","0","0","[]","[""اطول""]","0","true","false","false"
"5f2c9232b5e17716","11","en_to_ar","6","2","11001100110/11011110111/01110011111/01101101100/11011101100/11110011011/11111110111/11001101110/01100111011/11111110111/11011100110","4","0","down","4","ل??ف","[{""position"":0,""characters"":[""ل""]},{""position"":3,""characters"":[""ف""]}]","false","true","false","3","3","fill-mrv","SUPPORTED_SMALL_DOMAIN","4","3","3","4","3","3","[]","[""فعال""]","75","false","false","false"
"14ccd25365a757cf","11","en_to_ar","7","1","11011001100/11011011111/01101110011/01101101100/11110111111/11011111011/11111101111/00110110110/11001110110/11111011011/00110011011","2","2","down","3","ار?","[{""position"":0,""characters"":[""ا""]},{""position"":1,""characters"":[""ر""]}]","true","false","true","0","0","fill-forward","C_API_SAMPLING_LOSS","1","0","0","1","0","0","[]","[""شرا""]","0","true","false","false"
"daaaf011a035e8e7","11","en_to_ar","7","1","11011001100/11011011111/01101110011/01101101100/11110111111/11011111011/11111101111/00110110110/11001110110/11111011011/00110011011","4","0","across","4","?عا?","[{""position"":1,""characters"":[""ع""]},{""position"":2,""characters"":[""ا""]}]","true","false","false","0","0","fill-forward","C_API_SAMPLING_LOSS","11","0","0","11","0","0","[]","[""طعام"",""وعاء"",""ساعد"",""تعال"",""لاعب"",""ساعة"",""فعال"",""شعار"",""ناعم"",""قاعد"",""فاعل""]","0","true","false","false"
"2efbc451b807733c","11","en_to_ar","7","1","11011001100/11011011111/01101110011/01101101100/11110111111/11011111011/11111101111/00110110110/11001110110/11111011011/00110011011","2","2","down","3","اط?","[{""position"":0,""characters"":[""ا""]},{""position"":1,""characters"":[""ط""]}]","true","false","true","0","0","fill-forward","C_API_SAMPLING_LOSS","1","0","0","1","0","0","[]","[""خطا""]","0","true","false","false"
"53de894f6ea609d3","11","en_to_ar","7","1","11011001100/11011011111/01101110011/01101101100/11110111111/11011111011/11111101111/00110110110/11001110110/11111011011/00110011011","4","0","across","4","?يا?","[{""position"":1,""characters"":[""ي""]},{""position"":2,""characters"":[""ا""]}]","true","false","false","0","0","fill-forward","C_API_SAMPLING_LOSS","12","0","0","12","0","0","[]","[""حياة"",""مياه"",""رياح"",""مايو"",""ايام"",""تيار"",""بيان"",""خيار"",""خيال"",""سياق"",""قياس"",""طيار""]","0","true","false","false"
"daaaf011a035e8e7","11","en_to_ar","7","1","11011001100/11011011111/01101110011/01101101100/11110111111/11011111011/11111101111/00110110110/11001110110/11111011011/00110011011","4","0","across","4","?عا?","[{""position"":1,""characters"":[""ع""]},{""position"":2,""characters"":[""ا""]}]","true","false","false","0","0","fill-forward","C_API_SAMPLING_LOSS","11","0","0","11","0","0","[]","[""طعام"",""وعاء"",""ساعد"",""تعال"",""لاعب"",""ساعة"",""فعال"",""شعار"",""ناعم"",""قاعد"",""فاعل""]","0","true","false","false"
"36d90d0fa9d5aba9","11","en_to_ar","7","1","11011001100/11011011111/01101110011/01101101100/11110111111/11011111011/11111101111/00110110110/11001110110/11111011011/00110011011","4","0","down","3","سك?","[{""position"":0,""characters"":[""س""]},{""position"":1,""characters"":[""ك""]}]","true","false","true","0","0","fill-forward","C_API_SAMPLING_LOSS","2","0","0","2","0","0","[]","[""سكن"",""عكس""]","0","true","false","false"
"5a004f7ba17786fe","11","en_to_ar","7","1","11011001100/11011011111/01101110011/01101101100/11110111111/11011111011/11111101111/00110110110/11001110110/11111011011/00110011011","4","0","down","3","سي?","[{""position"":0,""characters"":[""س""]},{""position"":1,""characters"":[""ي""]}]","false","true","true","1","1","fill-mrv","SUPPORTED_SMALL_DOMAIN","2","1","1","2","1","1","[]","[""سيئ""]","50","false","false","false"
"dd2fb56ad51d3ffb","11","en_to_ar","7","1","11011001100/11011011111/01101110011/01101101100/11110111111/11011111011/11111101111/00110110110/11001110110/11111011011/00110011011","4","3","down","4","ق?د?","[{""position"":0,""characters"":[""ق""]},{""position"":2,""characters"":[""د""]}]","false","true","false","1","1","fill-mrv","SUPPORTED_SMALL_DOMAIN","5","1","1","5","1","1","[]","[""صديق"",""قادر"",""تدفق"",""قادة""]","20","false","true","false"
"6fe94acc7abc99a4","11","en_to_ar","7","1","11011001100/11011011111/01101110011/01101101100/11110111111/11011111011/11111101111/00110110110/11001110110/11111011011/00110011011","5","3","across","5","???صا","[{""position"":3,""characters"":[""ص""]},{""position"":4,""characters"":[""ا""]}]","false","true","true","1","1","fill-mrv","SUPPORTED_SMALL_DOMAIN","3","1","1","3","1","1","[]","[""العصا"",""خصوصا""]","33.333333333333336","false","false","false"
"5cb6c8ca4662371f","11","en_to_ar","9","1","01101110011/11111111011/11011001110/01100110110/01100111111/11011111011/11111100110/01101100110/01110011011/11011111111/11001110110","6","0","across","6","????ت?","[{""position"":4,""characters"":[""ت""]}]","false","true","false","3","3","fill-mrv","SUPPORTED_SMALL_DOMAIN","17","3","3","17","3","3","[]","[""الهاتف"",""المنتج"",""متوفرة"",""المكتب"",""متقدمة"",""اتحادي"",""متابعة"",""الناتج"",""الخاتم"",""متوسطة"",""استمتع"",""الساتل"",""التوتر"",""كتالوج""]","17.647058823529413","false","true","false"
"8cb57df6c8d6ed6f","11","en_to_ar","9","1","01101110011/11111111011/11011001110/01100110110/01100111111/11011111011/11111100110/01101100110/01110011011/11011111111/11001110110","6","2","down","3","ول?","[{""position"":0,""characters"":[""و""]},{""position"":1,""characters"":[""ل""]}]","true","false","true","0","0","fill-forward","C_API_SAMPLING_LOSS","3","0","0","3","0","0","[]","[""ولد"",""حلو"",""ولا""]","0","true","false","false"
"208877fa590da7a9","11","en_to_ar","9","1","01101110011/11111111011/11011001110/01100110110/01100111111/11011111011/11111100110/01101100110/01110011011/11011111111/11001110110","6","2","down","3","وق?","[{""position"":0,""characters"":[""و""]},{""position"":1,""characters"":[""ق""]}]","true","false","true","0","0","fill-forward","C_API_SAMPLING_LOSS","3","0","0","3","0","0","[]","[""وقت"",""وقف"",""وقع""]","0","true","false","false"
"dcb7e172923d26e6","11","en_to_ar","9","1","01101110011/11111111011/11011001110/01100110110/01100111111/11011111011/11111100110/01101100110/01110011011/11011111111/11001110110","6","2","down","3","ور?","[{""position"":0,""characters"":[""و""]},{""position"":1,""characters"":[""ر""]}]","false","true","false","1","1","fill-mrv","SUPPORTED_SMALL_DOMAIN","4","1","1","4","1","1","[]","[""ورق"",""ورد"",""ورك""]","25","false","false","false"
"d6efe1df63ea12d5","11","en_to_ar","9","1","01101110011/11111111011/11011001110/01100110110/01100111111/11011111011/11111100110/01101100110/01110011011/11011111111/11001110110","8","1","across","3","?فك","[{""position"":1,""characters"":[""ف""]},{""position"":2,""characters"":[""ك""]}]","true","false","true","0","0","fill-forward","C_API_SAMPLING_LOSS","1","0","0","1","0","0","[]","[""كفى""]","0","true","false","false"
"ca0fc212f2cbf1ac","11","en_to_ar","11","2","01100111011/01101111111/11011110110/11110011011/01100111011/01101110110/11011100110/11011001111/01101111011/11111110110/11011100110","3","2","down","3","?مح","[{""position"":1,""characters"":[""م""]},{""position"":2,""characters"":[""ح""]}]","false","true","true","2","2","fill-mrv","SUPPORTED_SMALL_DOMAIN","3","2","2","3","2","2","[]","[""حمض""]","66.66666666666667","false","false","false"
"1d3f6793a9fdd765","11","en_to_ar","11","2","01100111011/01101111111/11011110110/11110011011/01100111011/01101110110/11011100110/11011001111/01101111011/11111110110/11011100110","3","0","across","4","?سل?","[{""position"":1,""characters"":[""س""]},{""position"":2,""characters"":[""ل""]}]","true","false","true","0","0","fill-forward","C_API_SAMPLING_LOSS","3","0","0","3","0","0","[]","[""السن"",""جلسة"",""السر""]","0","true","false","false"
"5c4f09d715eccf5b","11","en_to_ar","11","2","01100111011/01101111111/11011110110/11110011011/01100111011/01101110110/11011100110/11011001111/01101111011/11111110110/11011100110","3","2","down","3","?مك","[{""position"":1,""characters"":[""م""]},{""position"":2,""characters"":[""ك""]}]","true","false","true","0","0","fill-forward","C_API_SAMPLING_LOSS","1","0","0","1","0","0","[]","[""سمك""]","0","true","false","false"
"ecd6c88e1931d2b9","11","en_to_ar","11","2","01100111011/01101111111/11011110110/11110011011/01100111011/01101110110/11011100110/11011001111/01101111011/11111110110/11011100110","3","2","down","3","?مت","[{""position"":1,""characters"":[""م""]},{""position"":2,""characters"":[""ت""]}]","false","true","true","1","1","fill-mrv","SUPPORTED_SMALL_DOMAIN","2","1","1","2","1","1","[]","[""تمت""]","50","false","false","false"
"fa873de94fcf53b7","11","en_to_ar","11","2","01100111011/01101111111/11011110110/11110011011/01100111011/01101110110/11011100110/11011001111/01101111011/11111110110/11011100110","3","0","across","4","?صل?","[{""position"":1,""characters"":[""ص""]},{""position"":2,""characters"":[""ل""]}]","false","true","false","1","1","fill-mrv","SUPPORTED_SMALL_DOMAIN","5","1","1","5","1","1","[]","[""وصلة"",""الصف"",""اصلي"",""وصلت""]","20","false","true","false"
"5c4f09d715eccf5b","11","en_to_ar","11","2","01100111011/01101111111/11011110110/11110011011/01100111011/01101110110/11011100110/11011001111/01101111011/11111110110/11011100110","3","2","down","3","?مك","[{""position"":1,""characters"":[""م""]},{""position"":2,""characters"":[""ك""]}]","true","false","true","0","0","fill-forward","C_API_SAMPLING_LOSS","1","0","0","1","0","0","[]","[""سمك""]","0","true","false","false"
"981046d3ad9c89e7","11","en_to_ar","11","2","01100111011/01101111111/11011110110/11110011011/01100111011/01101110110/11011100110/11011001111/01101111011/11111110110/11011100110","3","0","across","4","?تل?","[{""position"":1,""characters"":[""ت""]},{""position"":2,""characters"":[""ل""]}]","false","true","false","1","1","fill-mrv","SUPPORTED_SMALL_DOMAIN","4","1","1","4","1","1","[]","[""التي"",""التل"",""دلتا""]","25","false","false","false"
"4ae485c71f00035e","11","en_to_ar","11","2","01100111011/01101111111/11011110110/11110011011/01100111011/01101110110/11011100110/11011001111/01101111011/11111110110/11011100110","3","0","across","4","?مل?","[{""position"":1,""characters"":[""م""]},{""position"":2,""characters"":[""ل""]}]","false","true","false","3","3","fill-mrv","SUPPORTED_SMALL_DOMAIN","9","3","3","9","3","3","[]","[""شملت"",""عملة"",""تلمس"",""المس"",""المخ"",""المد""]","33.333333333333336","false","true","false"
"ab1c990a06d7eb29","11","en_to_ar","12","1","11111001100/11111101110/01100111011/11110110011/11011101110/01111011110/01110111011/11001101111/11011100110/01110111111/00110011111","0","2","down","4","ت?ب?","[{""position"":0,""characters"":[""ت""]},{""position"":2,""characters"":[""ب""]}]","false","true","false","3","3","fill-mrv","SUPPORTED_SMALL_DOMAIN","6","2","2","6","2","2","[]","[""تصبح"",""تطبق"",""قبلت"",""طبقت""]","33.333333333333336","false","true","false"
"9d3c266671ec40a2","11","en_to_ar","12","1","11111001100/11111101110/01100111011/11110110011/11011101110/01111011110/01110111011/11001101111/11011100110/01110111111/00110011111","0","2","down","4","ا?ب?","[{""position"":0,""characters"":[""ا""]},{""position"":2,""characters"":[""ب""]}]","false","true","false","3","3","fill-mrv","SUPPORTED_SMALL_DOMAIN","11","3","3","11","3","3","[]","[""ابدا"",""البن"",""ربما"",""طبعا"",""اخبر"",""اتبع"",""اكبر"",""البث""]","27.272727272727273","false","true","false"
"9ba10f2b96f53a6b","11","en_to_ar","12","1","11111001100/11111101110/01100111011/11110110011/11011101110/01111011110/01110111011/11001101111/11011100110/01110111111/00110011111","1","0","across","6","???قي?","[{""position"":3,""characters"":[""ق""]},{""position"":4,""characters"":[""ي""]}]","false","true","false","2","2","fill-mrv","SUPPORTED_SMALL_DOMAIN","5","2","2","5","2","2","[]","[""الفقير"",""عقاقير"",""ايقونة""]","40","false","true","false"
"146877c33b8a42f4","11","en_to_ar","12","1","11111001100/11111101110/01100111011/11110110011/11011101110/01111011110/01110111011/11001101111/11011100110/01110111111/00110011111","3","0","across","4","?طل?","[{""position"":1,""characters"":[""ط""]},{""position"":2,""characters"":[""ل""]}]","false","true","true","1","1","fill-mrv","SUPPORTED_SMALL_DOMAIN","3","1","1","3","1","1","[]","[""الطب"",""مطلب""]","33.333333333333336","false","false","false"
"363febbe7191a5f3","11","en_to_ar","12","1","11111001100/11111101110/01100111011/11110110011/11011101110/01111011110/01110111011/11001101111/11011100110/01110111111/00110011111","1","0","across","6","???صي?","[{""position"":3,""characters"":[""ص""]},{""position"":4,""characters"":[""ي""]}]","true","false","false","0","0","fill-forward","C_API_SAMPLING_LOSS","4","0","0","4","0","0","[]","[""خصوصية"",""تفاصيل"",""القصير"",""الرصيد""]","0","true","false","false"
"9b731fe23a3704e2","11","en_to_ar","12","1","11111001100/11111101110/01100111011/11110110011/11011101110/01111011110/01110111011/11001101111/11011100110/01110111111/00110011111","0","2","down","4","ي?ب?","[{""position"":0,""characters"":[""ي""]},{""position"":2,""characters"":[""ب""]}]","true","false","false","0","0","fill-forward","C_API_SAMPLING_LOSS","4","0","0","4","0","0","[]","[""يصبح"",""تبني"",""نبني"",""مبني""]","0","true","false","false"
"ab1c990a06d7eb29","11","en_to_ar","12","1","11111001100/11111101110/01100111011/11110110011/11011101110/01111011110/01110111011/11001101111/11011100110/01110111111/00110011111","0","2","down","4","ت?ب?","[{""position"":0,""characters"":[""ت""]},{""position"":2,""characters"":[""ب""]}]","false","true","false","3","3","fill-mrv","SUPPORTED_SMALL_DOMAIN","6","2","2","6","2","2","[]","[""تصبح"",""تطبق"",""قبلت"",""طبقت""]","33.333333333333336","false","true","false"
"ab1c990a06d7eb29","11","en_to_ar","12","1","11111001100/11111101110/01100111011/11110110011/11011101110/01111011110/01110111011/11001101111/11011100110/01110111111/00110011111","0","2","down","4","ت?ب?","[{""position"":0,""characters"":[""ت""]},{""position"":2,""characters"":[""ب""]}]","false","true","false","3","3","fill-mrv","SUPPORTED_SMALL_DOMAIN","6","2","2","6","2","2","[]","[""تصبح"",""تطبق"",""قبلت"",""طبقت""]","33.333333333333336","false","true","false"
"a743888ab47a940d","11","en_to_ar","12","2","11111001100/11111101110/01100111011/11110110011/11011101110/01111011110/01110111011/11001101111/11011100110/01110111111/00110011111","1","0","across","6","???خو?","[{""position"":3,""characters"":[""خ""]},{""position"":4,""characters"":[""و""]}]","true","false","true","0","0","fill-forward","C_API_SAMPLING_LOSS","1","0","0","1","0","0","[]","[""الدخول""]","0","true","false","false"
"ba0ec583ae2e0576","11","en_to_ar","12","2","11111001100/11111101110/01100111011/11110110011/11011101110/01111011110/01110111011/11001101111/11011100110/01110111111/00110011111","1","0","across","6","???او?","[{""position"":3,""characters"":[""ا""]},{""position"":4,""characters"":[""و""]}]","true","false","false","0","0","fill-forward","C_API_SAMPLING_LOSS","8","0","0","8","0","0","[]","[""بواسطة"",""حواسيب"",""قوانين"",""مواضيع"",""مواصلة"",""مواعدة"",""تواريخ"",""مواعيد""]","0","true","false","false"
"8b311e6722ffb91e","11","en_to_ar","12","2","11111001100/11111101110/01100111011/11110110011/11011101110/01111011110/01110111011/11001101111/11011100110/01110111111/00110011111","3","0","across","4","?زم?","[{""position"":1,""characters"":[""ز""]},{""position"":2,""characters"":[""م""]}]","true","false","false","0","0","fill-forward","C_API_SAMPLING_LOSS","4","0","0","4","0","0","[]","[""حزمة"",""رزمة"",""مزمن"",""تمزق""]","0","true","false","false"
"2ef14c15d797fb8c","11","en_to_ar","12","2","11111001100/11111101110/01100111011/11110110011/11011101110/01111011110/01110111011/11001101111/11011100110/01110111111/00110011111","3","0","across","4","?مم?","[{""position"":1,""characters"":[""م""]},{""position"":2,""characters"":[""م""]}]","true","false","true","0","0","fill-forward","C_API_SAMPLING_LOSS","1","0","0","1","0","0","[]","[""صممت""]","0","true","false","false"
"2a5e80bb45a330f5","11","en_to_ar","12","2","11111001100/11111101110/01100111011/11110110011/11011101110/01111011110/01110111011/11001101111/11011100110/01110111111/00110011111","0","0","across","5","??جر?","[{""position"":2,""characters"":[""ج""]},{""position"":3,""characters"":[""ر""]}]","true","false","true","0","0","fill-forward","C_API_SAMPLING_LOSS","2","0","0","2","0","0","[]","[""الجرذ"",""الجري""]","0","true","false","false"
"ba0ec583ae2e0576","11","en_to_ar","12","2","11111001100/11111101110/01100111011/11110110011/11011101110/01111011110/01110111011/11001101111/11011100110/01110111111/00110011111","1","0","across","6","???او?","[{""position"":3,""characters"":[""ا""]},{""position"":4,""characters"":[""و""]}]","true","false","false","0","0","fill-forward","C_API_SAMPLING_LOSS","8","0","0","8","0","0","[]","[""بواسطة"",""حواسيب"",""قوانين"",""مواضيع"",""مواصلة"",""مواعدة"",""تواريخ"",""مواعيد""]","0","true","false","false"
"a743888ab47a940d","11","en_to_ar","12","2","11111001100/11111101110/01100111011/11110110011/11011101110/01111011110/01110111011/11001101111/11011100110/01110111111/00110011111","1","0","across","6","???خو?","[{""position"":3,""characters"":[""خ""]},{""position"":4,""characters"":[""و""]}]","true","false","true","0","0","fill-forward","C_API_SAMPLING_LOSS","1","0","0","1","0","0","[]","[""الدخول""]","0","true","false","false"
"ba0ec583ae2e0576","11","en_to_ar","12","2","11111001100/11111101110/01100111011/11110110011/11011101110/01111011110/01110111011/11001101111/11011100110/01110111111/00110011111","1","0","across","6","???او?","[{""position"":3,""characters"":[""ا""]},{""position"":4,""characters"":[""و""]}]","true","false","false","0","0","fill-forward","C_API_SAMPLING_LOSS","8","0","0","8","0","0","[]","[""بواسطة"",""حواسيب"",""قوانين"",""مواضيع"",""مواصلة"",""مواعدة"",""تواريخ"",""مواعيد""]","0","true","false","false"
"8b311e6722ffb91e","11","en_to_ar","12","2","11111001100/11111101110/01100111011/11110110011/11011101110/01111011110/01110111011/11001101111/11011100110/01110111111/00110011111","3","0","across","4","?زم?","[{""position"":1,""characters"":[""ز""]},{""position"":2,""characters"":[""م""]}]","true","false","false","0","0","fill-forward","C_API_SAMPLING_LOSS","4","0","0","4","0","0","[]","[""حزمة"",""رزمة"",""مزمن"",""تمزق""]","0","true","false","false"
"2ef14c15d797fb8c","11","en_to_ar","12","2","11111001100/11111101110/01100111011/11110110011/11011101110/01111011110/01110111011/11001101111/11011100110/01110111111/00110011111","3","0","across","4","?مم?","[{""position"":1,""characters"":[""م""]},{""position"":2,""characters"":[""م""]}]","true","false","true","0","0","fill-forward","C_API_SAMPLING_LOSS","1","0","0","1","0","0","[]","[""صممت""]","0","true","false","false"
"2a5e80bb45a330f5","11","en_to_ar","12","2","11111001100/11111101110/01100111011/11110110011/11011101110/01111011110/01110111011/11001101111/11011100110/01110111111/00110011111","0","0","across","5","??جر?","[{""position"":2,""characters"":[""ج""]},{""position"":3,""characters"":[""ر""]}]","true","false","true","0","0","fill-forward","C_API_SAMPLING_LOSS","2","0","0","2","0","0","[]","[""الجرذ"",""الجري""]","0","true","false","false"
"ba0ec583ae2e0576","11","en_to_ar","12","2","11111001100/11111101110/01100111011/11110110011/11011101110/01111011110/01110111011/11001101111/11011100110/01110111111/00110011111","1","0","across","6","???او?","[{""position"":3,""characters"":[""ا""]},{""position"":4,""characters"":[""و""]}]","true","false","false","0","0","fill-forward","C_API_SAMPLING_LOSS","8","0","0","8","0","0","[]","[""بواسطة"",""حواسيب"",""قوانين"",""مواضيع"",""مواصلة"",""مواعدة"",""تواريخ"",""مواعيد""]","0","true","false","false"
"f71f570424ff0a8e","11","en_to_ar","12","2","11111001100/11111101110/01100111011/11110110011/11011101110/01111011110/01110111011/11001101111/11011100110/01110111111/00110011111","3","0","across","4","??مح","[{""position"":2,""characters"":[""م""]},{""position"":3,""characters"":[""ح""]}]","true","false","false","0","0","fill-forward","C_API_SAMPLING_LOSS","5","0","0","5","0","0","[]","[""اسمح"",""يسمح"",""تسمح"",""حمية"",""حمام""]","0","true","false","false"
"a0b2d09fe971d6bb","11","en_to_ar","12","2","11111001100/11111101110/01100111011/11110110011/11011101110/01111011110/01110111011/11001101111/11011100110/01110111111/00110011111","3","0","across","4","??مد","[{""position"":2,""characters"":[""م""]},{""position"":3,""characters"":[""د""]}]","false","true","true","2","2","fill-mrv","SUPPORTED_SMALL_DOMAIN","3","2","2","3","2","2","[]","[""المد""]","66.66666666666667","false","false","false"
"8620af311f9d89e2","11","en_to_ar","12","2","11111001100/11111101110/01100111011/11110110011/11011101110/01111011110/01110111011/11001101111/11011100110/01110111111/00110011111","0","2","down","4","??فا","[{""position"":2,""characters"":[""ف""]},{""position"":3,""characters"":[""ا""]}]","false","true","true","2","2","fill-mrv","SUPPORTED_SMALL_DOMAIN","3","2","2","3","2","2","[]","[""افعل""]","66.66666666666667","false","false","false"
"eb92717edad4af6e","11","en_to_ar","12","2","11111001100/11111101110/01100111011/11110110011/11011101110/01111011110/01110111011/11001101111/11011100110/01110111111/00110011111","0","0","across","5","??حر?","[{""position"":2,""characters"":[""ح""]},{""position"":3,""characters"":[""ر""]}]","true","false","false","0","0","fill-forward","C_API_SAMPLING_LOSS","5","0","0","5","0","0","[]","[""الحرب"",""ترحيب"",""مرحلة"",""تتحرك"",""مرحبا""]","0","true","false","false"
"863088cddc0f8ed4","11","en_to_ar","12","2","11111001100/11111101110/01100111011/11110110011/11011101110/01111011110/01110111011/11001101111/11011100110/01110111111/00110011111","0","2","down","4","??فر","[{""position"":2,""characters"":[""ف""]},{""position"":3,""characters"":[""ر""]}]","false","true","false","2","2","fill-mrv","SUPPORTED_SMALL_DOMAIN","5","2","2","5","2","2","[]","[""توفر"",""يوفر"",""رفاه""]","40","false","true","false"
"2e339118974594eb","11","en_to_ar","12","2","11111001100/11111101110/01100111011/11110110011/11011101110/01111011110/01110111011/11001101111/11011100110/01110111111/00110011111","1","0","across","6","???صو?","[{""position"":3,""characters"":[""ص""]},{""position"":4,""characters"":[""و""]}]","false","true","false","2","2","fill-mrv","SUPPORTED_SMALL_DOMAIN","6","2","2","6","2","2","[]","[""الوصول"",""الحصول"",""الاصول"",""العصور""]","33.333333333333336","false","true","false"
"ca62e35bddd23dcd","11","en_to_ar","13","1","01101100110/11101101111/11011011011/01110110110/00110111100/11101111011/11111110011/00111110110/11001101111/11111111011/00110110011","0","1","down","4","يح??","[{""position"":0,""characters"":[""ي""]},{""position"":1,""characters"":[""ح""]}]","false","true","true","2","2","fill-mrv","SUPPORTED_SMALL_DOMAIN","3","2","2","3","2","2","[]","[""يحصل""]","66.66666666666667","false","false","false"
"55b9cf833244875e","11","en_to_ar","13","1","01101100110/11101101111/11011011011/01110110110/00110111100/11101111011/11111110011/00111110110/11001101111/11111111011/00110110011","3","1","across","3","??ث","[{""position"":2,""characters"":[""ث""]}]","false","true","false","3","3","fill-mrv","SUPPORTED_SMALL_DOMAIN","8","3","3","8","3","3","[]","[""ثري"",""ثلج"",""حيث"",""ثقة"",""ثوم""]","37.5","false","true","false"
"eddb31c8d644d4d3","11","en_to_ar","13","2","01101100110/11101101111/11011011011/01110110110/00110111100/11101111011/11111110011/00111110110/11001101111/11111111011/00110110011","0","1","down","4","مق??","[{""position"":0,""characters"":[""م""]},{""position"":1,""characters"":[""ق""]}]","false","true","false","2","2","fill-mrv","SUPPORTED_SMALL_DOMAIN","4","2","2","4","2","2","[]","[""مقدم"",""مقبض""]","50","false","false","false"
"717bc97b71870a60","11","en_to_ar","13","2","01101100110/11101101111/11011011011/01110110110/00110111100/11101111011/11111110011/00111110110/11001101111/11111111011/00110110011","3","2","down","5","اد???","[{""position"":0,""characters"":[""ا""]},{""position"":1,""characters"":[""د""]}]","false","true","false","1","1","fill-mrv","SUPPORTED_SMALL_DOMAIN","7","1","1","7","1","1","[]","[""ادوات"",""مجددا"",""ادناه"",""بعيدا"",""ادعاء"",""ادارة""]","14.285714285714286","false","true","false"
"36a77e2bb9354dc7","11","en_to_ar","13","2","01101100110/11101101111/11011011011/01110110110/00110111100/11101111011/11111110011/00111110110/11001101111/11111111011/00110110011","7","2","across","5","???قل","[{""position"":3,""characters"":[""ق""]},{""position"":4,""characters"":[""ل""]}]","false","true","false","2","2","fill-mrv","SUPPORTED_SMALL_DOMAIN","5","2","2","5","2","2","[]","[""الحقل"",""العقل"",""مستقل""]","40","false","true","false"
"038114257a4fc343","11","en_to_ar","14","1","11011011011/11011011111/01111101100/01100111011/11001111111/11111011111/11111110011/11011100110/00110111110/11111011011/11011011011","2","1","across","5","???با","[{""position"":3,""characters"":[""ب""]},{""position"":4,""characters"":[""ا""]}]","false","true","false","2","2","fill-mrv","SUPPORTED_SMALL_DOMAIN","5","1","1","5","1","1","[]","[""ابتسم"",""ابريل"",""غالبا"",""قريبا""]","20","false","true","false"
"d499c697b2945a82","11","en_to_ar","14","1","11011011011/11011011111/01111101100/01100111011/11001111111/11111011111/11111110011/11011100110/00110111110/11111011011/11011011011","5","0","across","5","???اي","[{""position"":3,""characters"":[""ا""]},{""position"":4,""characters"":[""ي""]}]","true","false","true","0","0","fill-forward","C_API_SAMPLING_LOSS","2","0","0","2","0","0","[]","[""الشاي"",""الراي""]","0","true","false","false"
"c1d425c53ca5c3c1","11","en_to_ar","14","1","11011011011/11011011111/01111101100/01100111011/11001111111/11111011111/11111110011/11011100110/00110111110/11111011011/11011011011","5","0","across","5","???ال","[{""position"":3,""characters"":[""ا""]},{""position"":4,""characters"":[""ل""]}]","false","true","false","3","3","fill-mrv","SUPPORTED_SMALL_DOMAIN","14","3","3","14","3","3","[]","[""المال"",""اتصال"",""اميال"",""اعمال"",""لااحد"",""لاحقا"",""البال"",""لاشيء"",""اشكال"",""محتال"",""لاحظت""]","21.428571428571427","false","true","false"
"2339bb6b4a87e369","11","en_to_ar","14","1","11011011011/11011011111/01111101100/01100111011/11001111111/11111011111/11111110011/11011100110/00110111110/11111011011/11011011011","6","0","across","7","?????ين","[{""position"":5,""characters"":[""ي""]},{""position"":6,""characters"":[""ن""]}]","false","true","false","2","2","fill-mrv","SUPPORTED_SMALL_DOMAIN","10","2","2","10","2","2","[]","[""التخزين"",""الاثنين"",""مراهقين"",""مفقودين"",""التدخين"",""الروتين"",""التحسين"",""التعيين""]","20","false","true","false"
"2845bb6340826929","11","en_to_ar","14","2","11011011011/11011011111/01111101100/01100111011/11001111111/11111011111/11111110011/11011100110/00110111110/11111011011/11011011011","4","0","down","4","ع??و","[{""position"":0,""characters"":[""ع""]},{""position"":3,""characters"":[""و""]}]","true","false","true","0","0","fill-forward","C_API_SAMPLING_LOSS","2","0","0","2","0","0","[]","[""واسع"",""واقع""]","0","true","false","false"
"21c25dec1eefb926","11","en_to_ar","14","2","11011011011/11011011111/01111101100/01100111011/11001111111/11111011111/11111110011/11011100110/00110111110/11111011011/11011011011","4","0","down","4","م??و","[{""position"":0,""characters"":[""م""]},{""position"":3,""characters"":[""و""]}]","true","false","true","0","0","fill-forward","C_API_SAMPLING_LOSS","1","0","0","1","0","0","[]","[""مايو""]","0","true","false","false"
"215c302ca09a4614","11","en_to_ar","14","2","11011011011/11011011111/01111101100/01100111011/11001111111/11111011111/11111110011/11011100110/00110111110/11111011011/11011011011","4","0","down","4","ض??و","[{""position"":0,""characters"":[""ض""]},{""position"":3,""characters"":[""و""]}]","true","false","true","0","0","fill-forward","C_API_SAMPLING_LOSS","1","0","0","1","0","0","[]","[""وميض""]","0","true","false","false"
"7872808e0941f05b","11","en_to_ar","14","2","11011011011/11011011111/01111101100/01100111011/11001111111/11111011111/11111110011/11011100110/00110111110/11111011011/11011011011","4","0","down","4","ي??و","[{""position"":0,""characters"":[""ي""]},{""position"":3,""characters"":[""و""]}]","false","true","false","2","2","fill-mrv","SUPPORTED_SMALL_DOMAIN","5","2","2","5","2","2","[]","[""وطني"",""وادي"",""وردي""]","40","false","true","false"
"329f9b07db0f821a","11","en_to_ar","14","2","11011011011/11011011111/01111101100/01100111011/11001111111/11111011111/11111110011/11011100110/00110111110/11111011011/11011011011","5","0","across","5","???تن","[{""position"":3,""characters"":[""ت""]},{""position"":4,""characters"":[""ن""]}]","false","true","true","1","1","fill-mrv","SUPPORTED_SMALL_DOMAIN","3","1","1","3","1","1","[]","[""نتائج"",""كابتن""]","33.333333333333336","false","false","false"
"9ebf6896d97137b9","11","en_to_ar","14","2","11011011011/11011011111/01111101100/01100111011/11001111111/11111011111/11111110011/11011100110/00110111110/11111011011/11011011011","4","0","down","4","ب??و","[{""position"":0,""characters"":[""ب""]},{""position"":3,""characters"":[""و""]}]","true","false","true","0","0","fill-forward","C_API_SAMPLING_LOSS","1","0","0","1","0","0","[]","[""واجب""]","0","true","false","false"
"caeb1c94f65ed463","11","en_to_ar","14","2","11011011011/11011011111/01111101100/01100111011/11001111111/11111011111/11111110011/11011100110/00110111110/11111011011/11011011011","4","0","down","4","ع??ل","[{""position"":0,""characters"":[""ع""]},{""position"":3,""characters"":[""ل""]}]","false","true","true","1","1","fill-mrv","SUPPORTED_SMALL_DOMAIN","3","1","1","3","1","1","[]","[""عميل"",""عمال""]","33.333333333333336","false","false","false"
"60ab5fd01a847912","11","en_to_ar","14","2","11011011011/11011011111/01111101100/01100111011/11001111111/11111011111/11111110011/11011100110/00110111110/11111011011/11011011011","5","0","across","5","???تع","[{""position"":3,""characters"":[""ت""]},{""position"":4,""characters"":[""ع""]}]","true","false","true","0","0","fill-forward","C_API_SAMPLING_LOSS","1","0","0","1","0","0","[]","[""عتيقة""]","0","true","false","false"
"fb298d98ffbec781","11","en_to_ar","14","2","11011011011/11011011111/01111101100/01100111011/11001111111/11111011111/11111110011/11011100110/00110111110/11111011011/11011011011","5","0","across","5","???تف","[{""position"":3,""characters"":[""ت""]},{""position"":4,""characters"":[""ف""]}]","true","false","true","0","0","fill-forward","C_API_SAMPLING_LOSS","3","0","0","3","0","0","[]","[""فتيات"",""هواتف"",""فتيان""]","0","true","false","false"
"1479d987b7f22ea3","11","en_to_ar","14","2","11011011011/11011011111/01111101100/01100111011/11001111111/11111011111/11111110011/11011100110/00110111110/11111011011/11011011011","4","0","down","4","ق??ل","[{""position"":0,""characters"":[""ق""]},{""position"":3,""characters"":[""ل""]}]","false","true","false","1","1","fill-mrv","SUPPORTED_SMALL_DOMAIN","4","1","1","4","1","1","[]","[""قابل"",""لاحق"",""قبول""]","25","false","false","false"
"5744fd8f8cb9e551","11","en_to_ar","14","2","11011011011/11011011111/01111101100/01100111011/11001111111/11111011111/11111110011/11011100110/00110111110/11111011011/11011011011","5","0","across","5","???تل","[{""position"":3,""characters"":[""ت""]},{""position"":4,""characters"":[""ل""]}]","true","false","true","0","0","fill-forward","C_API_SAMPLING_LOSS","2","0","0","2","0","0","[]","[""الكتل"",""القتل""]","0","true","false","false"
"9d459ff1d52a9bf1","11","en_to_ar","14","2","11011011011/11011011111/01111101100/01100111011/11001111111/11111011111/11111110011/11011100110/00110111110/11111011011/11011011011","4","0","down","4","ي??ل","[{""position"":0,""characters"":[""ي""]},{""position"":3,""characters"":[""ل""]}]","false","true","false","2","2","fill-mrv","SUPPORTED_SMALL_DOMAIN","7","2","2","7","2","2","[]","[""يقول"",""يجعل"",""يحصل"",""يسجل"",""يكفل""]","28.571428571428573","false","true","false"
"60ab5fd01a847912","11","en_to_ar","14","2","11011011011/11011011111/01111101100/01100111011/11001111111/11111011111/11111110011/11011100110/00110111110/11111011011/11011011011","5","0","across","5","???تع","[{""position"":3,""characters"":[""ت""]},{""position"":4,""characters"":[""ع""]}]","true","false","true","0","0","fill-forward","C_API_SAMPLING_LOSS","1","0","0","1","0","0","[]","[""عتيقة""]","0","true","false","false"
"18fbb933a4dc31b9","11","en_to_ar","14","2","11011011011/11011011111/01111101100/01100111011/11001111111/11111011111/11111110011/11011100110/00110111110/11111011011/11011011011","4","0","down","4","ب??ل","[{""position"":0,""characters"":[""ب""]},{""position"":3,""characters"":[""ل""]}]","false","true","true","1","1","fill-mrv","SUPPORTED_SMALL_DOMAIN","3","1","1","3","1","1","[]","[""باطل"",""بديل""]","33.333333333333336","false","false","false"
"60ab5fd01a847912","11","en_to_ar","14","2","11011011011/11011011111/01111101100/01100111011/11001111111/11111011111/11111110011/11011100110/00110111110/11111011011/11011011011","5","0","across","5","???تع","[{""position"":3,""characters"":[""ت""]},{""position"":4,""characters"":[""ع""]}]","true","false","true","0","0","fill-forward","C_API_SAMPLING_LOSS","1","0","0","1","0","0","[]","[""عتيقة""]","0","true","false","false"
"5744fd8f8cb9e551","11","en_to_ar","14","2","11011011011/11011011111/01111101100/01100111011/11001111111/11111011111/11111110011/11011100110/00110111110/11111011011/11011011011","5","0","across","5","???تل","[{""position"":3,""characters"":[""ت""]},{""position"":4,""characters"":[""ل""]}]","true","false","true","0","0","fill-forward","C_API_SAMPLING_LOSS","2","0","0","2","0","0","[]","[""الكتل"",""القتل""]","0","true","false","false"
"60143d324d999c12","11","en_to_ar","14","2","11011011011/11011011111/01111101100/01100111011/11001111111/11111011111/11111110011/11011100110/00110111110/11111011011/11011011011","5","0","across","5","???تت","[{""position"":3,""characters"":[""ت""]},{""position"":4,""characters"":[""ت""]}]","false","true","false","2","2","fill-mrv","SUPPORTED_SMALL_DOMAIN","6","2","2","6","2","2","[]","[""تتعلم"",""تتضمن"",""تتطلب"",""تتوقع""]","33.333333333333336","false","true","false"
"20a8ea72119622b3","11","en_to_ar","14","2","11011011011/11011011111/01111101100/01100111011/11001111111/11111011111/11111110011/11011100110/00110111110/11111011011/11011011011","6","0","across","7","?????لم","[{""position"":5,""characters"":[""ل""]},{""position"":6,""characters"":[""م""]}]","false","true","true","1","1","fill-mrv","SUPPORTED_SMALL_DOMAIN","2","1","1","2","1","1","[]","[""المتكلم""]","50","false","false","false"
"c53793bc539fe587","11","en_to_ar","21","1","11001101111/11011111111/11110110110/11101100111/01101101111/00111011100/11110110110/11100110111/01101101111/11111111011/11110110011","0","1","down","5","ز????","[{""position"":0,""characters"":[""ز""]}]","false","true","false","3","3","fill-mrv","SUPPORTED_SMALL_DOMAIN","24","3","3","24","3","3","[]","[""زرقاء"",""الفوز"",""الارز"",""محجوز"",""الرمز"",""زيارة"",""زيادة"",""تركيز"",""زجاجي"",""ممتاز"",""جوائز"",""زوجان"",""زوجين"",""زاوية"",""مراكز"",""زعماء"",""الحجز"",""تجاوز"",""تجهيز"",""تلفاز"",""زراعة""]","12.5","false","true","false"
"3097e00197a24726","11","en_to_ar","21","1","11001101111/11011111111/11110110110/11101100111/01101101111/00111011100/11110110110/11100110111/01101101111/11111111011/11110110011","0","0","down","4","رح??","[{""position"":0,""characters"":[""ر""]},{""position"":1,""characters"":[""ح""]}]","true","false","true","0","0","fill-forward","C_API_SAMPLING_LOSS","2","0","0","2","0","0","[]","[""رحلة"",""رحلت""]","0","true","false","false"
"863088cddc0f8ed4","11","en_to_ar","21","1","11001101111/11011111111/11110110110/11101100111/01101101111/00111011100/11110110110/11100110111/01101101111/11111111011/11110110011","0","0","down","4","رف??","[{""position"":0,""characters"":[""ر""]},{""position"":1,""characters"":[""ف""]}]","false","true","false","2","2","fill-mrv","SUPPORTED_SMALL_DOMAIN","5","2","2","5","2","2","[]","[""رفقة"",""يوفر"",""رفاه""]","40","false","true","false"
"32cabe396dba1161","11","en_to_ar","21","1","11001101111/11011111111/11110110110/11101100111/01101101111/00111011100/11110110110/11100110111/01101101111/11111111011/11110110011","2","0","across","4","??زو","[{""position"":2,""characters"":[""ز""]},{""position"":3,""characters"":[""و""]}]","false","true","true","1","1","fill-mrv","SUPPORTED_SMALL_DOMAIN","2","1","1","2","1","1","[]","[""وزير""]","50","false","false","false"
"602c8c73a939e475","11","en_to_ar","21","1","11001101111/11011111111/11110110110/11101100111/01101101111/00111011100/11110110110/11100110111/01101101111/11111111011/11110110011","0","0","down","4","ره??","[{""position"":0,""characters"":[""ر""]},{""position"":1,""characters"":[""ه""]}]","false","true","false","2","2","fill-mrv","SUPPORTED_SMALL_DOMAIN","4","2","2","4","2","2","[]","[""يظهر"",""تظهر""]","50","false","false","false"
"69e52f99ffdfa0eb","11","en_to_ar","21","1","11001101111/11011111111/11110110110/11101100111/01101101111/00111011100/11110110110/11100110111/01101101111/11111111011/11110110011","2","0","across","4","??زا","[{""position"":2,""characters"":[""ز""]},{""position"":3,""characters"":[""ا""]}]","true","false","true","0","0","fill-forward","C_API_SAMPLING_LOSS","1","0","0","1","0","0","[]","[""ازرق""]","0","true","false","false"
"d54046407c94fe97","11","en_to_ar","21","1","11001101111/11011111111/11110110110/11101100111/01101101111/00111011100/11110110110/11100110111/01101101111/11111111011/11110110011","0","0","down","4","رد??","[{""position"":0,""characters"":[""ر""]},{""position"":1,""characters"":[""د""]}]","false","true","false","1","1","fill-mrv","SUPPORTED_SMALL_DOMAIN","5","1","1","5","1","1","[]","[""قادر"",""غادر"",""ردود"",""نادر""]","20","false","true","false"
"3097e00197a24726","11","en_to_ar","21","1","11001101111/11011111111/11110110110/11101100111/01101101111/00111011100/11110110110/11100110111/01101101111/11111111011/11110110011","0","0","down","4","رح??","[{""position"":0,""characters"":[""ر""]},{""position"":1,""characters"":[""ح""]}]","true","false","true","0","0","fill-forward","C_API_SAMPLING_LOSS","2","0","0","2","0","0","[]","[""رحلة"",""رحلت""]","0","true","false","false"
"863088cddc0f8ed4","11","en_to_ar","21","1","11001101111/11011111111/11110110110/11101100111/01101101111/00111011100/11110110110/11100110111/01101101111/11111111011/11110110011","0","0","down","4","رف??","[{""position"":0,""characters"":[""ر""]},{""position"":1,""characters"":[""ف""]}]","false","true","false","2","2","fill-mrv","SUPPORTED_SMALL_DOMAIN","5","2","2","5","2","2","[]","[""رفقة"",""يوفر"",""رفاه""]","40","false","true","false"
"32cabe396dba1161","11","en_to_ar","21","1","11001101111/11011111111/11110110110/11101100111/01101101111/00111011100/11110110110/11100110111/01101101111/11111111011/11110110011","2","0","across","4","??زو","[{""position"":2,""characters"":[""ز""]},{""position"":3,""characters"":[""و""]}]","false","true","true","1","1","fill-mrv","SUPPORTED_SMALL_DOMAIN","2","1","1","2","1","1","[]","[""وزير""]","50","false","false","false"
"602c8c73a939e475","11","en_to_ar","21","1","11001101111/11011111111/11110110110/11101100111/01101101111/00111011100/11110110110/11100110111/01101101111/11111111011/11110110011","0","0","down","4","ره??","[{""position"":0,""characters"":[""ر""]},{""position"":1,""characters"":[""ه""]}]","false","true","false","2","2","fill-mrv","SUPPORTED_SMALL_DOMAIN","4","2","2","4","2","2","[]","[""يظهر"",""تظهر""]","50","false","false","false"
"0d15dd2f16514505","11","en_to_ar","21","2","11001101111/11011111111/11110110110/11101100111/01101101111/00111011100/11110110110/11100110111/01101101111/11111111011/11110110011","0","1","down","5","ه????","[{""position"":0,""characters"":[""ه""]}]","false","true","false","3","3","fill-mrv","SUPPORTED_SMALL_DOMAIN","15","3","3","15","3","3","[]","[""الوجه"",""ادناه"",""اعلاه"",""متنزه"",""منتزه"",""مشابه"",""هواتف"",""هاوية"",""اتجاه"",""الكره"",""تنويه"",""توجيه""]","20","false","true","false"
"26fc00651f732708","11","en_to_ar","21","2","11001101111/11011111111/11110110110/11101100111/01101101111/00111011100/11110110110/11100110111/01101101111/11111111011/11110110011","0","0","down","4","يض??","[{""position"":0,""characters"":[""ي""]},{""position"":1,""characters"":[""ض""]}]","true","false","true","0","0","fill-forward","C_API_SAMPLING_LOSS","3","0","0","3","0","0","[]","[""ماضي"",""يضرب"",""يضمن""]","0","true","false","false"
"ae314c6213db3337","11","en_to_ar","21","2","11001101111/11011111111/11110110110/11101100111/01101101111/00111011100/11110110110/11100110111/01101101111/11111111011/11110110011","0","0","down","4","يب??","[{""position"":0,""characters"":[""ي""]},{""position"":1,""characters"":[""ب""]}]","true","false","false","0","0","fill-forward","C_API_SAMPLING_LOSS","5","0","0","5","0","0","[]","[""ذهبي"",""شعبي"",""غربي"",""يبدو"",""يبيع""]","0","true","false","false"
"ca62e35bddd23dcd","11","en_to_ar","21","2","11001101111/11011111111/11110110110/11101100111/01101101111/00111011100/11110110110/11100110111/01101101111/11111111011/11110110011","0","0","down","4","يح??","[{""position"":0,""characters"":[""ي""]},{""position"":1,""characters"":[""ح""]}]","false","true","true","2","2","fill-mrv","SUPPORTED_SMALL_DOMAIN","3","2","2","3","2","2","[]","[""يحدث""]","66.66666666666667","false","false","false"
"7128f38a137e42b8","11","en_to_ar","21","2","11001101111/11011111111/11110110110/11101100111/01101101111/00111011100/11110110110/11100110111/01101101111/11111111011/11110110011","2","0","across","4","??اذ","[{""position"":2,""characters"":[""ا""]},{""position"":3,""characters"":[""ذ""]}]","true","false","true","0","0","fill-forward","C_API_SAMPLING_LOSS","1","0","0","1","0","0","[]","[""ذاهب""]","0","true","false","false"
"c243d5b5f679ac8a","11","en_to_ar","21","2","11001101111/11011111111/11110110110/11101100111/01101101111/00111011100/11110110110/11100110111/01101101111/11111111011/11110110011","3","0","across","3","?يل","[{""position"":1,""characters"":[""ي""]},{""position"":2,""characters"":[""ل""]}]","false","true","true","1","1","fill-mrv","SUPPORTED_SMALL_DOMAIN","3","1","1","3","1","1","[]","[""ليل"",""ميل""]","33.333333333333336","false","false","false"
"055953df009bf6ef","11","en_to_ar","21","2","11001101111/11011111111/11110110110/11101100111/01101101111/00111011100/11110110110/11100110111/01101101111/11111111011/11110110011","0","0","down","4","يع??","[{""position"":0,""characters"":[""ي""]},{""position"":1,""characters"":[""ع""]}]","true","false","false","0","0","fill-forward","C_API_SAMPLING_LOSS","5","0","0","5","0","0","[]","[""يعيش"",""يعمل"",""يعني"",""يعطي"",""يعلن""]","0","true","false","false"
"095180acb06a0002","11","en_to_ar","21","2","11001101111/11011111111/11110110110/11101100111/01101101111/00111011100/11110110110/11100110111/01101101111/11111111011/11110110011","0","0","down","4","ير??","[{""position"":0,""characters"":[""ي""]},{""position"":1,""characters"":[""ر""]}]","true","false","false","0","0","fill-forward","C_API_SAMPLING_LOSS","9","0","0","9","0","0","[]","[""فكري"",""بشري"",""بصري"",""شهري"",""عاري"",""دوري"",""حضري"",""فوري"",""نظري""]","0","true","false","false"
"512c7afb64cbc7c2","11","en_to_ar","21","2","11001101111/11011111111/11110110110/11101100111/01101101111/00111011100/11110110110/11100110111/01101101111/11111111011/11110110011","0","0","down","4","يم??","[{""position"":0,""characters"":[""ي""]},{""position"":1,""characters"":[""م""]}]","false","true","false","1","1","fill-mrv","SUPPORTED_SMALL_DOMAIN","8","1","1","8","1","1","[]","[""يمين"",""نامي"",""يمكن"",""رقمي"",""رسمي"",""محمي"",""يمشي""]","12.5","false","true","false"
"ff3a8326b5d24bdf","11","en_to_ar","21","2","11001101111/11011111111/11110110110/11101100111/01101101111/00111011100/11110110110/11100110111/01101101111/11111111011/11110110011","2","0","across","4","??او","[{""position"":2,""characters"":[""ا""]},{""position"":3,""characters"":[""و""]}]","false","true","false","2","2","fill-mrv","SUPPORTED_SMALL_DOMAIN","7","2","2","7","2","2","[]","[""واسع"",""واجه"",""واحد"",""واضح"",""وادي""]","28.571428571428573","false","true","false"
"22ad71b32501c85f","11","en_to_ar","21","2","11001101111/11011111111/11110110110/11101100111/01101101111/00111011100/11110110110/11100110111/01101101111/11111111011/11110110011","3","0","across","3","?يت","[{""position"":1,""characters"":[""ي""]},{""position"":2,""characters"":[""ت""]}]","false","true","true","1","1","fill-mrv","SUPPORTED_SMALL_DOMAIN","2","1","1","2","1","1","[]","[""ميت""]","50","false","false","false"
"5fe9948e28c3dee6","11","en_to_ar","21","2","11001101111/11011111111/11110110110/11101100111/01101101111/00111011100/11110110110/11100110111/01101101111/11111111011/11110110011","0","0","down","4","يق??","[{""position"":0,""characters"":[""ي""]},{""position"":1,""characters"":[""ق""]}]","false","true","false","1","1","fill-mrv","SUPPORTED_SMALL_DOMAIN","4","1","1","4","1","1","[]","[""يقطع"",""شرقي"",""يقول""]","25","false","false","false"
"22ad71b32501c85f","11","en_to_ar","21","2","11001101111/11011111111/11110110110/11101100111/01101101111/00111011100/11110110110/11100110111/01101101111/11111111011/11110110011","3","0","across","3","?يت","[{""position"":1,""characters"":[""ي""]},{""position"":2,""characters"":[""ت""]}]","false","true","true","1","1","fill-mrv","SUPPORTED_SMALL_DOMAIN","2","1","1","2","1","1","[]","[""ميت""]","50","false","false","false"
"26fc00651f732708","11","en_to_ar","21","2","11001101111/11011111111/11110110110/11101100111/01101101111/00111011100/11110110110/11100110111/01101101111/11111111011/11110110011","0","0","down","4","يض??","[{""position"":0,""characters"":[""ي""]},{""position"":1,""characters"":[""ض""]}]","true","false","true","0","0","fill-forward","C_API_SAMPLING_LOSS","3","0","0","3","0","0","[]","[""ماضي"",""يضرب"",""يضمن""]","0","true","false","false"
"ae314c6213db3337","11","en_to_ar","21","2","11001101111/11011111111/11110110110/11101100111/01101101111/00111011100/11110110110/11100110111/01101101111/11111111011/11110110011","0","0","down","4","يب??","[{""position"":0,""characters"":[""ي""]},{""position"":1,""characters"":[""ب""]}]","true","false","false","0","0","fill-forward","C_API_SAMPLING_LOSS","5","0","0","5","0","0","[]","[""ذهبي"",""شعبي"",""غربي"",""يبدو"",""يبيع""]","0","true","false","false"
"ca62e35bddd23dcd","11","en_to_ar","21","2","11001101111/11011111111/11110110110/11101100111/01101101111/00111011100/11110110110/11100110111/01101101111/11111111011/11110110011","0","0","down","4","يح??","[{""position"":0,""characters"":[""ي""]},{""position"":1,""characters"":[""ح""]}]","false","true","true","2","2","fill-mrv","SUPPORTED_SMALL_DOMAIN","3","2","2","3","2","2","[]","[""يحدث""]","66.66666666666667","false","false","false"
"7128f38a137e42b8","11","en_to_ar","21","2","11001101111/11011111111/11110110110/11101100111/01101101111/00111011100/11110110110/11100110111/01101101111/11111111011/11110110011","2","0","across","4","??اذ","[{""position"":2,""characters"":[""ا""]},{""position"":3,""characters"":[""ذ""]}]","true","false","true","0","0","fill-forward","C_API_SAMPLING_LOSS","1","0","0","1","0","0","[]","[""ذاهب""]","0","true","false","false"
"c243d5b5f679ac8a","11","en_to_ar","21","2","11001101111/11011111111/11110110110/11101100111/01101101111/00111011100/11110110110/11100110111/01101101111/11111111011/11110110011","3","0","across","3","?يل","[{""position"":1,""characters"":[""ي""]},{""position"":2,""characters"":[""ل""]}]","false","true","true","1","1","fill-mrv","SUPPORTED_SMALL_DOMAIN","3","1","1","3","1","1","[]","[""ليل"",""ميل""]","33.333333333333336","false","false","false"
"055953df009bf6ef","11","en_to_ar","21","2","11001101111/11011111111/11110110110/11101100111/01101101111/00111011100/11110110110/11100110111/01101101111/11111111011/11110110011","0","0","down","4","يع??","[{""position"":0,""characters"":[""ي""]},{""position"":1,""characters"":[""ع""]}]","true","false","false","0","0","fill-forward","C_API_SAMPLING_LOSS","5","0","0","5","0","0","[]","[""يعيش"",""يعمل"",""يعني"",""يعطي"",""يعلن""]","0","true","false","false"
"095180acb06a0002","11","en_to_ar","21","2","11001101111/11011111111/11110110110/11101100111/01101101111/00111011100/11110110110/11100110111/01101101111/11111111011/11110110011","0","0","down","4","ير??","[{""position"":0,""characters"":[""ي""]},{""position"":1,""characters"":[""ر""]}]","true","false","false","0","0","fill-forward","C_API_SAMPLING_LOSS","9","0","0","9","0","0","[]","[""فكري"",""بشري"",""بصري"",""شهري"",""عاري"",""دوري"",""حضري"",""فوري"",""نظري""]","0","true","false","false"
"512c7afb64cbc7c2","11","en_to_ar","21","2","11001101111/11011111111/11110110110/11101100111/01101101111/00111011100/11110110110/11100110111/01101101111/11111111011/11110110011","0","0","down","4","يم??","[{""position"":0,""characters"":[""ي""]},{""position"":1,""characters"":[""م""]}]","false","true","false","1","1","fill-mrv","SUPPORTED_SMALL_DOMAIN","8","1","1","8","1","1","[]","[""يمين"",""نامي"",""يمكن"",""رقمي"",""رسمي"",""محمي"",""يمشي""]","12.5","false","true","false"
"ff3a8326b5d24bdf","11","en_to_ar","21","2","11001101111/11011111111/11110110110/11101100111/01101101111/00111011100/11110110110/11100110111/01101101111/11111111011/11110110011","2","0","across","4","??او","[{""position"":2,""characters"":[""ا""]},{""position"":3,""characters"":[""و""]}]","false","true","false","2","2","fill-mrv","SUPPORTED_SMALL_DOMAIN","7","2","2","7","2","2","[]","[""واسع"",""واجه"",""واحد"",""واضح"",""وادي""]","28.571428571428573","false","true","false"
"22ad71b32501c85f","11","en_to_ar","21","2","11001101111/11011111111/11110110110/11101100111/01101101111/00111011100/11110110110/11100110111/01101101111/11111111011/11110110011","3","0","across","3","?يت","[{""position"":1,""characters"":[""ي""]},{""position"":2,""characters"":[""ت""]}]","false","true","true","1","1","fill-mrv","SUPPORTED_SMALL_DOMAIN","2","1","1","2","1","1","[]","[""ميت""]","50","false","false","false"
"5fe9948e28c3dee6","11","en_to_ar","21","2","11001101111/11011111111/11110110110/11101100111/01101101111/00111011100/11110110110/11100110111/01101101111/11111111011/11110110011","0","0","down","4","يق??","[{""position"":0,""characters"":[""ي""]},{""position"":1,""characters"":[""ق""]}]","false","true","false","1","1","fill-mrv","SUPPORTED_SMALL_DOMAIN","4","1","1","4","1","1","[]","[""يقطع"",""شرقي"",""يقول""]","25","false","false","false"
"22ad71b32501c85f","11","en_to_ar","21","2","11001101111/11011111111/11110110110/11101100111/01101101111/00111011100/11110110110/11100110111/01101101111/11111111011/11110110011","3","0","across","3","?يت","[{""position"":1,""characters"":[""ي""]},{""position"":2,""characters"":[""ت""]}]","false","true","true","1","1","fill-mrv","SUPPORTED_SMALL_DOMAIN","2","1","1","2","1","1","[]","[""ميت""]","50","false","false","false"
"7b40282b0f14ccd3","11","en_to_ar","21","2","11001101111/11011111111/11110110110/11101100111/01101101111/00111011100/11110110110/11100110111/01101101111/11111111011/11110110011","2","0","across","4","?حا?","[{""position"":1,""characters"":[""ح""]},{""position"":2,""characters"":[""ا""]}]","true","false","false","0","0","fill-forward","C_API_SAMPLING_LOSS","6","0","0","6","0","0","[]","[""واحد"",""لاحق"",""صاحب"",""راحة"",""ساحل"",""ساحة""]","0","true","false","false"
"22ad71b32501c85f","11","en_to_ar","21","2","11001101111/11011111111/11110110110/11101100111/01101101111/00111011100/11110110110/11100110111/01101101111/11111111011/11110110011","3","0","across","3","تي?","[{""position"":0,""characters"":[""ت""]},{""position"":1,""characters"":[""ي""]}]","false","true","true","1","1","fill-mrv","SUPPORTED_SMALL_DOMAIN","2","1","1","2","1","1","[]","[""ميت""]","50","false","false","false"
"7c3d270697f514ec","11","en_to_ar","22","2","11011100111/11011101111/01110011011/11100110011/11001101110/01111111110/01110110011/11001100111/11011001110/11110111011/11100111011","10","0","across","3","?خ?","[{""position"":1,""characters"":[""خ""]}]","false","true","false","3","3","fill-mrv","SUPPORTED_SMALL_DOMAIN","6","2","2","6","2","2","[]","[""اخر"",""شخص"",""اخذ"",""فخر""]","33.333333333333336","false","true","false"
"be610b7f964aacf6","11","en_to_ar","22","2","11011100111/11011101111/01110011011/11100110011/11001101110/01111111110/01110110011/11001100111/11011001110/11110111011/11100111011","7","0","down","4","خ??ل","[{""position"":0,""characters"":[""خ""]},{""position"":3,""characters"":[""ل""]}]","true","false","true","0","0","fill-forward","C_API_SAMPLING_LOSS","2","0","0","2","0","0","[]","[""خلال"",""خيال""]","0","true","false","false"
"6bcc259551ee9e13","11","en_to_ar","22","2","11011100111/11011101111/01110011011/11100110011/11001101110/01111111110/01110110011/11001100111/11011001110/11110111011/11100111011","7","0","down","4","خ??م","[{""position"":0,""characters"":[""خ""]},{""position"":3,""characters"":[""م""]}]","true","false","false","0","0","fill-forward","C_API_SAMPLING_LOSS","4","0","0","4","0","0","[]","[""خادم"",""مطبخ"",""خاتم"",""مناخ""]","0","true","false","false"
"1479d987b7f22ea3","11","en_to_ar","22","2","11011100111/11011101111/01110011011/11100110011/11001101110/01111111110/01110110011/11001100111/11011001110/11110111011/11100111011","7","0","down","4","ق??ل","[{""position"":0,""characters"":[""ق""]},{""position"":3,""characters"":[""ل""]}]","false","true","false","1","1","fill-mrv","SUPPORTED_SMALL_DOMAIN","4","1","1","4","1","1","[]","[""قليل"",""لاحق"",""قبول""]","25","false","false","false"
"ee0280b9cd95138a","11","en_to_ar","22","2","11011100111/11011101111/01110011011/11100110011/11001101110/01111111110/01110110011/11001100111/11011001110/11110111011/11100111011","7","0","down","4","ق??د","[{""position"":0,""characters"":[""ق""]},{""position"":3,""characters"":[""د""]}]","false","true","true","1","1","fill-mrv","SUPPORTED_SMALL_DOMAIN","3","1","1","3","1","1","[]","[""دقيق"",""قاعد""]","33.333333333333336","false","false","false"
"61fb8e49ed5964ab","11","en_to_ar","22","2","11011100111/11011101111/01110011011/11100110011/11001101110/01111111110/01110110011/11001100111/11011001110/11110111011/11100111011","9","0","across","4","?در?","[{""position"":1,""characters"":[""د""]},{""position"":2,""characters"":[""ر""]}]","false","true","false","2","2","fill-mrv","SUPPORTED_SMALL_DOMAIN","10","2","2","10","2","2","[]","[""ادرس"",""مدرس"",""وردة"",""مدرج"",""وردت"",""تردد"",""مدرك"",""فردي""]","20","false","true","false"
"7a5d27c4797a5f30","11","en_to_ar","22","2","11011100111/11011101111/01110011011/11100110011/11001101110/01111111110/01110110011/11001100111/11011001110/11110111011/11100111011","9","0","across","4","?عر?","[{""position"":1,""characters"":[""ع""]},{""position"":2,""characters"":[""ر""]}]","false","true","false","2","2","fill-mrv","SUPPORTED_SMALL_DOMAIN","6","2","2","6","2","2","[]","[""معرض"",""سرعة"",""معرف"",""شعرا""]","33.333333333333336","false","true","false"
"7a5d27c4797a5f30","11","en_to_ar","22","2","11011100111/11011101111/01110011011/11100110011/11001101110/01111111110/01110110011/11001100111/11011001110/11110111011/11100111011","9","0","across","4","?عر?","[{""position"":1,""characters"":[""ع""]},{""position"":2,""characters"":[""ر""]}]","false","true","false","2","2","fill-mrv","SUPPORTED_SMALL_DOMAIN","6","2","2","6","2","2","[]","[""معرض"",""سرعة"",""معرف"",""شعرا""]","33.333333333333336","false","true","false"
"c8488e8a7e507e37","11","en_to_ar","26","1","11001100111/11111111111/11111011100/11001100110/01110110011/11111011111/11001101110/01100110011/00111011111/11111111111/11100110011","0","8","across","3","مل?","[{""position"":0,""characters"":[""م""]},{""position"":1,""characters"":[""ل""]}]","false","true","false","2","2","fill-mrv","SUPPORTED_SMALL_DOMAIN","8","2","2","8","2","2","[]","[""ملك"",""ملح"",""قلم"",""ملف"",""الم"",""علم""]","25","false","true","false"
"85c525720524f5d6","11","en_to_ar","26","1","11001100111/11111111111/11111011100/11001100110/01110110011/11111011111/11001101110/01100110011/00111011111/11111111111/11100110011","0","8","down","4","حق??","[{""position"":0,""characters"":[""ح""]},{""position"":1,""characters"":[""ق""]}]","true","false","true","0","0","fill-forward","C_API_SAMPLING_LOSS","3","0","0","3","0","0","[]","[""حقوق"",""حقول"",""حقبة""]","0","true","false","false"
"db382b83347fa13a","11","en_to_ar","26","1","11001100111/11111111111/11111011100/11001100110/01110110011/11111011111/11001101110/01100110011/00111011111/11111111111/11100110011","2","6","across","3","?مل","[{""position"":1,""characters"":[""م""]},{""position"":2,""characters"":[""ل""]}]","false","true","false","3","3","fill-mrv","SUPPORTED_SMALL_DOMAIN","6","3","3","6","3","3","[]","[""رمل"",""حمل"",""نمل""]","50","false","true","false"
"85c525720524f5d6","11","en_to_ar","26","1","11001100111/11111111111/11111011100/11001100110/01110110011/11111011111/11001101110/01100110011/00111011111/11111111111/11100110011","0","8","down","4","حق??","[{""position"":0,""characters"":[""ح""]},{""position"":1,""characters"":[""ق""]}]","true","false","true","0","0","fill-forward","C_API_SAMPLING_LOSS","3","0","0","3","0","0","[]","[""حقوق"",""حقول"",""حقبة""]","0","true","false","false"
"7d7c65d2ba3f43fe","11","en_to_ar","26","1","11001100111/11111111111/11111011100/11001100110/01110110011/11111011111/11001101110/01100110011/00111011111/11111111111/11100110011","0","8","down","4","دق??","[{""position"":0,""characters"":[""د""]},{""position"":1,""characters"":[""ق""]}]","true","false","true","0","0","fill-forward","C_API_SAMPLING_LOSS","2","0","0","2","0","0","[]","[""تفقد"",""دقيق""]","0","true","false","false"
"d4b70caacb227cfa","11","en_to_ar","26","1","11001100111/11111111111/11111011100/11001100110/01110110011/11111011111/11001101110/01100110011/00111011111/11111111111/11100110011","0","8","down","4","اق??","[{""position"":0,""characters"":[""ا""]},{""position"":1,""characters"":[""ق""]}]","false","true","false","2","2","fill-mrv","SUPPORTED_SMALL_DOMAIN","5","2","2","5","2","2","[]","[""وفقا"",""اقبل"",""اقدم""]","40","false","true","false"
"f3caec432f23c0e6","11","en_to_ar","26","1","11001100111/11111111111/11111011100/11001100110/01110110011/11111011111/11001101110/01100110011/00111011111/11111111111/11100110011","2","6","across","3","رمل","[{""position"":0,""characters"":[""ر""]},{""position"":1,""characters"":[""م""]},{""position"":2,""characters"":[""ل""]}]","true","false","true","0","0","fill-forward","C_API_SAMPLING_LOSS","1","0","0","1","0","0","[]","[""رمل""]","0","true","false","false"
"4e8a83f4fc91e7dc","11","en_to_ar","26","1","11001100111/11111111111/11111011100/11001100110/01110110011/11111011111/11001101110/01100110011/00111011111/11111111111/11100110011","2","6","across","3","?بل","[{""position"":1,""characters"":[""ب""]},{""position"":2,""characters"":[""ل""]}]","false","true","true","3","3","fill-mrv","SUPPORTED_SMALL_DOMAIN","3","2","2","3","2","2","[]","[""جبل""]","66.66666666666667","false","false","false"
"c2633672163fd6c3","11","en_to_ar","26","2","11001100111/11111111111/11111011100/11001100110/01110110011/11111011111/11001101110/01100110011/00111011111/11111111111/11100110011","2","0","across","5","?دل??","[{""position"":1,""characters"":[""د""]},{""position"":2,""characters"":[""ل""]}]","true","false","true","0","0","fill-forward","C_API_SAMPLING_LOSS","1","0","0","1","0","0","[]","[""تدليك""]","0","true","false","false"
"c460cefbb6e4c591","11","en_to_ar","26","2","11001100111/11111111111/11111011100/11001100110/01110110011/11111011111/11001101110/01100110011/00111011111/11111111111/11100110011","2","0","across","5","?قل??","[{""position"":1,""characters"":[""ق""]},{""position"":2,""characters"":[""ل""]}]","true","false","false","0","0","fill-forward","C_API_SAMPLING_LOSS","4","0","0","4","0","0","[]","[""اللقب"",""مغلقة"",""تقليل"",""عقلية""]","0","true","false","false"
"1e2fe289264a6483","11","en_to_ar","26","2","11001100111/11111111111/11111011100/11001100110/01110110011/11111011111/11001101110/01100110011/00111011111/11111111111/11100110011","2","0","across","5","?بل??","[{""position"":1,""characters"":[""ب""]},{""position"":2,""characters"":[""ل""]}]","false","true","true","1","1","fill-mrv","SUPPORTED_SMALL_DOMAIN","2","1","1","2","1","1","[]","[""طالبة""]","50","false","false","false"
"169601d5ea9831b2","11","en_to_ar","26","2","11001100111/11111111111/11111011100/11001100110/01110110011/11111011111/11001101110/01100110011/00111011111/11111111111/11100110011","2","0","across","5","?لل??","[{""position"":1,""characters"":[""ل""]},{""position"":2,""characters"":[""ل""]}]","false","true","false","3","3","fill-mrv","SUPPORTED_SMALL_DOMAIN","9","2","2","9","2","2","[]","[""الليل"",""اللوح"",""اللقب"",""اللغة"",""اللون"",""اللمس"",""اللغم""]","22.22222222222222","false","true","false"
"7514e9b323aa7633","11","en_to_ar","26","2","11001100111/11111111111/11111011100/11001100110/01110110011/11111011111/11001101110/01100110011/00111011111/11111111111/11100110011","0","0","down","4","?مب?","[{""position"":1,""characters"":[""م""]},{""position"":2,""characters"":[""ب""]}]","true","false","true","0","0","fill-forward","C_API_SAMPLING_LOSS","1","0","0","1","0","0","[]","[""ربما""]","0","true","false","false"
"8521ae7715d3c588","11","en_to_ar","26","2","11001100111/11111111111/11111011100/11001100110/01110110011/11111011111/11001101110/01100110011/00111011111/11111111111/11100110011","0","0","down","4","?مز?","[{""position"":1,""characters"":[""م""]},{""position"":2,""characters"":[""ز""]}]","false","true","false","2","2","fill-mrv","SUPPORTED_SMALL_DOMAIN","4","2","2","4","2","2","[]","[""مزمن"",""تمزق""]","50","false","false","false"
"8521ae7715d3c588","11","en_to_ar","26","2","11001100111/11111111111/11111011100/11001100110/01110110011/11111011111/11001101110/01100110011/00111011111/11111111111/11100110011","0","0","down","4","?مز?","[{""position"":1,""characters"":[""م""]},{""position"":2,""characters"":[""ز""]}]","false","true","false","2","2","fill-mrv","SUPPORTED_SMALL_DOMAIN","4","2","2","4","2","2","[]","[""مزمن"",""تمزق""]","50","false","false","false"
"857b68f1405ece85","11","en_to_ar","26","2","11001100111/11111111111/11111011100/11001100110/01110110011/11111011111/11001101110/01100110011/00111011111/11111111111/11100110011","0","4","down","4","?تا?","[{""position"":1,""characters"":[""ت""]},{""position"":2,""characters"":[""ا""]}]","false","true","false","1","1","fill-mrv","SUPPORTED_SMALL_DOMAIN","11","1","1","11","1","1","[]","[""كتاب"",""فاتح"",""فتاة"",""شتاء"",""متاح"",""كاتب"",""ياتي"",""ناتج"",""خاتم"",""ساتل""]","9.090909090909092","false","true","false"
"8521ae7715d3c588","11","en_to_ar","26","2","11001100111/11111111111/11111011100/11001100110/01110110011/11111011111/11001101110/01100110011/00111011111/11111111111/11100110011","0","0","down","4","?مز?","[{""position"":1,""characters"":[""م""]},{""position"":2,""characters"":[""ز""]}]","false","true","false","2","2","fill-mrv","SUPPORTED_SMALL_DOMAIN","4","2","2","4","2","2","[]","[""مزمن"",""تمزق""]","50","false","false","false"
"5020d969d812753b","11","en_to_ar","26","2","11001100111/11111111111/11111011100/11001100110/01110110011/11111011111/11001101110/01100110011/00111011111/11111111111/11100110011","2","0","across","5","?ظل??","[{""position"":1,""characters"":[""ظ""]},{""position"":2,""characters"":[""ل""]}]","true","false","true","0","0","fill-forward","C_API_SAMPLING_LOSS","1","0","0","1","0","0","[]","[""مظلمة""]","0","true","false","false"
"6942b1b58beff895","11","en_to_ar","26","2","11001100111/11111111111/11111011100/11001100110/01110110011/11111011111/11001101110/01100110011/00111011111/11111111111/11100110011","2","0","across","5","?يل??","[{""position"":1,""characters"":[""ي""]},{""position"":2,""characters"":[""ل""]}]","false","true","false","2","2","fill-mrv","SUPPORTED_SMALL_DOMAIN","21","2","2","21","2","2","[]","[""الليل"",""عالية"",""تعليم"",""ايلول"",""تعليق"",""مالية"",""تحليل"",""تسليم"",""حاليا"",""مثلية"",""تصليح"",""عاليا"",""فعلية"",""تقليل"",""ميلاد"",""عقلية"",""غالية"",""تدليك"",""توليد""]","9.523809523809524","false","true","false"
"3082beb01b2770d8","11","en_to_ar","29","1","11011011011/11111111011/00111100110/11011001100/11001111111/11101110111/11111110011/00110011011/01100111100/11011111111/11011011011","2","2","across","4","?ت?م","[{""position"":1,""characters"":[""ت""]},{""position"":3,""characters"":[""م""]}]","false","true","false","2","2","fill-mrv","SUPPORTED_SMALL_DOMAIN","6","2","2","6","2","2","[]","[""ممتع"",""منتج"",""مكتب"",""ميتة""]","33.333333333333336","false","true","false"
"a21f7bcfb3be5d6d","11","en_to_ar","29","1","11011011011/11111111011/00111100110/11011001100/11001111111/11101110111/11111110011/00110011011/01100111100/11011111111/11011011011","0","3","down","4","?فه?","[{""position"":1,""characters"":[""ف""]},{""position"":2,""characters"":[""ه""]}]","true","false","true","0","0","fill-forward","C_API_SAMPLING_LOSS","2","0","0","2","0","0","[]","[""شفهي"",""تفهم""]","0","true","false","false"
"c62efed3c9fcff92","11","en_to_ar","29","1","11011011011/11111111011/00111100110/11011001100/11001111111/11101110111/11111110011/00110011011/01100111100/11011111111/11011011011","0","3","down","4","?في?","[{""position"":1,""characters"":[""ف""]},{""position"":2,""characters"":[""ي""]}]","false","true","false","1","1","fill-mrv","SUPPORTED_SMALL_DOMAIN","5","1","1","5","1","1","[]","[""خفيف"",""صيفي"",""ضيفة"",""ريفي""]","20","false","true","false"
"dabf5b6f9209788f","11","en_to_ar","29","1","11011011011/11111111011/00111100110/11011001100/11001111111/11101110111/11111110011/00110011011/01100111100/11011111111/11011011011","2","2","across","4","?ت?ل","[{""position"":1,""characters"":[""ت""]},{""position"":3,""characters"":[""ل""]}]","true","false","true","0","0","fill-forward","C_API_SAMPLING_LOSS","2","0","0","2","0","0","[]","[""اتصل"",""متصل""]","0","true","false","false"
"e33365a9e1bfd064","11","en_to_ar","29","1","11011011011/11111111011/00111100110/11011001100/11001111111/11101110111/11111110011/00110011011/01100111100/11011111111/11011011011","2","2","across","4","?ت?ب","[{""position"":1,""characters"":[""ت""]},{""position"":3,""characters"":[""ب""]}]","true","false","true","0","0","fill-forward","C_API_SAMPLING_LOSS","1","0","0","1","0","0","[]","[""كتاب""]","0","true","false","false"
"3082beb01b2770d8","11","en_to_ar","29","1","11011011011/11111111011/00111100110/11011001100/11001111111/11101110111/11111110011/00110011011/01100111100/11011111111/11011011011","2","2","across","4","?ت?م","[{""position"":1,""characters"":[""ت""]},{""position"":3,""characters"":[""م""]}]","false","true","false","2","2","fill-mrv","SUPPORTED_SMALL_DOMAIN","6","2","2","6","2","2","[]","[""ممتع"",""منتج"",""مكتب"",""ميتة""]","33.333333333333336","false","true","false"
"3421a53c9570dbfa","9","en_to_ar","13","1","110011011/111111111/001110110/011011011/110111011/110110110/011011100/111111111/110110011","0","7","down","6","سو????","[{""position"":0,""characters"":[""س""]},{""position"":1,""characters"":[""و""]}]","false","true","true","1","1","fill-mrv","SUPPORTED_SMALL_DOMAIN","3","1","1","3","1","1","[]","[""الدبوس"",""الدروس""]","33.333333333333336","false","false","false"
"2c9beb4d5924cd6b","9","en_to_ar","13","1","110011011/111111111/001110110/011011011/110111011/110110110/011011100/111111111/110110011","2","2","across","3","ام?","[{""position"":0,""characters"":[""ا""]},{""position"":1,""characters"":[""م""]}]","false","true","false","2","2","fill-mrv","SUPPORTED_SMALL_DOMAIN","4","1","1","4","1","1","[]","[""امس"",""اما"",""امر""]","25","false","false","false"
"0d56048fee70fc55","9","en_to_ar","13","2","110011011/111111111/001110110/011011011/110111011/110110110/011011100/111111111/110110011","0","7","down","6","?دي???","[{""position"":1,""characters"":[""د""]},{""position"":2,""characters"":[""ي""]}]","true","false","true","0","0","fill-forward","C_API_SAMPLING_LOSS","3","0","0","3","0","0","[]","[""تقليدي"",""الايدي"",""السيدة""]","0","true","false","false"
"0350bcb3b372f6aa","9","en_to_ar","13","2","110011011/111111111/001110110/011011011/110111011/110110110/011011100/111111111/110110011","0","7","down","6","?دم???","[{""position"":1,""characters"":[""د""]},{""position"":2,""characters"":[""م""]}]","true","false","true","0","0","fill-forward","C_API_SAMPLING_LOSS","2","0","0","2","0","0","[]","[""معتمدة"",""اعتمدت""]","0","true","false","false"
"8f473ce524a7f758","9","en_to_ar","13","2","110011011/111111111/001110110/011011011/110111011/110110110/011011100/111111111/110110011","0","7","down","6","دد????","[{""position"":0,""characters"":[""د""]},{""position"":1,""characters"":[""د""]}]","false","true","true","1","1","fill-mrv","SUPPORTED_SMALL_DOMAIN","2","1","1","2","1","1","[]","[""المحدد""]","50","false","false","false"
"ed474150d62c4f2d","9","en_to_ar","13","2","110011011/111111111/001110110/011011011/110111011/110110110/011011100/111111111/110110011","0","7","down","6","قد????","[{""position"":0,""characters"":[""ق""]},{""position"":1,""characters"":[""د""]}]","true","false","true","0","0","fill-forward","C_API_SAMPLING_LOSS","1","0","0","1","0","0","[]","[""الفندق""]","0","true","false","false"
"a07f8e0fee904fac","9","en_to_ar","13","2","110011011/111111111/001110110/011011011/110111011/110110110/011011100/111111111/110110011","0","7","down","6","يد????","[{""position"":0,""characters"":[""ي""]},{""position"":1,""characters"":[""د""]}]","false","true","false","2","2","fill-mrv","SUPPORTED_SMALL_DOMAIN","8","2","2","8","2","2","[]","[""اتحادي"",""تقليدي"",""الكندي"",""الايدي"",""الوردي"",""التحدي""]","25","false","true","false"
"50ead09699d12740","9","en_to_ar","13","2","110011011/111111111/001110110/011011011/110111011/110110110/011011100/111111111/110110011","2","2","across","3","شح?","[{""position"":0,""characters"":[""ش""]},{""position"":1,""characters"":[""ح""]}]","false","true","true","1","1","fill-mrv","SUPPORTED_SMALL_DOMAIN","2","1","1","2","1","1","[]","[""وحش""]","50","false","false","false"
"d4cb2ad91ac29502","9","en_to_ar","13","2","110011011/111111111/001110110/011011011/110111011/110110110/011011100/111111111/110110011","1","2","down","3","فن?","[{""position"":0,""characters"":[""ف""]},{""position"":1,""characters"":[""ن""]}]","false","true","true","1","1","fill-mrv","SUPPORTED_SMALL_DOMAIN","2","1","1","2","1","1","[]","[""عنف""]","50","false","false","false"
"411eb4a4da1fd623","9","en_to_ar","20","1","110011011/111111111/011100110/110011011/111011111/001100110/001100110/111011111/111011011","0","1","down","5","قل???","[{""position"":0,""characters"":[""ق""]},{""position"":1,""characters"":[""ل""]}]","true","false","false","0","0","fill-forward","C_API_SAMPLING_LOSS","4","0","0","4","0","0","[]","[""قليلة"",""قليلا"",""الخلق"",""انزلق""]","0","true","false","false"
"031dad123325dde1","9","en_to_ar","20","1","110011011/111111111/011100110/110011011/111011111/001100110/001100110/111011111/111011011","0","1","down","5","قد???","[{""position"":0,""characters"":[""ق""]},{""position"":1,""characters"":[""د""]}]","true","false","true","0","0","fill-forward","C_API_SAMPLING_LOSS","2","0","0","2","0","0","[]","[""قديمة"",""فنادق""]","0","true","false","false"
"ce46ef6e7f2529c7","9","en_to_ar","20","1","110011011/111111111/011100110/110011011/111011111/001100110/001100110/111011111/111011011","0","1","down","5","قا???","[{""position"":0,""characters"":[""ق""]},{""position"":1,""characters"":[""ا""]}]","false","true","false","1","1","fill-mrv","SUPPORTED_SMALL_DOMAIN","11","1","1","11","1","1","[]","[""قانون"",""الساق"",""قائمة"",""اتفاق"",""قادرة"",""قادرا"",""قاعدة"",""قادمة"",""اوراق"",""قابلت""]","9.090909090909092","false","true","false"
"40aff2a8e806337a","9","en_to_ar","20","1","110011011/111111111/011100110/110011011/111011111/001100110/001100110/111011111/111011011","2","1","across","3","ش?ل","[{""position"":0,""characters"":[""ش""]},{""position"":2,""characters"":[""ل""]}]","false","true","true","2","2","fill-mrv","SUPPORTED_SMALL_DOMAIN","3","2","2","3","2","2","[]","[""شكل""]","66.66666666666667","false","false","false"
"c3f1b260c84df5e4","9","en_to_ar","20","2","110011011/111111111/011100110/110011011/111011111/001100110/001100110/111011111/111011011","4","2","down","5","ى????","[{""position"":0,""characters"":[""ى""]}]","false","true","false","1","1","fill-mrv","SUPPORTED_SMALL_DOMAIN","7","1","1","7","1","1","[]","[""مستوى"",""محتوى"",""المدى"",""التقى"",""الدمى"",""الصدى""]","14.285714285714286","false","true","false"
