"sourceId","english","arabic","field","before","after","reason"
"1:0","OF","من","allowedForArToEn","","true","Product-policy migration: valid approved relationship is not excluded by nonpreference/synonym ambiguity. Not a new linguistic approval."
"2:1","AND","و","allowedForArToEn","","true","Product-policy migration: valid approved relationship is not excluded by nonpreference/synonym ambiguity. Not a new linguistic approval."
"3:0","TO","من أجل","allowedForArToEn","","true","Product-policy migration: valid approved relationship is not excluded by nonpreference/synonym ambiguity. Not a new linguistic approval."
"5:0","IN","في","allowedForArToEn","","true","Product-policy migration: valid approved relationship is not excluded by nonpreference/synonym ambiguity. Not a new linguistic approval."
"6:1","FOR","من أجل","allowedForArToEn","","true","Product-policy migration: valid approved relationship is not excluded by nonpreference/synonym ambiguity. Not a new linguistic approval."
"7:0","IS","هو كذلك","allowedForEnToAr","","false","Preserve earlier intentional exclusion of a nonapproved relationship, independently of preference."
"7:0","IS","هو كذلك","allowedForArToEn","","false","Preserve earlier intentional exclusion of a nonapproved relationship, independently of preference."
"8:0","ON","على","allowedForArToEn","","true","Product-policy migration: valid approved relationship is not excluded by nonpreference/synonym ambiguity. Not a new linguistic approval."
"11:0","THIS","هذا","allowedForArToEn","","true","Product-policy migration: valid approved relationship is not excluded by nonpreference/synonym ambiguity. Not a new linguistic approval."
"11:1","THIS","هذه","allowedForArToEn","","true","Product-policy migration: valid approved relationship is not excluded by nonpreference/synonym ambiguity. Not a new linguistic approval."
"12:0","WITH","مع","allowedForArToEn","","true","Product-policy migration: valid approved relationship is not excluded by nonpreference/synonym ambiguity. Not a new linguistic approval."
"13:0","I","أولاً","allowedForEnToAr","","false","Preserve earlier intentional exclusion of a nonapproved relationship, independently of preference."
"13:0","I","أولاً","allowedForArToEn","","false","Preserve earlier intentional exclusion of a nonapproved relationship, independently of preference."
"14:1","YOU","انتي","allowedForEnToAr","","false","Preserve earlier intentional exclusion of a nonapproved relationship, independently of preference."
"14:1","YOU","انتي","allowedForArToEn","","false","Preserve earlier intentional exclusion of a nonapproved relationship, independently of preference."
"14:2","YOU","أنت.","allowedForArToEn","","true","Product-policy migration: valid approved relationship is not excluded by nonpreference/synonym ambiguity. Not a new linguistic approval."
"18:0","ARE","نعم.","allowedForEnToAr","","false","Preserve earlier intentional exclusion of a nonapproved relationship, independently of preference."
"18:0","ARE","نعم.","allowedForArToEn","","false","Preserve earlier intentional exclusion of a nonapproved relationship, independently of preference."
"19:0","FROM","من","allowedForArToEn","","true","Product-policy migration: valid approved relationship is not excluded by nonpreference/synonym ambiguity. Not a new linguistic approval."
"20:0","AT","في","allowedForArToEn","","true","Product-policy migration: valid approved relationship is not excluded by nonpreference/synonym ambiguity. Not a new linguistic approval."
"22:0","YOUR","تك","allowedForEnToAr","","false","Preserve earlier intentional exclusion of a nonapproved relationship, independently of preference."
"22:0","YOUR","تك","allowedForArToEn","","false","Preserve earlier intentional exclusion of a nonapproved relationship, independently of preference."
"23:2","ALL","جميع","allowedForArToEn","","true","Product-policy migration: valid approved relationship is not excluded by nonpreference/synonym ambiguity. Not a new linguistic approval."
"23:3","ALL","كل","allowedForArToEn","","true","Product-policy migration: valid approved relationship is not excluded by nonpreference/synonym ambiguity. Not a new linguistic approval."
"23:4","ALL","الكل","allowedForArToEn","","true","Product-policy migration: valid approved relationship is not excluded by nonpreference/synonym ambiguity. Not a new linguistic approval."
"25:0","NEW","جديد","allowedForArToEn","","true","Product-policy migration: valid approved relationship is not excluded by nonpreference/synonym ambiguity. Not a new linguistic approval."
"25:3","NEW","الجديد","allowedForArToEn","","true","Product-policy migration: valid approved relationship is not excluded by nonpreference/synonym ambiguity. Not a new linguistic approval."
"26:0","MORE","المزيد","allowedForArToEn","","true","Product-policy migration: valid approved relationship is not excluded by nonpreference/synonym ambiguity. Not a new linguistic approval."
"26:1","MORE","اكتر","allowedForEnToAr","","false","Preserve earlier intentional exclusion of a nonapproved relationship, independently of preference."
"26:1","MORE","اكتر","allowedForArToEn","","false","Preserve earlier intentional exclusion of a nonapproved relationship, independently of preference."
"26:3","MORE","مزيد","allowedForArToEn","","true","Product-policy migration: valid approved relationship is not excluded by nonpreference/synonym ambiguity. Not a new linguistic approval."
"28:0","WAS","كانت","allowedForArToEn","","true","Product-policy migration: valid approved relationship is not excluded by nonpreference/synonym ambiguity. Not a new linguistic approval."
"30:1","WILL","راح","allowedForEnToAr","","false","Preserve earlier intentional exclusion of a nonapproved relationship, independently of preference."
"30:1","WILL","راح","allowedForArToEn","","false","Preserve earlier intentional exclusion of a nonapproved relationship, independently of preference."
"30:2","WILL","سوف","allowedForArToEn","","true","Product-policy migration: valid approved relationship is not excluded by nonpreference/synonym ambiguity. Not a new linguistic approval."
"31:0","HOME","المنزل","allowedForArToEn","","true","Product-policy migration: valid approved relationship is not excluded by nonpreference/synonym ambiguity. Not a new linguistic approval."
"31:1","HOME","الوطن","allowedForArToEn","","true","Product-policy migration: valid approved relationship is not excluded by nonpreference/synonym ambiguity. Not a new linguistic approval."
"31:2","HOME","منزل","allowedForArToEn","","true","Product-policy migration: valid approved relationship is not excluded by nonpreference/synonym ambiguity. Not a new linguistic approval."
"31:3","HOME","البيت","allowedForArToEn","","true","Product-policy migration: valid approved relationship is not excluded by nonpreference/synonym ambiguity. Not a new linguistic approval."
"32:1","CAN","يمكن","allowedForArToEn","","true","Product-policy migration: valid approved relationship is not excluded by nonpreference/synonym ambiguity. Not a new linguistic approval."
"33:0","US","نحن","allowedForEnToAr","","false","Preserve earlier intentional exclusion of a nonapproved relationship, independently of preference."
"33:0","US","نحن","allowedForArToEn","","false","Preserve earlier intentional exclusion of a nonapproved relationship, independently of preference."
"34:0","ABOUT","حول","allowedForArToEn","","true","Product-policy migration: valid approved relationship is not excluded by nonpreference/synonym ambiguity. Not a new linguistic approval."
"39:0","SEARCH","ابحث","allowedForArToEn","","true","Product-policy migration: valid approved relationship is not excluded by nonpreference/synonym ambiguity. Not a new linguistic approval."
"39:1","SEARCH","البحث","allowedForArToEn","","true","Product-policy migration: valid approved relationship is not excluded by nonpreference/synonym ambiguity. Not a new linguistic approval."
"39:2","SEARCH","بحث","allowedForArToEn","","true","Product-policy migration: valid approved relationship is not excluded by nonpreference/synonym ambiguity. Not a new linguistic approval."
"41:1","BUT","بس","allowedForEnToAr","","false","Preserve earlier intentional exclusion of a nonapproved relationship, independently of preference."
"41:1","BUT","بس","allowedForArToEn","","false","Preserve earlier intentional exclusion of a nonapproved relationship, independently of preference."
"43:1","OTHER","أخرى","allowedForArToEn","","true","Product-policy migration: valid approved relationship is not excluded by nonpreference/synonym ambiguity. Not a new linguistic approval."
"45:0","NO","لا","allowedForArToEn","","true","Product-policy migration: valid approved relationship is not excluded by nonpreference/synonym ambiguity. Not a new linguistic approval."
"46:1","INFORMATION","المعلومات","allowedForArToEn","","true","Product-policy migration: valid approved relationship is not excluded by nonpreference/synonym ambiguity. Not a new linguistic approval."
"46:2","INFORMATION","معلومات","allowedForArToEn","","true","Product-policy migration: valid approved relationship is not excluded by nonpreference/synonym ambiguity. Not a new linguistic approval."
"48:0","THEY","هم","allowedForArToEn","","true","Product-policy migration: valid approved relationship is not excluded by nonpreference/synonym ambiguity. Not a new linguistic approval."
"49:0","SITE","الموقع","allowedForArToEn","","true","Product-policy migration: valid approved relationship is not excluded by nonpreference/synonym ambiguity. Not a new linguistic approval."
"50:0","HE","هو.","allowedForArToEn","","true","Product-policy migration: valid approved relationship is not excluded by nonpreference/synonym ambiguity. Not a new linguistic approval."
"52:0","MAY","قد","allowedForArToEn","","true","Product-policy migration: valid approved relationship is not excluded by nonpreference/synonym ambiguity. Not a new linguistic approval."
"53:0","WHAT","ما","allowedForArToEn","","true","Product-policy migration: valid approved relationship is not excluded by nonpreference/synonym ambiguity. Not a new linguistic approval."
"53:2","WHAT","ايش","allowedForEnToAr","","false","Preserve earlier intentional exclusion of a nonapproved relationship, independently of preference."
"53:2","WHAT","ايش","allowedForArToEn","","false","Preserve earlier intentional exclusion of a nonapproved relationship, independently of preference."
"53:3","WHAT","شنو","allowedForEnToAr","","false","Preserve earlier intentional exclusion of a nonapproved relationship, independently of preference."
"53:3","WHAT","شنو","allowedForArToEn","","false","Preserve earlier intentional exclusion of a nonapproved relationship, independently of preference."
"54:3","WHICH","التي","allowedForArToEn","","true","Product-policy migration: valid approved relationship is not excluded by nonpreference/synonym ambiguity. Not a new linguistic approval."
"58:0","USE","استعمل","allowedForArToEn","","true","Product-policy migration: valid approved relationship is not excluded by nonpreference/synonym ambiguity. Not a new linguistic approval."
"58:1","USE","الاستعمال","allowedForArToEn","","true","Product-policy migration: valid approved relationship is not excluded by nonpreference/synonym ambiguity. Not a new linguistic approval."
"58:2","USE","استخدام","allowedForArToEn","","true","Product-policy migration: valid approved relationship is not excluded by nonpreference/synonym ambiguity. Not a new linguistic approval."
"58:3","USE","الاستخدام","allowedForArToEn","","true","Product-policy migration: valid approved relationship is not excluded by nonpreference/synonym ambiguity. Not a new linguistic approval."
"58:4","USE","استخدم","allowedForArToEn","","true","Product-policy migration: valid approved relationship is not excluded by nonpreference/synonym ambiguity. Not a new linguistic approval."
"61:0","SEE","شاهد","allowedForArToEn","","true","Product-policy migration: valid approved relationship is not excluded by nonpreference/synonym ambiguity. Not a new linguistic approval."
"61:2","SEE","انظر","allowedForArToEn","","true","Product-policy migration: valid approved relationship is not excluded by nonpreference/synonym ambiguity. Not a new linguistic approval."
"62:0","ONLY","فقط","allowedForArToEn","","true","Product-policy migration: valid approved relationship is not excluded by nonpreference/synonym ambiguity. Not a new linguistic approval."
"63:0","SO","أجل.","allowedForEnToAr","","false","Preserve earlier intentional exclusion of a nonapproved relationship, independently of preference."
"63:0","SO","أجل.","allowedForArToEn","","false","Preserve earlier intentional exclusion of a nonapproved relationship, independently of preference."
"64:0","HIS","ده","allowedForEnToAr","","false","Preserve earlier intentional exclusion of a nonapproved relationship, independently of preference."
"64:0","HIS","ده","allowedForArToEn","","false","Preserve earlier intentional exclusion of a nonapproved relationship, independently of preference."
"66:1","CONTACT","اتصال","allowedForArToEn","","true","Product-policy migration: valid approved relationship is not excluded by nonpreference/synonym ambiguity. Not a new linguistic approval."
"66:2","CONTACT","الاتصال","allowedForArToEn","","true","Product-policy migration: valid approved relationship is not excluded by nonpreference/synonym ambiguity. Not a new linguistic approval."
"66:3","CONTACT","التواصل","allowedForArToEn","","true","Product-policy migration: valid approved relationship is not excluded by nonpreference/synonym ambiguity. Not a new linguistic approval."
"67:0","HERE","هنا","allowedForArToEn","","true","Product-policy migration: valid approved relationship is not excluded by nonpreference/synonym ambiguity. Not a new linguistic approval."
"68:0","BUSINESS","العمل","allowedForArToEn","","true","Product-policy migration: valid approved relationship is not excluded by nonpreference/synonym ambiguity. Not a new linguistic approval."
"68:2","BUSINESS","عمل","allowedForArToEn","","true","Product-policy migration: valid approved relationship is not excluded by nonpreference/synonym ambiguity. Not a new linguistic approval."
"68:3","BUSINESS","الأعمال","allowedForArToEn","","true","Product-policy migration: valid approved relationship is not excluded by nonpreference/synonym ambiguity. Not a new linguistic approval."
"69:0","WHO","من","allowedForArToEn","","true","Product-policy migration: valid approved relationship is not excluded by nonpreference/synonym ambiguity. Not a new linguistic approval."
"69:1","WHO","اللي","allowedForEnToAr","","false","Preserve earlier intentional exclusion of a nonapproved relationship, independently of preference."
"69:1","WHO","اللي","allowedForArToEn","","false","Preserve earlier intentional exclusion of a nonapproved relationship, independently of preference."
"70:0","WEB","الشبكة","allowedForArToEn","","true","Product-policy migration: valid approved relationship is not excluded by nonpreference/synonym ambiguity. Not a new linguistic approval."
"70:2","WEB","ويب","allowedForArToEn","","true","Product-policy migration: valid approved relationship is not excluded by nonpreference/synonym ambiguity. Not a new linguistic approval."
"70:3","WEB","شبكة الإنترنت","allowedForEnToAr","","false","Preserve earlier intentional exclusion of a nonapproved relationship, independently of preference."
"70:3","WEB","شبكة الإنترنت","allowedForArToEn","","false","Preserve earlier intentional exclusion of a nonapproved relationship, independently of preference."
"71:1","ALSO","كمان","allowedForEnToAr","","false","Preserve earlier intentional exclusion of a nonapproved relationship, independently of preference."
"71:1","ALSO","كمان","allowedForArToEn","","false","Preserve earlier intentional exclusion of a nonapproved relationship, independently of preference."
"71:2","ALSO","أيضا","allowedForArToEn","","true","Product-policy migration: valid approved relationship is not excluded by nonpreference/synonym ambiguity. Not a new linguistic approval."
"73:0","HELP","المساعدة","allowedForArToEn","","true","Product-policy migration: valid approved relationship is not excluded by nonpreference/synonym ambiguity. Not a new linguistic approval."
"73:1","HELP","مساعدة","allowedForArToEn","","true","Product-policy migration: valid approved relationship is not excluded by nonpreference/synonym ambiguity. Not a new linguistic approval."
"75:0","VIEW","عرض","allowedForArToEn","","true","Product-policy migration: valid approved relationship is not excluded by nonpreference/synonym ambiguity. Not a new linguistic approval."
"75:2","VIEW","اعرض","allowedForArToEn","","true","Product-policy migration: valid approved relationship is not excluded by nonpreference/synonym ambiguity. Not a new linguistic approval."
"78:0","AM","أنا.","allowedForEnToAr","","false","Preserve earlier intentional exclusion of a nonapproved relationship, independently of preference."
"78:0","AM","أنا.","allowedForArToEn","","false","Preserve earlier intentional exclusion of a nonapproved relationship, independently of preference."
"82:0","WERE","كانت","allowedForArToEn","","true","Product-policy migration: valid approved relationship is not excluded by nonpreference/synonym ambiguity. Not a new linguistic approval."
"83:0","ME","أنا.","allowedForEnToAr","","false","Preserve earlier intentional exclusion of a nonapproved relationship, independently of preference."
"83:0","ME","أنا.","allowedForArToEn","","false","Preserve earlier intentional exclusion of a nonapproved relationship, independently of preference."
"86:0","THESE","هؤلاء","allowedForArToEn","","true","Product-policy migration: valid approved relationship is not excluded by nonpreference/synonym ambiguity. Not a new linguistic approval."
"86:1","THESE","هذه","allowedForArToEn","","true","Product-policy migration: valid approved relationship is not excluded by nonpreference/synonym ambiguity. Not a new linguistic approval."
"87:1","CLICK","النقر","allowedForArToEn","","true","Product-policy migration: valid approved relationship is not excluded by nonpreference/synonym ambiguity. Not a new linguistic approval."
"87:3","CLICK","نقر","allowedForArToEn","","true","Product-policy migration: valid approved relationship is not excluded by nonpreference/synonym ambiguity. Not a new linguistic approval."
"88:0","ITS","هاته","allowedForEnToAr","","false","Preserve earlier intentional exclusion of a nonapproved relationship, independently of preference."
"88:0","ITS","هاته","allowedForArToEn","","false","Preserve earlier intentional exclusion of a nonapproved relationship, independently of preference."
"90:0","SERVICE","الخدمة","allowedForArToEn","","true","Product-policy migration: valid approved relationship is not excluded by nonpreference/synonym ambiguity. Not a new linguistic approval."
"90:1","SERVICE","خدمة","allowedForArToEn","","true","Product-policy migration: valid approved relationship is not excluded by nonpreference/synonym ambiguity. Not a new linguistic approval."
"90:2","SERVICE","الخدمات","allowedForEnToAr","","false","Preserve earlier intentional exclusion of a nonapproved relationship, independently of preference."
"90:2","SERVICE","الخدمات","allowedForArToEn","","false","Preserve earlier intentional exclusion of a nonapproved relationship, independently of preference."
"93:1","PRICE","الاسعار","allowedForEnToAr","","false","Preserve earlier intentional exclusion of a nonapproved relationship, independently of preference."
"93:1","PRICE","الاسعار","allowedForArToEn","","false","Preserve earlier intentional exclusion of a nonapproved relationship, independently of preference."
"93:2","PRICE","سعره","allowedForEnToAr","","false","Preserve earlier intentional exclusion of a nonapproved relationship, independently of preference."
"93:2","PRICE","سعره","allowedForArToEn","","false","Preserve earlier intentional exclusion of a nonapproved relationship, independently of preference."
"94:0","DATE","موعد","allowedForArToEn","","true","Product-policy migration: valid approved relationship is not excluded by nonpreference/synonym ambiguity. Not a new linguistic approval."
"94:1","DATE","الموعد","allowedForArToEn","","true","Product-policy migration: valid approved relationship is not excluded by nonpreference/synonym ambiguity. Not a new linguistic approval."
"94:2","DATE","التاريخ","allowedForArToEn","","true","Product-policy migration: valid approved relationship is not excluded by nonpreference/synonym ambiguity. Not a new linguistic approval."
"94:3","DATE","تاريخ","allowedForArToEn","","true","Product-policy migration: valid approved relationship is not excluded by nonpreference/synonym ambiguity. Not a new linguistic approval."
"95:0","BACK","الظهر","allowedForArToEn","","true","Product-policy migration: valid approved relationship is not excluded by nonpreference/synonym ambiguity. Not a new linguistic approval."
"95:5","BACK","ظهر","allowedForArToEn","","true","Product-policy migration: valid approved relationship is not excluded by nonpreference/synonym ambiguity. Not a new linguistic approval."
"96:0","TOP","القمة","allowedForArToEn","","true","Product-policy migration: valid approved relationship is not excluded by nonpreference/synonym ambiguity. Not a new linguistic approval."
"96:2","TOP","قمة","allowedForArToEn","","true","Product-policy migration: valid approved relationship is not excluded by nonpreference/synonym ambiguity. Not a new linguistic approval."
"96:4","TOP","أعلى","allowedForArToEn","","true","Product-policy migration: valid approved relationship is not excluded by nonpreference/synonym ambiguity. Not a new linguistic approval."
"97:3","PEOPLE","الناس","allowedForArToEn","","true","Product-policy migration: valid approved relationship is not excluded by nonpreference/synonym ambiguity. Not a new linguistic approval."
"97:4","PEOPLE","ناس","allowedForArToEn","","true","Product-policy migration: valid approved relationship is not excluded by nonpreference/synonym ambiguity. Not a new linguistic approval."
"99:0","LIST","قائمة","allowedForArToEn","","true","Product-policy migration: valid approved relationship is not excluded by nonpreference/synonym ambiguity. Not a new linguistic approval."
"99:2","LIST","القائمة","allowedForArToEn","","true","Product-policy migration: valid approved relationship is not excluded by nonpreference/synonym ambiguity. Not a new linguistic approval."
"101:0","JUST","مجرد","allowedForArToEn","","true","Product-policy migration: valid approved relationship is not excluded by nonpreference/synonym ambiguity. Not a new linguistic approval."
"101:1","JUST","فقط","allowedForArToEn","","true","Product-policy migration: valid approved relationship is not excluded by nonpreference/synonym ambiguity. Not a new linguistic approval."
"103:0","STATE","الولاية","allowedForArToEn","","true","Product-policy migration: valid approved relationship is not excluded by nonpreference/synonym ambiguity. Not a new linguistic approval."
"103:2","STATE","ولاية","allowedForArToEn","","true","Product-policy migration: valid approved relationship is not excluded by nonpreference/synonym ambiguity. Not a new linguistic approval."
"103:3","STATE","الحالة","allowedForArToEn","","true","Product-policy migration: valid approved relationship is not excluded by nonpreference/synonym ambiguity. Not a new linguistic approval."
"104:0","YEAR","عام","allowedForArToEn","","true","Product-policy migration: valid approved relationship is not excluded by nonpreference/synonym ambiguity. Not a new linguistic approval."
"104:1","YEAR","العام","allowedForArToEn","","true","Product-policy migration: valid approved relationship is not excluded by nonpreference/synonym ambiguity. Not a new linguistic approval."
"105:0","DAY","اليوم","allowedForArToEn","","true","Product-policy migration: valid approved relationship is not excluded by nonpreference/synonym ambiguity. Not a new linguistic approval."
"105:1","DAY","يوم","allowedForArToEn","","true","Product-policy migration: valid approved relationship is not excluded by nonpreference/synonym ambiguity. Not a new linguistic approval."
"105:2","DAY","نهار","allowedForArToEn","","true","Product-policy migration: valid approved relationship is not excluded by nonpreference/synonym ambiguity. Not a new linguistic approval."
"107:2","EMAIL","البريد الإلكتروني","allowedForArToEn","","true","Product-policy migration: valid approved relationship is not excluded by nonpreference/synonym ambiguity. Not a new linguistic approval."
"108:0","TWO","اثنين","allowedForArToEn","","true","Product-policy migration: valid approved relationship is not excluded by nonpreference/synonym ambiguity. Not a new linguistic approval."
"109:0","HEALTH","الصحة","allowedForArToEn","","true","Product-policy migration: valid approved relationship is not excluded by nonpreference/synonym ambiguity. Not a new linguistic approval."
"109:1","HEALTH","صحة","allowedForArToEn","","true","Product-policy migration: valid approved relationship is not excluded by nonpreference/synonym ambiguity. Not a new linguistic approval."
"110:0","WORLD","عالم","allowedForArToEn","","true","Product-policy migration: valid approved relationship is not excluded by nonpreference/synonym ambiguity. Not a new linguistic approval."
"110:1","WORLD","العالمي","allowedForEnToAr","","false","Preserve earlier intentional exclusion of a nonapproved relationship, independently of preference."
"110:1","WORLD","العالمي","allowedForArToEn","","false","Preserve earlier intentional exclusion of a nonapproved relationship, independently of preference."
"110:2","WORLD","الدنيا","allowedForArToEn","","true","Product-policy migration: valid approved relationship is not excluded by nonpreference/synonym ambiguity. Not a new linguistic approval."
"110:3","WORLD","العالم","allowedForArToEn","","true","Product-policy migration: valid approved relationship is not excluded by nonpreference/synonym ambiguity. Not a new linguistic approval."
"111:1","NEXT","القادم","allowedForArToEn","","true","Product-policy migration: valid approved relationship is not excluded by nonpreference/synonym ambiguity. Not a new linguistic approval."
"111:2","NEXT","التالي","allowedForArToEn","","true","Product-policy migration: valid approved relationship is not excluded by nonpreference/synonym ambiguity. Not a new linguistic approval."
"112:2","USED","مستخدم","allowedForArToEn","","true","Product-policy migration: valid approved relationship is not excluded by nonpreference/synonym ambiguity. Not a new linguistic approval."
"112:4","USED","مستعمل","allowedForArToEn","","true","Product-policy migration: valid approved relationship is not excluded by nonpreference/synonym ambiguity. Not a new linguistic approval."
"114:0","WORK","العمل","allowedForArToEn","","true","Product-policy migration: valid approved relationship is not excluded by nonpreference/synonym ambiguity. Not a new linguistic approval."
"114:2","WORK","عمل","allowedForArToEn","","true","Product-policy migration: valid approved relationship is not excluded by nonpreference/synonym ambiguity. Not a new linguistic approval."
"119:2","BUY","يشتري","allowedForArToEn","","true","Product-policy migration: valid approved relationship is not excluded by nonpreference/synonym ambiguity. Not a new linguistic approval."
"120:0","DATA","البيانات","allowedForArToEn","","true","Product-policy migration: valid approved relationship is not excluded by nonpreference/synonym ambiguity. Not a new linguistic approval."
"120:1","DATA","بيانات","allowedForArToEn","","true","Product-policy migration: valid approved relationship is not excluded by nonpreference/synonym ambiguity. Not a new linguistic approval."
"124:0","PRODUCT","المنتج","allowedForArToEn","","true","Product-policy migration: valid approved relationship is not excluded by nonpreference/synonym ambiguity. Not a new linguistic approval."
"124:1","PRODUCT","منتجات","allowedForEnToAr","","false","Preserve earlier intentional exclusion of a nonapproved relationship, independently of preference."
"124:1","PRODUCT","منتجات","allowedForArToEn","","false","Preserve earlier intentional exclusion of a nonapproved relationship, independently of preference."
"124:2","PRODUCT","منتج","allowedForArToEn","","true","Product-policy migration: valid approved relationship is not excluded by nonpreference/synonym ambiguity. Not a new linguistic approval."
"124:3","PRODUCT","المنتجات","allowedForEnToAr","","false","Preserve earlier intentional exclusion of a nonapproved relationship, independently of preference."
"124:3","PRODUCT","المنتجات","allowedForArToEn","","false","Preserve earlier intentional exclusion of a nonapproved relationship, independently of preference."
"125:0","SYSTEM","نظام","allowedForArToEn","","true","Product-policy migration: valid approved relationship is not excluded by nonpreference/synonym ambiguity. Not a new linguistic approval."
"125:1","SYSTEM","النظام","allowedForArToEn","","true","Product-policy migration: valid approved relationship is not excluded by nonpreference/synonym ambiguity. Not a new linguistic approval."
"126:0","POST","منشور","allowedForArToEn","","true","Product-policy migration: valid approved relationship is not excluded by nonpreference/synonym ambiguity. Not a new linguistic approval."
"126:2","POST","المنشور","allowedForArToEn","","true","Product-policy migration: valid approved relationship is not excluded by nonpreference/synonym ambiguity. Not a new linguistic approval."
"126:4","POST","الوظائف","allowedForEnToAr","","false","Preserve earlier intentional exclusion of a nonapproved relationship, independently of preference."
"126:4","POST","الوظائف","allowedForArToEn","","false","Preserve earlier intentional exclusion of a nonapproved relationship, independently of preference."
"128:1","CITY","مدينة","allowedForArToEn","","true","Product-policy migration: valid approved relationship is not excluded by nonpreference/synonym ambiguity. Not a new linguistic approval."
"128:2","CITY","المدينة","allowedForArToEn","","true","Product-policy migration: valid approved relationship is not excluded by nonpreference/synonym ambiguity. Not a new linguistic approval."
"130:0","POLICY","السياسات","allowedForEnToAr","","false","Preserve earlier intentional exclusion of a nonapproved relationship, independently of preference."
"130:0","POLICY","السياسات","allowedForArToEn","","false","Preserve earlier intentional exclusion of a nonapproved relationship, independently of preference."
"130:1","POLICY","السياسة","allowedForArToEn","","true","Product-policy migration: valid approved relationship is not excluded by nonpreference/synonym ambiguity. Not a new linguistic approval."
"130:2","POLICY","سياسة","allowedForArToEn","","true","Product-policy migration: valid approved relationship is not excluded by nonpreference/synonym ambiguity. Not a new linguistic approval."
"131:0","NUMBER","عدد","allowedForArToEn","","true","Product-policy migration: valid approved relationship is not excluded by nonpreference/synonym ambiguity. Not a new linguistic approval."
"131:1","NUMBER","العدد","allowedForArToEn","","true","Product-policy migration: valid approved relationship is not excluded by nonpreference/synonym ambiguity. Not a new linguistic approval."
"131:2","NUMBER","الرقم","allowedForArToEn","","true","Product-policy migration: valid approved relationship is not excluded by nonpreference/synonym ambiguity. Not a new linguistic approval."
"131:3","NUMBER","رقم","allowedForArToEn","","true","Product-policy migration: valid approved relationship is not excluded by nonpreference/synonym ambiguity. Not a new linguistic approval."
"135:0","COPYRIGHT","حقوق النشر","allowedForArToEn","","true","Product-policy migration: valid approved relationship is not excluded by nonpreference/synonym ambiguity. Not a new linguistic approval."
"136:0","SUPPORT","دعم","allowedForArToEn","","true","Product-policy migration: valid approved relationship is not excluded by nonpreference/synonym ambiguity. Not a new linguistic approval."
"136:1","SUPPORT","الدعم","allowedForArToEn","","true","Product-policy migration: valid approved relationship is not excluded by nonpreference/synonym ambiguity. Not a new linguistic approval."
"137:1","MESSAGE","الرسالة","allowedForArToEn","","true","Product-policy migration: valid approved relationship is not excluded by nonpreference/synonym ambiguity. Not a new linguistic approval."
"137:2","MESSAGE","رسالة","allowedForArToEn","","true","Product-policy migration: valid approved relationship is not excluded by nonpreference/synonym ambiguity. Not a new linguistic approval."
"138:1","AFTER","بعد","allowedForArToEn","","true","Product-policy migration: valid approved relationship is not excluded by nonpreference/synonym ambiguity. Not a new linguistic approval."
"139:2","BEST","ضل","allowedForEnToAr","","false","Preserve earlier intentional exclusion of a nonapproved relationship, independently of preference."
"139:2","BEST","ضل","allowedForArToEn","","false","Preserve earlier intentional exclusion of a nonapproved relationship, independently of preference."
"139:4","BEST","أفضل","allowedForArToEn","","true","Product-policy migration: valid approved relationship is not excluded by nonpreference/synonym ambiguity. Not a new linguistic approval."
"140:2","SOFTWARE","برامج","allowedForArToEn","","true","Product-policy migration: valid approved relationship is not excluded by nonpreference/synonym ambiguity. Not a new linguistic approval."
"140:3","SOFTWARE","البرامج","allowedForArToEn","","true","Product-policy migration: valid approved relationship is not excluded by nonpreference/synonym ambiguity. Not a new linguistic approval."
"144:0","VIDEO","بالفيديو","allowedForEnToAr","","false","Preserve earlier intentional exclusion of a nonapproved relationship, independently of preference."
"144:0","VIDEO","بالفيديو","allowedForArToEn","","false","Preserve earlier intentional exclusion of a nonapproved relationship, independently of preference."
"145:0","WELL","حسنا","allowedForArToEn","","true","Product-policy migration: valid approved relationship is not excluded by nonpreference/synonym ambiguity. Not a new linguistic approval."
"149:0","PUBLIC","الجمهور","allowedForArToEn","","true","Product-policy migration: valid approved relationship is not excluded by nonpreference/synonym ambiguity. Not a new linguistic approval."
"149:1","PUBLIC","عام","allowedForArToEn","","true","Product-policy migration: valid approved relationship is not excluded by nonpreference/synonym ambiguity. Not a new linguistic approval."
"149:3","PUBLIC","عامة","allowedForArToEn","","true","Product-policy migration: valid approved relationship is not excluded by nonpreference/synonym ambiguity. Not a new linguistic approval."
"150:0","BOOKS","كتب","allowedForArToEn","","true","Product-policy migration: valid approved relationship is not excluded by nonpreference/synonym ambiguity. Not a new linguistic approval."
"150:1","BOOKS","الكتب","allowedForArToEn","","true","Product-policy migration: valid approved relationship is not excluded by nonpreference/synonym ambiguity. Not a new linguistic approval."
"151:0","HIGH","عال","allowedForArToEn","","true","Product-policy migration: valid approved relationship is not excluded by nonpreference/synonym ambiguity. Not a new linguistic approval."
"152:3","SCHOOL","المدارس","allowedForEnToAr","","false","Preserve earlier intentional exclusion of a nonapproved relationship, independently of preference."
"152:3","SCHOOL","المدارس","allowedForArToEn","","false","Preserve earlier intentional exclusion of a nonapproved relationship, independently of preference."
"153:0","THROUGH","عبر","allowedForArToEn","","true","Product-policy migration: valid approved relationship is not excluded by nonpreference/synonym ambiguity. Not a new linguistic approval."
"153:1","THROUGH","خلال","allowedForArToEn","","true","Product-policy migration: valid approved relationship is not excluded by nonpreference/synonym ambiguity. Not a new linguistic approval."
"155:1","LINKS","الصلات","allowedForArToEn","","true","Product-policy migration: valid approved relationship is not excluded by nonpreference/synonym ambiguity. Not a new linguistic approval."
"155:2","LINKS","روابط","allowedForArToEn","","true","Product-policy migration: valid approved relationship is not excluded by nonpreference/synonym ambiguity. Not a new linguistic approval."
"155:3","LINKS","الروابط","allowedForArToEn","","true","Product-policy migration: valid approved relationship is not excluded by nonpreference/synonym ambiguity. Not a new linguistic approval."
"156:1","SHE","هي","allowedForArToEn","","true","Product-policy migration: valid approved relationship is not excluded by nonpreference/synonym ambiguity. Not a new linguistic approval."
"157:0","REVIEW","المراجعة","allowedForArToEn","","true","Product-policy migration: valid approved relationship is not excluded by nonpreference/synonym ambiguity. Not a new linguistic approval."
"157:1","REVIEW","استعراض","allowedForArToEn","","true","Product-policy migration: valid approved relationship is not excluded by nonpreference/synonym ambiguity. Not a new linguistic approval."
"157:2","REVIEW","الاستعراض","allowedForArToEn","","true","Product-policy migration: valid approved relationship is not excluded by nonpreference/synonym ambiguity. Not a new linguistic approval."
"157:3","REVIEW","مراجعة","allowedForArToEn","","true","Product-policy migration: valid approved relationship is not excluded by nonpreference/synonym ambiguity. Not a new linguistic approval."
"159:1","ORDER","طلب","allowedForArToEn","","true","Product-policy migration: valid approved relationship is not excluded by nonpreference/synonym ambiguity. Not a new linguistic approval."
"159:2","ORDER","ترتيب","allowedForArToEn","","true","Product-policy migration: valid approved relationship is not excluded by nonpreference/synonym ambiguity. Not a new linguistic approval."
"159:3","ORDER","الطلب","allowedForArToEn","","true","Product-policy migration: valid approved relationship is not excluded by nonpreference/synonym ambiguity. Not a new linguistic approval."
"159:4","ORDER","النظام","allowedForArToEn","","true","Product-policy migration: valid approved relationship is not excluded by nonpreference/synonym ambiguity. Not a new linguistic approval."
"162:0","BOOK","الكتاب","allowedForArToEn","","true","Product-policy migration: valid approved relationship is not excluded by nonpreference/synonym ambiguity. Not a new linguistic approval."
"162:1","BOOK","كتاب","allowedForArToEn","","true","Product-policy migration: valid approved relationship is not excluded by nonpreference/synonym ambiguity. Not a new linguistic approval."
"163:1","ITEMS","عناصر","allowedForArToEn","","true","Product-policy migration: valid approved relationship is not excluded by nonpreference/synonym ambiguity. Not a new linguistic approval."
"163:4","ITEMS","العناصر","allowedForArToEn","","true","Product-policy migration: valid approved relationship is not excluded by nonpreference/synonym ambiguity. Not a new linguistic approval."
"164:1","COMPANY","شركة","allowedForArToEn","","true","Product-policy migration: valid approved relationship is not excluded by nonpreference/synonym ambiguity. Not a new linguistic approval."
"164:2","COMPANY","الشركة","allowedForArToEn","","true","Product-policy migration: valid approved relationship is not excluded by nonpreference/synonym ambiguity. Not a new linguistic approval."
"166:0","GROUP","مجموعة","allowedForArToEn","","true","Product-policy migration: valid approved relationship is not excluded by nonpreference/synonym ambiguity. Not a new linguistic approval."
"166:1","GROUP","المجموعة","allowedForArToEn","","true","Product-policy migration: valid approved relationship is not excluded by nonpreference/synonym ambiguity. Not a new linguistic approval."
"169:0","MANY","كثير","allowedForArToEn","","true","Product-policy migration: valid approved relationship is not excluded by nonpreference/synonym ambiguity. Not a new linguistic approval."
"170:0","USER","مستخدم","allowedForArToEn","","true","Product-policy migration: valid approved relationship is not excluded by nonpreference/synonym ambiguity. Not a new linguistic approval."
"170:1","USER","المستخدم","allowedForArToEn","","true","Product-policy migration: valid approved relationship is not excluded by nonpreference/synonym ambiguity. Not a new linguistic approval."
"170:2","USER","مستعمل","allowedForArToEn","","true","Product-policy migration: valid approved relationship is not excluded by nonpreference/synonym ambiguity. Not a new linguistic approval."
"170:3","USER","المستعمل","allowedForArToEn","","true","Product-policy migration: valid approved relationship is not excluded by nonpreference/synonym ambiguity. Not a new linguistic approval."
"171:1","SAID","قال","allowedForArToEn","","true","Product-policy migration: valid approved relationship is not excluded by nonpreference/synonym ambiguity. Not a new linguistic approval."
"172:0","DOES","لا يفعل","allowedForEnToAr","","false","Preserve earlier intentional exclusion of a nonapproved relationship, independently of preference."
"172:0","DOES","لا يفعل","allowedForArToEn","","false","Preserve earlier intentional exclusion of a nonapproved relationship, independently of preference."
"173:0","SET","ضبط","allowedForArToEn","","true","Product-policy migration: valid approved relationship is not excluded by nonpreference/synonym ambiguity. Not a new linguistic approval."
"173:1","SET","تعيين","allowedForArToEn","","true","Product-policy migration: valid approved relationship is not excluded by nonpreference/synonym ambiguity. Not a new linguistic approval."
"173:2","SET","مجموعة","allowedForArToEn","","true","Product-policy migration: valid approved relationship is not excluded by nonpreference/synonym ambiguity. Not a new linguistic approval."
"174:0","UNDER","تحت","allowedForArToEn","","true","Product-policy migration: valid approved relationship is not excluded by nonpreference/synonym ambiguity. Not a new linguistic approval."
"175:0","GENERAL","عام","allowedForArToEn","","true","Product-policy migration: valid approved relationship is not excluded by nonpreference/synonym ambiguity. Not a new linguistic approval."
"175:4","GENERAL","عامة","allowedForArToEn","","true","Product-policy migration: valid approved relationship is not excluded by nonpreference/synonym ambiguity. Not a new linguistic approval."
"176:3","RESEARCH","بحث","allowedForArToEn","","true","Product-policy migration: valid approved relationship is not excluded by nonpreference/synonym ambiguity. Not a new linguistic approval."
"176:5","RESEARCH","البحث","allowedForArToEn","","true","Product-policy migration: valid approved relationship is not excluded by nonpreference/synonym ambiguity. Not a new linguistic approval."
"179:0","MAIL","بريد","allowedForArToEn","","true","Product-policy migration: valid approved relationship is not excluded by nonpreference/synonym ambiguity. Not a new linguistic approval."
"179:1","MAIL","البريد","allowedForArToEn","","true","Product-policy migration: valid approved relationship is not excluded by nonpreference/synonym ambiguity. Not a new linguistic approval."
"179:2","MAIL","البريد الإلكتروني","allowedForArToEn","","true","Product-policy migration: valid approved relationship is not excluded by nonpreference/synonym ambiguity. Not a new linguistic approval."
"180:0","FULL","الكامل","allowedForArToEn","","true","Product-policy migration: valid approved relationship is not excluded by nonpreference/synonym ambiguity. Not a new linguistic approval."
"180:2","FULL","كامل","allowedForArToEn","","true","Product-policy migration: valid approved relationship is not excluded by nonpreference/synonym ambiguity. Not a new linguistic approval."
"180:3","FULL","كاملة","allowedForArToEn","","true","Product-policy migration: valid approved relationship is not excluded by nonpreference/synonym ambiguity. Not a new linguistic approval."
"183:0","PROGRAM","البرنامج","allowedForArToEn","","true","Product-policy migration: valid approved relationship is not excluded by nonpreference/synonym ambiguity. Not a new linguistic approval."
"183:1","PROGRAM","برنامج","allowedForArToEn","","true","Product-policy migration: valid approved relationship is not excluded by nonpreference/synonym ambiguity. Not a new linguistic approval."
"184:0","LIFE","الحياة","allowedForArToEn","","true","Product-policy migration: valid approved relationship is not excluded by nonpreference/synonym ambiguity. Not a new linguistic approval."
"184:2","LIFE","حياة","allowedForArToEn","","true","Product-policy migration: valid approved relationship is not excluded by nonpreference/synonym ambiguity. Not a new linguistic approval."
"184:3","LIFE","حياته","allowedForEnToAr","","false","Preserve earlier intentional exclusion of a nonapproved relationship, independently of preference."
"184:3","LIFE","حياته","allowedForArToEn","","false","Preserve earlier intentional exclusion of a nonapproved relationship, independently of preference."
"186:0","GAMES","المباريات","allowedForArToEn","","true","Product-policy migration: valid approved relationship is not excluded by nonpreference/synonym ambiguity. Not a new linguistic approval."
"186:2","GAMES","مباريات","allowedForArToEn","","true","Product-policy migration: valid approved relationship is not excluded by nonpreference/synonym ambiguity. Not a new linguistic approval."
"187:1","WAY","الطريق","allowedForArToEn","","true","Product-policy migration: valid approved relationship is not excluded by nonpreference/synonym ambiguity. Not a new linguistic approval."
"187:2","WAY","طريقة","allowedForArToEn","","true","Product-policy migration: valid approved relationship is not excluded by nonpreference/synonym ambiguity. Not a new linguistic approval."
"187:3","WAY","الطريقة","allowedForArToEn","","true","Product-policy migration: valid approved relationship is not excluded by nonpreference/synonym ambiguity. Not a new linguistic approval."
"189:2","MANAGEMENT","الإدارة","allowedForArToEn","","true","Product-policy migration: valid approved relationship is not excluded by nonpreference/synonym ambiguity. Not a new linguistic approval."
"190:0","PART","جزء","allowedForArToEn","","true","Product-policy migration: valid approved relationship is not excluded by nonpreference/synonym ambiguity. Not a new linguistic approval."
"190:1","PART","الجزء","allowedForArToEn","","true","Product-policy migration: valid approved relationship is not excluded by nonpreference/synonym ambiguity. Not a new linguistic approval."
"194:0","HOTEL","الفندق","allowedForArToEn","","true","Product-policy migration: valid approved relationship is not excluded by nonpreference/synonym ambiguity. Not a new linguistic approval."
"194:1","HOTEL","دق","allowedForEnToAr","","false","Preserve earlier intentional exclusion of a nonapproved relationship, independently of preference."
"194:1","HOTEL","دق","allowedForArToEn","","false","Preserve earlier intentional exclusion of a nonapproved relationship, independently of preference."
"194:2","HOTEL","فندق","allowedForArToEn","","true","Product-policy migration: valid approved relationship is not excluded by nonpreference/synonym ambiguity. Not a new linguistic approval."
"195:0","REAL","ريال","allowedForEnToAr","","false","Preserve earlier intentional exclusion of a nonapproved relationship, independently of preference."
"195:0","REAL","ريال","allowedForArToEn","","false","Preserve earlier intentional exclusion of a nonapproved relationship, independently of preference."
"195:1","REAL","حقيقي","allowedForArToEn","","true","Product-policy migration: valid approved relationship is not excluded by nonpreference/synonym ambiguity. Not a new linguistic approval."
"195:2","REAL","حقيقية","allowedForArToEn","","true","Product-policy migration: valid approved relationship is not excluded by nonpreference/synonym ambiguity. Not a new linguistic approval."
"196:0","ITEM","العنصر","allowedForArToEn","","true","Product-policy migration: valid approved relationship is not excluded by nonpreference/synonym ambiguity. Not a new linguistic approval."
"196:1","ITEM","عنصر","allowedForArToEn","","true","Product-policy migration: valid approved relationship is not excluded by nonpreference/synonym ambiguity. Not a new linguistic approval."
"196:2","ITEM","بند","allowedForArToEn","","true","Product-policy migration: valid approved relationship is not excluded by nonpreference/synonym ambiguity. Not a new linguistic approval."
"196:3","ITEM","البند","allowedForArToEn","","true","Product-policy migration: valid approved relationship is not excluded by nonpreference/synonym ambiguity. Not a new linguistic approval."
"197:1","INTERNATIONAL","الدولي","allowedForArToEn","","true","Product-policy migration: valid approved relationship is not excluded by nonpreference/synonym ambiguity. Not a new linguistic approval."
"197:3","INTERNATIONAL","دولي","allowedForArToEn","","true","Product-policy migration: valid approved relationship is not excluded by nonpreference/synonym ambiguity. Not a new linguistic approval."
"198:1","CENTER","المركز","allowedForArToEn","","true","Product-policy migration: valid approved relationship is not excluded by nonpreference/synonym ambiguity. Not a new linguistic approval."
"198:2","CENTER","المنتصف","allowedForArToEn","","true","Product-policy migration: valid approved relationship is not excluded by nonpreference/synonym ambiguity. Not a new linguistic approval."
"198:3","CENTER","الوسط","allowedForArToEn","","true","Product-policy migration: valid approved relationship is not excluded by nonpreference/synonym ambiguity. Not a new linguistic approval."
"198:4","CENTER","مركز","allowedForArToEn","","true","Product-policy migration: valid approved relationship is not excluded by nonpreference/synonym ambiguity. Not a new linguistic approval."
"200:1","MUST","يجب","allowedForArToEn","","true","Product-policy migration: valid approved relationship is not excluded by nonpreference/synonym ambiguity. Not a new linguistic approval."
"201:0","STORE","مخزن","allowedForArToEn","","true","Product-policy migration: valid approved relationship is not excluded by nonpreference/synonym ambiguity. Not a new linguistic approval."
"201:1","STORE","المخزن","allowedForArToEn","","true","Product-policy migration: valid approved relationship is not excluded by nonpreference/synonym ambiguity. Not a new linguistic approval."
"201:2","STORE","المتجر","allowedForArToEn","","true","Product-policy migration: valid approved relationship is not excluded by nonpreference/synonym ambiguity. Not a new linguistic approval."
"201:3","STORE","متجر","allowedForArToEn","","true","Product-policy migration: valid approved relationship is not excluded by nonpreference/synonym ambiguity. Not a new linguistic approval."
"202:0","TRAVEL","سفر","allowedForArToEn","","true","Product-policy migration: valid approved relationship is not excluded by nonpreference/synonym ambiguity. Not a new linguistic approval."
"202:1","TRAVEL","السفر","allowedForArToEn","","true","Product-policy migration: valid approved relationship is not excluded by nonpreference/synonym ambiguity. Not a new linguistic approval."
"205:0","DEVELOPMENT","التنمية","allowedForArToEn","","true","Product-policy migration: valid approved relationship is not excluded by nonpreference/synonym ambiguity. Not a new linguistic approval."
"205:1","DEVELOPMENT","تنمية","allowedForArToEn","","true","Product-policy migration: valid approved relationship is not excluded by nonpreference/synonym ambiguity. Not a new linguistic approval."
"205:2","DEVELOPMENT","التطوير","allowedForArToEn","","true","Product-policy migration: valid approved relationship is not excluded by nonpreference/synonym ambiguity. Not a new linguistic approval."
"207:0","OFF","قبالة","allowedForArToEn","","true","Product-policy migration: valid approved relationship is not excluded by nonpreference/synonym ambiguity. Not a new linguistic approval."
"208:1","MEMBER","عضو","allowedForArToEn","","true","Product-policy migration: valid approved relationship is not excluded by nonpreference/synonym ambiguity. Not a new linguistic approval."
"208:2","MEMBER","العضو","allowedForArToEn","","true","Product-policy migration: valid approved relationship is not excluded by nonpreference/synonym ambiguity. Not a new linguistic approval."
"209:0","DETAILS","تفاصيل","allowedForArToEn","","true","Product-policy migration: valid approved relationship is not excluded by nonpreference/synonym ambiguity. Not a new linguistic approval."
"209:1","DETAILS","التفاصيل","allowedForArToEn","","true","Product-policy migration: valid approved relationship is not excluded by nonpreference/synonym ambiguity. Not a new linguistic approval."
"209:2","DETAILS","للتفاصيل","allowedForEnToAr","","false","Preserve earlier intentional exclusion of a nonapproved relationship, independently of preference."
"209:2","DETAILS","للتفاصيل","allowedForArToEn","","false","Preserve earlier intentional exclusion of a nonapproved relationship, independently of preference."
"210:2","LINE","الخط","allowedForArToEn","","true","Product-policy migration: valid approved relationship is not excluded by nonpreference/synonym ambiguity. Not a new linguistic approval."
"210:3","LINE","خط","allowedForArToEn","","true","Product-policy migration: valid approved relationship is not excluded by nonpreference/synonym ambiguity. Not a new linguistic approval."
"211:0","TERMS","المصطلحات","allowedForArToEn","","true","Product-policy migration: valid approved relationship is not excluded by nonpreference/synonym ambiguity. Not a new linguistic approval."
"211:1","TERMS","الشروط","allowedForArToEn","","true","Product-policy migration: valid approved relationship is not excluded by nonpreference/synonym ambiguity. Not a new linguistic approval."
"211:2","TERMS","شروط","allowedForArToEn","","true","Product-policy migration: valid approved relationship is not excluded by nonpreference/synonym ambiguity. Not a new linguistic approval."
"212:0","BEFORE","قبل","allowedForArToEn","","true","Product-policy migration: valid approved relationship is not excluded by nonpreference/synonym ambiguity. Not a new linguistic approval."
"216:3","RIGHT","صحيح","allowedForArToEn","","true","Product-policy migration: valid approved relationship is not excluded by nonpreference/synonym ambiguity. Not a new linguistic approval."
"217:0","TYPE","النوع","allowedForArToEn","","true","Product-policy migration: valid approved relationship is not excluded by nonpreference/synonym ambiguity. Not a new linguistic approval."
"217:1","TYPE","نوع","allowedForArToEn","","true","Product-policy migration: valid approved relationship is not excluded by nonpreference/synonym ambiguity. Not a new linguistic approval."
"219:1","LOCAL","محلية","allowedForArToEn","","true","Product-policy migration: valid approved relationship is not excluded by nonpreference/synonym ambiguity. Not a new linguistic approval."
"219:2","LOCAL","المحلية","allowedForArToEn","","true","Product-policy migration: valid approved relationship is not excluded by nonpreference/synonym ambiguity. Not a new linguistic approval."
"221:1","USING","استعمال","allowedForArToEn","","true","Product-policy migration: valid approved relationship is not excluded by nonpreference/synonym ambiguity. Not a new linguistic approval."
"221:2","USING","استخدام","allowedForArToEn","","true","Product-policy migration: valid approved relationship is not excluded by nonpreference/synonym ambiguity. Not a new linguistic approval."
"222:0","RESULTS","النتائج","allowedForArToEn","","true","Product-policy migration: valid approved relationship is not excluded by nonpreference/synonym ambiguity. Not a new linguistic approval."
"222:1","RESULTS","نتائج","allowedForArToEn","","true","Product-policy migration: valid approved relationship is not excluded by nonpreference/synonym ambiguity. Not a new linguistic approval."
"223:0","OFFICE","المكتب","allowedForArToEn","","true","Product-policy migration: valid approved relationship is not excluded by nonpreference/synonym ambiguity. Not a new linguistic approval."
"223:1","OFFICE","مكتب","allowedForArToEn","","true","Product-policy migration: valid approved relationship is not excluded by nonpreference/synonym ambiguity. Not a new linguistic approval."
"223:2","OFFICE","المنصب","allowedForArToEn","","true","Product-policy migration: valid approved relationship is not excluded by nonpreference/synonym ambiguity. Not a new linguistic approval."
"224:0","EDUCATION","تعليم","allowedForArToEn","","true","Product-policy migration: valid approved relationship is not excluded by nonpreference/synonym ambiguity. Not a new linguistic approval."
"224:1","EDUCATION","التربية","allowedForArToEn","","true","Product-policy migration: valid approved relationship is not excluded by nonpreference/synonym ambiguity. Not a new linguistic approval."
"224:2","EDUCATION","التعليم","allowedForArToEn","","true","Product-policy migration: valid approved relationship is not excluded by nonpreference/synonym ambiguity. Not a new linguistic approval."
"225:0","NATIONAL","الوطنية","allowedForArToEn","","true","Product-policy migration: valid approved relationship is not excluded by nonpreference/synonym ambiguity. Not a new linguistic approval."
"225:1","NATIONAL","ناشيونال","allowedForEnToAr","","false","Preserve earlier intentional exclusion of a nonapproved relationship, independently of preference."
"225:1","NATIONAL","ناشيونال","allowedForArToEn","","false","Preserve earlier intentional exclusion of a nonapproved relationship, independently of preference."
"225:2","NATIONAL","وطنية","allowedForArToEn","","true","Product-policy migration: valid approved relationship is not excluded by nonpreference/synonym ambiguity. Not a new linguistic approval."
"225:3","NATIONAL","وطني","allowedForArToEn","","true","Product-policy migration: valid approved relationship is not excluded by nonpreference/synonym ambiguity. Not a new linguistic approval."
"227:0","DESIGN","تصميم","allowedForArToEn","","true","Product-policy migration: valid approved relationship is not excluded by nonpreference/synonym ambiguity. Not a new linguistic approval."
"227:1","DESIGN","التصميم","allowedForArToEn","","true","Product-policy migration: valid approved relationship is not excluded by nonpreference/synonym ambiguity. Not a new linguistic approval."
"229:2","POSTED","منشورة","allowedForArToEn","","true","Product-policy migration: valid approved relationship is not excluded by nonpreference/synonym ambiguity. Not a new linguistic approval."
"231:0","ADDRESS","العنوان","allowedForArToEn","","true","Product-policy migration: valid approved relationship is not excluded by nonpreference/synonym ambiguity. Not a new linguistic approval."
"231:1","ADDRESS","عنوان","allowedForArToEn","","true","Product-policy migration: valid approved relationship is not excluded by nonpreference/synonym ambiguity. Not a new linguistic approval."
"232:0","COMMUNITY","مجتمع","allowedForArToEn","","true","Product-policy migration: valid approved relationship is not excluded by nonpreference/synonym ambiguity. Not a new linguistic approval."
"232:1","COMMUNITY","المجتمع","allowedForArToEn","","true","Product-policy migration: valid approved relationship is not excluded by nonpreference/synonym ambiguity. Not a new linguistic approval."
"232:2","COMMUNITY","الجماعة","allowedForArToEn","","true","Product-policy migration: valid approved relationship is not excluded by nonpreference/synonym ambiguity. Not a new linguistic approval."
"233:1","WITHIN","داخل","allowedForArToEn","","true","Product-policy migration: valid approved relationship is not excluded by nonpreference/synonym ambiguity. Not a new linguistic approval."
"234:0","STATES","دول","allowedForArToEn","","true","Product-policy migration: valid approved relationship is not excluded by nonpreference/synonym ambiguity. Not a new linguistic approval."
"234:2","STATES","الدول","allowedForArToEn","","true","Product-policy migration: valid approved relationship is not excluded by nonpreference/synonym ambiguity. Not a new linguistic approval."
"235:0","AREA","مساحة","allowedForArToEn","","true","Product-policy migration: valid approved relationship is not excluded by nonpreference/synonym ambiguity. Not a new linguistic approval."
"235:1","AREA","المساحة","allowedForArToEn","","true","Product-policy migration: valid approved relationship is not excluded by nonpreference/synonym ambiguity. Not a new linguistic approval."
"235:2","AREA","منطقة","allowedForArToEn","","true","Product-policy migration: valid approved relationship is not excluded by nonpreference/synonym ambiguity. Not a new linguistic approval."
"235:3","AREA","المنطقة","allowedForArToEn","","true","Product-policy migration: valid approved relationship is not excluded by nonpreference/synonym ambiguity. Not a new linguistic approval."
"237:0","PHONE","هاتف","allowedForArToEn","","true","Product-policy migration: valid approved relationship is not excluded by nonpreference/synonym ambiguity. Not a new linguistic approval."
"237:2","PHONE","الهاتف","allowedForArToEn","","true","Product-policy migration: valid approved relationship is not excluded by nonpreference/synonym ambiguity. Not a new linguistic approval."
"238:0","SHIPPING","الشحن","allowedForArToEn","","true","Product-policy migration: valid approved relationship is not excluded by nonpreference/synonym ambiguity. Not a new linguistic approval."
"238:1","SHIPPING","شحن","allowedForArToEn","","true","Product-policy migration: valid approved relationship is not excluded by nonpreference/synonym ambiguity. Not a new linguistic approval."
"240:0","SUBJECT","الموضوع","allowedForArToEn","","true","Product-policy migration: valid approved relationship is not excluded by nonpreference/synonym ambiguity. Not a new linguistic approval."
"241:0","BETWEEN","بين","allowedForArToEn","","true","Product-policy migration: valid approved relationship is not excluded by nonpreference/synonym ambiguity. Not a new linguistic approval."
"242:4","FORUM","الملتقى","allowedForArToEn","","true","Product-policy migration: valid approved relationship is not excluded by nonpreference/synonym ambiguity. Not a new linguistic approval."
"243:0","FAMILY","عائلي","allowedForEnToAr","","false","Preserve earlier intentional exclusion of a nonapproved relationship, independently of preference."
"243:0","FAMILY","عائلي","allowedForArToEn","","false","Preserve earlier intentional exclusion of a nonapproved relationship, independently of preference."
"243:5","FAMILY","الأسرة","allowedForArToEn","","true","Product-policy migration: valid approved relationship is not excluded by nonpreference/synonym ambiguity. Not a new linguistic approval."
"244:0","LONG","لونغ","allowedForEnToAr","","false","Preserve earlier intentional exclusion of a nonapproved relationship, independently of preference."
"244:0","LONG","لونغ","allowedForArToEn","","false","Preserve earlier intentional exclusion of a nonapproved relationship, independently of preference."
"244:1","LONG","الطويل","allowedForArToEn","","true","Product-policy migration: valid approved relationship is not excluded by nonpreference/synonym ambiguity. Not a new linguistic approval."
"244:3","LONG","طويلة","allowedForArToEn","","true","Product-policy migration: valid approved relationship is not excluded by nonpreference/synonym ambiguity. Not a new linguistic approval."
"244:4","LONG","طويل","allowedForArToEn","","true","Product-policy migration: valid approved relationship is not excluded by nonpreference/synonym ambiguity. Not a new linguistic approval."
"246:0","CODE","شفرة","allowedForArToEn","","true","Product-policy migration: valid approved relationship is not excluded by nonpreference/synonym ambiguity. Not a new linguistic approval."
"246:2","CODE","رمز","allowedForArToEn","","true","Product-policy migration: valid approved relationship is not excluded by nonpreference/synonym ambiguity. Not a new linguistic approval."
"246:3","CODE","الرمز","allowedForArToEn","","true","Product-policy migration: valid approved relationship is not excluded by nonpreference/synonym ambiguity. Not a new linguistic approval."
"247:1","SHOW","عرض","allowedForArToEn","","true","Product-policy migration: valid approved relationship is not excluded by nonpreference/synonym ambiguity. Not a new linguistic approval."
"247:3","SHOW","العرض","allowedForArToEn","","true","Product-policy migration: valid approved relationship is not excluded by nonpreference/synonym ambiguity. Not a new linguistic approval."
"247:4","SHOW","اعرض","allowedForArToEn","","true","Product-policy migration: valid approved relationship is not excluded by nonpreference/synonym ambiguity. Not a new linguistic approval."
"248:0","EVEN","حتى","allowedForArToEn","","true","Product-policy migration: valid approved relationship is not excluded by nonpreference/synonym ambiguity. Not a new linguistic approval."
"249:4","BLACK","أسود","allowedForArToEn","","true","Product-policy migration: valid approved relationship is not excluded by nonpreference/synonym ambiguity. Not a new linguistic approval."
"250:0","CHECK","تحقق","allowedForArToEn","","true","Product-policy migration: valid approved relationship is not excluded by nonpreference/synonym ambiguity. Not a new linguistic approval."
"250:1","CHECK","التحقق","allowedForArToEn","","true","Product-policy migration: valid approved relationship is not excluded by nonpreference/synonym ambiguity. Not a new linguistic approval."
"251:0","SPECIAL","الخاص","allowedForArToEn","","true","Product-policy migration: valid approved relationship is not excluded by nonpreference/synonym ambiguity. Not a new linguistic approval."
"251:1","SPECIAL","خاص","allowedForArToEn","","true","Product-policy migration: valid approved relationship is not excluded by nonpreference/synonym ambiguity. Not a new linguistic approval."
"251:2","SPECIAL","مميز","allowedForArToEn","","true","Product-policy migration: valid approved relationship is not excluded by nonpreference/synonym ambiguity. Not a new linguistic approval."
"251:3","SPECIAL","خاصة","allowedForArToEn","","true","Product-policy migration: valid approved relationship is not excluded by nonpreference/synonym ambiguity. Not a new linguistic approval."
"254:0","INDEX","فهرس","allowedForArToEn","","true","Product-policy migration: valid approved relationship is not excluded by nonpreference/synonym ambiguity. Not a new linguistic approval."
"254:1","INDEX","مؤشر","allowedForArToEn","","true","Product-policy migration: valid approved relationship is not excluded by nonpreference/synonym ambiguity. Not a new linguistic approval."
"254:2","INDEX","الفهرس","allowedForArToEn","","true","Product-policy migration: valid approved relationship is not excluded by nonpreference/synonym ambiguity. Not a new linguistic approval."
"256:1","WOMEN","المراة","allowedForEnToAr","","false","Preserve earlier intentional exclusion of a nonapproved relationship, independently of preference."
"256:1","WOMEN","المراة","allowedForArToEn","","false","Preserve earlier intentional exclusion of a nonapproved relationship, independently of preference."
"257:0","MUCH","ماتش","allowedForEnToAr","","false","Preserve earlier intentional exclusion of a nonapproved relationship, independently of preference."
"257:0","MUCH","ماتش","allowedForArToEn","","false","Preserve earlier intentional exclusion of a nonapproved relationship, independently of preference."
"257:1","MUCH","الكثير","allowedForArToEn","","true","Product-policy migration: valid approved relationship is not excluded by nonpreference/synonym ambiguity. Not a new linguistic approval."
"258:0","SIGN","علامة","allowedForArToEn","","true","Product-policy migration: valid approved relationship is not excluded by nonpreference/synonym ambiguity. Not a new linguistic approval."
"258:3","SIGN","توقع","allowedForEnToAr","","false","Preserve earlier intentional exclusion of a nonapproved relationship, independently of preference."
"258:3","SIGN","توقع","allowedForArToEn","","false","Preserve earlier intentional exclusion of a nonapproved relationship, independently of preference."
"260:3","LINK","ربط","allowedForArToEn","","true","Product-policy migration: valid approved relationship is not excluded by nonpreference/synonym ambiguity. Not a new linguistic approval."
"262:0","TODAY","اليوم","allowedForArToEn","","true","Product-policy migration: valid approved relationship is not excluded by nonpreference/synonym ambiguity. Not a new linguistic approval."
"263:0","TECHNOLOGY","تقنية","allowedForArToEn","","true","Product-policy migration: valid approved relationship is not excluded by nonpreference/synonym ambiguity. Not a new linguistic approval."
"263:1","TECHNOLOGY","التقنية","allowedForArToEn","","true","Product-policy migration: valid approved relationship is not excluded by nonpreference/synonym ambiguity. Not a new linguistic approval."
"263:2","TECHNOLOGY","التكنولوجيا","allowedForArToEn","","true","Product-policy migration: valid approved relationship is not excluded by nonpreference/synonym ambiguity. Not a new linguistic approval."
"263:3","TECHNOLOGY","تكنولوجيا","allowedForArToEn","","true","Product-policy migration: valid approved relationship is not excluded by nonpreference/synonym ambiguity. Not a new linguistic approval."
"264:2","SOUTH","الجنوب","allowedForArToEn","","true","Product-policy migration: valid approved relationship is not excluded by nonpreference/synonym ambiguity. Not a new linguistic approval."
"264:4","SOUTH","ساوث","allowedForEnToAr","","false","Preserve earlier intentional exclusion of a nonapproved relationship, independently of preference."
"264:4","SOUTH","ساوث","allowedForArToEn","","false","Preserve earlier intentional exclusion of a nonapproved relationship, independently of preference."
"265:0","CASE","القضية","allowedForArToEn","","true","Product-policy migration: valid approved relationship is not excluded by nonpreference/synonym ambiguity. Not a new linguistic approval."
"265:1","CASE","حالة","allowedForArToEn","","true","Product-policy migration: valid approved relationship is not excluded by nonpreference/synonym ambiguity. Not a new linguistic approval."
"265:2","CASE","قضية","allowedForArToEn","","true","Product-policy migration: valid approved relationship is not excluded by nonpreference/synonym ambiguity. Not a new linguistic approval."
"265:3","CASE","الحالة","allowedForArToEn","","true","Product-policy migration: valid approved relationship is not excluded by nonpreference/synonym ambiguity. Not a new linguistic approval."
"266:0","PROJECT","مشروع","allowedForArToEn","","true","Product-policy migration: valid approved relationship is not excluded by nonpreference/synonym ambiguity. Not a new linguistic approval."
"266:1","PROJECT","المشروع","allowedForArToEn","","true","Product-policy migration: valid approved relationship is not excluded by nonpreference/synonym ambiguity. Not a new linguistic approval."
"269:0","VERSION","النسخة","allowedForArToEn","","true","Product-policy migration: valid approved relationship is not excluded by nonpreference/synonym ambiguity. Not a new linguistic approval."
"270:0","SECTION","القسم","allowedForArToEn","","true","Product-policy migration: valid approved relationship is not excluded by nonpreference/synonym ambiguity. Not a new linguistic approval."
"270:1","SECTION","قسم","allowedForArToEn","","true","Product-policy migration: valid approved relationship is not excluded by nonpreference/synonym ambiguity. Not a new linguistic approval."
"270:2","SECTION","الفرع","allowedForArToEn","","true","Product-policy migration: valid approved relationship is not excluded by nonpreference/synonym ambiguity. Not a new linguistic approval."
"270:3","SECTION","الباب","allowedForArToEn","","true","Product-policy migration: valid approved relationship is not excluded by nonpreference/synonym ambiguity. Not a new linguistic approval."
"271:1","OWN","الخاصة بك","allowedForEnToAr","","false","Preserve earlier intentional exclusion of a nonapproved relationship, independently of preference."
"271:1","OWN","الخاصة بك","allowedForArToEn","","false","Preserve earlier intentional exclusion of a nonapproved relationship, independently of preference."
"273:0","SPORTS","رياضة","allowedForArToEn","","true","Product-policy migration: valid approved relationship is not excluded by nonpreference/synonym ambiguity. Not a new linguistic approval."
"273:1","SPORTS","الرياضة","allowedForArToEn","","true","Product-policy migration: valid approved relationship is not excluded by nonpreference/synonym ambiguity. Not a new linguistic approval."
"274:0","HOUSE","المنزل","allowedForArToEn","","true","Product-policy migration: valid approved relationship is not excluded by nonpreference/synonym ambiguity. Not a new linguistic approval."
"274:1","HOUSE","منزل","allowedForArToEn","","true","Product-policy migration: valid approved relationship is not excluded by nonpreference/synonym ambiguity. Not a new linguistic approval."
"274:2","HOUSE","هاوس","allowedForEnToAr","","false","Preserve earlier intentional exclusion of a nonapproved relationship, independently of preference."
"274:2","HOUSE","هاوس","allowedForArToEn","","false","Preserve earlier intentional exclusion of a nonapproved relationship, independently of preference."
"274:3","HOUSE","البيت","allowedForArToEn","","true","Product-policy migration: valid approved relationship is not excluded by nonpreference/synonym ambiguity. Not a new linguistic approval."
"275:0","RELATED","ذات صلة","allowedForArToEn","","true","Product-policy migration: valid approved relationship is not excluded by nonpreference/synonym ambiguity. Not a new linguistic approval."
"278:0","COUNTY","مقاطعة","allowedForArToEn","","true","Product-policy migration: valid approved relationship is not excluded by nonpreference/synonym ambiguity. Not a new linguistic approval."
"278:1","COUNTY","المقاطعة","allowedForArToEn","","true","Product-policy migration: valid approved relationship is not excluded by nonpreference/synonym ambiguity. Not a new linguistic approval."
"280:0","PHOTO","صورة","allowedForArToEn","","true","Product-policy migration: valid approved relationship is not excluded by nonpreference/synonym ambiguity. Not a new linguistic approval."
"280:1","PHOTO","الصورة","allowedForArToEn","","true","Product-policy migration: valid approved relationship is not excluded by nonpreference/synonym ambiguity. Not a new linguistic approval."
"281:0","GAME","لعبة","allowedForArToEn","","true","Product-policy migration: valid approved relationship is not excluded by nonpreference/synonym ambiguity. Not a new linguistic approval."
"281:1","GAME","مباراة","allowedForArToEn","","true","Product-policy migration: valid approved relationship is not excluded by nonpreference/synonym ambiguity. Not a new linguistic approval."
"281:2","GAME","المباراة","allowedForArToEn","","true","Product-policy migration: valid approved relationship is not excluded by nonpreference/synonym ambiguity. Not a new linguistic approval."
"281:3","GAME","اللعبة","allowedForArToEn","","true","Product-policy migration: valid approved relationship is not excluded by nonpreference/synonym ambiguity. Not a new linguistic approval."
"283:0","POWER","قوة","allowedForArToEn","","true","Product-policy migration: valid approved relationship is not excluded by nonpreference/synonym ambiguity. Not a new linguistic approval."
"283:1","POWER","طاقة","allowedForArToEn","","true","Product-policy migration: valid approved relationship is not excluded by nonpreference/synonym ambiguity. Not a new linguistic approval."
"283:2","POWER","الطاقة","allowedForArToEn","","true","Product-policy migration: valid approved relationship is not excluded by nonpreference/synonym ambiguity. Not a new linguistic approval."
"283:3","POWER","القوة","allowedForArToEn","","true","Product-policy migration: valid approved relationship is not excluded by nonpreference/synonym ambiguity. Not a new linguistic approval."
"283:4","POWER","السلطة","allowedForArToEn","","true","Product-policy migration: valid approved relationship is not excluded by nonpreference/synonym ambiguity. Not a new linguistic approval."
"284:0","WHILE","بينما","allowedForArToEn","","true","Product-policy migration: valid approved relationship is not excluded by nonpreference/synonym ambiguity. Not a new linguistic approval."
"285:1","CARE","عناية","allowedForArToEn","","true","Product-policy migration: valid approved relationship is not excluded by nonpreference/synonym ambiguity. Not a new linguistic approval."
"285:2","CARE","العناية","allowedForArToEn","","true","Product-policy migration: valid approved relationship is not excluded by nonpreference/synonym ambiguity. Not a new linguistic approval."
"285:3","CARE","الرعاية","allowedForArToEn","","true","Product-policy migration: valid approved relationship is not excluded by nonpreference/synonym ambiguity. Not a new linguistic approval."
"285:4","CARE","رعاية","allowedForArToEn","","true","Product-policy migration: valid approved relationship is not excluded by nonpreference/synonym ambiguity. Not a new linguistic approval."
"286:0","NETWORK","شبكة","allowedForArToEn","","true","Product-policy migration: valid approved relationship is not excluded by nonpreference/synonym ambiguity. Not a new linguistic approval."
"286:1","NETWORK","الشبكة","allowedForArToEn","","true","Product-policy migration: valid approved relationship is not excluded by nonpreference/synonym ambiguity. Not a new linguistic approval."
"287:1","DOWN","أسفل","allowedForArToEn","","true","Product-policy migration: valid approved relationship is not excluded by nonpreference/synonym ambiguity. Not a new linguistic approval."
"291:0","TOTAL","مجموع","allowedForArToEn","","true","Product-policy migration: valid approved relationship is not excluded by nonpreference/synonym ambiguity. Not a new linguistic approval."
"291:1","TOTAL","المجموع","allowedForArToEn","","true","Product-policy migration: valid approved relationship is not excluded by nonpreference/synonym ambiguity. Not a new linguistic approval."
"292:0","PLACE","مكان","allowedForArToEn","","true","Product-policy migration: valid approved relationship is not excluded by nonpreference/synonym ambiguity. Not a new linguistic approval."
"292:1","PLACE","المكان","allowedForArToEn","","true","Product-policy migration: valid approved relationship is not excluded by nonpreference/synonym ambiguity. Not a new linguistic approval."
"293:0","END","نهاية","allowedForArToEn","","true","Product-policy migration: valid approved relationship is not excluded by nonpreference/synonym ambiguity. Not a new linguistic approval."
"293:1","END","النهاية","allowedForArToEn","","true","Product-policy migration: valid approved relationship is not excluded by nonpreference/synonym ambiguity. Not a new linguistic approval."
"295:1","DOWNLOAD","تحميل","allowedForArToEn","","true","Product-policy migration: valid approved relationship is not excluded by nonpreference/synonym ambiguity. Not a new linguistic approval."
"295:2","DOWNLOAD","تنزيل","allowedForArToEn","","true","Product-policy migration: valid approved relationship is not excluded by nonpreference/synonym ambiguity. Not a new linguistic approval."
"298:1","ACCESS","الوصول","allowedForArToEn","","true","Product-policy migration: valid approved relationship is not excluded by nonpreference/synonym ambiguity. Not a new linguistic approval."
"299:0","THINK","فكر","allowedForArToEn","","true","Product-policy migration: valid approved relationship is not excluded by nonpreference/synonym ambiguity. Not a new linguistic approval."
"300:0","NORTH","نورث","allowedForEnToAr","","false","Preserve earlier intentional exclusion of a nonapproved relationship, independently of preference."
"300:0","NORTH","نورث","allowedForArToEn","","false","Preserve earlier intentional exclusion of a nonapproved relationship, independently of preference."
"300:2","NORTH","شمال","allowedForArToEn","","true","Product-policy migration: valid approved relationship is not excluded by nonpreference/synonym ambiguity. Not a new linguistic approval."
"300:4","NORTH","الشمال","allowedForArToEn","","true","Product-policy migration: valid approved relationship is not excluded by nonpreference/synonym ambiguity. Not a new linguistic approval."
"301:0","RESOURCES","الموارد","allowedForArToEn","","true","Product-policy migration: valid approved relationship is not excluded by nonpreference/synonym ambiguity. Not a new linguistic approval."
"301:1","RESOURCES","موارد","allowedForArToEn","","true","Product-policy migration: valid approved relationship is not excluded by nonpreference/synonym ambiguity. Not a new linguistic approval."
"302:0","CURRENT","التيار","allowedForArToEn","","true","Product-policy migration: valid approved relationship is not excluded by nonpreference/synonym ambiguity. Not a new linguistic approval."
"302:1","CURRENT","تيار","allowedForArToEn","","true","Product-policy migration: valid approved relationship is not excluded by nonpreference/synonym ambiguity. Not a new linguistic approval."
"302:2","CURRENT","الحالي","allowedForArToEn","","true","Product-policy migration: valid approved relationship is not excluded by nonpreference/synonym ambiguity. Not a new linguistic approval."
"303:0","POSTS","الوظائف","allowedForArToEn","","true","Product-policy migration: valid approved relationship is not excluded by nonpreference/synonym ambiguity. Not a new linguistic approval."
"303:1","POSTS","منشورات","allowedForArToEn","","true","Product-policy migration: valid approved relationship is not excluded by nonpreference/synonym ambiguity. Not a new linguistic approval."
"303:2","POSTS","المناصب","allowedForArToEn","","true","Product-policy migration: valid approved relationship is not excluded by nonpreference/synonym ambiguity. Not a new linguistic approval."
"303:3","POSTS","المنشورات","allowedForArToEn","","true","Product-policy migration: valid approved relationship is not excluded by nonpreference/synonym ambiguity. Not a new linguistic approval."
"304:0","BIG","الكبير","allowedForArToEn","","true","Product-policy migration: valid approved relationship is not excluded by nonpreference/synonym ambiguity. Not a new linguistic approval."
"304:1","BIG","كبيرة","allowedForArToEn","","true","Product-policy migration: valid approved relationship is not excluded by nonpreference/synonym ambiguity. Not a new linguistic approval."
"304:3","BIG","كبير","allowedForArToEn","","true","Product-policy migration: valid approved relationship is not excluded by nonpreference/synonym ambiguity. Not a new linguistic approval."
"307:1","CONTROL","السيطرة","allowedForArToEn","","true","Product-policy migration: valid approved relationship is not excluded by nonpreference/synonym ambiguity. Not a new linguistic approval."
"307:2","CONTROL","سيطرة","allowedForArToEn","","true","Product-policy migration: valid approved relationship is not excluded by nonpreference/synonym ambiguity. Not a new linguistic approval."
"308:2","WATER","مياه","allowedForArToEn","","true","Product-policy migration: valid approved relationship is not excluded by nonpreference/synonym ambiguity. Not a new linguistic approval."
"308:3","WATER","المياه","allowedForArToEn","","true","Product-policy migration: valid approved relationship is not excluded by nonpreference/synonym ambiguity. Not a new linguistic approval."
"309:0","HISTORY","التاريخ","allowedForArToEn","","true","Product-policy migration: valid approved relationship is not excluded by nonpreference/synonym ambiguity. Not a new linguistic approval."
"309:1","HISTORY","تاريخ","allowedForArToEn","","true","Product-policy migration: valid approved relationship is not excluded by nonpreference/synonym ambiguity. Not a new linguistic approval."
"310:0","PICTURES","الصور","allowedForArToEn","","true","Product-policy migration: valid approved relationship is not excluded by nonpreference/synonym ambiguity. Not a new linguistic approval."
"310:1","PICTURES","صور","allowedForArToEn","","true","Product-policy migration: valid approved relationship is not excluded by nonpreference/synonym ambiguity. Not a new linguistic approval."
"311:1","SIZE","الحجم","allowedForArToEn","","true","Product-policy migration: valid approved relationship is not excluded by nonpreference/synonym ambiguity. Not a new linguistic approval."
"311:2","SIZE","حجم","allowedForArToEn","","true","Product-policy migration: valid approved relationship is not excluded by nonpreference/synonym ambiguity. Not a new linguistic approval."
"312:1","ART","ارت","allowedForEnToAr","","false","Preserve earlier intentional exclusion of a nonapproved relationship, independently of preference."
"312:1","ART","ارت","allowedForArToEn","","false","Preserve earlier intentional exclusion of a nonapproved relationship, independently of preference."
"313:1","PERSONAL","شخصية","allowedForArToEn","","true","Product-policy migration: valid approved relationship is not excluded by nonpreference/synonym ambiguity. Not a new linguistic approval."
"313:3","PERSONAL","البيانات الشخصية","allowedForEnToAr","","false","Preserve earlier intentional exclusion of a nonapproved relationship, independently of preference."
"313:3","PERSONAL","البيانات الشخصية","allowedForArToEn","","false","Preserve earlier intentional exclusion of a nonapproved relationship, independently of preference."
"314:0","SINCE","منذ","allowedForArToEn","","true","Product-policy migration: valid approved relationship is not excluded by nonpreference/synonym ambiguity. Not a new linguistic approval."
"316:1","GUIDE","دليل","allowedForArToEn","","true","Product-policy migration: valid approved relationship is not excluded by nonpreference/synonym ambiguity. Not a new linguistic approval."
"316:2","GUIDE","الدليل","allowedForArToEn","","true","Product-policy migration: valid approved relationship is not excluded by nonpreference/synonym ambiguity. Not a new linguistic approval."
"317:2","SHOP","متجر","allowedForArToEn","","true","Product-policy migration: valid approved relationship is not excluded by nonpreference/synonym ambiguity. Not a new linguistic approval."
"318:0","DIRECTORY","دليل","allowedForArToEn","","true","Product-policy migration: valid approved relationship is not excluded by nonpreference/synonym ambiguity. Not a new linguistic approval."
"318:1","DIRECTORY","الدليل","allowedForArToEn","","true","Product-policy migration: valid approved relationship is not excluded by nonpreference/synonym ambiguity. Not a new linguistic approval."
"319:0","BOARD","لوح","allowedForArToEn","","true","Product-policy migration: valid approved relationship is not excluded by nonpreference/synonym ambiguity. Not a new linguistic approval."
"319:1","BOARD","اللوح","allowedForArToEn","","true","Product-policy migration: valid approved relationship is not excluded by nonpreference/synonym ambiguity. Not a new linguistic approval."
"320:0","LOCATION","موقع","allowedForArToEn","","true","Product-policy migration: valid approved relationship is not excluded by nonpreference/synonym ambiguity. Not a new linguistic approval."
"320:1","LOCATION","الموقع","allowedForArToEn","","true","Product-policy migration: valid approved relationship is not excluded by nonpreference/synonym ambiguity. Not a new linguistic approval."
"320:2","LOCATION","المكان","allowedForArToEn","","true","Product-policy migration: valid approved relationship is not excluded by nonpreference/synonym ambiguity. Not a new linguistic approval."
"321:0","CHANGE","التغير","allowedForArToEn","","true","Product-policy migration: valid approved relationship is not excluded by nonpreference/synonym ambiguity. Not a new linguistic approval."
"321:1","CHANGE","تغيير","allowedForArToEn","","true","Product-policy migration: valid approved relationship is not excluded by nonpreference/synonym ambiguity. Not a new linguistic approval."
"321:2","CHANGE","التغيير","allowedForArToEn","","true","Product-policy migration: valid approved relationship is not excluded by nonpreference/synonym ambiguity. Not a new linguistic approval."
"323:0","TEXT","نصوص","allowedForEnToAr","","false","Preserve earlier intentional exclusion of a nonapproved relationship, independently of preference."
"323:0","TEXT","نصوص","allowedForArToEn","","false","Preserve earlier intentional exclusion of a nonapproved relationship, independently of preference."
"323:1","TEXT","نص","allowedForArToEn","","true","Product-policy migration: valid approved relationship is not excluded by nonpreference/synonym ambiguity. Not a new linguistic approval."
"323:2","TEXT","النص","allowedForArToEn","","true","Product-policy migration: valid approved relationship is not excluded by nonpreference/synonym ambiguity. Not a new linguistic approval."
"324:1","SMALL","صغير","allowedForArToEn","","true","Product-policy migration: valid approved relationship is not excluded by nonpreference/synonym ambiguity. Not a new linguistic approval."
"325:0","RATING","تقييم","allowedForArToEn","","true","Product-policy migration: valid approved relationship is not excluded by nonpreference/synonym ambiguity. Not a new linguistic approval."
"325:1","RATING","التقييم","allowedForArToEn","","true","Product-policy migration: valid approved relationship is not excluded by nonpreference/synonym ambiguity. Not a new linguistic approval."
"325:2","RATING","التصنيف","allowedForArToEn","","true","Product-policy migration: valid approved relationship is not excluded by nonpreference/synonym ambiguity. Not a new linguistic approval."
"325:3","RATING","تصنيف","allowedForArToEn","","true","Product-policy migration: valid approved relationship is not excluded by nonpreference/synonym ambiguity. Not a new linguistic approval."
"326:0","RATE","المعدل","allowedForArToEn","","true","Product-policy migration: valid approved relationship is not excluded by nonpreference/synonym ambiguity. Not a new linguistic approval."
"326:1","RATE","معدل","allowedForArToEn","","true","Product-policy migration: valid approved relationship is not excluded by nonpreference/synonym ambiguity. Not a new linguistic approval."
"327:1","GOVERNMENT","الحكومات","allowedForEnToAr","","false","Preserve earlier intentional exclusion of a nonapproved relationship, independently of preference."
"327:1","GOVERNMENT","الحكومات","allowedForArToEn","","false","Preserve earlier intentional exclusion of a nonapproved relationship, independently of preference."
"328:2","CHILDREN","الأطفال","allowedForArToEn","","true","Product-policy migration: valid approved relationship is not excluded by nonpreference/synonym ambiguity. Not a new linguistic approval."
"329:1","DURING","خلال","allowedForArToEn","","true","Product-policy migration: valid approved relationship is not excluded by nonpreference/synonym ambiguity. Not a new linguistic approval."
"331:0","RETURN","العودة","allowedForArToEn","","true","Product-policy migration: valid approved relationship is not excluded by nonpreference/synonym ambiguity. Not a new linguistic approval."
"331:1","RETURN","عودة","allowedForArToEn","","true","Product-policy migration: valid approved relationship is not excluded by nonpreference/synonym ambiguity. Not a new linguistic approval."
"332:1","STUDENTS","التلاميذ","allowedForArToEn","","true","Product-policy migration: valid approved relationship is not excluded by nonpreference/synonym ambiguity. Not a new linguistic approval."
"333:1","SHOPPING","تسوق","allowedForArToEn","","true","Product-policy migration: valid approved relationship is not excluded by nonpreference/synonym ambiguity. Not a new linguistic approval."
"333:2","SHOPPING","التسوق","allowedForArToEn","","true","Product-policy migration: valid approved relationship is not excluded by nonpreference/synonym ambiguity. Not a new linguistic approval."
"334:0","ACCOUNT","الحساب","allowedForArToEn","","true","Product-policy migration: valid approved relationship is not excluded by nonpreference/synonym ambiguity. Not a new linguistic approval."
"334:1","ACCOUNT","حساب","allowedForArToEn","","true","Product-policy migration: valid approved relationship is not excluded by nonpreference/synonym ambiguity. Not a new linguistic approval."
"336:0","SITES","مواقع","allowedForArToEn","","true","Product-policy migration: valid approved relationship is not excluded by nonpreference/synonym ambiguity. Not a new linguistic approval."
"336:1","SITES","المواقع","allowedForArToEn","","true","Product-policy migration: valid approved relationship is not excluded by nonpreference/synonym ambiguity. Not a new linguistic approval."
"339:0","PROFILE","التشكيلة","allowedForEnToAr","","false","Preserve earlier intentional exclusion of a nonapproved relationship, independently of preference."
"339:0","PROFILE","التشكيلة","allowedForArToEn","","false","Preserve earlier intentional exclusion of a nonapproved relationship, independently of preference."
"340:0","PREVIOUS","سابق","allowedForArToEn","","true","Product-policy migration: valid approved relationship is not excluded by nonpreference/synonym ambiguity. Not a new linguistic approval."
"340:1","PREVIOUS","سابقة","allowedForArToEn","","true","Product-policy migration: valid approved relationship is not excluded by nonpreference/synonym ambiguity. Not a new linguistic approval."
"340:2","PREVIOUS","السابق","allowedForArToEn","","true","Product-policy migration: valid approved relationship is not excluded by nonpreference/synonym ambiguity. Not a new linguistic approval."
"340:3","PREVIOUS","السابقة","allowedForArToEn","","true","Product-policy migration: valid approved relationship is not excluded by nonpreference/synonym ambiguity. Not a new linguistic approval."
"341:0","FORM","شكل","allowedForArToEn","","true","Product-policy migration: valid approved relationship is not excluded by nonpreference/synonym ambiguity. Not a new linguistic approval."
"341:1","FORM","الشكل","allowedForArToEn","","true","Product-policy migration: valid approved relationship is not excluded by nonpreference/synonym ambiguity. Not a new linguistic approval."
"341:3","FORM","النموذج","allowedForArToEn","","true","Product-policy migration: valid approved relationship is not excluded by nonpreference/synonym ambiguity. Not a new linguistic approval."
"342:1","EVENTS","الفعاليات","allowedForArToEn","","true","Product-policy migration: valid approved relationship is not excluded by nonpreference/synonym ambiguity. Not a new linguistic approval."
"342:2","EVENTS","المناسبات","allowedForArToEn","","true","Product-policy migration: valid approved relationship is not excluded by nonpreference/synonym ambiguity. Not a new linguistic approval."
"342:4","EVENTS","مناسبات","allowedForArToEn","","true","Product-policy migration: valid approved relationship is not excluded by nonpreference/synonym ambiguity. Not a new linguistic approval."
"344:2","OLD","قديمة","allowedForArToEn","","true","Product-policy migration: valid approved relationship is not excluded by nonpreference/synonym ambiguity. Not a new linguistic approval."
"344:4","OLD","القديم","allowedForArToEn","","true","Product-policy migration: valid approved relationship is not excluded by nonpreference/synonym ambiguity. Not a new linguistic approval."
"346:0","MAIN","رئيسية","allowedForArToEn","","true","Product-policy migration: valid approved relationship is not excluded by nonpreference/synonym ambiguity. Not a new linguistic approval."
"346:1","MAIN","الرئيسية","allowedForArToEn","","true","Product-policy migration: valid approved relationship is not excluded by nonpreference/synonym ambiguity. Not a new linguistic approval."
"347:2","CALL","نداء","allowedForArToEn","","true","Product-policy migration: valid approved relationship is not excluded by nonpreference/synonym ambiguity. Not a new linguistic approval."
"347:3","CALL","الاتصال","allowedForArToEn","","true","Product-policy migration: valid approved relationship is not excluded by nonpreference/synonym ambiguity. Not a new linguistic approval."
"348:0","HOURS","الساعات","allowedForArToEn","","true","Product-policy migration: valid approved relationship is not excluded by nonpreference/synonym ambiguity. Not a new linguistic approval."
"348:1","HOURS","ساعات","allowedForArToEn","","true","Product-policy migration: valid approved relationship is not excluded by nonpreference/synonym ambiguity. Not a new linguistic approval."
"349:0","IMAGE","صورة","allowedForArToEn","","true","Product-policy migration: valid approved relationship is not excluded by nonpreference/synonym ambiguity. Not a new linguistic approval."
"349:1","IMAGE","الصورة","allowedForArToEn","","true","Product-policy migration: valid approved relationship is not excluded by nonpreference/synonym ambiguity. Not a new linguistic approval."
"350:0","DEPARTMENT","القسم","allowedForArToEn","","true","Product-policy migration: valid approved relationship is not excluded by nonpreference/synonym ambiguity. Not a new linguistic approval."
"350:1","DEPARTMENT","قسم","allowedForArToEn","","true","Product-policy migration: valid approved relationship is not excluded by nonpreference/synonym ambiguity. Not a new linguistic approval."
"351:0","TITLE","اللقب","allowedForArToEn","","true","Product-policy migration: valid approved relationship is not excluded by nonpreference/synonym ambiguity. Not a new linguistic approval."
"351:1","TITLE","العنوان","allowedForArToEn","","true","Product-policy migration: valid approved relationship is not excluded by nonpreference/synonym ambiguity. Not a new linguistic approval."
"351:2","TITLE","عنوان","allowedForArToEn","","true","Product-policy migration: valid approved relationship is not excluded by nonpreference/synonym ambiguity. Not a new linguistic approval."
"352:0","DESCRIPTION","الوصف","allowedForArToEn","","true","Product-policy migration: valid approved relationship is not excluded by nonpreference/synonym ambiguity. Not a new linguistic approval."
"352:1","DESCRIPTION","وصف","allowedForArToEn","","true","Product-policy migration: valid approved relationship is not excluded by nonpreference/synonym ambiguity. Not a new linguistic approval."
"357:0","PROPERTY","ملكية","allowedForArToEn","","true","Product-policy migration: valid approved relationship is not excluded by nonpreference/synonym ambiguity. Not a new linguistic approval."
"357:1","PROPERTY","الملكية","allowedForArToEn","","true","Product-policy migration: valid approved relationship is not excluded by nonpreference/synonym ambiguity. Not a new linguistic approval."
"357:2","PROPERTY","الممتلكات","allowedForArToEn","","true","Product-policy migration: valid approved relationship is not excluded by nonpreference/synonym ambiguity. Not a new linguistic approval."
"357:3","PROPERTY","ممتلكات","allowedForArToEn","","true","Product-policy migration: valid approved relationship is not excluded by nonpreference/synonym ambiguity. Not a new linguistic approval."
"358:0","CLASS","الطبقة","allowedForArToEn","","true","Product-policy migration: valid approved relationship is not excluded by nonpreference/synonym ambiguity. Not a new linguistic approval."
"358:1","CLASS","الفصل","allowedForArToEn","","true","Product-policy migration: valid approved relationship is not excluded by nonpreference/synonym ambiguity. Not a new linguistic approval."
"358:2","CLASS","صف","allowedForArToEn","","true","Product-policy migration: valid approved relationship is not excluded by nonpreference/synonym ambiguity. Not a new linguistic approval."
"358:3","CLASS","الصف","allowedForArToEn","","true","Product-policy migration: valid approved relationship is not excluded by nonpreference/synonym ambiguity. Not a new linguistic approval."
"358:4","CLASS","الفئة","allowedForArToEn","","true","Product-policy migration: valid approved relationship is not excluded by nonpreference/synonym ambiguity. Not a new linguistic approval."
"358:5","CLASS","فئة","allowedForArToEn","","true","Product-policy migration: valid approved relationship is not excluded by nonpreference/synonym ambiguity. Not a new linguistic approval."
"359:0","STILL","لسه","allowedForEnToAr","","false","Preserve earlier intentional exclusion of a nonapproved relationship, independently of preference."
"359:0","STILL","لسه","allowedForArToEn","","false","Preserve earlier intentional exclusion of a nonapproved relationship, independently of preference."
"360:3","MONEY","المال","allowedForArToEn","","true","Product-policy migration: valid approved relationship is not excluded by nonpreference/synonym ambiguity. Not a new linguistic approval."
"360:4","MONEY","مال","allowedForArToEn","","true","Product-policy migration: valid approved relationship is not excluded by nonpreference/synonym ambiguity. Not a new linguistic approval."
"361:0","QUALITY","النوعية","allowedForArToEn","","true","Product-policy migration: valid approved relationship is not excluded by nonpreference/synonym ambiguity. Not a new linguistic approval."
"363:0","LISTING","القائمة","allowedForArToEn","","true","Product-policy migration: valid approved relationship is not excluded by nonpreference/synonym ambiguity. Not a new linguistic approval."
"364:2","CONTENT","محتويات","allowedForArToEn","","true","Product-policy migration: valid approved relationship is not excluded by nonpreference/synonym ambiguity. Not a new linguistic approval."
"364:3","CONTENT","المضمون","allowedForArToEn","","true","Product-policy migration: valid approved relationship is not excluded by nonpreference/synonym ambiguity. Not a new linguistic approval."
"366:0","PRIVATE","الخاص","allowedForArToEn","","true","Product-policy migration: valid approved relationship is not excluded by nonpreference/synonym ambiguity. Not a new linguistic approval."
"366:1","PRIVATE","الخاصة","allowedForArToEn","","true","Product-policy migration: valid approved relationship is not excluded by nonpreference/synonym ambiguity. Not a new linguistic approval."
"366:2","PRIVATE","خاص","allowedForArToEn","","true","Product-policy migration: valid approved relationship is not excluded by nonpreference/synonym ambiguity. Not a new linguistic approval."
"366:3","PRIVATE","خاصة","allowedForArToEn","","true","Product-policy migration: valid approved relationship is not excluded by nonpreference/synonym ambiguity. Not a new linguistic approval."
"366:4","PRIVATE","القطاع الخاص","allowedForEnToAr","","false","Preserve earlier intentional exclusion of a nonapproved relationship, independently of preference."
"366:4","PRIVATE","القطاع الخاص","allowedForArToEn","","false","Preserve earlier intentional exclusion of a nonapproved relationship, independently of preference."
"367:0","LITTLE","الصغير","allowedForArToEn","","true","Product-policy migration: valid approved relationship is not excluded by nonpreference/synonym ambiguity. Not a new linguistic approval."
"368:1","VISIT","الزيارة","allowedForArToEn","","true","Product-policy migration: valid approved relationship is not excluded by nonpreference/synonym ambiguity. Not a new linguistic approval."
"368:2","VISIT","زيارة","allowedForArToEn","","true","Product-policy migration: valid approved relationship is not excluded by nonpreference/synonym ambiguity. Not a new linguistic approval."
"369:3","SAVE","احفظ","allowedForArToEn","","true","Product-policy migration: valid approved relationship is not excluded by nonpreference/synonym ambiguity. Not a new linguistic approval."
"372:0","REPLY","الرد","allowedForArToEn","","true","Product-policy migration: valid approved relationship is not excluded by nonpreference/synonym ambiguity. Not a new linguistic approval."
"372:1","REPLY","رد","allowedForArToEn","","true","Product-policy migration: valid approved relationship is not excluded by nonpreference/synonym ambiguity. Not a new linguistic approval."
"373:0","CUSTOMER","الزبون","allowedForArToEn","","true","Product-policy migration: valid approved relationship is not excluded by nonpreference/synonym ambiguity. Not a new linguistic approval."
"373:1","CUSTOMER","زبون","allowedForArToEn","","true","Product-policy migration: valid approved relationship is not excluded by nonpreference/synonym ambiguity. Not a new linguistic approval."
"373:2","CUSTOMER","العملاء","allowedForEnToAr","","false","Preserve earlier intentional exclusion of a nonapproved relationship, independently of preference."
"373:2","CUSTOMER","العملاء","allowedForArToEn","","false","Preserve earlier intentional exclusion of a nonapproved relationship, independently of preference."
"376:2","MOVIES","أفلام","allowedForArToEn","","true","Product-policy migration: valid approved relationship is not excluded by nonpreference/synonym ambiguity. Not a new linguistic approval."
"377:0","INCLUDE","تشمل","allowedForArToEn","","true","Product-policy migration: valid approved relationship is not excluded by nonpreference/synonym ambiguity. Not a new linguistic approval."
"378:0","COLLEGE","كلية","allowedForArToEn","","true","Product-policy migration: valid approved relationship is not excluded by nonpreference/synonym ambiguity. Not a new linguistic approval."
"378:1","COLLEGE","الكلية","allowedForArToEn","","true","Product-policy migration: valid approved relationship is not excluded by nonpreference/synonym ambiguity. Not a new linguistic approval."
"378:2","COLLEGE","الجامعة","allowedForEnToAr","","false","Preserve earlier intentional exclusion of a nonapproved relationship, independently of preference."
"378:2","COLLEGE","الجامعة","allowedForArToEn","","false","Preserve earlier intentional exclusion of a nonapproved relationship, independently of preference."
"379:0","VALUE","القيمة","allowedForArToEn","","true","Product-policy migration: valid approved relationship is not excluded by nonpreference/synonym ambiguity. Not a new linguistic approval."
"379:1","VALUE","قيمة","allowedForArToEn","","true","Product-policy migration: valid approved relationship is not excluded by nonpreference/synonym ambiguity. Not a new linguistic approval."
"380:0","ARTICLE","مقالة","allowedForArToEn","","true","Product-policy migration: valid approved relationship is not excluded by nonpreference/synonym ambiguity. Not a new linguistic approval."
"380:1","ARTICLE","مقال","allowedForArToEn","","true","Product-policy migration: valid approved relationship is not excluded by nonpreference/synonym ambiguity. Not a new linguistic approval."
"380:2","ARTICLE","المقالة","allowedForArToEn","","true","Product-policy migration: valid approved relationship is not excluded by nonpreference/synonym ambiguity. Not a new linguistic approval."
"380:3","ARTICLE","المادة","allowedForArToEn","","true","Product-policy migration: valid approved relationship is not excluded by nonpreference/synonym ambiguity. Not a new linguistic approval."
"382:0","MAN","رجل","allowedForArToEn","","true","Product-policy migration: valid approved relationship is not excluded by nonpreference/synonym ambiguity. Not a new linguistic approval."
"382:1","MAN","مان","allowedForEnToAr","","false","Preserve earlier intentional exclusion of a nonapproved relationship, independently of preference."
"382:1","MAN","مان","allowedForArToEn","","false","Preserve earlier intentional exclusion of a nonapproved relationship, independently of preference."
"382:2","MAN","الرجل","allowedForArToEn","","true","Product-policy migration: valid approved relationship is not excluded by nonpreference/synonym ambiguity. Not a new linguistic approval."
"384:0","JOBS","الوظائف","allowedForArToEn","","true","Product-policy migration: valid approved relationship is not excluded by nonpreference/synonym ambiguity. Not a new linguistic approval."
"384:1","JOBS","وظائف","allowedForArToEn","","true","Product-policy migration: valid approved relationship is not excluded by nonpreference/synonym ambiguity. Not a new linguistic approval."
"385:0","PROVIDE","توفر","allowedForArToEn","","true","Product-policy migration: valid approved relationship is not excluded by nonpreference/synonym ambiguity. Not a new linguistic approval."
"386:0","FOOD","طعام","allowedForArToEn","","true","Product-policy migration: valid approved relationship is not excluded by nonpreference/synonym ambiguity. Not a new linguistic approval."
"386:2","FOOD","الطعام","allowedForArToEn","","true","Product-policy migration: valid approved relationship is not excluded by nonpreference/synonym ambiguity. Not a new linguistic approval."
"386:4","FOOD","الأغذية","allowedForArToEn","","true","Product-policy migration: valid approved relationship is not excluded by nonpreference/synonym ambiguity. Not a new linguistic approval."
"387:1","SOURCE","مصدر","allowedForArToEn","","true","Product-policy migration: valid approved relationship is not excluded by nonpreference/synonym ambiguity. Not a new linguistic approval."
"388:0","AUTHOR","مؤلف","allowedForArToEn","","true","Product-policy migration: valid approved relationship is not excluded by nonpreference/synonym ambiguity. Not a new linguistic approval."
"388:1","AUTHOR","الكاتب","allowedForArToEn","","true","Product-policy migration: valid approved relationship is not excluded by nonpreference/synonym ambiguity. Not a new linguistic approval."
"388:2","AUTHOR","كاتب","allowedForArToEn","","true","Product-policy migration: valid approved relationship is not excluded by nonpreference/synonym ambiguity. Not a new linguistic approval."
"388:3","AUTHOR","المؤلف","allowedForArToEn","","true","Product-policy migration: valid approved relationship is not excluded by nonpreference/synonym ambiguity. Not a new linguistic approval."
"389:0","DIFFERENT","مختلف","allowedForArToEn","","true","Product-policy migration: valid approved relationship is not excluded by nonpreference/synonym ambiguity. Not a new linguistic approval."
"390:0","PRESS","اضغط","allowedForArToEn","","true","Product-policy migration: valid approved relationship is not excluded by nonpreference/synonym ambiguity. Not a new linguistic approval."
"390:1","PRESS","الصحافة","allowedForArToEn","","true","Product-policy migration: valid approved relationship is not excluded by nonpreference/synonym ambiguity. Not a new linguistic approval."
"390:2","PRESS","صحافة","allowedForArToEn","","true","Product-policy migration: valid approved relationship is not excluded by nonpreference/synonym ambiguity. Not a new linguistic approval."
"391:1","LEARN","تعلم","allowedForArToEn","","true","Product-policy migration: valid approved relationship is not excluded by nonpreference/synonym ambiguity. Not a new linguistic approval."
"392:0","SALE","بيع","allowedForArToEn","","true","Product-policy migration: valid approved relationship is not excluded by nonpreference/synonym ambiguity. Not a new linguistic approval."
"392:1","SALE","البيع","allowedForArToEn","","true","Product-policy migration: valid approved relationship is not excluded by nonpreference/synonym ambiguity. Not a new linguistic approval."
"392:2","SALE","تخفيضات","allowedForArToEn","","true","Product-policy migration: valid approved relationship is not excluded by nonpreference/synonym ambiguity. Not a new linguistic approval."
"393:0","AROUND","حو","allowedForEnToAr","","false","Preserve earlier intentional exclusion of a nonapproved relationship, independently of preference."
"393:0","AROUND","حو","allowedForArToEn","","false","Preserve earlier intentional exclusion of a nonapproved relationship, independently of preference."
"393:2","AROUND","حول","allowedForArToEn","","true","Product-policy migration: valid approved relationship is not excluded by nonpreference/synonym ambiguity. Not a new linguistic approval."
"394:0","PRINT","بصمة","allowedForArToEn","","true","Product-policy migration: valid approved relationship is not excluded by nonpreference/synonym ambiguity. Not a new linguistic approval."
"394:1","PRINT","الطباعة","allowedForArToEn","","true","Product-policy migration: valid approved relationship is not excluded by nonpreference/synonym ambiguity. Not a new linguistic approval."
"394:2","PRINT","طباعة","allowedForArToEn","","true","Product-policy migration: valid approved relationship is not excluded by nonpreference/synonym ambiguity. Not a new linguistic approval."
"395:0","COURSE","بالطبع","allowedForEnToAr","","false","Preserve earlier intentional exclusion of a nonapproved relationship, independently of preference."
"395:0","COURSE","بالطبع","allowedForArToEn","","false","Preserve earlier intentional exclusion of a nonapproved relationship, independently of preference."
"396:0","JOB","الوظيفة","allowedForArToEn","","true","Product-policy migration: valid approved relationship is not excluded by nonpreference/synonym ambiguity. Not a new linguistic approval."
"396:1","JOB","وظيفة","allowedForArToEn","","true","Product-policy migration: valid approved relationship is not excluded by nonpreference/synonym ambiguity. Not a new linguistic approval."
"396:4","JOB","عمل","allowedForArToEn","","true","Product-policy migration: valid approved relationship is not excluded by nonpreference/synonym ambiguity. Not a new linguistic approval."
"398:0","PROCESS","العملية","allowedForArToEn","","true","Product-policy migration: valid approved relationship is not excluded by nonpreference/synonym ambiguity. Not a new linguistic approval."
"398:1","PROCESS","عملية","allowedForArToEn","","true","Product-policy migration: valid approved relationship is not excluded by nonpreference/synonym ambiguity. Not a new linguistic approval."
"399:0","TEEN","المراهق","allowedForArToEn","","true","Product-policy migration: valid approved relationship is not excluded by nonpreference/synonym ambiguity. Not a new linguistic approval."
"399:1","TEEN","مراهق","allowedForArToEn","","true","Product-policy migration: valid approved relationship is not excluded by nonpreference/synonym ambiguity. Not a new linguistic approval."
"400:0","ROOM","غرفة","allowedForArToEn","","true","Product-policy migration: valid approved relationship is not excluded by nonpreference/synonym ambiguity. Not a new linguistic approval."
"400:1","ROOM","الغرفة","allowedForArToEn","","true","Product-policy migration: valid approved relationship is not excluded by nonpreference/synonym ambiguity. Not a new linguistic approval."
"401:0","STOCK","المخزونات","allowedForArToEn","","true","Product-policy migration: valid approved relationship is not excluded by nonpreference/synonym ambiguity. Not a new linguistic approval."
"401:1","STOCK","المخزون","allowedForArToEn","","true","Product-policy migration: valid approved relationship is not excluded by nonpreference/synonym ambiguity. Not a new linguistic approval."
"402:0","TRAINING","التدريب","allowedForArToEn","","true","Product-policy migration: valid approved relationship is not excluded by nonpreference/synonym ambiguity. Not a new linguistic approval."
"402:1","TRAINING","تدريب","allowedForArToEn","","true","Product-policy migration: valid approved relationship is not excluded by nonpreference/synonym ambiguity. Not a new linguistic approval."
"403:1","TOO","أيضا","allowedForArToEn","","true","Product-policy migration: valid approved relationship is not excluded by nonpreference/synonym ambiguity. Not a new linguistic approval."
"404:2","CREDIT","رصيد","allowedForArToEn","","true","Product-policy migration: valid approved relationship is not excluded by nonpreference/synonym ambiguity. Not a new linguistic approval."
"405:0","POINT","نقطة","allowedForArToEn","","true","Product-policy migration: valid approved relationship is not excluded by nonpreference/synonym ambiguity. Not a new linguistic approval."
"405:1","POINT","بوينت","allowedForEnToAr","","false","Preserve earlier intentional exclusion of a nonapproved relationship, independently of preference."
"405:1","POINT","بوينت","allowedForArToEn","","false","Preserve earlier intentional exclusion of a nonapproved relationship, independently of preference."
"405:2","POINT","النقطة","allowedForArToEn","","true","Product-policy migration: valid approved relationship is not excluded by nonpreference/synonym ambiguity. Not a new linguistic approval."
"406:1","JOIN","انضم","allowedForArToEn","","true","Product-policy migration: valid approved relationship is not excluded by nonpreference/synonym ambiguity. Not a new linguistic approval."
"407:0","SCIENCE","العلوم","allowedForArToEn","","true","Product-policy migration: valid approved relationship is not excluded by nonpreference/synonym ambiguity. Not a new linguistic approval."
"407:1","SCIENCE","علوم","allowedForArToEn","","true","Product-policy migration: valid approved relationship is not excluded by nonpreference/synonym ambiguity. Not a new linguistic approval."
"407:2","SCIENCE","العلم","allowedForArToEn","","true","Product-policy migration: valid approved relationship is not excluded by nonpreference/synonym ambiguity. Not a new linguistic approval."
"408:0","MEN","الرجال","allowedForArToEn","","true","Product-policy migration: valid approved relationship is not excluded by nonpreference/synonym ambiguity. Not a new linguistic approval."
"408:1","MEN","رجال","allowedForArToEn","","true","Product-policy migration: valid approved relationship is not excluded by nonpreference/synonym ambiguity. Not a new linguistic approval."
"410:0","ADVANCED","متقدم","allowedForArToEn","","true","Product-policy migration: valid approved relationship is not excluded by nonpreference/synonym ambiguity. Not a new linguistic approval."
"410:1","ADVANCED","متقدمة","allowedForArToEn","","true","Product-policy migration: valid approved relationship is not excluded by nonpreference/synonym ambiguity. Not a new linguistic approval."
"410:2","ADVANCED","المتقدمة","allowedForArToEn","","true","Product-policy migration: valid approved relationship is not excluded by nonpreference/synonym ambiguity. Not a new linguistic approval."
"410:3","ADVANCED","المتقدم","allowedForArToEn","","true","Product-policy migration: valid approved relationship is not excluded by nonpreference/synonym ambiguity. Not a new linguistic approval."
"411:0","WEST","ويست","allowedForEnToAr","","false","Preserve earlier intentional exclusion of a nonapproved relationship, independently of preference."
"411:0","WEST","ويست","allowedForArToEn","","false","Preserve earlier intentional exclusion of a nonapproved relationship, independently of preference."
"411:1","WEST","الغرب","allowedForArToEn","","true","Product-policy migration: valid approved relationship is not excluded by nonpreference/synonym ambiguity. Not a new linguistic approval."
"411:3","WEST","غرب","allowedForArToEn","","true","Product-policy migration: valid approved relationship is not excluded by nonpreference/synonym ambiguity. Not a new linguistic approval."
"412:2","SALES","البيع","allowedForEnToAr","","false","Preserve earlier intentional exclusion of a nonapproved relationship, independently of preference."
"412:2","SALES","البيع","allowedForArToEn","","false","Preserve earlier intentional exclusion of a nonapproved relationship, independently of preference."
"413:3","LOOK","انظر","allowedForArToEn","","true","Product-policy migration: valid approved relationship is not excluded by nonpreference/synonym ambiguity. Not a new linguistic approval."
"414:5","ENGLISH","العربية","allowedForEnToAr","","false","Preserve earlier intentional exclusion of a nonapproved relationship, independently of preference."
"414:5","ENGLISH","العربية","allowedForArToEn","","false","Preserve earlier intentional exclusion of a nonapproved relationship, independently of preference."
"419:1","CONDITIONS","ظروف","allowedForArToEn","","true","Product-policy migration: valid approved relationship is not excluded by nonpreference/synonym ambiguity. Not a new linguistic approval."
"419:2","CONDITIONS","الظروف","allowedForArToEn","","true","Product-policy migration: valid approved relationship is not excluded by nonpreference/synonym ambiguity. Not a new linguistic approval."
"419:3","CONDITIONS","الشروط","allowedForArToEn","","true","Product-policy migration: valid approved relationship is not excluded by nonpreference/synonym ambiguity. Not a new linguistic approval."
"419:4","CONDITIONS","شروط","allowedForArToEn","","true","Product-policy migration: valid approved relationship is not excluded by nonpreference/synonym ambiguity. Not a new linguistic approval."
"420:0","SELECT","حدد","allowedForArToEn","","true","Product-policy migration: valid approved relationship is not excluded by nonpreference/synonym ambiguity. Not a new linguistic approval."
"420:2","SELECT","اختر","allowedForArToEn","","true","Product-policy migration: valid approved relationship is not excluded by nonpreference/synonym ambiguity. Not a new linguistic approval."
"422:0","PHOTOS","الصور","allowedForArToEn","","true","Product-policy migration: valid approved relationship is not excluded by nonpreference/synonym ambiguity. Not a new linguistic approval."
"422:1","PHOTOS","صور","allowedForArToEn","","true","Product-policy migration: valid approved relationship is not excluded by nonpreference/synonym ambiguity. Not a new linguistic approval."
"424:0","THREAD","خيط","allowedForArToEn","","true","Product-policy migration: valid approved relationship is not excluded by nonpreference/synonym ambiguity. Not a new linguistic approval."
"424:1","THREAD","الخيط","allowedForArToEn","","true","Product-policy migration: valid approved relationship is not excluded by nonpreference/synonym ambiguity. Not a new linguistic approval."
"424:2","THREAD","موضوع","allowedForArToEn","","true","Product-policy migration: valid approved relationship is not excluded by nonpreference/synonym ambiguity. Not a new linguistic approval."
"426:0","CATEGORY","الفئة","allowedForArToEn","","true","Product-policy migration: valid approved relationship is not excluded by nonpreference/synonym ambiguity. Not a new linguistic approval."
"426:1","CATEGORY","فئة","allowedForArToEn","","true","Product-policy migration: valid approved relationship is not excluded by nonpreference/synonym ambiguity. Not a new linguistic approval."
"427:0","NOTE","ملاحظة","allowedForArToEn","","true","Product-policy migration: valid approved relationship is not excluded by nonpreference/synonym ambiguity. Not a new linguistic approval."
"427:2","NOTE","الملاحظة","allowedForArToEn","","true","Product-policy migration: valid approved relationship is not excluded by nonpreference/synonym ambiguity. Not a new linguistic approval."
"428:2","LIVE","مباشر","allowedForArToEn","","true","Product-policy migration: valid approved relationship is not excluded by nonpreference/synonym ambiguity. Not a new linguistic approval."
"428:5","LIVE","عش","allowedForArToEn","","true","Product-policy migration: valid approved relationship is not excluded by nonpreference/synonym ambiguity. Not a new linguistic approval."
"429:0","LARGE","كبيرة","allowedForArToEn","","true","Product-policy migration: valid approved relationship is not excluded by nonpreference/synonym ambiguity. Not a new linguistic approval."
"429:1","LARGE","كبير","allowedForArToEn","","true","Product-policy migration: valid approved relationship is not excluded by nonpreference/synonym ambiguity. Not a new linguistic approval."
"430:0","GALLERY","المعرض","allowedForArToEn","","true","Product-policy migration: valid approved relationship is not excluded by nonpreference/synonym ambiguity. Not a new linguistic approval."
"430:1","GALLERY","معرض","allowedForArToEn","","true","Product-policy migration: valid approved relationship is not excluded by nonpreference/synonym ambiguity. Not a new linguistic approval."
"431:0","TABLE","الجدول","allowedForArToEn","","true","Product-policy migration: valid approved relationship is not excluded by nonpreference/synonym ambiguity. Not a new linguistic approval."
"431:1","TABLE","جدول","allowedForArToEn","","true","Product-policy migration: valid approved relationship is not excluded by nonpreference/synonym ambiguity. Not a new linguistic approval."
"431:2","TABLE","الطاولة","allowedForArToEn","","true","Product-policy migration: valid approved relationship is not excluded by nonpreference/synonym ambiguity. Not a new linguistic approval."
"432:1","REGISTER","تسجيل","allowedForArToEn","","true","Product-policy migration: valid approved relationship is not excluded by nonpreference/synonym ambiguity. Not a new linguistic approval."
"432:2","REGISTER","السجل","allowedForArToEn","","true","Product-policy migration: valid approved relationship is not excluded by nonpreference/synonym ambiguity. Not a new linguistic approval."
"432:3","REGISTER","التسجيل","allowedForArToEn","","true","Product-policy migration: valid approved relationship is not excluded by nonpreference/synonym ambiguity. Not a new linguistic approval."
"433:0","HOWEVER","ومع ذلك","allowedForArToEn","","true","Product-policy migration: valid approved relationship is not excluded by nonpreference/synonym ambiguity. Not a new linguistic approval."
"437:0","MARKET","سوق","allowedForArToEn","","true","Product-policy migration: valid approved relationship is not excluded by nonpreference/synonym ambiguity. Not a new linguistic approval."
"437:1","MARKET","السوق","allowedForArToEn","","true","Product-policy migration: valid approved relationship is not excluded by nonpreference/synonym ambiguity. Not a new linguistic approval."
"438:2","LIBRARY","المكتبة العامة","allowedForEnToAr","","false","Preserve earlier intentional exclusion of a nonapproved relationship, independently of preference."
"438:2","LIBRARY","المكتبة العامة","allowedForArToEn","","false","Preserve earlier intentional exclusion of a nonapproved relationship, independently of preference."
"440:5","ACTION","الإجراء المتخذ","allowedForEnToAr","","false","Preserve earlier intentional exclusion of a nonapproved relationship, independently of preference."
"440:5","ACTION","الإجراء المتخذ","allowedForArToEn","","false","Preserve earlier intentional exclusion of a nonapproved relationship, independently of preference."
"441:0","START","بداية","allowedForArToEn","","true","Product-policy migration: valid approved relationship is not excluded by nonpreference/synonym ambiguity. Not a new linguistic approval."
"441:1","START","البداية","allowedForArToEn","","true","Product-policy migration: valid approved relationship is not excluded by nonpreference/synonym ambiguity. Not a new linguistic approval."
"441:2","START","بدء","allowedForArToEn","","true","Product-policy migration: valid approved relationship is not excluded by nonpreference/synonym ambiguity. Not a new linguistic approval."
"441:3","START","ابدأ","allowedForArToEn","","true","Product-policy migration: valid approved relationship is not excluded by nonpreference/synonym ambiguity. Not a new linguistic approval."
"442:0","SERIES","مسلسل","allowedForArToEn","","true","Product-policy migration: valid approved relationship is not excluded by nonpreference/synonym ambiguity. Not a new linguistic approval."
"442:1","SERIES","سلسلة","allowedForArToEn","","true","Product-policy migration: valid approved relationship is not excluded by nonpreference/synonym ambiguity. Not a new linguistic approval."
"442:2","SERIES","السلسلة","allowedForArToEn","","true","Product-policy migration: valid approved relationship is not excluded by nonpreference/synonym ambiguity. Not a new linguistic approval."
"443:1","MODEL","عارض","allowedForArToEn","","true","Product-policy migration: valid approved relationship is not excluded by nonpreference/synonym ambiguity. Not a new linguistic approval."
"443:2","MODEL","نموذج","allowedForArToEn","","true","Product-policy migration: valid approved relationship is not excluded by nonpreference/synonym ambiguity. Not a new linguistic approval."
"443:4","MODEL","النموذج","allowedForArToEn","","true","Product-policy migration: valid approved relationship is not excluded by nonpreference/synonym ambiguity. Not a new linguistic approval."
"444:1","FEATURES","سمات","allowedForArToEn","","true","Product-policy migration: valid approved relationship is not excluded by nonpreference/synonym ambiguity. Not a new linguistic approval."
"444:2","FEATURES","السمات","allowedForArToEn","","true","Product-policy migration: valid approved relationship is not excluded by nonpreference/synonym ambiguity. Not a new linguistic approval."
"444:5","FEATURES","المميزات","allowedForArToEn","","true","Product-policy migration: valid approved relationship is not excluded by nonpreference/synonym ambiguity. Not a new linguistic approval."
"448:2","HUMAN","بشرية","allowedForArToEn","","true","Product-policy migration: valid approved relationship is not excluded by nonpreference/synonym ambiguity. Not a new linguistic approval."
"450:3","YES","نعم","allowedForArToEn","","true","Product-policy migration: valid approved relationship is not excluded by nonpreference/synonym ambiguity. Not a new linguistic approval."
"451:1","REQUIRED","مطلوب","allowedForArToEn","","true","Product-policy migration: valid approved relationship is not excluded by nonpreference/synonym ambiguity. Not a new linguistic approval."
"451:3","REQUIRED","المطلوب","allowedForArToEn","","true","Product-policy migration: valid approved relationship is not excluded by nonpreference/synonym ambiguity. Not a new linguistic approval."
"452:2","SECOND","تاني","allowedForEnToAr","","false","Preserve earlier intentional exclusion of a nonapproved relationship, independently of preference."
"452:2","SECOND","تاني","allowedForArToEn","","false","Preserve earlier intentional exclusion of a nonapproved relationship, independently of preference."
"452:4","SECOND","الثانية","allowedForArToEn","","true","Product-policy migration: valid approved relationship is not excluded by nonpreference/synonym ambiguity. Not a new linguistic approval."
"453:2","HOT","ساخنة","allowedForArToEn","","true","Product-policy migration: valid approved relationship is not excluded by nonpreference/synonym ambiguity. Not a new linguistic approval."
"454:0","ACCESSORIES","ملحقات","allowedForArToEn","","true","Product-policy migration: valid approved relationship is not excluded by nonpreference/synonym ambiguity. Not a new linguistic approval."
"454:1","ACCESSORIES","الملحقات","allowedForArToEn","","true","Product-policy migration: valid approved relationship is not excluded by nonpreference/synonym ambiguity. Not a new linguistic approval."
"455:2","COST","التكاليف","allowedForEnToAr","","false","Preserve earlier intentional exclusion of a nonapproved relationship, independently of preference."
"455:2","COST","التكاليف","allowedForArToEn","","false","Preserve earlier intentional exclusion of a nonapproved relationship, independently of preference."
"456:0","MOVIE","الفيلم","allowedForArToEn","","true","Product-policy migration: valid approved relationship is not excluded by nonpreference/synonym ambiguity. Not a new linguistic approval."
"456:1","MOVIE","فيلم","allowedForArToEn","","true","Product-policy migration: valid approved relationship is not excluded by nonpreference/synonym ambiguity. Not a new linguistic approval."
"458:0","MARCH","المسيرة","allowedForArToEn","","true","Product-policy migration: valid approved relationship is not excluded by nonpreference/synonym ambiguity. Not a new linguistic approval."
"458:1","MARCH","مارس","allowedForArToEn","","true","Product-policy migration: valid approved relationship is not excluded by nonpreference/synonym ambiguity. Not a new linguistic approval."
"458:2","MARCH","مسيرة","allowedForArToEn","","true","Product-policy migration: valid approved relationship is not excluded by nonpreference/synonym ambiguity. Not a new linguistic approval."
"460:2","BETTER","أفضل","allowedForArToEn","","true","Product-policy migration: valid approved relationship is not excluded by nonpreference/synonym ambiguity. Not a new linguistic approval."
"461:1","SAY","نقول","allowedForEnToAr","","false","Preserve earlier intentional exclusion of a nonapproved relationship, independently of preference."
"461:1","SAY","نقول","allowedForArToEn","","false","Preserve earlier intentional exclusion of a nonapproved relationship, independently of preference."
"465:3","GOING","جاري التنفيذ","allowedForEnToAr","","false","Preserve earlier intentional exclusion of a nonapproved relationship, independently of preference."
"465:3","GOING","جاري التنفيذ","allowedForArToEn","","false","Preserve earlier intentional exclusion of a nonapproved relationship, independently of preference."
"466:4","MEDICAL","الخدمات الطبية","allowedForEnToAr","","false","Preserve earlier intentional exclusion of a nonapproved relationship, independently of preference."
"466:4","MEDICAL","الخدمات الطبية","allowedForArToEn","","false","Preserve earlier intentional exclusion of a nonapproved relationship, independently of preference."
"468:0","FRIEND","صديق","allowedForArToEn","","true","Product-policy migration: valid approved relationship is not excluded by nonpreference/synonym ambiguity. Not a new linguistic approval."
"468:1","FRIEND","الصديق","allowedForArToEn","","true","Product-policy migration: valid approved relationship is not excluded by nonpreference/synonym ambiguity. Not a new linguistic approval."
"468:2","FRIEND","صديقي","allowedForEnToAr","","false","Preserve earlier intentional exclusion of a nonapproved relationship, independently of preference."
"468:2","FRIEND","صديقي","allowedForArToEn","","false","Preserve earlier intentional exclusion of a nonapproved relationship, independently of preference."
"471:0","SERVER","خادم","allowedForArToEn","","true","Product-policy migration: valid approved relationship is not excluded by nonpreference/synonym ambiguity. Not a new linguistic approval."
"471:1","SERVER","الخادم","allowedForArToEn","","true","Product-policy migration: valid approved relationship is not excluded by nonpreference/synonym ambiguity. Not a new linguistic approval."
"472:0","STUDY","دراسة","allowedForArToEn","","true","Product-policy migration: valid approved relationship is not excluded by nonpreference/synonym ambiguity. Not a new linguistic approval."
"472:1","STUDY","ادرس","allowedForArToEn","","true","Product-policy migration: valid approved relationship is not excluded by nonpreference/synonym ambiguity. Not a new linguistic approval."
"472:2","STUDY","الدراسة","allowedForArToEn","","true","Product-policy migration: valid approved relationship is not excluded by nonpreference/synonym ambiguity. Not a new linguistic approval."
"473:0","APPLICATION","الطلب","allowedForArToEn","","true","Product-policy migration: valid approved relationship is not excluded by nonpreference/synonym ambiguity. Not a new linguistic approval."
"473:1","APPLICATION","تطبيق","allowedForArToEn","","true","Product-policy migration: valid approved relationship is not excluded by nonpreference/synonym ambiguity. Not a new linguistic approval."
"473:2","APPLICATION","التطبيق","allowedForArToEn","","true","Product-policy migration: valid approved relationship is not excluded by nonpreference/synonym ambiguity. Not a new linguistic approval."
"474:0","CART","العربة","allowedForArToEn","","true","Product-policy migration: valid approved relationship is not excluded by nonpreference/synonym ambiguity. Not a new linguistic approval."
"474:1","CART","عربة","allowedForArToEn","","true","Product-policy migration: valid approved relationship is not excluded by nonpreference/synonym ambiguity. Not a new linguistic approval."
"475:0","STAFF","الموظفون","allowedForArToEn","","true","Product-policy migration: valid approved relationship is not excluded by nonpreference/synonym ambiguity. Not a new linguistic approval."
"475:1","STAFF","موظفون","allowedForArToEn","","true","Product-policy migration: valid approved relationship is not excluded by nonpreference/synonym ambiguity. Not a new linguistic approval."
"475:2","STAFF","الموظفين","allowedForArToEn","","true","Product-policy migration: valid approved relationship is not excluded by nonpreference/synonym ambiguity. Not a new linguistic approval."
"476:0","ARTICLES","مقالات","allowedForArToEn","","true","Product-policy migration: valid approved relationship is not excluded by nonpreference/synonym ambiguity. Not a new linguistic approval."
"476:1","ARTICLES","المقالات","allowedForArToEn","","true","Product-policy migration: valid approved relationship is not excluded by nonpreference/synonym ambiguity. Not a new linguistic approval."
"478:0","FEEDBACK","ملاحظات","allowedForArToEn","","true","Product-policy migration: valid approved relationship is not excluded by nonpreference/synonym ambiguity. Not a new linguistic approval."
"478:1","FEEDBACK","ردود الفعل","allowedForArToEn","","true","Product-policy migration: valid approved relationship is not excluded by nonpreference/synonym ambiguity. Not a new linguistic approval."
"479:1","AGAIN","ثانية","allowedForArToEn","","true","Product-policy migration: valid approved relationship is not excluded by nonpreference/synonym ambiguity. Not a new linguistic approval."
"480:4","PLAY","لعب","allowedForArToEn","","true","Product-policy migration: valid approved relationship is not excluded by nonpreference/synonym ambiguity. Not a new linguistic approval."
"480:5","PLAY","اللعب","allowedForArToEn","","true","Product-policy migration: valid approved relationship is not excluded by nonpreference/synonym ambiguity. Not a new linguistic approval."
"482:0","ISSUES","المسائل","allowedForArToEn","","true","Product-policy migration: valid approved relationship is not excluded by nonpreference/synonym ambiguity. Not a new linguistic approval."
"482:1","ISSUES","قضايا","allowedForArToEn","","true","Product-policy migration: valid approved relationship is not excluded by nonpreference/synonym ambiguity. Not a new linguistic approval."
"482:2","ISSUES","القضايا","allowedForArToEn","","true","Product-policy migration: valid approved relationship is not excluded by nonpreference/synonym ambiguity. Not a new linguistic approval."
"482:3","ISSUES","مسائل","allowedForArToEn","","true","Product-policy migration: valid approved relationship is not excluded by nonpreference/synonym ambiguity. Not a new linguistic approval."
"482:4","ISSUES","مشكلات","allowedForArToEn","","true","Product-policy migration: valid approved relationship is not excluded by nonpreference/synonym ambiguity. Not a new linguistic approval."
"484:1","NEVER","أبداً","allowedForArToEn","","true","Product-policy migration: valid approved relationship is not excluded by nonpreference/synonym ambiguity. Not a new linguistic approval."
"485:1","USERS","مستخدمون","allowedForArToEn","","true","Product-policy migration: valid approved relationship is not excluded by nonpreference/synonym ambiguity. Not a new linguistic approval."
"486:0","COMPLETE","كامل","allowedForArToEn","","true","Product-policy migration: valid approved relationship is not excluded by nonpreference/synonym ambiguity. Not a new linguistic approval."
"486:2","COMPLETE","كاملة","allowedForArToEn","","true","Product-policy migration: valid approved relationship is not excluded by nonpreference/synonym ambiguity. Not a new linguistic approval."
"487:0","STREET","ستريت","allowedForEnToAr","","false","Preserve earlier intentional exclusion of a nonapproved relationship, independently of preference."
"487:0","STREET","ستريت","allowedForArToEn","","false","Preserve earlier intentional exclusion of a nonapproved relationship, independently of preference."
"488:0","TOPIC","الموضوع","allowedForArToEn","","true","Product-policy migration: valid approved relationship is not excluded by nonpreference/synonym ambiguity. Not a new linguistic approval."
"488:1","TOPIC","موضوع","allowedForArToEn","","true","Product-policy migration: valid approved relationship is not excluded by nonpreference/synonym ambiguity. Not a new linguistic approval."
"489:0","COMMENT","التعليق","allowedForArToEn","","true","Product-policy migration: valid approved relationship is not excluded by nonpreference/synonym ambiguity. Not a new linguistic approval."
"489:1","COMMENT","تعليق","allowedForArToEn","","true","Product-policy migration: valid approved relationship is not excluded by nonpreference/synonym ambiguity. Not a new linguistic approval."
"489:2","COMMENT","علق","allowedForArToEn","","true","Product-policy migration: valid approved relationship is not excluded by nonpreference/synonym ambiguity. Not a new linguistic approval."
"490:0","FINANCIAL","مالي","allowedForArToEn","","true","Product-policy migration: valid approved relationship is not excluded by nonpreference/synonym ambiguity. Not a new linguistic approval."
"490:1","FINANCIAL","مالية","allowedForArToEn","","true","Product-policy migration: valid approved relationship is not excluded by nonpreference/synonym ambiguity. Not a new linguistic approval."
"490:2","FINANCIAL","المالية","allowedForArToEn","","true","Product-policy migration: valid approved relationship is not excluded by nonpreference/synonym ambiguity. Not a new linguistic approval."
"492:0","WORKING","يعمل","allowedForArToEn","","true","Product-policy migration: valid approved relationship is not excluded by nonpreference/synonym ambiguity. Not a new linguistic approval."
"492:1","WORKING","اعمل","allowedForEnToAr","","false","Preserve earlier intentional exclusion of a nonapproved relationship, independently of preference."
"492:1","WORKING","اعمل","allowedForArToEn","","false","Preserve earlier intentional exclusion of a nonapproved relationship, independently of preference."
"493:0","AGAINST","ضد","allowedForArToEn","","true","Product-policy migration: valid approved relationship is not excluded by nonpreference/synonym ambiguity. Not a new linguistic approval."
"494:1","STANDARD","المعيار","allowedForArToEn","","true","Product-policy migration: valid approved relationship is not excluded by nonpreference/synonym ambiguity. Not a new linguistic approval."
"494:2","STANDARD","معيار","allowedForArToEn","","true","Product-policy migration: valid approved relationship is not excluded by nonpreference/synonym ambiguity. Not a new linguistic approval."
"495:0","TAX","ضريبي","allowedForEnToAr","","false","Preserve earlier intentional exclusion of a nonapproved relationship, independently of preference."
"495:0","TAX","ضريبي","allowedForArToEn","","false","Preserve earlier intentional exclusion of a nonapproved relationship, independently of preference."
"495:1","TAX","ضرائب","allowedForEnToAr","","false","Preserve earlier intentional exclusion of a nonapproved relationship, independently of preference."
"495:1","TAX","ضرائب","allowedForArToEn","","false","Preserve earlier intentional exclusion of a nonapproved relationship, independently of preference."
"495:2","TAX","الضرائب","allowedForEnToAr","","false","Preserve earlier intentional exclusion of a nonapproved relationship, independently of preference."
"495:2","TAX","الضرائب","allowedForArToEn","","false","Preserve earlier intentional exclusion of a nonapproved relationship, independently of preference."
"495:3","TAX","الضريبة","allowedForArToEn","","true","Product-policy migration: valid approved relationship is not excluded by nonpreference/synonym ambiguity. Not a new linguistic approval."
"495:4","TAX","ضريبة","allowedForArToEn","","true","Product-policy migration: valid approved relationship is not excluded by nonpreference/synonym ambiguity. Not a new linguistic approval."
"496:1","PERSON","الشخص","allowedForArToEn","","true","Product-policy migration: valid approved relationship is not excluded by nonpreference/synonym ambiguity. Not a new linguistic approval."
"497:0","BELOW","تحت","allowedForArToEn","","true","Product-policy migration: valid approved relationship is not excluded by nonpreference/synonym ambiguity. Not a new linguistic approval."
"499:1","LESS","أقل","allowedForArToEn","","true","Product-policy migration: valid approved relationship is not excluded by nonpreference/synonym ambiguity. Not a new linguistic approval."
"501:1","BLOG","مدونة","allowedForArToEn","","true","Product-policy migration: valid approved relationship is not excluded by nonpreference/synonym ambiguity. Not a new linguistic approval."
"501:2","BLOG","المدونة","allowedForArToEn","","true","Product-policy migration: valid approved relationship is not excluded by nonpreference/synonym ambiguity. Not a new linguistic approval."
"502:1","PARTY","الطرف","allowedForArToEn","","true","Product-policy migration: valid approved relationship is not excluded by nonpreference/synonym ambiguity. Not a new linguistic approval."
"502:3","PARTY","حفل","allowedForArToEn","","true","Product-policy migration: valid approved relationship is not excluded by nonpreference/synonym ambiguity. Not a new linguistic approval."
"503:0","PAYMENT","الدفع","allowedForArToEn","","true","Product-policy migration: valid approved relationship is not excluded by nonpreference/synonym ambiguity. Not a new linguistic approval."
"503:1","PAYMENT","السداد","allowedForArToEn","","true","Product-policy migration: valid approved relationship is not excluded by nonpreference/synonym ambiguity. Not a new linguistic approval."
"503:2","PAYMENT","دفعة","allowedForArToEn","","true","Product-policy migration: valid approved relationship is not excluded by nonpreference/synonym ambiguity. Not a new linguistic approval."
"503:3","PAYMENT","الدفعة","allowedForArToEn","","true","Product-policy migration: valid approved relationship is not excluded by nonpreference/synonym ambiguity. Not a new linguistic approval."
"503:4","PAYMENT","دفع","allowedForArToEn","","true","Product-policy migration: valid approved relationship is not excluded by nonpreference/synonym ambiguity. Not a new linguistic approval."
"504:0","EQUIPMENT","المعدات","allowedForArToEn","","true","Product-policy migration: valid approved relationship is not excluded by nonpreference/synonym ambiguity. Not a new linguistic approval."
"504:1","EQUIPMENT","معدات","allowedForArToEn","","true","Product-policy migration: valid approved relationship is not excluded by nonpreference/synonym ambiguity. Not a new linguistic approval."
"505:0","LOGIN","تسجيل الدخول","allowedForArToEn","","true","Product-policy migration: valid approved relationship is not excluded by nonpreference/synonym ambiguity. Not a new linguistic approval."
"506:2","STUDENT","تلميذ","allowedForArToEn","","true","Product-policy migration: valid approved relationship is not excluded by nonpreference/synonym ambiguity. Not a new linguistic approval."
"506:4","STUDENT","التلميذ","allowedForArToEn","","true","Product-policy migration: valid approved relationship is not excluded by nonpreference/synonym ambiguity. Not a new linguistic approval."
"507:0","LET","فل","allowedForEnToAr","","false","Preserve earlier intentional exclusion of a nonapproved relationship, independently of preference."
"507:0","LET","فل","allowedForArToEn","","false","Preserve earlier intentional exclusion of a nonapproved relationship, independently of preference."
"508:0","PROGRAMS","برامج","allowedForArToEn","","true","Product-policy migration: valid approved relationship is not excluded by nonpreference/synonym ambiguity. Not a new linguistic approval."
"508:1","PROGRAMS","البرامج","allowedForArToEn","","true","Product-policy migration: valid approved relationship is not excluded by nonpreference/synonym ambiguity. Not a new linguistic approval."
"509:0","OFFERS","عروض","allowedForArToEn","","true","Product-policy migration: valid approved relationship is not excluded by nonpreference/synonym ambiguity. Not a new linguistic approval."
"509:1","OFFERS","العروض","allowedForArToEn","","true","Product-policy migration: valid approved relationship is not excluded by nonpreference/synonym ambiguity. Not a new linguistic approval."
"510:0","LEGAL","قانوني","allowedForArToEn","","true","Product-policy migration: valid approved relationship is not excluded by nonpreference/synonym ambiguity. Not a new linguistic approval."
"510:2","LEGAL","القانوني","allowedForArToEn","","true","Product-policy migration: valid approved relationship is not excluded by nonpreference/synonym ambiguity. Not a new linguistic approval."
"512:0","RECENT","حديثة","allowedForArToEn","","true","Product-policy migration: valid approved relationship is not excluded by nonpreference/synonym ambiguity. Not a new linguistic approval."
"512:1","RECENT","الأخيرة","allowedForEnToAr","","false","Preserve earlier intentional exclusion of a nonapproved relationship, independently of preference."
"512:1","RECENT","الأخيرة","allowedForArToEn","","false","Preserve earlier intentional exclusion of a nonapproved relationship, independently of preference."
"513:0","PARK","حديقة","allowedForArToEn","","true","Product-policy migration: valid approved relationship is not excluded by nonpreference/synonym ambiguity. Not a new linguistic approval."
"514:0","STORES","متاجر","allowedForArToEn","","true","Product-policy migration: valid approved relationship is not excluded by nonpreference/synonym ambiguity. Not a new linguistic approval."
"514:1","STORES","المخازن","allowedForArToEn","","true","Product-policy migration: valid approved relationship is not excluded by nonpreference/synonym ambiguity. Not a new linguistic approval."
"514:2","STORES","محلات","allowedForArToEn","","true","Product-policy migration: valid approved relationship is not excluded by nonpreference/synonym ambiguity. Not a new linguistic approval."
"514:3","STORES","المتاجر","allowedForArToEn","","true","Product-policy migration: valid approved relationship is not excluded by nonpreference/synonym ambiguity. Not a new linguistic approval."
"514:4","STORES","مخازن","allowedForArToEn","","true","Product-policy migration: valid approved relationship is not excluded by nonpreference/synonym ambiguity. Not a new linguistic approval."
"515:0","SIDE","جانب","allowedForArToEn","","true","Product-policy migration: valid approved relationship is not excluded by nonpreference/synonym ambiguity. Not a new linguistic approval."
"515:2","SIDE","الجانب","allowedForArToEn","","true","Product-policy migration: valid approved relationship is not excluded by nonpreference/synonym ambiguity. Not a new linguistic approval."
"516:0","ACT","التصرف","allowedForArToEn","","true","Product-policy migration: valid approved relationship is not excluded by nonpreference/synonym ambiguity. Not a new linguistic approval."
"516:1","ACT","الفعل","allowedForArToEn","","true","Product-policy migration: valid approved relationship is not excluded by nonpreference/synonym ambiguity. Not a new linguistic approval."
"516:3","ACT","تصرف","allowedForArToEn","","true","Product-policy migration: valid approved relationship is not excluded by nonpreference/synonym ambiguity. Not a new linguistic approval."
"517:0","PROBLEM","مشكلة","allowedForArToEn","","true","Product-policy migration: valid approved relationship is not excluded by nonpreference/synonym ambiguity. Not a new linguistic approval."
"517:1","PROBLEM","المشكلة","allowedForArToEn","","true","Product-policy migration: valid approved relationship is not excluded by nonpreference/synonym ambiguity. Not a new linguistic approval."
"520:1","MEMORY","الذكرى","allowedForArToEn","","true","Product-policy migration: valid approved relationship is not excluded by nonpreference/synonym ambiguity. Not a new linguistic approval."
"520:3","MEMORY","ذكرى","allowedForArToEn","","true","Product-policy migration: valid approved relationship is not excluded by nonpreference/synonym ambiguity. Not a new linguistic approval."
"521:2","PERFORMANCE","الأداء","allowedForArToEn","","true","Product-policy migration: valid approved relationship is not excluded by nonpreference/synonym ambiguity. Not a new linguistic approval."
"524:0","QUOTE","اقتبس","allowedForArToEn","","true","Product-policy migration: valid approved relationship is not excluded by nonpreference/synonym ambiguity. Not a new linguistic approval."
"524:1","QUOTE","اقتباس","allowedForArToEn","","true","Product-policy migration: valid approved relationship is not excluded by nonpreference/synonym ambiguity. Not a new linguistic approval."
"524:2","QUOTE","الاقتباس","allowedForArToEn","","true","Product-policy migration: valid approved relationship is not excluded by nonpreference/synonym ambiguity. Not a new linguistic approval."
"526:2","STORY","حكاية","allowedForArToEn","","true","Product-policy migration: valid approved relationship is not excluded by nonpreference/synonym ambiguity. Not a new linguistic approval."
