"sourceId","originalDecision","revisedDecision","reason","confidence"
"1783:0","{""headwordIndex"":1783,""translationIndex"":0,""english"":""WHOSE"",""original"":""الذين"",""status"":""rejected"",""register"":""msa"",""confidence"":""high"",""allowedForEnToAr"":false,""allowedForArToEn"":false,""preferredForEnToAr"":false,""preferredForArToEn"":false,""partOfSpeech"":""pronoun"",""reasonCode"":""wrong-or-corrupt-relationship"",""reason"":""WHOSE — الذين: الذين is a nonpossessive plural relative pronoun. Whose introduces possession; the supplied form omits that essential relation. Second pass: The relative pronoun omits the possession relation required by whose. A full sentence could add possession elsewhere, but the standalone relationship lacks it."",""reviewer"":""AI-assisted linguistic review"",""sources"":[]}","{""headwordIndex"":1783,""translationIndex"":0,""english"":""WHOSE"",""original"":""الذين"",""status"":""rejected"",""register"":""msa"",""confidence"":""high"",""allowedForEnToAr"":false,""allowedForArToEn"":false,""preferredForEnToAr"":false,""preferredForArToEn"":false,""partOfSpeech"":""pronoun"",""reasonCode"":""batch005-qa-independent-pass"",""reason"":""The supplied relative pronoun lacks the possession relation expressed by whose."",""reviewer"":""AI-assisted linguistic review"",""sources"":[]}","The supplied relative pronoun lacks the possession relation expressed by whose.","high"
"6749:0","{""headwordIndex"":6749,""translationIndex"":0,""english"":""UNCLE"",""original"":""عمو"",""status"":""rejected"",""register"":""dialect"",""confidence"":""high"",""allowedForEnToAr"":false,""allowedForArToEn"":false,""preferredForEnToAr"":false,""preferredForArToEn"":false,""partOfSpeech"":""noun"",""reasonCode"":""dialect"",""reason"":""UNCLE — عمو: عمو is a colloquial/familiar uncle address form; standard عم is separately preserved and approved. Second pass: The familiar vocative عمو is colloquial. The natural MSA عم relationship already remains separately available."",""reviewer"":""AI-assisted linguistic review"",""sources"":[]}","{""headwordIndex"":6749,""translationIndex"":0,""english"":""UNCLE"",""original"":""عمو"",""status"":""rejected"",""register"":""dialect"",""confidence"":""high"",""allowedForEnToAr"":false,""allowedForArToEn"":false,""preferredForEnToAr"":false,""preferredForArToEn"":false,""partOfSpeech"":""noun"",""reasonCode"":""batch005-qa-independent-pass"",""reason"":""This familiar uncle address is colloquial; standard عم remains a separate valid relationship."",""reviewer"":""AI-assisted linguistic review"",""sources"":[]}","This familiar uncle address is colloquial; standard عم remains a separate valid relationship.","high"
"5024:0","{""headwordIndex"":5024,""translationIndex"":0,""english"":""LIVER"",""original"":""كب"",""status"":""rejected"",""register"":""msa"",""confidence"":""high"",""allowedForEnToAr"":false,""allowedForArToEn"":false,""preferredForEnToAr"":false,""preferredForArToEn"":false,""partOfSpeech"":""uncertain"",""reasonCode"":""wrong-or-corrupt-relationship"",""reason"":""LIVER — كب: كب is a verb such as poured/toppled, not the organ liver; deletion of د creates a different word. Second pass: The truncated spelling names no liver-organ sense. Under a standard Arabic reading it is an unrelated pouring/toppling verb."",""reviewer"":""AI-assisted linguistic review"",""sources"":[]}","{""headwordIndex"":5024,""translationIndex"":0,""english"":""LIVER"",""original"":""كب"",""status"":""rejected"",""register"":""msa"",""confidence"":""high"",""allowedForEnToAr"":false,""allowedForArToEn"":false,""preferredForEnToAr"":false,""preferredForArToEn"":false,""partOfSpeech"":""uncertain"",""reasonCode"":""batch005-qa-independent-pass"",""reason"":""The truncated word has no supported organ sense; POS for the intended relationship is unresolved."",""reviewer"":""AI-assisted linguistic review"",""sources"":[]}","The truncated word has no supported organ sense; POS for the intended relationship is unresolved.","high"
"2717:1","{""headwordIndex"":2717,""translationIndex"":1,""english"":""HIDE"",""original"":""تبي"",""status"":""rejected"",""register"":""dialect"",""confidence"":""high"",""allowedForEnToAr"":false,""allowedForArToEn"":false,""preferredForEnToAr"":false,""preferredForArToEn"":false,""partOfSpeech"":""verb"",""reasonCode"":""dialect"",""reason"":""HIDE — تبي: تبي is a Gulf colloquial want expression, not MSA hide. Preserve but reject this relationship for dialect and meaning. Second pass: The Gulf colloquial verb means want, not hide. Both non-MSA register and wrong meaning support exclusion without rewriting."",""reviewer"":""AI-assisted linguistic review"",""sources"":[]}","{""headwordIndex"":2717,""translationIndex"":1,""english"":""HIDE"",""original"":""تبي"",""status"":""rejected"",""register"":""dialect"",""confidence"":""high"",""allowedForEnToAr"":false,""allowedForArToEn"":false,""preferredForEnToAr"":false,""preferredForArToEn"":false,""partOfSpeech"":""verb"",""reasonCode"":""batch005-qa-independent-pass"",""reason"":""The Gulf want expression is neither MSA nor a translation of hide."",""reviewer"":""AI-assisted linguistic review"",""sources"":[]}","The Gulf want expression is neither MSA nor a translation of hide.","high"
"2452:2","{""headwordIndex"":2452,""translationIndex"":2,""english"":""BATH"",""original"":""باث"",""status"":""review"",""register"":""uncertain"",""confidence"":""medium"",""allowedForEnToAr"":null,""allowedForArToEn"":null,""preferredForEnToAr"":null,""preferredForArToEn"":null,""partOfSpeech"":""uncertain"",""reasonCode"":""register-review"",""reason"":""BATH — باث: Register or status of this borrowing/form needs evidence. Neither automatic dialect rejection nor unsupported MSA approval."",""reviewer"":""AI-assisted linguistic review"",""sources"":[]}","{""headwordIndex"":2452,""translationIndex"":2,""english"":""BATH"",""original"":""باث"",""status"":""review"",""register"":""uncertain"",""confidence"":""medium"",""allowedForEnToAr"":null,""allowedForArToEn"":null,""preferredForEnToAr"":null,""preferredForArToEn"":null,""partOfSpeech"":""uncertain"",""reasonCode"":""batch005-qa-independent-pass"",""reason"":""A Bath name transliteration does not supply the ordinary bathing noun."",""reviewer"":""AI-assisted linguistic review"",""sources"":[]}","A Bath name transliteration does not supply the ordinary bathing noun.","high"
"3859:1","{""headwordIndex"":3859,""translationIndex"":1,""english"":""STEREO"",""original"":""ستيريو"",""status"":""review"",""register"":""uncertain"",""confidence"":""medium"",""allowedForEnToAr"":null,""allowedForArToEn"":null,""preferredForEnToAr"":null,""preferredForArToEn"":null,""partOfSpeech"":""noun"",""reasonCode"":""register-review"",""reason"":""STEREO — ستيريو: Register or status of this borrowing/form needs evidence. Neither automatic dialect rejection nor unsupported MSA approval."",""reviewer"":""AI-assisted linguistic review"",""sources"":[]}","{""headwordIndex"":3859,""translationIndex"":1,""english"":""STEREO"",""original"":""ستيريو"",""status"":""review"",""register"":""uncertain"",""confidence"":""medium"",""allowedForEnToAr"":null,""allowedForArToEn"":null,""preferredForEnToAr"":null,""preferredForArToEn"":null,""partOfSpeech"":""noun"",""reasonCode"":""batch005-qa-independent-pass"",""reason"":""The sound-system borrowing is recognizable, but this pass does not establish its standalone MSA register convention."",""reviewer"":""AI-assisted linguistic review"",""sources"":[]}","The sound-system borrowing is recognizable, but this pass does not establish its standalone MSA register convention.","high"
"2483:0","{""headwordIndex"":2483,""translationIndex"":0,""english"":""BETA"",""original"":""بيتا"",""status"":""review"",""register"":""uncertain"",""confidence"":""medium"",""allowedForEnToAr"":null,""allowedForArToEn"":null,""preferredForEnToAr"":null,""preferredForArToEn"":null,""partOfSpeech"":""noun"",""reasonCode"":""register-review"",""reason"":""BETA — بيتا: Register or status of this borrowing/form needs evidence. Neither automatic dialect rejection nor unsupported MSA approval."",""reviewer"":""AI-assisted linguistic review"",""sources"":[]}","{""headwordIndex"":2483,""translationIndex"":0,""english"":""BETA"",""original"":""بيتا"",""status"":""review"",""register"":""uncertain"",""confidence"":""medium"",""allowedForEnToAr"":null,""allowedForArToEn"":null,""preferredForEnToAr"":null,""preferredForArToEn"":null,""partOfSpeech"":""noun"",""reasonCode"":""batch005-qa-independent-pass"",""reason"":""The Greek-letter borrowing is plausible; retain review pending register/learner-scope evidence rather than automatic approval."",""reviewer"":""AI-assisted linguistic review"",""sources"":[]}","The Greek-letter borrowing is plausible; retain review pending register/learner-scope evidence rather than automatic approval.","high"
"3809:0","{""headwordIndex"":3809,""translationIndex"":0,""english"":""GRACE"",""original"":""جريس"",""status"":""review"",""register"":""uncertain"",""confidence"":""medium"",""allowedForEnToAr"":null,""allowedForArToEn"":null,""preferredForEnToAr"":null,""preferredForArToEn"":null,""partOfSpeech"":""uncertain"",""reasonCode"":""register-review"",""reason"":""GRACE — جريس: Register or status of this borrowing/form needs evidence. Neither automatic dialect rejection nor unsupported MSA approval."",""reviewer"":""AI-assisted linguistic review"",""sources"":[]}","{""headwordIndex"":3809,""translationIndex"":0,""english"":""GRACE"",""original"":""جريس"",""status"":""review"",""register"":""uncertain"",""confidence"":""medium"",""allowedForEnToAr"":null,""allowedForArToEn"":null,""preferredForEnToAr"":null,""preferredForArToEn"":null,""partOfSpeech"":""uncertain"",""reasonCode"":""batch005-qa-independent-pass"",""reason"":""This reads a name transliteration, not the grace/blessing noun."",""reviewer"":""AI-assisted linguistic review"",""sources"":[]}","This reads a name transliteration, not the grace/blessing noun.","high"
"2400:1","{""headwordIndex"":2400,""translationIndex"":1,""english"":""ANIME"",""original"":""أنيمي"",""status"":""review"",""register"":""uncertain"",""confidence"":""medium"",""allowedForEnToAr"":null,""allowedForArToEn"":null,""preferredForEnToAr"":null,""preferredForArToEn"":null,""partOfSpeech"":""noun"",""reasonCode"":""register-review"",""reason"":""ANIME — أنيمي: Register or status of this borrowing/form needs evidence. Neither automatic dialect rejection nor unsupported MSA approval."",""reviewer"":""AI-assisted linguistic review"",""sources"":[]}","{""headwordIndex"":2400,""translationIndex"":1,""english"":""ANIME"",""original"":""أنيمي"",""status"":""review"",""register"":""uncertain"",""confidence"":""medium"",""allowedForEnToAr"":null,""allowedForArToEn"":null,""preferredForEnToAr"":null,""preferredForArToEn"":null,""partOfSpeech"":""noun"",""reasonCode"":""batch005-qa-independent-pass"",""reason"":""The borrowed genre spelling needs register/orthographic support, not automatic dialect rejection."",""reviewer"":""AI-assisted linguistic review"",""sources"":[]}","The borrowed genre spelling needs register/orthographic support, not automatic dialect rejection.","high"
"2158:0","{""headwordIndex"":2158,""translationIndex"":0,""english"":""CAMP"",""original"":""كامب"",""status"":""review"",""register"":""uncertain"",""confidence"":""medium"",""allowedForEnToAr"":null,""allowedForArToEn"":null,""preferredForEnToAr"":null,""preferredForArToEn"":null,""partOfSpeech"":""uncertain"",""reasonCode"":""register-review"",""reason"":""CAMP — كامب: Register or status of this borrowing/form needs evidence. Neither automatic dialect rejection nor unsupported MSA approval."",""reviewer"":""AI-assisted linguistic review"",""sources"":[]}","{""headwordIndex"":2158,""translationIndex"":0,""english"":""CAMP"",""original"":""كامب"",""status"":""review"",""register"":""uncertain"",""confidence"":""medium"",""allowedForEnToAr"":null,""allowedForArToEn"":null,""preferredForEnToAr"":null,""preferredForArToEn"":null,""partOfSpeech"":""uncertain"",""reasonCode"":""batch005-qa-independent-pass"",""reason"":""The transliteration is not established as a natural MSA camp noun."",""reviewer"":""AI-assisted linguistic review"",""sources"":[]}","The transliteration is not established as a natural MSA camp noun.","high"
"7061:2","{""headwordIndex"":7061,""translationIndex"":2,""english"":""OOPS"",""original"":""أوبس"",""status"":""review"",""register"":""uncertain"",""confidence"":""medium"",""allowedForEnToAr"":null,""allowedForArToEn"":null,""preferredForEnToAr"":null,""preferredForArToEn"":null,""partOfSpeech"":""interjection"",""reasonCode"":""register-review"",""reason"":""OOPS — أوبس: Register or status of this borrowing/form needs evidence. Neither automatic dialect rejection nor unsupported MSA approval."",""reviewer"":""AI-assisted linguistic review"",""sources"":[]}","{""headwordIndex"":7061,""translationIndex"":2,""english"":""OOPS"",""original"":""أوبس"",""status"":""review"",""register"":""uncertain"",""confidence"":""medium"",""allowedForEnToAr"":null,""allowedForArToEn"":null,""preferredForEnToAr"":null,""preferredForArToEn"":null,""partOfSpeech"":""interjection"",""reasonCode"":""batch005-qa-independent-pass"",""reason"":""The borrowed interjection is familiar but MSA register remains unresolved."",""reviewer"":""AI-assisted linguistic review"",""sources"":[]}","The borrowed interjection is familiar but MSA register remains unresolved.","high"
"2212:2","{""headwordIndex"":2212,""translationIndex"":2,""english"":""FORT"",""original"":""فورت"",""status"":""review"",""register"":""uncertain"",""confidence"":""medium"",""allowedForEnToAr"":null,""allowedForArToEn"":null,""preferredForEnToAr"":null,""preferredForArToEn"":null,""partOfSpeech"":""uncertain"",""reasonCode"":""register-review"",""reason"":""FORT — فورت: Register or status of this borrowing/form needs evidence. Neither automatic dialect rejection nor unsupported MSA approval."",""reviewer"":""AI-assisted linguistic review"",""sources"":[]}","{""headwordIndex"":2212,""translationIndex"":2,""english"":""FORT"",""original"":""فورت"",""status"":""review"",""register"":""uncertain"",""confidence"":""medium"",""allowedForEnToAr"":null,""allowedForArToEn"":null,""preferredForEnToAr"":null,""preferredForArToEn"":null,""partOfSpeech"":""uncertain"",""reasonCode"":""batch005-qa-independent-pass"",""reason"":""Name-like transliteration does not establish a natural MSA fortress noun."",""reviewer"":""AI-assisted linguistic review"",""sources"":[]}","Name-like transliteration does not establish a natural MSA fortress noun.","high"
"5528:4","{""headwordIndex"":5528,""translationIndex"":4,""english"":""RAT"",""original"":""فأر"",""status"":""review"",""register"":""msa"",""confidence"":""medium"",""allowedForEnToAr"":null,""allowedForArToEn"":null,""preferredForEnToAr"":null,""preferredForArToEn"":null,""partOfSpeech"":""noun"",""reasonCode"":""construction-or-sense-review"",""reason"":""RAT — فأر: فأر most directly supplies mouse; broader rodent usage needs evidence before approval as rat."",""reviewer"":""AI-assisted linguistic review"",""sources"":[]}","{""headwordIndex"":5528,""translationIndex"":4,""english"":""RAT"",""original"":""فأر"",""status"":""review"",""register"":""msa"",""confidence"":""medium"",""allowedForEnToAr"":null,""allowedForArToEn"":null,""preferredForEnToAr"":null,""preferredForArToEn"":null,""partOfSpeech"":""noun"",""reasonCode"":""batch005-qa-independent-pass"",""reason"":""Mouse versus rat is a real learner distinction; broader rodent usage remains unresolved."",""reviewer"":""AI-assisted linguistic review"",""sources"":[]}","Mouse versus rat is a real learner distinction; broader rodent usage remains unresolved.","high"
"2914:0","{""headwordIndex"":2914,""translationIndex"":0,""english"":""LANE"",""original"":""لين"",""status"":""review"",""register"":""uncertain"",""confidence"":""medium"",""allowedForEnToAr"":null,""allowedForArToEn"":null,""preferredForEnToAr"":null,""preferredForArToEn"":null,""partOfSpeech"":""uncertain"",""reasonCode"":""register-review"",""reason"":""LANE — لين: Register or status of this borrowing/form needs evidence. Neither automatic dialect rejection nor unsupported MSA approval."",""reviewer"":""AI-assisted linguistic review"",""sources"":[]}","{""headwordIndex"":2914,""translationIndex"":0,""english"":""LANE"",""original"":""لين"",""status"":""review"",""register"":""uncertain"",""confidence"":""medium"",""allowedForEnToAr"":null,""allowedForArToEn"":null,""preferredForEnToAr"":null,""preferredForArToEn"":null,""partOfSpeech"":""uncertain"",""reasonCode"":""batch005-qa-independent-pass"",""reason"":""لين can express softness or a name; it does not establish the lane/roadway sense."",""reviewer"":""AI-assisted linguistic review"",""sources"":[]}","لين can express softness or a name; it does not establish the lane/roadway sense.","high"
"2267:2","{""headwordIndex"":2267,""translationIndex"":2,""english"":""FALLS"",""original"":""السقوط"",""status"":""review"",""register"":""msa"",""confidence"":""medium"",""allowedForEnToAr"":null,""allowedForArToEn"":null,""preferredForEnToAr"":null,""preferredForArToEn"":null,""partOfSpeech"":""noun"",""reasonCode"":""construction-or-sense-review"",""reason"":""FALLS — السقوط: Arabic is recognizable MSA, but this isolated relationship needs a supported construction/sense before approval; morphology alone is not rejection."",""reviewer"":""AI-assisted linguistic review"",""sources"":[]}","{""headwordIndex"":2267,""translationIndex"":2,""english"":""FALLS"",""original"":""السقوط"",""status"":""approved"",""register"":""msa"",""confidence"":""high"",""allowedForEnToAr"":true,""allowedForArToEn"":true,""preferredForEnToAr"":false,""preferredForArToEn"":false,""partOfSpeech"":""noun"",""sense"":""falling"",""reasonCode"":""batch005-qa-independent-pass"",""reason"":""Arabic السقوط naturally renders falls collectively, as in prevention of falls. Plural English versus Arabic action noun is not automatic exclusion; distinguish it from waterfalls."",""reviewer"":""AI-assisted linguistic review"",""sources"":[]}","Arabic السقوط naturally renders falls collectively, as in prevention of falls. Plural English versus Arabic action noun is not automatic exclusion; distinguish it from waterfalls.","high"
"1704:2","{""headwordIndex"":1704,""translationIndex"":2,""english"":""DETAIL"",""original"":""التفاصيل"",""status"":""review"",""register"":""msa"",""confidence"":""medium"",""allowedForEnToAr"":null,""allowedForArToEn"":null,""preferredForEnToAr"":null,""preferredForArToEn"":null,""partOfSpeech"":""noun"",""reasonCode"":""construction-or-sense-review"",""reason"":""DETAIL — التفاصيل: Arabic is recognizable MSA, but this isolated relationship needs a supported construction/sense before approval; morphology alone is not rejection."",""reviewer"":""AI-assisted linguistic review"",""sources"":[]}","{""headwordIndex"":1704,""translationIndex"":2,""english"":""DETAIL"",""original"":""التفاصيل"",""status"":""review"",""register"":""msa"",""confidence"":""medium"",""allowedForEnToAr"":null,""allowedForArToEn"":null,""preferredForEnToAr"":null,""preferredForArToEn"":null,""partOfSpeech"":""noun"",""reasonCode"":""batch005-qa-independent-pass"",""reason"":""The singular/uncountable detail versus plural details relationship needs a supported construction before approval."",""reviewer"":""AI-assisted linguistic review"",""sources"":[]}","The singular/uncountable detail versus plural details relationship needs a supported construction before approval.","high"
"1731:4","{""headwordIndex"":1731,""translationIndex"":4,""english"":""INSTALLATION"",""original"":""تركيب التثبيت"",""status"":""review"",""register"":""msa"",""confidence"":""high"",""allowedForEnToAr"":false,""allowedForArToEn"":false,""preferredForEnToAr"":false,""preferredForArToEn"":false,""partOfSpeech"":""noun"",""reasonCode"":""unsuitable-pending-review"",""reason"":""INSTALLATION — تركيب التثبيت: تركيب التثبيت is a redundant compound, not a clean standalone installation label."",""reviewer"":""AI-assisted linguistic review"",""sources"":[]}","{""headwordIndex"":1731,""translationIndex"":4,""english"":""INSTALLATION"",""original"":""تركيب التثبيت"",""status"":""review"",""register"":""msa"",""confidence"":""high"",""allowedForEnToAr"":false,""allowedForArToEn"":false,""preferredForEnToAr"":false,""preferredForArToEn"":false,""partOfSpeech"":""noun"",""reasonCode"":""batch005-qa-independent-pass"",""reason"":""The redundant installation compound is not a clean standalone label; preserve for review."",""reviewer"":""AI-assisted linguistic review"",""sources"":[]}","The redundant installation compound is not a clean standalone label; preserve for review.","high"
"2064:2","{""headwordIndex"":2064,""translationIndex"":2,""english"":""CLAIMS"",""original"":""2- المطالبات"",""status"":""review"",""register"":""msa"",""confidence"":""high"",""allowedForEnToAr"":false,""allowedForArToEn"":false,""preferredForEnToAr"":false,""preferredForArToEn"":false,""partOfSpeech"":""noun"",""reasonCode"":""unsuitable-pending-review"",""reason"":""CLAIMS — 2- المطالبات: The embedded 2- is an editorial enumeration marker, not part of the Arabic translation; do not silently strip it."",""reviewer"":""AI-assisted linguistic review"",""sources"":[]}","{""headwordIndex"":2064,""translationIndex"":2,""english"":""CLAIMS"",""original"":""2- المطالبات"",""status"":""review"",""register"":""msa"",""confidence"":""high"",""allowedForEnToAr"":false,""allowedForArToEn"":false,""preferredForEnToAr"":false,""preferredForArToEn"":false,""partOfSpeech"":""noun"",""reasonCode"":""batch005-qa-independent-pass"",""reason"":""The numbered editorial prefix is extraneous translation data; no silent stripping."",""reviewer"":""AI-assisted linguistic review"",""sources"":[]}","The numbered editorial prefix is extraneous translation data; no silent stripping.","high"
"3202:0","{""headwordIndex"":3202,""translationIndex"":0,""english"":""GENRE"",""original"":""النوع"",""status"":""review"",""register"":""msa"",""confidence"":""medium"",""allowedForEnToAr"":null,""allowedForArToEn"":null,""preferredForEnToAr"":null,""preferredForArToEn"":null,""partOfSpeech"":""noun"",""reasonCode"":""construction-or-sense-review"",""reason"":""GENRE — النوع: النوع broadly means type; an artistic genre context is needed before treating this as a direct learner clue."",""reviewer"":""AI-assisted linguistic review"",""sources"":[]}","{""headwordIndex"":3202,""translationIndex"":0,""english"":""GENRE"",""original"":""النوع"",""status"":""approved"",""register"":""msa"",""confidence"":""high"",""allowedForEnToAr"":true,""allowedForArToEn"":true,""preferredForEnToAr"":false,""preferredForArToEn"":false,""partOfSpeech"":""noun"",""reasonCode"":""batch005-qa-independent-pass"",""reason"":""النوع legitimately expresses genre as kind/type. A broader valid Arabic equivalent is acceptable with crossings; allow both ways without forcing preference."",""reviewer"":""AI-assisted linguistic review"",""sources"":[]}","النوع legitimately expresses genre as kind/type. A broader valid Arabic equivalent is acceptable with crossings; allow both ways without forcing preference.","high"
"2071:5","{""headwordIndex"":2071,""translationIndex"":5,""english"":""TOUCH"",""original"":""لمسة اللمس"",""status"":""review"",""register"":""msa"",""confidence"":""high"",""allowedForEnToAr"":false,""allowedForArToEn"":false,""preferredForEnToAr"":false,""preferredForArToEn"":false,""partOfSpeech"":""noun"",""reasonCode"":""unsuitable-pending-review"",""reason"":""TOUCH — لمسة اللمس: لمسة اللمس is a redundant genitive label rather than a natural standalone equivalent; preserve pending review."",""reviewer"":""AI-assisted linguistic review"",""sources"":[]}","{""headwordIndex"":2071,""translationIndex"":5,""english"":""TOUCH"",""original"":""لمسة اللمس"",""status"":""review"",""register"":""msa"",""confidence"":""high"",""allowedForEnToAr"":false,""allowedForArToEn"":false,""preferredForEnToAr"":false,""preferredForArToEn"":false,""partOfSpeech"":""noun"",""reasonCode"":""batch005-qa-independent-pass"",""reason"":""The redundant genitive touch label is not a natural isolated equivalent."",""reviewer"":""AI-assisted linguistic review"",""sources"":[]}","The redundant genitive touch label is not a natural isolated equivalent.","high"
"2166:2","{""headwordIndex"":2166,""translationIndex"":2,""english"":""FILL"",""original"":""املا"",""status"":""review"",""register"":""msa"",""confidence"":""medium"",""allowedForEnToAr"":null,""allowedForArToEn"":null,""preferredForEnToAr"":null,""preferredForArToEn"":null,""partOfSpeech"":""verb"",""reasonCode"":""orthography-review"",""reason"":""FILL — املا: Recognizable MSA expression with a spelling/hamza/letter or editorial defect. Preserve the original text and defer repair; not classified as dialect for spelling alone."",""reviewer"":""AI-assisted linguistic review"",""sources"":[]}","{""headwordIndex"":2166,""translationIndex"":2,""english"":""FILL"",""original"":""املا"",""status"":""review"",""register"":""msa"",""confidence"":""medium"",""allowedForEnToAr"":null,""allowedForArToEn"":null,""preferredForEnToAr"":null,""preferredForArToEn"":null,""partOfSpeech"":""verb"",""reasonCode"":""batch005-qa-independent-pass"",""reason"":""The intended fill imperative is recognizable, but its final hamza is missing."",""reviewer"":""AI-assisted linguistic review"",""sources"":[]}","The intended fill imperative is recognizable, but its final hamza is missing.","high"
"2808:1","{""headwordIndex"":2808,""translationIndex"":1,""english"":""IDEAL"",""original"":""ديال"",""status"":""review"",""register"":""msa"",""confidence"":""high"",""allowedForEnToAr"":false,""allowedForArToEn"":false,""preferredForEnToAr"":false,""preferredForArToEn"":false,""partOfSpeech"":""noun"",""reasonCode"":""unsuitable-pending-review"",""reason"":""IDEAL — ديال: ديال is not a clear MSA equivalent of ideal. Keep withheld pending identity/register clarification; no invented repair."",""reviewer"":""AI-assisted linguistic review"",""sources"":[]}","{""headwordIndex"":2808,""translationIndex"":1,""english"":""IDEAL"",""original"":""ديال"",""status"":""review"",""register"":""msa"",""confidence"":""high"",""allowedForEnToAr"":false,""allowedForArToEn"":false,""preferredForEnToAr"":false,""preferredForArToEn"":false,""partOfSpeech"":""noun"",""reasonCode"":""batch005-qa-independent-pass"",""reason"":""This is not an established MSA ideal equivalent; retain withheld without inventing a replacement."",""reviewer"":""AI-assisted linguistic review"",""sources"":[]}","This is not an established MSA ideal equivalent; retain withheld without inventing a replacement.","high"
"1784:0","{""headwordIndex"":1784,""translationIndex"":0,""english"":""COVERAGE"",""original"":""الشمول"",""status"":""review"",""register"":""msa"",""confidence"":""medium"",""allowedForEnToAr"":null,""allowedForArToEn"":null,""preferredForEnToAr"":null,""preferredForArToEn"":null,""partOfSpeech"":""noun"",""reasonCode"":""construction-or-sense-review"",""reason"":""COVERAGE — الشمول: الشمول means comprehensiveness/inclusion; coverage requires a supported context, unlike the direct التغطية."",""reviewer"":""AI-assisted linguistic review"",""sources"":[]}","{""headwordIndex"":1784,""translationIndex"":0,""english"":""COVERAGE"",""original"":""الشمول"",""status"":""review"",""register"":""msa"",""confidence"":""medium"",""allowedForEnToAr"":null,""allowedForArToEn"":null,""preferredForEnToAr"":null,""preferredForArToEn"":null,""partOfSpeech"":""noun"",""reasonCode"":""batch005-qa-independent-pass"",""reason"":""Comprehensiveness/inclusion is not necessarily coverage; a construction is needed."",""reviewer"":""AI-assisted linguistic review"",""sources"":[]}","Comprehensiveness/inclusion is not necessarily coverage; a construction is needed.","high"
"1758:0","{""headwordIndex"":1758,""translationIndex"":0,""english"":""OLDER"",""original"":""الاقدم"",""status"":""review"",""register"":""msa"",""confidence"":""medium"",""allowedForEnToAr"":null,""allowedForArToEn"":null,""preferredForEnToAr"":null,""preferredForArToEn"":null,""partOfSpeech"":""adjective"",""reasonCode"":""orthography-review"",""reason"":""OLDER — الاقدم: Recognizable MSA expression with a spelling/hamza/letter or editorial defect. Preserve the original text and defer repair; not classified as dialect for spelling alone."",""reviewer"":""AI-assisted linguistic review"",""sources"":[]}","{""headwordIndex"":1758,""translationIndex"":0,""english"":""OLDER"",""original"":""الاقدم"",""status"":""review"",""register"":""msa"",""confidence"":""medium"",""allowedForEnToAr"":null,""allowedForArToEn"":null,""preferredForEnToAr"":null,""preferredForArToEn"":null,""partOfSpeech"":""adjective"",""reasonCode"":""batch005-qa-independent-pass"",""reason"":""Recognizable older/earlier adjective, but the initial hamza is missing."",""reviewer"":""AI-assisted linguistic review"",""sources"":[]}","Recognizable older/earlier adjective, but the initial hamza is missing.","high"
"5758:1","{""headwordIndex"":5758,""translationIndex"":1,""english"":""BOMB"",""original"":""بله"",""status"":""review"",""register"":""msa"",""confidence"":""high"",""allowedForEnToAr"":false,""allowedForArToEn"":false,""preferredForEnToAr"":false,""preferredForArToEn"":false,""partOfSpeech"":""uncertain"",""reasonCode"":""unsuitable-pending-review"",""reason"":""BOMB — بله: بله is not an established bomb equivalent; preserve the unidentified/corrupted form withheld."",""reviewer"":""AI-assisted linguistic review"",""sources"":[]}","{""headwordIndex"":5758,""translationIndex"":1,""english"":""BOMB"",""original"":""بله"",""status"":""review"",""register"":""msa"",""confidence"":""high"",""allowedForEnToAr"":false,""allowedForArToEn"":false,""preferredForEnToAr"":false,""preferredForArToEn"":false,""partOfSpeech"":""uncertain"",""reasonCode"":""batch005-qa-independent-pass"",""reason"":""The supplied form does not establish a bomb meaning or a secure register."",""reviewer"":""AI-assisted linguistic review"",""sources"":[]}","The supplied form does not establish a bomb meaning or a secure register.","high"
"2341:0","{""headwordIndex"":2341,""translationIndex"":0,""english"":""REVENUE"",""original"":""ايرادات"",""status"":""review"",""register"":""msa"",""confidence"":""medium"",""allowedForEnToAr"":null,""allowedForArToEn"":null,""preferredForEnToAr"":null,""preferredForArToEn"":null,""partOfSpeech"":""noun"",""reasonCode"":""orthography-review"",""reason"":""REVENUE — ايرادات: Recognizable MSA expression with a spelling/hamza/letter or editorial defect. Preserve the original text and defer repair; not classified as dialect for spelling alone."",""reviewer"":""AI-assisted linguistic review"",""sources"":[]}","{""headwordIndex"":2341,""translationIndex"":0,""english"":""REVENUE"",""original"":""ايرادات"",""status"":""review"",""register"":""msa"",""confidence"":""medium"",""allowedForEnToAr"":null,""allowedForArToEn"":null,""preferredForEnToAr"":null,""preferredForArToEn"":null,""partOfSpeech"":""noun"",""reasonCode"":""batch005-qa-independent-pass"",""reason"":""The revenue plural has omitted initial hamza; preserve for orthographic review."",""reviewer"":""AI-assisted linguistic review"",""sources"":[]}","The revenue plural has omitted initial hamza; preserve for orthographic review.","high"
"6580:1","{""headwordIndex"":6580,""translationIndex"":1,""english"":""BUTLER"",""original"":""بتلر"",""status"":""review"",""register"":""uncertain"",""confidence"":""medium"",""allowedForEnToAr"":null,""allowedForArToEn"":null,""preferredForEnToAr"":null,""preferredForArToEn"":null,""partOfSpeech"":""uncertain"",""reasonCode"":""register-review"",""reason"":""BUTLER — بتلر: Register or status of this borrowing/form needs evidence. Neither automatic dialect rejection nor unsupported MSA approval."",""reviewer"":""AI-assisted linguistic review"",""sources"":[]}","{""headwordIndex"":6580,""translationIndex"":1,""english"":""BUTLER"",""original"":""بتلر"",""status"":""review"",""register"":""uncertain"",""confidence"":""medium"",""allowedForEnToAr"":null,""allowedForArToEn"":null,""preferredForEnToAr"":null,""preferredForArToEn"":null,""partOfSpeech"":""uncertain"",""reasonCode"":""batch005-qa-independent-pass"",""reason"":""Name-like borrowing does not establish the domestic-service role in natural MSA."",""reviewer"":""AI-assisted linguistic review"",""sources"":[]}","Name-like borrowing does not establish the domestic-service role in natural MSA.","high"
"2140:3","{""headwordIndex"":2140,""translationIndex"":3,""english"":""SORRY"",""original"":""آسفه"",""status"":""review"",""register"":""msa"",""confidence"":""medium"",""allowedForEnToAr"":null,""allowedForArToEn"":null,""preferredForEnToAr"":null,""preferredForArToEn"":null,""partOfSpeech"":""adjective"",""reasonCode"":""orthography-review"",""reason"":""SORRY — آسفه: Recognizable MSA expression with a spelling/hamza/letter or editorial defect. Preserve the original text and defer repair; not classified as dialect for spelling alone."",""reviewer"":""AI-assisted linguistic review"",""sources"":[]}","{""headwordIndex"":2140,""translationIndex"":3,""english"":""SORRY"",""original"":""آسفه"",""status"":""review"",""register"":""msa"",""confidence"":""medium"",""allowedForEnToAr"":null,""allowedForArToEn"":null,""preferredForEnToAr"":null,""preferredForArToEn"":null,""partOfSpeech"":""adjective"",""reasonCode"":""batch005-qa-independent-pass"",""reason"":""The final ه needs orthographic review for the feminine sorry adjective."",""reviewer"":""AI-assisted linguistic review"",""sources"":[]}","The final ه needs orthographic review for the feminine sorry adjective.","high"
"2001:1","{""headwordIndex"":2001,""translationIndex"":1,""english"":""ERRORS"",""original"":""اخطاء"",""status"":""review"",""register"":""msa"",""confidence"":""medium"",""allowedForEnToAr"":null,""allowedForArToEn"":null,""preferredForEnToAr"":null,""preferredForArToEn"":null,""partOfSpeech"":""noun"",""reasonCode"":""orthography-review"",""reason"":""ERRORS — اخطاء: Recognizable MSA expression with a spelling/hamza/letter or editorial defect. Preserve the original text and defer repair; not classified as dialect for spelling alone."",""reviewer"":""AI-assisted linguistic review"",""sources"":[]}","{""headwordIndex"":2001,""translationIndex"":1,""english"":""ERRORS"",""original"":""اخطاء"",""status"":""review"",""register"":""msa"",""confidence"":""medium"",""allowedForEnToAr"":null,""allowedForArToEn"":null,""preferredForEnToAr"":null,""preferredForArToEn"":null,""partOfSpeech"":""noun"",""reasonCode"":""batch005-qa-independent-pass"",""reason"":""The intended errors noun lacks the initial hamza."",""reviewer"":""AI-assisted linguistic review"",""sources"":[]}","The intended errors noun lacks the initial hamza.","high"
"2179:1","{""headwordIndex"":2179,""translationIndex"":1,""english"":""CLUBS"",""original"":""اندية"",""status"":""review"",""register"":""msa"",""confidence"":""medium"",""allowedForEnToAr"":null,""allowedForArToEn"":null,""preferredForEnToAr"":null,""preferredForArToEn"":null,""partOfSpeech"":""noun"",""reasonCode"":""orthography-review"",""reason"":""CLUBS — اندية: Recognizable MSA expression with a spelling/hamza/letter or editorial defect. Preserve the original text and defer repair; not classified as dialect for spelling alone."",""reviewer"":""AI-assisted linguistic review"",""sources"":[]}","{""headwordIndex"":2179,""translationIndex"":1,""english"":""CLUBS"",""original"":""اندية"",""status"":""review"",""register"":""msa"",""confidence"":""medium"",""allowedForEnToAr"":null,""allowedForArToEn"":null,""preferredForEnToAr"":null,""preferredForArToEn"":null,""partOfSpeech"":""noun"",""reasonCode"":""batch005-qa-independent-pass"",""reason"":""The clubs plural lacks the initial hamza."",""reviewer"":""AI-assisted linguistic review"",""sources"":[]}","The clubs plural lacks the initial hamza.","high"
"2533:0","{""headwordIndex"":2533,""translationIndex"":0,""english"":""SAMPLES"",""original"":""العينات"",""status"":""approved"",""register"":""msa"",""confidence"":""high"",""allowedForEnToAr"":true,""allowedForArToEn"":true,""preferredForEnToAr"":false,""preferredForArToEn"":false,""partOfSpeech"":""noun"",""reasonCode"":""valid-alternative"",""reason"":""SAMPLES — العينات: Valid natural MSA equivalent or grammatical/article variant. Allowed in both directions; nonpreference is not exclusion."",""reviewer"":""AI-assisted linguistic review"",""sources"":[]}","{""headwordIndex"":2533,""translationIndex"":0,""english"":""SAMPLES"",""original"":""العينات"",""status"":""approved"",""register"":""msa"",""confidence"":""high"",""allowedForEnToAr"":true,""allowedForArToEn"":true,""preferredForEnToAr"":false,""preferredForArToEn"":false,""partOfSpeech"":""noun"",""reasonCode"":""batch005-qa-independent-pass"",""reason"":""Standard plural samples with an article; both directions remain valid."",""reviewer"":""AI-assisted linguistic review"",""sources"":[]}","Standard plural samples with an article; both directions remain valid.","high"
"2533:1","{""headwordIndex"":2533,""translationIndex"":1,""english"":""SAMPLES"",""original"":""عينات"",""status"":""approved"",""register"":""msa"",""confidence"":""high"",""allowedForEnToAr"":true,""allowedForArToEn"":true,""preferredForEnToAr"":true,""preferredForArToEn"":true,""partOfSpeech"":""noun"",""reasonCode"":""natural-preferred"",""reason"":""SAMPLES — عينات: Natural learner-facing equivalent for this English sense; preferred in both directions. Valid synonyms remain allowed."",""reviewer"":""AI-assisted linguistic review"",""sources"":[]}","{""headwordIndex"":2533,""translationIndex"":1,""english"":""SAMPLES"",""original"":""عينات"",""status"":""approved"",""register"":""msa"",""confidence"":""high"",""allowedForEnToAr"":true,""allowedForArToEn"":true,""preferredForEnToAr"":true,""preferredForArToEn"":true,""partOfSpeech"":""noun"",""reasonCode"":""batch005-qa-independent-pass"",""reason"":""Natural learner-facing samples noun."",""reviewer"":""AI-assisted linguistic review"",""sources"":[]}","Natural learner-facing samples noun.","high"
"2832:2","{""headwordIndex"":2832,""translationIndex"":2,""english"":""EVIL"",""original"":""شر"",""status"":""approved"",""register"":""msa"",""confidence"":""high"",""allowedForEnToAr"":true,""allowedForArToEn"":true,""preferredForEnToAr"":true,""preferredForArToEn"":true,""partOfSpeech"":""noun"",""reasonCode"":""natural-preferred"",""reason"":""EVIL — شر: Natural learner-facing equivalent for this English sense; preferred in both directions. Valid synonyms remain allowed."",""reviewer"":""AI-assisted linguistic review"",""sources"":[]}","{""headwordIndex"":2832,""translationIndex"":2,""english"":""EVIL"",""original"":""شر"",""status"":""approved"",""register"":""msa"",""confidence"":""high"",""allowedForEnToAr"":true,""allowedForArToEn"":true,""preferredForEnToAr"":true,""preferredForArToEn"":true,""partOfSpeech"":""noun"",""reasonCode"":""batch005-qa-independent-pass"",""reason"":""شر naturally names evil as a noun."",""reviewer"":""AI-assisted linguistic review"",""sources"":[]}","شر naturally names evil as a noun.","high"
"2857:3","{""headwordIndex"":2857,""translationIndex"":3,""english"":""MIXED"",""original"":""المختلط"",""status"":""approved"",""register"":""msa"",""confidence"":""high"",""allowedForEnToAr"":true,""allowedForArToEn"":true,""preferredForEnToAr"":false,""preferredForArToEn"":false,""partOfSpeech"":""adjective"",""reasonCode"":""valid-alternative"",""reason"":""MIXED — المختلط: Valid natural MSA equivalent or grammatical/article variant. Allowed in both directions; nonpreference is not exclusion."",""reviewer"":""AI-assisted linguistic review"",""sources"":[]}","{""headwordIndex"":2857,""translationIndex"":3,""english"":""MIXED"",""original"":""المختلط"",""status"":""approved"",""register"":""msa"",""confidence"":""high"",""allowedForEnToAr"":true,""allowedForArToEn"":true,""preferredForEnToAr"":false,""preferredForArToEn"":false,""partOfSpeech"":""adjective"",""reasonCode"":""batch005-qa-independent-pass"",""reason"":""The definite mixed adjective is a valid variant."",""reviewer"":""AI-assisted linguistic review"",""sources"":[]}","The definite mixed adjective is a valid variant.","high"
"3583:1","{""headwordIndex"":3583,""translationIndex"":1,""english"":""ACQUISITION"",""original"":""اقتناء"",""status"":""approved"",""register"":""msa"",""confidence"":""high"",""allowedForEnToAr"":true,""allowedForArToEn"":true,""preferredForEnToAr"":true,""preferredForArToEn"":true,""partOfSpeech"":""noun"",""reasonCode"":""natural-preferred"",""reason"":""ACQUISITION — اقتناء: Natural learner-facing equivalent for this English sense; preferred in both directions. Valid synonyms remain allowed."",""reviewer"":""AI-assisted linguistic review"",""sources"":[]}","{""headwordIndex"":3583,""translationIndex"":1,""english"":""ACQUISITION"",""original"":""اقتناء"",""status"":""approved"",""register"":""msa"",""confidence"":""high"",""allowedForEnToAr"":true,""allowedForArToEn"":true,""preferredForEnToAr"":true,""preferredForArToEn"":true,""partOfSpeech"":""noun"",""reasonCode"":""batch005-qa-independent-pass"",""reason"":""Acquisition as obtaining/possession is naturally expressed by اقتناء."",""reviewer"":""AI-assisted linguistic review"",""sources"":[]}","Acquisition as obtaining/possession is naturally expressed by اقتناء.","high"
"2607:0","{""headwordIndex"":2607,""translationIndex"":0,""english"":""RINGS"",""original"":""الحلقات"",""status"":""approved"",""register"":""msa"",""confidence"":""high"",""allowedForEnToAr"":true,""allowedForArToEn"":true,""preferredForEnToAr"":false,""preferredForArToEn"":false,""partOfSpeech"":""noun"",""sense"":""loops"",""reasonCode"":""valid-alternative"",""reason"":""RINGS — الحلقات (loops): Valid natural MSA equivalent or grammatical/article variant. Allowed in both directions; nonpreference is not exclusion."",""reviewer"":""AI-assisted linguistic review"",""sources"":[]}","{""headwordIndex"":2607,""translationIndex"":0,""english"":""RINGS"",""original"":""الحلقات"",""status"":""approved"",""register"":""msa"",""confidence"":""high"",""allowedForEnToAr"":true,""allowedForArToEn"":true,""preferredForEnToAr"":false,""preferredForArToEn"":false,""partOfSpeech"":""noun"",""sense"":""loops"",""reasonCode"":""batch005-qa-independent-pass"",""reason"":""The rings/loops sense is legitimate and separate from finger jewelry."",""reviewer"":""AI-assisted linguistic review"",""sources"":[]}","The rings/loops sense is legitimate and separate from finger jewelry.","high"
"4603:3","{""headwordIndex"":4603,""translationIndex"":3,""english"":""CHRONIC"",""original"":""المزمن"",""status"":""approved"",""register"":""msa"",""confidence"":""high"",""allowedForEnToAr"":true,""allowedForArToEn"":true,""preferredForEnToAr"":false,""preferredForArToEn"":false,""partOfSpeech"":""adjective"",""reasonCode"":""valid-alternative"",""reason"":""CHRONIC — المزمن: Valid natural MSA equivalent or grammatical/article variant. Allowed in both directions; nonpreference is not exclusion."",""reviewer"":""AI-assisted linguistic review"",""sources"":[]}","{""headwordIndex"":4603,""translationIndex"":3,""english"":""CHRONIC"",""original"":""المزمن"",""status"":""approved"",""register"":""msa"",""confidence"":""high"",""allowedForEnToAr"":true,""allowedForArToEn"":true,""preferredForEnToAr"":false,""preferredForArToEn"":false,""partOfSpeech"":""adjective"",""reasonCode"":""batch005-qa-independent-pass"",""reason"":""The definite chronic adjective is a valid form."",""reviewer"":""AI-assisted linguistic review"",""sources"":[]}","The definite chronic adjective is a valid form.","high"
"3158:3","{""headwordIndex"":3158,""translationIndex"":3,""english"":""LENS"",""original"":""العدسة"",""status"":""approved"",""register"":""msa"",""confidence"":""high"",""allowedForEnToAr"":true,""allowedForArToEn"":true,""preferredForEnToAr"":false,""preferredForArToEn"":false,""partOfSpeech"":""noun"",""reasonCode"":""valid-alternative"",""reason"":""LENS — العدسة: Valid natural MSA equivalent or grammatical/article variant. Allowed in both directions; nonpreference is not exclusion."",""reviewer"":""AI-assisted linguistic review"",""sources"":[]}","{""headwordIndex"":3158,""translationIndex"":3,""english"":""LENS"",""original"":""العدسة"",""status"":""approved"",""register"":""msa"",""confidence"":""high"",""allowedForEnToAr"":true,""allowedForArToEn"":true,""preferredForEnToAr"":false,""preferredForArToEn"":false,""partOfSpeech"":""noun"",""reasonCode"":""batch005-qa-independent-pass"",""reason"":""The definite lens noun is valid even when another article form is preferred."",""reviewer"":""AI-assisted linguistic review"",""sources"":[]}","The definite lens noun is valid even when another article form is preferred.","high"
"4696:1","{""headwordIndex"":4696,""translationIndex"":1,""english"":""PLEASED"",""original"":""مسرور"",""status"":""approved"",""register"":""msa"",""confidence"":""high"",""allowedForEnToAr"":true,""allowedForArToEn"":true,""preferredForEnToAr"":true,""preferredForArToEn"":true,""partOfSpeech"":""adjective"",""reasonCode"":""natural-preferred"",""reason"":""PLEASED — مسرور: Natural learner-facing equivalent for this English sense; preferred in both directions. Valid synonyms remain allowed."",""reviewer"":""AI-assisted linguistic review"",""sources"":[]}","{""headwordIndex"":4696,""translationIndex"":1,""english"":""PLEASED"",""original"":""مسرور"",""status"":""approved"",""register"":""msa"",""confidence"":""high"",""allowedForEnToAr"":true,""allowedForArToEn"":true,""preferredForEnToAr"":true,""preferredForArToEn"":true,""partOfSpeech"":""adjective"",""reasonCode"":""batch005-qa-independent-pass"",""reason"":""مسرور naturally means pleased."",""reviewer"":""AI-assisted linguistic review"",""sources"":[]}","مسرور naturally means pleased.","high"
"2812:0","{""headwordIndex"":2812,""translationIndex"":0,""english"":""PIECES"",""original"":""القطع"",""status"":""approved"",""register"":""msa"",""confidence"":""high"",""allowedForEnToAr"":true,""allowedForArToEn"":true,""preferredForEnToAr"":false,""preferredForArToEn"":false,""partOfSpeech"":""noun"",""reasonCode"":""valid-alternative"",""reason"":""PIECES — القطع: Valid natural MSA equivalent or grammatical/article variant. Allowed in both directions; nonpreference is not exclusion."",""reviewer"":""AI-assisted linguistic review"",""sources"":[]}","{""headwordIndex"":2812,""translationIndex"":0,""english"":""PIECES"",""original"":""القطع"",""status"":""approved"",""register"":""msa"",""confidence"":""high"",""allowedForEnToAr"":true,""allowedForArToEn"":true,""preferredForEnToAr"":false,""preferredForArToEn"":false,""partOfSpeech"":""noun"",""reasonCode"":""batch005-qa-independent-pass"",""reason"":""Standard plural pieces with article."",""reviewer"":""AI-assisted linguistic review"",""sources"":[]}","Standard plural pieces with article.","high"
"7624:1","{""headwordIndex"":7624,""translationIndex"":1,""english"":""ENSURES"",""original"":""يضمن"",""status"":""approved"",""register"":""msa"",""confidence"":""high"",""allowedForEnToAr"":true,""allowedForArToEn"":true,""preferredForEnToAr"":true,""preferredForArToEn"":true,""partOfSpeech"":""verb"",""reasonCode"":""natural-preferred"",""reason"":""ENSURES — يضمن: Natural learner-facing equivalent for this English sense; preferred in both directions. Valid synonyms remain allowed."",""reviewer"":""AI-assisted linguistic review"",""sources"":[]}","{""headwordIndex"":7624,""translationIndex"":1,""english"":""ENSURES"",""original"":""يضمن"",""status"":""approved"",""register"":""msa"",""confidence"":""high"",""allowedForEnToAr"":true,""allowedForArToEn"":true,""preferredForEnToAr"":true,""preferredForArToEn"":true,""partOfSpeech"":""verb"",""reasonCode"":""batch005-qa-independent-pass"",""reason"":""يضمن naturally expresses ensures; competing synonyms do not exclude it."",""reviewer"":""AI-assisted linguistic review"",""sources"":[]}","يضمن naturally expresses ensures; competing synonyms do not exclude it.","high"
"3131:1","{""headwordIndex"":3131,""translationIndex"":1,""english"":""LINEAR"",""original"":""خطي"",""status"":""approved"",""register"":""msa"",""confidence"":""high"",""allowedForEnToAr"":true,""allowedForArToEn"":true,""preferredForEnToAr"":true,""preferredForArToEn"":true,""partOfSpeech"":""adjective"",""reasonCode"":""natural-preferred"",""reason"":""LINEAR — خطي: Natural learner-facing equivalent for this English sense; preferred in both directions. Valid synonyms remain allowed."",""reviewer"":""AI-assisted linguistic review"",""sources"":[]}","{""headwordIndex"":3131,""translationIndex"":1,""english"":""LINEAR"",""original"":""خطي"",""status"":""approved"",""register"":""msa"",""confidence"":""high"",""allowedForEnToAr"":true,""allowedForArToEn"":true,""preferredForEnToAr"":true,""preferredForArToEn"":true,""partOfSpeech"":""adjective"",""reasonCode"":""batch005-qa-independent-pass"",""reason"":""خطي is a standard linear adjective, including ordinary mathematical use."",""reviewer"":""AI-assisted linguistic review"",""sources"":[]}","خطي is a standard linear adjective, including ordinary mathematical use.","high"
"2244:4","{""headwordIndex"":2244,""translationIndex"":4,""english"":""DELETE"",""original"":""حذف"",""status"":""approved"",""register"":""msa"",""confidence"":""high"",""allowedForEnToAr"":true,""allowedForArToEn"":true,""preferredForEnToAr"":false,""preferredForArToEn"":false,""partOfSpeech"":""verb"",""reasonCode"":""valid-alternative"",""reason"":""DELETE — حذف: Valid natural MSA equivalent or grammatical/article variant. Allowed in both directions; nonpreference is not exclusion."",""reviewer"":""AI-assisted linguistic review"",""sources"":[]}","{""headwordIndex"":2244,""translationIndex"":4,""english"":""DELETE"",""original"":""حذف"",""status"":""approved"",""register"":""msa"",""confidence"":""high"",""allowedForEnToAr"":true,""allowedForArToEn"":true,""preferredForEnToAr"":false,""preferredForArToEn"":false,""partOfSpeech"":""verb"",""reasonCode"":""batch005-qa-independent-pass"",""reason"":""The Arabic action citation can express the English verb delete; no automatic morphology exclusion."",""reviewer"":""AI-assisted linguistic review"",""sources"":[]}","The Arabic action citation can express the English verb delete; no automatic morphology exclusion.","high"
"2293:0","{""headwordIndex"":2293,""translationIndex"":0,""english"":""ATOM"",""original"":""ذرة"",""status"":""approved"",""register"":""msa"",""confidence"":""high"",""allowedForEnToAr"":true,""allowedForArToEn"":true,""preferredForEnToAr"":true,""preferredForArToEn"":true,""partOfSpeech"":""noun"",""reasonCode"":""natural-preferred"",""reason"":""ATOM — ذرة: Natural learner-facing equivalent for this English sense; preferred in both directions. Valid synonyms remain allowed."",""reviewer"":""AI-assisted linguistic review"",""sources"":[]}","{""headwordIndex"":2293,""translationIndex"":0,""english"":""ATOM"",""original"":""ذرة"",""status"":""approved"",""register"":""msa"",""confidence"":""high"",""allowedForEnToAr"":true,""allowedForArToEn"":true,""preferredForEnToAr"":true,""preferredForArToEn"":true,""partOfSpeech"":""noun"",""reasonCode"":""batch005-qa-independent-pass"",""reason"":""Natural atom noun; also a homograph of corn, which crossings can disambiguate."",""reviewer"":""AI-assisted linguistic review"",""sources"":[]}","Natural atom noun; also a homograph of corn, which crossings can disambiguate.","high"
"2212:1","{""headwordIndex"":2212,""translationIndex"":1,""english"":""FORT"",""original"":""الحصن"",""status"":""approved"",""register"":""msa"",""confidence"":""high"",""allowedForEnToAr"":true,""allowedForArToEn"":true,""preferredForEnToAr"":false,""preferredForArToEn"":false,""partOfSpeech"":""noun"",""reasonCode"":""valid-alternative"",""reason"":""FORT — الحصن: Valid natural MSA equivalent or grammatical/article variant. Allowed in both directions; nonpreference is not exclusion."",""reviewer"":""AI-assisted linguistic review"",""sources"":[]}","{""headwordIndex"":2212,""translationIndex"":1,""english"":""FORT"",""original"":""الحصن"",""status"":""approved"",""register"":""msa"",""confidence"":""high"",""allowedForEnToAr"":true,""allowedForArToEn"":true,""preferredForEnToAr"":false,""preferredForArToEn"":false,""partOfSpeech"":""noun"",""reasonCode"":""batch005-qa-independent-pass"",""reason"":""Standard fort noun with article."",""reviewer"":""AI-assisted linguistic review"",""sources"":[]}","Standard fort noun with article.","high"
"1785:2","{""headwordIndex"":1785,""translationIndex"":2,""english"":""COUPLE"",""original"":""ثنائي"",""status"":""approved"",""register"":""msa"",""confidence"":""high"",""allowedForEnToAr"":true,""allowedForArToEn"":true,""preferredForEnToAr"":false,""preferredForArToEn"":false,""partOfSpeech"":""noun"",""reasonCode"":""valid-alternative"",""reason"":""COUPLE — ثنائي: Valid natural MSA equivalent or grammatical/article variant. Allowed in both directions; nonpreference is not exclusion."",""reviewer"":""AI-assisted linguistic review"",""sources"":[]}","{""headwordIndex"":1785,""translationIndex"":2,""english"":""COUPLE"",""original"":""ثنائي"",""status"":""approved"",""register"":""msa"",""confidence"":""high"",""allowedForEnToAr"":true,""allowedForArToEn"":true,""preferredForEnToAr"":false,""preferredForArToEn"":false,""partOfSpeech"":""noun"",""reasonCode"":""batch005-qa-independent-pass"",""reason"":""ثنائي can name a duo/couple, a legitimate noun relationship."",""reviewer"":""AI-assisted linguistic review"",""sources"":[]}","ثنائي can name a duo/couple, a legitimate noun relationship.","high"
"1943:2","{""headwordIndex"":1943,""translationIndex"":2,""english"":""ALONE"",""original"":""وحيد"",""status"":""approved"",""register"":""msa"",""confidence"":""high"",""allowedForEnToAr"":true,""allowedForArToEn"":true,""preferredForEnToAr"":true,""preferredForArToEn"":true,""partOfSpeech"":""adjective"",""reasonCode"":""natural-preferred"",""reason"":""ALONE — وحيد: Natural learner-facing equivalent for this English sense; preferred in both directions. Valid synonyms remain allowed."",""reviewer"":""AI-assisted linguistic review"",""sources"":[]}","{""headwordIndex"":1943,""translationIndex"":2,""english"":""ALONE"",""original"":""وحيد"",""status"":""approved"",""register"":""msa"",""confidence"":""high"",""allowedForEnToAr"":true,""allowedForArToEn"":true,""preferredForEnToAr"":true,""preferredForArToEn"":true,""partOfSpeech"":""adjective"",""reasonCode"":""batch005-qa-independent-pass"",""reason"":""وحيد is a natural alone/solitary adjective."",""reviewer"":""AI-assisted linguistic review"",""sources"":[]}","وحيد is a natural alone/solitary adjective.","high"
"2289:2","{""headwordIndex"":2289,""translationIndex"":2,""english"":""ADULTS"",""original"":""بالغين"",""status"":""approved"",""register"":""msa"",""confidence"":""high"",""allowedForEnToAr"":true,""allowedForArToEn"":true,""preferredForEnToAr"":false,""preferredForArToEn"":false,""partOfSpeech"":""noun"",""reasonCode"":""valid-alternative"",""reason"":""ADULTS — بالغين: Valid natural MSA equivalent or grammatical/article variant. Allowed in both directions; nonpreference is not exclusion."",""reviewer"":""AI-assisted linguistic review"",""sources"":[]}","{""headwordIndex"":2289,""translationIndex"":2,""english"":""ADULTS"",""original"":""بالغين"",""status"":""approved"",""register"":""msa"",""confidence"":""high"",""allowedForEnToAr"":true,""allowedForArToEn"":true,""preferredForEnToAr"":false,""preferredForArToEn"":false,""partOfSpeech"":""noun"",""reasonCode"":""batch005-qa-independent-pass"",""reason"":""The oblique plural adults is natural MSA; case morphology does not exclude it."",""reviewer"":""AI-assisted linguistic review"",""sources"":[]}","The oblique plural adults is natural MSA; case morphology does not exclude it.","high"
"2071:3","{""headwordIndex"":2071,""translationIndex"":3,""english"":""TOUCH"",""original"":""اللمس"",""status"":""approved"",""register"":""msa"",""confidence"":""high"",""allowedForEnToAr"":true,""allowedForArToEn"":true,""preferredForEnToAr"":false,""preferredForArToEn"":false,""partOfSpeech"":""noun"",""reasonCode"":""valid-alternative"",""reason"":""TOUCH — اللمس: Valid natural MSA equivalent or grammatical/article variant. Allowed in both directions; nonpreference is not exclusion."",""reviewer"":""AI-assisted linguistic review"",""sources"":[]}","{""headwordIndex"":2071,""translationIndex"":3,""english"":""TOUCH"",""original"":""اللمس"",""status"":""approved"",""register"":""msa"",""confidence"":""high"",""allowedForEnToAr"":true,""allowedForArToEn"":true,""preferredForEnToAr"":false,""preferredForArToEn"":false,""partOfSpeech"":""noun"",""reasonCode"":""batch005-qa-independent-pass"",""reason"":""The touching/touch noun is valid with article."",""reviewer"":""AI-assisted linguistic review"",""sources"":[]}","The touching/touch noun is valid with article.","high"
"2919:2","{""headwordIndex"":2919,""translationIndex"":2,""english"":""EXPORT"",""original"":""تصدير"",""status"":""approved"",""register"":""msa"",""confidence"":""high"",""allowedForEnToAr"":true,""allowedForArToEn"":true,""preferredForEnToAr"":true,""preferredForArToEn"":true,""partOfSpeech"":""noun"",""reasonCode"":""natural-preferred"",""reason"":""EXPORT — تصدير: Natural learner-facing equivalent for this English sense; preferred in both directions. Valid synonyms remain allowed."",""reviewer"":""AI-assisted linguistic review"",""sources"":[]}","{""headwordIndex"":2919,""translationIndex"":2,""english"":""EXPORT"",""original"":""تصدير"",""status"":""approved"",""register"":""msa"",""confidence"":""high"",""allowedForEnToAr"":true,""allowedForArToEn"":true,""preferredForEnToAr"":true,""preferredForArToEn"":true,""partOfSpeech"":""noun"",""reasonCode"":""batch005-qa-independent-pass"",""reason"":""تصدير naturally names exporting/export as an activity."",""reviewer"":""AI-assisted linguistic review"",""sources"":[]}","تصدير naturally names exporting/export as an activity.","high"
"1912:0","{""headwordIndex"":1912,""translationIndex"":0,""english"":""CLAIM"",""original"":""ادعاء"",""status"":""approved"",""register"":""msa"",""confidence"":""high"",""allowedForEnToAr"":true,""allowedForArToEn"":true,""preferredForEnToAr"":false,""preferredForArToEn"":false,""partOfSpeech"":""noun"",""reasonCode"":""valid-alternative"",""reason"":""CLAIM — ادعاء: Valid natural MSA equivalent or grammatical/article variant. Allowed in both directions; nonpreference is not exclusion."",""reviewer"":""AI-assisted linguistic review"",""sources"":[]}","{""headwordIndex"":1912,""translationIndex"":0,""english"":""CLAIM"",""original"":""ادعاء"",""status"":""approved"",""register"":""msa"",""confidence"":""high"",""allowedForEnToAr"":true,""allowedForArToEn"":true,""preferredForEnToAr"":false,""preferredForArToEn"":false,""partOfSpeech"":""noun"",""reasonCode"":""batch005-qa-independent-pass"",""reason"":""ادعاء is a correctly spelled MSA claim noun with hamzat-wasl."",""reviewer"":""AI-assisted linguistic review"",""sources"":[]}","ادعاء is a correctly spelled MSA claim noun with hamzat-wasl.","high"
"3647:0","{""headwordIndex"":3647,""translationIndex"":0,""english"":""PEARL"",""original"":""اللؤلؤ"",""status"":""approved"",""register"":""msa"",""confidence"":""high"",""allowedForEnToAr"":true,""allowedForArToEn"":true,""preferredForEnToAr"":false,""preferredForArToEn"":false,""partOfSpeech"":""noun"",""reasonCode"":""valid-alternative"",""reason"":""PEARL — اللؤلؤ: Valid natural MSA equivalent or grammatical/article variant. Allowed in both directions; nonpreference is not exclusion."",""reviewer"":""AI-assisted linguistic review"",""sources"":[]}","{""headwordIndex"":3647,""translationIndex"":0,""english"":""PEARL"",""original"":""اللؤلؤ"",""status"":""approved"",""register"":""msa"",""confidence"":""high"",""allowedForEnToAr"":true,""allowedForArToEn"":true,""preferredForEnToAr"":false,""preferredForArToEn"":false,""partOfSpeech"":""noun"",""reasonCode"":""batch005-qa-independent-pass"",""reason"":""اللؤلؤ is the natural collective/material pearl noun."",""reviewer"":""AI-assisted linguistic review"",""sources"":[]}","اللؤلؤ is the natural collective/material pearl noun.","high"
"2272:1","{""headwordIndex"":2272,""translationIndex"":1,""english"":""STATED"",""original"":""ذكر"",""status"":""approved"",""register"":""msa"",""confidence"":""high"",""allowedForEnToAr"":true,""allowedForArToEn"":true,""preferredForEnToAr"":false,""preferredForArToEn"":false,""partOfSpeech"":""verb"",""reasonCode"":""valid-alternative"",""reason"":""STATED — ذكر: Valid natural MSA equivalent or grammatical/article variant. Allowed in both directions; nonpreference is not exclusion."",""reviewer"":""AI-assisted linguistic review"",""sources"":[]}","{""headwordIndex"":2272,""translationIndex"":1,""english"":""STATED"",""original"":""ذكر"",""status"":""approved"",""register"":""msa"",""confidence"":""high"",""allowedForEnToAr"":true,""allowedForArToEn"":true,""preferredForEnToAr"":false,""preferredForArToEn"":false,""partOfSpeech"":""verb"",""reasonCode"":""batch005-qa-independent-pass"",""reason"":""ذكر means stated/mentioned; secondary equivalents remain valid."",""reviewer"":""AI-assisted linguistic review"",""sources"":[]}","ذكر means stated/mentioned; secondary equivalents remain valid.","high"
"1715:0","{""headwordIndex"":1715,""translationIndex"":0,""english"":""SWITCH"",""original"":""التبديل"",""status"":""approved"",""register"":""msa"",""confidence"":""high"",""allowedForEnToAr"":true,""allowedForArToEn"":true,""preferredForEnToAr"":false,""preferredForArToEn"":false,""partOfSpeech"":""noun"",""reasonCode"":""valid-alternative"",""reason"":""SWITCH — التبديل: Valid natural MSA equivalent or grammatical/article variant. Allowed in both directions; nonpreference is not exclusion."",""reviewer"":""AI-assisted linguistic review"",""sources"":[]}","{""headwordIndex"":1715,""translationIndex"":0,""english"":""SWITCH"",""original"":""التبديل"",""status"":""approved"",""register"":""msa"",""confidence"":""high"",""allowedForEnToAr"":true,""allowedForArToEn"":true,""preferredForEnToAr"":false,""preferredForArToEn"":false,""partOfSpeech"":""noun"",""reasonCode"":""batch005-qa-independent-pass"",""reason"":""التبديل names the act of switching, an English switch noun use."",""reviewer"":""AI-assisted linguistic review"",""sources"":[]}","التبديل names the act of switching, an English switch noun use.","high"
"1903:1","{""headwordIndex"":1903,""translationIndex"":1,""english"":""CRIME"",""original"":""الجريمة"",""status"":""approved"",""register"":""msa"",""confidence"":""high"",""allowedForEnToAr"":true,""allowedForArToEn"":true,""preferredForEnToAr"":false,""preferredForArToEn"":false,""partOfSpeech"":""noun"",""reasonCode"":""valid-alternative"",""reason"":""CRIME — الجريمة: Valid natural MSA equivalent or grammatical/article variant. Allowed in both directions; nonpreference is not exclusion."",""reviewer"":""AI-assisted linguistic review"",""sources"":[]}","{""headwordIndex"":1903,""translationIndex"":1,""english"":""CRIME"",""original"":""الجريمة"",""status"":""approved"",""register"":""msa"",""confidence"":""high"",""allowedForEnToAr"":true,""allowedForArToEn"":true,""preferredForEnToAr"":false,""preferredForArToEn"":false,""partOfSpeech"":""noun"",""reasonCode"":""batch005-qa-independent-pass"",""reason"":""Standard crime noun with article."",""reviewer"":""AI-assisted linguistic review"",""sources"":[]}","Standard crime noun with article.","high"
"4937:3","{""headwordIndex"":4937,""translationIndex"":3,""english"":""ROUTINE"",""original"":""الروتينية"",""status"":""approved"",""register"":""msa"",""confidence"":""high"",""allowedForEnToAr"":true,""allowedForArToEn"":true,""preferredForEnToAr"":false,""preferredForArToEn"":false,""partOfSpeech"":""adjective"",""reasonCode"":""valid-alternative"",""reason"":""ROUTINE — الروتينية: Valid natural MSA equivalent or grammatical/article variant. Allowed in both directions; nonpreference is not exclusion."",""reviewer"":""AI-assisted linguistic review"",""sources"":[]}","{""headwordIndex"":4937,""translationIndex"":3,""english"":""ROUTINE"",""original"":""الروتينية"",""status"":""approved"",""register"":""msa"",""confidence"":""high"",""allowedForEnToAr"":true,""allowedForArToEn"":true,""preferredForEnToAr"":false,""preferredForArToEn"":false,""partOfSpeech"":""adjective"",""reasonCode"":""batch005-qa-independent-pass"",""reason"":""The feminine definite routine adjective is valid."",""reviewer"":""AI-assisted linguistic review"",""sources"":[]}","The feminine definite routine adjective is valid.","high"
"2550:4","{""headwordIndex"":2550,""translationIndex"":4,""english"":""SLEEP"",""original"":""النوم"",""status"":""approved"",""register"":""msa"",""confidence"":""high"",""allowedForEnToAr"":true,""allowedForArToEn"":true,""preferredForEnToAr"":false,""preferredForArToEn"":false,""partOfSpeech"":""noun"",""reasonCode"":""valid-alternative"",""reason"":""SLEEP — النوم: Valid natural MSA equivalent or grammatical/article variant. Allowed in both directions; nonpreference is not exclusion."",""reviewer"":""AI-assisted linguistic review"",""sources"":[]}","{""headwordIndex"":2550,""translationIndex"":4,""english"":""SLEEP"",""original"":""النوم"",""status"":""approved"",""register"":""msa"",""confidence"":""high"",""allowedForEnToAr"":true,""allowedForArToEn"":true,""preferredForEnToAr"":false,""preferredForArToEn"":false,""partOfSpeech"":""noun"",""reasonCode"":""batch005-qa-independent-pass"",""reason"":""Standard sleep activity noun with article."",""reviewer"":""AI-assisted linguistic review"",""sources"":[]}","Standard sleep activity noun with article.","high"
"3861:1","{""headwordIndex"":3861,""translationIndex"":1,""english"":""TASTE"",""original"":""ذوق"",""status"":""approved"",""register"":""msa"",""confidence"":""high"",""allowedForEnToAr"":true,""allowedForArToEn"":true,""preferredForEnToAr"":false,""preferredForArToEn"":false,""partOfSpeech"":""noun"",""reasonCode"":""valid-alternative"",""reason"":""TASTE — ذوق: Valid natural MSA equivalent or grammatical/article variant. Allowed in both directions; nonpreference is not exclusion."",""reviewer"":""AI-assisted linguistic review"",""sources"":[]}","{""headwordIndex"":3861,""translationIndex"":1,""english"":""TASTE"",""original"":""ذوق"",""status"":""approved"",""register"":""msa"",""confidence"":""high"",""allowedForEnToAr"":true,""allowedForArToEn"":true,""preferredForEnToAr"":false,""preferredForArToEn"":false,""partOfSpeech"":""noun"",""reasonCode"":""batch005-qa-independent-pass"",""reason"":""ذوق naturally expresses taste; do not force an aesthetic-only sense label."",""reviewer"":""AI-assisted linguistic review"",""sources"":[]}","ذوق naturally expresses taste; do not force an aesthetic-only sense label.","high"
"3513:2","{""headwordIndex"":3513,""translationIndex"":2,""english"":""FLEXIBLE"",""original"":""مرن"",""status"":""approved"",""register"":""msa"",""confidence"":""high"",""allowedForEnToAr"":true,""allowedForArToEn"":true,""preferredForEnToAr"":true,""preferredForArToEn"":true,""partOfSpeech"":""adjective"",""reasonCode"":""natural-preferred"",""reason"":""FLEXIBLE — مرن: Natural learner-facing equivalent for this English sense; preferred in both directions. Valid synonyms remain allowed."",""reviewer"":""AI-assisted linguistic review"",""sources"":[]}","{""headwordIndex"":3513,""translationIndex"":2,""english"":""FLEXIBLE"",""original"":""مرن"",""status"":""approved"",""register"":""msa"",""confidence"":""high"",""allowedForEnToAr"":true,""allowedForArToEn"":true,""preferredForEnToAr"":true,""preferredForArToEn"":true,""partOfSpeech"":""adjective"",""reasonCode"":""batch005-qa-independent-pass"",""reason"":""Natural flexible adjective."",""reviewer"":""AI-assisted linguistic review"",""sources"":[]}","Natural flexible adjective.","high"
"2821:1","{""headwordIndex"":2821,""translationIndex"":1,""english"":""TRENDS"",""original"":""الاتجاهات"",""status"":""approved"",""register"":""msa"",""confidence"":""high"",""allowedForEnToAr"":true,""allowedForArToEn"":true,""preferredForEnToAr"":false,""preferredForArToEn"":false,""partOfSpeech"":""noun"",""reasonCode"":""valid-alternative"",""reason"":""TRENDS — الاتجاهات: Valid natural MSA equivalent or grammatical/article variant. Allowed in both directions; nonpreference is not exclusion."",""reviewer"":""AI-assisted linguistic review"",""sources"":[]}","{""headwordIndex"":2821,""translationIndex"":1,""english"":""TRENDS"",""original"":""الاتجاهات"",""status"":""approved"",""register"":""msa"",""confidence"":""high"",""allowedForEnToAr"":true,""allowedForArToEn"":true,""preferredForEnToAr"":false,""preferredForArToEn"":false,""partOfSpeech"":""noun"",""reasonCode"":""batch005-qa-independent-pass"",""reason"":""The directions/tendencies noun legitimately expresses trends."",""reviewer"":""AI-assisted linguistic review"",""sources"":[]}","The directions/tendencies noun legitimately expresses trends.","high"
"2881:0","{""headwordIndex"":2881,""translationIndex"":0,""english"":""NOISE"",""original"":""ضجيج"",""status"":""approved"",""register"":""msa"",""confidence"":""high"",""allowedForEnToAr"":true,""allowedForArToEn"":true,""preferredForEnToAr"":true,""preferredForArToEn"":true,""partOfSpeech"":""noun"",""reasonCode"":""natural-preferred"",""reason"":""NOISE — ضجيج: Natural learner-facing equivalent for this English sense; preferred in both directions. Valid synonyms remain allowed."",""reviewer"":""AI-assisted linguistic review"",""sources"":[]}","{""headwordIndex"":2881,""translationIndex"":0,""english"":""NOISE"",""original"":""ضجيج"",""status"":""approved"",""register"":""msa"",""confidence"":""high"",""allowedForEnToAr"":true,""allowedForArToEn"":true,""preferredForEnToAr"":true,""preferredForArToEn"":true,""partOfSpeech"":""noun"",""reasonCode"":""batch005-qa-independent-pass"",""reason"":""Natural noise noun; synonyms do not make it an unfair reverse clue."",""reviewer"":""AI-assisted linguistic review"",""sources"":[]}","Natural noise noun; synonyms do not make it an unfair reverse clue.","high"
"1782:3","{""headwordIndex"":1782,""translationIndex"":3,""english"":""CALLS"",""original"":""مكالمات"",""status"":""approved"",""register"":""msa"",""confidence"":""high"",""allowedForEnToAr"":true,""allowedForArToEn"":true,""preferredForEnToAr"":true,""preferredForArToEn"":true,""partOfSpeech"":""noun"",""reasonCode"":""natural-preferred"",""reason"":""CALLS — مكالمات: Natural learner-facing equivalent for this English sense; preferred in both directions. Valid synonyms remain allowed."",""reviewer"":""AI-assisted linguistic review"",""sources"":[]}","{""headwordIndex"":1782,""translationIndex"":3,""english"":""CALLS"",""original"":""مكالمات"",""status"":""approved"",""register"":""msa"",""confidence"":""high"",""allowedForEnToAr"":true,""allowedForArToEn"":true,""preferredForEnToAr"":true,""preferredForArToEn"":true,""partOfSpeech"":""noun"",""reasonCode"":""batch005-qa-independent-pass"",""reason"":""مكالمات naturally supplies calls."",""reviewer"":""AI-assisted linguistic review"",""sources"":[]}","مكالمات naturally supplies calls.","high"
"3256:1","{""headwordIndex"":3256,""translationIndex"":1,""english"":""PILOT"",""original"":""طيار"",""status"":""approved"",""register"":""msa"",""confidence"":""high"",""allowedForEnToAr"":true,""allowedForArToEn"":true,""preferredForEnToAr"":true,""preferredForArToEn"":true,""partOfSpeech"":""noun"",""reasonCode"":""natural-preferred"",""reason"":""PILOT — طيار: Natural learner-facing equivalent for this English sense; preferred in both directions. Valid synonyms remain allowed."",""reviewer"":""AI-assisted linguistic review"",""sources"":[]}","{""headwordIndex"":3256,""translationIndex"":1,""english"":""PILOT"",""original"":""طيار"",""status"":""approved"",""register"":""msa"",""confidence"":""high"",""allowedForEnToAr"":true,""allowedForArToEn"":true,""preferredForEnToAr"":true,""preferredForArToEn"":true,""partOfSpeech"":""noun"",""reasonCode"":""batch005-qa-independent-pass"",""reason"":""طيار naturally supplies a pilot."",""reviewer"":""AI-assisted linguistic review"",""sources"":[]}","طيار naturally supplies a pilot.","high"
"2176:0","{""headwordIndex"":2176,""translationIndex"":0,""english"":""CONTACTS"",""original"":""الاتصالات"",""status"":""approved"",""register"":""msa"",""confidence"":""high"",""allowedForEnToAr"":true,""allowedForArToEn"":true,""preferredForEnToAr"":false,""preferredForArToEn"":false,""partOfSpeech"":""noun"",""reasonCode"":""valid-alternative"",""reason"":""CONTACTS — الاتصالات: Valid natural MSA equivalent or grammatical/article variant. Allowed in both directions; nonpreference is not exclusion."",""reviewer"":""AI-assisted linguistic review"",""sources"":[]}","{""headwordIndex"":2176,""translationIndex"":0,""english"":""CONTACTS"",""original"":""الاتصالات"",""status"":""approved"",""register"":""msa"",""confidence"":""high"",""allowedForEnToAr"":true,""allowedForArToEn"":true,""preferredForEnToAr"":false,""preferredForArToEn"":false,""partOfSpeech"":""noun"",""reasonCode"":""batch005-qa-independent-pass"",""reason"":""الاتصالات can express contacts/communications; the noun relationship remains valid."",""reviewer"":""AI-assisted linguistic review"",""sources"":[]}","الاتصالات can express contacts/communications; the noun relationship remains valid.","high"
"1904:0","{""headwordIndex"":1904,""translationIndex"":0,""english"":""COUNT"",""original"":""كونت"",""status"":""approved"",""register"":""msa"",""confidence"":""high"",""allowedForEnToAr"":true,""allowedForArToEn"":true,""preferredForEnToAr"":true,""preferredForArToEn"":true,""partOfSpeech"":""noun"",""sense"":""noble title"",""reasonCode"":""natural-preferred"",""reason"":""COUNT — كونت (noble title): Natural learner-facing equivalent for this English sense; preferred in both directions. Valid synonyms remain allowed."",""reviewer"":""AI-assisted linguistic review"",""sources"":[]}","{""headwordIndex"":1904,""translationIndex"":0,""english"":""COUNT"",""original"":""كونت"",""status"":""approved"",""register"":""msa"",""confidence"":""high"",""allowedForEnToAr"":true,""allowedForArToEn"":true,""preferredForEnToAr"":true,""preferredForArToEn"":true,""partOfSpeech"":""noun"",""sense"":""noble title"",""reasonCode"":""batch005-qa-independent-pass"",""reason"":""كونت is the conventional noble-title borrowing, distinct from numerical count."",""reviewer"":""AI-assisted linguistic review"",""sources"":[]}","كونت is the conventional noble-title borrowing, distinct from numerical count.","high"
"2953:2","{""headwordIndex"":2953,""translationIndex"":2,""english"":""AGES"",""original"":""العصور"",""status"":""approved"",""register"":""msa"",""confidence"":""high"",""allowedForEnToAr"":true,""allowedForArToEn"":true,""preferredForEnToAr"":false,""preferredForArToEn"":false,""partOfSpeech"":""noun"",""sense"":""eras"",""reasonCode"":""valid-alternative"",""reason"":""AGES — العصور (eras): Valid natural MSA equivalent or grammatical/article variant. Allowed in both directions; nonpreference is not exclusion."",""reviewer"":""AI-assisted linguistic review"",""sources"":[]}","{""headwordIndex"":2953,""translationIndex"":2,""english"":""AGES"",""original"":""العصور"",""status"":""approved"",""register"":""msa"",""confidence"":""high"",""allowedForEnToAr"":true,""allowedForArToEn"":true,""preferredForEnToAr"":false,""preferredForArToEn"":false,""partOfSpeech"":""noun"",""sense"":""eras"",""reasonCode"":""batch005-qa-independent-pass"",""reason"":""The ages/eras noun is distinct from people's ages."",""reviewer"":""AI-assisted linguistic review"",""sources"":[]}","The ages/eras noun is distinct from people's ages.","high"
"2607:2","{""headwordIndex"":2607,""translationIndex"":2,""english"":""RINGS"",""original"":""حلقات"",""status"":""approved"",""register"":""msa"",""confidence"":""high"",""allowedForEnToAr"":true,""allowedForArToEn"":true,""preferredForEnToAr"":false,""preferredForArToEn"":false,""partOfSpeech"":""noun"",""sense"":""loops"",""reasonCode"":""valid-alternative"",""reason"":""RINGS — حلقات (loops): Valid natural MSA equivalent or grammatical/article variant. Allowed in both directions; nonpreference is not exclusion."",""reviewer"":""AI-assisted linguistic review"",""sources"":[]}","{""headwordIndex"":2607,""translationIndex"":2,""english"":""RINGS"",""original"":""حلقات"",""status"":""approved"",""register"":""msa"",""confidence"":""high"",""allowedForEnToAr"":true,""allowedForArToEn"":true,""preferredForEnToAr"":false,""preferredForArToEn"":false,""partOfSpeech"":""noun"",""sense"":""loops"",""reasonCode"":""batch005-qa-independent-pass"",""reason"":""حلقات expresses rings as loops rather than jewelry."",""reviewer"":""AI-assisted linguistic review"",""sources"":[]}","حلقات expresses rings as loops rather than jewelry.","high"
"1970:3","{""headwordIndex"":1970,""translationIndex"":3,""english"":""DRUGS"",""original"":""المخدرات"",""status"":""approved"",""register"":""msa"",""confidence"":""high"",""allowedForEnToAr"":true,""allowedForArToEn"":true,""preferredForEnToAr"":false,""preferredForArToEn"":false,""partOfSpeech"":""noun"",""sense"":""narcotics"",""reasonCode"":""valid-alternative"",""reason"":""DRUGS — المخدرات (narcotics): Valid natural MSA equivalent or grammatical/article variant. Allowed in both directions; nonpreference is not exclusion."",""reviewer"":""AI-assisted linguistic review"",""sources"":[]}","{""headwordIndex"":1970,""translationIndex"":3,""english"":""DRUGS"",""original"":""المخدرات"",""status"":""approved"",""register"":""msa"",""confidence"":""high"",""allowedForEnToAr"":true,""allowedForArToEn"":true,""preferredForEnToAr"":true,""preferredForArToEn"":true,""partOfSpeech"":""noun"",""sense"":""narcotics"",""reasonCode"":""batch005-qa-independent-pass"",""reason"":""المخدرات supplies the narcotics sense, distinct from therapeutic drugs."",""reviewer"":""AI-assisted linguistic review"",""sources"":[]}","المخدرات supplies the narcotics sense, distinct from therapeutic drugs.","high"
"2031:2","{""headwordIndex"":2031,""translationIndex"":2,""english"":""RECOVERY"",""original"":""التعافي"",""status"":""approved"",""register"":""msa"",""confidence"":""high"",""allowedForEnToAr"":true,""allowedForArToEn"":true,""preferredForEnToAr"":true,""preferredForArToEn"":true,""partOfSpeech"":""noun"",""sense"":""return to health"",""reasonCode"":""natural-preferred"",""reason"":""RECOVERY — التعافي (return to health): Natural learner-facing equivalent for this English sense; preferred in both directions. Valid synonyms remain allowed."",""reviewer"":""AI-assisted linguistic review"",""sources"":[]}","{""headwordIndex"":2031,""translationIndex"":2,""english"":""RECOVERY"",""original"":""التعافي"",""status"":""approved"",""register"":""msa"",""confidence"":""high"",""allowedForEnToAr"":true,""allowedForArToEn"":true,""preferredForEnToAr"":true,""preferredForArToEn"":true,""partOfSpeech"":""noun"",""sense"":""return to health"",""reasonCode"":""batch005-qa-independent-pass"",""reason"":""The recovery noun expresses return to health, distinguished from retrieval."",""reviewer"":""AI-assisted linguistic review"",""sources"":[]}","The recovery noun expresses return to health, distinguished from retrieval.","high"
"2953:1","{""headwordIndex"":2953,""translationIndex"":1,""english"":""AGES"",""original"":""عصور"",""status"":""approved"",""register"":""msa"",""confidence"":""high"",""allowedForEnToAr"":true,""allowedForArToEn"":true,""preferredForEnToAr"":true,""preferredForArToEn"":true,""partOfSpeech"":""noun"",""sense"":""eras"",""reasonCode"":""natural-preferred"",""reason"":""AGES — عصور (eras): Natural learner-facing equivalent for this English sense; preferred in both directions. Valid synonyms remain allowed."",""reviewer"":""AI-assisted linguistic review"",""sources"":[]}","{""headwordIndex"":2953,""translationIndex"":1,""english"":""AGES"",""original"":""عصور"",""status"":""approved"",""register"":""msa"",""confidence"":""high"",""allowedForEnToAr"":true,""allowedForArToEn"":true,""preferredForEnToAr"":true,""preferredForArToEn"":true,""partOfSpeech"":""noun"",""sense"":""eras"",""reasonCode"":""batch005-qa-independent-pass"",""reason"":""عصور naturally names historical ages/eras."",""reviewer"":""AI-assisted linguistic review"",""sources"":[]}","عصور naturally names historical ages/eras.","high"
"1902:2","{""headwordIndex"":1902,""translationIndex"":2,""english"":""MASS"",""original"":""قداس"",""status"":""approved"",""register"":""msa"",""confidence"":""high"",""allowedForEnToAr"":true,""allowedForArToEn"":true,""preferredForEnToAr"":true,""preferredForArToEn"":true,""partOfSpeech"":""noun"",""sense"":""religious service"",""reasonCode"":""natural-preferred"",""reason"":""MASS — قداس (religious service): Natural learner-facing equivalent for this English sense; preferred in both directions. Valid synonyms remain allowed."",""reviewer"":""AI-assisted linguistic review"",""sources"":[]}","{""headwordIndex"":1902,""translationIndex"":2,""english"":""MASS"",""original"":""قداس"",""status"":""approved"",""register"":""msa"",""confidence"":""high"",""allowedForEnToAr"":true,""allowedForArToEn"":true,""preferredForEnToAr"":true,""preferredForArToEn"":true,""partOfSpeech"":""noun"",""sense"":""religious service"",""reasonCode"":""batch005-qa-independent-pass"",""reason"":""قداس is the religious-service sense of mass, not physical quantity."",""reviewer"":""AI-assisted linguistic review"",""sources"":[]}","قداس is the religious-service sense of mass, not physical quantity.","high"
"2682:3","{""headwordIndex"":2682,""translationIndex"":3,""english"":""APPEAL"",""original"":""الاستئناف"",""status"":""approved"",""register"":""msa"",""confidence"":""high"",""allowedForEnToAr"":true,""allowedForArToEn"":true,""preferredForEnToAr"":false,""preferredForArToEn"":false,""partOfSpeech"":""noun"",""sense"":""legal challenge"",""reasonCode"":""valid-alternative"",""reason"":""APPEAL — الاستئناف (legal challenge): Valid natural MSA equivalent or grammatical/article variant. Allowed in both directions; nonpreference is not exclusion."",""reviewer"":""AI-assisted linguistic review"",""sources"":[]}","{""headwordIndex"":2682,""translationIndex"":3,""english"":""APPEAL"",""original"":""الاستئناف"",""status"":""approved"",""register"":""msa"",""confidence"":""high"",""allowedForEnToAr"":true,""allowedForArToEn"":true,""preferredForEnToAr"":false,""preferredForArToEn"":false,""partOfSpeech"":""noun"",""sense"":""legal challenge"",""reasonCode"":""batch005-qa-independent-pass"",""reason"":""The appeal noun is a legal challenge, distinct from a general request."",""reviewer"":""AI-assisted linguistic review"",""sources"":[]}","The appeal noun is a legal challenge, distinct from a general request.","high"
"2031:5","{""headwordIndex"":2031,""translationIndex"":5,""english"":""RECOVERY"",""original"":""الاسترداد"",""status"":""approved"",""register"":""msa"",""confidence"":""high"",""allowedForEnToAr"":true,""allowedForArToEn"":true,""preferredForEnToAr"":false,""preferredForArToEn"":false,""partOfSpeech"":""noun"",""sense"":""retrieval"",""reasonCode"":""valid-alternative"",""reason"":""RECOVERY — الاسترداد (retrieval): Valid natural MSA equivalent or grammatical/article variant. Allowed in both directions; nonpreference is not exclusion."",""reviewer"":""AI-assisted linguistic review"",""sources"":[]}","{""headwordIndex"":2031,""translationIndex"":5,""english"":""RECOVERY"",""original"":""الاسترداد"",""status"":""approved"",""register"":""msa"",""confidence"":""high"",""allowedForEnToAr"":true,""allowedForArToEn"":true,""preferredForEnToAr"":false,""preferredForArToEn"":false,""partOfSpeech"":""noun"",""sense"":""retrieval"",""reasonCode"":""batch005-qa-independent-pass"",""reason"":""الاسترداد expresses recovering/retrieving something rather than health recovery."",""reviewer"":""AI-assisted linguistic review"",""sources"":[]}","الاسترداد expresses recovering/retrieving something rather than health recovery.","high"
"1989:1","{""headwordIndex"":1989,""translationIndex"":1,""english"":""DATES"",""original"":""المواعيد"",""status"":""approved"",""register"":""msa"",""confidence"":""high"",""allowedForEnToAr"":true,""allowedForArToEn"":true,""preferredForEnToAr"":false,""preferredForArToEn"":false,""partOfSpeech"":""noun"",""sense"":""appointments"",""reasonCode"":""valid-alternative"",""reason"":""DATES — المواعيد (appointments): Valid natural MSA equivalent or grammatical/article variant. Allowed in both directions; nonpreference is not exclusion."",""reviewer"":""AI-assisted linguistic review"",""sources"":[]}","{""headwordIndex"":1989,""translationIndex"":1,""english"":""DATES"",""original"":""المواعيد"",""status"":""approved"",""register"":""msa"",""confidence"":""high"",""allowedForEnToAr"":true,""allowedForArToEn"":true,""preferredForEnToAr"":false,""preferredForArToEn"":false,""partOfSpeech"":""noun"",""sense"":""appointments"",""reasonCode"":""batch005-qa-independent-pass"",""reason"":""المواعيد expresses dates as appointments, distinct from calendar dates."",""reviewer"":""AI-assisted linguistic review"",""sources"":[]}","المواعيد expresses dates as appointments, distinct from calendar dates.","high"
"2355:0","{""headwordIndex"":2355,""translationIndex"":0,""english"":""SIGNS"",""original"":""العلامات"",""status"":""approved"",""register"":""msa"",""confidence"":""high"",""allowedForEnToAr"":true,""allowedForArToEn"":true,""preferredForEnToAr"":false,""preferredForArToEn"":false,""partOfSpeech"":""noun"",""reasonCode"":""valid-alternative"",""reason"":""SIGNS — العلامات: Valid natural MSA equivalent or grammatical/article variant. Allowed in both directions; nonpreference is not exclusion."",""reviewer"":""AI-assisted linguistic review"",""sources"":[]}","{""headwordIndex"":2355,""translationIndex"":0,""english"":""SIGNS"",""original"":""العلامات"",""status"":""approved"",""register"":""msa"",""confidence"":""high"",""allowedForEnToAr"":true,""allowedForArToEn"":true,""preferredForEnToAr"":false,""preferredForArToEn"":false,""partOfSpeech"":""noun"",""reasonCode"":""batch005-qa-independent-pass"",""reason"":""Standard signs noun with article."",""reviewer"":""AI-assisted linguistic review"",""sources"":[]}","Standard signs noun with article.","high"
"2706:4","{""headwordIndex"":2706,""translationIndex"":4,""english"":""DRESS"",""original"":""لباس"",""status"":""approved"",""register"":""msa"",""confidence"":""high"",""allowedForEnToAr"":true,""allowedForArToEn"":true,""preferredForEnToAr"":false,""preferredForArToEn"":false,""partOfSpeech"":""noun"",""reasonCode"":""valid-alternative"",""reason"":""DRESS — لباس: Valid natural MSA equivalent or grammatical/article variant. Allowed in both directions; nonpreference is not exclusion."",""reviewer"":""AI-assisted linguistic review"",""sources"":[]}","{""headwordIndex"":2706,""translationIndex"":4,""english"":""DRESS"",""original"":""لباس"",""status"":""approved"",""register"":""msa"",""confidence"":""high"",""allowedForEnToAr"":true,""allowedForArToEn"":true,""preferredForEnToAr"":false,""preferredForArToEn"":false,""partOfSpeech"":""noun"",""reasonCode"":""batch005-qa-independent-pass"",""reason"":""لباس names dress/clothing generally and is a valid noun sense."",""reviewer"":""AI-assisted linguistic review"",""sources"":[]}","لباس names dress/clothing generally and is a valid noun sense.","high"
"6213:1","{""headwordIndex"":6213,""translationIndex"":1,""english"":""SILENCE"",""original"":""الصمت"",""status"":""approved"",""register"":""msa"",""confidence"":""high"",""allowedForEnToAr"":true,""allowedForArToEn"":true,""preferredForEnToAr"":false,""preferredForArToEn"":false,""partOfSpeech"":""noun"",""reasonCode"":""valid-alternative"",""reason"":""SILENCE — الصمت: Valid natural MSA equivalent or grammatical/article variant. Allowed in both directions; nonpreference is not exclusion."",""reviewer"":""AI-assisted linguistic review"",""sources"":[]}","{""headwordIndex"":6213,""translationIndex"":1,""english"":""SILENCE"",""original"":""الصمت"",""status"":""approved"",""register"":""msa"",""confidence"":""high"",""allowedForEnToAr"":true,""allowedForArToEn"":true,""preferredForEnToAr"":false,""preferredForArToEn"":false,""partOfSpeech"":""noun"",""reasonCode"":""batch005-qa-independent-pass"",""reason"":""Standard silence noun with article."",""reviewer"":""AI-assisted linguistic review"",""sources"":[]}","Standard silence noun with article.","high"
"2227:1","{""headwordIndex"":2227,""translationIndex"":1,""english"":""BOAT"",""original"":""القارب"",""status"":""approved"",""register"":""msa"",""confidence"":""high"",""allowedForEnToAr"":true,""allowedForArToEn"":true,""preferredForEnToAr"":false,""preferredForArToEn"":false,""partOfSpeech"":""noun"",""reasonCode"":""valid-alternative"",""reason"":""BOAT — القارب: Valid natural MSA equivalent or grammatical/article variant. Allowed in both directions; nonpreference is not exclusion."",""reviewer"":""AI-assisted linguistic review"",""sources"":[]}","{""headwordIndex"":2227,""translationIndex"":1,""english"":""BOAT"",""original"":""القارب"",""status"":""approved"",""register"":""msa"",""confidence"":""high"",""allowedForEnToAr"":true,""allowedForArToEn"":true,""preferredForEnToAr"":false,""preferredForArToEn"":false,""partOfSpeech"":""noun"",""reasonCode"":""batch005-qa-independent-pass"",""reason"":""Standard boat noun with article."",""reviewer"":""AI-assisted linguistic review"",""sources"":[]}","Standard boat noun with article.","high"
"2048:4","{""headwordIndex"":2048,""translationIndex"":4,""english"":""ORANGE"",""original"":""برتقالية"",""status"":""approved"",""register"":""msa"",""confidence"":""high"",""allowedForEnToAr"":true,""allowedForArToEn"":true,""preferredForEnToAr"":false,""preferredForArToEn"":false,""partOfSpeech"":""adjective"",""reasonCode"":""valid-alternative"",""reason"":""ORANGE — برتقالية: Valid natural MSA equivalent or grammatical/article variant. Allowed in both directions; nonpreference is not exclusion."",""reviewer"":""AI-assisted linguistic review"",""sources"":[]}","{""headwordIndex"":2048,""translationIndex"":4,""english"":""ORANGE"",""original"":""برتقالية"",""status"":""approved"",""register"":""msa"",""confidence"":""high"",""allowedForEnToAr"":true,""allowedForArToEn"":true,""preferredForEnToAr"":false,""preferredForArToEn"":false,""partOfSpeech"":""adjective"",""reasonCode"":""batch005-qa-independent-pass"",""reason"":""The feminine orange-color adjective is valid."",""reviewer"":""AI-assisted linguistic review"",""sources"":[]}","The feminine orange-color adjective is valid.","high"
"1662:1","{""headwordIndex"":1662,""translationIndex"":1,""english"":""IMPLEMENTATION"",""original"":""التنفيذ"",""status"":""approved"",""register"":""msa"",""confidence"":""high"",""allowedForEnToAr"":true,""allowedForArToEn"":true,""preferredForEnToAr"":false,""preferredForArToEn"":false,""partOfSpeech"":""noun"",""reasonCode"":""valid-alternative"",""reason"":""IMPLEMENTATION — التنفيذ: Valid natural MSA equivalent or grammatical/article variant. Allowed in both directions; nonpreference is not exclusion."",""reviewer"":""AI-assisted linguistic review"",""sources"":[]}","{""headwordIndex"":1662,""translationIndex"":1,""english"":""IMPLEMENTATION"",""original"":""التنفيذ"",""status"":""approved"",""register"":""msa"",""confidence"":""high"",""allowedForEnToAr"":true,""allowedForArToEn"":true,""preferredForEnToAr"":false,""preferredForArToEn"":false,""partOfSpeech"":""noun"",""reasonCode"":""batch005-qa-independent-pass"",""reason"":""Standard implementation noun with article."",""reviewer"":""AI-assisted linguistic review"",""sources"":[]}","Standard implementation noun with article.","high"
"4236:0","{""headwordIndex"":4236,""translationIndex"":0,""english"":""SHADOW"",""original"":""الظل"",""status"":""approved"",""register"":""msa"",""confidence"":""high"",""allowedForEnToAr"":true,""allowedForArToEn"":true,""preferredForEnToAr"":false,""preferredForArToEn"":false,""partOfSpeech"":""noun"",""reasonCode"":""valid-alternative"",""reason"":""SHADOW — الظل: Valid natural MSA equivalent or grammatical/article variant. Allowed in both directions; nonpreference is not exclusion."",""reviewer"":""AI-assisted linguistic review"",""sources"":[]}","{""headwordIndex"":4236,""translationIndex"":0,""english"":""SHADOW"",""original"":""الظل"",""status"":""approved"",""register"":""msa"",""confidence"":""high"",""allowedForEnToAr"":true,""allowedForArToEn"":true,""preferredForEnToAr"":false,""preferredForArToEn"":false,""partOfSpeech"":""noun"",""reasonCode"":""batch005-qa-independent-pass"",""reason"":""Standard shadow noun with article."",""reviewer"":""AI-assisted linguistic review"",""sources"":[]}","Standard shadow noun with article.","high"
"5337:0","{""headwordIndex"":5337,""translationIndex"":0,""english"":""HONEST"",""original"":""صادقة"",""status"":""approved"",""register"":""msa"",""confidence"":""high"",""allowedForEnToAr"":true,""allowedForArToEn"":true,""preferredForEnToAr"":false,""preferredForArToEn"":false,""partOfSpeech"":""adjective"",""reasonCode"":""valid-alternative"",""reason"":""HONEST — صادقة: Valid natural MSA equivalent or grammatical/article variant. Allowed in both directions; nonpreference is not exclusion."",""reviewer"":""AI-assisted linguistic review"",""sources"":[]}","{""headwordIndex"":5337,""translationIndex"":0,""english"":""HONEST"",""original"":""صادقة"",""status"":""approved"",""register"":""msa"",""confidence"":""high"",""allowedForEnToAr"":true,""allowedForArToEn"":true,""preferredForEnToAr"":false,""preferredForArToEn"":false,""partOfSpeech"":""adjective"",""reasonCode"":""batch005-qa-independent-pass"",""reason"":""The feminine honest adjective is valid, not a separate invented sense."",""reviewer"":""AI-assisted linguistic review"",""sources"":[]}","The feminine honest adjective is valid, not a separate invented sense.","high"
"2052:2","{""headwordIndex"":2052,""translationIndex"":2,""english"":""THEME"",""original"":""الموضوع"",""status"":""approved"",""register"":""msa"",""confidence"":""high"",""allowedForEnToAr"":true,""allowedForArToEn"":true,""preferredForEnToAr"":false,""preferredForArToEn"":false,""partOfSpeech"":""noun"",""reasonCode"":""valid-alternative"",""reason"":""THEME — الموضوع: Valid natural MSA equivalent or grammatical/article variant. Allowed in both directions; nonpreference is not exclusion."",""reviewer"":""AI-assisted linguistic review"",""sources"":[]}","{""headwordIndex"":2052,""translationIndex"":2,""english"":""THEME"",""original"":""الموضوع"",""status"":""approved"",""register"":""msa"",""confidence"":""high"",""allowedForEnToAr"":true,""allowedForArToEn"":true,""preferredForEnToAr"":false,""preferredForArToEn"":false,""partOfSpeech"":""noun"",""reasonCode"":""batch005-qa-independent-pass"",""reason"":""الموضوع naturally expresses the subject/theme noun."",""reviewer"":""AI-assisted linguistic review"",""sources"":[]}","الموضوع naturally expresses the subject/theme noun.","high"
"1761:1","{""headwordIndex"":1761,""translationIndex"":1,""english"":""ELEMENTS"",""original"":""العناصر"",""status"":""approved"",""register"":""msa"",""confidence"":""high"",""allowedForEnToAr"":true,""allowedForArToEn"":true,""preferredForEnToAr"":false,""preferredForArToEn"":false,""partOfSpeech"":""noun"",""reasonCode"":""valid-alternative"",""reason"":""ELEMENTS — العناصر: Valid natural MSA equivalent or grammatical/article variant. Allowed in both directions; nonpreference is not exclusion."",""reviewer"":""AI-assisted linguistic review"",""sources"":[]}","{""headwordIndex"":1761,""translationIndex"":1,""english"":""ELEMENTS"",""original"":""العناصر"",""status"":""approved"",""register"":""msa"",""confidence"":""high"",""allowedForEnToAr"":true,""allowedForArToEn"":true,""preferredForEnToAr"":false,""preferredForArToEn"":false,""partOfSpeech"":""noun"",""reasonCode"":""batch005-qa-independent-pass"",""reason"":""Standard plural elements with article."",""reviewer"":""AI-assisted linguistic review"",""sources"":[]}","Standard plural elements with article.","high"
"2642:0","{""headwordIndex"":2642,""translationIndex"":0,""english"":""AHEAD"",""original"":""في المستقبل"",""status"":""approved"",""register"":""msa"",""confidence"":""high"",""allowedForEnToAr"":true,""allowedForArToEn"":true,""preferredForEnToAr"":true,""preferredForArToEn"":true,""partOfSpeech"":""adverb"",""reasonCode"":""natural-preferred"",""reason"":""AHEAD — في المستقبل: Natural learner-facing equivalent for this English sense; preferred in both directions. Valid synonyms remain allowed."",""reviewer"":""AI-assisted linguistic review"",""sources"":[]}","{""headwordIndex"":2642,""translationIndex"":0,""english"":""AHEAD"",""original"":""في المستقبل"",""status"":""approved"",""register"":""msa"",""confidence"":""high"",""allowedForEnToAr"":true,""allowedForArToEn"":true,""preferredForEnToAr"":true,""preferredForArToEn"":true,""partOfSpeech"":""adverb"",""reasonCode"":""batch005-qa-independent-pass"",""reason"":""In the future naturally expresses the temporal ahead sense."",""reviewer"":""AI-assisted linguistic review"",""sources"":[]}","In the future naturally expresses the temporal ahead sense.","high"
"7609:2","{""headwordIndex"":7609,""translationIndex"":2,""english"":""SUNRISE"",""original"":""شروق الشمس"",""status"":""approved"",""register"":""msa"",""confidence"":""high"",""allowedForEnToAr"":true,""allowedForArToEn"":true,""preferredForEnToAr"":true,""preferredForArToEn"":true,""partOfSpeech"":""noun"",""reasonCode"":""natural-preferred"",""reason"":""SUNRISE — شروق الشمس: Natural learner-facing equivalent for this English sense; preferred in both directions. Valid synonyms remain allowed."",""reviewer"":""AI-assisted linguistic review"",""sources"":[]}","{""headwordIndex"":7609,""translationIndex"":2,""english"":""SUNRISE"",""original"":""شروق الشمس"",""status"":""approved"",""register"":""msa"",""confidence"":""high"",""allowedForEnToAr"":true,""allowedForArToEn"":true,""preferredForEnToAr"":true,""preferredForArToEn"":true,""partOfSpeech"":""noun"",""reasonCode"":""batch005-qa-independent-pass"",""reason"":""The naturally spaced phrase explicitly means sunrise."",""reviewer"":""AI-assisted linguistic review"",""sources"":[]}","The naturally spaced phrase explicitly means sunrise.","high"
"3068:2","{""headwordIndex"":3068,""translationIndex"":2,""english"":""POLL"",""original"":""استطلاع الرأي"",""status"":""approved"",""register"":""msa"",""confidence"":""high"",""allowedForEnToAr"":true,""allowedForArToEn"":true,""preferredForEnToAr"":true,""preferredForArToEn"":true,""partOfSpeech"":""noun"",""reasonCode"":""natural-preferred"",""reason"":""POLL — استطلاع الرأي: Natural learner-facing equivalent for this English sense; preferred in both directions. Valid synonyms remain allowed."",""reviewer"":""AI-assisted linguistic review"",""sources"":[]}","{""headwordIndex"":3068,""translationIndex"":2,""english"":""POLL"",""original"":""استطلاع الرأي"",""status"":""approved"",""register"":""msa"",""confidence"":""high"",""allowedForEnToAr"":true,""allowedForArToEn"":true,""preferredForEnToAr"":true,""preferredForArToEn"":true,""partOfSpeech"":""noun"",""reasonCode"":""batch005-qa-independent-pass"",""reason"":""The naturally spaced opinion-poll phrase is a good learner equivalent."",""reviewer"":""AI-assisted linguistic review"",""sources"":[]}","The naturally spaced opinion-poll phrase is a good learner equivalent.","high"
"1950:3","{""headwordIndex"":1950,""translationIndex"":3,""english"":""FLIGHT"",""original"":""رحلة طيران"",""status"":""approved"",""register"":""msa"",""confidence"":""high"",""allowedForEnToAr"":true,""allowedForArToEn"":true,""preferredForEnToAr"":true,""preferredForArToEn"":true,""partOfSpeech"":""noun"",""reasonCode"":""natural-preferred"",""reason"":""FLIGHT — رحلة طيران: Natural learner-facing equivalent for this English sense; preferred in both directions. Valid synonyms remain allowed."",""reviewer"":""AI-assisted linguistic review"",""sources"":[]}","{""headwordIndex"":1950,""translationIndex"":3,""english"":""FLIGHT"",""original"":""رحلة طيران"",""status"":""approved"",""register"":""msa"",""confidence"":""high"",""allowedForEnToAr"":true,""allowedForArToEn"":true,""preferredForEnToAr"":true,""preferredForArToEn"":true,""partOfSpeech"":""noun"",""reasonCode"":""batch005-qa-independent-pass"",""reason"":""The phrase explicitly means an air flight."",""reviewer"":""AI-assisted linguistic review"",""sources"":[]}","The phrase explicitly means an air flight.","high"
"3292:0","{""headwordIndex"":3292,""translationIndex"":0,""english"":""PATENT"",""original"":""براءة اختراع"",""status"":""approved"",""register"":""msa"",""confidence"":""high"",""allowedForEnToAr"":true,""allowedForArToEn"":true,""preferredForEnToAr"":true,""preferredForArToEn"":true,""partOfSpeech"":""noun"",""reasonCode"":""natural-preferred"",""reason"":""PATENT — براءة اختراع: Natural learner-facing equivalent for this English sense; preferred in both directions. Valid synonyms remain allowed."",""reviewer"":""AI-assisted linguistic review"",""sources"":[]}","{""headwordIndex"":3292,""translationIndex"":0,""english"":""PATENT"",""original"":""براءة اختراع"",""status"":""approved"",""register"":""msa"",""confidence"":""high"",""allowedForEnToAr"":true,""allowedForArToEn"":true,""preferredForEnToAr"":true,""preferredForArToEn"":true,""partOfSpeech"":""noun"",""reasonCode"":""batch005-qa-independent-pass"",""reason"":""The standard naturally spaced patent phrase is appropriate."",""reviewer"":""AI-assisted linguistic review"",""sources"":[]}","The standard naturally spaced patent phrase is appropriate.","high"
"3008:0","{""headwordIndex"":3008,""translationIndex"":0,""english"":""ANYWAY"",""original"":""على أية حال"",""status"":""approved"",""register"":""msa"",""confidence"":""high"",""allowedForEnToAr"":true,""allowedForArToEn"":true,""preferredForEnToAr"":true,""preferredForArToEn"":true,""partOfSpeech"":""adverb"",""reasonCode"":""natural-preferred"",""reason"":""ANYWAY — على أية حال: Natural learner-facing equivalent for this English sense; preferred in both directions. Valid synonyms remain allowed."",""reviewer"":""AI-assisted linguistic review"",""sources"":[]}","{""headwordIndex"":3008,""translationIndex"":0,""english"":""ANYWAY"",""original"":""على أية حال"",""status"":""approved"",""register"":""msa"",""confidence"":""high"",""allowedForEnToAr"":true,""allowedForArToEn"":true,""preferredForEnToAr"":true,""preferredForArToEn"":true,""partOfSpeech"":""adverb"",""reasonCode"":""batch005-qa-independent-pass"",""reason"":""The phrase naturally expresses anyway/in any case."",""reviewer"":""AI-assisted linguistic review"",""sources"":[]}","The phrase naturally expresses anyway/in any case.","high"
"1931:1","{""headwordIndex"":1931,""translationIndex"":1,""english"":""ENABLE"",""original"":""تمكين"",""status"":""approved"",""register"":""msa"",""confidence"":""high"",""allowedForEnToAr"":true,""allowedForArToEn"":true,""preferredForEnToAr"":false,""preferredForArToEn"":false,""partOfSpeech"":""verb"",""reasonCode"":""valid-alternative"",""reason"":""ENABLE — تمكين: Valid natural MSA equivalent or grammatical/article variant. Allowed in both directions; nonpreference is not exclusion."",""reviewer"":""AI-assisted linguistic review"",""sources"":[]}","{""headwordIndex"":1931,""translationIndex"":1,""english"":""ENABLE"",""original"":""تمكين"",""status"":""approved"",""register"":""msa"",""confidence"":""high"",""allowedForEnToAr"":true,""allowedForArToEn"":true,""preferredForEnToAr"":false,""preferredForArToEn"":false,""partOfSpeech"":""verb"",""reasonCode"":""batch005-qa-independent-pass"",""reason"":""The action citation تمكين is a natural equivalent for the English infinitive enable."",""reviewer"":""AI-assisted linguistic review"",""sources"":[]}","The action citation تمكين is a natural equivalent for the English infinitive enable.","high"
"2110:0","{""headwordIndex"":2110,""translationIndex"":0,""english"":""DEFINE"",""original"":""عرف"",""status"":""approved"",""register"":""msa"",""confidence"":""high"",""allowedForEnToAr"":true,""allowedForArToEn"":true,""preferredForEnToAr"":true,""preferredForArToEn"":true,""partOfSpeech"":""verb"",""reasonCode"":""natural-preferred"",""reason"":""DEFINE — عرف: Natural learner-facing equivalent for this English sense; preferred in both directions. Valid synonyms remain allowed."",""reviewer"":""AI-assisted linguistic review"",""sources"":[]}","{""headwordIndex"":2110,""translationIndex"":0,""english"":""DEFINE"",""original"":""عرف"",""status"":""approved"",""register"":""msa"",""confidence"":""high"",""allowedForEnToAr"":true,""allowedForArToEn"":true,""preferredForEnToAr"":true,""preferredForArToEn"":true,""partOfSpeech"":""verb"",""reasonCode"":""batch005-qa-independent-pass"",""reason"":""عرف can be read عرّف, define; lack of vowel/shadda marks does not invalidate the verb."",""reviewer"":""AI-assisted linguistic review"",""sources"":[]}","عرف can be read عرّف, define; lack of vowel/shadda marks does not invalidate the verb.","high"
"3097:0","{""headwordIndex"":3097,""translationIndex"":0,""english"":""KILLED"",""original"":""قتل"",""status"":""approved"",""register"":""msa"",""confidence"":""high"",""allowedForEnToAr"":true,""allowedForArToEn"":true,""preferredForEnToAr"":true,""preferredForArToEn"":true,""partOfSpeech"":""verb"",""reasonCode"":""natural-preferred"",""reason"":""KILLED — قتل: Natural learner-facing equivalent for this English sense; preferred in both directions. Valid synonyms remain allowed."",""reviewer"":""AI-assisted linguistic review"",""sources"":[]}","{""headwordIndex"":3097,""translationIndex"":0,""english"":""KILLED"",""original"":""قتل"",""status"":""approved"",""register"":""msa"",""confidence"":""high"",""allowedForEnToAr"":true,""allowedForArToEn"":true,""preferredForEnToAr"":true,""preferredForArToEn"":true,""partOfSpeech"":""verb"",""reasonCode"":""batch005-qa-independent-pass"",""reason"":""قتل supports killed in the past verbal reading."",""reviewer"":""AI-assisted linguistic review"",""sources"":[]}","قتل supports killed in the past verbal reading.","high"
"2071:1","{""headwordIndex"":2071,""translationIndex"":1,""english"":""TOUCH"",""original"":""لمس"",""status"":""approved"",""register"":""msa"",""confidence"":""high"",""allowedForEnToAr"":true,""allowedForArToEn"":true,""preferredForEnToAr"":true,""preferredForArToEn"":true,""partOfSpeech"":""verb"",""reasonCode"":""natural-preferred"",""reason"":""TOUCH — لمس: Natural learner-facing equivalent for this English sense; preferred in both directions. Valid synonyms remain allowed."",""reviewer"":""AI-assisted linguistic review"",""sources"":[]}","{""headwordIndex"":2071,""translationIndex"":1,""english"":""TOUCH"",""original"":""لمس"",""status"":""approved"",""register"":""msa"",""confidence"":""high"",""allowedForEnToAr"":true,""allowedForArToEn"":true,""preferredForEnToAr"":true,""preferredForArToEn"":true,""partOfSpeech"":""verb"",""reasonCode"":""batch005-qa-independent-pass"",""reason"":""لمس naturally expresses the touching action."",""reviewer"":""AI-assisted linguistic review"",""sources"":[]}","لمس naturally expresses the touching action.","high"
"2244:0","{""headwordIndex"":2244,""translationIndex"":0,""english"":""DELETE"",""original"":""يحذف"",""status"":""approved"",""register"":""msa"",""confidence"":""high"",""allowedForEnToAr"":true,""allowedForArToEn"":true,""preferredForEnToAr"":true,""preferredForArToEn"":true,""partOfSpeech"":""verb"",""reasonCode"":""natural-preferred"",""reason"":""DELETE — يحذف: Natural learner-facing equivalent for this English sense; preferred in both directions. Valid synonyms remain allowed."",""reviewer"":""AI-assisted linguistic review"",""sources"":[]}","{""headwordIndex"":2244,""translationIndex"":0,""english"":""DELETE"",""original"":""يحذف"",""status"":""approved"",""register"":""msa"",""confidence"":""high"",""allowedForEnToAr"":true,""allowedForArToEn"":true,""preferredForEnToAr"":true,""preferredForArToEn"":true,""partOfSpeech"":""verb"",""reasonCode"":""batch005-qa-independent-pass"",""reason"":""يحذف naturally expresses the verb delete."",""reviewer"":""AI-assisted linguistic review"",""sources"":[]}","يحذف naturally expresses the verb delete.","high"
"5188:3","{""headwordIndex"":5188,""translationIndex"":3,""english"":""ANNOUNCE"",""original"":""إعلان"",""status"":""approved"",""register"":""msa"",""confidence"":""high"",""allowedForEnToAr"":true,""allowedForArToEn"":true,""preferredForEnToAr"":false,""preferredForArToEn"":false,""partOfSpeech"":""verb"",""reasonCode"":""valid-alternative"",""reason"":""ANNOUNCE — إعلان: Valid natural MSA equivalent or grammatical/article variant. Allowed in both directions; nonpreference is not exclusion."",""reviewer"":""AI-assisted linguistic review"",""sources"":[]}","{""headwordIndex"":5188,""translationIndex"":3,""english"":""ANNOUNCE"",""original"":""إعلان"",""status"":""approved"",""register"":""msa"",""confidence"":""high"",""allowedForEnToAr"":true,""allowedForArToEn"":true,""preferredForEnToAr"":false,""preferredForArToEn"":false,""partOfSpeech"":""verb"",""reasonCode"":""batch005-qa-independent-pass"",""reason"":""إعلان is an accepted Arabic action citation for announce; English POS remains verb."",""reviewer"":""AI-assisted linguistic review"",""sources"":[]}","إعلان is an accepted Arabic action citation for announce; English POS remains verb.","high"
"3017:1","{""headwordIndex"":3017,""translationIndex"":1,""english"":""CIRCLE"",""original"":""دائرة"",""status"":""approved"",""register"":""msa"",""confidence"":""high"",""allowedForEnToAr"":true,""allowedForArToEn"":true,""preferredForEnToAr"":true,""preferredForArToEn"":true,""partOfSpeech"":""noun"",""reasonCode"":""natural-preferred"",""reason"":""CIRCLE — دائرة: Natural learner-facing equivalent for this English sense; preferred in both directions. Valid synonyms remain allowed."",""reviewer"":""AI-assisted linguistic review"",""sources"":[]}","{""headwordIndex"":3017,""translationIndex"":1,""english"":""CIRCLE"",""original"":""دائرة"",""status"":""approved"",""register"":""msa"",""confidence"":""high"",""allowedForEnToAr"":true,""allowedForArToEn"":true,""preferredForEnToAr"":true,""preferredForArToEn"":true,""partOfSpeech"":""noun"",""reasonCode"":""batch005-qa-independent-pass"",""reason"":""Natural circle noun."",""reviewer"":""AI-assisted linguistic review"",""sources"":[]}","Natural circle noun.","high"
"2729:4","{""headwordIndex"":2729,""translationIndex"":4,""english"":""FRAMES"",""original"":""إطارات"",""status"":""approved"",""register"":""msa"",""confidence"":""high"",""allowedForEnToAr"":true,""allowedForArToEn"":true,""preferredForEnToAr"":true,""preferredForArToEn"":true,""partOfSpeech"":""noun"",""reasonCode"":""natural-preferred"",""reason"":""FRAMES — إطارات: Natural learner-facing equivalent for this English sense; preferred in both directions. Valid synonyms remain allowed."",""reviewer"":""AI-assisted linguistic review"",""sources"":[]}","{""headwordIndex"":2729,""translationIndex"":4,""english"":""FRAMES"",""original"":""إطارات"",""status"":""approved"",""register"":""msa"",""confidence"":""high"",""allowedForEnToAr"":true,""allowedForArToEn"":true,""preferredForEnToAr"":true,""preferredForArToEn"":true,""partOfSpeech"":""noun"",""reasonCode"":""batch005-qa-independent-pass"",""reason"":""The correctly spelled frames plural is natural."",""reviewer"":""AI-assisted linguistic review"",""sources"":[]}","The correctly spelled frames plural is natural.","high"
"2151:1","{""headwordIndex"":2151,""translationIndex"":1,""english"":""PLACED"",""original"":""وضعت"",""status"":""approved"",""register"":""msa"",""confidence"":""high"",""allowedForEnToAr"":true,""allowedForArToEn"":true,""preferredForEnToAr"":false,""preferredForArToEn"":false,""partOfSpeech"":""verb"",""reasonCode"":""valid-alternative"",""reason"":""PLACED — وضعت: Valid natural MSA equivalent or grammatical/article variant. Allowed in both directions; nonpreference is not exclusion."",""reviewer"":""AI-assisted linguistic review"",""sources"":[]}","{""headwordIndex"":2151,""translationIndex"":1,""english"":""PLACED"",""original"":""وضعت"",""status"":""approved"",""register"":""msa"",""confidence"":""high"",""allowedForEnToAr"":true,""allowedForArToEn"":true,""preferredForEnToAr"":false,""preferredForArToEn"":false,""partOfSpeech"":""verb"",""reasonCode"":""batch005-qa-independent-pass"",""reason"":""The past verb placed has a natural Arabic finite form."",""reviewer"":""AI-assisted linguistic review"",""sources"":[]}","The past verb placed has a natural Arabic finite form.","high"
"5785:2","{""headwordIndex"":5785,""translationIndex"":2,""english"":""INVEST"",""original"":""استثمار"",""status"":""approved"",""register"":""msa"",""confidence"":""high"",""allowedForEnToAr"":true,""allowedForArToEn"":true,""preferredForEnToAr"":false,""preferredForArToEn"":false,""partOfSpeech"":""verb"",""reasonCode"":""valid-alternative"",""reason"":""INVEST — استثمار: Valid natural MSA equivalent or grammatical/article variant. Allowed in both directions; nonpreference is not exclusion."",""reviewer"":""AI-assisted linguistic review"",""sources"":[]}","{""headwordIndex"":5785,""translationIndex"":2,""english"":""INVEST"",""original"":""استثمار"",""status"":""approved"",""register"":""msa"",""confidence"":""high"",""allowedForEnToAr"":true,""allowedForArToEn"":true,""preferredForEnToAr"":false,""preferredForArToEn"":false,""partOfSpeech"":""verb"",""reasonCode"":""batch005-qa-independent-pass"",""reason"":""استثمار naturally cites the investing action; surface infinitive morphology need not match."",""reviewer"":""AI-assisted linguistic review"",""sources"":[]}","استثمار naturally cites the investing action; surface infinitive morphology need not match.","high"
