experiment,seed,size,mode,policy,success,reason,templatesDiscovered,viableTemplates,templatesAttempted,solverAttempts,constructEmpty,maximumDepth,slotSelections,selectedDomainTotal,lookups,examined,duplicateVisits,lookupMs,placementMs,validationMs,backtracks,forwardFailures,mrvDeadEnds,observedDeadlineExits,buildRejections,validationErrors
"baseline","1","7","ar_to_en","compatibility","true","success","24","24","1","1","0","22","42","1050","494","null","null","4.682624999990139","0.038788999999269436","0.5060419999999795","20","40","0","0","[]","[]"
"baseline","1","7","ar_to_en","approved-only","false","observed_deadline_no_complete_fill","24","24","24","24","24","16","106113","306606","1712630","null","null","2061.5647919994444","22.51242600012779","0","106136","194726","47","129","[]","[]"
"baseline","1","9","ar_to_en","compatibility","true","success","24","24","8","8","7","31","52950","123841","656361","null","null","913.5739820014242","7.656651999938731","0.1480410000003758","52924","65963","12","67","[]","[]"
"baseline","1","9","ar_to_en","approved-only","false","observed_deadline_no_complete_fill","24","24","24","37","37","15","77358","217426","2056320","null","null","2706.4307889967104","16.6065779999808","0","77474","138285","153","76","[]","[]"
"baseline","1","11","ar_to_en","compatibility","false","observed_deadline_no_complete_fill","24","24","24","24","24","31","50969","161318","1685912","null","null","3140.031350995083","11.621427999478328","0","50962","99713","17","136","[]","[]"
"baseline","1","11","ar_to_en","approved-only","false","observed_deadline_no_complete_fill","24","24","24","189","189","15","45337","99424","1704060","null","null","3041.5404199927852","9.470446999315755","0","45344","53450","195","61","[]","[]"
"baseline","1","13","ar_to_en","compatibility","false","observed_deadline_no_complete_fill","24","24","24","24","24","21","38249","124641","1795163","null","null","3107.1619200027308","9.70065600014641","0","38230","78014","5","128","[]","[]"
"baseline","1","13","ar_to_en","approved-only","false","no_complete_fill_deadline_not_established","24","24","24","480","480","0","480","7680","75900","null","null","70.66330899943569","1.0304149995754415","0","0","7680","0","0","[]","[]"
"baseline","1","13","en_to_ar","compatibility","false","observed_deadline_no_complete_fill","6","6","1","2","2","24","6523","22273","374471","null","null","1281.9779500026161","1.4509899997538014","0","6521","15190","0","35","[]","[]"
"baseline","1","13","en_to_ar","approved-only","false","observed_deadline_no_complete_fill","6","6","5","82","82","12","9343","24740","611423","null","null","1252.3676930025176","1.7987790001716348","0","9261","15399","0","14","[]","[]"
"baseline","2","7","ar_to_en","compatibility","true","success","24","24","1","1","0","21","4334","11475","70063","null","null","87.87790899991523","0.7503950002283091","0.10345899999811081","4332","6262","19","0","[]","[]"
"baseline","2","7","ar_to_en","approved-only","false","observed_deadline_no_complete_fill","24","24","24","24","24","16","111551","315402","1850961","null","null","2082.219087998561","23.825099000969203","0","111548","198478","18","120","[]","[]"
"baseline","2","9","ar_to_en","compatibility","true","success","24","24","2","2","1","32","6392","17027","121394","null","null","226.60577300357545","1.2575519996717048","0.16604199999710545","6359","9426","0","5","[]","[]"
"baseline","2","9","ar_to_en","approved-only","false","observed_deadline_no_complete_fill","24","24","24","36","36","18","83973","242423","2246210","null","null","2715.521095998738","18.600684998458746","0","84136","156291","198","97","[]","[]"
"baseline","2","11","ar_to_en","compatibility","false","observed_deadline_no_complete_fill","24","24","24","24","24","19","49632","156659","1684350","null","null","3139.208325012223","12.582814000052167","0","49641","96342","33","126","[]","[]"
"baseline","2","11","ar_to_en","approved-only","false","observed_deadline_no_complete_fill","24","24","24","158","158","18","45696","101532","1718523","null","null","3074.521074001146","9.46328700054437","0","45739","54921","201","59","[]","[]"
"baseline","2","13","ar_to_en","compatibility","false","observed_deadline_no_complete_fill","24","24","24","24","24","19","40151","126118","1903541","null","null","3112.293221998305","10.608769001075416","0","40151","77505","24","128","[]","[]"
"baseline","2","13","ar_to_en","approved-only","false","no_complete_fill_deadline_not_established","24","24","24","480","480","0","480","7680","75580","null","null","70.6134399998773","1.0555850004748208","0","0","7680","0","0","[]","[]"
"baseline","2","13","en_to_ar","compatibility","false","observed_deadline_no_complete_fill","6","6","1","2","2","57","38118","117902","836534","null","null","1265.409328996735","6.352444999058207","0","38116","78769","0","80","[]","[]"
"baseline","2","13","en_to_ar","approved-only","false","observed_deadline_no_complete_fill","6","6","1","2","2","21","29204","64313","1613260","null","null","1200.2522600023003","5.442246001417516","0","29209","34982","7","24","[]","[]"
"baseline","3","7","ar_to_en","compatibility","true","success","24","24","1","1","0","22","43","1025","581","null","null","2.145896000227367","0.006500000010419171","0.1254579999949783","21","36","0","0","[]","[]"
"baseline","3","7","ar_to_en","approved-only","false","observed_deadline_no_complete_fill","24","24","24","24","24","19","87495","257310","1443456","null","null","2086.172913994422","18.62237699967227","0","87500","164490","25","123","[]","[]"
"baseline","3","9","ar_to_en","compatibility","true","success","24","24","14","14","13","32","33956","99613","729902","null","null","1591.4830990066403","7.168500999381649","0.11670800000138115","33923","57380","12","81","[]","[]"
"baseline","3","9","ar_to_en","approved-only","false","observed_deadline_no_complete_fill","24","24","24","36","36","18","76125","217945","2005327","null","null","2723.3938840043556","16.91052000005584","0","76265","139568","176","89","[]","[]"
"baseline","3","11","ar_to_en","compatibility","false","observed_deadline_no_complete_fill","24","24","24","24","24","19","48193","152674","1593531","null","null","3141.65456000821","11.914872000888863","0","48184","93729","15","138","[]","[]"
"baseline","3","11","ar_to_en","approved-only","false","observed_deadline_no_complete_fill","24","24","24","175","175","14","44895","98620","1720116","null","null","3060.8108899824874","9.919614999489568","0","44986","52939","265","60","[]","[]"
"baseline","3","13","ar_to_en","compatibility","false","observed_deadline_no_complete_fill","24","24","24","24","24","25","36501","115207","1707112","null","null","3127.297334988558","10.28827799751889","0","36488","70014","10","125","[]","[]"
"baseline","3","13","ar_to_en","approved-only","false","no_complete_fill_deadline_not_established","24","24","24","480","480","0","480","7680","73880","null","null","73.85917200069525","1.049820999862277","0","0","7680","0","0","[]","[]"
"baseline","3","13","en_to_ar","compatibility","false","observed_deadline_no_complete_fill","6","6","1","2","2","40","15034","52720","592219","null","null","1285.1073929951235","3.4352360007032985","0","15032","36728","0","58","[]","[]"
"baseline","3","13","en_to_ar","approved-only","false","observed_deadline_no_complete_fill","6","6","1","2","2","59","20773","58852","1013545","null","null","1257.1553629929258","4.141403000990977","0","20862","37777","91","52","[]","[]"
"budget4","1","7","ar_to_en","approved-only","false","observed_deadline_no_complete_fill","24","24","24","28","28","16","447588","1292225","7230802","null","null","8291.735401995407","94.28046499910965","0","447649","840081","88","121","[]","[]"
"budget4","1","9","ar_to_en","compatibility","true","success","24","24","7","7","6","31","183282","430132","2310984","null","null","3089.7314669927364","26.96024999922338","0.6224579999980051","183356","242551","111","60","[]","[]"
"budget4","1","11","ar_to_en","compatibility","false","observed_deadline_no_complete_fill","24","24","24","24","24","31","209524","629049","6824400","null","null","12604.103597999881","50.36347200016098","0","209552","409453","52","145","[]","[]"
"budget4","1","11","ar_to_en","approved-only","false","observed_deadline_no_complete_fill","24","24","24","475","475","15","139275","306159","5226204","null","null","9210.12955997578","29.654414997748972","0","139410","166683","610","6","[]","[]"
"budget4","1","13","ar_to_en","compatibility","false","observed_deadline_no_complete_fill","24","24","24","24","24","27","155178","473567","7220953","null","null","12506.980566035709","40.20005399904039","0","155189","311414","35","137","[]","[]"
"budget4","1","13","ar_to_en","approved-only","false","no_complete_fill_deadline_not_established","24","24","24","480","480","0","480","7680","75900","null","null","73.33098400154267","1.0616879996377975","0","0","7680","0","0","[]","[]"
"budget4","1","13","en_to_ar","compatibility","false","observed_deadline_no_complete_fill","6","6","1","2","2","24","18974","61303","1091283","null","null","5180.7427590019215","4.695339000114473","0","18972","41778","0","37","[]","[]"
"budget4","1","13","en_to_ar","approved-only","false","observed_deadline_no_complete_fill","6","6","5","86","86","12","35902","92831","2278928","null","null","5035.792901961424","7.155016997217899","0","35816","56969","0","6","[]","[]"
"budget4","2","7","ar_to_en","approved-only","false","observed_deadline_no_complete_fill","24","24","24","27","27","18","443112","1221308","7283370","null","null","8312.295687017468","103.76299198892957","0","443235","774400","148","103","[]","[]"
"budget4","2","9","ar_to_en","compatibility","true","success","24","24","2","2","1","32","12282","32089","262232","null","null","582.8595079898951","2.800773002090864","0.2536670000117738","12249","18562","0","6","[]","[]"
"budget4","2","11","ar_to_en","compatibility","false","observed_deadline_no_complete_fill","24","24","24","24","24","23","204340","613704","6779042","null","null","12636.556515118791","57.04481700436736","0","204397","399095","81","162","[]","[]"
"budget4","2","11","ar_to_en","approved-only","false","observed_deadline_no_complete_fill","24","24","24","449","449","18","154506","344520","5765274","null","null","10020.652023010276","35.59037299643387","0","154663","189757","606","10","[]","[]"
"budget4","2","13","ar_to_en","compatibility","false","observed_deadline_no_complete_fill","24","24","24","24","24","19","162712","488552","7545140","null","null","12446.095723041377","49.32047200904344","0","162786","318731","97","131","[]","[]"
"budget4","2","13","ar_to_en","approved-only","false","no_complete_fill_deadline_not_established","24","24","24","480","480","0","480","7680","75580","null","null","71.26730799849611","1.1845589990844019","0","0","7680","0","0","[]","[]"
"budget4","2","13","en_to_ar","compatibility","false","observed_deadline_no_complete_fill","6","6","1","2","2","60","172014","562163","3366652","null","null","5106.943272046163","31.07375599021907","0","172012","389136","0","74","[]","[]"
"budget4","2","13","en_to_ar","approved-only","false","observed_deadline_no_complete_fill","6","6","1","2","2","32","108548","259293","5977028","null","null","4898.087586022419","24.980574999121018","0","108629","150486","83","33","[]","[]"
"budget4","3","7","ar_to_en","approved-only","false","observed_deadline_no_complete_fill","24","24","24","28","28","20","346928","983842","5705052","null","null","8353.51219595957","79.97725200597779","0","346972","632773","68","118","[]","[]"
"budget4","3","9","ar_to_en","compatibility","true","success","24","24","8","8","7","32","60669","173588","1402431","null","null","3626.409425996826","14.907756002183305","0.17916600001626648","60649","108264","19","43","[]","[]"
"budget4","3","11","ar_to_en","compatibility","false","observed_deadline_no_complete_fill","24","24","24","24","24","23","202973","607564","6566861","null","null","12605.722287009557","55.65521499843453","0","202979","394504","30","153","[]","[]"
"budget4","3","11","ar_to_en","approved-only","false","observed_deadline_no_complete_fill","24","24","24","473","473","14","138381","303896","5291558","null","null","9325.4816871144","33.76250298076775","0","138688","165145","780","9","[]","[]"
"budget4","3","13","ar_to_en","compatibility","false","observed_deadline_no_complete_fill","24","24","24","24","24","25","150876","450752","7083480","null","null","12499.292641846114","46.587237013765844","0","150910","292265","58","134","[]","[]"
"budget4","3","13","ar_to_en","approved-only","false","no_complete_fill_deadline_not_established","24","24","24","480","480","0","480","7680","73880","null","null","73.85874099578359","1.173677000333555","0","0","7680","0","0","[]","[]"
"budget4","3","13","en_to_ar","compatibility","false","observed_deadline_no_complete_fill","6","6","1","2","2","40","54623","188413","2022639","null","null","5143.9166499532585","13.70857799355872","0","54622","132839","0","57","[]","[]"
"budget4","3","13","en_to_ar","approved-only","false","observed_deadline_no_complete_fill","6","6","1","2","2","61","95271","249519","3251621","null","null","5182.861429993674","18.013016996497754","0","96326","152969","1057","56","[]","[]"
"templates48","1","7","ar_to_en","approved-only","false","observed_deadline_no_complete_fill","48","48","48","48","48","16","97098","285376","1585154","null","null","2066.856815985666","23.131549995217938","0","97112","176429","56","241","[]","[]"
"templates48","1","9","ar_to_en","compatibility","true","success","48","48","19","19","18","32","40347","104240","626652","null","null","1053.7211620294256","7.648281999689061","0.18537500000093132","40301","52460","3","133","[]","[]"
"templates48","1","11","ar_to_en","compatibility","false","observed_deadline_no_complete_fill","48","48","48","48","48","20","48436","167080","1649806","null","null","3126.741065080947","13.707615006278502","0","48399","96982","10","283","[]","[]"
"templates48","1","11","ar_to_en","approved-only","false","observed_deadline_no_complete_fill","48","48","48","207","207","15","43204","97901","1638771","null","null","3050.454318054195","10.422277000936447","0","43218","53157","221","110","[]","[]"
"templates48","1","13","ar_to_en","compatibility","false","observed_deadline_no_complete_fill","48","48","48","48","48","20","35816","125964","1705164","null","null","3101.0635769806104","10.7590469957795","0","35801","72891","32","232","[]","[]"
"templates48","1","13","ar_to_en","approved-only","false","no_complete_fill_deadline_not_established","48","48","48","960","960","0","960","15360","152920","null","null","144.68762600203627","2.944846998056164","0","0","15360","0","0","[]","[]"
"templates48","1","13","en_to_ar","compatibility","true","success","48","48","1","1","0","84","715","2885","21459","null","null","98.74024700964219","0.17228500009514391","0.4391250000044238","631","1419","0","0","[]","[]"
"templates48","1","13","en_to_ar","approved-only","false","observed_deadline_no_complete_fill","48","48","1","2","2","50","17510","53240","801094","null","null","1273.8877450475702","4.125330998329446","0","17510","35389","2","39","[]","[]"
"templates48","2","7","ar_to_en","approved-only","false","observed_deadline_no_complete_fill","48","48","48","48","48","14","107300","310474","1781481","null","null","2060.469896094495","25.533863009448396","0","107272","191539","16","200","[]","[]"
"templates48","2","9","ar_to_en","compatibility","true","success","48","48","11","11","10","32","10188","36788","248149","null","null","592.6167169673136","2.9109410035889596","0.2010840000002645","10149","20133","2","56","[]","[]"
"templates48","2","11","ar_to_en","compatibility","false","observed_deadline_no_complete_fill","48","48","48","48","48","22","45473","156858","1523981","null","null","3119.9698800498154","12.698510994145181","0","45461","89660","34","283","[]","[]"
"templates48","2","11","ar_to_en","approved-only","false","observed_deadline_no_complete_fill","48","48","48","189","189","18","44262","99719","1691046","null","null","3037.4168660545256","10.754648999427445","0","44296","53820","221","119","[]","[]"
"templates48","2","13","ar_to_en","compatibility","false","observed_deadline_no_complete_fill","48","48","48","48","48","20","38454","128663","1827071","null","null","3096.6694550226675","11.100854993972462","0","38454","72765","46","256","[]","[]"
"templates48","2","13","ar_to_en","approved-only","false","no_complete_fill_deadline_not_established","48","48","48","960","960","0","960","15360","150100","null","null","142.2166119532194","2.6032440004637465","0","0","15360","0","0","[]","[]"
"templates48","2","13","en_to_ar","compatibility","false","observed_deadline_no_complete_fill","48","48","1","2","2","74","73029","296814","1397098","null","null","1244.551324042026","18.53204499190906","0","73027","222499","0","102","[]","[]"
"templates48","2","13","en_to_ar","approved-only","false","observed_deadline_no_complete_fill","48","48","1","2","2","44","19564","52134","859950","null","null","1297.246571894153","4.643199004000053","0","19567","32085","4","48","[]","[]"
"templates48","3","7","ar_to_en","approved-only","false","observed_deadline_no_complete_fill","48","48","48","48","48","16","89838","262321","1460198","null","null","2064.579415999702","20.474346014962066","0","89815","160910","20","220","[]","[]"
"templates48","3","9","ar_to_en","compatibility","true","success","48","48","25","25","24","31","35577","107928","765968","null","null","1410.7477339076577","8.979663999925833","0.18537500000093132","35537","57689","13","149","[]","[]"
"templates48","3","11","ar_to_en","compatibility","false","observed_deadline_no_complete_fill","48","48","48","48","48","26","47004","163316","1553715","null","null","3118.8551747960155","13.194086988689378","0","46969","94556","10","294","[]","[]"
"templates48","3","11","ar_to_en","approved-only","false","observed_deadline_no_complete_fill","48","48","48","196","196","14","43748","96549","1681508","null","null","3045.2234147778945","10.520618001231924","0","43826","51269","272","110","[]","[]"
"templates48","3","13","ar_to_en","compatibility","false","observed_deadline_no_complete_fill","48","48","48","48","48","25","37469","128246","1741351","null","null","3093.0656761611463","12.053237009735312","0","37439","73095","15","270","[]","[]"
"templates48","3","13","ar_to_en","approved-only","false","no_complete_fill_deadline_not_established","48","48","48","960","960","0","960","15360","149060","null","null","143.7777609404875","2.313261999457609","0","0","15360","0","0","[]","[]"
"templates48","3","13","en_to_ar","compatibility","true","success","48","48","1","1","0","88","1667","5389","41966","null","null","78.717556020536","0.27679099974920973","0.3625420000171289","1584","3120","5","0","[]","[]"
"templates48","3","13","en_to_ar","approved-only","false","observed_deadline_no_complete_fill","48","48","2","22","22","50","21307","50381","738386","null","null","1287.0938609560253","4.406356999475975","0","21442","28412","157","62","[]","[]"
"templates6","1","7","ar_to_en","approved-only","false","observed_deadline_no_complete_fill","6","6","6","24","24","19","91604","258952","1462629","null","null","2082.476367063122","21.091427022358403","0","91633","161513","53","117","[]","[]"
"templates6","1","9","ar_to_en","compatibility","true","success","6","6","5","17","16","30","27316","87816","672835","null","null","2008.8187279560952","7.5244360086508095","0.12387499999022111","27272","50580","2","81","[]","[]"
"templates6","1","11","ar_to_en","compatibility","true","success","6","6","5","14","13","44","49295","145570","1477385","null","null","2468.577953914064","11.110095994372386","0.14883400005055591","49284","89699","46","114","[]","[]"
"templates6","1","11","ar_to_en","approved-only","false","observed_deadline_no_complete_fill","6","6","6","116","116","12","38739","87376","1427591","null","null","2375.06137797836","9.255916996859014","0","38695","48620","72","5","[]","[]"
"templates6","1","13","ar_to_en","compatibility","false","observed_deadline_no_complete_fill","6","6","6","18","18","17","32364","104445","1541480","null","null","3114.2818677027244","10.27920400223229","0","32392","65922","46","83","[]","[]"
"templates6","1","13","ar_to_en","approved-only","false","no_complete_fill_deadline_not_established","6","6","6","120","120","0","120","1920","17740","null","null","20.459878989728168","0.33102699945447966","0","0","1920","0","0","[]","[]"
"templates6","1","13","en_to_ar","compatibility","false","observed_deadline_no_complete_fill","6","6","1","2","2","24","6466","22084","371312","null","null","1284.749993875972","1.5829849996953271","0","6464","15062","0","37","[]","[]"
"templates6","1","13","en_to_ar","approved-only","false","observed_deadline_no_complete_fill","6","6","5","82","82","12","9199","24347","603078","null","null","1251.5752379010664","1.9323450027150102","0","9117","15157","0","12","[]","[]"
"templates6","2","7","ar_to_en","approved-only","false","observed_deadline_no_complete_fill","6","6","6","24","24","20","96128","271367","1538842","null","null","2083.336768971989","22.650976009841543","0","96123","169404","16","121","[]","[]"
"templates6","2","9","ar_to_en","compatibility","true","success","6","6","1","1","0","32","4500","10571","70863","null","null","110.95536199893104","0.7018189964583144","0.10020799998892471","4468","5424","0","0","[]","[]"
"templates6","2","11","ar_to_en","compatibility","false","observed_deadline_no_complete_fill","6","6","6","18","18","20","51834","160112","1681790","null","null","3155.9102731383173","13.630893998022657","0","51823","100135","6","130","[]","[]"
"templates6","2","11","ar_to_en","approved-only","false","no_complete_fill_deadline_not_established","6","6","6","120","120","9","32760","71400","1287060","null","null","2445.4850941239274","8.198703984904569","0","32920","38480","280","0","[]","[]"
"templates6","2","13","ar_to_en","compatibility","false","observed_deadline_no_complete_fill","6","6","6","18","18","16","39936","130562","1867024","null","null","3108.1127160514006","11.515389987267554","0","39924","84359","6","99","[]","[]"
"templates6","2","13","ar_to_en","approved-only","false","no_complete_fill_deadline_not_established","6","6","6","120","120","0","120","1920","19340","null","null","19.70983899832936","0.3075740018975921","0","0","1920","0","0","[]","[]"
"templates6","2","13","en_to_ar","compatibility","false","observed_deadline_no_complete_fill","6","6","1","2","2","57","37470","115475","822414","null","null","1275.0960259099957","7.1190080074593425","0","37468","76988","0","78","[]","[]"
"templates6","2","13","en_to_ar","approved-only","false","observed_deadline_no_complete_fill","6","6","1","2","2","21","28928","63734","1597661","null","null","1204.1325929609593","6.390096999937668","0","28932","34687","6","22","[]","[]"
"templates6","3","7","ar_to_en","approved-only","false","observed_deadline_no_complete_fill","6","6","6","24","24","11","86470","245465","1440391","null","null","2087.08898306411","20.97034799400717","0","86462","153654","15","95","[]","[]"
"templates6","3","9","ar_to_en","compatibility","false","observed_deadline_no_complete_fill","6","6","6","24","24","27","57796","166079","1247009","null","null","2837.955619081098","13.295912973058876","0","57776","94089","3","160","[]","[]"
"templates6","3","11","ar_to_en","compatibility","false","observed_deadline_no_complete_fill","6","6","6","18","18","25","48938","153643","1619662","null","null","3156.9129681193153","13.412602985277772","0","48930","96555","10","113","[]","[]"
"templates6","3","11","ar_to_en","approved-only","false","no_complete_fill_deadline_not_established","6","6","6","120","120","8","30220","63780","1150200","null","null","2165.5238556560944","7.188224001380149","0","30380","33400","280","0","[]","[]"
"templates6","3","13","ar_to_en","compatibility","false","observed_deadline_no_complete_fill","6","6","6","18","18","27","43349","134029","1995901","null","null","3123.321966222138","13.21656099089887","0","43337","84208","4","104","[]","[]"
"templates6","3","13","ar_to_en","approved-only","false","no_complete_fill_deadline_not_established","6","6","6","120","120","0","120","1920","18740","null","null","18.98041399475187","0.30399500048952177","0","0","1920","0","0","[]","[]"
"templates6","3","13","en_to_ar","compatibility","false","observed_deadline_no_complete_fill","6","6","1","2","2","40","14964","52480","589655","null","null","1281.189389918116","3.7694570024032146","0","14962","36545","0","60","[]","[]"
"templates6","3","13","en_to_ar","approved-only","false","observed_deadline_no_complete_fill","6","6","1","2","2","59","20530","58213","1004654","null","null","1261.469223945809","4.318724003329407","0","20613","37375","85","54","[]","[]"
"word","1","7","ar_to_en","approved-only","false","validation_rejected","24","24","24","128","9","0","0","0","0","null","null","0","0","1.3833750000339933","0","0","0","0","[""unfilled_white_cells:1"",""unfilled_white_cells:1"",""unfilled_white_cells:16"",""unfilled_white_cells:1"",""unfilled_white_cells:1"",""unfilled_white_cells:6"",""unfilled_white_cells:1"",""unfilled_white_cells:1"",""unfilled_white_cells:6"",""unfilled_white_cells:1"",""unfilled_white_cells:1"",""unfilled_white_cells:6"",""unfilled_white_cells:1"",""unfilled_white_cells:1"",""unfilled_white_cells:6"",""unfilled_white_cells:1"",""unfilled_white_cells:1"",""unfilled_white_cells:6"",""unfilled_white_cells:1"",""unfilled_white_cells:1"",""unfilled_white_cells:6"",""unfilled_white_cells:1"",""unfilled_white_cells:1"",""unfilled_white_cells:6"",""unfilled_white_cells:6"",""unfilled_white_cells:6"",""unfilled_white_cells:6"",""unfilled_white_cells:6"",""unfilled_white_cells:6"",""unfilled_white_cells:16"",""unfilled_white_cells:4"",""unfilled_white_cells:4"",""unfilled_white_cells:4"",""unfilled_white_cells:4"",""unfilled_white_cells:12"",""unfilled_white_cells:12"",""unfilled_white_cells:12"",""unfilled_white_cells:12"",""unfilled_white_cells:12"",""unfilled_white_cells:12"",""unfilled_white_cells:12"",""unfilled_white_cells:12"",""unfilled_white_cells:12"",""unfilled_white_cells:12"",""unfilled_white_cells:12"",""unfilled_white_cells:3"",""unfilled_white_cells:3"",""unfilled_white_cells:3"",""unfilled_white_cells:3"",""unfilled_white_cells:3"",""unfilled_white_cells:3"",""unfilled_white_cells:3"",""unfilled_white_cells:3"",""unfilled_white_cells:3"",""unfilled_white_cells:3"",""unfilled_white_cells:3"",""unfilled_white_cells:3"",""unfilled_white_cells:3"",""unfilled_white_cells:3"",""unfilled_white_cells:3"",""unfilled_white_cells:3"",""unfilled_white_cells:3"",""unfilled_white_cells:3"",""unfilled_white_cells:3"",""unfilled_white_cells:3"",""unfilled_white_cells:3"",""unfilled_white_cells:3"",""unfilled_white_cells:3"",""unfilled_white_cells:3"",""unfilled_white_cells:3"",""unfilled_white_cells:3"",""unfilled_white_cells:3"",""unfilled_white_cells:3"",""unfilled_white_cells:3"",""unfilled_white_cells:3"",""unfilled_white_cells:3"",""unfilled_white_cells:3"",""unfilled_white_cells:3"",""unfilled_white_cells:3"",""unfilled_white_cells:3"",""unfilled_white_cells:3"",""unfilled_white_cells:3"",""unfilled_white_cells:3"",""unfilled_white_cells:3"",""unfilled_white_cells:3"",""unfilled_white_cells:3"",""unfilled_white_cells:3"",""unfilled_white_cells:3"",""unfilled_white_cells:3"",""unfilled_white_cells:3"",""unfilled_white_cells:3"",""unfilled_white_cells:3"",""unfilled_white_cells:3"",""unfilled_white_cells:3""]","[""Grid run down at 2,1 length 5 must have exactly one clue entry; found 0 ()."",""Grid run down at 0,2 length 7 must have exactly one clue entry; found 0 ()."",""Grid run down at 0,3 length 5 must have exactly one clue entry; found 0 ()."",""Grid run down at 0,5 length 3 must have exactly one clue entry; found 0 ()."",""Grid run down at 4,5 length 3 must have exactly one clue entry; found 0 ()."",""Grid run down at 0,6 length 3 must have exactly one clue entry; found 0 ()."",""Grid run down at 4,6 length 3 must have exactly one clue entry; found 0 ()."",""Grid run down at 0,0 length 3 must have exactly one clue entry; found 0 ()."",""Grid run down at 4,0 length 3 must have exactly one clue entry; found 0 ()."",""Grid run down at 0,1 length 3 must have exactly one clue entry; found 0 ()."",""Grid run down at 4,1 length 3 must have exactly one clue entry; found 0 ()."",""Grid run down at 0,2 length 7 must have exactly one clue entry; found 0 ()."",""Grid run down at 0,3 length 7 must have exactly one clue entry; found 0 ()."",""Grid run down at 2,5 length 3 must have exactly one clue entry; found 0 ()."",""Grid run down at 2,6 length 3 must have exactly one clue entry; found 0 ()."",""Grid run down at 0,0 length 3 must have exactly one clue entry; found 0 ()."",""Grid run down at 4,0 length 3 must have exactly one clue entry; found 0 ()."",""Grid run down at 0,1 length 3 must have exactly one clue entry; found 0 ()."",""Grid run down at 4,1 length 3 must have exactly one clue entry; found 0 ()."",""Grid run down at 0,2 length 7 must have exactly one clue entry; found 0 ()."",""Grid run down at 0,3 length 7 must have exactly one clue entry; found 0 ()."",""Grid run down at 2,5 length 3 must have exactly one clue entry; found 0 ()."",""Grid run down at 2,6 length 3 must have exactly one clue entry; found 0 ()."",""Grid run down at 0,0 length 3 must have exactly one clue entry; found 0 ()."",""Grid run down at 4,0 length 3 must have exactly one clue entry; found 0 ()."",""Grid run down at 0,1 length 3 must have exactly one clue entry; found 0 ()."",""Grid run down at 4,1 length 3 must have exactly one clue entry; found 0 ()."",""Grid run down at 0,2 length 7 must have exactly one clue entry; found 0 ()."",""Grid run down at 0,3 length 7 must have exactly one clue entry; found 0 ()."",""Grid run down at 2,5 length 3 must have exactly one clue entry; found 0 ()."",""Grid run down at 2,6 length 3 must have exactly one clue entry; found 0 ()."",""Grid run down at 0,0 length 3 must have exactly one clue entry; found 0 ()."",""Grid run down at 4,0 length 3 must have exactly one clue entry; found 0 ()."",""Grid run down at 0,1 length 3 must have exactly one clue entry; found 0 ()."",""Grid run down at 4,1 length 3 must have exactly one clue entry; found 0 ()."",""Grid run down at 0,2 length 7 must have exactly one clue entry; found 0 ()."",""Grid run down at 0,3 length 7 must have exactly one clue entry; found 0 ()."",""Grid run down at 2,5 length 3 must have exactly one clue entry; found 0 ()."",""Grid run down at 2,6 length 3 must have exactly one clue entry; found 0 ()."",""Grid run down at 0,0 length 3 must have exactly one clue entry; found 0 ()."",""Grid run down at 4,0 length 3 must have exactly one clue entry; found 0 ()."",""Grid run down at 0,1 length 3 must have exactly one clue entry; found 0 ()."",""Grid run down at 4,1 length 3 must have exactly one clue entry; found 0 ()."",""Grid run down at 0,2 length 7 must have exactly one clue entry; found 0 ()."",""Grid run down at 0,3 length 7 must have exactly one clue entry; found 0 ()."",""Grid run down at 2,5 length 3 must have exactly one clue entry; found 0 ()."",""Grid run down at 2,6 length 3 must have exactly one clue entry; found 0 ()."",""Grid run down at 0,0 length 3 must have exactly one clue entry; found 0 ()."",""Grid run down at 4,0 length 3 must have exactly one clue entry; found 0 ()."",""Grid run down at 0,1 length 3 must have exactly one clue entry; found 0 ()."",""Grid run down at 4,1 length 3 must have exactly one clue entry; found 0 ()."",""Grid run down at 0,2 length 7 must have exactly one clue entry; found 0 ()."",""Grid run down at 0,3 length 7 must have exactly one clue entry; found 0 ()."",""Grid run down at 2,5 length 3 must have exactly one clue entry; found 0 ()."",""Grid run down at 2,6 length 3 must have exactly one clue entry; found 0 ()."",""Grid run down at 0,0 length 3 must have exactly one clue entry; found 0 ()."",""Grid run down at 4,0 length 3 must have exactly one clue entry; found 0 ()."",""Grid run down at 0,1 length 3 must have exactly one clue entry; found 0 ()."",""Grid run down at 4,1 length 3 must have exactly one clue entry; found 0 ()."",""Grid run down at 0,2 length 7 must have exactly one clue entry; found 0 ()."",""Grid run down at 0,3 length 7 must have exactly one clue entry; found 0 ()."",""Grid run down at 2,5 length 3 must have exactly one clue entry; found 0 ()."",""Grid run down at 2,6 length 3 must have exactly one clue entry; found 0 ()."",""Grid run down at 0,0 length 3 must have exactly one clue entry; found 0 ()."",""Grid run down at 4,0 length 3 must have exactly one clue entry; found 0 ()."",""Grid run down at 0,1 length 3 must have exactly one clue entry; found 0 ()."",""Grid run down at 4,1 length 3 must have exactly one clue entry; found 0 ()."",""Grid run down at 0,2 length 7 must have exactly one clue entry; found 0 ()."",""Grid run down at 0,3 length 7 must have exactly one clue entry; found 0 ()."",""Grid run down at 2,5 length 3 must have exactly one clue entry; found 0 ()."",""Grid run down at 2,6 length 3 must have exactly one clue entry; found 0 ()."",""Grid run down at 0,0 length 3 must have exactly one clue entry; found 0 ()."",""Grid run down at 4,0 length 3 must have exactly one clue entry; found 0 ()."",""Grid run down at 0,1 length 3 must have exactly one clue entry; found 0 ()."",""Grid run down at 4,1 length 3 must have exactly one clue entry; found 0 ()."",""Grid run down at 0,2 length 7 must have exactly one clue entry; found 0 ()."",""Grid run down at 0,3 length 7 must have exactly one clue entry; found 0 ()."",""Grid run down at 2,5 length 3 must have exactly one clue entry; found 0 ()."",""Grid run down at 2,6 length 3 must have exactly one clue entry; found 0 ()."",""Grid run down at 0,0 length 3 must have exactly one clue entry; found 0 ()."",""Grid run down at 4,0 length 3 must have exactly one clue entry; found 0 ()."",""Grid run down at 0,1 length 3 must have exactly one clue entry; found 0 ()."",""Grid run down at 4,1 length 3 must have exactly one clue entry; found 0 ()."",""Grid run down at 0,2 length 7 must have exactly one clue entry; found 0 ()."",""Grid run down at 0,3 length 7 must have exactly one clue entry; found 0 ()."",""Grid run down at 2,5 length 3 must have exactly one clue entry; found 0 ()."",""Grid run down at 2,6 length 3 must have exactly one clue entry; found 0 ()."",""Grid run down at 0,0 length 3 must have exactly one clue entry; found 0 ()."",""Grid run down at 4,0 length 3 must have exactly one clue entry; found 0 ()."",""Grid run down at 0,1 length 3 must have exactly one clue entry; found 0 ()."",""Grid run down at 4,1 length 3 must have exactly one clue entry; found 0 ()."",""Grid run down at 0,2 length 7 must have exactly one clue entry; found 0 ()."",""Grid run down at 0,3 length 7 must have exactly one clue entry; found 0 ()."",""Grid run down at 2,5 length 3 must have exactly one clue entry; found 0 ()."",""Grid run down at 2,6 length 3 must have exactly one clue entry; found 0 ()."",""Grid run down at 0,0 length 3 must have exactly one clue entry; found 0 ()."",""Grid run down at 4,0 length 3 must have exactly one clue entry; found 0 ()."",""Grid run down at 0,1 length 3 must have exactly one clue entry; found 0 ()."",""Grid run down at 4,1 length 3 must have exactly one clue entry; found 0 ()."",""Grid run down at 0,2 length 7 must have exactly one clue entry; found 0 ()."",""Grid run down at 0,3 length 7 must have exactly one clue entry; found 0 ()."",""Grid run down at 2,5 length 3 must have exactly one clue entry; found 0 ()."",""Grid run down at 2,6 length 3 must have exactly one clue entry; found 0 ()."",""Grid run down at 0,0 length 3 must have exactly one clue entry; found 0 ()."",""Grid run down at 4,0 length 3 must have exactly one clue entry; found 0 ()."",""Grid run down at 0,1 length 3 must have exactly one clue entry; found 0 ()."",""Grid run down at 4,1 length 3 must have exactly one clue entry; found 0 ()."",""Grid run down at 0,2 length 7 must have exactly one clue entry; found 0 ()."",""Grid run down at 0,3 length 7 must have exactly one clue entry; found 0 ()."",""Grid run down at 2,5 length 3 must have exactly one clue entry; found 0 ()."",""Grid run down at 2,6 length 3 must have exactly one clue entry; found 0 ()."",""Grid run down at 0,0 length 3 must have exactly one clue entry; found 0 ()."",""Grid run down at 4,0 length 3 must have exactly one clue entry; found 0 ()."",""Grid run down at 0,1 length 3 must have exactly one clue entry; found 0 ()."",""Grid run down at 4,1 length 3 must have exactly one clue entry; found 0 ()."",""Grid run down at 0,2 length 7 must have exactly one clue entry; found 0 ()."",""Grid run down at 0,3 length 7 must have exactly one clue entry; found 0 ()."",""Grid run down at 2,5 length 3 must have exactly one clue entry; found 0 ()."",""Grid run down at 2,6 length 3 must have exactly one clue entry; found 0 ()."",""Grid run down at 0,0 length 3 must have exactly one clue entry; found 0 ()."",""Grid run down at 4,0 length 3 must have exactly one clue entry; found 0 ()."",""Grid run down at 0,1 length 3 must have exactly one clue entry; found 0 ()."",""Grid run down at 4,1 length 3 must have exactly one clue entry; found 0 ()."",""Grid run down at 0,2 length 7 must have exactly one clue entry; found 0 ()."",""Grid run down at 0,3 length 7 must have exactly one clue entry; found 0 ()."",""Grid run down at 2,5 length 3 must have exactly one clue entry; found 0 ()."",""Grid run down at 2,6 length 3 must have exactly one clue entry; found 0 ()."",""Grid run down at 0,0 length 3 must have exactly one clue entry; found 0 ()."",""Grid run down at 4,0 length 3 must have exactly one clue entry; found 0 ()."",""Grid run down at 0,1 length 3 must have exactly one clue entry; found 0 ()."",""Grid run down at 4,1 length 3 must have exactly one clue entry; found 0 ()."",""Grid run down at 0,2 length 7 must have exactly one clue entry; found 0 ()."",""Grid run down at 0,3 length 7 must have exactly one clue entry; found 0 ()."",""Grid run down at 2,5 length 3 must have exactly one clue entry; found 0 ()."",""Grid run down at 2,6 length 3 must have exactly one clue entry; found 0 ()."",""Grid run down at 0,0 length 3 must have exactly one clue entry; found 0 ()."",""Grid run down at 4,0 length 3 must have exactly one clue entry; found 0 ()."",""Grid run down at 0,1 length 3 must have exactly one clue entry; found 0 ()."",""Grid run down at 4,1 length 3 must have exactly one clue entry; found 0 ()."",""Grid run down at 0,2 length 7 must have exactly one clue entry; found 0 ()."",""Grid run down at 0,3 length 7 must have exactly one clue entry; found 0 ()."",""Grid run down at 2,5 length 3 must have exactly one clue entry; found 0 ()."",""Grid run down at 2,6 length 3 must have exactly one clue entry; found 0 ()."",""Grid run down at 0,0 length 3 must have exactly one clue entry; found 0 ()."",""Grid run down at 4,0 length 3 must have exactly one clue entry; found 0 ()."",""Grid run down at 0,1 length 3 must have exactly one clue entry; found 0 ()."",""Grid run down at 4,1 length 3 must have exactly one clue entry; found 0 ()."",""Grid run down at 0,2 length 7 must have exactly one clue entry; found 0 ()."",""Grid run down at 0,3 length 7 must have exactly one clue entry; found 0 ()."",""Grid run down at 2,5 length 3 must have exactly one clue entry; found 0 ()."",""Grid run down at 2,6 length 3 must have exactly one clue entry; found 0 ()."",""Grid run down at 0,0 length 3 must have exactly one clue entry; found 0 ()."",""Grid run down at 4,0 length 3 must have exactly one clue entry; found 0 ()."",""Grid run down at 0,1 length 3 must have exactly one clue entry; found 0 ()."",""Grid run down at 4,1 length 3 must have exactly one clue entry; found 0 ()."",""Grid run down at 0,2 length 7 must have exactly one clue entry; found 0 ()."",""Grid run down at 0,3 length 7 must have exactly one clue entry; found 0 ()."",""Grid run down at 2,5 length 3 must have exactly one clue entry; found 0 ()."",""Grid run down at 2,6 length 3 must have exactly one clue entry; found 0 ()."",""Grid run down at 0,0 length 3 must have exactly one clue entry; found 0 ()."",""Grid run down at 4,0 length 3 must have exactly one clue entry; found 0 ()."",""Grid run down at 0,1 length 3 must have exactly one clue entry; found 0 ()."",""Grid run down at 4,1 length 3 must have exactly one clue entry; found 0 ()."",""Grid run down at 0,2 length 7 must have exactly one clue entry; found 0 ()."",""Grid run down at 0,3 length 7 must have exactly one clue entry; found 0 ()."",""Grid run down at 2,5 length 3 must have exactly one clue entry; found 0 ()."",""Grid run down at 2,6 length 3 must have exactly one clue entry; found 0 ()."",""Grid run down at 0,0 length 3 must have exactly one clue entry; found 0 ()."",""Grid run down at 4,0 length 3 must have exactly one clue entry; found 0 ()."",""Grid run down at 0,1 length 3 must have exactly one clue entry; found 0 ()."",""Grid run down at 4,1 length 3 must have exactly one clue entry; found 0 ()."",""Grid run down at 0,2 length 7 must have exactly one clue entry; found 0 ()."",""Grid run down at 0,3 length 7 must have exactly one clue entry; found 0 ()."",""Grid run down at 2,5 length 3 must have exactly one clue entry; found 0 ()."",""Grid run down at 2,6 length 3 must have exactly one clue entry; found 0 ()."",""Grid run down at 0,0 length 3 must have exactly one clue entry; found 0 ()."",""Grid run down at 4,0 length 3 must have exactly one clue entry; found 0 ()."",""Grid run down at 0,1 length 3 must have exactly one clue entry; found 0 ()."",""Grid run down at 4,1 length 3 must have exactly one clue entry; found 0 ()."",""Grid run down at 0,2 length 7 must have exactly one clue entry; found 0 ()."",""Grid run down at 0,3 length 7 must have exactly one clue entry; found 0 ()."",""Grid run down at 2,5 length 3 must have exactly one clue entry; found 0 ()."",""Grid run down at 2,6 length 3 must have exactly one clue entry; found 0 ()."",""Grid run down at 0,0 length 3 must have exactly one clue entry; found 0 ()."",""Grid run down at 4,0 length 3 must have exactly one clue entry; found 0 ()."",""Grid run down at 0,1 length 3 must have exactly one clue entry; found 0 ()."",""Grid run down at 4,1 length 3 must have exactly one clue entry; found 0 ()."",""Grid run down at 0,2 length 7 must have exactly one clue entry; found 0 ()."",""Grid run down at 0,3 length 7 must have exactly one clue entry; found 0 ()."",""Grid run down at 2,5 length 3 must have exactly one clue entry; found 0 ()."",""Grid run down at 2,6 length 3 must have exactly one clue entry; found 0 ()."",""Grid run down at 0,0 length 3 must have exactly one clue entry; found 0 ()."",""Grid run down at 4,0 length 3 must have exactly one clue entry; found 0 ()."",""Grid run down at 0,1 length 3 must have exactly one clue entry; found 0 ()."",""Grid run down at 4,1 length 3 must have exactly one clue entry; found 0 ()."",""Grid run down at 0,2 length 7 must have exactly one clue entry; found 0 ()."",""Grid run down at 0,3 length 7 must have exactly one clue entry; found 0 ()."",""Grid run down at 2,5 length 3 must have exactly one clue entry; found 0 ()."",""Grid run down at 2,6 length 3 must have exactly one clue entry; found 0 ().""]"
"word","1","9","ar_to_en","compatibility","false","validation_rejected","24","24","24","24","0","0","0","0","0","null","null","0","0","0.8793740000692196","0","0","0","0","[""unfilled_white_cells:3"",""unfilled_white_cells:3"",""unfilled_white_cells:4"",""unfilled_white_cells:4"",""unfilled_white_cells:4"",""unfilled_white_cells:4"",""unfilled_white_cells:7"",""unfilled_white_cells:3"",""unfilled_white_cells:3"",""unfilled_white_cells:3"",""unfilled_white_cells:13""]","[""Duplicate entry id across:4:5 at 4,5."",""Grid run across at 0,0 length 3 must have exactly one clue entry; found 0 ()."",""Grid run across at 1,4 length 5 must have exactly one clue entry; found 0 ()."",""Grid run across at 2,0 length 9 must have exactly one clue entry; found 0 ()."",""Grid run across at 4,1 length 3 must have exactly one clue entry; found 0 ()."",""Grid run across at 5,0 length 3 must have exactly one clue entry; found 0 ()."",""Grid run across at 7,0 length 5 must have exactly one clue entry; found 0 ()."",""Grid run across at 7,6 length 3 must have exactly one clue entry; found 0 ()."",""Grid run across at 8,1 length 3 must have exactly one clue entry; found 0 ()."",""Grid run across at 8,6 length 3 must have exactly one clue entry; found 0 ()."",""Grid run down at 4,5 length 3 must have exactly one clue entry; found 0 ()."",""Grid run across at 0,1 length 3 must have exactly one clue entry; found 0 ()."",""Grid run across at 1,1 length 7 must have exactly one clue entry; found 0 ()."",""Grid run across at 2,0 length 9 must have exactly one clue entry; found 0 ()."",""Grid run across at 3,0 length 3 must have exactly one clue entry; found 0 ()."",""Grid run across at 3,4 length 5 must have exactly one clue entry; found 0 ()."",""Grid run across at 4,0 length 4 must have exactly one clue entry; found 0 ()."",""Grid run across at 4,5 length 4 must have exactly one clue entry; found 0 ()."",""Grid run across at 5,0 length 5 must have exactly one clue entry; found 0 ()."",""Grid run across at 5,6 length 3 must have exactly one clue entry; found 0 ()."",""Grid run across at 7,1 length 7 must have exactly one clue entry; found 0 ()."",""Grid run across at 8,1 length 3 must have exactly one clue entry; found 0 ()."",""Grid run across at 8,5 length 3 must have exactly one clue entry; found 0 ()."",""Entry across:1:1 at 1,1 length 4 must match exactly one real grid run; found 0."",""Grid run across at 0,6 length 3 must have exactly one clue entry; found 0 ()."",""Grid run across at 1,1 length 4 must have exactly one clue entry; found 0 ()."",""Grid run across at 1,6 length 3 must have exactly one clue entry; found 0 ()."",""Grid run across at 2,0 length 9 must have exactly one clue entry; found 0 ()."",""Grid run across at 3,0 length 3 must have exactly one clue entry; found 0 ()."",""Grid run across at 4,0 length 3 must have exactly one clue entry; found 0 ()."",""Grid run across at 5,1 length 3 must have exactly one clue entry; found 0 ()."",""Grid run across at 5,6 length 3 must have exactly one clue entry; found 0 ()."",""Grid run across at 7,0 length 8 must have exactly one clue entry; found 0 ()."",""Grid run across at 8,0 length 3 must have exactly one clue entry; found 0 ()."",""Grid run across at 8,4 length 3 must have exactly one clue entry; found 0 ()."",""Entry across:2:0 at 2,0 length 3 must match exactly one real grid run; found 0."",""Entry across:2:6 at 2,6 length 3 must match exactly one real grid run; found 0."",""Duplicate entry id down:4:8 at 4,8."",""Duplicate entry id down:0:0 at 0,0."",""Duplicate entry id across:1:6 at 1,6."",""Duplicate entry id across:8:0 at 8,0."",""Duplicate entry id across:1:6 at 1,6."",""Duplicate entry id across:8:0 at 8,0."",""Duplicate entry id across:1:6 at 1,6."",""Grid run down at 0,0 length 4 must have exactly one clue entry; found 0 ()."",""Grid run down at 0,1 length 4 must have exactly one clue entry; found 0 ()."",""Grid run down at 6,1 length 3 must have exactly one clue entry; found 0 ()."",""Grid run down at 2,3 length 7 must have exactly one clue entry; found 0 ()."",""Grid run down at 2,4 length 5 must have exactly one clue entry; found 0 ()."",""Grid run down at 0,5 length 7 must have exactly one clue entry; found 0 ()."",""Grid run down at 0,6 length 9 must have exactly one clue entry; found 0 ()."",""Grid run down at 0,8 length 3 must have exactly one clue entry; found 0 ()."",""Grid run down at 5,8 length 4 must have exactly one clue entry; found 0 ()."",""Grid run down at 1,0 length 3 must have exactly one clue entry; found 0 ()."",""Grid run down at 6,1 length 3 must have exactly one clue entry; found 0 ()."",""Grid run down at 0,3 length 3 must have exactly one clue entry; found 0 ()."",""Grid run down at 4,3 length 3 must have exactly one clue entry; found 0 ()."",""Grid run down at 2,4 length 5 must have exactly one clue entry; found 0 ()."",""Grid run down at 6,5 length 3 must have exactly one clue entry; found 0 ()."",""Grid run down at 0,6 length 9 must have exactly one clue entry; found 0 ()."",""Grid run down at 0,7 length 3 must have exactly one clue entry; found 0 ()."",""Grid run down at 5,8 length 3 must have exactly one clue entry; found 0 ()."",""Duplicate entry id across:5:4 at 5,4."",""Duplicate entry id across:5:4 at 5,4."",""Duplicate entry id down:6:8 at 6,8.""]"
"word","1","11","ar_to_en","compatibility","false","build_rejected","24","24","24","24","0","0","0","0","0","null","null","0","0","0","0","0","0","0","[""unfilled_white_cells:24"",""unfilled_white_cells:15"",""unfilled_white_cells:23"",""unfilled_white_cells:14"",""unfilled_white_cells:15"",""unfilled_white_cells:14"",""unfilled_white_cells:15"",""unfilled_white_cells:19"",""unfilled_white_cells:14"",""unfilled_white_cells:18"",""unfilled_white_cells:10"",""unfilled_white_cells:18"",""unfilled_white_cells:11"",""unfilled_white_cells:13"",""unfilled_white_cells:13"",""unfilled_white_cells:13"",""unfilled_white_cells:12"",""unfilled_white_cells:13"",""unfilled_white_cells:15"",""unfilled_white_cells:14"",""unfilled_white_cells:16"",""unfilled_white_cells:13"",""unfilled_white_cells:15"",""unfilled_white_cells:45""]","[]"
"word","1","11","ar_to_en","approved-only","false","validation_rejected","24","24","24","24","0","0","0","0","0","null","null","0","0","0.40475000004516914","0","0","0","0","[""unfilled_white_cells:7"",""unfilled_white_cells:1"",""unfilled_white_cells:8"",""unfilled_white_cells:4"",""unfilled_white_cells:3"",""unfilled_white_cells:7"",""unfilled_white_cells:1"",""unfilled_white_cells:3"",""unfilled_white_cells:4"",""unfilled_white_cells:6"",""unfilled_white_cells:7"",""unfilled_white_cells:1"",""unfilled_white_cells:2"",""unfilled_white_cells:3"",""unfilled_white_cells:2"",""unfilled_white_cells:3"",""unfilled_white_cells:2"",""unfilled_white_cells:1"",""unfilled_white_cells:2"",""unfilled_white_cells:3"",""unfilled_white_cells:4"",""unfilled_white_cells:26""]","[""Grid run across at 0,7 length 3 must have exactly one clue entry; found 0 ()."",""Grid run across at 1,0 length 5 must have exactly one clue entry; found 0 ()."",""Grid run across at 2,0 length 11 must have exactly one clue entry; found 0 ()."",""Grid run across at 3,1 length 3 must have exactly one clue entry; found 0 ()."",""Grid run across at 3,5 length 6 must have exactly one clue entry; found 0 ()."",""Grid run across at 4,1 length 3 must have exactly one clue entry; found 0 ()."",""Grid run across at 4,5 length 6 must have exactly one clue entry; found 0 ()."",""Grid run across at 5,0 length 3 must have exactly one clue entry; found 0 ()."",""Grid run across at 5,4 length 3 must have exactly one clue entry; found 0 ()."",""Grid run across at 6,0 length 6 must have exactly one clue entry; found 0 ()."",""Grid run across at 6,7 length 3 must have exactly one clue entry; found 0 ()."",""Grid run across at 7,0 length 6 must have exactly one clue entry; found 0 ()."",""Grid run across at 7,7 length 3 must have exactly one clue entry; found 0 ()."",""Grid run across at 9,1 length 3 must have exactly one clue entry; found 0 ()."",""Grid run across at 9,6 length 5 must have exactly one clue entry; found 0 ()."",""Grid run across at 10,1 length 3 must have exactly one clue entry; found 0 ()."",""Grid run across at 10,6 length 5 must have exactly one clue entry; found 0 ()."",""Entry across:3:5 at 3,5 length 2 must match exactly one real grid run; found 0."",""Grid run across at 0,2 length 3 must have exactly one clue entry; found 0 ()."",""Grid run across at 1,7 length 3 must have exactly one clue entry; found 0 ()."",""Grid run across at 2,0 length 11 must have exactly one clue entry; found 0 ()."",""Grid run across at 3,0 length 3 must have exactly one clue entry; found 0 ()."",""Grid run across at 3,4 length 3 must have exactly one clue entry; found 0 ()."",""Grid run across at 3,8 length 3 must have exactly one clue entry; found 0 ()."",""Grid run across at 4,0 length 4 must have exactly one clue entry; found 0 ()."",""Grid run across at 4,6 length 5 must have exactly one clue entry; found 0 ()."",""Grid run across at 5,0 length 4 must have exactly one clue entry; found 0 ()."",""Grid run across at 5,6 length 5 must have exactly one clue entry; found 0 ()."",""Grid run across at 6,2 length 7 must have exactly one clue entry; found 0 ()."",""Grid run across at 7,2 length 7 must have exactly one clue entry; found 0 ()."",""Grid run across at 9,0 length 5 must have exactly one clue entry; found 0 ()."",""Grid run across at 9,7 length 4 must have exactly one clue entry; found 0 ()."",""Grid run across at 10,0 length 5 must have exactly one clue entry; found 0 ()."",""Grid run across at 10,7 length 4 must have exactly one clue entry; found 0 ()."",""Entry across:2:0 at 2,0 length 3 must match exactly one real grid run; found 0."",""Entry across:2:8 at 2,8 length 3 must match exactly one real grid run; found 0.""]"
"word","1","13","ar_to_en","compatibility","false","build_rejected","24","24","23","23","0","0","0","0","0","null","null","0","0","0","0","0","0","0","[""unfilled_white_cells:63"",""unfilled_white_cells:51"",""unfilled_white_cells:45"",""unfilled_white_cells:49"",""unfilled_white_cells:49"",""unfilled_white_cells:47"",""unfilled_white_cells:50"",""unfilled_white_cells:51"",""unfilled_white_cells:45"",""unfilled_white_cells:44"",""unfilled_white_cells:46"",""unfilled_white_cells:48"",""unfilled_white_cells:51"",""unfilled_white_cells:37"",""unfilled_white_cells:52"",""unfilled_white_cells:44"",""unfilled_white_cells:47"",""unfilled_white_cells:45"",""unfilled_white_cells:48"",""unfilled_white_cells:50"",""unfilled_white_cells:43"",""unfilled_white_cells:43"",""unfilled_white_cells:48""]","[]"
"word","1","13","ar_to_en","approved-only","false","build_rejected","24","24","24","24","0","0","0","0","0","null","null","0","0","0","0","0","0","0","[""unfilled_white_cells:38"",""unfilled_white_cells:38"",""unfilled_white_cells:38"",""unfilled_white_cells:39"",""unfilled_white_cells:32"",""unfilled_white_cells:35"",""unfilled_white_cells:27"",""unfilled_white_cells:34"",""unfilled_white_cells:28"",""unfilled_white_cells:35"",""unfilled_white_cells:39"",""unfilled_white_cells:28"",""unfilled_white_cells:31"",""unfilled_white_cells:40"",""unfilled_white_cells:39"",""unfilled_white_cells:30"",""unfilled_white_cells:31"",""unfilled_white_cells:36"",""unfilled_white_cells:31"",""unfilled_white_cells:32"",""unfilled_white_cells:35"",""unfilled_white_cells:31"",""unfilled_white_cells:30"",""unfilled_white_cells:67""]","[]"
"word","1","13","en_to_ar","compatibility","false","build_rejected","6","6","1","2","0","0","0","0","0","null","null","0","0","0","0","0","0","0","[""unfilled_white_cells:57"",""unfilled_white_cells:57""]","[]"
"word","1","13","en_to_ar","approved-only","false","build_rejected","6","6","1","2","0","0","0","0","0","null","null","0","0","0","0","0","0","0","[""unfilled_white_cells:3"",""unfilled_white_cells:3""]","[]"
"word","2","7","ar_to_en","approved-only","false","validation_rejected","24","24","24","139","5","0","0","0","0","null","null","0","0","0.7804579999647103","0","0","0","0","[""unfilled_white_cells:9"",""unfilled_white_cells:9"",""unfilled_white_cells:9"",""unfilled_white_cells:9"",""unfilled_white_cells:16"",""unfilled_white_cells:8"",""unfilled_white_cells:8"",""unfilled_white_cells:8"",""unfilled_white_cells:8"",""unfilled_white_cells:8"",""unfilled_white_cells:3"",""unfilled_white_cells:3"",""unfilled_white_cells:3"",""unfilled_white_cells:5"",""unfilled_white_cells:5"",""unfilled_white_cells:5"",""unfilled_white_cells:5"",""unfilled_white_cells:3"",""unfilled_white_cells:3"",""unfilled_white_cells:3"",""unfilled_white_cells:3"",""unfilled_white_cells:3"",""unfilled_white_cells:3"",""unfilled_white_cells:9"",""unfilled_white_cells:3"",""unfilled_white_cells:3"",""unfilled_white_cells:3"",""unfilled_white_cells:3"",""unfilled_white_cells:3"",""unfilled_white_cells:3"",""unfilled_white_cells:9"",""unfilled_white_cells:3"",""unfilled_white_cells:3"",""unfilled_white_cells:3"",""unfilled_white_cells:3"",""unfilled_white_cells:3"",""unfilled_white_cells:3"",""unfilled_white_cells:9"",""unfilled_white_cells:3"",""unfilled_white_cells:3"",""unfilled_white_cells:3"",""unfilled_white_cells:3"",""unfilled_white_cells:3"",""unfilled_white_cells:3"",""unfilled_white_cells:9"",""unfilled_white_cells:3"",""unfilled_white_cells:3"",""unfilled_white_cells:3"",""unfilled_white_cells:3"",""unfilled_white_cells:3"",""unfilled_white_cells:3"",""unfilled_white_cells:7"",""unfilled_white_cells:3"",""unfilled_white_cells:3"",""unfilled_white_cells:3"",""unfilled_white_cells:3"",""unfilled_white_cells:3"",""unfilled_white_cells:3"",""unfilled_white_cells:9"",""unfilled_white_cells:5"",""unfilled_white_cells:5"",""unfilled_white_cells:5"",""unfilled_white_cells:5"",""unfilled_white_cells:3"",""unfilled_white_cells:3"",""unfilled_white_cells:3"",""unfilled_white_cells:3"",""unfilled_white_cells:3"",""unfilled_white_cells:3"",""unfilled_white_cells:9"",""unfilled_white_cells:3"",""unfilled_white_cells:3"",""unfilled_white_cells:3"",""unfilled_white_cells:3"",""unfilled_white_cells:3"",""unfilled_white_cells:3"",""unfilled_white_cells:9"",""unfilled_white_cells:3"",""unfilled_white_cells:3"",""unfilled_white_cells:3"",""unfilled_white_cells:8"",""unfilled_white_cells:3"",""unfilled_white_cells:3"",""unfilled_white_cells:3"",""unfilled_white_cells:3"",""unfilled_white_cells:3"",""unfilled_white_cells:3"",""unfilled_white_cells:7"",""unfilled_white_cells:10"",""unfilled_white_cells:10"",""unfilled_white_cells:10"",""unfilled_white_cells:10"",""unfilled_white_cells:10"",""unfilled_white_cells:10"",""unfilled_white_cells:10"",""unfilled_white_cells:10"",""unfilled_white_cells:10"",""unfilled_white_cells:10"",""unfilled_white_cells:10"",""unfilled_white_cells:10"",""unfilled_white_cells:10"",""unfilled_white_cells:10"",""unfilled_white_cells:10"",""unfilled_white_cells:10"",""unfilled_white_cells:10"",""unfilled_white_cells:10"",""unfilled_white_cells:10"",""unfilled_white_cells:10"",""unfilled_white_cells:10"",""unfilled_white_cells:10"",""unfilled_white_cells:10"",""unfilled_white_cells:10"",""unfilled_white_cells:10"",""unfilled_white_cells:10"",""unfilled_white_cells:10"",""unfilled_white_cells:10"",""unfilled_white_cells:10"",""unfilled_white_cells:10"",""unfilled_white_cells:10"",""unfilled_white_cells:10"",""unfilled_white_cells:10"",""unfilled_white_cells:10"",""unfilled_white_cells:10"",""unfilled_white_cells:10"",""unfilled_white_cells:10""]","[""Grid run down at 0,0 length 3 must have exactly one clue entry; found 0 ()."",""Grid run down at 0,1 length 3 must have exactly one clue entry; found 0 ()."",""Grid run down at 0,2 length 7 must have exactly one clue entry; found 0 ()."",""Grid run down at 2,3 length 3 must have exactly one clue entry; found 0 ()."",""Grid run down at 4,5 length 3 must have exactly one clue entry; found 0 ()."",""Grid run down at 0,6 length 3 must have exactly one clue entry; found 0 ()."",""Grid run down at 4,6 length 3 must have exactly one clue entry; found 0 ()."",""Entry down:0:2 at 0,2 length 3 must match exactly one real grid run; found 0."",""Grid run down at 0,0 length 3 must have exactly one clue entry; found 0 ()."",""Grid run down at 0,1 length 3 must have exactly one clue entry; found 0 ()."",""Grid run down at 0,2 length 7 must have exactly one clue entry; found 0 ()."",""Grid run down at 2,3 length 3 must have exactly one clue entry; found 0 ()."",""Grid run down at 4,5 length 3 must have exactly one clue entry; found 0 ()."",""Grid run down at 0,6 length 3 must have exactly one clue entry; found 0 ()."",""Grid run down at 4,6 length 3 must have exactly one clue entry; found 0 ()."",""Entry down:0:2 at 0,2 length 3 must match exactly one real grid run; found 0."",""Grid run down at 0,0 length 3 must have exactly one clue entry; found 0 ()."",""Grid run down at 0,1 length 3 must have exactly one clue entry; found 0 ()."",""Grid run down at 0,2 length 7 must have exactly one clue entry; found 0 ()."",""Grid run down at 2,3 length 3 must have exactly one clue entry; found 0 ()."",""Grid run down at 4,5 length 3 must have exactly one clue entry; found 0 ()."",""Grid run down at 0,6 length 3 must have exactly one clue entry; found 0 ()."",""Grid run down at 4,6 length 3 must have exactly one clue entry; found 0 ()."",""Entry down:0:2 at 0,2 length 3 must match exactly one real grid run; found 0."",""Grid run down at 0,0 length 3 must have exactly one clue entry; found 0 ()."",""Grid run down at 0,1 length 3 must have exactly one clue entry; found 0 ()."",""Grid run down at 0,2 length 7 must have exactly one clue entry; found 0 ()."",""Grid run down at 2,3 length 3 must have exactly one clue entry; found 0 ()."",""Grid run down at 4,5 length 3 must have exactly one clue entry; found 0 ()."",""Grid run down at 0,6 length 3 must have exactly one clue entry; found 0 ()."",""Grid run down at 4,6 length 3 must have exactly one clue entry; found 0 ()."",""Entry down:0:2 at 0,2 length 3 must match exactly one real grid run; found 0."",""Grid run down at 0,0 length 3 must have exactly one clue entry; found 0 ()."",""Grid run down at 0,1 length 3 must have exactly one clue entry; found 0 ()."",""Grid run down at 0,2 length 7 must have exactly one clue entry; found 0 ()."",""Grid run down at 2,3 length 3 must have exactly one clue entry; found 0 ()."",""Grid run down at 4,5 length 3 must have exactly one clue entry; found 0 ()."",""Grid run down at 0,6 length 3 must have exactly one clue entry; found 0 ()."",""Grid run down at 4,6 length 3 must have exactly one clue entry; found 0 ()."",""Entry down:0:2 at 0,2 length 3 must match exactly one real grid run; found 0."",""Grid run down at 0,0 length 3 must have exactly one clue entry; found 0 ()."",""Grid run down at 4,0 length 3 must have exactly one clue entry; found 0 ()."",""Grid run down at 0,1 length 3 must have exactly one clue entry; found 0 ()."",""Grid run down at 4,1 length 3 must have exactly one clue entry; found 0 ()."",""Grid run down at 0,2 length 7 must have exactly one clue entry; found 0 ()."",""Grid run down at 2,3 length 5 must have exactly one clue entry; found 0 ()."",""Grid run down at 0,5 length 5 must have exactly one clue entry; found 0 ()."",""Grid run down at 0,6 length 5 must have exactly one clue entry; found 0 ()."",""Entry down:0:2 at 0,2 length 3 must match exactly one real grid run; found 0."",""Grid run down at 0,0 length 3 must have exactly one clue entry; found 0 ()."",""Grid run down at 4,0 length 3 must have exactly one clue entry; found 0 ()."",""Grid run down at 0,1 length 3 must have exactly one clue entry; found 0 ()."",""Grid run down at 4,1 length 3 must have exactly one clue entry; found 0 ()."",""Grid run down at 0,2 length 7 must have exactly one clue entry; found 0 ()."",""Grid run down at 2,3 length 5 must have exactly one clue entry; found 0 ()."",""Grid run down at 0,5 length 5 must have exactly one clue entry; found 0 ()."",""Grid run down at 0,6 length 5 must have exactly one clue entry; found 0 ()."",""Entry down:0:2 at 0,2 length 3 must match exactly one real grid run; found 0."",""Grid run down at 0,0 length 3 must have exactly one clue entry; found 0 ()."",""Grid run down at 4,0 length 3 must have exactly one clue entry; found 0 ()."",""Grid run down at 0,1 length 3 must have exactly one clue entry; found 0 ()."",""Grid run down at 4,1 length 3 must have exactly one clue entry; found 0 ()."",""Grid run down at 0,2 length 7 must have exactly one clue entry; found 0 ()."",""Grid run down at 2,3 length 5 must have exactly one clue entry; found 0 ()."",""Grid run down at 0,5 length 5 must have exactly one clue entry; found 0 ()."",""Grid run down at 0,6 length 5 must have exactly one clue entry; found 0 ()."",""Entry down:0:2 at 0,2 length 3 must match exactly one real grid run; found 0."",""Grid run down at 0,0 length 3 must have exactly one clue entry; found 0 ()."",""Grid run down at 4,0 length 3 must have exactly one clue entry; found 0 ()."",""Grid run down at 0,1 length 3 must have exactly one clue entry; found 0 ()."",""Grid run down at 4,1 length 3 must have exactly one clue entry; found 0 ()."",""Grid run down at 0,2 length 7 must have exactly one clue entry; found 0 ()."",""Grid run down at 2,3 length 5 must have exactly one clue entry; found 0 ()."",""Grid run down at 0,5 length 5 must have exactly one clue entry; found 0 ()."",""Grid run down at 0,6 length 5 must have exactly one clue entry; found 0 ()."",""Entry down:0:2 at 0,2 length 3 must match exactly one real grid run; found 0.""]"
"word","2","9","ar_to_en","compatibility","false","validation_rejected","24","24","24","26","1","0","0","0","0","null","null","0","0","0.5962089999229647","0","0","0","0","[""unfilled_white_cells:3"",""unfilled_white_cells:1"",""unfilled_white_cells:1"",""unfilled_white_cells:1"",""unfilled_white_cells:11"",""unfilled_white_cells:1"",""unfilled_white_cells:1"",""unfilled_white_cells:1"",""unfilled_white_cells:6"",""unfilled_white_cells:5"",""unfilled_white_cells:3"",""unfilled_white_cells:3"",""unfilled_white_cells:1"",""unfilled_white_cells:1"",""unfilled_white_cells:1"",""unfilled_white_cells:3"",""unfilled_white_cells:22"",""unfilled_white_cells:10""]","[""Grid run across at 8,1 length 3 must have exactly one clue entry; found 0 ()."",""Grid run down at 0,0 length 3 must have exactly one clue entry; found 0 ()."",""Grid run down at 5,0 length 3 must have exactly one clue entry; found 0 ()."",""Grid run down at 0,2 length 9 must have exactly one clue entry; found 0 ()."",""Grid run down at 0,3 length 5 must have exactly one clue entry; found 0 ()."",""Grid run down at 5,4 length 3 must have exactly one clue entry; found 0 ()."",""Grid run down at 1,5 length 3 must have exactly one clue entry; found 0 ()."",""Grid run down at 0,7 length 5 must have exactly one clue entry; found 0 ()."",""Grid run down at 6,7 length 3 must have exactly one clue entry; found 0 ()."",""Grid run down at 0,8 length 5 must have exactly one clue entry; found 0 ()."",""Grid run down at 6,8 length 3 must have exactly one clue entry; found 0 ()."",""Entry down:5:2 at 5,2 length 4 must match exactly one real grid run; found 0."",""Grid run across at 0,0 length 3 must have exactly one clue entry; found 0 ()."",""Grid run across at 0,5 length 3 must have exactly one clue entry; found 0 ()."",""Grid run across at 1,0 length 3 must have exactly one clue entry; found 0 ()."",""Grid run across at 1,5 length 4 must have exactly one clue entry; found 0 ()."",""Grid run across at 3,6 length 3 must have exactly one clue entry; found 0 ()."",""Grid run across at 5,5 length 3 must have exactly one clue entry; found 0 ()."",""Grid run across at 7,4 length 5 must have exactly one clue entry; found 0 ()."",""Grid run across at 8,4 length 5 must have exactly one clue entry; found 0 ()."",""Grid run down at 5,1 length 4 must have exactly one clue entry; found 0 ()."",""Grid run down at 0,2 length 9 must have exactly one clue entry; found 0 ()."",""Grid run down at 2,3 length 5 must have exactly one clue entry; found 0 ()."",""Entry down:0:2 at 0,2 length 3 must match exactly one real grid run; found 0."",""Grid run across at 5,0 length 3 must have exactly one clue entry; found 0 ()."",""Grid run across at 5,5 length 4 must have exactly one clue entry; found 0 ()."",""Grid run across at 7,0 length 5 must have exactly one clue entry; found 0 ()."",""Grid run across at 7,6 length 3 must have exactly one clue entry; found 0 ()."",""Grid run across at 8,2 length 3 must have exactly one clue entry; found 0 ()."",""Grid run across at 8,6 length 3 must have exactly one clue entry; found 0 ()."",""Grid run down at 0,1 length 3 must have exactly one clue entry; found 0 ()."",""Grid run down at 0,2 length 9 must have exactly one clue entry; found 0 ()."",""Grid run down at 0,3 length 5 must have exactly one clue entry; found 0 ()."",""Grid run down at 1,4 length 3 must have exactly one clue entry; found 0 ()."",""Grid run down at 2,5 length 5 must have exactly one clue entry; found 0 ()."",""Grid run down at 0,8 length 3 must have exactly one clue entry; found 0 ()."",""Entry down:5:2 at 5,2 length 4 must match exactly one real grid run; found 0."",""Entry down:5:5 at 5,5 length 2 must match exactly one real grid run; found 0."",""Grid run across at 0,6 length 3 must have exactly one clue entry; found 0 ()."",""Grid run across at 3,4 length 3 must have exactly one clue entry; found 0 ()."",""Grid run down at 5,0 length 3 must have exactly one clue entry; found 0 ()."",""Grid run down at 1,1 length 7 must have exactly one clue entry; found 0 ()."",""Grid run down at 0,2 length 9 must have exactly one clue entry; found 0 ()."",""Grid run down at 0,3 length 3 must have exactly one clue entry; found 0 ()."",""Grid run down at 4,3 length 5 must have exactly one clue entry; found 0 ()."",""Grid run down at 6,4 length 3 must have exactly one clue entry; found 0 ()."",""Grid run down at 6,5 length 3 must have exactly one clue entry; found 0 ()."",""Grid run down at 4,7 length 4 must have exactly one clue entry; found 0 ()."",""Grid run down at 5,8 length 3 must have exactly one clue entry; found 0 ()."",""Entry down:4:1 at 4,1 length 4 must match exactly one real grid run; found 0."",""Grid run across at 0,6 length 3 must have exactly one clue entry; found 0 ()."",""Grid run down at 1,0 length 3 must have exactly one clue entry; found 0 ()."",""Grid run down at 0,2 length 9 must have exactly one clue entry; found 0 ()."",""Grid run down at 0,3 length 3 must have exactly one clue entry; found 0 ()."",""Grid run down at 4,3 length 3 must have exactly one clue entry; found 0 ()."",""Grid run down at 2,4 length 3 must have exactly one clue entry; found 0 ()."",""Grid run down at 6,4 length 3 must have exactly one clue entry; found 0 ()."",""Grid run down at 2,5 length 3 must have exactly one clue entry; found 0 ()."",""Grid run down at 6,5 length 3 must have exactly one clue entry; found 0 ()."",""Grid run down at 5,7 length 3 must have exactly one clue entry; found 0 ()."",""Grid run down at 5,8 length 3 must have exactly one clue entry; found 0 ()."",""Grid run across at 0,0 length 3 must have exactly one clue entry; found 0 ()."",""Grid run across at 0,4 length 3 must have exactly one clue entry; found 0 ()."",""Grid run across at 1,0 length 3 must have exactly one clue entry; found 0 ()."",""Grid run across at 1,4 length 5 must have exactly one clue entry; found 0 ()."",""Grid run across at 3,6 length 3 must have exactly one clue entry; found 0 ()."",""Grid run down at 6,1 length 3 must have exactly one clue entry; found 0 ()."",""Grid run down at 0,2 length 9 must have exactly one clue entry; found 0 ()."",""Grid run down at 2,3 length 7 must have exactly one clue entry; found 0 ()."",""Grid run down at 4,4 length 3 must have exactly one clue entry; found 0 ()."",""Grid run down at 4,5 length 3 must have exactly one clue entry; found 0 ()."",""Grid run down at 6,7 length 3 must have exactly one clue entry; found 0 ()."",""Grid run down at 6,8 length 3 must have exactly one clue entry; found 0 ()."",""Entry down:0:2 at 0,2 length 3 must match exactly one real grid run; found 0."",""Duplicate entry id across:8:0 at 8,0.""]"
"word","2","11","ar_to_en","compatibility","false","build_rejected","24","24","24","24","0","0","0","0","0","null","null","0","0","0","0","0","0","0","[""unfilled_white_cells:11"",""unfilled_white_cells:21"",""unfilled_white_cells:18"",""unfilled_white_cells:17"",""unfilled_white_cells:20"",""unfilled_white_cells:17"",""unfilled_white_cells:19"",""unfilled_white_cells:17"",""unfilled_white_cells:18"",""unfilled_white_cells:19"",""unfilled_white_cells:16"",""unfilled_white_cells:17"",""unfilled_white_cells:19"",""unfilled_white_cells:16"",""unfilled_white_cells:18"",""unfilled_white_cells:14"",""unfilled_white_cells:12"",""unfilled_white_cells:17"",""unfilled_white_cells:16"",""unfilled_white_cells:17"",""unfilled_white_cells:15"",""unfilled_white_cells:13"",""unfilled_white_cells:13"",""unfilled_white_cells:39""]","[]"
"word","2","11","ar_to_en","approved-only","false","build_rejected","24","24","24","27","3","0","0","0","0","null","null","0","0","0","0","0","0","0","[""unfilled_white_cells:6"",""unfilled_white_cells:4"",""unfilled_white_cells:4"",""unfilled_white_cells:11"",""unfilled_white_cells:3"",""unfilled_white_cells:7"",""unfilled_white_cells:8"",""unfilled_white_cells:7"",""unfilled_white_cells:3"",""unfilled_white_cells:7"",""unfilled_white_cells:5"",""unfilled_white_cells:4"",""unfilled_white_cells:6"",""unfilled_white_cells:5"",""unfilled_white_cells:4"",""unfilled_white_cells:1"",""unfilled_white_cells:6"",""unfilled_white_cells:3"",""unfilled_white_cells:3"",""unfilled_white_cells:5"",""unfilled_white_cells:3"",""unfilled_white_cells:4"",""unfilled_white_cells:1"",""unfilled_white_cells:19""]","[]"
"word","2","13","ar_to_en","compatibility","false","build_rejected","24","24","23","23","0","0","0","0","0","null","null","0","0","0","0","0","0","0","[""unfilled_white_cells:54"",""unfilled_white_cells:57"",""unfilled_white_cells:51"",""unfilled_white_cells:47"",""unfilled_white_cells:52"",""unfilled_white_cells:46"",""unfilled_white_cells:49"",""unfilled_white_cells:46"",""unfilled_white_cells:44"",""unfilled_white_cells:49"",""unfilled_white_cells:41"",""unfilled_white_cells:49"",""unfilled_white_cells:48"",""unfilled_white_cells:42"",""unfilled_white_cells:45"",""unfilled_white_cells:50"",""unfilled_white_cells:44"",""unfilled_white_cells:46"",""unfilled_white_cells:41"",""unfilled_white_cells:41"",""unfilled_white_cells:44"",""unfilled_white_cells:42"",""unfilled_white_cells:58""]","[]"
"word","2","13","ar_to_en","approved-only","false","build_rejected","24","24","24","24","0","0","0","0","0","null","null","0","0","0","0","0","0","0","[""unfilled_white_cells:35"",""unfilled_white_cells:38"",""unfilled_white_cells:36"",""unfilled_white_cells:29"",""unfilled_white_cells:36"",""unfilled_white_cells:36"",""unfilled_white_cells:31"",""unfilled_white_cells:28"",""unfilled_white_cells:38"",""unfilled_white_cells:34"",""unfilled_white_cells:30"",""unfilled_white_cells:40"",""unfilled_white_cells:29"",""unfilled_white_cells:33"",""unfilled_white_cells:32"",""unfilled_white_cells:27"",""unfilled_white_cells:26"",""unfilled_white_cells:33"",""unfilled_white_cells:31"",""unfilled_white_cells:38"",""unfilled_white_cells:30"",""unfilled_white_cells:25"",""unfilled_white_cells:32"",""unfilled_white_cells:63""]","[]"
"word","2","13","en_to_ar","compatibility","false","build_rejected","6","6","1","2","0","0","0","0","0","null","null","0","0","0","0","0","0","0","[""unfilled_white_cells:7"",""unfilled_white_cells:10""]","[]"
"word","2","13","en_to_ar","approved-only","false","build_rejected","6","6","1","2","0","0","0","0","0","null","null","0","0","0","0","0","0","0","[""unfilled_white_cells:1"",""unfilled_white_cells:1""]","[]"
"word","3","7","ar_to_en","approved-only","false","validation_rejected","24","24","24","99","1","0","0","0","0","null","null","0","0","0.26137500000186265","0","0","0","0","[""unfilled_white_cells:1"",""unfilled_white_cells:1"",""unfilled_white_cells:1"",""unfilled_white_cells:1"",""unfilled_white_cells:1"",""unfilled_white_cells:1"",""unfilled_white_cells:1"",""unfilled_white_cells:1"",""unfilled_white_cells:1"",""unfilled_white_cells:1"",""unfilled_white_cells:1"",""unfilled_white_cells:1"",""unfilled_white_cells:8"",""unfilled_white_cells:6"",""unfilled_white_cells:6"",""unfilled_white_cells:8"",""unfilled_white_cells:6"",""unfilled_white_cells:6"",""unfilled_white_cells:6"",""unfilled_white_cells:6"",""unfilled_white_cells:6"",""unfilled_white_cells:6"",""unfilled_white_cells:12"",""unfilled_white_cells:12"",""unfilled_white_cells:12"",""unfilled_white_cells:12"",""unfilled_white_cells:12"",""unfilled_white_cells:12"",""unfilled_white_cells:12"",""unfilled_white_cells:12"",""unfilled_white_cells:12"",""unfilled_white_cells:12"",""unfilled_white_cells:12"",""unfilled_white_cells:6"",""unfilled_white_cells:6"",""unfilled_white_cells:6"",""unfilled_white_cells:6"",""unfilled_white_cells:6"",""unfilled_white_cells:6"",""unfilled_white_cells:12"",""unfilled_white_cells:3"",""unfilled_white_cells:3"",""unfilled_white_cells:3"",""unfilled_white_cells:3"",""unfilled_white_cells:3"",""unfilled_white_cells:3"",""unfilled_white_cells:3"",""unfilled_white_cells:3"",""unfilled_white_cells:3"",""unfilled_white_cells:3"",""unfilled_white_cells:3"",""unfilled_white_cells:7"",""unfilled_white_cells:3"",""unfilled_white_cells:3"",""unfilled_white_cells:3"",""unfilled_white_cells:3"",""unfilled_white_cells:3"",""unfilled_white_cells:3"",""unfilled_white_cells:3"",""unfilled_white_cells:3"",""unfilled_white_cells:3"",""unfilled_white_cells:3"",""unfilled_white_cells:3"",""unfilled_white_cells:3"",""unfilled_white_cells:3"",""unfilled_white_cells:3"",""unfilled_white_cells:3"",""unfilled_white_cells:3"",""unfilled_white_cells:3"",""unfilled_white_cells:3"",""unfilled_white_cells:3"",""unfilled_white_cells:7"",""unfilled_white_cells:3"",""unfilled_white_cells:3"",""unfilled_white_cells:3"",""unfilled_white_cells:3"",""unfilled_white_cells:3"",""unfilled_white_cells:3"",""unfilled_white_cells:7"",""unfilled_white_cells:3"",""unfilled_white_cells:3"",""unfilled_white_cells:3"",""unfilled_white_cells:3"",""unfilled_white_cells:3"",""unfilled_white_cells:3"",""unfilled_white_cells:3"",""unfilled_white_cells:3"",""unfilled_white_cells:3"",""unfilled_white_cells:3"",""unfilled_white_cells:3"",""unfilled_white_cells:3"",""unfilled_white_cells:3"",""unfilled_white_cells:3"",""unfilled_white_cells:3""]","[""Grid run across at 0,0 length 3 must have exactly one clue entry; found 0 ()."",""Grid run across at 0,4 length 3 must have exactly one clue entry; found 0 ()."",""Grid run across at 1,0 length 3 must have exactly one clue entry; found 0 ()."",""Grid run across at 2,0 length 7 must have exactly one clue entry; found 0 ()."",""Grid run across at 3,2 length 5 must have exactly one clue entry; found 0 ()."",""Grid run across at 5,0 length 5 must have exactly one clue entry; found 0 ()."",""Grid run across at 6,0 length 5 must have exactly one clue entry; found 0 ()."",""Grid run down at 4,0 length 3 must have exactly one clue entry; found 0 ()."",""Grid run down at 4,1 length 3 must have exactly one clue entry; found 0 ()."",""Entry across:2:0 at 2,0 length 3 must match exactly one real grid run; found 0."",""Entry across:5:0 at 5,0 length 3 must match exactly one real grid run; found 0."",""Entry across:6:0 at 6,0 length 3 must match exactly one real grid run; found 0."",""Grid run across at 0,0 length 3 must have exactly one clue entry; found 0 ()."",""Grid run across at 0,4 length 3 must have exactly one clue entry; found 0 ()."",""Grid run across at 1,0 length 3 must have exactly one clue entry; found 0 ()."",""Grid run across at 2,0 length 7 must have exactly one clue entry; found 0 ()."",""Grid run across at 3,2 length 5 must have exactly one clue entry; found 0 ()."",""Grid run across at 5,0 length 5 must have exactly one clue entry; found 0 ()."",""Grid run across at 6,0 length 5 must have exactly one clue entry; found 0 ()."",""Grid run down at 4,0 length 3 must have exactly one clue entry; found 0 ()."",""Grid run down at 4,1 length 3 must have exactly one clue entry; found 0 ()."",""Entry across:2:0 at 2,0 length 3 must match exactly one real grid run; found 0."",""Entry across:5:0 at 5,0 length 3 must match exactly one real grid run; found 0."",""Entry across:6:0 at 6,0 length 3 must match exactly one real grid run; found 0."",""Grid run across at 0,0 length 3 must have exactly one clue entry; found 0 ()."",""Grid run across at 0,4 length 3 must have exactly one clue entry; found 0 ()."",""Grid run across at 1,0 length 3 must have exactly one clue entry; found 0 ()."",""Grid run across at 2,0 length 7 must have exactly one clue entry; found 0 ()."",""Grid run across at 3,2 length 5 must have exactly one clue entry; found 0 ()."",""Grid run across at 5,0 length 5 must have exactly one clue entry; found 0 ()."",""Grid run across at 6,0 length 5 must have exactly one clue entry; found 0 ()."",""Grid run down at 4,0 length 3 must have exactly one clue entry; found 0 ()."",""Grid run down at 4,1 length 3 must have exactly one clue entry; found 0 ()."",""Entry across:2:0 at 2,0 length 3 must match exactly one real grid run; found 0."",""Entry across:5:0 at 5,0 length 3 must match exactly one real grid run; found 0."",""Entry across:6:0 at 6,0 length 3 must match exactly one real grid run; found 0."",""Grid run across at 0,0 length 3 must have exactly one clue entry; found 0 ()."",""Grid run across at 0,4 length 3 must have exactly one clue entry; found 0 ()."",""Grid run across at 1,0 length 3 must have exactly one clue entry; found 0 ()."",""Grid run across at 2,0 length 7 must have exactly one clue entry; found 0 ()."",""Grid run across at 3,2 length 5 must have exactly one clue entry; found 0 ()."",""Grid run across at 5,0 length 5 must have exactly one clue entry; found 0 ()."",""Grid run across at 6,0 length 5 must have exactly one clue entry; found 0 ()."",""Grid run down at 4,0 length 3 must have exactly one clue entry; found 0 ()."",""Grid run down at 4,1 length 3 must have exactly one clue entry; found 0 ()."",""Entry across:2:0 at 2,0 length 3 must match exactly one real grid run; found 0."",""Entry across:5:0 at 5,0 length 3 must match exactly one real grid run; found 0."",""Entry across:6:0 at 6,0 length 3 must match exactly one real grid run; found 0.""]"
"word","3","9","ar_to_en","compatibility","false","validation_rejected","24","24","24","24","0","0","0","0","0","null","null","0","0","0.5977089998777956","0","0","0","0","[""unfilled_white_cells:1"",""unfilled_white_cells:2"",""unfilled_white_cells:3"",""unfilled_white_cells:4"",""unfilled_white_cells:3"",""unfilled_white_cells:2"",""unfilled_white_cells:3"",""unfilled_white_cells:3"",""unfilled_white_cells:7"",""unfilled_white_cells:3"",""unfilled_white_cells:1"",""unfilled_white_cells:1"",""unfilled_white_cells:6"",""unfilled_white_cells:6"",""unfilled_white_cells:6"",""unfilled_white_cells:2"",""unfilled_white_cells:21""]","[""Grid run across at 0,1 length 3 must have exactly one clue entry; found 0 ()."",""Grid run across at 1,6 length 3 must have exactly one clue entry; found 0 ()."",""Grid run across at 2,0 length 9 must have exactly one clue entry; found 0 ()."",""Grid run across at 3,0 length 3 must have exactly one clue entry; found 0 ()."",""Grid run across at 3,4 length 3 must have exactly one clue entry; found 0 ()."",""Grid run across at 4,1 length 3 must have exactly one clue entry; found 0 ()."",""Grid run across at 4,5 length 3 must have exactly one clue entry; found 0 ()."",""Grid run across at 5,1 length 3 must have exactly one clue entry; found 0 ()."",""Grid run across at 5,5 length 4 must have exactly one clue entry; found 0 ()."",""Grid run across at 7,0 length 5 must have exactly one clue entry; found 0 ()."",""Grid run across at 8,0 length 5 must have exactly one clue entry; found 0 ()."",""Grid run across at 1,0 length 5 must have exactly one clue entry; found 0 ()."",""Grid run across at 1,6 length 3 must have exactly one clue entry; found 0 ()."",""Grid run across at 2,0 length 9 must have exactly one clue entry; found 0 ()."",""Grid run across at 3,5 length 3 must have exactly one clue entry; found 0 ()."",""Grid run across at 4,1 length 3 must have exactly one clue entry; found 0 ()."",""Grid run across at 5,0 length 5 must have exactly one clue entry; found 0 ()."",""Grid run across at 5,6 length 3 must have exactly one clue entry; found 0 ()."",""Grid run across at 7,0 length 9 must have exactly one clue entry; found 0 ()."",""Grid run across at 8,1 length 3 must have exactly one clue entry; found 0 ()."",""Grid run across at 8,5 length 3 must have exactly one clue entry; found 0 ()."",""Grid run across at 1,0 length 8 must have exactly one clue entry; found 0 ()."",""Grid run across at 2,0 length 9 must have exactly one clue entry; found 0 ()."",""Grid run across at 3,2 length 3 must have exactly one clue entry; found 0 ()."",""Grid run across at 3,6 length 3 must have exactly one clue entry; found 0 ()."",""Grid run across at 4,0 length 3 must have exactly one clue entry; found 0 ()."",""Grid run across at 4,5 length 4 must have exactly one clue entry; found 0 ()."",""Grid run across at 5,0 length 3 must have exactly one clue entry; found 0 ()."",""Grid run across at 5,4 length 5 must have exactly one clue entry; found 0 ()."",""Grid run across at 7,1 length 7 must have exactly one clue entry; found 0 ()."",""Grid run across at 8,1 length 3 must have exactly one clue entry; found 0 ()."",""Grid run across at 8,5 length 3 must have exactly one clue entry; found 0 ()."",""Grid run down at 0,0 length 3 must have exactly one clue entry; found 0 ()."",""Grid run down at 0,1 length 3 must have exactly one clue entry; found 0 ()."",""Entry across:1:0 at 1,0 length 5 must match exactly one real grid run; found 0."",""Entry across:2:0 at 2,0 length 3 must match exactly one real grid run; found 0."",""Entry across:7:1 at 7,1 length 4 must match exactly one real grid run; found 0."",""Duplicate entry id down:2:4 at 2,4."",""Grid run across at 0,1 length 3 must have exactly one clue entry; found 0 ()."",""Grid run across at 0,6 length 3 must have exactly one clue entry; found 0 ()."",""Grid run across at 1,6 length 3 must have exactly one clue entry; found 0 ()."",""Grid run across at 2,0 length 9 must have exactly one clue entry; found 0 ()."",""Grid run across at 3,0 length 3 must have exactly one clue entry; found 0 ()."",""Grid run across at 3,4 length 3 must have exactly one clue entry; found 0 ()."",""Grid run across at 4,0 length 3 must have exactly one clue entry; found 0 ()."",""Grid run across at 5,0 length 5 must have exactly one clue entry; found 0 ()."",""Grid run across at 7,1 length 3 must have exactly one clue entry; found 0 ()."",""Grid run across at 8,1 length 3 must have exactly one clue entry; found 0 ()."",""Grid run down at 6,5 length 3 must have exactly one clue entry; found 0 ()."",""Grid run down at 5,7 length 4 must have exactly one clue entry; found 0 ()."",""Grid run down at 5,8 length 3 must have exactly one clue entry; found 0 ()."",""Entry across:2:6 at 2,6 length 3 must match exactly one real grid run; found 0."",""Grid run across at 0,0 length 3 must have exactly one clue entry; found 0 ()."",""Grid run across at 0,5 length 3 must have exactly one clue entry; found 0 ()."",""Grid run across at 1,0 length 3 must have exactly one clue entry; found 0 ()."",""Grid run across at 1,5 length 4 must have exactly one clue entry; found 0 ()."",""Grid run across at 3,6 length 3 must have exactly one clue entry; found 0 ()."",""Grid run down at 5,0 length 3 must have exactly one clue entry; found 0 ()."",""Grid run down at 0,2 length 9 must have exactly one clue entry; found 0 ()."",""Grid run down at 2,3 length 3 must have exactly one clue entry; found 0 ()."",""Grid run down at 6,3 length 3 must have exactly one clue entry; found 0 ()."",""Grid run down at 2,4 length 5 must have exactly one clue entry; found 0 ()."",""Grid run down at 4,5 length 3 must have exactly one clue entry; found 0 ()."",""Grid run down at 6,7 length 3 must have exactly one clue entry; found 0 ()."",""Grid run down at 6,8 length 3 must have exactly one clue entry; found 0 ()."",""Entry down:0:2 at 0,2 length 5 must match exactly one real grid run; found 0."",""Grid run across at 5,6 length 3 must have exactly one clue entry; found 0 ()."",""Grid run across at 7,5 length 4 must have exactly one clue entry; found 0 ()."",""Grid run across at 8,5 length 3 must have exactly one clue entry; found 0 ()."",""Grid run down at 1,0 length 3 must have exactly one clue entry; found 0 ()."",""Grid run down at 6,1 length 3 must have exactly one clue entry; found 0 ()."",""Grid run down at 0,2 length 9 must have exactly one clue entry; found 0 ()."",""Grid run down at 0,3 length 3 must have exactly one clue entry; found 0 ()."",""Grid run down at 2,4 length 5 must have exactly one clue entry; found 0 ()."",""Grid run down at 2,5 length 3 must have exactly one clue entry; found 0 ()."",""Grid run down at 0,7 length 3 must have exactly one clue entry; found 0 ()."",""Grid run down at 0,8 length 3 must have exactly one clue entry; found 0 ().""]"
"word","3","11","ar_to_en","compatibility","false","build_rejected","24","24","24","24","0","0","0","0","0","null","null","0","0","0","0","0","0","0","[""unfilled_white_cells:25"",""unfilled_white_cells:20"",""unfilled_white_cells:22"",""unfilled_white_cells:24"",""unfilled_white_cells:23"",""unfilled_white_cells:22"",""unfilled_white_cells:19"",""unfilled_white_cells:17"",""unfilled_white_cells:20"",""unfilled_white_cells:21"",""unfilled_white_cells:14"",""unfilled_white_cells:18"",""unfilled_white_cells:18"",""unfilled_white_cells:20"",""unfilled_white_cells:15"",""unfilled_white_cells:12"",""unfilled_white_cells:17"",""unfilled_white_cells:21"",""unfilled_white_cells:19"",""unfilled_white_cells:17"",""unfilled_white_cells:14"",""unfilled_white_cells:13"",""unfilled_white_cells:13"",""unfilled_white_cells:45""]","[]"
"word","3","11","ar_to_en","approved-only","false","build_rejected","24","24","24","24","0","0","0","0","0","null","null","0","0","0","0","0","0","0","[""unfilled_white_cells:10"",""unfilled_white_cells:13"",""unfilled_white_cells:4"",""unfilled_white_cells:12"",""unfilled_white_cells:2"",""unfilled_white_cells:5"",""unfilled_white_cells:1"",""unfilled_white_cells:5"",""unfilled_white_cells:7"",""unfilled_white_cells:4"",""unfilled_white_cells:9"",""unfilled_white_cells:6"",""unfilled_white_cells:4"",""unfilled_white_cells:7"",""unfilled_white_cells:3"",""unfilled_white_cells:4"",""unfilled_white_cells:3"",""unfilled_white_cells:5"",""unfilled_white_cells:7"",""unfilled_white_cells:2"",""unfilled_white_cells:4"",""unfilled_white_cells:3"",""unfilled_white_cells:1"",""unfilled_white_cells:21""]","[]"
"word","3","13","ar_to_en","compatibility","false","build_rejected","24","24","23","23","0","0","0","0","0","null","null","0","0","0","0","0","0","0","[""unfilled_white_cells:51"",""unfilled_white_cells:47"",""unfilled_white_cells:51"",""unfilled_white_cells:47"",""unfilled_white_cells:49"",""unfilled_white_cells:52"",""unfilled_white_cells:52"",""unfilled_white_cells:44"",""unfilled_white_cells:49"",""unfilled_white_cells:49"",""unfilled_white_cells:49"",""unfilled_white_cells:50"",""unfilled_white_cells:48"",""unfilled_white_cells:44"",""unfilled_white_cells:46"",""unfilled_white_cells:51"",""unfilled_white_cells:43"",""unfilled_white_cells:44"",""unfilled_white_cells:38"",""unfilled_white_cells:47"",""unfilled_white_cells:41"",""unfilled_white_cells:47"",""unfilled_white_cells:46""]","[]"
"word","3","13","ar_to_en","approved-only","false","build_rejected","24","24","24","24","0","0","0","0","0","null","null","0","0","0","0","0","0","0","[""unfilled_white_cells:27"",""unfilled_white_cells:34"",""unfilled_white_cells:39"",""unfilled_white_cells:41"",""unfilled_white_cells:37"",""unfilled_white_cells:36"",""unfilled_white_cells:39"",""unfilled_white_cells:36"",""unfilled_white_cells:36"",""unfilled_white_cells:35"",""unfilled_white_cells:29"",""unfilled_white_cells:28"",""unfilled_white_cells:33"",""unfilled_white_cells:35"",""unfilled_white_cells:31"",""unfilled_white_cells:36"",""unfilled_white_cells:37"",""unfilled_white_cells:31"",""unfilled_white_cells:32"",""unfilled_white_cells:30"",""unfilled_white_cells:34"",""unfilled_white_cells:29"",""unfilled_white_cells:30"",""unfilled_white_cells:66""]","[]"
"word","3","13","en_to_ar","compatibility","false","build_rejected","6","6","1","2","0","0","0","0","0","null","null","0","0","0","0","0","0","0","[""unfilled_white_cells:16"",""unfilled_white_cells:17""]","[]"
"word","3","13","en_to_ar","approved-only","false","build_rejected","6","6","1","2","0","0","0","0","0","null","null","0","0","0","0","0","0","0","[""unfilled_white_cells:9"",""unfilled_white_cells:14""]","[]"
"backtracking","1","7","ar_to_en","approved-only","false","validation_rejected","24","24","24","24","0","0","0","0","0","null","null","0","0","0.07237500004703179","0","0","0","0","[""unfilled_white_cells:4"",""unfilled_white_cells:4"",""unfilled_white_cells:4"",""unfilled_white_cells:4"",""unfilled_white_cells:4"",""unfilled_white_cells:4"",""unfilled_white_cells:4"",""unfilled_white_cells:4"",""unfilled_white_cells:6"",""unfilled_white_cells:8"",""unfilled_white_cells:8"",""unfilled_white_cells:6"",""unfilled_white_cells:6"",""unfilled_white_cells:6"",""unfilled_white_cells:6"",""unfilled_white_cells:6"",""unfilled_white_cells:4"",""unfilled_white_cells:7"",""unfilled_white_cells:7"",""unfilled_white_cells:4"",""unfilled_white_cells:4"",""unfilled_white_cells:5"",""unfilled_white_cells:3""]","[""Grid run down at 1,0 length 4 must have exactly one clue entry; found 0 ()."",""Grid run down at 1,1 length 4 must have exactly one clue entry; found 0 ()."",""Grid run down at 0,3 length 3 must have exactly one clue entry; found 0 ()."",""Grid run down at 2,5 length 4 must have exactly one clue entry; found 0 ().""]"
"backtracking","1","9","ar_to_en","compatibility","true","success","24","24","14","14","0","0","0","0","0","null","null","0","0","0.11975000001257285","0","0","0","0","[""unfilled_white_cells:21"",""unfilled_white_cells:21"",""unfilled_white_cells:11"",""unfilled_white_cells:14"",""unfilled_white_cells:14"",""unfilled_white_cells:24"",""unfilled_white_cells:7"",""unfilled_white_cells:11"",""unfilled_white_cells:27"",""unfilled_white_cells:18"",""unfilled_white_cells:20"",""unfilled_white_cells:8"",""unfilled_white_cells:19""]","[]"
"backtracking","1","11","ar_to_en","compatibility","false","build_rejected","24","24","24","24","0","0","0","0","0","null","null","0","0","0","0","0","0","0","[""unfilled_white_cells:47"",""unfilled_white_cells:33"",""unfilled_white_cells:50"",""unfilled_white_cells:56"",""unfilled_white_cells:60"",""unfilled_white_cells:64"",""unfilled_white_cells:65"",""unfilled_white_cells:58"",""unfilled_white_cells:42"",""unfilled_white_cells:65"",""unfilled_white_cells:57"",""unfilled_white_cells:54"",""unfilled_white_cells:57"",""unfilled_white_cells:26"",""unfilled_white_cells:39"",""unfilled_white_cells:36"",""unfilled_white_cells:30"",""unfilled_white_cells:47"",""unfilled_white_cells:35"",""unfilled_white_cells:58"",""unfilled_white_cells:43"",""unfilled_white_cells:36"",""unfilled_white_cells:53"",""unfilled_white_cells:44""]","[]"
"backtracking","1","11","ar_to_en","approved-only","false","build_rejected","24","24","24","42","4","0","0","0","0","null","null","0","0","0","0","0","0","0","[""unfilled_white_cells:48"",""unfilled_white_cells:48"",""unfilled_white_cells:66"",""unfilled_white_cells:46"",""unfilled_white_cells:45"",""unfilled_white_cells:63"",""unfilled_white_cells:63"",""unfilled_white_cells:50"",""unfilled_white_cells:50"",""unfilled_white_cells:36"",""unfilled_white_cells:35"",""unfilled_white_cells:40"",""unfilled_white_cells:52"",""unfilled_white_cells:52"",""unfilled_white_cells:52"",""unfilled_white_cells:51"",""unfilled_white_cells:55"",""unfilled_white_cells:56"",""unfilled_white_cells:40"",""unfilled_white_cells:40"",""unfilled_white_cells:40"",""unfilled_white_cells:40"",""unfilled_white_cells:46"",""unfilled_white_cells:46"",""unfilled_white_cells:46"",""unfilled_white_cells:41"",""unfilled_white_cells:38"",""unfilled_white_cells:32"",""unfilled_white_cells:46"",""unfilled_white_cells:46"",""unfilled_white_cells:46"",""unfilled_white_cells:44"",""unfilled_white_cells:58"",""unfilled_white_cells:39"",""unfilled_white_cells:32"",""unfilled_white_cells:43"",""unfilled_white_cells:39"",""unfilled_white_cells:36""]","[]"
"backtracking","1","13","ar_to_en","compatibility","false","build_rejected","24","24","24","24","0","0","0","0","0","null","null","0","0","0","0","0","0","0","[""unfilled_white_cells:93"",""unfilled_white_cells:95"",""unfilled_white_cells:96"",""unfilled_white_cells:76"",""unfilled_white_cells:93"",""unfilled_white_cells:89"",""unfilled_white_cells:94"",""unfilled_white_cells:76"",""unfilled_white_cells:82"",""unfilled_white_cells:85"",""unfilled_white_cells:91"",""unfilled_white_cells:93"",""unfilled_white_cells:67"",""unfilled_white_cells:88"",""unfilled_white_cells:74"",""unfilled_white_cells:91"",""unfilled_white_cells:82"",""unfilled_white_cells:94"",""unfilled_white_cells:72"",""unfilled_white_cells:76"",""unfilled_white_cells:91"",""unfilled_white_cells:88"",""unfilled_white_cells:87"",""unfilled_white_cells:54""]","[]"
"backtracking","1","13","ar_to_en","approved-only","false","no_complete_fill_deadline_not_established","24","24","24","331","331","0","0","0","0","null","null","0","0","0","0","0","0","0","[]","[]"
"backtracking","1","13","en_to_ar","compatibility","false","build_rejected","6","6","1","2","0","0","0","0","0","null","null","0","0","0","0","0","0","0","[""unfilled_white_cells:81"",""unfilled_white_cells:71""]","[]"
"backtracking","1","13","en_to_ar","approved-only","false","build_rejected","6","6","2","22","0","0","0","0","0","null","null","0","0","0","0","0","0","0","[""unfilled_white_cells:101"",""unfilled_white_cells:101"",""unfilled_white_cells:101"",""unfilled_white_cells:101"",""unfilled_white_cells:101"",""unfilled_white_cells:101"",""unfilled_white_cells:101"",""unfilled_white_cells:101"",""unfilled_white_cells:101"",""unfilled_white_cells:101"",""unfilled_white_cells:101"",""unfilled_white_cells:101"",""unfilled_white_cells:101"",""unfilled_white_cells:101"",""unfilled_white_cells:101"",""unfilled_white_cells:101"",""unfilled_white_cells:101"",""unfilled_white_cells:101"",""unfilled_white_cells:101"",""unfilled_white_cells:101"",""unfilled_white_cells:91"",""unfilled_white_cells:91""]","[]"
"backtracking","2","7","ar_to_en","approved-only","false","build_rejected","24","24","24","24","0","0","0","0","0","null","null","0","0","0","0","0","0","0","[""unfilled_white_cells:9"",""unfilled_white_cells:9"",""unfilled_white_cells:9"",""unfilled_white_cells:9"",""unfilled_white_cells:9"",""unfilled_white_cells:7"",""unfilled_white_cells:14"",""unfilled_white_cells:14"",""unfilled_white_cells:10"",""unfilled_white_cells:2"",""unfilled_white_cells:5"",""unfilled_white_cells:5"",""unfilled_white_cells:5"",""unfilled_white_cells:5"",""unfilled_white_cells:5"",""unfilled_white_cells:5"",""unfilled_white_cells:1"",""unfilled_white_cells:5"",""unfilled_white_cells:5"",""unfilled_white_cells:3"",""unfilled_white_cells:4"",""unfilled_white_cells:3"",""unfilled_white_cells:3"",""unfilled_white_cells:3""]","[]"
"backtracking","2","9","ar_to_en","compatibility","false","build_rejected","24","24","24","24","0","0","0","0","0","null","null","0","0","0","0","0","0","0","[""unfilled_white_cells:37"",""unfilled_white_cells:30"",""unfilled_white_cells:22"",""unfilled_white_cells:8"",""unfilled_white_cells:26"",""unfilled_white_cells:32"",""unfilled_white_cells:17"",""unfilled_white_cells:33"",""unfilled_white_cells:13"",""unfilled_white_cells:21"",""unfilled_white_cells:13"",""unfilled_white_cells:12"",""unfilled_white_cells:11"",""unfilled_white_cells:23"",""unfilled_white_cells:20"",""unfilled_white_cells:15"",""unfilled_white_cells:12"",""unfilled_white_cells:26"",""unfilled_white_cells:15"",""unfilled_white_cells:8"",""unfilled_white_cells:8"",""unfilled_white_cells:26"",""unfilled_white_cells:19"",""unfilled_white_cells:3""]","[]"
"backtracking","2","11","ar_to_en","compatibility","false","build_rejected","24","24","24","24","0","0","0","0","0","null","null","0","0","0","0","0","0","0","[""unfilled_white_cells:44"",""unfilled_white_cells:52"",""unfilled_white_cells:67"",""unfilled_white_cells:46"",""unfilled_white_cells:36"",""unfilled_white_cells:61"",""unfilled_white_cells:60"",""unfilled_white_cells:36"",""unfilled_white_cells:49"",""unfilled_white_cells:56"",""unfilled_white_cells:57"",""unfilled_white_cells:44"",""unfilled_white_cells:47"",""unfilled_white_cells:42"",""unfilled_white_cells:59"",""unfilled_white_cells:40"",""unfilled_white_cells:52"",""unfilled_white_cells:26"",""unfilled_white_cells:34"",""unfilled_white_cells:35"",""unfilled_white_cells:26"",""unfilled_white_cells:32"",""unfilled_white_cells:32"",""unfilled_white_cells:32""]","[]"
"backtracking","2","11","ar_to_en","approved-only","false","build_rejected","24","24","24","39","2","0","0","0","0","null","null","0","0","0","0","0","0","0","[""unfilled_white_cells:48"",""unfilled_white_cells:48"",""unfilled_white_cells:50"",""unfilled_white_cells:58"",""unfilled_white_cells:46"",""unfilled_white_cells:62"",""unfilled_white_cells:39"",""unfilled_white_cells:48"",""unfilled_white_cells:50"",""unfilled_white_cells:50"",""unfilled_white_cells:40"",""unfilled_white_cells:51"",""unfilled_white_cells:59"",""unfilled_white_cells:32"",""unfilled_white_cells:54"",""unfilled_white_cells:46"",""unfilled_white_cells:41"",""unfilled_white_cells:60"",""unfilled_white_cells:57"",""unfilled_white_cells:40"",""unfilled_white_cells:50"",""unfilled_white_cells:51"",""unfilled_white_cells:40"",""unfilled_white_cells:55"",""unfilled_white_cells:54"",""unfilled_white_cells:41"",""unfilled_white_cells:46"",""unfilled_white_cells:44"",""unfilled_white_cells:44"",""unfilled_white_cells:36"",""unfilled_white_cells:44"",""unfilled_white_cells:37"",""unfilled_white_cells:42"",""unfilled_white_cells:36"",""unfilled_white_cells:44"",""unfilled_white_cells:42"",""unfilled_white_cells:36""]","[]"
"backtracking","2","13","ar_to_en","compatibility","false","build_rejected","24","24","24","24","0","0","0","0","0","null","null","0","0","0","0","0","0","0","[""unfilled_white_cells:83"",""unfilled_white_cells:92"",""unfilled_white_cells:101"",""unfilled_white_cells:102"",""unfilled_white_cells:98"",""unfilled_white_cells:90"",""unfilled_white_cells:101"",""unfilled_white_cells:88"",""unfilled_white_cells:95"",""unfilled_white_cells:98"",""unfilled_white_cells:89"",""unfilled_white_cells:88"",""unfilled_white_cells:72"",""unfilled_white_cells:86"",""unfilled_white_cells:93"",""unfilled_white_cells:102"",""unfilled_white_cells:94"",""unfilled_white_cells:80"",""unfilled_white_cells:99"",""unfilled_white_cells:87"",""unfilled_white_cells:87"",""unfilled_white_cells:71"",""unfilled_white_cells:86"",""unfilled_white_cells:77""]","[]"
"backtracking","2","13","ar_to_en","approved-only","false","no_complete_fill_deadline_not_established","24","24","24","338","338","0","0","0","0","null","null","0","0","0","0","0","0","0","[]","[]"
"backtracking","2","13","en_to_ar","compatibility","false","build_rejected","6","6","1","2","0","0","0","0","0","null","null","0","0","0","0","0","0","0","[""unfilled_white_cells:4"",""unfilled_white_cells:29""]","[]"
"backtracking","2","13","en_to_ar","approved-only","false","build_rejected","6","6","1","2","0","0","0","0","0","null","null","0","0","0","0","0","0","0","[""unfilled_white_cells:87"",""unfilled_white_cells:102""]","[]"
"backtracking","3","7","ar_to_en","approved-only","false","build_rejected","24","24","24","24","0","0","0","0","0","null","null","0","0","0","0","0","0","0","[""unfilled_white_cells:3"",""unfilled_white_cells:3"",""unfilled_white_cells:3"",""unfilled_white_cells:3"",""unfilled_white_cells:3"",""unfilled_white_cells:3"",""unfilled_white_cells:10"",""unfilled_white_cells:4"",""unfilled_white_cells:10"",""unfilled_white_cells:8"",""unfilled_white_cells:4"",""unfilled_white_cells:6"",""unfilled_white_cells:6"",""unfilled_white_cells:11"",""unfilled_white_cells:3"",""unfilled_white_cells:3"",""unfilled_white_cells:3"",""unfilled_white_cells:4"",""unfilled_white_cells:5"",""unfilled_white_cells:5"",""unfilled_white_cells:3"",""unfilled_white_cells:3"",""unfilled_white_cells:3"",""unfilled_white_cells:3""]","[]"
"backtracking","3","9","ar_to_en","compatibility","true","success","24","24","7","7","0","0","0","0","0","null","null","0","0","0.24133300001267344","0","0","0","0","[""unfilled_white_cells:31"",""unfilled_white_cells:12"",""unfilled_white_cells:40"",""unfilled_white_cells:26"",""unfilled_white_cells:33"",""unfilled_white_cells:29""]","[]"
"backtracking","3","11","ar_to_en","compatibility","false","build_rejected","24","24","24","24","0","0","0","0","0","null","null","0","0","0","0","0","0","0","[""unfilled_white_cells:55"",""unfilled_white_cells:52"",""unfilled_white_cells:51"",""unfilled_white_cells:29"",""unfilled_white_cells:41"",""unfilled_white_cells:66"",""unfilled_white_cells:60"",""unfilled_white_cells:52"",""unfilled_white_cells:54"",""unfilled_white_cells:66"",""unfilled_white_cells:63"",""unfilled_white_cells:36"",""unfilled_white_cells:50"",""unfilled_white_cells:40"",""unfilled_white_cells:45"",""unfilled_white_cells:52"",""unfilled_white_cells:52"",""unfilled_white_cells:35"",""unfilled_white_cells:61"",""unfilled_white_cells:48"",""unfilled_white_cells:53"",""unfilled_white_cells:26"",""unfilled_white_cells:35"",""unfilled_white_cells:55""]","[]"
"backtracking","3","11","ar_to_en","approved-only","false","build_rejected","24","24","24","41","1","0","0","0","0","null","null","0","0","0","0","0","0","0","[""unfilled_white_cells:49"",""unfilled_white_cells:49"",""unfilled_white_cells:53"",""unfilled_white_cells:48"",""unfilled_white_cells:46"",""unfilled_white_cells:46"",""unfilled_white_cells:50"",""unfilled_white_cells:50"",""unfilled_white_cells:54"",""unfilled_white_cells:54"",""unfilled_white_cells:54"",""unfilled_white_cells:52"",""unfilled_white_cells:49"",""unfilled_white_cells:49"",""unfilled_white_cells:47"",""unfilled_white_cells:44"",""unfilled_white_cells:58"",""unfilled_white_cells:45"",""unfilled_white_cells:39"",""unfilled_white_cells:42"",""unfilled_white_cells:42"",""unfilled_white_cells:43"",""unfilled_white_cells:43"",""unfilled_white_cells:43"",""unfilled_white_cells:44"",""unfilled_white_cells:39"",""unfilled_white_cells:39"",""unfilled_white_cells:57"",""unfilled_white_cells:51"",""unfilled_white_cells:53"",""unfilled_white_cells:42"",""unfilled_white_cells:33"",""unfilled_white_cells:44"",""unfilled_white_cells:36"",""unfilled_white_cells:44"",""unfilled_white_cells:44"",""unfilled_white_cells:39"",""unfilled_white_cells:39"",""unfilled_white_cells:39"",""unfilled_white_cells:39""]","[]"
"backtracking","3","13","ar_to_en","compatibility","false","build_rejected","24","24","24","24","0","0","0","0","0","null","null","0","0","0","0","0","0","0","[""unfilled_white_cells:104"",""unfilled_white_cells:85"",""unfilled_white_cells:79"",""unfilled_white_cells:96"",""unfilled_white_cells:83"",""unfilled_white_cells:75"",""unfilled_white_cells:95"",""unfilled_white_cells:101"",""unfilled_white_cells:85"",""unfilled_white_cells:76"",""unfilled_white_cells:67"",""unfilled_white_cells:86"",""unfilled_white_cells:83"",""unfilled_white_cells:80"",""unfilled_white_cells:92"",""unfilled_white_cells:82"",""unfilled_white_cells:95"",""unfilled_white_cells:96"",""unfilled_white_cells:81"",""unfilled_white_cells:72"",""unfilled_white_cells:94"",""unfilled_white_cells:72"",""unfilled_white_cells:76"",""unfilled_white_cells:76""]","[]"
"backtracking","3","13","ar_to_en","approved-only","false","no_complete_fill_deadline_not_established","24","24","24","332","332","0","0","0","0","null","null","0","0","0","0","0","0","0","[]","[]"
"backtracking","3","13","en_to_ar","compatibility","false","build_rejected","6","6","1","2","0","0","0","0","0","null","null","0","0","0","0","0","0","0","[""unfilled_white_cells:73"",""unfilled_white_cells:65""]","[]"
"backtracking","3","13","en_to_ar","approved-only","false","build_rejected","6","6","1","2","0","0","0","0","0","null","null","0","0","0","0","0","0","0","[""unfilled_white_cells:85"",""unfilled_white_cells:86""]","[]"
"minIntersection","1","7","ar_to_en","approved-only","false","observed_deadline_no_complete_fill","24","24","24","24","24","16","102033","295085","1646506","null","null","2077.6754687568173","23.927244002348743","0","102057","187289","47","113","[]","[]"
"minIntersection","1","9","ar_to_en","compatibility","true","success","24","24","8","8","7","31","50909","118915","634969","null","null","924.4863989359001","8.129079011501744","0.17879100004211068","50883","63072","12","67","[]","[]"
"minIntersection","1","11","ar_to_en","compatibility","false","observed_deadline_no_complete_fill","24","24","24","24","24","31","49890","158444","1652115","null","null","3156.0846499939216","12.930760003626347","0","49883","97833","17","153","[]","[]"
"minIntersection","1","11","ar_to_en","approved-only","false","observed_deadline_no_complete_fill","24","24","24","188","188","15","44595","97850","1677677","null","null","3062.7425724348286","10.276362983509898","0","44605","52558","197","59","[]","[]"
"minIntersection","1","13","ar_to_en","compatibility","false","observed_deadline_no_complete_fill","24","24","24","24","24","21","37963","123876","1782248","null","null","3126.5508111546515","10.443392001325265","0","37945","77492","5","131","[]","[]"
"minIntersection","1","13","ar_to_en","approved-only","false","no_complete_fill_deadline_not_established","24","24","24","480","480","0","480","7680","75900","null","null","73.58062809205148","1.2028579963371158","0","0","7680","0","0","[]","[]"
"minIntersection","1","13","en_to_ar","compatibility","false","observed_deadline_no_complete_fill","6","6","1","2","2","24","6451","22028","370500","null","null","1290.0632211194606","1.58233399852179","0","6449","15031","0","35","[]","[]"
"minIntersection","1","13","en_to_ar","approved-only","false","observed_deadline_no_complete_fill","6","6","5","82","82","12","9174","24283","601389","null","null","1255.080399868195","1.9954699840163812","0","9092","15122","0","10","[]","[]"
"minIntersection","2","7","ar_to_en","approved-only","false","observed_deadline_no_complete_fill","24","24","24","24","24","16","109068","308083","1808407","null","null","2085.803374051233","24.88295497163199","0","109064","193571","18","122","[]","[]"
"minIntersection","2","9","ar_to_en","compatibility","true","success","24","24","2","2","1","32","6327","16852","119801","null","null","225.0941969542764","1.3390049984445795","0.18204200000036508","6294","9307","0","6","[]","[]"
"minIntersection","2","11","ar_to_en","compatibility","false","observed_deadline_no_complete_fill","24","24","24","24","24","19","48814","154273","1655606","null","null","3145.494142929907","13.495559975504875","0","48823","94782","33","136","[]","[]"
"minIntersection","2","11","ar_to_en","approved-only","false","observed_deadline_no_complete_fill","24","24","24","156","156","18","45388","100762","1707946","null","null","3065.898097885307","10.423379020881839","0","45436","54519","202","65","[]","[]"
"minIntersection","2","13","ar_to_en","compatibility","false","observed_deadline_no_complete_fill","24","24","24","24","24","19","39609","124519","1878648","null","null","3117.0341796027496","11.739088994916528","0","39611","76446","24","122","[]","[]"
"minIntersection","2","13","ar_to_en","approved-only","false","no_complete_fill_deadline_not_established","24","24","24","480","480","0","480","7680","75580","null","null","70.6596110073151","1.2317789988592267","0","0","7680","0","0","[]","[]"
"minIntersection","2","13","en_to_ar","compatibility","false","observed_deadline_no_complete_fill","6","6","1","2","2","57","37379","115169","820642","null","null","1273.610505024786","6.740945011610165","0","37377","76763","0","77","[]","[]"
"minIntersection","2","13","en_to_ar","approved-only","false","observed_deadline_no_complete_fill","6","6","1","2","2","21","28987","63845","1600855","null","null","1203.0001129747834","5.943061031866819","0","28991","34735","6","23","[]","[]"
"minIntersection","3","7","ar_to_en","approved-only","false","observed_deadline_no_complete_fill","24","24","24","24","24","19","86526","254373","1426944","null","null","2083.9960461232113","20.3104459826136","0","86527","162567","25","107","[]","[]"
"minIntersection","3","9","ar_to_en","compatibility","true","success","24","24","14","14","13","32","33875","99362","728169","null","null","1596.6207118249731","7.687979013542645","0.18216600001323968","33842","57238","12","80","[]","[]"
"minIntersection","3","11","ar_to_en","compatibility","false","observed_deadline_no_complete_fill","24","24","24","24","24","19","47874","151854","1583038","null","null","3137.325677793706","13.127531002042815","0","47865","93176","15","146","[]","[]"
"minIntersection","3","11","ar_to_en","approved-only","false","observed_deadline_no_complete_fill","24","24","24","174","174","14","44413","97431","1703815","null","null","3065.2235756457085","10.672383984667249","0","44509","52251","268","57","[]","[]"
"minIntersection","3","13","ar_to_en","compatibility","false","observed_deadline_no_complete_fill","24","24","24","24","24","25","36458","115076","1704404","null","null","3131.4568049001973","11.382593989605084","0","36444","69936","10","127","[]","[]"
"minIntersection","3","13","ar_to_en","approved-only","false","no_complete_fill_deadline_not_established","24","24","24","480","480","0","480","7680","73880","null","null","75.01181700883899","1.2327890009619296","0","0","7680","0","0","[]","[]"
"minIntersection","3","13","en_to_ar","compatibility","false","observed_deadline_no_complete_fill","6","6","1","2","2","40","14863","52140","585984","null","null","1287.6734390734928","3.7819459934253246","0","14861","36316","0","58","[]","[]"
"minIntersection","3","13","en_to_ar","approved-only","false","observed_deadline_no_complete_fill","6","6","1","2","2","59","20501","58171","1004087","null","null","1266.1513180920156","4.491366984904744","0","20584","37352","85","57","[]","[]"
"minWords","1","7","ar_to_en","approved-only","false","observed_deadline_no_complete_fill","24","24","24","24","24","16","101925","294716","1644132","null","null","2084.385133642121","23.552095005987212","0","101950","186994","47","112","[]","[]"
"minWords","1","9","ar_to_en","compatibility","true","success","24","24","8","8","7","31","50803","118663","632899","null","null","923.6601220128359","7.850686004734598","0.34533399995416403","50777","62919","12","74","[]","[]"
"minWords","1","11","ar_to_en","compatibility","false","observed_deadline_no_complete_fill","24","24","24","24","24","31","49856","158390","1651023","null","null","3151.2798236970557","12.984400959452614","0","49849","97824","17","147","[]","[]"
"minWords","1","11","ar_to_en","approved-only","false","observed_deadline_no_complete_fill","24","24","24","188","188","15","44477","97627","1673325","null","null","3057.9776451570215","10.633998994133435","0","44487","52446","198","58","[]","[]"
"minWords","1","13","ar_to_en","compatibility","false","observed_deadline_no_complete_fill","24","24","24","24","24","21","37908","123730","1779712","null","null","3126.687742706039","10.741050010197796","0","37889","77396","5","137","[]","[]"
"minWords","1","13","ar_to_en","approved-only","false","no_complete_fill_deadline_not_established","24","24","24","480","480","0","480","7680","75900","null","null","74.24939994432498","1.1770679998444393","0","0","7680","0","0","[]","[]"
"minWords","1","13","en_to_ar","compatibility","false","observed_deadline_no_complete_fill","6","6","1","2","2","24","6433","21971","369462","null","null","1292.2374028278282","1.6172229998046532","0","6431","14991","0","35","[]","[]"
"minWords","1","13","en_to_ar","approved-only","false","observed_deadline_no_complete_fill","6","6","5","82","82","12","9187","24313","602225","null","null","1255.8803892942378","2.0151579902740195","0","9105","15135","0","11","[]","[]"
"minWords","2","7","ar_to_en","approved-only","false","observed_deadline_no_complete_fill","24","24","24","24","24","16","109281","308728","1812562","null","null","2087.275449755718","25.376534008421004","0","109276","194000","18","117","[]","[]"
"minWords","2","9","ar_to_en","compatibility","true","success","24","24","2","2","1","32","6333","16889","119979","null","null","227.84865186666138","1.2853040030458942","0.12166699999943376","6300","9325","0","5","[]","[]"
"minWords","2","11","ar_to_en","compatibility","false","observed_deadline_no_complete_fill","24","24","24","24","24","19","48743","154050","1653452","null","null","3143.2731019848725","14.120483009144664","0","48752","94643","33","129","[]","[]"
"minWords","2","11","ar_to_en","approved-only","false","observed_deadline_no_complete_fill","24","24","24","157","157","18","45550","101250","1714190","null","null","3062.133665299858","10.855522994184867","0","45595","54769","202","65","[]","[]"
"minWords","2","13","ar_to_en","compatibility","false","observed_deadline_no_complete_fill","24","24","24","24","24","19","39622","124526","1879299","null","null","3117.414461003151","11.28381602128502","0","39622","76443","24","123","[]","[]"
"minWords","2","13","ar_to_en","approved-only","false","no_complete_fill_deadline_not_established","24","24","24","480","480","0","480","7680","75580","null","null","72.98748598678503","1.2663100044010207","0","0","7680","0","0","[]","[]"
"minWords","2","13","en_to_ar","compatibility","false","observed_deadline_no_complete_fill","6","6","1","2","2","57","37248","114971","818679","null","null","1271.8098491806304","6.956227960414253","0","37246","76703","0","79","[]","[]"
"minWords","2","13","en_to_ar","approved-only","false","observed_deadline_no_complete_fill","6","6","1","2","2","21","29004","63874","1601822","null","null","1201.6217310046777","6.315968977520242","0","29008","34755","6","21","[]","[]"
"minWords","3","7","ar_to_en","approved-only","false","observed_deadline_no_complete_fill","24","24","24","24","24","19","86267","253567","1423080","null","null","2082.569455114426","19.67728397413157","0","86270","162003","25","114","[]","[]"
"minWords","3","9","ar_to_en","compatibility","true","success","24","24","14","14","13","32","33758","99052","725509","null","null","1591.2275771028362","7.845142976380885","0.12387499993201345","33725","57046","12","80","[]","[]"
"minWords","3","11","ar_to_en","compatibility","false","observed_deadline_no_complete_fill","24","24","24","24","24","19","47792","151521","1579966","null","null","3145.0917222707067","13.33314199524466","0","47783","92956","15","146","[]","[]"
"minWords","3","11","ar_to_en","approved-only","false","observed_deadline_no_complete_fill","24","24","24","175","175","14","44587","98020","1707890","null","null","3063.2098941146396","10.736498008482158","0","44675","52563","263","66","[]","[]"
"minWords","3","13","ar_to_en","compatibility","false","observed_deadline_no_complete_fill","24","24","24","24","24","25","36421","114989","1703210","null","null","3130.4918985875556","11.245262999087572","0","36407","69885","10","129","[]","[]"
"minWords","3","13","ar_to_en","approved-only","false","no_complete_fill_deadline_not_established","24","24","24","480","480","0","480","7680","73880","null","null","74.3401239560917","1.1350439946400002","0","0","7680","0","0","[]","[]"
"minWords","3","13","en_to_ar","compatibility","false","observed_deadline_no_complete_fill","6","6","1","2","2","40","14942","52425","588869","null","null","1285.4999288758263","3.6323310148436576","0","14940","36511","0","57","[]","[]"
"minWords","3","13","en_to_ar","approved-only","false","observed_deadline_no_complete_fill","6","6","1","2","2","59","20540","58283","1005719","null","null","1265.730850349064","4.241145015344955","0","20624","37432","86","56","[]","[]"
"poolAll","1","7","ar_to_en","approved-only","false","observed_deadline_no_complete_fill","24","24","24","24","24","16","102256","295658","1649984","null","null","2081.5898625709815","22.817607985809445","0","102279","187622","47","112","[]","[]"
"poolAll","1","9","ar_to_en","compatibility","true","success","24","24","2","2","1","30","1342","7017","29025","null","null","134.3278900301084","0.32605100085493177","0.12354200007393956","1311","2676","0","7","[]","[]"
"poolAll","1","11","ar_to_en","compatibility","true","success","24","24","6","6","5","43","8176","37077","161211","null","null","755.1938189840876","2.3216570067452267","0.19024999998509884","8128","20487","0","80","[]","[]"
"poolAll","1","11","ar_to_en","approved-only","false","observed_deadline_no_complete_fill","24","24","24","188","188","15","44514","97659","1674820","null","null","3054.7080641479697","10.594447000417858","0","44525","52467","198","53","[]","[]"
"poolAll","1","13","ar_to_en","compatibility","true","success","24","24","4","4","3","60","8045","28108","195235","null","null","431.9590699725086","1.9267810026649386","0.29591600003186613","7982","18081","0","49","[]","[]"
"poolAll","1","13","ar_to_en","approved-only","false","no_complete_fill_deadline_not_established","24","24","24","480","480","0","480","7680","75900","null","null","76.20439001871273","1.1712939989520237","0","0","7680","0","0","[]","[]"
"poolAll","1","13","en_to_ar","compatibility","true","success","6","6","1","1","0","82","92","1623","3547","null","null","40.4623740373645","0.01582700095605105","0.2937079999828711","10","47","0","0","[]","[]"
"poolAll","1","13","en_to_ar","approved-only","false","observed_deadline_no_complete_fill","6","6","1","2","2","55","29850","81025","963049","null","null","1355.5910329687176","7.087337997741997","0","29850","50507","2","68","[]","[]"
"poolAll","2","7","ar_to_en","approved-only","false","observed_deadline_no_complete_fill","24","24","24","24","24","16","108428","306347","1798448","null","null","2085.959817404626","26.017247006762773","0","108423","192442","18","122","[]","[]"
"poolAll","2","9","ar_to_en","compatibility","true","success","24","24","1","1","0","30","396","3212","8629","null","null","50.47153298393823","0.15912000404205173","0.1480829999782145","366","1260","0","0","[]","[]"
"poolAll","2","11","ar_to_en","compatibility","true","success","24","24","7","7","6","43","8852","42592","176528","null","null","876.9752209496219","2.658793999347836","0.1646249999757856","8803","23365","0","88","[]","[]"
"poolAll","2","11","ar_to_en","approved-only","false","observed_deadline_no_complete_fill","24","24","24","157","157","18","45528","101196","1712863","null","null","3057.562104575918","10.64581002178602","0","45575","54745","202","65","[]","[]"
"poolAll","2","13","ar_to_en","compatibility","true","success","24","24","5","5","4","62","5250","16562","197891","null","null","602.3494409668492","1.1470739911310375","0.23487499996554106","5185","8635","0","63","[]","[]"
"poolAll","2","13","ar_to_en","approved-only","false","no_complete_fill_deadline_not_established","24","24","24","480","480","0","480","7680","75580","null","null","69.83442302176263","1.9211000092327595","0","0","7680","0","0","[]","[]"
"poolAll","2","13","en_to_ar","compatibility","true","success","6","6","1","1","0","80","84","1636","3360","null","null","32.75178503245115","0.01062200020533055","0.2839580000145361","4","25","0","0","[]","[]"
"poolAll","2","13","en_to_ar","approved-only","false","observed_deadline_no_complete_fill","6","6","1","2","2","25","19357","44493","1047749","null","null","1282.7636680868454","3.2344889788655564","0","19355","25085","0","22","[]","[]"
"poolAll","3","7","ar_to_en","approved-only","false","observed_deadline_no_complete_fill","24","24","24","24","24","19","86131","253208","1420726","null","null","2083.850128849852","20.65272206044756","0","86133","161751","25","116","[]","[]"
"poolAll","3","9","ar_to_en","compatibility","true","success","24","24","3","3","2","32","1181","7255","25501","null","null","250.98070803214796","0.305174000794068","0.09983299998566508","1147","1772","0","18","[]","[]"
"poolAll","3","11","ar_to_en","compatibility","true","success","24","24","11","11","10","42","10279","44279","273552","null","null","1502.3965381945018","2.7069840045878664","0.14620800002012402","10227","18991","0","102","[]","[]"
"poolAll","3","11","ar_to_en","approved-only","false","observed_deadline_no_complete_fill","24","24","24","175","175","14","44433","97681","1702460","null","null","3055.7686782091623","10.672823001048528","0","44520","52375","262","63","[]","[]"
"poolAll","3","13","ar_to_en","compatibility","true","success","24","24","2","2","1","64","721","3102","29294","null","null","149.51603909267578","0.205325999064371","0.2196669999975711","656","1244","0","8","[]","[]"
"poolAll","3","13","ar_to_en","approved-only","false","no_complete_fill_deadline_not_established","24","24","24","480","480","0","480","7680","73880","null","null","75.88742599927355","1.1874709903495386","0","0","7680","0","0","[]","[]"
"poolAll","3","13","en_to_ar","compatibility","true","success","6","6","1","1","0","84","87","1967","3746","null","null","44.018982011592016","0.016458999598398805","0.24770800000987947","3","21","0","0","[]","[]"
"poolAll","3","13","en_to_ar","approved-only","false","observed_deadline_no_complete_fill","6","6","3","42","42","68","25409","56954","995312","null","null","1267.5666249855421","3.829323980375193","0","28527","28173","3160","45","[]","[]"
"arc","1","7","ar_to_en","approved-only","false","no_complete_fill_deadline_not_established","24","24","24","24","24","0","0","0","0","null","null","0","0","0","0","0","0","0","[]","[]"
"arc","1","9","ar_to_en","compatibility","true","success","24","24","3","3","2","0","0","0","0","null","null","0","0","0.10195800010114908","0","0","0","0","[]","[]"
"arc","1","11","ar_to_en","compatibility","false","no_complete_fill_deadline_not_established","24","24","24","25","25","0","0","0","0","null","null","0","0","0","0","0","0","0","[]","[]"
"arc","1","11","ar_to_en","approved-only","false","no_complete_fill_deadline_not_established","24","24","24","377","377","0","0","0","0","null","null","0","0","0","0","0","0","0","[]","[]"
"arc","1","13","ar_to_en","compatibility","false","no_complete_fill_deadline_not_established","24","24","24","48","48","0","0","0","0","null","null","0","0","0","0","0","0","0","[]","[]"
"arc","1","13","ar_to_en","approved-only","false","no_complete_fill_deadline_not_established","24","24","24","480","480","0","0","0","0","null","null","0","0","0","0","0","0","0","[]","[]"
"arc","1","13","en_to_ar","compatibility","true","success","6","6","1","1","0","0","0","0","0","null","null","0","0","0.23499999998603016","0","0","0","0","[]","[]"
"arc","1","13","en_to_ar","approved-only","false","no_complete_fill_deadline_not_established","6","6","1","8","8","0","0","0","0","null","null","0","0","0","0","0","0","0","[]","[]"
"arc","2","7","ar_to_en","approved-only","false","no_complete_fill_deadline_not_established","24","24","24","24","24","0","0","0","0","null","null","0","0","0","0","0","0","0","[]","[]"
"arc","2","9","ar_to_en","compatibility","true","success","24","24","2","2","1","0","0","0","0","null","null","0","0","0.09462500002700835","0","0","0","0","[]","[]"
"arc","2","11","ar_to_en","compatibility","false","no_complete_fill_deadline_not_established","24","24","24","27","27","0","0","0","0","null","null","0","0","0","0","0","0","0","[]","[]"
"arc","2","11","ar_to_en","approved-only","false","no_complete_fill_deadline_not_established","24","24","24","368","368","0","0","0","0","null","null","0","0","0","0","0","0","0","[]","[]"
"arc","2","13","ar_to_en","compatibility","false","no_complete_fill_deadline_not_established","24","24","24","27","27","0","0","0","0","null","null","0","0","0","0","0","0","0","[]","[]"
"arc","2","13","ar_to_en","approved-only","false","no_complete_fill_deadline_not_established","24","24","24","480","480","0","0","0","0","null","null","0","0","0","0","0","0","0","[]","[]"
"arc","2","13","en_to_ar","compatibility","true","success","6","6","1","1","0","0","0","0","0","null","null","0","0","0.265707999933511","0","0","0","0","[]","[]"
"arc","2","13","en_to_ar","approved-only","false","no_complete_fill_deadline_not_established","6","6","1","2","2","0","0","0","0","null","null","0","0","0","0","0","0","0","[]","[]"
"arc","3","7","ar_to_en","approved-only","false","no_complete_fill_deadline_not_established","24","24","24","24","24","0","0","0","0","null","null","0","0","0","0","0","0","0","[]","[]"
"arc","3","9","ar_to_en","compatibility","true","success","24","24","7","7","6","0","0","0","0","null","null","0","0","0.09779100003652275","0","0","0","0","[]","[]"
"arc","3","11","ar_to_en","compatibility","false","no_complete_fill_deadline_not_established","24","24","24","25","25","0","0","0","0","null","null","0","0","0","0","0","0","0","[]","[]"
"arc","3","11","ar_to_en","approved-only","false","no_complete_fill_deadline_not_established","24","24","24","390","390","0","0","0","0","null","null","0","0","0","0","0","0","0","[]","[]"
"arc","3","13","ar_to_en","compatibility","false","no_complete_fill_deadline_not_established","24","24","24","50","50","0","0","0","0","null","null","0","0","0","0","0","0","0","[]","[]"
"arc","3","13","ar_to_en","approved-only","false","no_complete_fill_deadline_not_established","24","24","24","480","480","0","0","0","0","null","null","0","0","0","0","0","0","0","[]","[]"
"arc","3","13","en_to_ar","compatibility","true","success","6","6","1","1","0","0","0","0","0","null","null","0","0","0.2095409999601543","0","0","0","0","[]","[]"
"arc","3","13","en_to_ar","approved-only","false","no_complete_fill_deadline_not_established","6","6","1","2","2","0","0","0","0","null","null","0","0","0","0","0","0","0","[]","[]"
"pool3000","1","7","ar_to_en","approved-only","false","observed_deadline_no_complete_fill","24","24","24","24","24","16","103578","299367","1672676","null","null","2065.7564169994066","22.3266570000319","0","103603","190097","47","125","[]","[]"
"pool3000","1","9","ar_to_en","compatibility","true","success","24","24","3","3","2","32","5839","20613","156248","null","null","248.78604700008418","1.669726999924933","0.6267080000006899","5805","12048","0","7","[]","[]"
"pool3000","1","11","ar_to_en","compatibility","false","observed_deadline_no_complete_fill","24","24","24","24","24","26","41389","137531","1324931","null","null","3157.3218650017334","10.636411999936172","0","41368","79591","2","178","[]","[]"
"pool3000","1","11","ar_to_en","approved-only","false","observed_deadline_no_complete_fill","24","24","24","188","188","15","44670","97975","1680709","null","null","3045.8587910020997","9.867221000164136","0","44682","52642","199","52","[]","[]"
"pool3000","1","13","ar_to_en","compatibility","false","observed_deadline_no_complete_fill","24","24","24","24","24","38","45001","142232","1949483","null","null","3128.820755998813","11.269803000081083","0","44988","87528","11","159","[]","[]"
"pool3000","1","13","ar_to_en","approved-only","false","no_complete_fill_deadline_not_established","24","24","24","480","480","0","480","7680","75900","null","null","72.93148900063898","1.2184180001058849","0","0","7680","0","0","[]","[]"
"pool3000","1","13","en_to_ar","compatibility","false","observed_deadline_no_complete_fill","6","6","1","2","2","61","8585","26702","216597","null","null","1317.018761004947","2.4516779995938123","0","8583","16251","0","88","[]","[]"
"pool3000","1","13","en_to_ar","approved-only","false","observed_deadline_no_complete_fill","6","6","1","2","2","55","27500","85054","1164067","null","null","1287.3209989992174","7.951429999655375","0","27520","57222","22","40","[]","[]"
"pool3000","2","7","ar_to_en","approved-only","false","observed_deadline_no_complete_fill","24","24","24","24","24","16","106847","301558","1771372","null","null","2091.18591199633","24.733019999614044","0","106841","189220","18","117","[]","[]"
"pool3000","2","9","ar_to_en","compatibility","true","success","24","24","6","6","5","32","12690","40427","276535","null","null","607.1199549982375","3.1251049998681992","0.2164580000026035","12653","22485","0","29","[]","[]"
"pool3000","2","11","ar_to_en","compatibility","false","observed_deadline_no_complete_fill","24","24","24","24","24","36","38742","134031","1251554","null","null","3183.2586819992575","11.252011998847593","0","38730","78725","10","173","[]","[]"
"pool3000","2","11","ar_to_en","approved-only","false","observed_deadline_no_complete_fill","24","24","24","156","156","18","44592","99247","1677884","null","null","3073.2857980000335","10.403469001288613","0","44632","53654","195","70","[]","[]"
"pool3000","2","13","ar_to_en","compatibility","false","observed_deadline_no_complete_fill","24","24","24","24","24","48","45996","139084","1740635","null","null","3153.972419999176","11.400001000743941","0","45976","83265","3","183","[]","[]"
"pool3000","2","13","ar_to_en","approved-only","false","no_complete_fill_deadline_not_established","24","24","24","480","480","0","480","7680","75580","null","null","71.02629500132753","1.1902900000713998","0","0","7680","0","0","[]","[]"
"pool3000","2","13","en_to_ar","compatibility","true","success","6","6","1","1","0","84","111","1266","4154","null","null","24.64282900046237","0.019209000063710846","0.41400000000430737","27","120","0","0","[]","[]"
"pool3000","2","13","en_to_ar","approved-only","false","observed_deadline_no_complete_fill","6","6","1","2","2","49","12469","26783","510469","null","null","1302.81170098851","1.9958300001890166","0","12534","13763","67","51","[]","[]"
"pool3000","3","7","ar_to_en","approved-only","false","observed_deadline_no_complete_fill","24","24","24","24","24","19","83780","246049","1380950","null","null","2091.466131999572","20.013170000369428","0","83781","156907","25","126","[]","[]"
"pool3000","3","9","ar_to_en","compatibility","true","success","24","24","1","1","0","32","172","1372","2575","null","null","6.623928000131855","0.028633999936573673","0.18699999999807915","140","234","0","0","[]","[]"
"pool3000","3","11","ar_to_en","compatibility","false","observed_deadline_no_complete_fill","24","24","24","24","24","31","46702","152630","1411280","null","null","3211.5596799834457","12.11293700063834","0","46690","89341","12","177","[]","[]"
"pool3000","3","11","ar_to_en","approved-only","false","observed_deadline_no_complete_fill","24","24","24","173","173","14","43618","95762","1671884","null","null","3059.7923059928216","10.78059800031042","0","43705","51270","260","55","[]","[]"
"pool3000","3","13","ar_to_en","compatibility","false","observed_deadline_no_complete_fill","24","24","24","24","24","32","41349","126680","1787616","null","null","3160.0880750126744","11.908876998328196","0","41338","75707","12","181","[]","[]"
"pool3000","3","13","ar_to_en","approved-only","false","no_complete_fill_deadline_not_established","24","24","24","480","480","0","480","7680","73880","null","null","74.44301400082622","1.8539809994690586","0","0","7680","0","0","[]","[]"
"pool3000","3","13","en_to_ar","compatibility","true","success","6","6","1","1","0","84","109","1427","3655","null","null","13.65201300039189","0.018667000033019576","0.38724999999976717","25","110","0","0","[]","[]"
"pool3000","3","13","en_to_ar","approved-only","false","observed_deadline_no_complete_fill","6","6","1","2","2","67","22791","79438","519149","null","null","1314.672338000768","5.521644000727974","0","22849","55953","60","86","[]","[]"
"pool4000","1","7","ar_to_en","approved-only","false","observed_deadline_no_complete_fill","24","24","24","24","24","16","100183","289605","1615143","null","null","2094.2527829841783","22.92051899908256","0","100208","183735","47","123","[]","[]"
"pool4000","1","9","ar_to_en","compatibility","true","success","24","24","3","3","2","32","9132","27377","166500","null","null","254.4557789986211","2.785032999861869","0.10679200000595301","9098","14624","0","16","[]","[]"
"pool4000","1","11","ar_to_en","compatibility","true","success","24","24","1","1","0","48","749","2689","16585","null","null","109.19693099964934","0.1314299999794457","0.18083300000580493","701","910","0","0","[]","[]"
"pool4000","1","11","ar_to_en","approved-only","false","observed_deadline_no_complete_fill","24","24","24","185","185","15","43810","96219","1646148","null","null","3065.6688950092866","10.170287003020348","0","43816","51642","191","59","[]","[]"
"pool4000","1","13","ar_to_en","compatibility","false","observed_deadline_no_complete_fill","24","24","24","24","24","38","53764","147144","2056905","null","null","3202.411098032302","13.174665002792608","0","53751","83292","9","254","[]","[]"
"pool4000","1","13","ar_to_en","approved-only","false","no_complete_fill_deadline_not_established","24","24","24","480","480","0","480","7680","75900","null","null","76.94686300530157","1.1727889998728642","0","0","7680","0","0","[]","[]"
"pool4000","1","13","en_to_ar","compatibility","true","success","6","6","1","1","0","79","100","909","3610","null","null","14.019443999088253","0.020065000004251488","0.22675000000162981","21","98","0","0","[]","[]"
"pool4000","1","13","en_to_ar","approved-only","false","observed_deadline_no_complete_fill","6","6","1","2","2","55","29360","79745","947978","null","null","1370.6453860057081","6.538674001261825","0","29360","49752","2","69","[]","[]"
"pool4000","2","7","ar_to_en","approved-only","false","observed_deadline_no_complete_fill","24","24","24","24","24","16","106548","300586","1766314","null","null","2078.4139690145967","24.835763000912266","0","106545","188655","18","105","[]","[]"
"pool4000","2","9","ar_to_en","compatibility","true","success","24","24","7","7","6","32","12129","42831","293624","null","null","745.410623005344","3.1284139968047384","0.10520799999358132","12097","22198","4","53","[]","[]"
"pool4000","2","11","ar_to_en","compatibility","true","success","24","24","18","18","17","44","21304","74710","677928","null","null","2290.207796982475","5.775289998680819","0.12800000001152512","21245","36614","2","123","[]","[]"
"pool4000","2","11","ar_to_en","approved-only","false","observed_deadline_no_complete_fill","24","24","24","155","155","18","44433","98866","1671926","null","null","3072.418187027404","10.461605000367854","0","44471","53467","193","62","[]","[]"
"pool4000","2","13","ar_to_en","compatibility","false","observed_deadline_no_complete_fill","24","24","24","24","24","50","29787","103400","1229109","null","null","3196.9537869906926","8.789024000929203","0","29765","63280","1","221","[]","[]"
"pool4000","2","13","ar_to_en","approved-only","false","no_complete_fill_deadline_not_established","24","24","24","480","480","0","480","7680","75580","null","null","72.59081400222203","1.191857999903732","0","0","7680","0","0","[]","[]"
"pool4000","2","13","en_to_ar","compatibility","true","success","6","6","1","1","0","84","94","1040","3605","null","null","11.605039000263787","0.011836999954539351","0.2258750000037253","10","44","0","0","[]","[]"
"pool4000","2","13","en_to_ar","approved-only","false","observed_deadline_no_complete_fill","6","6","1","2","2","25","19092","43893","1033716","null","null","1284.2908500073536","3.3421060009859502","0","19090","24745","0","25","[]","[]"
"pool4000","3","7","ar_to_en","approved-only","false","observed_deadline_no_complete_fill","24","24","24","24","24","19","84060","246896","1385509","null","null","2088.4660580213967","19.783480997401057","0","84063","157480","25","118","[]","[]"
"pool4000","3","9","ar_to_en","compatibility","true","success","24","24","5","5","4","30","7143","25806","166082","null","null","556.1702890025772","1.7535089988959953","0.09554199999547563","7110","12737","0","25","[]","[]"
"pool4000","3","11","ar_to_en","compatibility","false","observed_deadline_no_complete_fill","24","24","24","24","24","42","53231","172446","1321420","null","null","3214.8016059828515","12.976815004018135","0","53293","96639","86","219","[]","[]"
"pool4000","3","11","ar_to_en","approved-only","false","observed_deadline_no_complete_fill","24","24","24","171","171","14","43142","94824","1654051","null","null","3066.7831330058107","10.424175998879946","0","43231","50798","259","63","[]","[]"
"pool4000","3","13","ar_to_en","compatibility","false","observed_deadline_no_complete_fill","24","24","24","24","24","38","54357","151984","2040184","null","null","3180.1252530302154","13.324966000262066","0","54347","87307","14","227","[]","[]"
"pool4000","3","13","ar_to_en","approved-only","false","no_complete_fill_deadline_not_established","24","24","24","480","480","0","480","7680","73880","null","null","76.66739199875155","1.2397720009466866","0","0","7680","0","0","[]","[]"
"pool4000","3","13","en_to_ar","compatibility","true","success","6","6","1","1","0","80","330","2042","10024","null","null","29.569083998867427","0.0686939995503053","0.22699999999895226","250","551","0","0","[]","[]"
"pool4000","3","13","en_to_ar","approved-only","false","observed_deadline_no_complete_fill","6","6","3","42","42","68","25254","56571","992458","null","null","1264.0045179817243","3.776911999695585","0","28372","27922","3160","51","[]","[]"
"pool6000","1","7","ar_to_en","approved-only","false","observed_deadline_no_complete_fill","24","24","24","24","24","16","100084","288973","1612445","null","null","2083.8821029928804","23.064726001233794","0","100108","183230","47","122","[]","[]"
"pool6000","1","9","ar_to_en","compatibility","true","success","24","24","3","3","2","32","2169","10143","49144","null","null","250.67002799519105","0.5666520006489009","0.09758400000282563","2139","3557","4","18","[]","[]"
"pool6000","1","11","ar_to_en","compatibility","true","success","24","24","4","4","3","44","3497","13886","86829","null","null","487.4182960119797","0.7241180002165493","0.14400000000023283","3450","4898","0","21","[]","[]"
"pool6000","1","11","ar_to_en","approved-only","false","observed_deadline_no_complete_fill","24","24","24","186","186","15","43655","95946","1641231","null","null","3064.0420439755835","10.157447000587126","0","43658","51521","189","50","[]","[]"
"pool6000","1","13","ar_to_en","compatibility","false","observed_deadline_no_complete_fill","24","24","24","24","24","33","47676","146509","1961558","null","null","3237.1756810162187","12.578583998270915","0","47658","88633","5","226","[]","[]"
"pool6000","1","13","ar_to_en","approved-only","false","no_complete_fill_deadline_not_established","24","24","24","480","480","0","480","7680","75900","null","null","76.36896299829823","1.2150939990970073","0","0","7680","0","0","[]","[]"
"pool6000","1","13","en_to_ar","compatibility","true","success","6","6","1","1","0","84","98","1426","3712","null","null","15.416407999728108","0.014624999879742973","0.22625000000698492","14","61","0","0","[]","[]"
"pool6000","1","13","en_to_ar","approved-only","false","observed_deadline_no_complete_fill","6","6","1","2","2","55","29314","79633","946274","null","null","1359.6925429987168","6.684437000032631","0","29314","49680","2","66","[]","[]"
"pool6000","2","7","ar_to_en","approved-only","false","observed_deadline_no_complete_fill","24","24","24","24","24","16","106215","299679","1760586","null","null","2086.8509800260217","24.756915001067682","0","106210","188071","18","108","[]","[]"
"pool6000","2","9","ar_to_en","compatibility","true","success","24","24","1","1","0","32","79","1633","1189","null","null","7.729084999693441","0.013582999963546172","0.09962500000256114","47","61","0","0","[]","[]"
"pool6000","2","11","ar_to_en","compatibility","true","success","24","24","1","1","0","48","339","2397","10489","null","null","30.718537995722727","0.07291599997552112","0.1547909999935655","291","470","0","0","[]","[]"
"pool6000","2","11","ar_to_en","approved-only","false","observed_deadline_no_complete_fill","24","24","24","155","155","18","44093","98183","1659020","null","null","3075.77511695835","10.198906002900912","0","44133","53080","193","61","[]","[]"
"pool6000","2","13","ar_to_en","compatibility","true","success","24","24","20","20","19","62","27631","90973","1230899","null","null","2563.8690040253277","7.752908000111347","0.18825000000651926","27551","54275","0","164","[]","[]"
"pool6000","2","13","ar_to_en","approved-only","false","no_complete_fill_deadline_not_established","24","24","24","480","480","0","480","7680","75580","null","null","72.9743330021156","1.2004240004753228","0","0","7680","0","0","[]","[]"
"pool6000","2","13","en_to_ar","compatibility","true","success","6","6","1","1","0","80","105","1512","3957","null","null","46.32701900249231","0.01850199996260926","0.21429199998965487","25","78","0","0","[]","[]"
"pool6000","2","13","en_to_ar","approved-only","false","observed_deadline_no_complete_fill","6","6","1","2","2","25","18716","43047","1014053","null","null","1298.3273459587072","3.3664219981292263","0","18714","24285","0","23","[]","[]"
"pool6000","3","7","ar_to_en","approved-only","false","observed_deadline_no_complete_fill","24","24","24","24","24","19","83661","245646","1378817","null","null","2096.691374982067","19.63995700594387","0","83665","156602","25","117","[]","[]"
"pool6000","3","9","ar_to_en","compatibility","true","success","24","24","6","6","5","30","10344","42604","180698","null","null","701.1931690128695","2.6617939980351366","0.12483299997984432","10309","24157","0","43","[]","[]"
"pool6000","3","11","ar_to_en","compatibility","true","success","24","24","8","8","7","44","11218","46468","309483","null","null","974.8584229870467","3.0630029999592807","0.13891700000385754","11167","23376","0","80","[]","[]"
"pool6000","3","11","ar_to_en","approved-only","false","observed_deadline_no_complete_fill","24","24","24","172","172","14","43272","95139","1659686","null","null","3079.9651819891587","10.329574997595046","0","43361","50984","260","56","[]","[]"
"pool6000","3","13","ar_to_en","compatibility","true","success","24","24","14","14","13","62","26989","82010","956858","null","null","1777.3004390197457","7.3611120012938045","0.25929200000246055","26920","48566","6","160","[]","[]"
"pool6000","3","13","ar_to_en","approved-only","false","no_complete_fill_deadline_not_established","24","24","24","480","480","0","480","7680","73880","null","null","77.61868400944513","1.2105909993406385","0","0","7680","0","0","[]","[]"
"pool6000","3","13","en_to_ar","compatibility","true","success","6","6","1","1","0","86","101","2109","4025","null","null","29.803673999820603","0.01329000003170222","0.3585000000020955","15","51","0","0","[]","[]"
"pool6000","3","13","en_to_ar","approved-only","false","observed_deadline_no_complete_fill","6","6","3","42","42","68","25185","56416","990201","null","null","1264.266779995989","3.7604869980132207","0","28303","27834","3160","47","[]","[]"
"poolShort","1","7","ar_to_en","approved-only","false","observed_deadline_no_complete_fill","24","24","24","24","24","18","105885","313266","1716484","null","null","2084.0691729874234","24.73973899462726","0","105873","202107","9","97","[]","[]"
"poolShort","1","9","ar_to_en","compatibility","true","success","24","24","2","2","1","32","1100","4319","32741","null","null","129.9102399905969","0.3247729994764086","0.11583299998892471","1067","1896","0","4","[]","[]"
"poolShort","1","11","ar_to_en","compatibility","false","observed_deadline_no_complete_fill","24","24","24","24","24","34","31980","97831","915042","null","null","3219.681576019211","7.7641819983837195","0","31970","54727","13","171","[]","[]"
"poolShort","1","11","ar_to_en","approved-only","false","observed_deadline_no_complete_fill","24","24","24","185","185","15","43624","95866","1639199","null","null","3076.4607999909786","10.243128999107284","0","43630","51427","190","64","[]","[]"
"poolShort","1","13","ar_to_en","compatibility","false","observed_deadline_no_complete_fill","24","24","24","24","24","31","41187","132433","1846382","null","null","3159.607142030116","12.489050001750002","0","41170","82338","6","167","[]","[]"
"poolShort","1","13","ar_to_en","approved-only","false","no_complete_fill_deadline_not_established","24","24","24","480","480","0","480","7680","75900","null","null","75.6088860007003","1.160643999115564","0","0","7680","0","0","[]","[]"
"poolShort","1","13","en_to_ar","compatibility","true","success","6","6","1","1","0","82","215","1408","10915","null","null","24.373945000144886","0.04067500028759241","0.2536250000121072","133","317","0","0","[]","[]"
"poolShort","1","13","en_to_ar","approved-only","false","observed_deadline_no_complete_fill","6","6","1","2","2","59","27855","72502","778277","null","null","1312.9282970486965","6.566461001260905","0","28229","43820","376","68","[]","[]"
"poolShort","2","7","ar_to_en","approved-only","false","observed_deadline_no_complete_fill","24","24","24","24","24","19","104733","288787","1693090","null","null","2092.5941530532727","23.93177699239459","0","104729","178854","20","88","[]","[]"
"poolShort","2","9","ar_to_en","compatibility","true","success","24","24","3","3","2","32","3619","12396","88484","null","null","349.1807020243141","1.021478997921804","0.11533400000189431","3585","6861","0","8","[]","[]"
"poolShort","2","11","ar_to_en","compatibility","false","observed_deadline_no_complete_fill","24","24","24","24","24","23","25413","81446","832133","null","null","3201.0218949798436","7.4463040028640535","0","25393","44952","4","158","[]","[]"
"poolShort","2","11","ar_to_en","approved-only","false","observed_deadline_no_complete_fill","24","24","24","155","155","18","44199","98369","1663582","null","null","3071.3011559391744","10.611019001924433","0","44238","53170","193","68","[]","[]"
"poolShort","2","13","ar_to_en","compatibility","false","observed_deadline_no_complete_fill","24","24","24","24","24","32","42537","136057","1871528","null","null","3162.52274597183","11.69987300230423","0","42513","84546","0","177","[]","[]"
"poolShort","2","13","ar_to_en","approved-only","false","no_complete_fill_deadline_not_established","24","24","24","480","480","0","480","7680","75580","null","null","72.53433699480956","1.171731999318581","0","0","7680","0","0","[]","[]"
"poolShort","2","13","en_to_ar","compatibility","true","success","6","6","1","1","0","84","86","1746","3545","null","null","23.355170001712395","0.013119000010192394","0.21658300000126474","2","27","0","0","[]","[]"
"poolShort","2","13","en_to_ar","approved-only","false","observed_deadline_no_complete_fill","6","6","1","2","2","76","85929","203824","949581","null","null","1299.3978979884996","14.687324001308298","0","86129","116789","201","95","[]","[]"
"poolShort","3","7","ar_to_en","approved-only","false","observed_deadline_no_complete_fill","24","24","24","24","24","16","86081","248734","1414281","null","null","2102.8671099765343","20.090179004066158","0","86079","157129","20","121","[]","[]"
"poolShort","3","9","ar_to_en","compatibility","true","success","24","24","7","7","6","32","13036","44691","356497","null","null","717.939963984536","4.450311993859941","0.09933399999863468","12998","27538","0","26","[]","[]"
"poolShort","3","11","ar_to_en","compatibility","true","success","24","24","11","11","10","44","12431","43756","426509","null","null","1373.6119719764974","3.618476001836825","0.1467090000223834","12379","26226","2","57","[]","[]"
"poolShort","3","11","ar_to_en","approved-only","false","observed_deadline_no_complete_fill","24","24","24","173","173","14","43408","95360","1663933","null","null","3081.2755280340207","10.374047004443128","0","43491","51053","256","58","[]","[]"
"poolShort","3","13","ar_to_en","compatibility","false","observed_deadline_no_complete_fill","24","24","24","24","24","26","36356","117057","1580667","null","null","3172.312226024398","10.3459350016783","0","36332","71649","0","199","[]","[]"
"poolShort","3","13","ar_to_en","approved-only","false","no_complete_fill_deadline_not_established","24","24","24","480","480","0","480","7680","73880","null","null","77.28801299826591","1.1357079993467778","0","0","7680","0","0","[]","[]"
"poolShort","3","13","en_to_ar","compatibility","true","success","6","6","1","1","0","80","98","1431","3809","null","null","58.72633101302199","0.016952999954810366","0.22779200001969002","18","65","0","0","[]","[]"
"poolShort","3","13","en_to_ar","approved-only","false","observed_deadline_no_complete_fill","6","6","2","32","32","20","26693","66673","1350061","null","null","1221.4107559759577","5.068089000240434","0","26661","40003","0","5","[]","[]"
"poolLong","1","7","ar_to_en","approved-only","false","observed_deadline_no_complete_fill","24","24","24","24","24","16","99927","288770","1610726","null","null","2094.2464480075287","22.83162398985587","0","99952","183146","47","124","[]","[]"
"poolLong","1","9","ar_to_en","compatibility","true","success","24","24","6","6","5","32","9655","31704","202678","null","null","613.3729830255907","2.4979249994794372","0.10291700001107529","9635","18313","16","35","[]","[]"
"poolLong","1","11","ar_to_en","compatibility","false","observed_deadline_no_complete_fill","24","24","24","24","24","31","50907","160458","1649371","null","null","3161.8235400032427","14.075430994620547","0","50894","98436","10","169","[]","[]"
"poolLong","1","11","ar_to_en","approved-only","false","observed_deadline_no_complete_fill","24","24","24","186","186","15","43610","95858","1639940","null","null","3068.6208280108112","10.504407001601066","0","43615","51424","191","61","[]","[]"
"poolLong","1","13","ar_to_en","compatibility","false","observed_deadline_no_complete_fill","24","24","24","24","24","29","38571","126491","1827578","null","null","3114.167008979013","12.026920002797851","0","38577","79438","29","145","[]","[]"
"poolLong","1","13","ar_to_en","approved-only","false","no_complete_fill_deadline_not_established","24","24","24","480","480","0","480","7680","75900","null","null","77.09873299003812","1.2038319997955114","0","0","7680","0","0","[]","[]"
"poolLong","1","13","en_to_ar","compatibility","true","success","6","6","1","1","0","82","1433","4877","50306","null","null","137.19738899744698","0.3651700000918936","0.235791999992216","1358","2905","7","0","[]","[]"
"poolLong","1","13","en_to_ar","approved-only","false","observed_deadline_no_complete_fill","6","6","5","82","82","12","8856","23432","581241","null","null","1273.2833059967088","1.8366670017130673","0","8774","14579","0","15","[]","[]"
"poolLong","2","7","ar_to_en","approved-only","false","observed_deadline_no_complete_fill","24","24","24","24","24","16","106343","300108","1763469","null","null","2089.713996002043","24.729949009633856","0","106340","188449","18","106","[]","[]"
"poolLong","2","9","ar_to_en","compatibility","true","success","24","24","5","5","4","32","8251","25375","184142","null","null","544.5223760157824","2.034428003447829","0.10516599999391474","8215","14076","0","25","[]","[]"
"poolLong","2","11","ar_to_en","compatibility","false","observed_deadline_no_complete_fill","24","24","24","24","24","32","54779","175504","1727419","null","null","3160.023752031673","15.147703001159243","0","54762","109732","5","177","[]","[]"
"poolLong","2","11","ar_to_en","approved-only","false","observed_deadline_no_complete_fill","24","24","24","154","154","14","45946","102471","1716818","null","null","3080.056929958373","10.488561006262898","0","45988","55577","195","61","[]","[]"
"poolLong","2","13","ar_to_en","compatibility","false","observed_deadline_no_complete_fill","24","24","24","24","24","22","38543","120361","1729321","null","null","3121.7627439572825","11.29836999575491","0","38548","73274","28","131","[]","[]"
"poolLong","2","13","ar_to_en","approved-only","false","no_complete_fill_deadline_not_established","24","24","24","480","480","0","480","7680","75580","null","null","73.43153200246161","1.2031279993243515","0","0","7680","0","0","[]","[]"
"poolLong","2","13","en_to_ar","compatibility","true","success","6","6","1","1","0","82","1235","4093","42488","null","null","101.67576999164885","0.2594579999858979","0.23466600000392646","1153","2155","0","0","[]","[]"
"poolLong","2","13","en_to_ar","approved-only","false","observed_deadline_no_complete_fill","6","6","1","2","2","31","22607","52905","1243446","null","null","1240.05283700797","4.682540998241166","0","22893","29792","288","29","[]","[]"
"poolLong","3","7","ar_to_en","approved-only","false","observed_deadline_no_complete_fill","24","24","24","24","24","19","83968","246535","1384168","null","null","2095.340794995049","19.246137001668103","0","83972","157169","25","128","[]","[]"
"poolLong","3","9","ar_to_en","compatibility","true","success","24","24","5","5","4","32","11014","33632","198490","null","null","489.38081398408394","2.5624800019722898","0.1033750000060536","10978","19519","0","47","[]","[]"
"poolLong","3","11","ar_to_en","compatibility","false","observed_deadline_no_complete_fill","24","24","24","24","24","32","50410","164974","1599967","null","null","3163.0349060071167","13.878889995801728","0","50397","103550","10","167","[]","[]"
"poolLong","3","11","ar_to_en","approved-only","false","observed_deadline_no_complete_fill","24","24","24","172","172","14","43359","95175","1661518","null","null","3065.410274005815","10.366628999938257","0","43452","50919","265","55","[]","[]"
"poolLong","3","13","ar_to_en","compatibility","false","observed_deadline_no_complete_fill","24","24","24","24","24","19","38530","122571","1759572","null","null","3124.7222628870513","11.821800004749093","0","38522","75550","15","148","[]","[]"
"poolLong","3","13","ar_to_en","approved-only","false","no_complete_fill_deadline_not_established","24","24","24","480","480","0","480","7680","73880","null","null","75.60532600281294","1.1751209974172525","0","0","7680","0","0","[]","[]"
"poolLong","3","13","en_to_ar","compatibility","false","observed_deadline_no_complete_fill","6","6","1","2","2","57","22568","57413","773110","null","null","1284.0518480077735","4.541852990922052","0","22566","33813","0","64","[]","[]"
"poolLong","3","13","en_to_ar","approved-only","false","observed_deadline_no_complete_fill","6","6","1","2","2","43","22121","54307","1036663","null","null","1270.6126631616498","3.994230998272542","0","22282","31821","163","34","[]","[]"
"arc4000","1","7","ar_to_en","approved-only","false","no_complete_fill_deadline_not_established","24","24","24","24","24","0","0","0","0","null","null","0","0","0","0","0","0","0","[]","[]"
"arc4000","1","9","ar_to_en","compatibility","true","success","24","24","2","2","1","0","0","0","0","null","null","0","0","0.6449999999995271","0","0","0","0","[]","[]"
"arc4000","1","11","ar_to_en","compatibility","true","success","24","24","1","1","0","0","0","0","0","null","null","0","0","0.28162499999962165","0","0","0","0","[]","[]"
"arc4000","1","11","ar_to_en","approved-only","false","no_complete_fill_deadline_not_established","24","24","24","369","369","0","0","0","0","null","null","0","0","0","0","0","0","0","[]","[]"
"arc4000","1","13","ar_to_en","compatibility","false","no_complete_fill_deadline_not_established","24","24","24","24","24","0","0","0","0","null","null","0","0","0","0","0","0","0","[]","[]"
"arc4000","1","13","ar_to_en","approved-only","false","no_complete_fill_deadline_not_established","24","24","24","480","480","0","0","0","0","null","null","0","0","0","0","0","0","0","[]","[]"
"arc4000","1","13","en_to_ar","compatibility","true","success","6","6","1","1","0","0","0","0","0","null","null","0","0","0.5229579999995622","0","0","0","0","[]","[]"
"arc4000","1","13","en_to_ar","approved-only","false","no_complete_fill_deadline_not_established","6","6","1","2","2","0","0","0","0","null","null","0","0","0","0","0","0","0","[]","[]"
"arc4000","2","7","ar_to_en","approved-only","false","no_complete_fill_deadline_not_established","24","24","24","24","24","0","0","0","0","null","null","0","0","0","0","0","0","0","[]","[]"
"arc4000","2","9","ar_to_en","compatibility","true","success","24","24","7","7","6","0","0","0","0","null","null","0","0","0.18983300000036252","0","0","0","0","[]","[]"
"arc4000","2","11","ar_to_en","compatibility","true","success","24","24","18","18","17","0","0","0","0","null","null","0","0","0.2467499999984284","0","0","0","0","[]","[]"
"arc4000","2","11","ar_to_en","approved-only","false","no_complete_fill_deadline_not_established","24","24","24","362","362","0","0","0","0","null","null","0","0","0","0","0","0","0","[]","[]"
"arc4000","2","13","ar_to_en","compatibility","true","success","24","24","6","6","5","0","0","0","0","null","null","0","0","0.3556669999998121","0","0","0","0","[]","[]"
"arc4000","2","13","ar_to_en","approved-only","false","no_complete_fill_deadline_not_established","24","24","24","480","480","0","0","0","0","null","null","0","0","0","0","0","0","0","[]","[]"
"arc4000","2","13","en_to_ar","compatibility","true","success","6","6","1","1","0","0","0","0","0","null","null","0","0","0.25324999999429565","0","0","0","0","[]","[]"
"arc4000","2","13","en_to_ar","approved-only","false","no_complete_fill_deadline_not_established","6","6","2","22","22","0","0","0","0","null","null","0","0","0","0","0","0","0","[]","[]"
"arc4000","3","7","ar_to_en","approved-only","false","no_complete_fill_deadline_not_established","24","24","24","24","24","0","0","0","0","null","null","0","0","0","0","0","0","0","[]","[]"
"arc4000","3","9","ar_to_en","compatibility","true","success","24","24","5","5","4","0","0","0","0","null","null","0","0","0.3567079999993439","0","0","0","0","[]","[]"
"arc4000","3","11","ar_to_en","compatibility","true","success","24","24","9","9","8","0","0","0","0","null","null","0","0","0.1648330000025453","0","0","0","0","[]","[]"
"arc4000","3","11","ar_to_en","approved-only","false","no_complete_fill_deadline_not_established","24","24","24","375","375","0","0","0","0","null","null","0","0","0","0","0","0","0","[]","[]"
"arc4000","3","13","ar_to_en","compatibility","true","success","24","24","23","23","22","0","0","0","0","null","null","0","0","0.2166670000005979","0","0","0","0","[]","[]"
"arc4000","3","13","ar_to_en","approved-only","false","no_complete_fill_deadline_not_established","24","24","24","480","480","0","0","0","0","null","null","0","0","0","0","0","0","0","[]","[]"
"arc4000","3","13","en_to_ar","compatibility","true","success","6","6","1","1","0","0","0","0","0","null","null","0","0","0.27079199999570847","0","0","0","0","[]","[]"
"arc4000","3","13","en_to_ar","approved-only","false","no_complete_fill_deadline_not_established","6","6","2","22","22","0","0","0","0","null","null","0","0","0","0","0","0","0","[]","[]"
"arc6000","1","7","ar_to_en","approved-only","false","no_complete_fill_deadline_not_established","24","24","24","24","24","0","0","0","0","null","null","0","0","0","0","0","0","0","[]","[]"
"arc6000","1","9","ar_to_en","compatibility","true","success","24","24","3","3","2","0","0","0","0","null","null","0","0","0.11387500000273576","0","0","0","0","[]","[]"
"arc6000","1","11","ar_to_en","compatibility","true","success","24","24","2","2","1","0","0","0","0","null","null","0","0","0.17145800000434974","0","0","0","0","[]","[]"
"arc6000","1","11","ar_to_en","approved-only","false","no_complete_fill_deadline_not_established","24","24","24","366","366","0","0","0","0","null","null","0","0","0","0","0","0","0","[]","[]"
"arc6000","1","13","ar_to_en","compatibility","true","success","24","24","3","3","2","0","0","0","0","null","null","0","0","0.2303749999991851","0","0","0","0","[]","[]"
"arc6000","1","13","ar_to_en","approved-only","false","no_complete_fill_deadline_not_established","24","24","24","480","480","0","0","0","0","null","null","0","0","0","0","0","0","0","[]","[]"
"arc6000","1","13","en_to_ar","compatibility","true","success","6","6","1","1","0","0","0","0","0","null","null","0","0","0.2544579999957932","0","0","0","0","[]","[]"
"arc6000","1","13","en_to_ar","approved-only","false","no_complete_fill_deadline_not_established","6","6","1","2","2","0","0","0","0","null","null","0","0","0","0","0","0","0","[]","[]"
"arc6000","2","7","ar_to_en","approved-only","false","no_complete_fill_deadline_not_established","24","24","24","24","24","0","0","0","0","null","null","0","0","0","0","0","0","0","[]","[]"
"arc6000","2","9","ar_to_en","compatibility","true","success","24","24","1","1","0","0","0","0","0","null","null","0","0","0.1198749999894062","0","0","0","0","[]","[]"
"arc6000","2","11","ar_to_en","compatibility","true","success","24","24","1","1","0","0","0","0","0","null","null","0","0","0.1729580000101123","0","0","0","0","[]","[]"
"arc6000","2","11","ar_to_en","approved-only","false","no_complete_fill_deadline_not_established","24","24","24","363","363","0","0","0","0","null","null","0","0","0","0","0","0","0","[]","[]"
"arc6000","2","13","ar_to_en","compatibility","true","success","24","24","2","2","1","0","0","0","0","null","null","0","0","0.23633300000801682","0","0","0","0","[]","[]"
"arc6000","2","13","ar_to_en","approved-only","false","no_complete_fill_deadline_not_established","24","24","24","480","480","0","0","0","0","null","null","0","0","0","0","0","0","0","[]","[]"
"arc6000","2","13","en_to_ar","compatibility","true","success","6","6","1","1","0","0","0","0","0","null","null","0","0","0.22899999999208376","0","0","0","0","[]","[]"
"arc6000","2","13","en_to_ar","approved-only","false","no_complete_fill_deadline_not_established","6","6","2","22","22","0","0","0","0","null","null","0","0","0","0","0","0","0","[]","[]"
"arc6000","3","7","ar_to_en","approved-only","false","no_complete_fill_deadline_not_established","24","24","24","24","24","0","0","0","0","null","null","0","0","0","0","0","0","0","[]","[]"
"arc6000","3","9","ar_to_en","compatibility","true","success","24","24","5","5","4","0","0","0","0","null","null","0","0","0.14350000000558794","0","0","0","0","[]","[]"
"arc6000","3","11","ar_to_en","compatibility","true","success","24","24","6","6","5","0","0","0","0","null","null","0","0","0.1587089999957243","0","0","0","0","[]","[]"
"arc6000","3","11","ar_to_en","approved-only","false","no_complete_fill_deadline_not_established","24","24","24","378","378","0","0","0","0","null","null","0","0","0","0","0","0","0","[]","[]"
"arc6000","3","13","ar_to_en","compatibility","true","success","24","24","1","1","0","0","0","0","0","null","null","0","0","0.24054199999955017","0","0","0","0","[]","[]"
"arc6000","3","13","ar_to_en","approved-only","false","no_complete_fill_deadline_not_established","24","24","24","480","480","0","0","0","0","null","null","0","0","0","0","0","0","0","[]","[]"
"arc6000","3","13","en_to_ar","compatibility","true","success","6","6","1","1","0","0","0","0","0","null","null","0","0","0.29508399999758694","0","0","0","0","[]","[]"
"arc6000","3","13","en_to_ar","approved-only","false","no_complete_fill_deadline_not_established","6","6","2","22","22","0","0","0","0","null","null","0","0","0","0","0","0","0","[]","[]"
"pool8000","1","7","ar_to_en","approved-only","false","observed_deadline_no_complete_fill","24","24","24","24","24","16","100802","291313","1625327","null","null","2054.2949350282142","23.657869001399376","0","100827","184839","47","124","[]","[]"
"pool8000","1","9","ar_to_en","compatibility","true","success","24","24","3","3","2","32","1347","7989","28963","null","null","240.46385099670442","0.34855200022866484","0.11029100000450853","1313","2337","0","15","[]","[]"
"pool8000","1","11","ar_to_en","compatibility","true","success","24","24","8","8","7","43","5033","26684","158988","null","null","951.1023350057803","1.5130339997267583","0.15716600000450853","4983","10813","0","72","[]","[]"
"pool8000","1","11","ar_to_en","approved-only","false","observed_deadline_no_complete_fill","24","24","24","186","186","15","43758","96147","1645493","null","null","3021.3472859988105","9.999352001323132","0","43763","51649","190","52","[]","[]"
"pool8000","1","13","ar_to_en","compatibility","true","success","24","24","22","22","21","58","29493","100004","1201742","null","null","2856.905041002363","7.693780001514824","0.3141250000044238","29415","60429","0","239","[]","[]"
"pool8000","1","13","ar_to_en","approved-only","false","no_complete_fill_deadline_not_established","24","24","24","480","480","0","480","7680","75900","null","null","77.05652299844951","1.2208319994824706","0","0","7680","0","0","[]","[]"
"pool8000","1","13","en_to_ar","compatibility","true","success","6","6","1","1","0","86","94","1173","3675","null","null","15.104791000005207","0.015203000031760894","0.26900000000023283","8","56","0","0","[]","[]"
"pool8000","1","13","en_to_ar","approved-only","false","observed_deadline_no_complete_fill","6","6","1","2","2","55","29839","80963","961761","null","null","1354.1679429839423","6.776710000369349","0","29839","50457","2","70","[]","[]"
"pool8000","2","7","ar_to_en","approved-only","false","observed_deadline_no_complete_fill","24","24","24","24","24","16","106578","300708","1765385","null","null","2069.955072989236","25.142488003708422","0","106575","188727","18","128","[]","[]"
"pool8000","2","9","ar_to_en","compatibility","true","success","24","24","3","3","2","31","4052","15701","67021","null","null","291.65948600550473","1.0009489994408796","0.12329199998930562","4020","7319","0","25","[]","[]"
"pool8000","2","11","ar_to_en","compatibility","true","success","24","24","1","1","0","48","148","2014","4434","null","null","17.299945999024203","0.040829999910783954","0.1718330000003334","100","268","0","0","[]","[]"
"pool8000","2","11","ar_to_en","approved-only","false","observed_deadline_no_complete_fill","24","24","24","156","156","18","45132","100268","1697685","null","null","3058.044610994766","10.601088995928876","0","45177","54215","201","63","[]","[]"
"pool8000","2","13","ar_to_en","compatibility","false","observed_deadline_no_complete_fill","24","24","24","24","24","42","47505","138934","1831782","null","null","3269.628514010372","12.04581100019277","0","47497","80798","13","272","[]","[]"
"pool8000","2","13","ar_to_en","approved-only","false","no_complete_fill_deadline_not_established","24","24","24","480","480","0","480","7680","75580","null","null","71.10077100266062","1.1342770003684564","0","0","7680","0","0","[]","[]"
"pool8000","2","13","en_to_ar","compatibility","true","success","6","6","1","1","0","84","87","1002","3557","null","null","9.631369001537678","0.013037000040640123","0.2657080000062706","3","54","0","0","[]","[]"
"pool8000","2","13","en_to_ar","approved-only","false","observed_deadline_no_complete_fill","6","6","1","2","2","25","19278","44304","1043327","null","null","1283.4294019949157","3.187877998832846","0","19276","24975","0","25","[]","[]"
"pool8000","3","7","ar_to_en","approved-only","false","observed_deadline_no_complete_fill","24","24","24","24","24","19","85434","251063","1407775","null","null","2071.4726680040476","19.66421299688227","0","85437","160295","25","119","[]","[]"
"pool8000","3","9","ar_to_en","compatibility","true","success","24","24","1","1","0","30","97","1639","1914","null","null","15.268695998558542","0.019957000113208778","0.1394999999902211","67","103","0","0","[]","[]"
"pool8000","3","11","ar_to_en","compatibility","true","success","24","24","2","2","1","46","5050","15473","69441","null","null","154.5938609962759","0.9261049993656343","0.17695900000398979","5003","7440","0","24","[]","[]"
"pool8000","3","11","ar_to_en","approved-only","false","observed_deadline_no_complete_fill","24","24","24","173","173","14","44035","96539","1687830","null","null","3047.1728059628804","10.448167999420548","0","44124","51734","261","59","[]","[]"
"pool8000","3","13","ar_to_en","compatibility","false","observed_deadline_no_complete_fill","24","24","24","24","24","41","39068","118221","1597486","null","null","3288.7891990145145","9.749299003044143","0","39048","68248","4","253","[]","[]"
"pool8000","3","13","ar_to_en","approved-only","false","no_complete_fill_deadline_not_established","24","24","24","480","480","0","480","7680","73880","null","null","73.95622300528339","1.2078429984976538","0","0","7680","0","0","[]","[]"
"pool8000","3","13","en_to_ar","compatibility","true","success","6","6","1","1","0","82","82","1867","3450","null","null","30.230619998677867","0.011959999828832224","0.26295800000661984","0","23","0","0","[]","[]"
"pool8000","3","13","en_to_ar","approved-only","false","observed_deadline_no_complete_fill","6","6","3","42","42","68","25487","57194","998682","null","null","1261.0106720309122","3.8620390022406355","0","28605","28331","3160","49","[]","[]"
"pool6000-fixedTemplates","1","7","ar_to_en","approved-only","false","observed_deadline_no_complete_fill","24","24","24","24","24","16","105910","306028","1709868","null","null","2069.9861170007116","21.942204000092943","0","105934","194421","47","112","[]","[]"
"pool6000-fixedTemplates","1","9","ar_to_en","compatibility","true","success","24","24","3","3","2","32","1353","7954","32618","null","null","254.18916700177033","0.5014529999934894","0.6790829999999914","1319","2432","0","15","[]","[]"
"pool6000-fixedTemplates","1","11","ar_to_en","compatibility","true","success","24","24","8","8","7","44","6741","32117","195944","null","null","942.8345659974029","1.800069999990228","0.27925000000050204","6691","14558","1","69","[]","[]"
"pool6000-fixedTemplates","1","11","ar_to_en","approved-only","false","observed_deadline_no_complete_fill","24","24","24","189","189","15","45523","99871","1710376","null","null","3034.0404219999728","9.46349100000225","0","45530","53722","196","56","[]","[]"
"pool6000-fixedTemplates","1","13","ar_to_en","compatibility","false","observed_deadline_no_complete_fill","24","24","24","24","24","48","52957","148627","2058933","null","null","3241.866241002095","10.643072999644573","0","52934","84964","0","302","[]","[]"
"pool6000-fixedTemplates","1","13","ar_to_en","approved-only","false","no_complete_fill_deadline_not_established","24","24","24","480","480","0","480","7680","75900","null","null","72.34183100049995","1.0139870000602969","0","0","7680","0","0","[]","[]"
"pool6000-fixedTemplates","1","13","en_to_ar","compatibility","true","success","6","6","1","1","0","82","122","1267","5456","null","null","48.09137499992903","0.019707999974343693","0.730874999999287","40","96","0","0","[]","[]"
"pool6000-fixedTemplates","1","13","en_to_ar","approved-only","false","observed_deadline_no_complete_fill","6","6","5","82","82","53","19523","54017","673583","null","null","1263.8211990024502","4.275290000230598","0","19449","34292","8","42","[]","[]"
"pool6000-fixedTemplates","2","7","ar_to_en","approved-only","false","observed_deadline_no_complete_fill","24","24","24","24","24","16","110086","311005","1826313","null","null","2071.5815899971276","24.72837899915976","0","110080","195538","18","117","[]","[]"
"pool6000-fixedTemplates","2","9","ar_to_en","compatibility","true","success","24","24","2","2","1","32","680","4688","19101","null","null","125.44465400067565","0.18595100011953036","0.20870899999863468","647","1135","0","6","[]","[]"
"pool6000-fixedTemplates","2","11","ar_to_en","compatibility","true","success","24","24","9","9","8","44","14159","48385","379735","null","null","1095.56960200295","3.178809999866644","0.2772499999991851","14107","22051","0","63","[]","[]"
"pool6000-fixedTemplates","2","11","ar_to_en","approved-only","false","observed_deadline_no_complete_fill","24","24","24","157","157","18","45375","100916","1707549","null","null","3054.5883309969395","10.238426001040352","0","45417","54602","199","63","[]","[]"
"pool6000-fixedTemplates","2","13","ar_to_en","compatibility","true","success","24","24","12","12","11","60","23642","72146","974415","null","null","1531.539296003859","6.7585500000132015","0.38266700000167475","23572","43135","1","100","[]","[]"
"pool6000-fixedTemplates","2","13","ar_to_en","approved-only","false","no_complete_fill_deadline_not_established","24","24","24","480","480","0","480","7680","75580","null","null","71.69477699800336","1.1579319999400468","0","0","7680","0","0","[]","[]"
"pool6000-fixedTemplates","2","13","en_to_ar","compatibility","true","success","6","6","1","1","0","82","88","1369","3644","null","null","16.26417399967613","0.012420000010024523","0.2437499999978172","6","49","0","0","[]","[]"
"pool6000-fixedTemplates","2","13","en_to_ar","approved-only","false","observed_deadline_no_complete_fill","6","6","1","2","2","22","27651","68004","1602528","null","null","1198.817945005816","8.24552500034406","0","27657","40232","8","15","[]","[]"
"pool6000-fixedTemplates","3","7","ar_to_en","approved-only","false","observed_deadline_no_complete_fill","24","24","24","24","24","19","86568","254568","1427795","null","null","2069.439799003001","20.242175001134456","0","86572","162690","25","117","[]","[]"
"pool6000-fixedTemplates","3","9","ar_to_en","compatibility","true","success","24","24","2","2","1","30","3361","13517","65551","null","null","148.51565799971286","0.9725929997075582","0.09712500000023283","3330","7461","0","9","[]","[]"
"pool6000-fixedTemplates","3","11","ar_to_en","compatibility","true","success","24","24","1","1","0","48","188","2149","5546","null","null","40.855916998378234","0.039199999962875154","0.14466600000014296","140","277","0","0","[]","[]"
"pool6000-fixedTemplates","3","11","ar_to_en","approved-only","false","observed_deadline_no_complete_fill","24","24","24","175","175","14","44627","98072","1709600","null","null","3036.4879789745246","10.572637999714061","0","44716","52590","263","62","[]","[]"
"pool6000-fixedTemplates","3","13","ar_to_en","compatibility","true","success","24","24","6","6","5","62","13855","40081","445673","null","null","809.288537998531","3.23048200042831","0.21041600000171456","13788","23398","0","47","[]","[]"
"pool6000-fixedTemplates","3","13","ar_to_en","approved-only","false","no_complete_fill_deadline_not_established","24","24","24","480","480","0","480","7680","73880","null","null","73.41321700007393","1.1536990005261032","0","0","7680","0","0","[]","[]"
"pool6000-fixedTemplates","3","13","en_to_ar","compatibility","true","success","6","6","1","1","0","78","87","1470","3320","null","null","22.37757600004261","0.012372000004688744","0.21674999999959255","9","37","0","0","[]","[]"
"pool6000-fixedTemplates","3","13","en_to_ar","approved-only","false","observed_deadline_no_complete_fill","6","6","1","2","2","66","41399","95923","795518","null","null","1309.9765279961575","7.297775000683032","0","41721","53854","324","63","[]","[]"
"arc6000-fixedTemplates","1","7","ar_to_en","approved-only","false","no_complete_fill_deadline_not_established","24","24","24","24","24","0","0","0","0","null","null","0","0","0","0","0","0","0","[]","[]"
"arc6000-fixedTemplates","1","9","ar_to_en","compatibility","true","success","24","24","3","3","2","0","0","0","0","null","null","0","0","0.2102500000037253","0","0","0","0","[]","[]"
"arc6000-fixedTemplates","1","11","ar_to_en","compatibility","true","success","24","24","2","2","1","0","0","0","0","null","null","0","0","0.1421669999981532","0","0","0","0","[]","[]"
"arc6000-fixedTemplates","1","11","ar_to_en","approved-only","false","no_complete_fill_deadline_not_established","24","24","24","382","382","0","0","0","0","null","null","0","0","0","0","0","0","0","[]","[]"
"arc6000-fixedTemplates","1","13","ar_to_en","compatibility","true","success","24","24","2","2","1","0","0","0","0","null","null","0","0","0.23458299999765586","0","0","0","0","[]","[]"
"arc6000-fixedTemplates","1","13","ar_to_en","approved-only","false","no_complete_fill_deadline_not_established","24","24","24","480","480","0","0","0","0","null","null","0","0","0","0","0","0","0","[]","[]"
"arc6000-fixedTemplates","1","13","en_to_ar","compatibility","true","success","6","6","1","1","0","0","0","0","0","null","null","0","0","0.2316659999996773","0","0","0","0","[]","[]"
"arc6000-fixedTemplates","1","13","en_to_ar","approved-only","true","success","6","6","5","81","80","0","0","0","0","null","null","0","0","0.2139999999999418","0","0","0","0","[]","[]"
"arc6000-fixedTemplates","2","7","ar_to_en","approved-only","false","no_complete_fill_deadline_not_established","24","24","24","24","24","0","0","0","0","null","null","0","0","0","0","0","0","0","[]","[]"
"arc6000-fixedTemplates","2","9","ar_to_en","compatibility","true","success","24","24","2","2","1","0","0","0","0","null","null","0","0","0.10283300000446616","0","0","0","0","[]","[]"
"arc6000-fixedTemplates","2","11","ar_to_en","compatibility","true","success","24","24","2","2","1","0","0","0","0","null","null","0","0","0.1400419999990845","0","0","0","0","[]","[]"
"arc6000-fixedTemplates","2","11","ar_to_en","approved-only","false","no_complete_fill_deadline_not_established","24","24","24","370","370","0","0","0","0","null","null","0","0","0","0","0","0","0","[]","[]"
"arc6000-fixedTemplates","2","13","ar_to_en","compatibility","true","success","24","24","1","1","0","0","0","0","0","null","null","0","0","0.27999999999883585","0","0","0","0","[]","[]"
"arc6000-fixedTemplates","2","13","ar_to_en","approved-only","false","no_complete_fill_deadline_not_established","24","24","24","480","480","0","0","0","0","null","null","0","0","0","0","0","0","0","[]","[]"
"arc6000-fixedTemplates","2","13","en_to_ar","compatibility","true","success","6","6","1","1","0","0","0","0","0","null","null","0","0","0.33395800000289455","0","0","0","0","[]","[]"
"arc6000-fixedTemplates","2","13","en_to_ar","approved-only","false","no_complete_fill_deadline_not_established","6","6","1","2","2","0","0","0","0","null","null","0","0","0","0","0","0","0","[]","[]"
"arc6000-fixedTemplates","3","7","ar_to_en","approved-only","false","no_complete_fill_deadline_not_established","24","24","24","24","24","0","0","0","0","null","null","0","0","0","0","0","0","0","[]","[]"
"arc6000-fixedTemplates","3","9","ar_to_en","compatibility","true","success","24","24","3","3","2","0","0","0","0","null","null","0","0","0.1290830000070855","0","0","0","0","[]","[]"
"arc6000-fixedTemplates","3","11","ar_to_en","compatibility","true","success","24","24","1","1","0","0","0","0","0","null","null","0","0","0.2036250000091968","0","0","0","0","[]","[]"
"arc6000-fixedTemplates","3","11","ar_to_en","approved-only","false","no_complete_fill_deadline_not_established","24","24","24","393","393","0","0","0","0","null","null","0","0","0","0","0","0","0","[]","[]"
"arc6000-fixedTemplates","3","13","ar_to_en","compatibility","true","success","24","24","6","6","5","0","0","0","0","null","null","0","0","0.2651669999904698","0","0","0","0","[]","[]"
"arc6000-fixedTemplates","3","13","ar_to_en","approved-only","false","no_complete_fill_deadline_not_established","24","24","24","480","480","0","0","0","0","null","null","0","0","0","0","0","0","0","[]","[]"
"arc6000-fixedTemplates","3","13","en_to_ar","compatibility","true","success","6","6","1","1","0","0","0","0","0","null","null","0","0","0.25716699998883996","0","0","0","0","[]","[]"
"arc6000-fixedTemplates","3","13","en_to_ar","approved-only","false","no_complete_fill_deadline_not_established","6","6","1","2","2","0","0","0","0","null","null","0","0","0","0","0","0","0","[]","[]"
"poolShort-fixedTemplates","1","7","ar_to_en","approved-only","false","observed_deadline_no_complete_fill","24","24","24","24","24","16","104472","301920","1687497","null","null","2060.7517019998677","22.84047600004942","0","104497","191732","47","120","[]","[]"
"poolShort-fixedTemplates","1","9","ar_to_en","compatibility","true","success","24","24","3","3","2","32","2036","7889","55360","null","null","241.88997500067762","0.5907049999823357","0.6404590000001917","2002","4023","0","8","[]","[]"
"poolShort-fixedTemplates","1","11","ar_to_en","compatibility","false","observed_deadline_no_complete_fill","24","24","24","24","24","34","39190","121551","1155102","null","null","3147.289220001401","9.111617000288788","0","39167","71130","0","190","[]","[]"
"poolShort-fixedTemplates","1","11","ar_to_en","approved-only","false","observed_deadline_no_complete_fill","24","24","24","188","188","15","44733","98126","1683452","null","null","3019.4758370035343","9.90499100037232","0","44745","52748","199","61","[]","[]"
"poolShort-fixedTemplates","1","13","ar_to_en","compatibility","false","observed_deadline_no_complete_fill","24","24","24","24","24","28","53443","157245","2338415","null","null","3128.0303050061357","12.403745999215971","0","53426","94844","7","183","[]","[]"
"poolShort-fixedTemplates","1","13","ar_to_en","approved-only","false","no_complete_fill_deadline_not_established","24","24","24","480","480","0","480","7680","75900","null","null","72.5669409988077","1.0288400001045375","0","0","7680","0","0","[]","[]"
"poolShort-fixedTemplates","1","13","en_to_ar","compatibility","false","observed_deadline_no_complete_fill","6","6","1","2","2","73","15644","36285","352388","null","null","1301.088787004206","2.6336859998518776","0","15642","19937","0","74","[]","[]"
"poolShort-fixedTemplates","1","13","en_to_ar","approved-only","false","observed_deadline_no_complete_fill","6","6","5","82","82","12","8882","23481","583266","null","null","1241.6361940045426","1.7414310000094702","0","8800","14604","0","14","[]","[]"
"poolShort-fixedTemplates","2","7","ar_to_en","approved-only","false","observed_deadline_no_complete_fill","24","24","24","24","24","16","109665","309800","1818921","null","null","2072.9512849984094","25.38102699886076","0","109659","194739","18","119","[]","[]"
"poolShort-fixedTemplates","2","9","ar_to_en","compatibility","true","success","24","24","2","2","1","32","1101","4938","32798","null","null","121.78475199943205","0.405921999939892","0.25037499999962165","1068","2475","0","5","[]","[]"
"poolShort-fixedTemplates","2","11","ar_to_en","compatibility","true","success","24","24","9","9","8","44","8889","30515","316007","null","null","1058.8254050011237","2.715090999736276","0.2663749999992433","8837","17393","0","50","[]","[]"
"poolShort-fixedTemplates","2","11","ar_to_en","approved-only","false","observed_deadline_no_complete_fill","24","24","24","158","158","18","45738","101619","1720474","null","null","3065.04001500065","10.550643000220589","0","45785","54962","204","63","[]","[]"
"poolShort-fixedTemplates","2","13","ar_to_en","compatibility","false","observed_deadline_no_complete_fill","24","24","24","24","24","25","38667","125827","1762332","null","null","3131.3124330006394","11.486987999662233","0","38646","78202","3","155","[]","[]"
"poolShort-fixedTemplates","2","13","ar_to_en","approved-only","false","no_complete_fill_deadline_not_established","24","24","24","480","480","0","480","7680","75580","null","null","69.40791599928343","1.1639050002995646","0","0","7680","0","0","[]","[]"
"poolShort-fixedTemplates","2","13","en_to_ar","compatibility","true","success","6","6","1","2","1","82","9151","42373","439579","null","null","769.5897780040905","2.5953470002277754","0.42862500000046566","9068","31611","0","15","[]","[]"
"poolShort-fixedTemplates","2","13","en_to_ar","approved-only","false","observed_deadline_no_complete_fill","6","6","1","2","2","21","26294","62554","1469791","null","null","1211.5670910031768","6.035325000542798","0","26292","36151","0","18","[]","[]"
"poolShort-fixedTemplates","3","7","ar_to_en","approved-only","false","observed_deadline_no_complete_fill","24","24","24","24","24","19","87438","257103","1442266","null","null","2078.122514003546","20.233616999750666","0","87443","164379","25","115","[]","[]"
"poolShort-fixedTemplates","3","9","ar_to_en","compatibility","true","success","24","24","7","7","6","32","8757","28311","219065","null","null","723.3557629967181","2.1752250001663924","0.21270799999911105","8721","15341","1","38","[]","[]"
"poolShort-fixedTemplates","3","11","ar_to_en","compatibility","true","success","24","24","1","1","0","48","552","1923","12210","null","null","81.37621100054821","0.09840600001189159","0.2930000000051223","504","652","0","0","[]","[]"
"poolShort-fixedTemplates","3","11","ar_to_en","approved-only","false","observed_deadline_no_complete_fill","24","24","24","176","176","14","44869","98408","1722065","null","null","3035.796641001514","10.899860000237823","0","44965","52781","271","55","[]","[]"
"poolShort-fixedTemplates","3","13","ar_to_en","compatibility","false","observed_deadline_no_complete_fill","24","24","24","24","24","33","39056","121579","1742569","null","null","3138.0377900034873","11.02761599933001","0","39032","73670","0","148","[]","[]"
"poolShort-fixedTemplates","3","13","ar_to_en","approved-only","false","no_complete_fill_deadline_not_established","24","24","24","480","480","0","480","7680","73880","null","null","73.35525399939797","1.1660780000747764","0","0","7680","0","0","[]","[]"
"poolShort-fixedTemplates","3","13","en_to_ar","compatibility","true","success","6","6","1","2","1","78","5797","27666","330544","null","null","743.851670003889","2.3843550003221026","0.24733299999934388","5718","20584","0","23","[]","[]"
"poolShort-fixedTemplates","3","13","en_to_ar","approved-only","false","observed_deadline_no_complete_fill","6","6","1","2","2","35","19449","45740","845328","null","null","1269.5427279995274","3.8273990008892724","0","19447","26091","0","43","[]","[]"
"poolLong-fixedTemplates","1","7","ar_to_en","approved-only","false","observed_deadline_no_complete_fill","24","24","24","24","24","16","102984","297782","1662555","null","null","2067.4382400069007","23.455183999489236","0","103007","189040","47","127","[]","[]"
"poolLong-fixedTemplates","1","9","ar_to_en","compatibility","true","success","24","24","3","3","2","32","3841","13304","93934","null","null","268.7699469985746","1.0825989998338628","0.11887500000011642","3807","7655","0","11","[]","[]"
"poolLong-fixedTemplates","1","11","ar_to_en","compatibility","true","success","24","24","8","8","7","44","13985","46129","466066","null","null","1024.6652070000564","4.08279500057688","0.14862500000162981","13934","28516","0","41","[]","[]"
"poolLong-fixedTemplates","1","11","ar_to_en","approved-only","false","observed_deadline_no_complete_fill","24","24","24","188","188","15","45023","98738","1694018","null","null","3044.927633992651","10.6365899999073","0","45036","53110","199","64","[]","[]"
"poolLong-fixedTemplates","1","13","ar_to_en","compatibility","false","observed_deadline_no_complete_fill","24","24","24","24","24","21","37981","121403","1784988","null","null","3115.490140001537","11.177586005134799","0","37964","74692","7","138","[]","[]"
"poolLong-fixedTemplates","1","13","ar_to_en","approved-only","false","no_complete_fill_deadline_not_established","24","24","24","480","480","0","480","7680","75900","null","null","75.60958099458367","1.1578050006501144","0","0","7680","0","0","[]","[]"
"poolLong-fixedTemplates","1","13","en_to_ar","compatibility","false","observed_deadline_no_complete_fill","6","6","1","2","2","24","6447","22027","370170","null","null","1287.3870469781687","1.7765529987227637","0","6445","15037","0","33","[]","[]"
"poolLong-fixedTemplates","1","13","en_to_ar","approved-only","false","observed_deadline_no_complete_fill","6","6","5","82","82","12","9263","24523","606783","null","null","1242.7824279925699","1.950577000679914","0","9181","15274","0","12","[]","[]"
"poolLong-fixedTemplates","2","7","ar_to_en","approved-only","false","observed_deadline_no_complete_fill","24","24","24","24","24","16","109956","310695","1823107","null","null","2080.065316039225","25.38906500551093","0","109952","195290","18","108","[]","[]"
"poolLong-fixedTemplates","2","9","ar_to_en","compatibility","true","success","24","24","2","2","1","32","1980","7661","48125","null","null","136.98210799910885","0.7286420004384127","0.09433299998636357","1947","4389","0","7","[]","[]"
"poolLong-fixedTemplates","2","11","ar_to_en","compatibility","false","observed_deadline_no_complete_fill","24","24","24","24","24","34","49550","163913","1577732","null","null","3156.029730984985","14.251034003536915","0","49539","103221","12","183","[]","[]"
"poolLong-fixedTemplates","2","11","ar_to_en","approved-only","false","observed_deadline_no_complete_fill","24","24","24","157","157","18","45637","101460","1717134","null","null","3049.719218036422","10.876804996616556","0","45682","54917","202","66","[]","[]"
"poolLong-fixedTemplates","2","13","ar_to_en","compatibility","false","observed_deadline_no_complete_fill","24","24","24","24","24","20","38795","122763","1804983","null","null","3081.956216014907","11.289151999226306","0","38861","75462","88","122","[]","[]"
"poolLong-fixedTemplates","2","13","ar_to_en","approved-only","false","no_complete_fill_deadline_not_established","24","24","24","480","480","0","480","7680","75580","null","null","70.09844700554095","1.1833389999810606","0","0","7680","0","0","[]","[]"
"poolLong-fixedTemplates","2","13","en_to_ar","compatibility","false","observed_deadline_no_complete_fill","6","6","1","2","2","57","37848","116614","829744","null","null","1264.6293859760917","6.917473001085455","0","37846","77737","0","79","[]","[]"
"poolLong-fixedTemplates","2","13","en_to_ar","approved-only","false","observed_deadline_no_complete_fill","6","6","1","2","2","21","28957","63807","1599230","null","null","1198.6300680146378","6.4584660007676575","0","28961","34732","6","20","[]","[]"
"poolLong-fixedTemplates","3","7","ar_to_en","approved-only","false","observed_deadline_no_complete_fill","24","24","24","24","24","19","86820","255351","1431986","null","null","2077.172464979405","20.452745998627506","0","86822","163174","25","114","[]","[]"
"poolLong-fixedTemplates","3","9","ar_to_en","compatibility","true","success","24","24","7","7","6","32","10936","38509","252221","null","null","737.2616200085613","3.1946970021090237","0.11212499999965075","10900","23239","1","45","[]","[]"
"poolLong-fixedTemplates","3","11","ar_to_en","compatibility","false","observed_deadline_no_complete_fill","24","24","24","24","24","31","48386","151931","1562769","null","null","3153.7532829830743","13.384358996452647","0","48372","92607","9","138","[]","[]"
"poolLong-fixedTemplates","3","11","ar_to_en","approved-only","false","observed_deadline_no_complete_fill","24","24","24","175","175","14","44916","98618","1720894","null","null","3033.110812005907","10.642880000305013","0","45008","52932","266","64","[]","[]"
"poolLong-fixedTemplates","3","13","ar_to_en","compatibility","false","observed_deadline_no_complete_fill","24","24","24","24","24","30","40218","127207","1836527","null","null","3102.1834209959197","12.001509000940132","0","40209","78568","14","129","[]","[]"
"poolLong-fixedTemplates","3","13","ar_to_en","approved-only","false","no_complete_fill_deadline_not_established","24","24","24","480","480","0","480","7680","73880","null","null","73.65022900262557","1.1531099996645935","0","0","7680","0","0","[]","[]"
"poolLong-fixedTemplates","3","13","en_to_ar","compatibility","false","observed_deadline_no_complete_fill","6","6","1","2","2","40","14858","52093","585788","null","null","1273.678088981178","3.799230999473366","0","14856","36272","0","54","[]","[]"
"poolLong-fixedTemplates","3","13","en_to_ar","approved-only","false","observed_deadline_no_complete_fill","6","6","1","2","2","54","20261","57618","996751","null","null","1246.8345169975073","4.386699999318807","0","20339","37067","80","53","[]","[]"
"minRun2","1","7","ar_to_en","approved-only","true","success","24","24","6","22","21","26","22588","58429","383714","null","null","440.0799750000915","3.745650000008027","0.5500000000001819","22668","35546","127","23","[]","[]"
"minRun2","1","9","ar_to_en","compatibility","true","success","24","24","1","1","0","40","59","309","1107","null","null","2.353962000012416","0.01953500000081476","0.15325000000007094","19","25","0","0","[]","[]"
"minRun2","1","11","ar_to_en","compatibility","true","success","24","24","1","1","0","62","1379","4095","19574","null","null","27.436408999977402","0.2733380000061061","0.32129200000008495","1322","2424","5","0","[]","[]"
"minRun2","1","11","ar_to_en","approved-only","false","observed_deadline_no_complete_fill","24","24","24","170","170","36","73577","193305","2729005","null","null","2666.9909800013947","12.99076699995976","0","74080","118328","673","133","[]","[]"
"minRun2","1","13","ar_to_en","compatibility","true","success","24","24","9","9","8","80","30242","73342","970564","null","null","1175.4920329994047","4.326084000027549","0.3892919999998412","30224","41278","70","238","[]","[]"
"minRun2","1","13","ar_to_en","approved-only","false","observed_deadline_no_complete_fill","24","24","24","297","297","28","31192","86261","1682908","null","null","1705.1449349996292","6.095478999632178","0","31383","54373","488","74","[]","[]"
"minRun2","1","13","en_to_ar","compatibility","false","observed_deadline_no_complete_fill","6","6","1","2","2","24","6492","22152","372787","null","null","1287.2331989997456","1.5014530000134982","0","6490","15111","0","35","[]","[]"
"minRun2","1","13","en_to_ar","approved-only","false","observed_deadline_no_complete_fill","6","6","5","82","82","12","9371","24825","613216","null","null","1257.0945829983611","1.8840069999478146","0","9289","15458","0","15","[]","[]"
"minRun2","2","7","ar_to_en","approved-only","true","success","24","24","11","53","52","25","46265","107690","713849","null","null","837.2384840016912","6.323304000214193","0.06749999999919964","46715","60472","527","55","[]","[]"
"minRun2","2","9","ar_to_en","compatibility","true","success","24","24","2","2","1","42","9330","20162","117907","null","null","126.25932599872976","1.095956000024671","0.11904099999992468","9327","10466","40","18","[]","[]"
"minRun2","2","11","ar_to_en","compatibility","true","success","24","24","1","1","0","61","556","1669","14673","null","null","25.67047400028241","0.10672800004977034","0.14908400000058464","499","888","4","0","[]","[]"
"minRun2","2","11","ar_to_en","approved-only","false","observed_deadline_no_complete_fill","24","24","24","161","161","32","60300","165589","2416030","null","null","2744.721081992733","11.64544599999681","0","60841","103923","701","132","[]","[]"
"minRun2","2","13","ar_to_en","compatibility","true","success","24","24","21","21","20","78","67580","177143","2407292","null","null","2623.573726001261","10.659755999102345","0.20933299999887822","67823","105342","336","477","[]","[]"
"minRun2","2","13","ar_to_en","approved-only","false","observed_deadline_no_complete_fill","24","24","24","189","189","30","48928","126709","2455544","null","null","2463.49803299666","8.85112699968522","0","49101","76633","362","158","[]","[]"
"minRun2","2","13","en_to_ar","compatibility","false","observed_deadline_no_complete_fill","6","6","1","2","2","57","38312","118465","840497","null","null","1271.4876349959013","6.738502000225708","0","38310","79128","0","78","[]","[]"
"minRun2","2","13","en_to_ar","approved-only","false","observed_deadline_no_complete_fill","6","6","1","2","2","21","29406","64744","1624495","null","null","1206.8838260049852","6.00794999954087","0","29411","35218","7","22","[]","[]"
"minRun2","3","7","ar_to_en","approved-only","true","success","24","24","22","125","124","22","114148","293020","1883064","null","null","1729.0682620049556","18.237028001400176","0.06912499999452848","114556","177648","554","92","[]","[]"
"minRun2","3","9","ar_to_en","compatibility","true","success","24","24","1","1","0","44","467","1366","9533","null","null","12.753549999644747","0.07214600008592242","0.10462499999994179","445","685","22","0","[]","[]"
"minRun2","3","11","ar_to_en","compatibility","true","success","24","24","3","3","2","62","7864","21170","203884","null","null","274.7737320007727","1.3366250002145534","0.14979200000379933","7822","12585","22","52","[]","[]"
"minRun2","3","11","ar_to_en","approved-only","false","observed_deadline_no_complete_fill","24","24","24","157","157","32","67143","175684","2519793","null","null","2768.6588090018267","11.931605999736348","0","67671","107044","684","168","[]","[]"
"minRun2","3","13","ar_to_en","compatibility","false","observed_deadline_no_complete_fill","24","24","24","24","24","69","65884","174372","2489860","null","null","3141.0269729933643","10.615087000027415","0","65925","104085","64","589","[]","[]"
"minRun2","3","13","ar_to_en","approved-only","false","observed_deadline_no_complete_fill","24","24","24","261","261","31","38047","111479","2097801","null","null","2066.6528069936176","7.855585999997857","0","38213","72450","426","113","[]","[]"
"minRun2","3","13","en_to_ar","compatibility","false","observed_deadline_no_complete_fill","6","6","1","2","2","40","15110","52982","595014","null","null","1281.6877879962703","3.6434069992392324","0","15108","36897","0","59","[]","[]"
"minRun2","3","13","en_to_ar","approved-only","false","observed_deadline_no_complete_fill","6","6","1","2","2","59","20881","59053","1016505","null","null","1261.5038079920778","4.039438000567316","0","20972","37869","93","54","[]","[]"
"baseline-work-profile","1","7","ar_to_en","compatibility","true","success","24","24","1","1","0","22","42","1050","494","38967","0","4.7899209999520735","0.03687800000034258","0.5057500000000346","20","40","0","0","[]","[]"
"baseline-work-profile","1","7","ar_to_en","approved-only","false","observed_deadline_no_complete_fill","24","24","24","24","24","16","105566","305115","1704240","31834829","0","2034.528587001178","22.01980300019727","0","105591","193819","47","122","[]","[]"
"baseline-work-profile","1","9","ar_to_en","compatibility","true","success","24","24","8","8","7","31","52741","123422","654582","14931557","0","898.0102720018467","7.4943070000426815","0.15337499999986903","52715","65724","12","69","[]","[]"
"baseline-work-profile","1","9","ar_to_en","approved-only","false","observed_deadline_no_complete_fill","24","24","24","37","37","15","77387","217470","2057385","39503570","0","2670.830639002672","17.179166000109035","0","77505","138328","155","80","[]","[]"
"baseline-work-profile","1","11","ar_to_en","compatibility","false","observed_deadline_no_complete_fill","24","24","24","24","24","31","50975","161299","1685571","44776291","0","3096.537201999032","11.902970999835816","0","50969","99643","17","140","[]","[]"
"baseline-work-profile","1","11","ar_to_en","approved-only","false","observed_deadline_no_complete_fill","24","24","24","188","188","15","45039","98812","1694718","45139893","0","3016.612947999014","9.407831999500559","0","45050","53151","199","72","[]","[]"
"baseline-work-profile","1","13","ar_to_en","compatibility","false","observed_deadline_no_complete_fill","24","24","24","24","24","21","38518","125508","1807649","44659852","0","3068.3489380039173","9.465496999364404","0","38499","78561","5","132","[]","[]"
"baseline-work-profile","1","13","ar_to_en","approved-only","false","no_complete_fill_deadline_not_established","24","24","24","480","480","0","480","7680","75900","1159093","0","71.53896699974939","1.015195999898424","0","0","7680","0","0","[]","[]"
"baseline-work-profile","1","13","en_to_ar","compatibility","false","observed_deadline_no_complete_fill","6","6","1","2","2","24","6471","22090","371525","19061543","273","1274.3054069982354","1.4421850000071572","0","6469","15075","0","35","[]","[]"
"baseline-work-profile","1","13","en_to_ar","approved-only","false","observed_deadline_no_complete_fill","6","6","5","82","82","12","9263","24523","606783","18611281","2066","1245.5215880021897","1.7668300001860189","0","9181","15275","0","10","[]","[]"
"baseline-targeted-failures","6","9","ar_to_en","compatibility","false","observed_deadline_no_complete_fill","24","24","24","24","24","29","51348","158658","1203999","41241204","0","2768.9668390000343","11.17354600000408","0","51327","93366","2","145","[]","[]"
"baseline-targeted-failures","24","9","ar_to_en","compatibility","false","observed_deadline_no_complete_fill","24","24","24","24","24","30","66093","188116","1447571","42033915","0","2788.907488002362","14.32728099988526","0","66094","108048","25","141","[]","[]"
"baseline-targeted-failures","25","9","ar_to_en","compatibility","false","observed_deadline_no_complete_fill","24","24","24","24","24","23","66075","188697","1482804","42085837","0","2795.3460939962533","14.060929999961445","0","66070","108335","16","171","[]","[]"
