"size","mode","length","seeds","constraints","hasPotential"
"13","ar_to_en","4","[1,3,4,5,11,13,14,15,17,19,20,21,22,23,27,30]","[{""position"":0,""characters"":[""A"",""E""]},{""position"":1,""characters"":[""A"",""I""]},{""position"":2,""characters"":[""A"",""C"",""E"",""G"",""H"",""I"",""N"",""R"",""S"",""T"",""U"",""Y""]},{""position"":3,""characters"":[""A"",""O"",""R"",""U""]}]","false"
"13","ar_to_en","13","[1,20]","[{""position"":0,""characters"":[""A"",""C"",""D"",""E"",""G"",""I"",""L"",""M"",""N"",""O"",""P"",""R"",""S"",""U"",""Y""]},{""position"":1,""characters"":[""A"",""C"",""D"",""E"",""I"",""L"",""N"",""O"",""P"",""R"",""T"",""U""]},{""position"":2,""characters"":[""I""]},{""position"":3,""characters"":[""A"",""C"",""D"",""E"",""F"",""I"",""N"",""O"",""P"",""R"",""S"",""T"",""U""]},{""position"":4,""characters"":[""A"",""E"",""F"",""I"",""M"",""N"",""O"",""R"",""T""]},{""position"":5,""characters"":[""A"",""C"",""E"",""F"",""G"",""I"",""L"",""M"",""N"",""O"",""P"",""R"",""S"",""T"",""U"",""X""]},{""position"":6,""characters"":[""A"",""B"",""C"",""H"",""I"",""L"",""N"",""O"",""S"",""T"",""U""]},{""position"":7,""characters"":[""A"",""C"",""D"",""E"",""F"",""G"",""I"",""M"",""N"",""O"",""P"",""R"",""S"",""T"",""U"",""X""]},{""position"":8,""characters"":[""A"",""C"",""E"",""F"",""I"",""N"",""O"",""R"",""T"",""U""]},{""position"":9,""characters"":[""A"",""C"",""D"",""E"",""F"",""I"",""M"",""N"",""O"",""R"",""S"",""T""]},{""position"":10,""characters"":[""I""]},{""position"":11,""characters"":[""A"",""D"",""E"",""L"",""N"",""O"",""P"",""R"",""U"",""V""]},{""position"":12,""characters"":[""A"",""C"",""D"",""E"",""G"",""I"",""L"",""N"",""O"",""P"",""R"",""S"",""T"",""U"",""Y""]}]","false"
"13","ar_to_en","3","[1,26]","[{""position"":0,""characters"":[""B"",""C"",""F"",""L"",""M"",""N"",""P"",""S"",""W""]},{""position"":1,""characters"":[""D"",""T""]},{""position"":2,""characters"":[""B"",""F"",""L"",""M""]}]","false"
"13","ar_to_en","13","[1,2,4,6,7,8,9,10,11,13,15,19,21,23,24,25,27,30]","[{""position"":0,""characters"":[""A"",""C"",""D"",""E"",""G"",""I"",""L"",""M"",""N"",""O"",""P"",""R"",""S"",""T"",""U"",""Y""]},{""position"":1,""characters"":[""A"",""C"",""D"",""E"",""I"",""L"",""N"",""O"",""P"",""R"",""T"",""U"",""V""]},{""position"":2,""characters"":[""I""]},{""position"":3,""characters"":[""A"",""C"",""D"",""E"",""F"",""I"",""M"",""N"",""O"",""R"",""S"",""T"",""U""]},{""position"":4,""characters"":[""A"",""C"",""E"",""F"",""I"",""M"",""N"",""O"",""R"",""T"",""U""]},{""position"":5,""characters"":[""A"",""C"",""D"",""E"",""F"",""G"",""I"",""L"",""M"",""N"",""O"",""P"",""R"",""S"",""T"",""U"",""X""]},{""position"":6,""characters"":[""A"",""B"",""C"",""H"",""I"",""L"",""N"",""O"",""S"",""T"",""U""]},{""position"":7,""characters"":[""A"",""C"",""D"",""E"",""F"",""G"",""I"",""L"",""M"",""N"",""O"",""P"",""R"",""S"",""T"",""U"",""X""]},{""position"":8,""characters"":[""A"",""C"",""E"",""F"",""I"",""M"",""N"",""O"",""R"",""T"",""U""]},{""position"":9,""characters"":[""A"",""C"",""D"",""E"",""F"",""I"",""M"",""N"",""O"",""P"",""R"",""S"",""T"",""U""]},{""position"":10,""characters"":[""I""]},{""position"":11,""characters"":[""A"",""C"",""D"",""E"",""I"",""L"",""N"",""O"",""P"",""R"",""T"",""U""]},{""position"":12,""characters"":[""A"",""C"",""D"",""E"",""G"",""I"",""L"",""M"",""N"",""O"",""P"",""R"",""S"",""T"",""U"",""Y""]}]","false"
"13","ar_to_en","3","[1,3,13,14,16,19,21,26,27,29,30]","[{""position"":0,""characters"":[""A"",""D"",""E"",""L"",""N""]},{""position"":1,""characters"":[""A""]},{""position"":2,""characters"":[""O""]}]","false"
"13","ar_to_en","3","[1,3,4,8,9,13,14,15,16,17,18,19,20,21,22,23,26,27,29,30]","[{""position"":0,""characters"":[""A"",""E"",""K"",""N"",""W""]},{""position"":1,""characters"":[""D"",""I"",""O""]},{""position"":2,""characters"":[""O""]}]","false"
"13","ar_to_en","3","[1,11,19,22,23]","[{""position"":0,""characters"":[""A"",""E"",""I"",""O"",""U""]},{""position"":1,""characters"":[""C"",""D"",""F"",""G"",""H"",""L"",""N"",""O"",""P"",""R"",""S"",""T"",""U"",""W"",""Y""]},{""position"":2,""characters"":[""R""]}]","false"
"13","ar_to_en","13","[1,9]","[{""position"":0,""characters"":[""A"",""C"",""D"",""E"",""G"",""I"",""L"",""M"",""N"",""O"",""P"",""R"",""S"",""T"",""U"",""Y""]},{""position"":1,""characters"":[""A"",""C"",""D"",""E"",""I"",""L"",""N"",""O"",""P"",""R"",""T"",""U"",""V""]},{""position"":2,""characters"":[""I""]},{""position"":3,""characters"":[""A"",""C"",""D"",""E"",""F"",""I"",""M"",""N"",""O"",""R"",""S"",""T"",""U""]},{""position"":4,""characters"":[""A"",""C"",""E"",""F"",""I"",""M"",""N"",""O"",""R"",""T"",""U""]},{""position"":5,""characters"":[""A"",""C"",""D"",""E"",""F"",""G"",""I"",""L"",""M"",""N"",""O"",""P"",""R"",""S"",""T"",""U"",""X""]},{""position"":6,""characters"":[""A"",""B"",""C"",""H"",""I"",""L"",""N"",""O"",""S"",""T"",""U""]},{""position"":7,""characters"":[""A"",""C"",""D"",""E"",""F"",""G"",""I"",""L"",""M"",""N"",""O"",""P"",""R"",""S"",""T"",""U""]},{""position"":8,""characters"":[""A"",""C"",""E"",""F"",""I"",""M"",""N"",""O"",""R"",""T"",""U""]},{""position"":9,""characters"":[""A"",""C"",""D"",""E"",""F"",""I"",""N"",""O"",""P"",""R"",""S"",""T"",""U""]},{""position"":10,""characters"":[""I""]},{""position"":11,""characters"":[""A"",""C"",""D"",""E"",""I"",""L"",""N"",""O"",""P"",""R"",""T"",""U""]},{""position"":12,""characters"":[""A"",""C"",""D"",""E"",""G"",""I"",""L"",""M"",""N"",""O"",""P"",""R"",""S"",""U"",""Y""]}]","false"
"13","ar_to_en","4","[1,4]","[{""position"":0,""characters"":[""D"",""N"",""T""]},{""position"":1,""characters"":[""L"",""T""]},{""position"":2,""characters"":[""U""]},{""position"":3,""characters"":[""G"",""N"",""R"",""S""]}]","false"
"13","ar_to_en","3","[1,2,3,4,6,7,10,11,13,14,15,16,18,20,21,23,26,30]","[{""position"":0,""characters"":[""E"",""Y""]},{""position"":1,""characters"":[""C"",""D"",""F"",""I"",""O"",""P"",""R"",""S"",""T"",""W"",""Y""]},{""position"":2,""characters"":[""M""]}]","false"
"13","ar_to_en","13","[1,17]","[{""position"":0,""characters"":[""A"",""C"",""D"",""E"",""G"",""I"",""L"",""M"",""N"",""O"",""P"",""R"",""S"",""T"",""U"",""Y""]},{""position"":1,""characters"":[""A"",""C"",""D"",""E"",""I"",""L"",""N"",""O"",""P"",""R"",""T"",""U"",""V""]},{""position"":2,""characters"":[""I""]},{""position"":3,""characters"":[""A"",""C"",""D"",""E"",""F"",""I"",""M"",""N"",""O"",""P"",""R"",""S"",""T"",""U""]},{""position"":4,""characters"":[""A"",""C"",""E"",""F"",""I"",""M"",""N"",""O"",""R"",""T"",""U""]},{""position"":5,""characters"":[""A"",""C"",""D"",""E"",""F"",""G"",""I"",""L"",""M"",""N"",""O"",""P"",""R"",""S"",""T"",""U"",""X""]},{""position"":6,""characters"":[""A"",""B"",""C"",""H"",""I"",""L"",""N"",""O"",""S"",""T"",""U"",""Z""]},{""position"":7,""characters"":[""A"",""C"",""D"",""E"",""F"",""G"",""I"",""M"",""N"",""O"",""P"",""R"",""S"",""T"",""U"",""X""]},{""position"":8,""characters"":[""A"",""C"",""E"",""F"",""I"",""M"",""N"",""O"",""R"",""T"",""U""]},{""position"":9,""characters"":[""A"",""C"",""D"",""E"",""F"",""I"",""M"",""N"",""O"",""P"",""R"",""S"",""T"",""U""]},{""position"":10,""characters"":[""I""]},{""position"":11,""characters"":[""A"",""C"",""D"",""E"",""L"",""N"",""O"",""P"",""R"",""T"",""U"",""V""]},{""position"":12,""characters"":[""A"",""C"",""D"",""E"",""G"",""I"",""L"",""N"",""O"",""P"",""R"",""S"",""T"",""U"",""Y""]}]","false"
"13","ar_to_en","3","[1,11,19]","[{""position"":0,""characters"":[""A"",""G"",""M"",""U""]},{""position"":1,""characters"":[""A"",""D"",""G"",""I"",""R"",""S"",""T"",""U""]},{""position"":2,""characters"":[""L""]}]","false"
"13","ar_to_en","3","[1,2,4,5,7,8,9,11,12,13,14,15,18,20,21,22,23,24,25,26,27,28,30]","[{""position"":0,""characters"":[""O"",""S""]},{""position"":1,""characters"":[""A"",""E"",""I"",""N"",""O"",""U"",""W""]},{""position"":2,""characters"":[""O""]}]","false"
"13","ar_to_en","4","[1,5,8,10,24]","[{""position"":0,""characters"":[""A"",""C"",""D"",""E"",""H"",""L"",""M"",""N"",""O"",""P"",""R"",""S"",""T"",""U"",""V""]},{""position"":1,""characters"":[""A"",""C"",""D"",""E"",""G"",""I"",""K"",""N"",""O"",""R"",""S"",""U"",""W""]},{""position"":2,""characters"":[""I""]},{""position"":3,""characters"":[""A"",""E""]}]","false"
"13","ar_to_en","13","[1,5,9,15,18,27]","[{""position"":0,""characters"":[""A"",""C"",""D"",""E"",""G"",""I"",""L"",""M"",""N"",""O"",""P"",""R"",""S"",""T"",""U"",""Y""]},{""position"":1,""characters"":[""A"",""C"",""D"",""E"",""I"",""L"",""N"",""O"",""P"",""R"",""T"",""U""]},{""position"":2,""characters"":[""I""]},{""position"":3,""characters"":[""A"",""C"",""D"",""E"",""F"",""I"",""M"",""N"",""O"",""R"",""S"",""T"",""U""]},{""position"":4,""characters"":[""A"",""C"",""E"",""F"",""I"",""M"",""N"",""O"",""R"",""T"",""U""]},{""position"":5,""characters"":[""A"",""C"",""D"",""E"",""F"",""G"",""I"",""L"",""M"",""N"",""O"",""P"",""R"",""S"",""T"",""U"",""X""]},{""position"":6,""characters"":[""A"",""B"",""C"",""I"",""L"",""N"",""O"",""S"",""T"",""U""]},{""position"":7,""characters"":[""A"",""C"",""D"",""E"",""F"",""G"",""I"",""M"",""N"",""O"",""P"",""R"",""S"",""T"",""U"",""X""]},{""position"":8,""characters"":[""A"",""C"",""E"",""F"",""I"",""M"",""N"",""O"",""R"",""T"",""U""]},{""position"":9,""characters"":[""A"",""C"",""D"",""E"",""F"",""I"",""M"",""N"",""O"",""R"",""S"",""T"",""U""]},{""position"":10,""characters"":[""I""]},{""position"":11,""characters"":[""A"",""C"",""D"",""E"",""I"",""L"",""N"",""O"",""P"",""R"",""T"",""U""]},{""position"":12,""characters"":[""A"",""C"",""D"",""E"",""G"",""I"",""L"",""N"",""O"",""P"",""R"",""S"",""T"",""U"",""Y""]}]","false"
"13","ar_to_en","4","[1,17,23]","[{""position"":0,""characters"":[""A"",""B"",""C"",""D"",""E"",""F"",""G"",""H"",""K"",""L"",""M"",""N"",""P"",""R"",""S"",""T"",""V"",""W"",""Y""]},{""position"":1,""characters"":[""A"",""E"",""I"",""O"",""U""]},{""position"":2,""characters"":[""N"",""S""]},{""position"":3,""characters"":[""N"",""O""]}]","false"
"13","ar_to_en","3","[1,7,15,18,19,21,25]","[{""position"":0,""characters"":[""A"",""E"",""G"",""L""]},{""position"":1,""characters"":[""N""]},{""position"":2,""characters"":[""E""]}]","false"
"13","ar_to_en","13","[1,18,26]","[{""position"":0,""characters"":[""A"",""C"",""D"",""E"",""G"",""I"",""L"",""M"",""N"",""O"",""P"",""R"",""S"",""T"",""U"",""Y""]},{""position"":1,""characters"":[""A"",""C"",""D"",""E"",""I"",""L"",""N"",""O"",""P"",""R"",""T"",""U""]},{""position"":2,""characters"":[""I""]},{""position"":3,""characters"":[""A"",""C"",""D"",""E"",""F"",""I"",""M"",""N"",""O"",""P"",""R"",""S"",""T"",""U""]},{""position"":4,""characters"":[""A"",""C"",""E"",""F"",""I"",""M"",""N"",""O"",""R"",""T"",""U""]},{""position"":5,""characters"":[""A"",""C"",""E"",""F"",""G"",""I"",""L"",""M"",""N"",""P"",""R"",""S"",""T"",""U""]},{""position"":6,""characters"":[""A"",""B"",""C"",""H"",""I"",""L"",""N"",""O"",""S"",""T"",""U""]},{""position"":7,""characters"":[""A"",""C"",""D"",""E"",""F"",""G"",""I"",""L"",""N"",""O"",""P"",""R"",""S"",""T"",""U""]},{""position"":8,""characters"":[""A"",""C"",""E"",""F"",""I"",""M"",""N"",""O"",""R"",""T"",""U""]},{""position"":9,""characters"":[""A"",""C"",""D"",""E"",""F"",""I"",""M"",""N"",""O"",""R"",""S"",""T"",""U""]},{""position"":10,""characters"":[""I""]},{""position"":11,""characters"":[""A"",""D"",""E"",""I"",""L"",""N"",""O"",""P"",""R"",""T"",""U"",""V""]},{""position"":12,""characters"":[""A"",""C"",""D"",""E"",""G"",""I"",""L"",""M"",""N"",""O"",""P"",""R"",""S"",""T"",""U"",""Y""]}]","false"
"13","ar_to_en","13","[1,7,16]","[{""position"":0,""characters"":[""A"",""S""]},{""position"":1,""characters"":[""E""]},{""position"":2,""characters"":[""C""]},{""position"":3,""characters"":[""N"",""O""]},{""position"":4,""characters"":[""A"",""M""]},{""position"":5,""characters"":[""M"",""T""]},{""position"":6,""characters"":[""O"",""S""]},{""position"":7,""characters"":[""D"",""M""]},{""position"":8,""characters"":[""A"",""U""]},{""position"":9,""characters"":[""C"",""T""]},{""position"":10,""characters"":[""I""]},{""position"":11,""characters"":[""I"",""O""]},{""position"":12,""characters"":[""C"",""N""]}]","false"
"13","ar_to_en","13","[1,7]","[{""position"":0,""characters"":[""C""]},{""position"":1,""characters"":[""E"",""I""]},{""position"":2,""characters"":[""R""]},{""position"":3,""characters"":[""C""]},{""position"":4,""characters"":[""I"",""U""]},{""position"":5,""characters"":[""F"",""M""]},{""position"":6,""characters"":[""I"",""S""]},{""position"":7,""characters"":[""C"",""T""]},{""position"":8,""characters"":[""A""]},{""position"":9,""characters"":[""N"",""T""]},{""position"":10,""characters"":[""I""]},{""position"":11,""characters"":[""E"",""O""]},{""position"":12,""characters"":[""N"",""S""]}]","false"
"13","ar_to_en","6","[1,7,10]","[{""position"":0,""characters"":[""A"",""E""]},{""position"":1,""characters"":[""A"",""E"",""I"",""O"",""U""]},{""position"":2,""characters"":[""B"",""C"",""D"",""E"",""G"",""H"",""I"",""K"",""L"",""M"",""N"",""O"",""P"",""R"",""S"",""T"",""U"",""V"",""W""]},{""position"":3,""characters"":[""R""]},{""position"":4,""characters"":[""E"",""O"",""S"",""T"",""Y""]},{""position"":5,""characters"":[""B"",""C"",""D"",""F"",""G"",""H"",""J"",""L"",""N"",""O"",""P"",""R"",""S"",""T"",""U"",""W"",""Y""]}]","false"
"13","ar_to_en","13","[1,2]","[{""position"":0,""characters"":[""M"",""N"",""O"",""P"",""S""]},{""position"":1,""characters"":[""I"",""L"",""O"",""R""]},{""position"":2,""characters"":[""A"",""D"",""E"",""S"",""T""]},{""position"":3,""characters"":[""A"",""C"",""I"",""N"",""S""]},{""position"":4,""characters"":[""E"",""F"",""N"",""O""]},{""position"":5,""characters"":[""I"",""L"",""N""]},{""position"":6,""characters"":[""C"",""L"",""S"",""T""]},{""position"":7,""characters"":[""A"",""S""]},{""position"":8,""characters"":[""E"",""N"",""T""]},{""position"":9,""characters"":[""E"",""I""]},{""position"":10,""characters"":[""O""]},{""position"":11,""characters"":[""R""]},{""position"":12,""characters"":[""P"",""S""]}]","false"
"13","ar_to_en","13","[1,7,8,18,30]","[{""position"":0,""characters"":[""A"",""C"",""D"",""E"",""G"",""I"",""L"",""M"",""N"",""O"",""P"",""R"",""S"",""T"",""U"",""Y""]},{""position"":1,""characters"":[""A"",""C"",""D"",""E"",""I"",""L"",""N"",""O"",""P"",""R"",""T"",""U"",""V""]},{""position"":2,""characters"":[""I""]},{""position"":3,""characters"":[""A"",""C"",""D"",""E"",""F"",""I"",""M"",""N"",""O"",""R"",""S"",""T"",""U""]},{""position"":4,""characters"":[""A"",""C"",""E"",""F"",""I"",""M"",""N"",""O"",""R"",""T"",""U""]},{""position"":5,""characters"":[""A"",""C"",""D"",""E"",""F"",""G"",""I"",""L"",""M"",""N"",""O"",""P"",""R"",""S"",""T"",""U""]},{""position"":6,""characters"":[""A"",""B"",""C"",""H"",""I"",""L"",""N"",""O"",""S"",""T"",""U""]},{""position"":7,""characters"":[""A"",""C"",""D"",""E"",""F"",""G"",""I"",""L"",""M"",""N"",""O"",""P"",""R"",""S"",""T"",""U"",""X""]},{""position"":8,""characters"":[""A"",""C"",""E"",""F"",""I"",""M"",""N"",""O"",""R"",""T"",""U""]},{""position"":9,""characters"":[""A"",""C"",""D"",""E"",""F"",""I"",""M"",""N"",""O"",""P"",""R"",""S"",""T"",""U""]},{""position"":10,""characters"":[""I""]},{""position"":11,""characters"":[""A"",""C"",""D"",""E"",""I"",""L"",""N"",""O"",""P"",""R"",""T"",""U""]},{""position"":12,""characters"":[""A"",""C"",""D"",""E"",""G"",""I"",""L"",""M"",""N"",""O"",""P"",""R"",""S"",""T"",""U"",""Y""]}]","false"
"13","ar_to_en","6","[1,25,30]","[{""position"":0,""characters"":[""A"",""D"",""E"",""H"",""I"",""K"",""O"",""P"",""U""]},{""position"":1,""characters"":[""A"",""C"",""D"",""E"",""H"",""L"",""M"",""N"",""O"",""P"",""R"",""S"",""T"",""U"",""V""]},{""position"":2,""characters"":[""A"",""E"",""I"",""O"",""U""]},{""position"":3,""characters"":[""D"",""E"",""O""]},{""position"":4,""characters"":[""A"",""D"",""F"",""G"",""H"",""I"",""L"",""N"",""O"",""U"",""W""]},{""position"":5,""characters"":[""A"",""O"",""R"",""U""]}]","false"
"13","ar_to_en","13","[1,17]","[{""position"":0,""characters"":[""A"",""C"",""D"",""E"",""G"",""I"",""L"",""M"",""N"",""O"",""P"",""R"",""S"",""T"",""U"",""Y""]},{""position"":1,""characters"":[""A"",""C"",""D"",""E"",""I"",""L"",""N"",""O"",""P"",""R"",""T"",""U""]},{""position"":2,""characters"":[""I""]},{""position"":3,""characters"":[""A"",""C"",""D"",""E"",""F"",""I"",""M"",""N"",""O"",""P"",""R"",""S"",""T"",""U""]},{""position"":4,""characters"":[""A"",""C"",""E"",""F"",""I"",""M"",""N"",""O"",""R"",""T"",""U""]},{""position"":5,""characters"":[""A"",""C"",""D"",""E"",""F"",""G"",""I"",""L"",""M"",""N"",""O"",""P"",""R"",""S"",""T"",""U"",""X""]},{""position"":6,""characters"":[""A"",""B"",""C"",""H"",""I"",""L"",""N"",""O"",""S"",""T"",""U""]},{""position"":7,""characters"":[""A"",""C"",""D"",""E"",""F"",""G"",""I"",""M"",""N"",""O"",""P"",""R"",""S"",""T"",""U"",""X""]},{""position"":8,""characters"":[""A"",""C"",""E"",""F"",""I"",""M"",""N"",""O"",""R"",""T"",""U""]},{""position"":9,""characters"":[""A"",""C"",""D"",""E"",""F"",""I"",""M"",""N"",""O"",""R"",""S"",""T"",""U""]},{""position"":10,""characters"":[""I""]},{""position"":11,""characters"":[""A"",""C"",""D"",""E"",""L"",""N"",""O"",""P"",""R"",""T"",""U"",""V""]},{""position"":12,""characters"":[""A"",""C"",""D"",""E"",""G"",""I"",""L"",""N"",""O"",""P"",""R"",""S"",""T"",""U"",""Y""]}]","false"
"13","ar_to_en","3","[1,7,8,14,16,23]","[{""position"":0,""characters"":[""A"",""E"",""H"",""I"",""N"",""U""]},{""position"":1,""characters"":[""A"",""C"",""D"",""E"",""L"",""N"",""O"",""R"",""S"",""T""]},{""position"":2,""characters"":[""X""]}]","false"
"13","ar_to_en","3","[1,7,10,18]","[{""position"":0,""characters"":[""A"",""B"",""D"",""E"",""G"",""J"",""K"",""L"",""N"",""R"",""S"",""T"",""U"",""X"",""Y""]},{""position"":1,""characters"":[""A"",""E"",""P"",""S""]},{""position"":2,""characters"":[""I""]}]","false"
"13","ar_to_en","3","[2,27]","[{""position"":0,""characters"":[""A"",""B"",""C"",""D"",""E"",""F"",""G"",""H"",""I"",""J"",""K"",""L"",""M"",""N"",""O"",""P"",""R"",""S"",""T"",""W"",""X"",""Y""]},{""position"":1,""characters"":[""A"",""I"",""R""]},{""position"":2,""characters"":[""I""]}]","false"
"13","ar_to_en","3","[2,27]","[{""position"":0,""characters"":[""A"",""B"",""C"",""D"",""E"",""G"",""H"",""I"",""J"",""M"",""N"",""O"",""P"",""R"",""T"",""W"",""X"",""Y""]},{""position"":1,""characters"":[""S""]},{""position"":2,""characters"":[""C"",""D"",""I"",""L"",""M"",""P"",""R""]}]","false"
"13","ar_to_en","3","[2,11]","[{""position"":0,""characters"":[""A"",""B"",""C"",""D"",""E"",""F"",""G"",""H"",""I"",""J"",""K"",""L"",""M"",""N"",""O"",""P"",""R"",""S"",""T"",""U"",""W"",""X"",""Y""]},{""position"":1,""characters"":[""S""]},{""position"":2,""characters"":[""C"",""I"",""N"",""P"",""R"",""T""]}]","false"
"13","ar_to_en","3","[2,11]","[{""position"":0,""characters"":[""A"",""B"",""C"",""D"",""E"",""F"",""G"",""H"",""I"",""K"",""L"",""M"",""N"",""O"",""P"",""R"",""S"",""T"",""W"",""X"",""Y""]},{""position"":1,""characters"":[""A"",""I"",""T"",""U""]},{""position"":2,""characters"":[""I""]}]","false"
"13","ar_to_en","13","[2,9,16,19]","[{""position"":0,""characters"":[""A"",""C"",""D"",""E"",""G"",""I"",""L"",""M"",""N"",""O"",""P"",""R"",""S"",""T"",""U"",""Y""]},{""position"":1,""characters"":[""A"",""C"",""D"",""E"",""I"",""L"",""N"",""O"",""P"",""R"",""T"",""U""]},{""position"":2,""characters"":[""I""]},{""position"":3,""characters"":[""A"",""C"",""D"",""E"",""F"",""I"",""M"",""N"",""O"",""P"",""R"",""S"",""T"",""U""]},{""position"":4,""characters"":[""A"",""C"",""E"",""F"",""I"",""M"",""N"",""O"",""R"",""T"",""U""]},{""position"":5,""characters"":[""A"",""C"",""D"",""E"",""F"",""G"",""I"",""L"",""M"",""N"",""O"",""P"",""R"",""S"",""T"",""U"",""X""]},{""position"":6,""characters"":[""A"",""B"",""C"",""H"",""I"",""L"",""N"",""O"",""S"",""T"",""U""]},{""position"":7,""characters"":[""A"",""C"",""D"",""E"",""F"",""G"",""I"",""L"",""M"",""N"",""O"",""P"",""R"",""S"",""T"",""U"",""X""]},{""position"":8,""characters"":[""A"",""C"",""E"",""F"",""I"",""M"",""N"",""O"",""R"",""T"",""U""]},{""position"":9,""characters"":[""A"",""C"",""D"",""E"",""F"",""I"",""N"",""O"",""R"",""S"",""T"",""U""]},{""position"":10,""characters"":[""I""]},{""position"":11,""characters"":[""A"",""C"",""D"",""E"",""I"",""L"",""N"",""O"",""P"",""R"",""T"",""U"",""V""]},{""position"":12,""characters"":[""A"",""C"",""D"",""E"",""G"",""I"",""L"",""M"",""N"",""O"",""P"",""R"",""S"",""U"",""Y""]}]","false"
"13","ar_to_en","3","[2,3,4,5,7,8,9,10,11,12,13,15,16,17,18,20,21,25,26,29,30]","[{""position"":0,""characters"":[""A"",""D"",""E"",""H"",""Y""]},{""position"":1,""characters"":[""E"",""O""]},{""position"":2,""characters"":[""P""]}]","false"
"13","ar_to_en","6","[2,19]","[{""position"":0,""characters"":[""A"",""B"",""E"",""H"",""I"",""L"",""O"",""R"",""S"",""Y""]},{""position"":1,""characters"":[""A"",""B"",""C"",""D"",""E"",""F"",""G"",""I"",""K"",""L"",""M"",""N"",""O"",""P"",""R"",""S"",""T"",""U"",""V""]},{""position"":2,""characters"":[""E"",""P"",""T""]},{""position"":3,""characters"":[""A"",""D"",""E"",""G"",""L"",""M"",""N"",""O"",""P"",""R"",""T"",""U""]},{""position"":4,""characters"":[""A"",""O""]},{""position"":5,""characters"":[""T""]}]","true"
"13","ar_to_en","13","[2,9]","[{""position"":0,""characters"":[""A"",""D"",""E"",""I"",""N"",""R""]},{""position"":1,""characters"":[""E""]},{""position"":2,""characters"":[""T""]},{""position"":3,""characters"":[""A"",""E"",""I"",""O""]},{""position"":4,""characters"":[""F"",""M"",""R""]},{""position"":5,""characters"":[""A"",""I"",""M"",""N"",""T""]},{""position"":6,""characters"":[""A"",""C"",""I"",""S"",""T""]},{""position"":7,""characters"":[""A"",""I"",""N"",""T""]},{""position"":8,""characters"":[""A"",""C"",""I"",""N"",""T""]},{""position"":9,""characters"":[""A"",""I"",""M"",""O"",""T""]},{""position"":10,""characters"":[""M"",""N"",""O""]},{""position"":11,""characters"":[""A"",""D"",""L"",""N"",""O""]},{""position"":12,""characters"":[""A"",""L"",""N"",""S"",""T"",""Y""]}]","false"
"13","ar_to_en","5","[2,29]","[{""position"":0,""characters"":[""C"",""D"",""E"",""K"",""P"",""R"",""S"",""T""]},{""position"":1,""characters"":[""H""]},{""position"":2,""characters"":[""O""]},{""position"":3,""characters"":[""B"",""C"",""E"",""G"",""H"",""L"",""M"",""O"",""P"",""S"",""T"",""V"",""W""]},{""position"":4,""characters"":[""D"",""K"",""L"",""W""]}]","true"
"13","ar_to_en","3","[2,15]","[{""position"":0,""characters"":[""D"",""S""]},{""position"":1,""characters"":[""A""]},{""position"":2,""characters"":[""E"",""K""]}]","false"
"13","ar_to_en","7","[2,15]","[{""position"":0,""characters"":[""A"",""D"",""E"",""H"",""I"",""K"",""O"",""P"",""U""]},{""position"":1,""characters"":[""A"",""D"",""E"",""H"",""I"",""L"",""N"",""O"",""R"",""T"",""U"",""V""]},{""position"":2,""characters"":[""L"",""R""]},{""position"":3,""characters"":[""A"",""D"",""E"",""I"",""K"",""N"",""O"",""T""]},{""position"":4,""characters"":[""A"",""D"",""F"",""G"",""H"",""I"",""L"",""N"",""O"",""U"",""W""]},{""position"":5,""characters"":[""C"",""L"",""N""]},{""position"":6,""characters"":[""A"",""E"",""I"",""N"",""O"",""S"",""T"",""U"",""Y""]}]","false"
"13","ar_to_en","3","[2,26]","[{""position"":0,""characters"":[""D"",""G"",""H"",""M"",""N"",""T"",""W""]},{""position"":1,""characters"":[""L""]},{""position"":2,""characters"":[""Y""]}]","false"
"13","ar_to_en","4","[2,5,8,9,15,29,30]","[{""position"":0,""characters"":[""A"",""D"",""E"",""F"",""G"",""I"",""K"",""L"",""M"",""N"",""O"",""P"",""R"",""S"",""T"",""U"",""V"",""W"",""Y""]},{""position"":1,""characters"":[""M""]},{""position"":2,""characters"":[""B"",""C"",""D"",""F"",""I"",""M"",""O"",""P"",""R"",""S"",""T"",""W"",""Y""]},{""position"":3,""characters"":[""E"",""Y""]}]","true"
"13","ar_to_en","5","[2,5,8,15,25]","[{""position"":0,""characters"":[""A"",""E"",""I"",""R"",""U""]},{""position"":1,""characters"":[""A"",""D"",""F"",""G"",""H"",""I"",""L"",""N"",""O"",""U"",""W""]},{""position"":2,""characters"":[""N""]},{""position"":3,""characters"":[""A"",""C"",""D"",""E"",""F"",""G"",""H"",""K"",""L"",""M"",""N"",""O"",""P"",""R"",""S"",""T"",""V""]},{""position"":4,""characters"":[""F"",""O""]}]","false"
"13","ar_to_en","4","[2,5,25]","[{""position"":0,""characters"":[""C"",""E"",""H"",""K"",""T""]},{""position"":1,""characters"":[""S""]},{""position"":2,""characters"":[""Y""]},{""position"":3,""characters"":[""T""]}]","false"
"13","ar_to_en","13","[2,6,16]","[{""position"":0,""characters"":[""A"",""C"",""D"",""E"",""G"",""I"",""L"",""M"",""N"",""O"",""P"",""R"",""S"",""T"",""U"",""Y""]},{""position"":1,""characters"":[""A"",""C"",""D"",""E"",""I"",""L"",""N"",""O"",""P"",""R"",""T"",""U"",""V""]},{""position"":2,""characters"":[""I""]},{""position"":3,""characters"":[""A"",""C"",""D"",""E"",""F"",""I"",""M"",""N"",""O"",""P"",""R"",""S"",""T"",""U""]},{""position"":4,""characters"":[""A"",""C"",""E"",""F"",""I"",""M"",""N"",""O"",""R"",""T"",""U""]},{""position"":5,""characters"":[""A"",""C"",""D"",""E"",""F"",""G"",""I"",""L"",""M"",""N"",""O"",""P"",""R"",""S"",""T"",""U"",""X""]},{""position"":6,""characters"":[""A"",""B"",""C"",""H"",""I"",""L"",""N"",""O"",""S"",""T"",""U""]},{""position"":7,""characters"":[""A"",""C"",""D"",""E"",""F"",""G"",""I"",""L"",""M"",""N"",""O"",""P"",""R"",""S"",""T"",""U"",""X""]},{""position"":8,""characters"":[""A"",""C"",""E"",""F"",""I"",""M"",""N"",""O"",""R"",""T"",""U""]},{""position"":9,""characters"":[""A"",""C"",""D"",""E"",""F"",""I"",""N"",""O"",""P"",""R"",""S"",""T"",""U""]},{""position"":10,""characters"":[""I""]},{""position"":11,""characters"":[""A"",""C"",""D"",""E"",""I"",""L"",""N"",""O"",""P"",""R"",""T"",""U"",""V""]},{""position"":12,""characters"":[""A"",""C"",""D"",""E"",""G"",""I"",""L"",""M"",""N"",""O"",""P"",""R"",""S"",""U"",""Y""]}]","false"
"13","ar_to_en","13","[2,27]","[{""position"":0,""characters"":[""A"",""C"",""D"",""E"",""G"",""I"",""L"",""M"",""N"",""O"",""P"",""R"",""S"",""T"",""U"",""Y""]},{""position"":1,""characters"":[""A"",""C"",""D"",""E"",""I"",""L"",""N"",""O"",""P"",""R"",""T""]},{""position"":2,""characters"":[""N""]},{""position"":3,""characters"":[""A"",""C"",""D"",""E"",""F"",""I"",""M"",""N"",""O"",""P"",""R"",""S"",""T"",""U""]},{""position"":4,""characters"":[""A"",""E"",""F"",""I"",""M"",""N"",""O"",""R"",""T"",""U""]},{""position"":5,""characters"":[""A"",""C"",""D"",""E"",""F"",""G"",""I"",""L"",""M"",""N"",""P"",""R"",""S"",""T"",""U"",""X""]},{""position"":6,""characters"":[""A"",""B"",""C"",""H"",""I"",""L"",""N"",""O"",""S"",""T"",""U""]},{""position"":7,""characters"":[""A"",""C"",""D"",""E"",""F"",""G"",""I"",""M"",""N"",""P"",""R"",""S"",""T"",""U"",""X""]},{""position"":8,""characters"":[""A"",""E"",""F"",""I"",""M"",""N"",""O"",""R"",""T"",""U""]},{""position"":9,""characters"":[""A"",""C"",""D"",""E"",""F"",""I"",""M"",""N"",""O"",""R"",""S"",""T"",""U""]},{""position"":10,""characters"":[""M""]},{""position"":11,""characters"":[""A"",""C"",""D"",""E"",""I"",""L"",""N"",""O"",""P"",""R"",""T"",""U"",""V""]},{""position"":12,""characters"":[""A"",""C"",""D"",""E"",""G"",""I"",""L"",""N"",""O"",""P"",""R"",""S"",""T"",""U"",""Y""]}]","false"
"13","ar_to_en","13","[2,11]","[{""position"":0,""characters"":[""C"",""M"",""N"",""O"",""P"",""S""]},{""position"":1,""characters"":[""L"",""O"",""R""]},{""position"":2,""characters"":[""E"",""N"",""T""]},{""position"":3,""characters"":[""A"",""I"",""N"",""S"",""T""]},{""position"":4,""characters"":[""E"",""F"",""N"",""O"",""R""]},{""position"":5,""characters"":[""I"",""N""]},{""position"":6,""characters"":[""B"",""C"",""S"",""T""]},{""position"":7,""characters"":[""A"",""S"",""U""]},{""position"":8,""characters"":[""E"",""T""]},{""position"":9,""characters"":[""F"",""I""]},{""position"":10,""characters"":[""O""]},{""position"":11,""characters"":[""R""]},{""position"":12,""characters"":[""P"",""S""]}]","false"
"13","ar_to_en","4","[2,7,9,16,18,28,30]","[{""position"":0,""characters"":[""A"",""B"",""C"",""D"",""E"",""F"",""H"",""L"",""M"",""N"",""P"",""R"",""S"",""T"",""U"",""W"",""Y""]},{""position"":1,""characters"":[""M""]},{""position"":2,""characters"":[""B"",""C"",""D"",""F"",""I"",""M"",""O"",""P"",""R"",""S"",""T"",""W"",""Y""]},{""position"":3,""characters"":[""E"",""Y""]}]","true"
"13","ar_to_en","3","[2,3,13,17,18]","[{""position"":0,""characters"":[""E"",""Y""]},{""position"":1,""characters"":[""C"",""D"",""F"",""I"",""O"",""P"",""R"",""S"",""T"",""W"",""Y""]},{""position"":2,""characters"":[""F""]}]","false"
"13","ar_to_en","13","[2,7,9]","[{""position"":0,""characters"":[""C"",""M"",""N"",""O"",""P""]},{""position"":1,""characters"":[""I"",""O"",""R""]},{""position"":2,""characters"":[""T""]},{""position"":3,""characters"":[""A"",""C"",""I"",""S"",""T""]},{""position"":4,""characters"":[""E"",""F"",""N"",""R""]},{""position"":5,""characters"":[""I"",""L"",""N""]},{""position"":6,""characters"":[""B"",""C"",""L"",""S"",""T""]},{""position"":7,""characters"":[""A"",""U""]},{""position"":8,""characters"":[""N"",""T""]},{""position"":9,""characters"":[""E""]},{""position"":10,""characters"":[""O""]},{""position"":11,""characters"":[""N""]},{""position"":12,""characters"":[""S""]}]","false"
"13","ar_to_en","13","[2,23]","[{""position"":0,""characters"":[""C"",""M"",""N"",""O"",""S""]},{""position"":1,""characters"":[""I"",""L"",""O"",""R""]},{""position"":2,""characters"":[""N"",""S"",""T""]},{""position"":3,""characters"":[""A"",""C"",""I"",""N"",""T""]},{""position"":4,""characters"":[""E"",""F"",""N"",""O"",""R""]},{""position"":5,""characters"":[""I"",""L""]},{""position"":6,""characters"":[""B"",""C"",""L"",""S""]},{""position"":7,""characters"":[""A"",""S"",""U""]},{""position"":8,""characters"":[""E"",""N"",""T""]},{""position"":9,""characters"":[""E"",""F"",""I""]},{""position"":10,""characters"":[""O""]},{""position"":11,""characters"":[""R""]},{""position"":12,""characters"":[""P"",""S""]}]","false"
"13","ar_to_en","3","[2,17,21]","[{""position"":0,""characters"":[""A"",""C"",""E"",""M"",""T"",""Y""]},{""position"":1,""characters"":[""C"",""K"",""L"",""N""]},{""position"":2,""characters"":[""E""]}]","false"
"13","ar_to_en","3","[2,7,8]","[{""position"":0,""characters"":[""A"",""E"",""H"",""N"",""U""]},{""position"":1,""characters"":[""A"",""C"",""D"",""E"",""L"",""N"",""O"",""R"",""S"",""T""]},{""position"":2,""characters"":[""X""]}]","false"
"13","ar_to_en","6","[2,25]","[{""position"":0,""characters"":[""A"",""B"",""D"",""E"",""H"",""I"",""M"",""N"",""R"",""T"",""W"",""Y""]},{""position"":1,""characters"":[""A"",""C"",""D"",""E"",""F"",""G"",""H"",""L"",""M"",""N"",""P"",""S"",""T"",""Y""]},{""position"":2,""characters"":[""A"",""B"",""C"",""D"",""E"",""F"",""H"",""L"",""M"",""N"",""P"",""R"",""S"",""T"",""U"",""W"",""Y""]},{""position"":3,""characters"":[""M""]},{""position"":4,""characters"":[""C"",""D"",""F"",""I"",""M"",""O"",""P"",""R"",""S"",""T"",""W"",""Y""]},{""position"":5,""characters"":[""E"",""Y""]}]","false"
"13","ar_to_en","13","[2,5,6,7,11,12,18,22,24,25,26]","[{""position"":0,""characters"":[""C"",""M"",""N"",""O"",""P""]},{""position"":1,""characters"":[""I"",""O"",""R""]},{""position"":2,""characters"":[""N"",""T""]},{""position"":3,""characters"":[""A"",""C"",""I"",""S"",""T""]},{""position"":4,""characters"":[""E"",""F"",""N"",""R""]},{""position"":5,""characters"":[""I"",""L"",""N""]},{""position"":6,""characters"":[""B"",""C"",""L"",""S"",""T""]},{""position"":7,""characters"":[""A"",""U""]},{""position"":8,""characters"":[""N"",""T""]},{""position"":9,""characters"":[""E""]},{""position"":10,""characters"":[""O""]},{""position"":11,""characters"":[""N""]},{""position"":12,""characters"":[""S""]}]","false"
"13","ar_to_en","13","[2,14]","[{""position"":0,""characters"":[""C"",""M"",""N"",""O"",""P"",""S""]},{""position"":1,""characters"":[""I"",""L"",""O"",""R""]},{""position"":2,""characters"":[""A"",""D"",""E"",""N"",""S"",""T""]},{""position"":3,""characters"":[""A"",""C"",""I"",""N"",""S"",""T""]},{""position"":4,""characters"":[""E"",""F"",""N"",""O"",""R""]},{""position"":5,""characters"":[""I"",""L"",""N""]},{""position"":6,""characters"":[""B"",""C"",""L"",""S"",""T"",""Z""]},{""position"":7,""characters"":[""A"",""S"",""U""]},{""position"":8,""characters"":[""E"",""N"",""T""]},{""position"":9,""characters"":[""E"",""F""]},{""position"":10,""characters"":[""O""]},{""position"":11,""characters"":[""N""]},{""position"":12,""characters"":[""P"",""S""]}]","false"
"13","ar_to_en","3","[2,14,21,22]","[{""position"":0,""characters"":[""D"",""T""]},{""position"":1,""characters"":[""A""]},{""position"":2,""characters"":[""N""]}]","false"
"13","ar_to_en","13","[2,24]","[{""position"":0,""characters"":[""A"",""C"",""D"",""E"",""G"",""I"",""L"",""M"",""N"",""O"",""P"",""R"",""S"",""T"",""U"",""Y""]},{""position"":1,""characters"":[""A"",""C"",""D"",""E"",""I"",""L"",""N"",""O"",""P"",""R"",""T"",""U"",""V""]},{""position"":2,""characters"":[""I""]},{""position"":3,""characters"":[""A"",""C"",""D"",""E"",""F"",""I"",""M"",""N"",""O"",""P"",""R"",""S"",""T"",""U""]},{""position"":4,""characters"":[""A"",""C"",""E"",""F"",""I"",""M"",""N"",""O"",""R"",""T"",""U""]},{""position"":5,""characters"":[""A"",""C"",""D"",""E"",""F"",""G"",""I"",""L"",""M"",""N"",""O"",""P"",""R"",""S"",""T"",""U"",""X""]},{""position"":6,""characters"":[""A"",""B"",""C"",""H"",""I"",""L"",""N"",""O"",""S"",""T"",""U""]},{""position"":7,""characters"":[""A"",""C"",""D"",""E"",""F"",""G"",""I"",""L"",""M"",""N"",""O"",""P"",""R"",""S"",""T"",""U""]},{""position"":8,""characters"":[""A"",""C"",""E"",""F"",""I"",""M"",""N"",""O"",""R"",""T"",""U""]},{""position"":9,""characters"":[""A"",""C"",""D"",""E"",""F"",""I"",""N"",""O"",""P"",""R"",""S"",""T"",""U""]},{""position"":10,""characters"":[""I""]},{""position"":11,""characters"":[""A"",""C"",""D"",""E"",""I"",""L"",""N"",""O"",""P"",""R"",""T"",""U"",""V""]},{""position"":12,""characters"":[""A"",""C"",""D"",""E"",""G"",""I"",""L"",""M"",""N"",""O"",""P"",""R"",""S"",""U"",""Y""]}]","false"
"13","ar_to_en","5","[2,20]","[{""position"":0,""characters"":[""E"",""L"",""O""]},{""position"":1,""characters"":[""A"",""C"",""D"",""E"",""G"",""K"",""N"",""R"",""S""]},{""position"":2,""characters"":[""N""]},{""position"":3,""characters"":[""N""]},{""position"":4,""characters"":[""E"",""R""]}]","false"
"13","ar_to_en","3","[2,6,7,9,13,18,20]","[{""position"":0,""characters"":[""I""]},{""position"":1,""characters"":[""A"",""E"",""G"",""I"",""O"",""R"",""U"",""W""]},{""position"":2,""characters"":[""N"",""S""]}]","false"
"13","ar_to_en","7","[2,13]","[{""position"":0,""characters"":[""A"",""B"",""E"",""I"",""L"",""O"",""R"",""T"",""U"",""V"",""Y""]},{""position"":1,""characters"":[""A"",""D"",""F"",""I"",""L"",""O"",""Y""]},{""position"":2,""characters"":[""A"",""B"",""D"",""E"",""F"",""G"",""H"",""J"",""K"",""L"",""M"",""N"",""P"",""R"",""S"",""T"",""W"",""Y""]},{""position"":3,""characters"":[""A"",""C"",""L"",""N"",""O"",""T"",""U"",""Y""]},{""position"":4,""characters"":[""T""]},{""position"":5,""characters"":[""A"",""C"",""D"",""E"",""F"",""G"",""L"",""M"",""N"",""O"",""P"",""R"",""S"",""T"",""V"",""Y""]},{""position"":6,""characters"":[""A"",""E"",""I"",""L"",""O"",""R"",""U""]}]","false"
"13","ar_to_en","13","[2,26]","[{""position"":0,""characters"":[""A"",""C"",""D"",""E"",""G"",""I"",""L"",""M"",""N"",""O"",""P"",""R"",""S"",""T"",""U"",""Y""]},{""position"":1,""characters"":[""A"",""C"",""D"",""E"",""I"",""L"",""N"",""O"",""P"",""R"",""T"",""U""]},{""position"":2,""characters"":[""I""]},{""position"":3,""characters"":[""A"",""C"",""D"",""E"",""F"",""I"",""M"",""N"",""O"",""R"",""S"",""T"",""U""]},{""position"":4,""characters"":[""A"",""E"",""F"",""I"",""M"",""N"",""O"",""R"",""T"",""U""]},{""position"":5,""characters"":[""A"",""C"",""E"",""F"",""G"",""I"",""L"",""M"",""N"",""O"",""P"",""R"",""S"",""T"",""U""]},{""position"":6,""characters"":[""A"",""B"",""C"",""I"",""L"",""N"",""O"",""S"",""T"",""U""]},{""position"":7,""characters"":[""A"",""C"",""D"",""F"",""G"",""I"",""L"",""M"",""N"",""O"",""P"",""R"",""S"",""T"",""U"",""X""]},{""position"":8,""characters"":[""A"",""C"",""E"",""F"",""I"",""N"",""O"",""R"",""T"",""U""]},{""position"":9,""characters"":[""A"",""C"",""D"",""E"",""F"",""I"",""M"",""N"",""O"",""R"",""S"",""T"",""U""]},{""position"":10,""characters"":[""I""]},{""position"":11,""characters"":[""A"",""D"",""E"",""I"",""L"",""N"",""O"",""P"",""R"",""U""]},{""position"":12,""characters"":[""A"",""C"",""D"",""E"",""G"",""I"",""L"",""M"",""N"",""O"",""P"",""R"",""S"",""T"",""U"",""Y""]}]","false"
"13","ar_to_en","4","[2,18,29]","[{""position"":0,""characters"":[""A"",""B"",""C"",""E"",""H"",""L"",""M"",""P""]},{""position"":1,""characters"":[""P"",""R""]},{""position"":2,""characters"":[""S""]},{""position"":3,""characters"":[""A"",""C"",""S"",""T""]}]","false"
"13","ar_to_en","6","[2,11,25]","[{""position"":0,""characters"":[""A"",""B"",""C"",""D"",""E"",""F"",""H"",""J"",""L"",""M"",""O"",""P"",""R"",""S"",""T"",""W"",""Y""]},{""position"":1,""characters"":[""A"",""E"",""H"",""I"",""S"",""T"",""V""]},{""position"":2,""characters"":[""D"",""E""]},{""position"":3,""characters"":[""N""]},{""position"":4,""characters"":[""K""]},{""position"":5,""characters"":[""A"",""D"",""E"",""F"",""G"",""H"",""I"",""L"",""M"",""O"",""R"",""S"",""T"",""W"",""Y""]}]","false"
"13","ar_to_en","4","[2,11,20,21,25]","[{""position"":0,""characters"":[""A"",""E"",""K"",""U""]},{""position"":1,""characters"":[""A"",""D"",""E"",""H"",""I"",""K"",""O"",""P"",""U""]},{""position"":2,""characters"":[""C"",""K"",""L"",""N""]},{""position"":3,""characters"":[""E"",""H"",""L"",""M"",""N"",""O"",""P"",""R"",""S"",""T"",""U"",""V"",""W""]}]","true"
"13","ar_to_en","4","[2,11]","[{""position"":0,""characters"":[""C"",""K"",""L"",""N""]},{""position"":1,""characters"":[""A"",""N"",""W""]},{""position"":2,""characters"":[""O""]},{""position"":3,""characters"":[""C"",""L"",""N"",""S"",""V""]}]","true"
"13","ar_to_en","3","[2,11,18,28]","[{""position"":0,""characters"":[""E"",""I"",""T""]},{""position"":1,""characters"":[""N""]},{""position"":2,""characters"":[""E""]}]","false"
"13","ar_to_en","3","[2,27]","[{""position"":0,""characters"":[""A"",""B"",""D"",""E"",""G"",""J"",""K"",""L"",""N"",""R"",""S"",""T"",""U"",""X"",""Y""]},{""position"":1,""characters"":[""E"",""P"",""S""]},{""position"":2,""characters"":[""I""]}]","false"
"13","ar_to_en","13","[2,24]","[{""position"":0,""characters"":[""D"",""E"",""I"",""L"",""N""]},{""position"":1,""characters"":[""E""]},{""position"":2,""characters"":[""T""]},{""position"":3,""characters"":[""E"",""I"",""N""]},{""position"":4,""characters"":[""E"",""F"",""R""]},{""position"":5,""characters"":[""I"",""M"",""N"",""T""]},{""position"":6,""characters"":[""A"",""C"",""I"",""N""]},{""position"":7,""characters"":[""A"",""I"",""N"",""O"",""T""]},{""position"":8,""characters"":[""A"",""I"",""N"",""R"",""T""]},{""position"":9,""characters"":[""I"",""M"",""O"",""T""]},{""position"":10,""characters"":[""N"",""O"",""V""]},{""position"":11,""characters"":[""A"",""N"",""O""]},{""position"":12,""characters"":[""E"",""L"",""N"",""S"",""T""]}]","false"
"13","ar_to_en","3","[2,6,30]","[{""position"":0,""characters"":[""A"",""E"",""K"",""U""]},{""position"":1,""characters"":[""A"",""E"",""I"",""N"",""O"",""S"",""U""]},{""position"":2,""characters"":[""C""]}]","false"
"13","ar_to_en","13","[2,3,4,6,10,14,15,25,27]","[{""position"":0,""characters"":[""C"",""M"",""N"",""O"",""P""]},{""position"":1,""characters"":[""I"",""O"",""R""]},{""position"":2,""characters"":[""N"",""T""]},{""position"":3,""characters"":[""A"",""C"",""I"",""S"",""T""]},{""position"":4,""characters"":[""E"",""F"",""N"",""R""]},{""position"":5,""characters"":[""I"",""L"",""N""]},{""position"":6,""characters"":[""B"",""C"",""L"",""S"",""T"",""Z""]},{""position"":7,""characters"":[""A"",""U""]},{""position"":8,""characters"":[""N"",""T""]},{""position"":9,""characters"":[""E""]},{""position"":10,""characters"":[""O""]},{""position"":11,""characters"":[""N""]},{""position"":12,""characters"":[""S""]}]","false"
"13","ar_to_en","4","[2,6]","[{""position"":0,""characters"":[""A"",""C"",""D"",""E"",""F"",""G"",""H"",""K"",""L"",""M"",""N"",""O"",""P"",""R"",""S"",""T"",""U"",""V"",""W""]},{""position"":1,""characters"":[""A"",""E"",""F"",""I"",""O"",""U""]},{""position"":2,""characters"":[""C"",""K"",""L"",""N""]},{""position"":3,""characters"":[""N""]}]","false"
"13","ar_to_en","5","[2,4]","[{""position"":0,""characters"":[""A"",""D"",""E"",""P"",""Q"",""S"",""W""]},{""position"":1,""characters"":[""A""]},{""position"":2,""characters"":[""I"",""N"",""R"",""U""]},{""position"":3,""characters"":[""O"",""T""]},{""position"":4,""characters"":[""E"",""R""]}]","false"
"13","ar_to_en","3","[2,4,20]","[{""position"":0,""characters"":[""A"",""B"",""D"",""E"",""F"",""G"",""M"",""P"",""S"",""T"",""W"",""Y""]},{""position"":1,""characters"":[""R""]},{""position"":2,""characters"":[""K"",""N""]}]","false"
"13","ar_to_en","5","[2,4]","[{""position"":0,""characters"":[""A"",""B"",""C"",""D"",""E"",""G"",""H"",""K"",""L"",""O"",""S"",""T"",""U""]},{""position"":1,""characters"":[""A"",""C"",""D"",""E"",""G"",""H"",""I"",""L"",""N"",""O"",""R"",""T"",""X""]},{""position"":2,""characters"":[""A"",""B"",""C"",""D"",""E"",""G"",""I"",""J"",""K"",""L"",""M"",""N"",""O"",""R"",""S"",""T"",""U"",""V"",""X"",""Y""]},{""position"":3,""characters"":[""A"",""O"",""R""]},{""position"":4,""characters"":[""O""]}]","true"
"13","ar_to_en","13","[2,18]","[{""position"":0,""characters"":[""A"",""C"",""D"",""E"",""G"",""I"",""L"",""M"",""N"",""O"",""P"",""R"",""S"",""T"",""U"",""Y""]},{""position"":1,""characters"":[""A"",""D"",""E"",""I"",""L"",""N"",""O"",""R"",""U"",""V""]},{""position"":2,""characters"":[""I""]},{""position"":3,""characters"":[""A"",""C"",""D"",""E"",""F"",""I"",""M"",""N"",""O"",""R"",""S"",""T"",""U""]},{""position"":4,""characters"":[""A"",""C"",""E"",""F"",""I"",""N"",""O"",""R"",""T"",""U""]},{""position"":5,""characters"":[""A"",""C"",""D"",""E"",""F"",""G"",""I"",""L"",""N"",""O"",""P"",""R"",""S"",""T"",""U""]},{""position"":6,""characters"":[""A"",""B"",""C"",""H"",""I"",""L"",""N"",""O"",""S"",""T"",""U""]},{""position"":7,""characters"":[""A"",""C"",""E"",""F"",""G"",""I"",""L"",""M"",""N"",""P"",""R"",""S"",""T"",""U""]},{""position"":8,""characters"":[""A"",""E"",""F"",""I"",""M"",""N"",""O"",""R"",""T"",""U""]},{""position"":9,""characters"":[""A"",""C"",""D"",""E"",""F"",""I"",""M"",""N"",""O"",""P"",""R"",""S"",""T"",""U""]},{""position"":10,""characters"":[""I""]},{""position"":11,""characters"":[""A"",""C"",""D"",""E"",""I"",""L"",""N"",""O"",""P"",""R"",""T"",""U""]},{""position"":12,""characters"":[""A"",""C"",""D"",""E"",""G"",""I"",""L"",""M"",""N"",""O"",""P"",""R"",""S"",""T"",""U""]}]","false"
"13","ar_to_en","4","[2,13,14]","[{""position"":0,""characters"":[""A"",""B"",""C"",""D"",""E"",""F"",""G"",""H"",""L"",""M"",""N"",""P"",""R"",""S"",""T"",""Y""]},{""position"":1,""characters"":[""A"",""D"",""F"",""H"",""L"",""M"",""N"",""S"",""Y""]},{""position"":2,""characters"":[""K"",""N""]},{""position"":3,""characters"":[""S""]}]","true"
"13","ar_to_en","3","[2,12,13,18,20,23,24,25,28]","[{""position"":0,""characters"":[""A"",""E"",""N"",""T"",""W""]},{""position"":1,""characters"":[""U""]},{""position"":2,""characters"":[""O""]}]","false"
"13","ar_to_en","3","[2,8,18,19]","[{""position"":0,""characters"":[""D"",""T""]},{""position"":1,""characters"":[""A"",""N""]},{""position"":2,""characters"":[""N""]}]","false"
"13","ar_to_en","3","[2,7]","[{""position"":0,""characters"":[""A"",""G"",""H"",""P""]},{""position"":1,""characters"":[""A""]},{""position"":2,""characters"":[""R""]}]","false"
"13","ar_to_en","4","[2,19,20,23,28]","[{""position"":0,""characters"":[""A"",""C"",""D"",""E"",""H"",""L"",""M"",""N"",""O"",""P"",""R"",""S"",""T"",""U"",""V""]},{""position"":1,""characters"":[""A"",""E"",""F"",""I"",""L"",""O"",""U""]},{""position"":2,""characters"":[""C"",""K"",""L"",""N""]},{""position"":3,""characters"":[""N""]}]","false"
"13","ar_to_en","4","[2,7,8]","[{""position"":0,""characters"":[""A"",""B"",""D"",""E"",""F"",""G"",""H"",""K"",""L"",""M"",""N"",""O"",""P"",""R"",""S"",""T"",""W""]},{""position"":1,""characters"":[""A"",""E"",""F"",""I"",""L"",""O"",""U""]},{""position"":2,""characters"":[""C"",""K"",""L"",""N""]},{""position"":3,""characters"":[""N""]}]","false"
"13","ar_to_en","3","[2,4,6,7,10,12,13,14,15,16,17,18,20,22,23,26,27,28,29,30]","[{""position"":0,""characters"":[""B"",""C"",""D"",""E"",""F"",""G"",""H"",""J"",""K"",""L"",""M"",""N"",""O"",""P"",""R"",""S"",""T"",""W"",""X"",""Y""]},{""position"":1,""characters"":[""A"",""D"",""O"",""S""]},{""position"":2,""characters"":[""I""]}]","false"
"13","ar_to_en","13","[2,12]","[{""position"":0,""characters"":[""A"",""C"",""D"",""E"",""G"",""I"",""L"",""M"",""N"",""O"",""P"",""R"",""S"",""T"",""U"",""Y""]},{""position"":1,""characters"":[""A"",""C"",""D"",""E"",""I"",""L"",""N"",""O"",""P"",""R"",""T"",""U"",""V""]},{""position"":2,""characters"":[""I""]},{""position"":3,""characters"":[""A"",""C"",""D"",""E"",""F"",""I"",""M"",""N"",""O"",""R"",""S"",""T"",""U""]},{""position"":4,""characters"":[""A"",""C"",""E"",""F"",""I"",""M"",""N"",""O"",""R"",""T"",""U""]},{""position"":5,""characters"":[""A"",""C"",""D"",""E"",""F"",""G"",""I"",""L"",""M"",""N"",""O"",""P"",""R"",""S"",""T"",""U"",""X""]},{""position"":6,""characters"":[""A"",""B"",""C"",""H"",""I"",""L"",""N"",""O"",""S"",""T"",""U""]},{""position"":7,""characters"":[""A"",""C"",""D"",""E"",""F"",""G"",""I"",""L"",""M"",""N"",""O"",""P"",""R"",""S"",""T"",""U""]},{""position"":8,""characters"":[""A"",""C"",""E"",""F"",""I"",""M"",""N"",""O"",""R"",""T"",""U""]},{""position"":9,""characters"":[""A"",""C"",""D"",""E"",""F"",""I"",""M"",""N"",""O"",""P"",""R"",""S"",""T"",""U""]},{""position"":10,""characters"":[""I""]},{""position"":11,""characters"":[""A"",""C"",""D"",""E"",""I"",""L"",""N"",""O"",""P"",""R"",""T"",""U""]},{""position"":12,""characters"":[""A"",""C"",""D"",""E"",""G"",""I"",""L"",""M"",""N"",""O"",""P"",""R"",""S"",""T"",""U"",""Y""]}]","false"
"13","ar_to_en","3","[2,7,9,13,17,22]","[{""position"":0,""characters"":[""D"",""H"",""W"",""Y""]},{""position"":1,""characters"":[""C"",""W""]},{""position"":2,""characters"":[""T""]}]","false"
"13","ar_to_en","9","[2,4]","[{""position"":0,""characters"":[""N"",""R""]},{""position"":1,""characters"":[""A"",""C"",""E"",""G"",""H"",""I"",""N"",""R"",""S"",""T"",""U""]},{""position"":2,""characters"":[""A"",""E"",""I"",""N"",""O"",""U""]},{""position"":3,""characters"":[""C"",""D"",""E"",""F"",""H"",""L"",""M"",""N"",""O"",""P"",""R"",""S"",""T"",""W"",""Y""]},{""position"":4,""characters"":[""A"",""I"",""L"",""O""]},{""position"":5,""characters"":[""A"",""E"",""I"",""L"",""O"",""S"",""T"",""U""]},{""position"":6,""characters"":[""A"",""C"",""E"",""G"",""H"",""I"",""N"",""R"",""S"",""T"",""U"",""Y""]},{""position"":7,""characters"":[""A"",""O"",""R"",""U""]},{""position"":8,""characters"":[""N""]}]","false"
"13","ar_to_en","9","[2,4]","[{""position"":0,""characters"":[""N"",""R""]},{""position"":1,""characters"":[""A"",""C"",""E"",""G"",""H"",""I"",""N"",""R"",""S"",""T"",""U""]},{""position"":2,""characters"":[""A"",""E"",""I"",""N"",""O"",""U""]},{""position"":3,""characters"":[""C"",""D"",""E"",""H"",""I"",""L"",""M"",""N"",""O"",""P"",""R"",""S"",""T"",""W""]},{""position"":4,""characters"":[""A"",""I"",""L"",""O""]},{""position"":5,""characters"":[""A"",""D"",""F"",""I"",""L"",""O"",""Y""]},{""position"":6,""characters"":[""A"",""C"",""E"",""G"",""H"",""I"",""N"",""R"",""S"",""T"",""U"",""Y""]},{""position"":7,""characters"":[""A"",""O"",""R"",""U""]},{""position"":8,""characters"":[""N""]}]","false"
"13","ar_to_en","9","[2,4]","[{""position"":0,""characters"":[""L"",""N"",""R""]},{""position"":1,""characters"":[""A"",""E"",""I"",""R"",""U""]},{""position"":2,""characters"":[""A"",""C"",""E"",""G"",""H"",""I"",""N"",""R"",""S"",""T"",""U"",""Y""]},{""position"":3,""characters"":[""A"",""E"",""U""]},{""position"":4,""characters"":[""A"",""E"",""L"",""M"",""N"",""O"",""P"",""R"",""S"",""T""]},{""position"":5,""characters"":[""A"",""C"",""E"",""H"",""I"",""N"",""O"",""P"",""R"",""U""]},{""position"":6,""characters"":[""A"",""E"",""I"",""O"",""U""]},{""position"":7,""characters"":[""A"",""C"",""E"",""G"",""H"",""I"",""N"",""R"",""S"",""T"",""U""]},{""position"":8,""characters"":[""N""]}]","false"
"13","ar_to_en","9","[2,4]","[{""position"":0,""characters"":[""L"",""N"",""R""]},{""position"":1,""characters"":[""A"",""E"",""I"",""R"",""U""]},{""position"":2,""characters"":[""A"",""C"",""E"",""G"",""H"",""I"",""N"",""R"",""S"",""T"",""U"",""Y""]},{""position"":3,""characters"":[""A"",""E"",""I"",""N"",""O"",""T"",""U"",""Y""]},{""position"":4,""characters"":[""A"",""E"",""L"",""M"",""N"",""O"",""P"",""R"",""S"",""T""]},{""position"":5,""characters"":[""A"",""E""]},{""position"":6,""characters"":[""A"",""E"",""I"",""O"",""U""]},{""position"":7,""characters"":[""A"",""C"",""E"",""G"",""H"",""I"",""N"",""R"",""S"",""T"",""U""]},{""position"":8,""characters"":[""N""]}]","false"
"13","ar_to_en","13","[2,4]","[{""position"":0,""characters"":[""A"",""C"",""D"",""E"",""G"",""I"",""L"",""M"",""N"",""O"",""P"",""R"",""S"",""T"",""U"",""Y""]},{""position"":1,""characters"":[""A"",""D"",""E"",""I"",""L"",""N"",""O"",""P"",""R"",""T"",""U""]},{""position"":2,""characters"":[""I""]},{""position"":3,""characters"":[""A"",""C"",""D"",""E"",""F"",""I"",""M"",""N"",""O"",""P"",""R"",""S"",""T"",""U""]},{""position"":4,""characters"":[""A"",""C"",""E"",""F"",""I"",""M"",""N"",""O"",""R"",""T"",""U""]},{""position"":5,""characters"":[""A"",""C"",""D"",""E"",""F"",""G"",""I"",""L"",""N"",""O"",""P"",""R"",""S"",""T""]},{""position"":6,""characters"":[""A"",""C"",""H"",""I"",""L"",""N"",""O"",""S"",""T"",""U""]},{""position"":7,""characters"":[""A"",""C"",""E"",""F"",""G"",""I"",""L"",""M"",""N"",""P"",""R"",""S"",""T""]},{""position"":8,""characters"":[""A"",""E"",""F"",""I"",""M"",""N"",""O"",""R"",""T"",""U""]},{""position"":9,""characters"":[""A"",""C"",""D"",""E"",""F"",""I"",""M"",""N"",""O"",""R"",""S"",""T"",""U""]},{""position"":10,""characters"":[""I""]},{""position"":11,""characters"":[""A"",""C"",""D"",""E"",""I"",""L"",""N"",""O"",""P"",""R"",""T"",""U"",""V""]},{""position"":12,""characters"":[""A"",""C"",""D"",""E"",""G"",""I"",""L"",""M"",""N"",""O"",""P"",""R"",""S"",""T"",""U""]}]","false"
"13","ar_to_en","9","[2,4]","[{""position"":0,""characters"":[""L"",""N"",""R""]},{""position"":1,""characters"":[""A"",""E"",""I"",""N"",""O"",""U""]},{""position"":2,""characters"":[""A"",""D"",""F"",""G"",""H"",""I"",""L"",""N"",""O"",""U""]},{""position"":3,""characters"":[""A"",""D"",""E"",""F"",""H"",""L"",""M"",""N"",""O"",""P"",""R"",""S"",""T"",""W""]},{""position"":4,""characters"":[""A"",""E""]},{""position"":5,""characters"":[""A"",""C"",""D"",""E"",""F"",""L"",""N"",""O"",""P"",""R"",""S"",""T"",""U"",""V""]},{""position"":6,""characters"":[""A"",""C"",""E"",""I"",""N"",""O"",""P"",""R"",""U""]},{""position"":7,""characters"":[""A"",""O"",""R"",""U""]},{""position"":8,""characters"":[""L""]}]","false"
"13","ar_to_en","9","[2,4]","[{""position"":0,""characters"":[""L"",""N"",""R""]},{""position"":1,""characters"":[""A"",""E"",""I"",""N"",""O"",""U""]},{""position"":2,""characters"":[""A"",""D"",""F"",""G"",""H"",""I"",""L"",""N"",""O"",""U""]},{""position"":3,""characters"":[""A"",""C"",""D"",""E"",""F"",""L"",""N"",""O"",""P"",""R"",""S"",""T"",""U"",""V""]},{""position"":4,""characters"":[""A"",""E""]},{""position"":5,""characters"":[""A"",""D"",""E"",""F"",""H"",""L"",""M"",""N"",""O"",""P"",""R"",""S"",""T"",""W""]},{""position"":6,""characters"":[""A"",""C"",""E"",""I"",""N"",""O"",""P"",""R"",""U""]},{""position"":7,""characters"":[""A"",""O"",""R"",""U""]},{""position"":8,""characters"":[""L""]}]","false"
"13","ar_to_en","9","[2,4]","[{""position"":0,""characters"":[""N"",""U""]},{""position"":1,""characters"":[""A"",""E"",""F"",""I"",""L"",""O"",""U""]},{""position"":2,""characters"":[""A"",""C"",""E"",""G"",""H"",""I"",""N"",""R"",""S"",""T"",""U"",""Y""]},{""position"":3,""characters"":[""A"",""E"",""I"",""N"",""O"",""T"",""U"",""Y""]},{""position"":4,""characters"":[""A"",""E"",""U""]},{""position"":5,""characters"":[""A"",""D"",""E"",""F"",""H"",""L"",""M"",""N"",""O"",""P"",""R"",""S"",""T"",""W""]},{""position"":6,""characters"":[""A"",""D"",""F"",""G"",""H"",""I"",""L"",""N"",""O"",""U""]},{""position"":7,""characters"":[""A"",""E"",""I"",""N"",""O"",""U""]},{""position"":8,""characters"":[""R""]}]","false"
"13","ar_to_en","9","[2,4]","[{""position"":0,""characters"":[""N""]},{""position"":1,""characters"":[""A"",""E"",""F"",""I"",""L"",""O"",""U""]},{""position"":2,""characters"":[""A"",""C"",""E"",""G"",""H"",""I"",""N"",""R"",""S"",""T"",""U"",""Y""]},{""position"":3,""characters"":[""A"",""E"",""U""]},{""position"":4,""characters"":[""A"",""E"",""U""]},{""position"":5,""characters"":[""A"",""C"",""D"",""E"",""F"",""L"",""N"",""O"",""P"",""R"",""S"",""T"",""U"",""V""]},{""position"":6,""characters"":[""A"",""D"",""F"",""G"",""H"",""I"",""L"",""N"",""O"",""U""]},{""position"":7,""characters"":[""A"",""E"",""I"",""N"",""O"",""U""]},{""position"":8,""characters"":[""R""]}]","false"
"13","ar_to_en","9","[2,4]","[{""position"":0,""characters"":[""N"",""R""]},{""position"":1,""characters"":[""C"",""L"",""N""]},{""position"":2,""characters"":[""A"",""C"",""E"",""I"",""N"",""O"",""P"",""R"",""U""]},{""position"":3,""characters"":[""C"",""D"",""E"",""F"",""H"",""L"",""M"",""N"",""O"",""P"",""R"",""S"",""T"",""W"",""Y""]},{""position"":4,""characters"":[""A"",""E"",""I"",""T""]},{""position"":5,""characters"":[""A"",""C"",""D"",""E"",""F"",""L"",""N"",""O"",""P"",""R"",""S"",""T"",""U"",""V""]},{""position"":6,""characters"":[""A"",""E"",""F"",""I"",""L"",""O"",""U""]},{""position"":7,""characters"":[""C"",""L"",""N""]},{""position"":8,""characters"":[""N""]}]","false"
"13","ar_to_en","9","[2,4]","[{""position"":0,""characters"":[""N"",""R"",""U""]},{""position"":1,""characters"":[""C"",""L"",""N""]},{""position"":2,""characters"":[""A"",""C"",""E"",""I"",""N"",""O"",""P"",""R"",""U""]},{""position"":3,""characters"":[""C"",""D"",""E"",""H"",""I"",""L"",""M"",""N"",""O"",""P"",""R"",""S"",""T"",""W""]},{""position"":4,""characters"":[""A"",""E"",""I"",""T""]},{""position"":5,""characters"":[""A"",""D"",""E"",""F"",""H"",""L"",""M"",""N"",""O"",""P"",""R"",""S"",""T"",""W""]},{""position"":6,""characters"":[""A"",""E"",""F"",""I"",""L"",""O"",""U""]},{""position"":7,""characters"":[""C"",""L"",""N""]},{""position"":8,""characters"":[""N""]}]","false"
"13","ar_to_en","9","[2,4]","[{""position"":0,""characters"":[""A"",""O""]},{""position"":1,""characters"":[""A"",""C"",""E"",""G"",""H"",""I"",""N"",""R"",""S"",""T"",""U""]},{""position"":2,""characters"":[""A"",""E"",""I"",""R"",""U""]},{""position"":3,""characters"":[""A"",""D"",""E"",""F"",""H"",""L"",""M"",""N"",""P"",""R"",""S"",""T"",""W"",""Y""]},{""position"":4,""characters"":[""A"",""E"",""I"",""T""]},{""position"":5,""characters"":[""A"",""C"",""D"",""E"",""I"",""N"",""O"",""S"",""T"",""U"",""Y""]},{""position"":6,""characters"":[""O"",""S""]},{""position"":7,""characters"":[""A"",""D"",""F"",""G"",""H"",""I"",""L"",""N"",""O"",""U""]},{""position"":8,""characters"":[""A"",""O""]}]","false"
"13","ar_to_en","9","[2,4]","[{""position"":0,""characters"":[""A"",""O""]},{""position"":1,""characters"":[""A"",""C"",""E"",""G"",""H"",""I"",""N"",""R"",""S"",""T"",""U""]},{""position"":2,""characters"":[""A"",""E"",""I"",""R"",""U""]},{""position"":3,""characters"":[""A"",""C"",""E"",""H"",""I"",""L"",""M"",""N"",""P"",""R"",""S"",""T"",""U"",""V"",""W""]},{""position"":4,""characters"":[""A"",""E"",""I"",""T""]},{""position"":5,""characters"":[""A"",""D"",""E"",""I"",""N"",""O"",""T""]},{""position"":6,""characters"":[""O"",""S""]},{""position"":7,""characters"":[""A"",""D"",""F"",""G"",""H"",""I"",""L"",""N"",""O"",""U""]},{""position"":8,""characters"":[""A"",""O""]}]","false"
"13","ar_to_en","9","[2,4]","[{""position"":0,""characters"":[""L"",""N"",""R""]},{""position"":1,""characters"":[""A"",""D"",""E"",""H"",""I"",""O"",""P"",""U""]},{""position"":2,""characters"":[""A"",""C"",""E"",""G"",""H"",""I"",""N"",""R"",""S"",""T"",""U"",""Y""]},{""position"":3,""characters"":[""A"",""C"",""D"",""E"",""I"",""N"",""O"",""S"",""T"",""U"",""Y""]},{""position"":4,""characters"":[""A"",""E""]},{""position"":5,""characters"":[""C"",""D"",""E"",""F"",""H"",""L"",""M"",""N"",""O"",""P"",""R"",""S"",""T"",""W"",""Y""]},{""position"":6,""characters"":[""A"",""C"",""E"",""I"",""N"",""O"",""P"",""R"",""U""]},{""position"":7,""characters"":[""C"",""L"",""N""]},{""position"":8,""characters"":[""N"",""R""]}]","false"
"13","ar_to_en","4","[3,9]","[{""position"":0,""characters"":[""A"",""B"",""D"",""E"",""F"",""G"",""H"",""K"",""L"",""M"",""N"",""O"",""P"",""R"",""S"",""T"",""W""]},{""position"":1,""characters"":[""F""]},{""position"":2,""characters"":[""A"",""C"",""D"",""E"",""H"",""L"",""M"",""N"",""O"",""P"",""R"",""S"",""T"",""U"",""V""]},{""position"":3,""characters"":[""E""]}]","false"
"13","ar_to_en","4","[3,5,7,12,15,16,19,24,29]","[{""position"":0,""characters"":[""A"",""B"",""C"",""D"",""E"",""F"",""G"",""H"",""I"",""K"",""L"",""M"",""N"",""O"",""P"",""R"",""S"",""T"",""U"",""V"",""W"",""Y""]},{""position"":1,""characters"":[""M""]},{""position"":2,""characters"":[""B"",""C"",""D"",""F"",""I"",""M"",""O"",""P"",""R"",""S"",""T"",""W"",""Y""]},{""position"":3,""characters"":[""E"",""Y""]}]","true"
"13","ar_to_en","3","[3,9,21]","[{""position"":0,""characters"":[""C"",""D"",""E"",""M"",""N"",""O"",""R"",""T""]},{""position"":1,""characters"":[""U""]},{""position"":2,""characters"":[""Y""]}]","false"
"13","ar_to_en","4","[3,9]","[{""position"":0,""characters"":[""A"",""D"",""I"",""L"",""O"",""Y""]},{""position"":1,""characters"":[""A"",""B"",""D"",""E"",""F"",""G"",""H"",""K"",""L"",""M"",""N"",""P"",""R"",""S"",""T"",""W"",""Y""]},{""position"":2,""characters"":[""A"",""C"",""L"",""N"",""O"",""T"",""U"",""Y""]},{""position"":3,""characters"":[""T""]}]","true"
"13","ar_to_en","7","[3,27]","[{""position"":0,""characters"":[""A"",""O"",""R"",""U""]},{""position"":1,""characters"":[""A"",""C"",""E"",""G"",""H"",""I"",""N"",""R"",""S"",""T"",""U"",""Y""]},{""position"":2,""characters"":[""A"",""I""]},{""position"":3,""characters"":[""A"",""E""]},{""position"":4,""characters"":[""A"",""C"",""D"",""E"",""F"",""G"",""H"",""K"",""L"",""M"",""N"",""O"",""P"",""R"",""S"",""T"",""V""]},{""position"":5,""characters"":[""A"",""E"",""F"",""I"",""L"",""O"",""U""]},{""position"":6,""characters"":[""C"",""K"",""L"",""N""]}]","false"
"13","ar_to_en","7","[3,27]","[{""position"":0,""characters"":[""A"",""O"",""R"",""U""]},{""position"":1,""characters"":[""A"",""D"",""F"",""G"",""H"",""I"",""L"",""N"",""O"",""U"",""W""]},{""position"":2,""characters"":[""A"",""N"",""O"",""T""]},{""position"":3,""characters"":[""F"",""O""]},{""position"":4,""characters"":[""A"",""C"",""D"",""E"",""F"",""G"",""H"",""K"",""L"",""M"",""N"",""O"",""P"",""R"",""S"",""T"",""V""]},{""position"":5,""characters"":[""A"",""E"",""G"",""I"",""O"",""U""]},{""position"":6,""characters"":[""O"",""S""]}]","false"
"13","ar_to_en","3","[3,27]","[{""position"":0,""characters"":[""A"",""E"",""K"",""N"",""W""]},{""position"":1,""characters"":[""U""]},{""position"":2,""characters"":[""O""]}]","false"
"13","ar_to_en","3","[3,17,27]","[{""position"":0,""characters"":[""D"",""I"",""O"",""P""]},{""position"":1,""characters"":[""U""]},{""position"":2,""characters"":[""N""]}]","false"
"13","ar_to_en","7","[3,27]","[{""position"":0,""characters"":[""C"",""D"",""E"",""G"",""I"",""L"",""N"",""P"",""R"",""S"",""T"",""Y""]},{""position"":1,""characters"":[""A"",""D"",""E"",""I"",""L"",""N"",""O"",""U""]},{""position"":2,""characters"":[""N""]},{""position"":3,""characters"":[""A"",""B"",""D"",""E"",""F"",""G"",""H"",""J"",""K"",""L"",""M"",""N"",""P"",""R"",""S"",""T"",""W"",""Y""]},{""position"":4,""characters"":[""A"",""E"",""I"",""M"",""O"",""T"",""U""]},{""position"":5,""characters"":[""A"",""C"",""E"",""I"",""N"",""O"",""P"",""R"",""U"",""W""]},{""position"":6,""characters"":[""C"",""K"",""L"",""N""]}]","true"
"13","ar_to_en","3","[3,4]","[{""position"":0,""characters"":[""A"",""B"",""C"",""D"",""E"",""F"",""G"",""H"",""L"",""M"",""N"",""O"",""P"",""R"",""S"",""T"",""W"",""Y""]},{""position"":1,""characters"":[""S""]},{""position"":2,""characters"":[""G"",""O"",""R"",""S""]}]","false"
"13","ar_to_en","7","[3,27]","[{""position"":0,""characters"":[""A"",""D"",""E"",""H"",""I"",""K"",""O"",""P"",""U""]},{""position"":1,""characters"":[""A"",""C"",""E"",""I"",""N"",""O"",""P"",""R"",""U"",""W""]},{""position"":2,""characters"":[""A"",""O""]},{""position"":3,""characters"":[""A"",""B"",""D"",""E"",""F"",""G"",""H"",""J"",""K"",""L"",""M"",""N"",""P"",""R"",""S"",""T"",""W"",""Y""]},{""position"":4,""characters"":[""A"",""I"",""O"",""R"",""U""]},{""position"":5,""characters"":[""A"",""C"",""E"",""G"",""H"",""I"",""N"",""R"",""S"",""T"",""U"",""Y""]},{""position"":6,""characters"":[""A"",""O"",""R"",""U""]}]","true"
"13","ar_to_en","3","[3,15,27]","[{""position"":0,""characters"":[""A""]},{""position"":1,""characters"":[""C""]},{""position"":2,""characters"":[""D"",""E"",""K""]}]","false"
"13","ar_to_en","3","[3,27]","[{""position"":0,""characters"":[""D"",""I"",""O"",""P""]},{""position"":1,""characters"":[""A""]},{""position"":2,""characters"":[""N""]}]","false"
"13","ar_to_en","3","[3,27]","[{""position"":0,""characters"":[""D"",""L"",""P""]},{""position"":1,""characters"":[""O""]},{""position"":2,""characters"":[""O"",""S""]}]","false"
"13","ar_to_en","3","[3,15,17,28]","[{""position"":0,""characters"":[""D"",""H"",""M"",""R"",""T"",""W""]},{""position"":1,""characters"":[""D"",""H""]},{""position"":2,""characters"":[""S""]}]","false"
"13","ar_to_en","5","[3,9,15,17,28]","[{""position"":0,""characters"":[""A"",""E"",""I"",""R"",""U""]},{""position"":1,""characters"":[""C"",""D"",""E"",""G"",""I"",""L"",""N"",""P"",""R"",""S"",""T"",""Y""]},{""position"":2,""characters"":[""A"",""N"",""O""]},{""position"":3,""characters"":[""A"",""B"",""C"",""D"",""G"",""L"",""N"",""O"",""R"",""S"",""T""]},{""position"":4,""characters"":[""F"",""O""]}]","false"
"13","ar_to_en","3","[3,4,5,7,8,10,11,12,14,16,21,22,23,24,26,29,30]","[{""position"":0,""characters"":[""E"",""K"",""L"",""N"",""S""]},{""position"":1,""characters"":[""C"",""D"",""F"",""I"",""O"",""P"",""R"",""S"",""T"",""W"",""Y""]},{""position"":2,""characters"":[""M""]}]","false"
"13","ar_to_en","6","[3,21]","[{""position"":0,""characters"":[""A"",""B"",""C"",""D"",""E"",""F"",""G"",""H"",""I"",""L"",""M"",""N"",""O"",""P"",""R"",""S"",""T"",""V"",""Y""]},{""position"":1,""characters"":[""A"",""C"",""E"",""G"",""H"",""I"",""L"",""N"",""O"",""P"",""R"",""S"",""T""]},{""position"":2,""characters"":[""A"",""B"",""D"",""E"",""G"",""K"",""L"",""M"",""O"",""P"",""S"",""T"",""V""]},{""position"":3,""characters"":[""I""]},{""position"":4,""characters"":[""G"",""H"",""N""]},{""position"":5,""characters"":[""L"",""P"",""R"",""Y""]}]","false"
"13","ar_to_en","3","[3,9,23]","[{""position"":0,""characters"":[""B"",""C"",""D"",""F"",""M"",""O"",""P"",""R"",""S"",""T"",""W"",""Y""]},{""position"":1,""characters"":[""N""]},{""position"":2,""characters"":[""N""]}]","false"
"13","ar_to_en","5","[3,26]","[{""position"":0,""characters"":[""A"",""I""]},{""position"":1,""characters"":[""F"",""N""]},{""position"":2,""characters"":[""T""]},{""position"":3,""characters"":[""A"",""E"",""I""]},{""position"":4,""characters"":[""D"",""E"",""H"",""I"",""L"",""N"",""O"",""T""]}]","false"
"13","ar_to_en","6","[3,21]","[{""position"":0,""characters"":[""A"",""E""]},{""position"":1,""characters"":[""A"",""E"",""I"",""O"",""U""]},{""position"":2,""characters"":[""C"",""D"",""E"",""G"",""H"",""K"",""L"",""M"",""N"",""P"",""R"",""T"",""V""]},{""position"":3,""characters"":[""I""]},{""position"":4,""characters"":[""R"",""S""]},{""position"":5,""characters"":[""E"",""R"",""T""]}]","true"
"13","ar_to_en","7","[3,26]","[{""position"":0,""characters"":[""A"",""D"",""E"",""I"",""K"",""N"",""O"",""T""]},{""position"":1,""characters"":[""A"",""E"",""I"",""R"",""U""]},{""position"":2,""characters"":[""A"",""C"",""D"",""E"",""G"",""H"",""I"",""K"",""L"",""M"",""N"",""P"",""R"",""S"",""T"",""U"",""V""]},{""position"":3,""characters"":[""A"",""C"",""D"",""E"",""G"",""I"",""K"",""N"",""O"",""T"",""W""]},{""position"":4,""characters"":[""N"",""O"",""U""]},{""position"":5,""characters"":[""B"",""C"",""D"",""E"",""F"",""G"",""H"",""L"",""M"",""N"",""O"",""P"",""R"",""S"",""T"",""W"",""X"",""Y""]},{""position"":6,""characters"":[""A"",""D"",""F"",""I"",""L"",""O"",""Y""]}]","true"
"13","ar_to_en","5","[3,21,24]","[{""position"":0,""characters"":[""A"",""C"",""D"",""E"",""F"",""G"",""H"",""L"",""M"",""N"",""P"",""S"",""T"",""Y""]},{""position"":1,""characters"":[""A"",""B"",""C"",""D"",""E"",""F"",""G"",""H"",""I"",""K"",""L"",""M"",""N"",""O"",""P"",""R"",""S"",""T"",""U"",""V"",""W"",""Y""]},{""position"":2,""characters"":[""M""]},{""position"":3,""characters"":[""B"",""C"",""D"",""F"",""I"",""M"",""O"",""P"",""R"",""S"",""T"",""W"",""Y""]},{""position"":4,""characters"":[""E"",""Y""]}]","true"
"13","ar_to_en","13","[3,10]","[{""position"":0,""characters"":[""A"",""C"",""D"",""E"",""G"",""I"",""L"",""M"",""N"",""O"",""P"",""R"",""S"",""T"",""U"",""Y""]},{""position"":1,""characters"":[""A"",""C"",""D"",""E"",""I"",""L"",""N"",""O"",""P"",""R"",""T"",""U""]},{""position"":2,""characters"":[""I""]},{""position"":3,""characters"":[""A"",""C"",""D"",""E"",""F"",""I"",""M"",""N"",""O"",""R"",""S"",""T"",""U""]},{""position"":4,""characters"":[""A"",""C"",""E"",""F"",""I"",""M"",""N"",""O"",""R"",""T"",""U""]},{""position"":5,""characters"":[""A"",""C"",""E"",""F"",""G"",""I"",""L"",""M"",""N"",""P"",""R"",""S"",""T"",""U""]},{""position"":6,""characters"":[""A"",""B"",""C"",""I"",""L"",""N"",""O"",""S"",""T"",""U""]},{""position"":7,""characters"":[""A"",""C"",""D"",""E"",""F"",""G"",""I"",""L"",""N"",""O"",""P"",""R"",""S"",""T"",""U""]},{""position"":8,""characters"":[""A"",""C"",""E"",""F"",""I"",""M"",""N"",""O"",""R"",""T"",""U""]},{""position"":9,""characters"":[""A"",""C"",""D"",""E"",""F"",""I"",""M"",""N"",""O"",""R"",""S"",""T"",""U""]},{""position"":10,""characters"":[""I""]},{""position"":11,""characters"":[""A"",""D"",""E"",""I"",""L"",""N"",""O"",""P"",""R"",""T"",""U""]},{""position"":12,""characters"":[""A"",""C"",""D"",""E"",""G"",""I"",""L"",""M"",""N"",""O"",""P"",""R"",""S"",""T"",""U"",""Y""]}]","false"
"13","ar_to_en","3","[3,11,15,17,27]","[{""position"":0,""characters"":[""A"",""L"",""P"",""W""]},{""position"":1,""characters"":[""D"",""E"",""L""]},{""position"":2,""characters"":[""C""]}]","false"
"13","ar_to_en","3","[3,26]","[{""position"":0,""characters"":[""A"",""B"",""C"",""D"",""E"",""F"",""G"",""H"",""L"",""M"",""N"",""P"",""R"",""S"",""T"",""W"",""Y""]},{""position"":1,""characters"":[""S""]},{""position"":2,""characters"":[""G"",""L"",""S"",""W""]}]","false"
"13","ar_to_en","3","[3,26]","[{""position"":0,""characters"":[""A"",""B"",""C"",""D"",""E"",""F"",""G"",""H"",""L"",""M"",""N"",""P"",""R"",""S"",""T"",""W"",""Y""]},{""position"":1,""characters"":[""S""]},{""position"":2,""characters"":[""B"",""C"",""D"",""F"",""I"",""L"",""M"",""N"",""O"",""R"",""S""]}]","false"
"13","ar_to_en","13","[3,5,12,15,23]","[{""position"":0,""characters"":[""A"",""C"",""D"",""E"",""G"",""I"",""L"",""M"",""N"",""O"",""P"",""R"",""S"",""T"",""U"",""Y""]},{""position"":1,""characters"":[""A"",""C"",""D"",""E"",""I"",""L"",""N"",""O"",""P"",""R"",""T"",""U"",""V""]},{""position"":2,""characters"":[""I""]},{""position"":3,""characters"":[""A"",""C"",""D"",""E"",""F"",""I"",""M"",""N"",""O"",""P"",""R"",""S"",""T"",""U""]},{""position"":4,""characters"":[""A"",""C"",""E"",""F"",""I"",""M"",""N"",""O"",""R"",""T"",""U""]},{""position"":5,""characters"":[""A"",""C"",""D"",""E"",""F"",""G"",""I"",""L"",""M"",""N"",""O"",""P"",""R"",""S"",""T"",""U"",""X""]},{""position"":6,""characters"":[""A"",""B"",""C"",""H"",""I"",""L"",""N"",""O"",""S"",""T"",""U""]},{""position"":7,""characters"":[""A"",""C"",""D"",""E"",""F"",""G"",""I"",""L"",""M"",""N"",""O"",""P"",""R"",""S"",""T"",""U"",""X""]},{""position"":8,""characters"":[""A"",""C"",""E"",""F"",""I"",""M"",""N"",""O"",""R"",""T"",""U""]},{""position"":9,""characters"":[""A"",""C"",""D"",""E"",""F"",""I"",""M"",""N"",""O"",""P"",""R"",""S"",""T"",""U""]},{""position"":10,""characters"":[""I""]},{""position"":11,""characters"":[""A"",""C"",""D"",""E"",""I"",""L"",""N"",""O"",""P"",""R"",""T"",""U"",""V""]},{""position"":12,""characters"":[""A"",""C"",""D"",""E"",""G"",""I"",""L"",""M"",""N"",""O"",""P"",""R"",""S"",""T"",""U"",""Y""]}]","false"
"13","ar_to_en","3","[3,27]","[{""position"":0,""characters"":[""A"",""E"",""H"",""S""]},{""position"":1,""characters"":[""E""]},{""position"":2,""characters"":[""K""]}]","false"
"13","ar_to_en","3","[3,11,20,22]","[{""position"":0,""characters"":[""E""]},{""position"":1,""characters"":[""A"",""C"",""E"",""N"",""R""]},{""position"":2,""characters"":[""L""]}]","false"
"13","ar_to_en","3","[3,6,9,13,17,20,21]","[{""position"":0,""characters"":[""N""]},{""position"":1,""characters"":[""K""]},{""position"":2,""characters"":[""S""]}]","false"
"13","ar_to_en","4","[3,6,10,12,25]","[{""position"":0,""characters"":[""M""]},{""position"":1,""characters"":[""A"",""D"",""E"",""F"",""K"",""L"",""N"",""T"",""W""]},{""position"":2,""characters"":[""A"",""B"",""C"",""D"",""F"",""G"",""H"",""N"",""P"",""S"",""T"",""W""]},{""position"":3,""characters"":[""O""]}]","false"
"13","ar_to_en","13","[3,22]","[{""position"":0,""characters"":[""A"",""C"",""D"",""E"",""G"",""I"",""L"",""M"",""N"",""O"",""P"",""R"",""S"",""T"",""U"",""Y""]},{""position"":1,""characters"":[""A"",""C"",""D"",""E"",""I"",""L"",""N"",""O"",""P"",""R"",""T""]},{""position"":2,""characters"":[""I""]},{""position"":3,""characters"":[""A"",""C"",""D"",""E"",""F"",""I"",""M"",""N"",""O"",""R"",""S"",""T"",""U""]},{""position"":4,""characters"":[""A"",""C"",""E"",""F"",""I"",""M"",""N"",""O"",""R"",""T"",""U""]},{""position"":5,""characters"":[""A"",""C"",""D"",""E"",""F"",""G"",""I"",""L"",""M"",""N"",""O"",""P"",""R"",""S"",""T"",""U"",""X""]},{""position"":6,""characters"":[""A"",""B"",""C"",""I"",""L"",""N"",""O"",""S"",""T"",""U""]},{""position"":7,""characters"":[""A"",""C"",""D"",""E"",""F"",""G"",""I"",""M"",""N"",""O"",""P"",""R"",""S"",""T"",""U"",""X""]},{""position"":8,""characters"":[""A"",""E"",""F"",""I"",""M"",""N"",""O"",""R"",""T"",""U""]},{""position"":9,""characters"":[""A"",""C"",""D"",""E"",""F"",""I"",""M"",""N"",""O"",""R"",""S"",""T"",""U""]},{""position"":10,""characters"":[""I""]},{""position"":11,""characters"":[""A"",""C"",""D"",""E"",""I"",""L"",""N"",""O"",""P"",""R"",""T"",""U""]},{""position"":12,""characters"":[""A"",""C"",""D"",""E"",""G"",""I"",""L"",""N"",""O"",""P"",""R"",""S"",""T"",""U"",""Y""]}]","false"
"13","ar_to_en","6","[3,24]","[{""position"":0,""characters"":[""A"",""C"",""D"",""E"",""G"",""P"",""R"",""T"",""Y""]},{""position"":1,""characters"":[""E""]},{""position"":2,""characters"":[""O""]},{""position"":3,""characters"":[""E"",""I"",""L"",""O"",""U""]},{""position"":4,""characters"":[""A"",""C"",""E"",""G"",""I"",""L"",""N"",""O"",""P"",""R"",""S"",""T""]},{""position"":5,""characters"":[""A"",""C"",""D"",""E"",""H"",""I"",""L"",""M"",""R"",""S"",""T""]}]","false"
"13","ar_to_en","4","[3,9,16]","[{""position"":0,""characters"":[""B"",""D"",""E"",""O"",""P"",""R"",""S"",""T""]},{""position"":1,""characters"":[""M""]},{""position"":2,""characters"":[""B"",""C"",""D"",""F"",""I"",""M"",""O"",""P"",""R"",""S"",""T"",""W"",""Y""]},{""position"":3,""characters"":[""E"",""Y""]}]","false"
"13","ar_to_en","4","[3,13]","[{""position"":0,""characters"":[""A"",""C"",""E"",""N"",""O"",""T""]},{""position"":1,""characters"":[""L""]},{""position"":2,""characters"":[""A"",""E"",""I"",""O"",""U""]},{""position"":3,""characters"":[""A"",""E"",""I"",""O"",""P"",""U""]}]","true"
"13","ar_to_en","13","[3,7,9,12]","[{""position"":0,""characters"":[""A"",""C"",""D"",""E"",""G"",""I"",""L"",""M"",""N"",""O"",""P"",""R"",""S"",""T"",""U"",""Y""]},{""position"":1,""characters"":[""A"",""C"",""D"",""E"",""I"",""L"",""N"",""O"",""P"",""R"",""T"",""U"",""V""]},{""position"":2,""characters"":[""I""]},{""position"":3,""characters"":[""A"",""C"",""D"",""E"",""F"",""I"",""M"",""N"",""O"",""R"",""S"",""T"",""U""]},{""position"":4,""characters"":[""A"",""C"",""E"",""F"",""I"",""M"",""N"",""O"",""R"",""T"",""U""]},{""position"":5,""characters"":[""A"",""C"",""D"",""E"",""F"",""G"",""I"",""L"",""M"",""N"",""O"",""P"",""R"",""S"",""T"",""U"",""X""]},{""position"":6,""characters"":[""A"",""B"",""C"",""H"",""I"",""L"",""N"",""O"",""S"",""T"",""U""]},{""position"":7,""characters"":[""A"",""C"",""D"",""E"",""F"",""G"",""I"",""M"",""N"",""O"",""P"",""R"",""S"",""T"",""U"",""X""]},{""position"":8,""characters"":[""A"",""C"",""E"",""F"",""I"",""M"",""N"",""O"",""R"",""T"",""U""]},{""position"":9,""characters"":[""A"",""C"",""D"",""E"",""F"",""I"",""M"",""N"",""O"",""P"",""R"",""S"",""T"",""U""]},{""position"":10,""characters"":[""I""]},{""position"":11,""characters"":[""A"",""C"",""D"",""E"",""I"",""L"",""N"",""O"",""P"",""R"",""T"",""U""]},{""position"":12,""characters"":[""A"",""C"",""D"",""E"",""G"",""I"",""L"",""N"",""O"",""P"",""R"",""S"",""T"",""U"",""Y""]}]","false"
"13","ar_to_en","5","[3,19]","[{""position"":0,""characters"":[""A"",""E""]},{""position"":1,""characters"":[""C""]},{""position"":2,""characters"":[""T""]},{""position"":3,""characters"":[""I"",""O""]},{""position"":4,""characters"":[""C"",""L"",""N"",""T""]}]","false"
"13","ar_to_en","5","[3,19]","[{""position"":0,""characters"":[""E"",""S""]},{""position"":1,""characters"":[""B"",""E"",""L"",""M"",""R""]},{""position"":2,""characters"":[""E""]},{""position"":3,""characters"":[""G"",""L"",""S"",""W""]},{""position"":4,""characters"":[""S""]}]","false"
"13","ar_to_en","5","[3,19,25]","[{""position"":0,""characters"":[""A"",""B"",""C"",""D"",""E"",""F"",""G"",""L"",""M"",""N"",""P"",""R"",""S"",""T"",""W"",""Y""]},{""position"":1,""characters"":[""G"",""L"",""S"",""T""]},{""position"":2,""characters"":[""R""]},{""position"":3,""characters"":[""C"",""D"",""G"",""H"",""I"",""L"",""M"",""R"",""S"",""T""]},{""position"":4,""characters"":[""A"",""E"",""L"",""T""]}]","false"
"13","ar_to_en","6","[3,25]","[{""position"":0,""characters"":[""A"",""E"",""K"",""U""]},{""position"":1,""characters"":[""A"",""E"",""I"",""N"",""O"",""S"",""T"",""U"",""Y""]},{""position"":2,""characters"":[""C"",""K"",""L"",""N""]},{""position"":3,""characters"":[""B"",""C"",""D"",""E"",""G"",""H"",""I"",""K"",""L"",""M"",""N"",""O"",""P"",""R"",""S"",""T"",""U"",""V"",""W""]},{""position"":4,""characters"":[""A"",""C"",""D"",""E"",""I"",""L"",""O"",""T"",""U""]},{""position"":5,""characters"":[""N"",""R""]}]","true"
"13","ar_to_en","6","[3,19,25]","[{""position"":0,""characters"":[""A"",""E""]},{""position"":1,""characters"":[""A"",""E"",""I"",""N"",""O"",""S"",""T"",""U"",""Y""]},{""position"":2,""characters"":[""C"",""K"",""L"",""N""]},{""position"":3,""characters"":[""A"",""C"",""D"",""E"",""G"",""I"",""K"",""N"",""O"",""R"",""S"",""T"",""U"",""W""]},{""position"":4,""characters"":[""A"",""C"",""D"",""E"",""F"",""G"",""H"",""L"",""M"",""N"",""P"",""R"",""S"",""T"",""V""]},{""position"":5,""characters"":[""E"",""O""]}]","true"
"13","ar_to_en","13","[3,25]","[{""position"":0,""characters"":[""A"",""C"",""E"",""M"",""S""]},{""position"":1,""characters"":[""A"",""D"",""N"",""O""]},{""position"":2,""characters"":[""N"",""T""]},{""position"":3,""characters"":[""E"",""I"",""M"",""U""]},{""position"":4,""characters"":[""F"",""I"",""R"",""T""]},{""position"":5,""characters"":[""A"",""S"",""T""]},{""position"":6,""characters"":[""A"",""C"",""I"",""S"",""T""]},{""position"":7,""characters"":[""I"",""N"",""S"",""T""]},{""position"":8,""characters"":[""E"",""N"",""O"",""U""]},{""position"":9,""characters"":[""M"",""N"",""R"",""S""]},{""position"":10,""characters"":[""E""]},{""position"":11,""characters"":[""N"",""R""]},{""position"":12,""characters"":[""P""]}]","false"
"13","ar_to_en","13","[3,5,10,12,14,18,19,25,28,29]","[{""position"":0,""characters"":[""A"",""C"",""D"",""E"",""G"",""I"",""L"",""M"",""N"",""O"",""P"",""R"",""S"",""T"",""U"",""Y""]},{""position"":1,""characters"":[""A"",""C"",""D"",""E"",""I"",""L"",""N"",""O"",""P"",""R"",""T"",""U""]},{""position"":2,""characters"":[""I""]},{""position"":3,""characters"":[""A"",""C"",""D"",""E"",""F"",""I"",""M"",""N"",""O"",""R"",""S"",""T"",""U""]},{""position"":4,""characters"":[""A"",""C"",""E"",""F"",""I"",""M"",""N"",""O"",""R"",""T"",""U""]},{""position"":5,""characters"":[""A"",""C"",""D"",""E"",""F"",""G"",""I"",""L"",""M"",""N"",""O"",""P"",""R"",""S"",""T"",""U"",""X""]},{""position"":6,""characters"":[""A"",""B"",""C"",""I"",""L"",""N"",""O"",""S"",""T"",""U""]},{""position"":7,""characters"":[""A"",""C"",""D"",""E"",""F"",""G"",""I"",""L"",""M"",""N"",""O"",""P"",""R"",""S"",""T"",""U""]},{""position"":8,""characters"":[""A"",""C"",""E"",""F"",""I"",""M"",""N"",""O"",""R"",""T"",""U""]},{""position"":9,""characters"":[""A"",""C"",""D"",""E"",""F"",""I"",""M"",""N"",""O"",""R"",""S"",""T"",""U""]},{""position"":10,""characters"":[""I""]},{""position"":11,""characters"":[""A"",""C"",""D"",""E"",""I"",""L"",""N"",""O"",""P"",""R"",""T"",""U""]},{""position"":12,""characters"":[""A"",""C"",""D"",""E"",""G"",""I"",""L"",""M"",""N"",""O"",""P"",""R"",""S"",""T"",""U"",""Y""]}]","false"
"13","ar_to_en","4","[3,19,25]","[{""position"":0,""characters"":[""A""]},{""position"":1,""characters"":[""A""]},{""position"":2,""characters"":[""A""]},{""position"":3,""characters"":[""D""]}]","false"
"13","ar_to_en","4","[3,6,15,16,21]","[{""position"":0,""characters"":[""A"",""E"",""H"",""I"",""O"",""S"",""Y""]},{""position"":1,""characters"":[""T""]},{""position"":2,""characters"":[""E"",""I""]},{""position"":3,""characters"":[""A"",""I"",""N"",""R"",""Y""]}]","false"
"13","ar_to_en","3","[4,9]","[{""position"":0,""characters"":[""A"",""B"",""C"",""D"",""E"",""F"",""G"",""H"",""I"",""J"",""K"",""L"",""M"",""N"",""O"",""P"",""R"",""S"",""T"",""U"",""W"",""X"",""Y""]},{""position"":1,""characters"":[""A"",""D"",""I"",""P"",""R"",""S"",""T""]},{""position"":2,""characters"":[""I""]}]","false"
"13","ar_to_en","3","[4,18,28]","[{""position"":0,""characters"":[""O"",""S""]},{""position"":1,""characters"":[""A"",""C"",""D"",""E"",""I"",""L"",""O"",""T"",""U""]},{""position"":2,""characters"":[""O""]}]","false"
"13","ar_to_en","5","[4,18]","[{""position"":0,""characters"":[""A"",""E"",""I"",""R"",""U""]},{""position"":1,""characters"":[""A"",""C"",""D"",""E"",""G"",""H"",""I"",""L"",""M"",""N"",""O"",""P"",""R"",""S"",""T"",""V"",""W""]},{""position"":2,""characters"":[""A"",""O""]},{""position"":3,""characters"":[""A"",""E""]},{""position"":4,""characters"":[""A"",""E"",""K"",""U""]}]","false"
"13","ar_to_en","4","[4,5,6,10,12,14,18]","[{""position"":0,""characters"":[""A"",""C"",""D"",""E"",""G"",""I"",""N"",""O"",""R"",""T"",""U""]},{""position"":1,""characters"":[""C""]},{""position"":2,""characters"":[""A"",""D"",""F"",""I"",""L"",""O"",""Y""]},{""position"":3,""characters"":[""A"",""E"",""K"",""U""]}]","false"
"13","ar_to_en","13","[4,9,28]","[{""position"":0,""characters"":[""A"",""D"",""I"",""L"",""N""]},{""position"":1,""characters"":[""A"",""E"",""O"",""U""]},{""position"":2,""characters"":[""T""]},{""position"":3,""characters"":[""E"",""I"",""N"",""O""]},{""position"":4,""characters"":[""E"",""F"",""M"",""R""]},{""position"":5,""characters"":[""A"",""I"",""M"",""N""]},{""position"":6,""characters"":[""A"",""C"",""I"",""N"",""T""]},{""position"":7,""characters"":[""A"",""I"",""N"",""O"",""T""]},{""position"":8,""characters"":[""A"",""C"",""I"",""R"",""T""]},{""position"":9,""characters"":[""A"",""I"",""O"",""T""]},{""position"":10,""characters"":[""N""]},{""position"":11,""characters"":[""A"",""L"",""N"",""O""]},{""position"":12,""characters"":[""E"",""L"",""N"",""S"",""Y""]}]","false"
"13","ar_to_en","3","[4,27]","[{""position"":0,""characters"":[""A""]},{""position"":1,""characters"":[""S""]},{""position"":2,""characters"":[""C"",""D"",""E"",""L"",""O"",""P"",""R"",""S"",""T""]}]","false"
"13","ar_to_en","13","[4,28]","[{""position"":0,""characters"":[""A"",""C"",""D"",""E"",""G"",""I"",""L"",""M"",""N"",""O"",""P"",""R"",""S"",""T"",""U"",""Y""]},{""position"":1,""characters"":[""A"",""C"",""D"",""E"",""I"",""L"",""N"",""O"",""P"",""R"",""T"",""U"",""V""]},{""position"":2,""characters"":[""I""]},{""position"":3,""characters"":[""A"",""C"",""D"",""E"",""F"",""I"",""M"",""N"",""O"",""R"",""S"",""T"",""U""]},{""position"":4,""characters"":[""A"",""C"",""E"",""F"",""I"",""M"",""N"",""O"",""R"",""T"",""U""]},{""position"":5,""characters"":[""A"",""C"",""D"",""E"",""F"",""G"",""I"",""L"",""M"",""N"",""O"",""P"",""R"",""S"",""T"",""X""]},{""position"":6,""characters"":[""A"",""C"",""H"",""I"",""L"",""N"",""O"",""S"",""T"",""U""]},{""position"":7,""characters"":[""A"",""C"",""D"",""E"",""F"",""G"",""I"",""M"",""N"",""O"",""P"",""R"",""S"",""T"",""X""]},{""position"":8,""characters"":[""A"",""C"",""E"",""F"",""I"",""M"",""N"",""O"",""R"",""T"",""U""]},{""position"":9,""characters"":[""A"",""C"",""D"",""E"",""F"",""I"",""M"",""N"",""O"",""P"",""R"",""S"",""T"",""U""]},{""position"":10,""characters"":[""I""]},{""position"":11,""characters"":[""A"",""C"",""D"",""E"",""L"",""N"",""O"",""P"",""R"",""T"",""U""]},{""position"":12,""characters"":[""A"",""C"",""D"",""E"",""G"",""I"",""L"",""N"",""O"",""P"",""R"",""S"",""T"",""U"",""Y""]}]","false"
"13","ar_to_en","5","[4,28]","[{""position"":0,""characters"":[""A"",""E"",""I"",""O"",""U""]},{""position"":1,""characters"":[""E"",""H"",""L"",""M"",""N"",""O"",""P"",""R"",""S"",""T"",""U"",""V"",""W""]},{""position"":2,""characters"":[""P""]},{""position"":3,""characters"":[""A"",""P"",""S"",""T"",""Y""]},{""position"":4,""characters"":[""B"",""C"",""D"",""F"",""G"",""H"",""L"",""N"",""O"",""P"",""R"",""S"",""T"",""U"",""W"",""X"",""Y""]}]","true"
"13","ar_to_en","3","[4,28]","[{""position"":0,""characters"":[""A"",""B"",""E""]},{""position"":1,""characters"":[""I""]},{""position"":2,""characters"":[""S""]}]","false"
"13","ar_to_en","4","[4,14,16,21]","[{""position"":0,""characters"":[""A"",""E""]},{""position"":1,""characters"":[""I""]},{""position"":2,""characters"":[""A"",""E"",""I"",""N"",""O"",""U"",""W""]},{""position"":3,""characters"":[""C"",""K"",""L"",""N""]}]","false"
"13","ar_to_en","13","[4,10]","[{""position"":0,""characters"":[""A"",""C"",""D"",""E"",""G"",""I"",""L"",""M"",""N"",""O"",""P"",""R"",""S"",""T"",""U"",""Y""]},{""position"":1,""characters"":[""A"",""C"",""D"",""E"",""I"",""L"",""N"",""O"",""P"",""R"",""T"",""U"",""V""]},{""position"":2,""characters"":[""I""]},{""position"":3,""characters"":[""A"",""C"",""D"",""E"",""F"",""I"",""M"",""N"",""O"",""R"",""S"",""T"",""U""]},{""position"":4,""characters"":[""A"",""C"",""E"",""F"",""I"",""M"",""N"",""O"",""R"",""T"",""U""]},{""position"":5,""characters"":[""A"",""C"",""D"",""E"",""F"",""G"",""I"",""L"",""M"",""N"",""O"",""P"",""R"",""S"",""T"",""U"",""X""]},{""position"":6,""characters"":[""A"",""B"",""C"",""H"",""I"",""L"",""N"",""O"",""S"",""T"",""U""]},{""position"":7,""characters"":[""A"",""C"",""D"",""E"",""F"",""G"",""I"",""L"",""M"",""N"",""O"",""P"",""R"",""S"",""T"",""U"",""X""]},{""position"":8,""characters"":[""A"",""C"",""E"",""F"",""I"",""M"",""N"",""O"",""R"",""T"",""U""]},{""position"":9,""characters"":[""A"",""C"",""D"",""E"",""F"",""I"",""N"",""O"",""P"",""R"",""S"",""T"",""U""]},{""position"":10,""characters"":[""I""]},{""position"":11,""characters"":[""A"",""C"",""D"",""E"",""I"",""L"",""N"",""O"",""P"",""R"",""T"",""U""]},{""position"":12,""characters"":[""A"",""C"",""D"",""E"",""G"",""I"",""L"",""M"",""N"",""O"",""P"",""R"",""S"",""U"",""Y""]}]","false"
"13","ar_to_en","3","[4,9]","[{""position"":0,""characters"":[""C"",""D"",""F"",""R"",""S"",""T"",""W""]},{""position"":1,""characters"":[""N""]},{""position"":2,""characters"":[""N""]}]","false"
"13","ar_to_en","5","[4,13,18,25,27]","[{""position"":0,""characters"":[""A"",""E"",""I"",""O"",""U""]},{""position"":1,""characters"":[""A"",""C"",""E"",""G"",""H"",""I"",""N"",""R"",""S"",""T"",""U"",""Y""]},{""position"":2,""characters"":[""A"",""O""]},{""position"":3,""characters"":[""A"",""E""]},{""position"":4,""characters"":[""A"",""E"",""K"",""U""]}]","false"
"13","ar_to_en","3","[4,11]","[{""position"":0,""characters"":[""B"",""C"",""D"",""E"",""I"",""L"",""M"",""P"",""R"",""S"",""T"",""W""]},{""position"":1,""characters"":[""C"",""L"",""S""]},{""position"":2,""characters"":[""P"",""S""]}]","false"
"13","ar_to_en","4","[4,8,10,12,15,18,21,30]","[{""position"":0,""characters"":[""C"",""E"",""N""]},{""position"":1,""characters"":[""U""]},{""position"":2,""characters"":[""A"",""E""]},{""position"":3,""characters"":[""E"",""K"",""P"",""T"",""Y""]}]","false"
"13","ar_to_en","4","[4,8,27]","[{""position"":0,""characters"":[""E"",""G"",""S"",""T"",""Y""]},{""position"":1,""characters"":[""N""]},{""position"":2,""characters"":[""A"",""C"",""E"",""T""]},{""position"":3,""characters"":[""Y""]}]","true"
"13","ar_to_en","13","[4,9,14,24]","[{""position"":0,""characters"":[""A"",""C"",""D"",""E"",""G"",""I"",""L"",""M"",""N"",""O"",""P"",""R"",""S"",""T"",""U"",""Y""]},{""position"":1,""characters"":[""A"",""C"",""D"",""E"",""I"",""L"",""N"",""O"",""P"",""R"",""T"",""U""]},{""position"":2,""characters"":[""I""]},{""position"":3,""characters"":[""A"",""C"",""D"",""E"",""F"",""I"",""M"",""N"",""O"",""P"",""R"",""S"",""T"",""U""]},{""position"":4,""characters"":[""A"",""E"",""F"",""I"",""M"",""N"",""O"",""R"",""T"",""U""]},{""position"":5,""characters"":[""A"",""C"",""E"",""F"",""G"",""I"",""L"",""M"",""N"",""O"",""P"",""R"",""S"",""T"",""U"",""X""]},{""position"":6,""characters"":[""A"",""B"",""C"",""H"",""I"",""L"",""N"",""O"",""S"",""T"",""U""]},{""position"":7,""characters"":[""A"",""C"",""D"",""E"",""F"",""G"",""I"",""L"",""M"",""N"",""O"",""P"",""R"",""S"",""T"",""U"",""X""]},{""position"":8,""characters"":[""A"",""C"",""E"",""F"",""I"",""N"",""O"",""R"",""T"",""U""]},{""position"":9,""characters"":[""A"",""C"",""D"",""E"",""F"",""I"",""M"",""N"",""O"",""R"",""S"",""T"",""U""]},{""position"":10,""characters"":[""I""]},{""position"":11,""characters"":[""A"",""D"",""E"",""I"",""L"",""N"",""O"",""P"",""R"",""U"",""V""]},{""position"":12,""characters"":[""A"",""C"",""D"",""E"",""G"",""I"",""L"",""M"",""N"",""O"",""P"",""R"",""S"",""T"",""U"",""Y""]}]","false"
"13","ar_to_en","8","[4,17]","[{""position"":0,""characters"":[""A"",""B"",""C"",""D"",""E"",""F"",""G"",""H"",""I"",""L"",""N"",""O"",""P"",""R"",""S"",""T"",""U"",""V"",""Y""]},{""position"":1,""characters"":[""A"",""E"",""H"",""I"",""N"",""O"",""U""]},{""position"":2,""characters"":[""A"",""E"",""I"",""N"",""O"",""U"",""W""]},{""position"":3,""characters"":[""O"",""S""]},{""position"":4,""characters"":[""B"",""C"",""D"",""E"",""G"",""H"",""I"",""K"",""L"",""M"",""N"",""O"",""P"",""R"",""S"",""T"",""U"",""V"",""W""]},{""position"":5,""characters"":[""A"",""O""]},{""position"":6,""characters"":[""A"",""D"",""E"",""I"",""K"",""N"",""O"",""T""]},{""position"":7,""characters"":[""B"",""C"",""D"",""E"",""F"",""G"",""H"",""J"",""K"",""L"",""M"",""N"",""O"",""P"",""R"",""S"",""T"",""W"",""Y""]}]","true"
"13","ar_to_en","13","[4,6,18]","[{""position"":0,""characters"":[""A"",""C"",""M"",""P"",""S""]},{""position"":1,""characters"":[""A"",""D"",""N"",""O"",""P"",""R""]},{""position"":2,""characters"":[""A"",""M"",""N"",""O"",""P""]},{""position"":3,""characters"":[""C"",""E"",""I"",""M"",""R"",""U""]},{""position"":4,""characters"":[""F"",""I"",""O"",""R"",""T""]},{""position"":5,""characters"":[""A"",""I"",""S"",""T"",""X""]},{""position"":6,""characters"":[""C"",""I"",""S"",""T""]},{""position"":7,""characters"":[""I"",""M"",""N"",""S"",""T""]},{""position"":8,""characters"":[""A"",""E"",""O"",""U""]},{""position"":9,""characters"":[""R"",""S"",""T""]},{""position"":10,""characters"":[""E""]},{""position"":11,""characters"":[""N""]},{""position"":12,""characters"":[""P"",""S"",""T"",""Y""]}]","false"
"13","ar_to_en","13","[4,5,9,14,21]","[{""position"":0,""characters"":[""A"",""C"",""D"",""E"",""G"",""I"",""L"",""M"",""N"",""O"",""P"",""R"",""S"",""T"",""U"",""Y""]},{""position"":1,""characters"":[""A"",""C"",""D"",""E"",""I"",""L"",""N"",""O"",""P"",""R"",""T"",""U""]},{""position"":2,""characters"":[""I""]},{""position"":3,""characters"":[""A"",""C"",""D"",""E"",""F"",""I"",""M"",""N"",""O"",""R"",""S"",""T"",""U""]},{""position"":4,""characters"":[""A"",""C"",""E"",""F"",""I"",""M"",""N"",""O"",""R"",""T"",""U""]},{""position"":5,""characters"":[""A"",""C"",""D"",""E"",""F"",""G"",""I"",""L"",""M"",""N"",""O"",""P"",""R"",""S"",""T"",""U"",""X""]},{""position"":6,""characters"":[""A"",""B"",""C"",""I"",""L"",""N"",""O"",""S"",""T"",""U"",""Z""]},{""position"":7,""characters"":[""A"",""C"",""D"",""E"",""F"",""G"",""I"",""M"",""N"",""O"",""P"",""R"",""S"",""T"",""U"",""X""]},{""position"":8,""characters"":[""A"",""C"",""E"",""F"",""I"",""M"",""N"",""O"",""R"",""T"",""U""]},{""position"":9,""characters"":[""A"",""C"",""D"",""E"",""F"",""I"",""M"",""N"",""O"",""R"",""S"",""T"",""U""]},{""position"":10,""characters"":[""I""]},{""position"":11,""characters"":[""A"",""C"",""D"",""E"",""I"",""L"",""N"",""O"",""P"",""R"",""T"",""U""]},{""position"":12,""characters"":[""A"",""C"",""D"",""E"",""G"",""I"",""L"",""N"",""O"",""P"",""R"",""S"",""T"",""U"",""Y""]}]","false"
"13","ar_to_en","4","[4,17]","[{""position"":0,""characters"":[""C"",""D"",""E"",""N"",""P"",""S"",""T"",""Y""]},{""position"":1,""characters"":[""E""]},{""position"":2,""characters"":[""U""]},{""position"":3,""characters"":[""C"",""E"",""N"",""P"",""S""]}]","false"
"13","ar_to_en","5","[4,17]","[{""position"":0,""characters"":[""A"",""E"",""I"",""O"",""U""]},{""position"":1,""characters"":[""D"",""H"",""K"",""L"",""N"",""R"",""S"",""T"",""W""]},{""position"":2,""characters"":[""E""]},{""position"":3,""characters"":[""G""]},{""position"":4,""characters"":[""C"",""G"",""I"",""L"",""M"",""N"",""R"",""S"",""T"",""U""]}]","false"
"13","ar_to_en","3","[4,10,12,13,15,16,20,21,23,27,28,29]","[{""position"":0,""characters"":[""B"",""C"",""D"",""E"",""F"",""G"",""H"",""J"",""K"",""L"",""M"",""N"",""O"",""P"",""R"",""S"",""T"",""W"",""X"",""Y""]},{""position"":1,""characters"":[""E"",""I"",""O"",""S"",""Y""]},{""position"":2,""characters"":[""I""]}]","false"
"13","ar_to_en","5","[4,16]","[{""position"":0,""characters"":[""A"",""C"",""D"",""E"",""F"",""G"",""L"",""M"",""N"",""O"",""P"",""R"",""S"",""T"",""U"",""W"",""Y""]},{""position"":1,""characters"":[""F"",""M"",""S"",""T""]},{""position"":2,""characters"":[""A"",""D"",""E"",""F"",""K"",""L"",""N"",""T"",""W""]},{""position"":3,""characters"":[""A"",""B"",""C"",""D"",""E"",""F"",""G"",""H"",""L"",""M"",""N"",""P"",""R"",""S"",""T"",""W"",""Y""]},{""position"":4,""characters"":[""O""]}]","false"
"13","ar_to_en","3","[4,9,12,22]","[{""position"":0,""characters"":[""C""]},{""position"":1,""characters"":[""A"",""D"",""F"",""I"",""L"",""O""]},{""position"":2,""characters"":[""E"",""K"",""U""]}]","false"
"13","ar_to_en","6","[4,17]","[{""position"":0,""characters"":[""A"",""E"",""K"",""U""]},{""position"":1,""characters"":[""A"",""D"",""E"",""I"",""K"",""N"",""O"",""T""]},{""position"":2,""characters"":[""N"",""R"",""U""]},{""position"":3,""characters"":[""A"",""B"",""C"",""D"",""E"",""F"",""L"",""N"",""O"",""P"",""R"",""S"",""T"",""U"",""V""]},{""position"":4,""characters"":[""A"",""C"",""E"",""I"",""N"",""O"",""P"",""R"",""U"",""W""]},{""position"":5,""characters"":[""O"",""S""]}]","false"
"13","ar_to_en","6","[4,17]","[{""position"":0,""characters"":[""A"",""C"",""E"",""G"",""H"",""I"",""N"",""R"",""S"",""T"",""U"",""Y""]},{""position"":1,""characters"":[""A"",""E"",""I"",""R"",""U""]},{""position"":2,""characters"":[""A"",""C"",""D"",""G"",""I"",""L"",""N"",""O"",""R"",""S"",""T""]},{""position"":3,""characters"":[""C"",""E""]},{""position"":4,""characters"":[""C"",""D"",""F"",""G"",""H"",""L"",""N"",""O"",""P"",""R"",""S"",""T"",""U"",""W"",""X"",""Y""]},{""position"":5,""characters"":[""A"",""D"",""O"",""S""]}]","true"
"13","ar_to_en","4","[4,5]","[{""position"":0,""characters"":[""B"",""H"",""P""]},{""position"":1,""characters"":[""A"",""C"",""N"",""P"",""S"",""T""]},{""position"":2,""characters"":[""E""]},{""position"":3,""characters"":[""R""]}]","false"
"13","ar_to_en","13","[4,24,29]","[{""position"":0,""characters"":[""A"",""C"",""D"",""E"",""G"",""I"",""L"",""M"",""N"",""O"",""P"",""R"",""S"",""T"",""U"",""Y""]},{""position"":1,""characters"":[""A"",""C"",""D"",""E"",""I"",""L"",""N"",""O"",""P"",""R"",""T"",""U""]},{""position"":2,""characters"":[""I""]},{""position"":3,""characters"":[""A"",""C"",""D"",""E"",""F"",""I"",""M"",""N"",""O"",""P"",""R"",""S"",""T"",""U""]},{""position"":4,""characters"":[""A"",""C"",""E"",""F"",""I"",""M"",""N"",""O"",""R"",""T"",""U""]},{""position"":5,""characters"":[""A"",""C"",""D"",""E"",""F"",""G"",""I"",""L"",""M"",""N"",""O"",""P"",""R"",""S"",""T"",""U"",""X""]},{""position"":6,""characters"":[""A"",""B"",""C"",""H"",""I"",""L"",""N"",""O"",""S"",""T"",""U""]},{""position"":7,""characters"":[""A"",""C"",""D"",""E"",""F"",""G"",""I"",""M"",""N"",""O"",""P"",""R"",""S"",""T"",""U""]},{""position"":8,""characters"":[""A"",""C"",""E"",""F"",""I"",""M"",""N"",""O"",""R"",""T"",""U""]},{""position"":9,""characters"":[""A"",""C"",""D"",""E"",""F"",""I"",""M"",""N"",""O"",""R"",""S"",""T"",""U""]},{""position"":10,""characters"":[""I""]},{""position"":11,""characters"":[""A"",""C"",""D"",""E"",""L"",""N"",""O"",""P"",""R"",""T"",""U"",""V""]},{""position"":12,""characters"":[""A"",""C"",""D"",""E"",""G"",""I"",""L"",""N"",""O"",""P"",""R"",""S"",""T"",""U"",""Y""]}]","false"
"13","ar_to_en","3","[4,16]","[{""position"":0,""characters"":[""D"",""E"",""H"",""Y""]},{""position"":1,""characters"":[""E"",""O""]},{""position"":2,""characters"":[""P""]}]","false"
"13","ar_to_en","3","[4,5,7,14,17,25,29,30]","[{""position"":0,""characters"":[""A"",""E""]},{""position"":1,""characters"":[""A"",""O"",""R"",""U""]},{""position"":2,""characters"":[""N""]}]","false"
"13","ar_to_en","4","[4,9,19]","[{""position"":0,""characters"":[""B"",""D"",""E"",""F"",""G"",""H"",""K"",""L"",""M"",""N"",""O"",""P"",""R"",""S"",""T""]},{""position"":1,""characters"":[""A"",""I"",""L""]},{""position"":2,""characters"":[""O""]},{""position"":3,""characters"":[""L""]}]","true"
"13","ar_to_en","5","[4,9,17,19,25]","[{""position"":0,""characters"":[""A"",""E"",""O""]},{""position"":1,""characters"":[""A"",""C"",""E"",""G"",""R"",""S"",""T""]},{""position"":2,""characters"":[""N""]},{""position"":3,""characters"":[""S""]},{""position"":4,""characters"":[""D"",""F"",""H"",""M"",""O"",""R"",""Y""]}]","false"
"13","ar_to_en","3","[4,19]","[{""position"":0,""characters"":[""E"",""N""]},{""position"":1,""characters"":[""A"",""O"",""P""]},{""position"":2,""characters"":[""P""]}]","false"
"13","ar_to_en","3","[4,11,16,20,24]","[{""position"":0,""characters"":[""E"",""L"",""T""]},{""position"":1,""characters"":[""E""]},{""position"":2,""characters"":[""K"",""R""]}]","false"
"13","ar_to_en","13","[4,12,14]","[{""position"":0,""characters"":[""A"",""C"",""D"",""E"",""G"",""I"",""L"",""M"",""N"",""O"",""P"",""R"",""S"",""T"",""U"",""Y""]},{""position"":1,""characters"":[""A"",""C"",""D"",""E"",""I"",""L"",""N"",""O"",""P"",""R"",""T"",""U"",""V""]},{""position"":2,""characters"":[""I""]},{""position"":3,""characters"":[""A"",""C"",""D"",""E"",""F"",""I"",""M"",""N"",""O"",""P"",""R"",""S"",""T"",""U""]},{""position"":4,""characters"":[""A"",""C"",""E"",""F"",""I"",""M"",""N"",""O"",""R"",""T"",""U""]},{""position"":5,""characters"":[""A"",""C"",""D"",""E"",""F"",""G"",""I"",""L"",""M"",""N"",""O"",""P"",""R"",""S"",""T"",""U"",""X""]},{""position"":6,""characters"":[""A"",""B"",""C"",""H"",""I"",""L"",""N"",""O"",""S"",""T"",""U""]},{""position"":7,""characters"":[""A"",""C"",""D"",""E"",""F"",""G"",""I"",""L"",""M"",""N"",""O"",""P"",""R"",""S"",""T"",""U""]},{""position"":8,""characters"":[""A"",""C"",""E"",""F"",""I"",""M"",""N"",""O"",""R"",""T"",""U""]},{""position"":9,""characters"":[""A"",""C"",""D"",""E"",""F"",""I"",""M"",""N"",""O"",""P"",""R"",""S"",""T"",""U""]},{""position"":10,""characters"":[""I""]},{""position"":11,""characters"":[""A"",""C"",""D"",""E"",""I"",""L"",""N"",""O"",""P"",""R"",""T"",""U"",""V""]},{""position"":12,""characters"":[""A"",""C"",""D"",""E"",""G"",""I"",""L"",""M"",""N"",""O"",""P"",""R"",""S"",""T"",""U"",""Y""]}]","false"
"13","ar_to_en","3","[4,13,18,20]","[{""position"":0,""characters"":[""E"",""N"",""T""]},{""position"":1,""characters"":[""N""]},{""position"":2,""characters"":[""T""]}]","false"
"13","ar_to_en","13","[4,6]","[{""position"":0,""characters"":[""A"",""C"",""D"",""M"",""O"",""P"",""S"",""U""]},{""position"":1,""characters"":[""A"",""C"",""E"",""N"",""O"",""P""]},{""position"":2,""characters"":[""C"",""D"",""M"",""N"",""P"",""R"",""T""]},{""position"":3,""characters"":[""E"",""F"",""M"",""N"",""O"",""P"",""T"",""U""]},{""position"":4,""characters"":[""A"",""F"",""I"",""M"",""N"",""R"",""U""]},{""position"":5,""characters"":[""A"",""C"",""E"",""F"",""G"",""M"",""N"",""S"",""T""]},{""position"":6,""characters"":[""C"",""H"",""I"",""O"",""S"",""T"",""U""]},{""position"":7,""characters"":[""A"",""C"",""D"",""E"",""M"",""N"",""P"",""R"",""T""]},{""position"":8,""characters"":[""A"",""I"",""N""]},{""position"":9,""characters"":[""C"",""D"",""R"",""S"",""T""]},{""position"":10,""characters"":[""R""]},{""position"":11,""characters"":[""E"",""I"",""N"",""O"",""V""]},{""position"":12,""characters"":[""C"",""E"",""G"",""N"",""S""]}]","false"
"13","ar_to_en","13","[5,17,24,26,29]","[{""position"":0,""characters"":[""A"",""C"",""D"",""E"",""G"",""I"",""L"",""M"",""N"",""O"",""P"",""R"",""S"",""T"",""U"",""Y""]},{""position"":1,""characters"":[""A"",""D"",""E"",""I"",""L"",""N"",""O"",""P"",""R"",""U"",""V""]},{""position"":2,""characters"":[""I""]},{""position"":3,""characters"":[""A"",""C"",""D"",""E"",""F"",""I"",""M"",""N"",""O"",""P"",""R"",""S"",""T"",""U""]},{""position"":4,""characters"":[""A"",""C"",""E"",""F"",""I"",""N"",""O"",""R"",""T"",""U""]},{""position"":5,""characters"":[""A"",""C"",""D"",""E"",""F"",""G"",""I"",""L"",""M"",""N"",""O"",""P"",""R"",""S"",""T"",""U"",""X""]},{""position"":6,""characters"":[""A"",""B"",""C"",""H"",""I"",""L"",""N"",""O"",""S"",""T"",""U""]},{""position"":7,""characters"":[""A"",""C"",""E"",""F"",""G"",""I"",""L"",""M"",""N"",""O"",""P"",""R"",""S"",""T"",""U"",""X""]},{""position"":8,""characters"":[""A"",""E"",""F"",""I"",""M"",""N"",""O"",""R"",""T"",""U""]},{""position"":9,""characters"":[""A"",""C"",""D"",""E"",""F"",""I"",""N"",""O"",""P"",""R"",""S"",""T"",""U""]},{""position"":10,""characters"":[""I""]},{""position"":11,""characters"":[""A"",""C"",""D"",""E"",""I"",""L"",""N"",""O"",""P"",""R"",""T"",""U"",""V""]},{""position"":12,""characters"":[""A"",""C"",""D"",""E"",""G"",""I"",""L"",""M"",""N"",""O"",""P"",""R"",""S"",""U"",""Y""]}]","false"
"13","ar_to_en","3","[5,26]","[{""position"":0,""characters"":[""F"",""H"",""L""]},{""position"":1,""characters"":[""I""]},{""position"":2,""characters"":[""M""]}]","false"
"13","ar_to_en","6","[5,26]","[{""position"":0,""characters"":[""R""]},{""position"":1,""characters"":[""E"",""L""]},{""position"":2,""characters"":[""C"",""D"",""G"",""H"",""P"",""T""]},{""position"":3,""characters"":[""A"",""D"",""G"",""L"",""M"",""N"",""R"",""T""]},{""position"":4,""characters"":[""I""]},{""position"":5,""characters"":[""S""]}]","true"
"13","ar_to_en","13","[5,26]","[{""position"":0,""characters"":[""A"",""C"",""D"",""E"",""G"",""I"",""L"",""M"",""N"",""O"",""P"",""R"",""S"",""T"",""U"",""Y""]},{""position"":1,""characters"":[""A"",""D"",""E"",""I"",""L"",""N"",""O"",""P"",""R"",""U"",""V""]},{""position"":2,""characters"":[""E"",""N"",""T""]},{""position"":3,""characters"":[""A"",""C"",""D"",""E"",""O"",""R"",""S"",""T"",""U""]},{""position"":4,""characters"":[""A"",""C"",""E"",""F"",""I"",""N"",""O"",""R"",""T"",""U""]},{""position"":5,""characters"":[""A"",""C"",""D"",""E"",""F"",""G"",""I"",""L"",""M"",""N"",""O"",""P"",""R"",""S"",""T"",""U"",""X""]},{""position"":6,""characters"":[""A"",""B"",""C"",""H"",""I"",""L"",""N"",""O"",""S"",""T"",""U""]},{""position"":7,""characters"":[""A"",""C"",""E"",""F"",""G"",""I"",""L"",""M"",""N"",""O"",""P"",""R"",""S"",""T"",""U"",""X""]},{""position"":8,""characters"":[""A"",""E"",""F"",""I"",""M"",""N"",""O"",""R"",""T"",""U""]},{""position"":9,""characters"":[""A"",""C"",""D"",""E"",""F"",""I"",""N"",""O"",""P"",""R"",""S"",""T"",""U""]},{""position"":10,""characters"":[""C""]},{""position"":11,""characters"":[""A"",""C"",""D"",""E"",""I"",""L"",""N"",""O"",""P"",""R"",""T"",""U""]},{""position"":12,""characters"":[""A"",""C"",""D"",""E"",""G"",""I"",""L"",""M"",""N"",""O"",""P"",""R"",""S"",""U"",""Y""]}]","false"
"13","ar_to_en","4","[5,7,8,10,12,13,14,16,17,18,21,27,28,30]","[{""position"":0,""characters"":[""A"",""B"",""D"",""E"",""F"",""G"",""H"",""J"",""K"",""L"",""M"",""N"",""P"",""R"",""S"",""T"",""W"",""Y""]},{""position"":1,""characters"":[""A"",""C"",""D"",""E"",""I"",""L"",""O"",""T"",""U""]},{""position"":2,""characters"":[""D""]},{""position"":3,""characters"":[""C"",""K"",""L"",""N""]}]","false"
"13","ar_to_en","3","[5,21]","[{""position"":0,""characters"":[""A"",""C"",""D"",""E"",""G"",""I"",""K"",""L"",""N"",""O"",""R"",""S"",""T"",""W""]},{""position"":1,""characters"":[""T""]},{""position"":2,""characters"":[""F"",""I"",""R"",""U""]}]","false"
"13","ar_to_en","3","[5,9,21]","[{""position"":0,""characters"":[""A"",""B"",""C"",""D"",""E"",""F"",""H"",""I"",""L"",""M"",""N"",""O"",""P"",""R"",""S"",""T"",""U"",""W"",""Y""]},{""position"":1,""characters"":[""T""]},{""position"":2,""characters"":[""G"",""I"",""N""]}]","false"
"13","ar_to_en","3","[5,21]","[{""position"":0,""characters"":[""A"",""B"",""C"",""D"",""E"",""F"",""G"",""H"",""I"",""L"",""M"",""N"",""P"",""R"",""S"",""T"",""Y""]},{""position"":1,""characters"":[""C""]},{""position"":2,""characters"":[""S""]}]","false"
"13","ar_to_en","3","[5,6,21]","[{""position"":0,""characters"":[""A"",""B"",""C"",""D"",""E"",""F"",""I"",""L"",""M"",""N"",""R"",""S"",""T""]},{""position"":1,""characters"":[""N""]},{""position"":2,""characters"":[""M""]}]","false"
"13","ar_to_en","3","[5,21]","[{""position"":0,""characters"":[""A"",""B"",""C"",""D"",""E"",""F"",""H"",""I"",""L"",""M"",""O"",""P"",""R"",""S"",""T"",""U"",""W"",""X"",""Y""]},{""position"":1,""characters"":[""T""]},{""position"":2,""characters"":[""C"",""D"",""P""]}]","false"
"13","ar_to_en","3","[5,21]","[{""position"":0,""characters"":[""A"",""B"",""C"",""D"",""E"",""F"",""I"",""L"",""M"",""N"",""R"",""S"",""T""]},{""position"":1,""characters"":[""N""]},{""position"":2,""characters"":[""C"",""M"",""P""]}]","false"
"13","ar_to_en","3","[5,18]","[{""position"":0,""characters"":[""A"",""C"",""D"",""E"",""F"",""G"",""H"",""I"",""L"",""M"",""N"",""O"",""R"",""S"",""T"",""Y""]},{""position"":1,""characters"":[""F""]},{""position"":2,""characters"":[""I"",""M"",""U""]}]","false"
"13","ar_to_en","3","[5,28]","[{""position"":0,""characters"":[""A"",""B"",""C"",""D"",""E"",""F"",""H"",""I"",""L"",""M"",""O"",""P"",""R"",""S"",""T"",""U"",""W"",""X"",""Y""]},{""position"":1,""characters"":[""T""]},{""position"":2,""characters"":[""I"",""N""]}]","false"
"13","ar_to_en","13","[5,8]","[{""position"":0,""characters"":[""A"",""C"",""D"",""E"",""G"",""I"",""L"",""M"",""N"",""O"",""P"",""R"",""S"",""T"",""U"",""Y""]},{""position"":1,""characters"":[""A"",""C"",""D"",""E"",""I"",""L"",""N"",""O"",""P"",""R"",""T"",""U"",""V""]},{""position"":2,""characters"":[""I""]},{""position"":3,""characters"":[""A"",""C"",""D"",""E"",""F"",""I"",""M"",""N"",""O"",""R"",""S"",""T"",""U""]},{""position"":4,""characters"":[""A"",""E"",""F"",""I"",""M"",""N"",""O"",""R"",""T"",""U""]},{""position"":5,""characters"":[""A"",""C"",""E"",""F"",""G"",""I"",""L"",""M"",""N"",""O"",""P"",""R"",""S"",""T"",""U"",""X""]},{""position"":6,""characters"":[""A"",""B"",""C"",""H"",""I"",""L"",""N"",""O"",""S"",""T"",""U""]},{""position"":7,""characters"":[""A"",""C"",""D"",""E"",""F"",""G"",""I"",""L"",""M"",""N"",""O"",""P"",""R"",""S"",""T"",""U"",""X""]},{""position"":8,""characters"":[""A"",""C"",""E"",""F"",""I"",""N"",""O"",""R"",""T"",""U""]},{""position"":9,""characters"":[""A"",""C"",""D"",""E"",""F"",""I"",""M"",""N"",""O"",""P"",""R"",""S"",""T"",""U""]},{""position"":10,""characters"":[""I""]},{""position"":11,""characters"":[""A"",""D"",""E"",""I"",""L"",""N"",""O"",""P"",""R"",""U""]},{""position"":12,""characters"":[""A"",""C"",""D"",""E"",""G"",""I"",""L"",""M"",""N"",""O"",""P"",""R"",""S"",""T"",""U"",""Y""]}]","false"
"13","ar_to_en","5","[5,15]","[{""position"":0,""characters"":[""A"",""E"",""I"",""R"",""U""]},{""position"":1,""characters"":[""C"",""D"",""E"",""G"",""I"",""L"",""N"",""P"",""R"",""S"",""T"",""Y""]},{""position"":2,""characters"":[""A"",""N"",""O"",""T""]},{""position"":3,""characters"":[""A"",""C"",""E"",""G"",""H"",""L"",""N"",""O"",""R"",""S"",""T""]},{""position"":4,""characters"":[""F"",""O""]}]","true"
"13","ar_to_en","13","[5,20]","[{""position"":0,""characters"":[""C"",""M"",""O"",""P"",""S""]},{""position"":1,""characters"":[""I"",""L"",""O"",""R""]},{""position"":2,""characters"":[""A"",""D"",""E"",""N"",""S""]},{""position"":3,""characters"":[""A"",""C"",""I"",""N"",""S"",""T""]},{""position"":4,""characters"":[""E"",""F"",""N"",""O"",""R""]},{""position"":5,""characters"":[""I"",""L"",""N""]},{""position"":6,""characters"":[""B"",""C"",""L"",""S"",""T""]},{""position"":7,""characters"":[""A"",""S"",""U""]},{""position"":8,""characters"":[""E"",""N"",""T""]},{""position"":9,""characters"":[""E""]},{""position"":10,""characters"":[""O""]},{""position"":11,""characters"":[""N"",""R""]},{""position"":12,""characters"":[""P"",""S""]}]","false"
"13","ar_to_en","3","[5,8,30]","[{""position"":0,""characters"":[""E"",""R"",""S"",""T"",""W""]},{""position"":1,""characters"":[""R"",""Y""]},{""position"":2,""characters"":[""N"",""T""]}]","false"
"13","ar_to_en","5","[5,19,30]","[{""position"":0,""characters"":[""A"",""C"",""L"",""N"",""O"",""T"",""U"",""Y""]},{""position"":1,""characters"":[""B"",""C"",""D"",""E"",""H"",""I"",""K"",""L"",""M"",""N"",""O"",""P"",""R"",""S"",""T"",""U"",""V"",""W""]},{""position"":2,""characters"":[""E"",""F"",""O"",""U""]},{""position"":3,""characters"":[""A"",""E""]},{""position"":4,""characters"":[""A"",""E"",""I"",""O"",""U""]}]","false"
"13","ar_to_en","3","[5,11]","[{""position"":0,""characters"":[""A"",""B"",""C"",""D"",""E"",""F"",""H"",""I"",""K"",""L"",""M"",""N"",""O"",""P"",""R"",""S"",""T"",""U"",""W""]},{""position"":1,""characters"":[""T""]},{""position"":2,""characters"":[""G"",""I"",""N""]}]","false"
"13","ar_to_en","3","[5,11]","[{""position"":0,""characters"":[""A"",""B"",""C"",""D"",""E"",""F"",""H"",""L"",""M"",""P"",""R"",""S"",""T"",""W""]},{""position"":1,""characters"":[""Y""]},{""position"":2,""characters"":[""P"",""S"",""T""]}]","false"
"13","ar_to_en","3","[5,11]","[{""position"":0,""characters"":[""A"",""B"",""C"",""D"",""E"",""F"",""G"",""H"",""I"",""K"",""L"",""M"",""N"",""O"",""P"",""R"",""S"",""T"",""Y""]},{""position"":1,""characters"":[""T""]},{""position"":2,""characters"":[""I"",""N"",""O"",""R"",""U""]}]","false"
"13","ar_to_en","3","[5,15,23,27]","[{""position"":0,""characters"":[""A"",""B"",""C"",""D"",""E"",""F"",""G"",""H"",""I"",""J"",""K"",""L"",""M"",""N"",""O"",""P"",""R"",""S"",""T"",""W"",""X"",""Y""]},{""position"":1,""characters"":[""A"",""I"",""T"",""U""]},{""position"":2,""characters"":[""I""]}]","false"
"13","ar_to_en","13","[5,14,29]","[{""position"":0,""characters"":[""A"",""C"",""D"",""E"",""G"",""I"",""L"",""M"",""N"",""O"",""P"",""R"",""S"",""T"",""U"",""Y""]},{""position"":1,""characters"":[""A"",""D"",""E"",""I"",""L"",""N"",""O"",""P"",""R"",""T"",""U""]},{""position"":2,""characters"":[""I""]},{""position"":3,""characters"":[""A"",""C"",""D"",""E"",""F"",""I"",""M"",""N"",""O"",""S"",""T"",""U""]},{""position"":4,""characters"":[""A"",""C"",""E"",""F"",""I"",""M"",""N"",""O"",""R"",""T"",""U""]},{""position"":5,""characters"":[""A"",""C"",""D"",""E"",""F"",""G"",""I"",""L"",""N"",""O"",""P"",""R"",""S"",""T"",""U""]},{""position"":6,""characters"":[""A"",""B"",""C"",""I"",""L"",""N"",""O"",""S"",""T"",""U""]},{""position"":7,""characters"":[""A"",""C"",""E"",""F"",""G"",""I"",""M"",""N"",""P"",""R"",""S"",""T"",""U""]},{""position"":8,""characters"":[""A"",""C"",""E"",""F"",""I"",""M"",""N"",""O"",""R"",""T"",""U""]},{""position"":9,""characters"":[""A"",""C"",""D"",""E"",""F"",""I"",""M"",""N"",""O"",""R"",""S"",""T"",""U""]},{""position"":10,""characters"":[""I""]},{""position"":11,""characters"":[""A"",""C"",""D"",""E"",""L"",""N"",""O"",""P"",""R"",""T"",""U""]},{""position"":12,""characters"":[""A"",""C"",""D"",""E"",""G"",""I"",""L"",""N"",""O"",""P"",""R"",""S"",""T"",""U"",""Y""]}]","false"
"13","ar_to_en","4","[5,25]","[{""position"":0,""characters"":[""C"",""E"",""H"",""S"",""T""]},{""position"":1,""characters"":[""S""]},{""position"":2,""characters"":[""Y""]},{""position"":3,""characters"":[""D"",""H"",""T"",""W""]}]","false"
"13","ar_to_en","4","[5,9,20,27,29,30]","[{""position"":0,""characters"":[""A"",""B"",""C"",""F"",""H"",""L"",""M"",""P"",""W""]},{""position"":1,""characters"":[""R""]},{""position"":2,""characters"":[""S""]},{""position"":3,""characters"":[""C"",""H"",""S"",""T""]}]","false"
"13","ar_to_en","13","[5,16]","[{""position"":0,""characters"":[""A"",""C"",""D"",""E"",""G"",""I"",""L"",""M"",""N"",""O"",""P"",""R"",""S"",""T"",""U"",""Y""]},{""position"":1,""characters"":[""A"",""C"",""D"",""E"",""I"",""L"",""N"",""O"",""P"",""R"",""T"",""U"",""V""]},{""position"":2,""characters"":[""I""]},{""position"":3,""characters"":[""A"",""C"",""D"",""E"",""F"",""I"",""M"",""N"",""O"",""R"",""S"",""T"",""U""]},{""position"":4,""characters"":[""A"",""E"",""F"",""I"",""M"",""N"",""O"",""R"",""T"",""U""]},{""position"":5,""characters"":[""A"",""C"",""D"",""E"",""F"",""G"",""I"",""L"",""M"",""N"",""O"",""P"",""R"",""S"",""T"",""U"",""X""]},{""position"":6,""characters"":[""A"",""B"",""C"",""H"",""I"",""L"",""N"",""O"",""S"",""T"",""U"",""Z""]},{""position"":7,""characters"":[""A"",""C"",""D"",""E"",""F"",""G"",""I"",""L"",""M"",""N"",""O"",""P"",""R"",""S"",""T"",""U"",""X""]},{""position"":8,""characters"":[""A"",""C"",""E"",""F"",""I"",""M"",""N"",""O"",""R"",""T"",""U""]},{""position"":9,""characters"":[""A"",""C"",""D"",""E"",""F"",""I"",""M"",""N"",""O"",""P"",""R"",""S"",""T"",""U""]},{""position"":10,""characters"":[""I""]},{""position"":11,""characters"":[""A"",""C"",""D"",""E"",""I"",""L"",""N"",""O"",""P"",""R"",""T"",""U""]},{""position"":12,""characters"":[""A"",""C"",""D"",""E"",""G"",""I"",""L"",""M"",""N"",""O"",""P"",""R"",""S"",""T"",""U"",""Y""]}]","false"
"13","ar_to_en","3","[5,19]","[{""position"":0,""characters"":[""A"",""E""]},{""position"":1,""characters"":[""I""]},{""position"":2,""characters"":[""T""]}]","true"
"13","ar_to_en","3","[5,7,16,19,26,29]","[{""position"":0,""characters"":[""B"",""C"",""E"",""M"",""P""]},{""position"":1,""characters"":[""P""]},{""position"":2,""characters"":[""P""]}]","false"
"13","ar_to_en","4","[5,18]","[{""position"":0,""characters"":[""A"",""E"",""H"",""I"",""N"",""O"",""R"",""S"",""T"",""U""]},{""position"":1,""characters"":[""N""]},{""position"":2,""characters"":[""A"",""E"",""I"",""O"",""U""]},{""position"":3,""characters"":[""A"",""E"",""I"",""O"",""P"",""U""]}]","true"
"13","ar_to_en","6","[5,19]","[{""position"":0,""characters"":[""A"",""E""]},{""position"":1,""characters"":[""A"",""E"",""I"",""L"",""O"",""U""]},{""position"":2,""characters"":[""C"",""K"",""L"",""N""]},{""position"":3,""characters"":[""A"",""E"",""I"",""N"",""O"",""U"",""W""]},{""position"":4,""characters"":[""A"",""C"",""D"",""E"",""F"",""G"",""H"",""L"",""M"",""N"",""O"",""P"",""R"",""S"",""T"",""U"",""V"",""W""]},{""position"":5,""characters"":[""E"",""O""]}]","false"
"13","ar_to_en","5","[5,19]","[{""position"":0,""characters"":[""O""]},{""position"":1,""characters"":[""A"",""B"",""C"",""D"",""E"",""F"",""H"",""I"",""K"",""L"",""N"",""O"",""P"",""R"",""S"",""T""]},{""position"":2,""characters"":[""B"",""C"",""D"",""F"",""I"",""M"",""O"",""P"",""R"",""S"",""T"",""W"",""Y""]},{""position"":3,""characters"":[""E"",""K"",""L"",""N"",""S""]},{""position"":4,""characters"":[""S""]}]","false"
"13","ar_to_en","13","[5,9,19,25,26]","[{""position"":0,""characters"":[""C"",""N""]},{""position"":1,""characters"":[""I"",""O""]},{""position"":2,""characters"":[""I""]},{""position"":3,""characters"":[""C"",""T""]},{""position"":4,""characters"":[""A"",""U""]},{""position"":5,""characters"":[""M"",""T""]},{""position"":6,""characters"":[""N"",""S""]},{""position"":7,""characters"":[""E"",""T""]},{""position"":8,""characters"":[""A"",""M""]},{""position"":9,""characters"":[""N"",""U""]},{""position"":10,""characters"":[""C""]},{""position"":11,""characters"":[""E""]},{""position"":12,""characters"":[""D"",""S""]}]","false"
"13","ar_to_en","4","[5,24,29]","[{""position"":0,""characters"":[""A"",""D"",""N"",""R"",""T""]},{""position"":1,""characters"":[""N"",""U""]},{""position"":2,""characters"":[""E""]},{""position"":3,""characters"":[""A"",""E""]}]","false"
"13","ar_to_en","5","[5,12]","[{""position"":0,""characters"":[""B"",""C"",""D"",""E"",""F"",""G"",""H"",""L"",""M"",""N"",""P"",""R"",""S"",""T""]},{""position"":1,""characters"":[""A"",""E""]},{""position"":2,""characters"":[""A"",""E"",""I"",""O"",""U""]},{""position"":3,""characters"":[""B"",""C"",""D"",""E"",""G"",""H"",""I"",""K"",""L"",""M"",""N"",""O"",""P"",""R"",""S"",""T"",""U"",""V"",""W""]},{""position"":4,""characters"":[""R""]}]","false"
"13","ar_to_en","3","[5,7,8]","[{""position"":0,""characters"":[""A"",""B"",""C"",""D"",""E"",""G"",""H"",""I"",""K"",""L"",""M"",""N"",""O"",""P"",""R"",""S"",""T"",""U"",""W""]},{""position"":1,""characters"":[""A"",""E"",""I"",""O"",""R"",""W""]},{""position"":2,""characters"":[""I""]}]","false"
"13","ar_to_en","3","[5,8,12,22]","[{""position"":0,""characters"":[""A"",""B"",""D"",""E"",""G"",""J"",""K"",""L"",""N"",""R"",""S"",""T"",""U"",""X"",""Y""]},{""position"":1,""characters"":[""D"",""E"",""P"",""S""]},{""position"":2,""characters"":[""I""]}]","false"
"13","ar_to_en","13","[5,25,29]","[{""position"":0,""characters"":[""A"",""C"",""D"",""E"",""G"",""I"",""L"",""M"",""N"",""O"",""P"",""R"",""S"",""T"",""U"",""Y""]},{""position"":1,""characters"":[""A"",""C"",""D"",""E"",""I"",""L"",""N"",""O"",""P"",""R"",""T"",""U"",""V""]},{""position"":2,""characters"":[""I""]},{""position"":3,""characters"":[""A"",""C"",""D"",""E"",""F"",""I"",""M"",""N"",""O"",""P"",""R"",""S"",""T"",""U""]},{""position"":4,""characters"":[""A"",""C"",""E"",""F"",""I"",""M"",""N"",""O"",""R"",""T"",""U""]},{""position"":5,""characters"":[""A"",""C"",""E"",""F"",""G"",""I"",""L"",""M"",""N"",""P"",""R"",""S"",""T"",""U""]},{""position"":6,""characters"":[""A"",""B"",""C"",""H"",""I"",""L"",""N"",""O"",""S"",""T"",""U""]},{""position"":7,""characters"":[""A"",""C"",""D"",""E"",""F"",""G"",""I"",""L"",""N"",""O"",""P"",""R"",""S"",""T"",""U""]},{""position"":8,""characters"":[""A"",""C"",""E"",""F"",""I"",""M"",""N"",""O"",""R"",""T"",""U""]},{""position"":9,""characters"":[""A"",""C"",""D"",""E"",""F"",""I"",""M"",""N"",""O"",""P"",""R"",""S"",""T"",""U""]},{""position"":10,""characters"":[""I""]},{""position"":11,""characters"":[""A"",""D"",""E"",""I"",""L"",""N"",""O"",""P"",""R"",""T"",""U"",""V""]},{""position"":12,""characters"":[""A"",""C"",""D"",""E"",""G"",""I"",""L"",""M"",""N"",""O"",""P"",""R"",""S"",""T"",""U"",""Y""]}]","false"
"13","ar_to_en","5","[5,24]","[{""position"":0,""characters"":[""A"",""E"",""I"",""T""]},{""position"":1,""characters"":[""A"",""C"",""D"",""E"",""F"",""G"",""H"",""K"",""L"",""M"",""N"",""O"",""P"",""R"",""S"",""T"",""V""]},{""position"":2,""characters"":[""A"",""E"",""F"",""I"",""L"",""O"",""U""]},{""position"":3,""characters"":[""C"",""L"",""N""]},{""position"":4,""characters"":[""N""]}]","false"
"13","ar_to_en","4","[5,13]","[{""position"":0,""characters"":[""A"",""P"",""S"",""T"",""Y""]},{""position"":1,""characters"":[""A"",""C"",""E"",""M"",""T"",""Y""]},{""position"":2,""characters"":[""I""]},{""position"":3,""characters"":[""E"",""F"",""I"",""O""]}]","true"
"13","ar_to_en","4","[5,29]","[{""position"":0,""characters"":[""E""]},{""position"":1,""characters"":[""D"",""G"",""H"",""I"",""L"",""N"",""P"",""R"",""S"",""T"",""V""]},{""position"":2,""characters"":[""A"",""C"",""D"",""E"",""G"",""H"",""I"",""K"",""L"",""M"",""O"",""P"",""R"",""S"",""T"",""U""]},{""position"":3,""characters"":[""O""]}]","false"
"13","ar_to_en","4","[5,22]","[{""position"":0,""characters"":[""A""]},{""position"":1,""characters"":[""N""]},{""position"":2,""characters"":[""A"",""D"",""I"",""O""]},{""position"":3,""characters"":[""B"",""C"",""D"",""E"",""F"",""G"",""H"",""J"",""K"",""L"",""M"",""N"",""P"",""R"",""S"",""T"",""W"",""Y""]}]","false"
"13","ar_to_en","13","[5,6,13,14,18,19,22,24,25,26]","[{""position"":0,""characters"":[""A"",""C"",""D"",""E"",""G"",""I"",""L"",""M"",""N"",""O"",""P"",""R"",""S"",""T"",""U"",""Y""]},{""position"":1,""characters"":[""A"",""C"",""D"",""E"",""I"",""L"",""N"",""O"",""P"",""R"",""T"",""U"",""V""]},{""position"":2,""characters"":[""I""]},{""position"":3,""characters"":[""A"",""C"",""D"",""E"",""F"",""I"",""M"",""N"",""O"",""R"",""S"",""T"",""U""]},{""position"":4,""characters"":[""A"",""C"",""E"",""F"",""I"",""M"",""N"",""O"",""R"",""T"",""U""]},{""position"":5,""characters"":[""A"",""C"",""D"",""E"",""F"",""G"",""I"",""L"",""M"",""N"",""O"",""P"",""R"",""S"",""T"",""U"",""X""]},{""position"":6,""characters"":[""A"",""B"",""C"",""H"",""I"",""L"",""N"",""O"",""S"",""T"",""U"",""Z""]},{""position"":7,""characters"":[""A"",""C"",""D"",""E"",""F"",""G"",""I"",""L"",""M"",""N"",""O"",""P"",""R"",""S"",""T"",""U"",""X""]},{""position"":8,""characters"":[""A"",""C"",""E"",""F"",""I"",""M"",""N"",""O"",""R"",""T"",""U""]},{""position"":9,""characters"":[""A"",""C"",""D"",""E"",""F"",""I"",""M"",""N"",""O"",""P"",""R"",""S"",""T"",""U""]},{""position"":10,""characters"":[""I""]},{""position"":11,""characters"":[""A"",""C"",""D"",""E"",""I"",""L"",""N"",""O"",""P"",""R"",""T"",""U""]},{""position"":12,""characters"":[""A"",""C"",""D"",""E"",""G"",""I"",""L"",""M"",""N"",""O"",""P"",""R"",""S"",""T"",""U"",""Y""]}]","false"
"13","ar_to_en","4","[5,14,16,26]","[{""position"":0,""characters"":[""A"",""E"",""I"",""O"",""S"",""Y""]},{""position"":1,""characters"":[""T""]},{""position"":2,""characters"":[""E"",""I""]},{""position"":3,""characters"":[""A"",""I"",""N"",""R"",""Y""]}]","false"
"13","ar_to_en","13","[5,15]","[{""position"":0,""characters"":[""A"",""C"",""D"",""E"",""G"",""I"",""L"",""M"",""N"",""O"",""P"",""R"",""S"",""T"",""U"",""Y""]},{""position"":1,""characters"":[""A"",""C"",""D"",""E"",""I"",""L"",""N"",""O"",""P"",""R"",""T"",""U"",""V""]},{""position"":2,""characters"":[""I""]},{""position"":3,""characters"":[""A"",""C"",""D"",""E"",""F"",""I"",""M"",""N"",""O"",""P"",""R"",""S"",""T"",""U""]},{""position"":4,""characters"":[""A"",""C"",""E"",""F"",""I"",""M"",""N"",""O"",""R"",""T"",""U""]},{""position"":5,""characters"":[""A"",""C"",""E"",""F"",""G"",""I"",""L"",""M"",""N"",""P"",""R"",""S"",""T"",""U""]},{""position"":6,""characters"":[""A"",""B"",""C"",""H"",""I"",""L"",""N"",""O"",""S"",""T"",""U"",""Z""]},{""position"":7,""characters"":[""A"",""C"",""D"",""E"",""F"",""G"",""I"",""L"",""N"",""O"",""P"",""R"",""S"",""T"",""U""]},{""position"":8,""characters"":[""A"",""C"",""E"",""F"",""I"",""M"",""N"",""O"",""R"",""T"",""U""]},{""position"":9,""characters"":[""A"",""C"",""D"",""E"",""F"",""I"",""M"",""N"",""O"",""P"",""R"",""S"",""T"",""U""]},{""position"":10,""characters"":[""I""]},{""position"":11,""characters"":[""A"",""D"",""E"",""I"",""L"",""N"",""O"",""P"",""R"",""T"",""U"",""V""]},{""position"":12,""characters"":[""A"",""C"",""D"",""E"",""G"",""I"",""L"",""M"",""N"",""O"",""P"",""R"",""S"",""T"",""U"",""Y""]}]","false"
"13","ar_to_en","3","[5,16]","[{""position"":0,""characters"":[""E"",""L"",""M""]},{""position"":1,""characters"":[""A"",""U""]},{""position"":2,""characters"":[""I""]}]","false"
"13","ar_to_en","3","[5,16]","[{""position"":0,""characters"":[""A"",""E"",""N"",""W""]},{""position"":1,""characters"":[""A"",""D"",""I"",""L""]},{""position"":2,""characters"":[""O""]}]","false"
"13","ar_to_en","8","[5,16]","[{""position"":0,""characters"":[""A"",""B"",""C"",""D"",""E"",""I"",""M"",""N"",""O"",""P"",""R"",""S"",""Y""]},{""position"":1,""characters"":[""A"",""C"",""E"",""L"",""N"",""O"",""P"",""R"",""X""]},{""position"":2,""characters"":[""T""]},{""position"":3,""characters"":[""C"",""E"",""R"",""U"",""W""]},{""position"":4,""characters"":[""A"",""S""]},{""position"":5,""characters"":[""A"",""B"",""C"",""D"",""E"",""G"",""I"",""M"",""P"",""S""]},{""position"":6,""characters"":[""A"",""C"",""E"",""G"",""I"",""K"",""L"",""N"",""O"",""R"",""S"",""T"",""X""]},{""position"":7,""characters"":[""A"",""C"",""D"",""E"",""G"",""H"",""I"",""L"",""M"",""R"",""S"",""T"",""Y""]}]","false"
"13","ar_to_en","3","[5,16]","[{""position"":0,""characters"":[""I""]},{""position"":1,""characters"":[""E"",""R""]},{""position"":2,""characters"":[""N""]}]","false"
"13","ar_to_en","4","[5,16]","[{""position"":0,""characters"":[""C"",""T""]},{""position"":1,""characters"":[""A"",""E"",""L"",""T""]},{""position"":2,""characters"":[""C"",""M"",""O"",""P"",""R"",""S"",""T""]},{""position"":3,""characters"":[""N"",""U""]}]","false"
"13","ar_to_en","13","[6,16,17,22,30]","[{""position"":0,""characters"":[""A"",""C"",""D"",""E"",""G"",""I"",""L"",""M"",""N"",""O"",""P"",""R"",""S"",""T"",""U"",""Y""]},{""position"":1,""characters"":[""A"",""C"",""D"",""E"",""I"",""L"",""N"",""O"",""P"",""R"",""T"",""U""]},{""position"":2,""characters"":[""I""]},{""position"":3,""characters"":[""A"",""C"",""D"",""E"",""F"",""I"",""M"",""N"",""O"",""R"",""S"",""T"",""U""]},{""position"":4,""characters"":[""A"",""C"",""E"",""F"",""I"",""M"",""N"",""O"",""R"",""T"",""U""]},{""position"":5,""characters"":[""A"",""C"",""D"",""E"",""F"",""G"",""I"",""L"",""M"",""N"",""O"",""P"",""R"",""S"",""T"",""U"",""X""]},{""position"":6,""characters"":[""A"",""B"",""C"",""I"",""L"",""N"",""O"",""S"",""T"",""U"",""Z""]},{""position"":7,""characters"":[""A"",""C"",""D"",""E"",""F"",""G"",""I"",""M"",""N"",""O"",""P"",""R"",""S"",""T"",""U"",""X""]},{""position"":8,""characters"":[""A"",""C"",""E"",""F"",""I"",""M"",""N"",""O"",""R"",""T"",""U""]},{""position"":9,""characters"":[""A"",""C"",""D"",""E"",""F"",""I"",""M"",""N"",""O"",""R"",""S"",""T"",""U""]},{""position"":10,""characters"":[""I""]},{""position"":11,""characters"":[""A"",""C"",""D"",""E"",""L"",""N"",""O"",""P"",""R"",""T"",""U""]},{""position"":12,""characters"":[""A"",""C"",""D"",""E"",""G"",""I"",""L"",""N"",""O"",""P"",""R"",""S"",""T"",""U"",""Y""]}]","false"
"13","ar_to_en","6","[6,15]","[{""position"":0,""characters"":[""C"",""D"",""E"",""F"",""L"",""M"",""N"",""O"",""P"",""R"",""S"",""T"",""Y""]},{""position"":1,""characters"":[""A"",""D"",""E"",""G"",""I"",""N"",""O"",""R"",""U""]},{""position"":2,""characters"":[""A"",""K"",""R"",""S"",""T""]},{""position"":3,""characters"":[""S""]},{""position"":4,""characters"":[""E"",""N"",""S"",""T"",""U"",""Y""]},{""position"":5,""characters"":[""E"",""I""]}]","true"
"13","ar_to_en","3","[6,14,28]","[{""position"":0,""characters"":[""A"",""C"",""E"",""M"",""T"",""Y""]},{""position"":1,""characters"":[""S"",""Y""]},{""position"":2,""characters"":[""S""]}]","false"
"13","ar_to_en","13","[6,28]","[{""position"":0,""characters"":[""A"",""C"",""D"",""E"",""G"",""I"",""L"",""M"",""N"",""O"",""P"",""R"",""S"",""T"",""U"",""Y""]},{""position"":1,""characters"":[""A"",""D"",""E"",""L"",""N"",""O"",""R"",""U"",""V""]},{""position"":2,""characters"":[""A"",""E"",""G""]},{""position"":3,""characters"":[""C"",""D"",""E"",""F"",""M"",""N"",""O"",""P"",""R"",""S"",""T""]},{""position"":4,""characters"":[""A"",""C"",""E"",""I"",""N"",""O"",""R"",""U""]},{""position"":5,""characters"":[""A"",""R"",""U""]},{""position"":6,""characters"":[""A"",""B"",""C"",""H"",""I"",""L"",""N"",""O"",""S"",""T"",""U""]},{""position"":7,""characters"":[""A"",""E""]},{""position"":8,""characters"":[""A"",""E"",""F"",""M"",""N"",""O"",""R"",""T""]},{""position"":9,""characters"":[""A"",""E"",""I"",""O"",""U""]},{""position"":10,""characters"":[""C""]},{""position"":11,""characters"":[""A"",""D"",""E"",""I"",""O"",""R"",""T"",""U""]},{""position"":12,""characters"":[""C"",""D"",""E"",""I"",""L"",""M"",""N"",""P"",""R"",""S"",""U""]}]","false"
"13","ar_to_en","13","[6,28]","[{""position"":0,""characters"":[""A"",""C"",""D"",""E"",""G"",""I"",""L"",""M"",""N"",""O"",""P"",""R"",""S"",""T"",""U"",""Y""]},{""position"":1,""characters"":[""A"",""E"",""O"",""U""]},{""position"":2,""characters"":[""N"",""R""]},{""position"":3,""characters"":[""A"",""D"",""E"",""I"",""N"",""O"",""T""]},{""position"":4,""characters"":[""O""]},{""position"":5,""characters"":[""A"",""E"",""F"",""I"",""U""]},{""position"":6,""characters"":[""B"",""C"",""I"",""L"",""N"",""S"",""T"",""U""]},{""position"":7,""characters"":[""A"",""E"",""I"",""T""]},{""position"":8,""characters"":[""A"",""E""]},{""position"":9,""characters"":[""O"",""S""]},{""position"":10,""characters"":[""A"",""E"",""G"",""O""]},{""position"":11,""characters"":[""A"",""C"",""D"",""E"",""I"",""L"",""N"",""O"",""P"",""R"",""T"",""U"",""V""]},{""position"":12,""characters"":[""A"",""D"",""E"",""I"",""O"",""R"",""U""]}]","false"
"13","ar_to_en","13","[6,28]","[{""position"":0,""characters"":[""A"",""C"",""D"",""E"",""G"",""I"",""L"",""M"",""N"",""O"",""P"",""R"",""S"",""T"",""U"",""Y""]},{""position"":1,""characters"":[""A"",""D"",""E"",""O"",""R"",""U""]},{""position"":2,""characters"":[""C"",""I"",""M"",""R""]},{""position"":3,""characters"":[""A"",""C"",""E"",""M"",""T""]},{""position"":4,""characters"":[""O""]},{""position"":5,""characters"":[""A"",""C"",""E"",""I"",""N"",""P"",""R"",""U""]},{""position"":6,""characters"":[""A"",""C"",""H"",""I"",""N"",""T"",""U""]},{""position"":7,""characters"":[""C"",""E"",""F"",""G"",""L"",""M"",""N"",""P"",""R"",""S"",""T""]},{""position"":8,""characters"":[""F"",""O""]},{""position"":9,""characters"":[""O"",""S""]},{""position"":10,""characters"":[""D"",""E"",""I"",""O"",""S"",""T""]},{""position"":11,""characters"":[""C"",""E"",""I"",""L"",""N"",""P"",""R"",""T"",""U""]},{""position"":12,""characters"":[""A"",""E"",""I"",""O"",""P"",""U""]}]","false"
"13","ar_to_en","13","[6,13,28]","[{""position"":0,""characters"":[""A"",""C"",""D"",""E"",""G"",""I"",""L"",""M"",""N"",""O"",""P"",""R"",""S"",""T"",""U"",""Y""]},{""position"":1,""characters"":[""A"",""E"",""L"",""O"",""U""]},{""position"":2,""characters"":[""D"",""E"",""I"",""N"",""O"",""T""]},{""position"":3,""characters"":[""C"",""D"",""F"",""N"",""O"",""P"",""R"",""S"",""T"",""U""]},{""position"":4,""characters"":[""C"",""N""]},{""position"":5,""characters"":[""A"",""C"",""E"",""I"",""N"",""P"",""R"",""U""]},{""position"":6,""characters"":[""B"",""C"",""I"",""L"",""N"",""S"",""T"",""U""]},{""position"":7,""characters"":[""A"",""E"",""I"",""T""]},{""position"":8,""characters"":[""A"",""E"",""F"",""M"",""N"",""O"",""R"",""T""]},{""position"":9,""characters"":[""A"",""E"",""I"",""O""]},{""position"":10,""characters"":[""P""]},{""position"":11,""characters"":[""D"",""E"",""I"",""O"",""P"",""R"",""T"",""U""]},{""position"":12,""characters"":[""C"",""D"",""E"",""I"",""L"",""M"",""N"",""P"",""R"",""S"",""U""]}]","false"
"13","ar_to_en","3","[6,9]","[{""position"":0,""characters"":[""A"",""C"",""E"",""I"",""K"",""L"",""N"",""O"",""P"",""R"",""S"",""T"",""X"",""Y""]},{""position"":1,""characters"":[""R""]},{""position"":2,""characters"":[""D"",""N"",""O""]}]","false"
"13","ar_to_en","3","[6,20]","[{""position"":0,""characters"":[""A"",""B"",""D"",""E"",""H"",""I"",""M"",""N"",""R"",""T"",""W"",""X"",""Y""]},{""position"":1,""characters"":[""F""]},{""position"":2,""characters"":[""I"",""M"",""U""]}]","false"
"13","ar_to_en","13","[6,13]","[{""position"":0,""characters"":[""A"",""C"",""D"",""E"",""G"",""I"",""L"",""M"",""N"",""O"",""P"",""R"",""S"",""T"",""U"",""Y""]},{""position"":1,""characters"":[""A"",""D"",""E"",""I"",""L"",""N"",""O"",""P"",""R"",""U"",""V""]},{""position"":2,""characters"":[""I""]},{""position"":3,""characters"":[""A"",""C"",""D"",""E"",""F"",""I"",""M"",""N"",""O"",""P"",""R"",""S"",""T"",""U""]},{""position"":4,""characters"":[""A"",""C"",""E"",""F"",""I"",""N"",""O"",""R"",""T"",""U""]},{""position"":5,""characters"":[""A"",""C"",""D"",""E"",""F"",""G"",""I"",""L"",""N"",""O"",""P"",""R"",""S"",""T"",""U""]},{""position"":6,""characters"":[""A"",""B"",""C"",""H"",""I"",""L"",""N"",""O"",""S"",""T"",""U""]},{""position"":7,""characters"":[""A"",""C"",""E"",""F"",""G"",""I"",""L"",""M"",""N"",""P"",""R"",""S"",""T"",""U""]},{""position"":8,""characters"":[""A"",""E"",""F"",""I"",""M"",""N"",""O"",""R"",""T"",""U""]},{""position"":9,""characters"":[""A"",""C"",""D"",""E"",""F"",""I"",""M"",""N"",""O"",""P"",""R"",""S"",""T"",""U""]},{""position"":10,""characters"":[""I""]},{""position"":11,""characters"":[""A"",""C"",""D"",""E"",""I"",""L"",""N"",""O"",""P"",""R"",""T"",""U"",""V""]},{""position"":12,""characters"":[""A"",""C"",""D"",""E"",""G"",""I"",""L"",""M"",""N"",""O"",""P"",""R"",""S"",""T"",""U""]}]","false"
"13","ar_to_en","13","[6,18]","[{""position"":0,""characters"":[""A"",""C"",""D"",""E"",""G"",""I"",""L"",""M"",""N"",""O"",""P"",""R"",""S"",""T"",""U"",""Y""]},{""position"":1,""characters"":[""A"",""C"",""D"",""E"",""I"",""L"",""N"",""O"",""P"",""R"",""T"",""U""]},{""position"":2,""characters"":[""I""]},{""position"":3,""characters"":[""A"",""C"",""D"",""E"",""F"",""I"",""M"",""N"",""O"",""S"",""T"",""U""]},{""position"":4,""characters"":[""A"",""C"",""E"",""F"",""I"",""M"",""N"",""O"",""R"",""T"",""U""]},{""position"":5,""characters"":[""A"",""C"",""D"",""E"",""F"",""G"",""I"",""L"",""M"",""N"",""O"",""P"",""R"",""S"",""T"",""U""]},{""position"":6,""characters"":[""A"",""B"",""C"",""I"",""L"",""N"",""O"",""S"",""T"",""U"",""Z""]},{""position"":7,""characters"":[""A"",""C"",""D"",""E"",""F"",""G"",""I"",""M"",""N"",""O"",""P"",""R"",""S"",""T"",""U"",""X""]},{""position"":8,""characters"":[""A"",""C"",""E"",""F"",""I"",""M"",""N"",""O"",""R"",""T"",""U""]},{""position"":9,""characters"":[""A"",""C"",""D"",""E"",""F"",""I"",""M"",""N"",""O"",""R"",""S"",""T"",""U""]},{""position"":10,""characters"":[""I""]},{""position"":11,""characters"":[""A"",""C"",""D"",""E"",""I"",""L"",""N"",""O"",""P"",""R"",""T"",""U""]},{""position"":12,""characters"":[""A"",""C"",""D"",""E"",""G"",""I"",""L"",""N"",""O"",""P"",""R"",""S"",""T"",""U"",""Y""]}]","false"
"13","ar_to_en","5","[6,18]","[{""position"":0,""characters"":[""A"",""E"",""I"",""O"",""U""]},{""position"":1,""characters"":[""D"",""H"",""K"",""L"",""N"",""R"",""S"",""T"",""W""]},{""position"":2,""characters"":[""E""]},{""position"":3,""characters"":[""G""]},{""position"":4,""characters"":[""C"",""G"",""I"",""L"",""M"",""R"",""S"",""T"",""U""]}]","false"
"13","ar_to_en","5","[6,18]","[{""position"":0,""characters"":[""A"",""D"",""E"",""G"",""I"",""K"",""O"",""S"",""T"",""U"",""Y""]},{""position"":1,""characters"":[""A"",""C"",""D"",""H"",""L"",""M"",""N"",""P"",""R"",""S"",""T"",""V"",""X""]},{""position"":2,""characters"":[""A"",""E"",""I"",""R"",""U""]},{""position"":3,""characters"":[""N"",""S""]},{""position"":4,""characters"":[""N"",""O""]}]","true"
"13","ar_to_en","4","[6,18]","[{""position"":0,""characters"":[""C"",""E"",""H"",""L"",""O"",""S"",""T""]},{""position"":1,""characters"":[""O"",""S""]},{""position"":2,""characters"":[""U""]},{""position"":3,""characters"":[""G"",""H"",""N"",""P"",""S""]}]","true"
"13","ar_to_en","8","[6,18]","[{""position"":0,""characters"":[""A"",""C"",""E"",""G"",""I"",""N"",""O"",""S"",""T"",""U""]},{""position"":1,""characters"":[""A"",""C"",""D"",""E"",""F"",""G"",""H"",""K"",""L"",""M"",""N"",""P"",""R"",""S"",""T"",""V""]},{""position"":2,""characters"":[""A"",""E"",""I"",""R"",""U""]},{""position"":3,""characters"":[""A"",""E"",""I"",""O"",""U""]},{""position"":4,""characters"":[""A"",""C"",""D"",""E"",""G"",""H"",""I"",""K"",""L"",""M"",""N"",""P"",""R"",""S"",""T"",""U"",""V""]},{""position"":5,""characters"":[""N"",""O""]},{""position"":6,""characters"":[""A"",""D"",""E"",""G"",""H"",""K"",""L"",""M"",""N"",""P"",""R"",""S"",""T"",""Y""]},{""position"":7,""characters"":[""A"",""D"",""O"",""S""]}]","false"
"13","ar_to_en","8","[6,18]","[{""position"":0,""characters"":[""A"",""E"",""G"",""H"",""L"",""M"",""N"",""P"",""R"",""S"",""T"",""U"",""V""]},{""position"":1,""characters"":[""A"",""E"",""H"",""I"",""N"",""O"",""U""]},{""position"":2,""characters"":[""A"",""E"",""I"",""N"",""O"",""U"",""W""]},{""position"":3,""characters"":[""O"",""S""]},{""position"":4,""characters"":[""B"",""C"",""D"",""E"",""H"",""I"",""K"",""L"",""M"",""N"",""O"",""P"",""R"",""S"",""T"",""U"",""V"",""W""]},{""position"":5,""characters"":[""A"",""O""]},{""position"":6,""characters"":[""A"",""D"",""E"",""I"",""K"",""N"",""O"",""T""]},{""position"":7,""characters"":[""B"",""C"",""D"",""E"",""F"",""G"",""H"",""J"",""K"",""L"",""M"",""N"",""O"",""P"",""R"",""S"",""T"",""W"",""Y""]}]","true"
"13","ar_to_en","4","[6,9,12,13,14,18,21,27,30]","[{""position"":0,""characters"":[""A"",""E"",""I"",""O"",""P"",""U""]},{""position"":1,""characters"":[""A"",""E"",""I"",""O"",""U""]},{""position"":2,""characters"":[""L""]},{""position"":3,""characters"":[""A"",""E"",""I"",""T""]}]","true"
"13","ar_to_en","13","[6,8,9]","[{""position"":0,""characters"":[""A"",""C"",""D"",""E"",""G"",""I"",""L"",""M"",""N"",""O"",""P"",""R"",""S"",""T"",""U"",""Y""]},{""position"":1,""characters"":[""A"",""C"",""D"",""E"",""I"",""L"",""N"",""O"",""P"",""R"",""T"",""U"",""V""]},{""position"":2,""characters"":[""I""]},{""position"":3,""characters"":[""A"",""C"",""D"",""E"",""F"",""I"",""M"",""N"",""O"",""P"",""R"",""S"",""T"",""U""]},{""position"":4,""characters"":[""A"",""E"",""F"",""I"",""M"",""N"",""O"",""R"",""T"",""U""]},{""position"":5,""characters"":[""A"",""C"",""E"",""F"",""G"",""I"",""L"",""M"",""N"",""O"",""P"",""R"",""S"",""T"",""U"",""X""]},{""position"":6,""characters"":[""A"",""B"",""C"",""H"",""I"",""L"",""N"",""O"",""S"",""T"",""U""]},{""position"":7,""characters"":[""A"",""C"",""D"",""E"",""F"",""G"",""I"",""L"",""M"",""N"",""O"",""P"",""R"",""S"",""T"",""U"",""X""]},{""position"":8,""characters"":[""A"",""C"",""E"",""F"",""I"",""N"",""O"",""R"",""T"",""U""]},{""position"":9,""characters"":[""A"",""C"",""D"",""E"",""F"",""I"",""M"",""N"",""O"",""P"",""R"",""S"",""T"",""U""]},{""position"":10,""characters"":[""I""]},{""position"":11,""characters"":[""A"",""D"",""E"",""I"",""L"",""N"",""O"",""P"",""R"",""U"",""V""]},{""position"":12,""characters"":[""A"",""C"",""D"",""E"",""G"",""I"",""L"",""M"",""N"",""O"",""P"",""R"",""S"",""T"",""U"",""Y""]}]","false"
"13","ar_to_en","3","[6,26]","[{""position"":0,""characters"":[""N""]},{""position"":1,""characters"":[""A""]},{""position"":2,""characters"":[""P"",""S""]}]","false"
"13","ar_to_en","3","[6,30]","[{""position"":0,""characters"":[""A"",""E"",""N""]},{""position"":1,""characters"":[""N""]},{""position"":2,""characters"":[""N""]}]","false"
"13","ar_to_en","4","[6,15]","[{""position"":0,""characters"":[""A"",""D"",""E"",""G"",""I"",""K"",""O"",""S"",""T"",""U"",""Y""]},{""position"":1,""characters"":[""N""]},{""position"":2,""characters"":[""A"",""C""]},{""position"":3,""characters"":[""D"",""T""]}]","true"
"13","ar_to_en","4","[6,16,19]","[{""position"":0,""characters"":[""A"",""I"",""O""]},{""position"":1,""characters"":[""S""]},{""position"":2,""characters"":[""C"",""E"",""N"",""R"",""W""]},{""position"":3,""characters"":[""A""]}]","false"
"13","ar_to_en","4","[6,7]","[{""position"":0,""characters"":[""A"",""C"",""D"",""E"",""H"",""L"",""M"",""N"",""O"",""P"",""R"",""S"",""T"",""U"",""V""]},{""position"":1,""characters"":[""E"",""F"",""I"",""T""]},{""position"":2,""characters"":[""C"",""K"",""L"",""N""]},{""position"":3,""characters"":[""N""]}]","false"
"13","ar_to_en","4","[6,25]","[{""position"":0,""characters"":[""E"",""O""]},{""position"":1,""characters"":[""K"",""L"",""N""]},{""position"":2,""characters"":[""N""]},{""position"":3,""characters"":[""L"",""N"",""R"",""S"",""T""]}]","false"
"13","ar_to_en","3","[6,11,13,14,20,27]","[{""position"":0,""characters"":[""A"",""E"",""K"",""U""]},{""position"":1,""characters"":[""A"",""D"",""F"",""I"",""L"",""O"",""Y""]},{""position"":2,""characters"":[""C""]}]","false"
"13","ar_to_en","4","[6,8,12,13,25]","[{""position"":0,""characters"":[""A"",""B"",""C"",""D"",""E"",""F"",""L"",""N"",""O"",""P"",""R"",""S"",""T"",""U"",""V""]},{""position"":1,""characters"":[""A"",""E"",""F"",""I"",""L"",""O"",""U""]},{""position"":2,""characters"":[""C"",""K"",""L"",""N""]},{""position"":3,""characters"":[""N""]}]","false"
"13","ar_to_en","13","[6,12,17,18,21,23,24,25,26]","[{""position"":0,""characters"":[""A"",""C"",""D"",""E"",""G"",""I"",""L"",""M"",""N"",""O"",""P"",""R"",""S"",""T"",""U"",""Y""]},{""position"":1,""characters"":[""A"",""C"",""D"",""E"",""I"",""L"",""N"",""O"",""P"",""R"",""T"",""U""]},{""position"":2,""characters"":[""I""]},{""position"":3,""characters"":[""A"",""C"",""D"",""E"",""F"",""I"",""M"",""N"",""O"",""R"",""S"",""T"",""U""]},{""position"":4,""characters"":[""A"",""C"",""E"",""F"",""I"",""M"",""N"",""O"",""R"",""T"",""U""]},{""position"":5,""characters"":[""A"",""C"",""D"",""E"",""F"",""G"",""I"",""L"",""M"",""N"",""O"",""P"",""R"",""S"",""T"",""U"",""X""]},{""position"":6,""characters"":[""A"",""B"",""C"",""I"",""L"",""N"",""O"",""S"",""T"",""U""]},{""position"":7,""characters"":[""A"",""C"",""D"",""E"",""F"",""G"",""I"",""L"",""M"",""N"",""O"",""P"",""R"",""S"",""T"",""U"",""X""]},{""position"":8,""characters"":[""A"",""C"",""E"",""F"",""I"",""M"",""N"",""O"",""R"",""T"",""U""]},{""position"":9,""characters"":[""A"",""C"",""D"",""E"",""F"",""I"",""M"",""N"",""O"",""R"",""S"",""T"",""U""]},{""position"":10,""characters"":[""I""]},{""position"":11,""characters"":[""A"",""C"",""D"",""E"",""I"",""L"",""N"",""O"",""P"",""R"",""T"",""U""]},{""position"":12,""characters"":[""A"",""C"",""D"",""E"",""G"",""I"",""L"",""M"",""N"",""O"",""P"",""R"",""S"",""T"",""U"",""Y""]}]","false"
"13","ar_to_en","3","[6,21]","[{""position"":0,""characters"":[""A"",""E"",""I"",""O"",""U""]},{""position"":1,""characters"":[""O"",""S""]},{""position"":2,""characters"":[""N"",""O""]}]","false"
"13","ar_to_en","3","[6,26]","[{""position"":0,""characters"":[""B"",""F"",""G"",""L"",""O"",""P"",""S""]},{""position"":1,""characters"":[""S"",""T""]},{""position"":2,""characters"":[""E""]}]","false"
"13","ar_to_en","4","[6,16,18]","[{""position"":0,""characters"":[""A"",""B"",""C"",""D"",""E"",""F"",""G"",""H"",""I"",""J"",""K"",""L"",""M"",""N"",""O"",""P"",""R"",""S"",""T"",""U"",""W"",""Y""]},{""position"":1,""characters"":[""F""]},{""position"":2,""characters"":[""B"",""C"",""D"",""F"",""I"",""M"",""O"",""P"",""R"",""S"",""T"",""W"",""Y""]},{""position"":3,""characters"":[""E"",""Y""]}]","false"
"13","ar_to_en","3","[6,16]","[{""position"":0,""characters"":[""D"",""G"",""S"",""T""]},{""position"":1,""characters"":[""A""]},{""position"":2,""characters"":[""M""]}]","true"
"13","ar_to_en","3","[6,7,8,12,14,15,16,22]","[{""position"":0,""characters"":[""A"",""D"",""E"",""H"",""I"",""K"",""O"",""P"",""U""]},{""position"":1,""characters"":[""O"",""S""]},{""position"":2,""characters"":[""F"",""I""]}]","false"
"13","ar_to_en","13","[6,14]","[{""position"":0,""characters"":[""A"",""C"",""D"",""E"",""G"",""I"",""L"",""M"",""N"",""O"",""P"",""R"",""S"",""T"",""U"",""Y""]},{""position"":1,""characters"":[""A"",""C"",""D"",""E"",""I"",""L"",""N"",""O"",""P"",""R"",""T"",""U""]},{""position"":2,""characters"":[""I""]},{""position"":3,""characters"":[""A"",""C"",""D"",""E"",""F"",""I"",""M"",""N"",""O"",""P"",""R"",""S"",""T"",""U""]},{""position"":4,""characters"":[""A"",""C"",""E"",""F"",""I"",""M"",""N"",""O"",""R"",""T"",""U""]},{""position"":5,""characters"":[""A"",""C"",""D"",""E"",""F"",""G"",""I"",""L"",""M"",""N"",""O"",""P"",""R"",""S"",""T"",""U"",""X""]},{""position"":6,""characters"":[""A"",""B"",""C"",""H"",""I"",""L"",""N"",""O"",""S"",""T"",""U"",""Z""]},{""position"":7,""characters"":[""A"",""C"",""D"",""E"",""F"",""G"",""I"",""M"",""N"",""O"",""P"",""R"",""S"",""T"",""U"",""X""]},{""position"":8,""characters"":[""A"",""C"",""E"",""F"",""I"",""M"",""N"",""O"",""R"",""T"",""U""]},{""position"":9,""characters"":[""A"",""C"",""D"",""E"",""F"",""I"",""M"",""N"",""O"",""R"",""S"",""T"",""U""]},{""position"":10,""characters"":[""I""]},{""position"":11,""characters"":[""A"",""C"",""D"",""E"",""L"",""N"",""O"",""P"",""R"",""T"",""U"",""V""]},{""position"":12,""characters"":[""A"",""C"",""D"",""E"",""G"",""I"",""L"",""N"",""O"",""P"",""R"",""S"",""T"",""U"",""Y""]}]","false"
"13","ar_to_en","6","[6,29]","[{""position"":0,""characters"":[""A"",""E"",""I"",""T""]},{""position"":1,""characters"":[""A"",""D"",""E"",""F"",""G"",""H"",""K"",""L"",""M"",""N"",""P"",""R"",""S"",""T"",""W"",""Y""]},{""position"":2,""characters"":[""A"",""I""]},{""position"":3,""characters"":[""A"",""C"",""E"",""F"",""I"",""L"",""N"",""O"",""R"",""U"",""X""]},{""position"":4,""characters"":[""A"",""C"",""D"",""E"",""H"",""L"",""M"",""N"",""O"",""P"",""R"",""S"",""T"",""U"",""V""]},{""position"":5,""characters"":[""E"",""F"",""I"",""O""]}]","true"
"13","ar_to_en","13","[6,8,12,24]","[{""position"":0,""characters"":[""A"",""C"",""D"",""E"",""G"",""I"",""L"",""M"",""N"",""O"",""P"",""R"",""S"",""T"",""U"",""Y""]},{""position"":1,""characters"":[""A"",""C"",""D"",""E"",""I"",""L"",""N"",""O"",""P"",""R"",""T"",""U"",""V""]},{""position"":2,""characters"":[""I""]},{""position"":3,""characters"":[""A"",""C"",""D"",""E"",""F"",""I"",""M"",""N"",""O"",""R"",""S"",""T"",""U""]},{""position"":4,""characters"":[""A"",""C"",""E"",""F"",""I"",""M"",""N"",""O"",""R"",""T"",""U""]},{""position"":5,""characters"":[""A"",""C"",""D"",""E"",""F"",""G"",""I"",""L"",""M"",""N"",""O"",""P"",""R"",""S"",""T"",""X""]},{""position"":6,""characters"":[""A"",""C"",""H"",""I"",""L"",""N"",""O"",""S"",""T"",""U""]},{""position"":7,""characters"":[""A"",""C"",""D"",""E"",""F"",""G"",""I"",""L"",""M"",""N"",""O"",""P"",""R"",""S"",""T"",""X""]},{""position"":8,""characters"":[""A"",""C"",""E"",""F"",""I"",""M"",""N"",""O"",""R"",""T"",""U""]},{""position"":9,""characters"":[""A"",""C"",""D"",""E"",""F"",""I"",""M"",""N"",""O"",""P"",""R"",""S"",""T"",""U""]},{""position"":10,""characters"":[""I""]},{""position"":11,""characters"":[""A"",""C"",""D"",""E"",""I"",""L"",""N"",""O"",""P"",""R"",""T"",""U""]},{""position"":12,""characters"":[""A"",""C"",""D"",""E"",""G"",""I"",""L"",""M"",""N"",""O"",""P"",""R"",""S"",""T"",""U"",""Y""]}]","false"
"13","ar_to_en","3","[6,10,12,20,22,24,27]","[{""position"":0,""characters"":[""A"",""E"",""G"",""I"",""T"",""U""]},{""position"":1,""characters"":[""N""]},{""position"":2,""characters"":[""E""]}]","false"
"13","ar_to_en","13","[6,12,20]","[{""position"":0,""characters"":[""A"",""C"",""D"",""E"",""G"",""I"",""L"",""M"",""N"",""O"",""P"",""R"",""S"",""T"",""U"",""Y""]},{""position"":1,""characters"":[""A"",""C"",""D"",""E"",""I"",""L"",""N"",""O"",""P"",""R"",""T"",""U""]},{""position"":2,""characters"":[""I""]},{""position"":3,""characters"":[""A"",""C"",""D"",""E"",""F"",""I"",""M"",""N"",""O"",""P"",""R"",""S"",""T"",""U""]},{""position"":4,""characters"":[""A"",""C"",""E"",""F"",""I"",""M"",""N"",""O"",""R"",""T"",""U""]},{""position"":5,""characters"":[""A"",""C"",""E"",""F"",""G"",""I"",""L"",""M"",""N"",""P"",""R"",""S"",""T"",""U""]},{""position"":6,""characters"":[""A"",""B"",""C"",""H"",""I"",""L"",""N"",""O"",""S"",""T"",""U"",""Z""]},{""position"":7,""characters"":[""A"",""C"",""D"",""E"",""F"",""G"",""I"",""L"",""N"",""O"",""P"",""R"",""S"",""T"",""U""]},{""position"":8,""characters"":[""A"",""C"",""E"",""F"",""I"",""M"",""N"",""O"",""R"",""T"",""U""]},{""position"":9,""characters"":[""A"",""C"",""D"",""E"",""F"",""I"",""M"",""N"",""O"",""R"",""S"",""T"",""U""]},{""position"":10,""characters"":[""I""]},{""position"":11,""characters"":[""A"",""D"",""E"",""I"",""L"",""N"",""O"",""P"",""R"",""T"",""U"",""V""]},{""position"":12,""characters"":[""A"",""C"",""D"",""E"",""G"",""I"",""L"",""M"",""N"",""O"",""P"",""R"",""S"",""T"",""U"",""Y""]}]","false"
"13","ar_to_en","4","[6,29]","[{""position"":0,""characters"":[""A"",""B"",""C"",""D"",""E"",""F"",""G"",""H"",""I"",""K"",""L"",""M"",""N"",""O"",""P"",""R"",""S"",""T"",""U"",""V"",""W"",""Y""]},{""position"":1,""characters"":[""F""]},{""position"":2,""characters"":[""A"",""C"",""E"",""H"",""I"",""K"",""L"",""M"",""N"",""O"",""P"",""R"",""T"",""U"",""V"",""X""]},{""position"":3,""characters"":[""D"",""E"",""I""]}]","false"
"13","ar_to_en","3","[6,8,12,14,18,22,23,26]","[{""position"":0,""characters"":[""A"",""D"",""E"",""H"",""I"",""K"",""O"",""P"",""U""]},{""position"":1,""characters"":[""O"",""S""]},{""position"":2,""characters"":[""I""]}]","false"
"13","ar_to_en","3","[6,12,22,29]","[{""position"":0,""characters"":[""M"",""O"",""R"",""S""]},{""position"":1,""characters"":[""N""]},{""position"":2,""characters"":[""N""]}]","false"
"13","ar_to_en","4","[6,12]","[{""position"":0,""characters"":[""A"",""C"",""E"",""H"",""L"",""N"",""O"",""R"",""T"",""U"",""V""]},{""position"":1,""characters"":[""A"",""E"",""F"",""I"",""L"",""O"",""U""]},{""position"":2,""characters"":[""C"",""K"",""L"",""N""]},{""position"":3,""characters"":[""N""]}]","false"
"13","ar_to_en","4","[6,27]","[{""position"":0,""characters"":[""A"",""C"",""D"",""E"",""F"",""G"",""H"",""K"",""L"",""M"",""N"",""O"",""P"",""R"",""S"",""T"",""V"",""Z""]},{""position"":1,""characters"":[""A"",""E"",""F"",""I"",""L"",""O"",""U""]},{""position"":2,""characters"":[""C"",""K"",""L"",""N""]},{""position"":3,""characters"":[""N""]}]","false"
"13","ar_to_en","3","[7,15]","[{""position"":0,""characters"":[""B"",""C"",""D"",""E"",""F"",""G"",""I"",""K"",""L"",""M"",""N"",""O"",""P"",""R"",""S"",""T"",""W""]},{""position"":1,""characters"":[""F"",""S"",""T""]},{""position"":2,""characters"":[""E"",""K"",""L"",""N"",""S""]}]","false"
"13","ar_to_en","13","[7,23]","[{""position"":0,""characters"":[""A"",""C"",""D"",""E"",""G"",""I"",""L"",""M"",""N"",""O"",""P"",""R"",""S"",""T"",""U"",""Y""]},{""position"":1,""characters"":[""A"",""C"",""D"",""E"",""I"",""L"",""N"",""O"",""P"",""R"",""T"",""U""]},{""position"":2,""characters"":[""I""]},{""position"":3,""characters"":[""A"",""C"",""D"",""E"",""F"",""I"",""M"",""N"",""O"",""P"",""R"",""S"",""T"",""U""]},{""position"":4,""characters"":[""A"",""C"",""E"",""F"",""I"",""M"",""N"",""O"",""R"",""T"",""U""]},{""position"":5,""characters"":[""A"",""C"",""D"",""E"",""F"",""G"",""I"",""L"",""M"",""N"",""O"",""P"",""R"",""S"",""T"",""U"",""X""]},{""position"":6,""characters"":[""A"",""B"",""C"",""H"",""I"",""L"",""N"",""O"",""S"",""T"",""U"",""Z""]},{""position"":7,""characters"":[""A"",""C"",""D"",""E"",""F"",""G"",""I"",""M"",""N"",""O"",""P"",""R"",""S"",""T"",""U"",""X""]},{""position"":8,""characters"":[""A"",""C"",""E"",""F"",""I"",""M"",""N"",""O"",""R"",""T"",""U""]},{""position"":9,""characters"":[""A"",""C"",""D"",""E"",""F"",""I"",""M"",""N"",""O"",""R"",""S"",""T"",""U""]},{""position"":10,""characters"":[""I""]},{""position"":11,""characters"":[""A"",""C"",""D"",""E"",""I"",""L"",""N"",""O"",""P"",""R"",""T"",""U"",""V""]},{""position"":12,""characters"":[""A"",""C"",""D"",""E"",""G"",""I"",""L"",""N"",""O"",""P"",""R"",""S"",""T"",""U"",""Y""]}]","false"
"13","ar_to_en","3","[7,11,23]","[{""position"":0,""characters"":[""A"",""B"",""D"",""G"",""J"",""L"",""N"",""P"",""R"",""T"",""W"",""X"",""Y""]},{""position"":1,""characters"":[""N""]},{""position"":2,""characters"":[""M""]}]","false"
"13","ar_to_en","3","[7,11]","[{""position"":0,""characters"":[""A"",""D"",""E"",""H"",""I"",""N"",""R"",""T"",""W"",""X"",""Y""]},{""position"":1,""characters"":[""N""]},{""position"":2,""characters"":[""C"",""L"",""M"",""S""]}]","false"
"13","ar_to_en","3","[7,15]","[{""position"":0,""characters"":[""A"",""D"",""I"",""R""]},{""position"":1,""characters"":[""P""]},{""position"":2,""characters"":[""S""]}]","false"
"13","ar_to_en","3","[7,15,18,28]","[{""position"":0,""characters"":[""E"",""N"",""O"",""T""]},{""position"":1,""characters"":[""N""]},{""position"":2,""characters"":[""K"",""N""]}]","false"
"13","ar_to_en","13","[7,10,12]","[{""position"":0,""characters"":[""A"",""C"",""D"",""E"",""G"",""I"",""L"",""M"",""N"",""O"",""P"",""R"",""S"",""T"",""U"",""Y""]},{""position"":1,""characters"":[""A"",""C"",""D"",""E"",""I"",""L"",""N"",""O"",""P"",""R"",""T"",""U"",""V""]},{""position"":2,""characters"":[""I""]},{""position"":3,""characters"":[""A"",""C"",""D"",""E"",""F"",""I"",""M"",""N"",""O"",""P"",""R"",""S"",""T"",""U""]},{""position"":4,""characters"":[""A"",""C"",""E"",""F"",""I"",""M"",""N"",""O"",""R"",""T"",""U""]},{""position"":5,""characters"":[""A"",""C"",""D"",""E"",""F"",""G"",""I"",""L"",""M"",""N"",""O"",""P"",""R"",""S"",""T"",""U"",""X""]},{""position"":6,""characters"":[""A"",""B"",""C"",""H"",""I"",""L"",""N"",""O"",""S"",""T"",""U"",""Z""]},{""position"":7,""characters"":[""A"",""C"",""D"",""E"",""F"",""G"",""I"",""L"",""M"",""N"",""O"",""P"",""R"",""S"",""T"",""U"",""X""]},{""position"":8,""characters"":[""A"",""C"",""E"",""F"",""I"",""M"",""N"",""O"",""R"",""T"",""U""]},{""position"":9,""characters"":[""A"",""C"",""D"",""E"",""F"",""I"",""M"",""N"",""O"",""P"",""R"",""S"",""T"",""U""]},{""position"":10,""characters"":[""I""]},{""position"":11,""characters"":[""A"",""C"",""D"",""E"",""I"",""L"",""N"",""O"",""P"",""R"",""T"",""U"",""V""]},{""position"":12,""characters"":[""A"",""C"",""D"",""E"",""G"",""I"",""L"",""M"",""N"",""O"",""P"",""R"",""S"",""T"",""U"",""Y""]}]","false"
"13","ar_to_en","4","[7,18]","[{""position"":0,""characters"":[""A"",""I"",""O""]},{""position"":1,""characters"":[""N""]},{""position"":2,""characters"":[""E""]},{""position"":3,""characters"":[""T"",""Y""]}]","false"
"13","ar_to_en","4","[7,12,25]","[{""position"":0,""characters"":[""A"",""C"",""D"",""E"",""H"",""L"",""M"",""N"",""O"",""P"",""R"",""S"",""T"",""U"",""V""]},{""position"":1,""characters"":[""N""]},{""position"":2,""characters"":[""A"",""D"",""F"",""G"",""H"",""I"",""L"",""N"",""O"",""U"",""W""]},{""position"":3,""characters"":[""A"",""E"",""I"",""R"",""U""]}]","true"
"13","ar_to_en","3","[7,19,20,27]","[{""position"":0,""characters"":[""C""]},{""position"":1,""characters"":[""O"",""R""]},{""position"":2,""characters"":[""N"",""R"",""T""]}]","false"
"13","ar_to_en","4","[7,12,29]","[{""position"":0,""characters"":[""A"",""B"",""C"",""E"",""F"",""H"",""L"",""M"",""P"",""W""]},{""position"":1,""characters"":[""P"",""R""]},{""position"":2,""characters"":[""S""]},{""position"":3,""characters"":[""C"",""H"",""S"",""T""]}]","false"
"13","ar_to_en","3","[7,12]","[{""position"":0,""characters"":[""D"",""R"",""T""]},{""position"":1,""characters"":[""D""]},{""position"":2,""characters"":[""S""]}]","false"
"13","ar_to_en","13","[7,13]","[{""position"":0,""characters"":[""C"",""M"",""N"",""O"",""S""]},{""position"":1,""characters"":[""I"",""L"",""O"",""R""]},{""position"":2,""characters"":[""N"",""S"",""T""]},{""position"":3,""characters"":[""A"",""C"",""I"",""N"",""T""]},{""position"":4,""characters"":[""E"",""F"",""N"",""O"",""R""]},{""position"":5,""characters"":[""I"",""L""]},{""position"":6,""characters"":[""B"",""C"",""L"",""S""]},{""position"":7,""characters"":[""A"",""S"",""U""]},{""position"":8,""characters"":[""E"",""N"",""T""]},{""position"":9,""characters"":[""E"",""I""]},{""position"":10,""characters"":[""O""]},{""position"":11,""characters"":[""R""]},{""position"":12,""characters"":[""P"",""S""]}]","false"
"13","ar_to_en","4","[7,11,24,29]","[{""position"":0,""characters"":[""A"",""C"",""D"",""E"",""F"",""G"",""H"",""K"",""L"",""M"",""N"",""O"",""P"",""R"",""S"",""T"",""U"",""V"",""W""]},{""position"":1,""characters"":[""A"",""C"",""D"",""E"",""G"",""I"",""K"",""N"",""O"",""T"",""W""]},{""position"":2,""characters"":[""I""]},{""position"":3,""characters"":[""A"",""E""]}]","false"
"13","ar_to_en","3","[7,8]","[{""position"":0,""characters"":[""A"",""E"",""H"",""I"",""L"",""O"",""R"",""U""]},{""position"":1,""characters"":[""A"",""E"",""I"",""O"",""U""]},{""position"":2,""characters"":[""I""]}]","false"
"13","ar_to_en","3","[7,30]","[{""position"":0,""characters"":[""A"",""P"",""S"",""T"",""Y""]},{""position"":1,""characters"":[""A"",""C"",""E"",""T"",""Y""]},{""position"":2,""characters"":[""I""]}]","false"
"13","ar_to_en","13","[7,10]","[{""position"":0,""characters"":[""A"",""C"",""D"",""E"",""G"",""I"",""L"",""M"",""N"",""O"",""P"",""R"",""S"",""T"",""U"",""Y""]},{""position"":1,""characters"":[""A"",""C"",""D"",""E"",""I"",""L"",""N"",""O"",""P"",""R"",""T"",""U"",""V""]},{""position"":2,""characters"":[""E"",""I"",""N"",""O"",""S"",""T""]},{""position"":3,""characters"":[""A"",""C"",""D"",""E"",""I"",""M"",""N"",""O"",""P"",""R"",""S"",""T"",""U""]},{""position"":4,""characters"":[""A"",""C"",""E"",""F"",""I"",""M"",""N"",""O"",""R"",""T"",""U""]},{""position"":5,""characters"":[""A"",""C"",""D"",""E"",""F"",""I"",""L"",""M"",""N"",""O"",""P"",""R"",""S"",""T"",""U""]},{""position"":6,""characters"":[""A"",""B"",""C"",""H"",""I"",""L"",""N"",""O"",""S"",""T"",""U""]},{""position"":7,""characters"":[""A"",""C"",""D"",""E"",""F"",""I"",""L"",""M"",""N"",""O"",""P"",""R"",""S"",""T"",""U"",""X""]},{""position"":8,""characters"":[""A"",""E"",""F"",""I"",""M"",""N"",""O"",""R"",""T"",""U""]},{""position"":9,""characters"":[""A"",""C"",""D"",""E"",""F"",""I"",""M"",""N"",""O"",""P"",""R"",""S"",""T"",""U""]},{""position"":10,""characters"":[""D"",""M"",""N"",""P"",""R"",""T""]},{""position"":11,""characters"":[""I""]},{""position"":12,""characters"":[""A"",""C"",""D"",""E"",""G"",""I"",""L"",""M"",""N"",""O"",""P"",""R"",""S"",""T"",""U""]}]","false"
"13","ar_to_en","13","[7,10]","[{""position"":0,""characters"":[""A"",""C"",""D"",""E"",""G"",""I"",""L"",""M"",""N"",""O"",""P"",""R"",""S"",""T"",""U"",""Y""]},{""position"":1,""characters"":[""A"",""C"",""D"",""E"",""I"",""L"",""N"",""O"",""P"",""R"",""T"",""U"",""V""]},{""position"":2,""characters"":[""I""]},{""position"":3,""characters"":[""A"",""C"",""D"",""E"",""F"",""I"",""M"",""N"",""O"",""P"",""R"",""S"",""T"",""U""]},{""position"":4,""characters"":[""A"",""C"",""E"",""F"",""I"",""M"",""N"",""O"",""R"",""T"",""U""]},{""position"":5,""characters"":[""A"",""C"",""D"",""E"",""F"",""G"",""I"",""L"",""M"",""N"",""O"",""P"",""R"",""S"",""T"",""U""]},{""position"":6,""characters"":[""A"",""B"",""C"",""H"",""I"",""L"",""N"",""O"",""S"",""T"",""U""]},{""position"":7,""characters"":[""A"",""C"",""D"",""E"",""F"",""G"",""I"",""L"",""M"",""N"",""O"",""P"",""R"",""S"",""T"",""U"",""X""]},{""position"":8,""characters"":[""A"",""E"",""F"",""I"",""M"",""N"",""O"",""R"",""T"",""U""]},{""position"":9,""characters"":[""A"",""C"",""D"",""E"",""F"",""I"",""M"",""N"",""O"",""P"",""R"",""S"",""T"",""U""]},{""position"":10,""characters"":[""I""]},{""position"":11,""characters"":[""E"",""I"",""N"",""P"",""R""]},{""position"":12,""characters"":[""A"",""C"",""D"",""E"",""G"",""I"",""L"",""M"",""N"",""O"",""P"",""R"",""S"",""T"",""U""]}]","false"
"13","ar_to_en","13","[7,10]","[{""position"":0,""characters"":[""A"",""C"",""D"",""E"",""G"",""I"",""L"",""M"",""N"",""O"",""P"",""S"",""T"",""U"",""Y""]},{""position"":1,""characters"":[""A"",""C"",""D"",""E"",""I"",""L"",""N"",""O"",""P"",""R"",""T"",""U"",""V""]},{""position"":2,""characters"":[""E"",""I""]},{""position"":3,""characters"":[""A"",""C"",""D"",""E"",""F"",""I"",""M"",""N"",""O"",""P"",""R"",""S"",""T"",""U""]},{""position"":4,""characters"":[""A"",""C"",""E"",""F"",""I"",""M"",""N"",""O"",""R"",""T"",""U""]},{""position"":5,""characters"":[""A"",""C"",""D"",""E"",""F"",""G"",""I"",""L"",""M"",""N"",""O"",""P"",""R"",""S"",""T"",""U""]},{""position"":6,""characters"":[""A"",""B"",""C"",""H"",""I"",""L"",""N"",""O"",""S"",""T"",""U""]},{""position"":7,""characters"":[""A"",""C"",""D"",""E"",""F"",""G"",""I"",""L"",""M"",""N"",""O"",""P"",""R"",""S"",""T"",""U"",""X""]},{""position"":8,""characters"":[""A"",""E"",""F"",""I"",""M"",""N"",""O"",""R"",""T"",""U""]},{""position"":9,""characters"":[""A"",""C"",""D"",""E"",""F"",""I"",""M"",""N"",""O"",""P"",""R"",""S"",""T"",""U""]},{""position"":10,""characters"":[""I"",""N"",""O"",""V""]},{""position"":11,""characters"":[""I""]},{""position"":12,""characters"":[""A"",""C"",""D"",""E"",""G"",""I"",""L"",""M"",""N"",""O"",""P"",""S"",""T"",""U""]}]","false"
"13","ar_to_en","13","[7,10]","[{""position"":0,""characters"":[""A"",""C"",""D"",""E"",""G"",""I"",""L"",""M"",""N"",""O"",""P"",""R"",""S"",""T"",""U"",""Y""]},{""position"":1,""characters"":[""A"",""C"",""D"",""E"",""I"",""L"",""N"",""O"",""P"",""R"",""T"",""U"",""V""]},{""position"":2,""characters"":[""E"",""I"",""T""]},{""position"":3,""characters"":[""A"",""C"",""D"",""E"",""F"",""I"",""M"",""N"",""O"",""P"",""R"",""S"",""T"",""U""]},{""position"":4,""characters"":[""A"",""C"",""E"",""F"",""I"",""M"",""N"",""O"",""R"",""T"",""U""]},{""position"":5,""characters"":[""A"",""C"",""D"",""E"",""F"",""G"",""I"",""L"",""M"",""N"",""O"",""P"",""R"",""S"",""T"",""U""]},{""position"":6,""characters"":[""A"",""B"",""C"",""H"",""I"",""L"",""N"",""O"",""S"",""T"",""U""]},{""position"":7,""characters"":[""A"",""C"",""D"",""E"",""F"",""G"",""I"",""L"",""M"",""N"",""O"",""P"",""R"",""S"",""T"",""U"",""X""]},{""position"":8,""characters"":[""A"",""E"",""F"",""I"",""M"",""N"",""O"",""R"",""T"",""U""]},{""position"":9,""characters"":[""A"",""C"",""D"",""E"",""F"",""I"",""M"",""N"",""O"",""P"",""R"",""S"",""T"",""U""]},{""position"":10,""characters"":[""D"",""M"",""N"",""P"",""R"",""T""]},{""position"":11,""characters"":[""I""]},{""position"":12,""characters"":[""A"",""C"",""D"",""E"",""G"",""I"",""L"",""M"",""N"",""O"",""P"",""R"",""S"",""T"",""U""]}]","false"
"13","ar_to_en","3","[7,8,19]","[{""position"":0,""characters"":[""A"",""B"",""D"",""E"",""G"",""J"",""K"",""L"",""N"",""R"",""S"",""T"",""U"",""X"",""Y""]},{""position"":1,""characters"":[""A"",""D"",""E"",""P"",""S""]},{""position"":2,""characters"":[""I""]}]","false"
"13","ar_to_en","5","[7,26]","[{""position"":0,""characters"":[""A"",""D"",""E"",""H"",""L"",""M"",""N"",""O"",""P"",""R"",""S"",""T"",""U"",""W"",""Y""]},{""position"":1,""characters"":[""F""]},{""position"":2,""characters"":[""T""]},{""position"":3,""characters"":[""I"",""O"",""U""]},{""position"":4,""characters"":[""A"",""E"",""L"",""T"",""U""]}]","false"
"13","ar_to_en","6","[7,26]","[{""position"":0,""characters"":[""A"",""C"",""E"",""M"",""T"",""Y""]},{""position"":1,""characters"":[""O"",""S""]},{""position"":2,""characters"":[""A"",""E"",""G"",""I"",""O"",""U""]},{""position"":3,""characters"":[""A"",""C"",""D"",""E"",""H"",""L"",""M"",""N"",""O"",""P"",""R"",""S"",""T"",""U"",""V""]},{""position"":4,""characters"":[""A"",""E"",""I"",""O""]},{""position"":5,""characters"":[""A"",""N"",""O"",""T""]}]","true"
"13","ar_to_en","6","[7,26]","[{""position"":0,""characters"":[""A"",""E""]},{""position"":1,""characters"":[""C"",""D"",""E"",""G"",""I"",""L"",""N"",""P"",""R"",""S"",""T"",""Y""]},{""position"":2,""characters"":[""C"",""K"",""L"",""N""]},{""position"":3,""characters"":[""A"",""C"",""D"",""E"",""G"",""I"",""K"",""N"",""O"",""R"",""S"",""T"",""U"",""W""]},{""position"":4,""characters"":[""A"",""I"",""O"",""R""]},{""position"":5,""characters"":[""R""]}]","false"
"13","ar_to_en","13","[7,12,18]","[{""position"":0,""characters"":[""A"",""C"",""D"",""E"",""G"",""I"",""L"",""M"",""N"",""O"",""P"",""R"",""S"",""T"",""U"",""Y""]},{""position"":1,""characters"":[""A"",""C"",""D"",""E"",""I"",""L"",""N"",""O"",""P"",""R"",""T"",""U"",""V""]},{""position"":2,""characters"":[""I""]},{""position"":3,""characters"":[""A"",""C"",""D"",""E"",""F"",""I"",""M"",""N"",""O"",""P"",""S"",""T"",""U""]},{""position"":4,""characters"":[""A"",""C"",""E"",""F"",""I"",""M"",""N"",""O"",""R"",""T"",""U""]},{""position"":5,""characters"":[""A"",""C"",""E"",""F"",""G"",""I"",""L"",""M"",""N"",""P"",""R"",""S"",""T"",""U""]},{""position"":6,""characters"":[""A"",""B"",""C"",""H"",""I"",""L"",""N"",""O"",""S"",""T"",""U""]},{""position"":7,""characters"":[""A"",""C"",""D"",""E"",""F"",""G"",""I"",""N"",""O"",""P"",""R"",""S"",""T"",""U""]},{""position"":8,""characters"":[""A"",""C"",""E"",""F"",""I"",""M"",""N"",""O"",""R"",""T"",""U""]},{""position"":9,""characters"":[""A"",""C"",""D"",""E"",""F"",""I"",""M"",""N"",""O"",""P"",""R"",""S"",""T"",""U""]},{""position"":10,""characters"":[""I""]},{""position"":11,""characters"":[""A"",""D"",""E"",""L"",""N"",""O"",""P"",""R"",""T"",""U"",""V""]},{""position"":12,""characters"":[""A"",""C"",""D"",""E"",""G"",""I"",""L"",""N"",""O"",""P"",""R"",""S"",""T"",""U"",""Y""]}]","false"
"13","ar_to_en","6","[7,18]","[{""position"":0,""characters"":[""A"",""D"",""O"",""S""]},{""position"":1,""characters"":[""A"",""C"",""D"",""E"",""F"",""G"",""H"",""K"",""L"",""M"",""N"",""P"",""R"",""S"",""T"",""V"",""W"",""Y""]},{""position"":2,""characters"":[""I"",""M"",""P""]},{""position"":3,""characters"":[""B"",""C"",""D"",""F"",""G"",""H"",""I"",""J"",""K"",""L"",""M"",""N"",""O"",""P"",""R"",""S"",""T"",""U"",""V"",""W""]},{""position"":4,""characters"":[""A"",""E"",""G"",""I"",""O"",""R"",""U"",""W""]},{""position"":5,""characters"":[""A"",""E"",""K"",""U""]}]","false"
"13","ar_to_en","6","[7,10]","[{""position"":0,""characters"":[""B"",""C"",""D"",""E"",""G"",""L"",""P"",""R"",""S"",""T""]},{""position"":1,""characters"":[""E"",""O""]},{""position"":2,""characters"":[""O""]},{""position"":3,""characters"":[""E"",""I"",""O"",""U""]},{""position"":4,""characters"":[""H"",""N"",""R"",""T""]},{""position"":5,""characters"":[""T""]}]","false"
"13","ar_to_en","3","[7,9]","[{""position"":0,""characters"":[""A"",""E"",""N"",""R"",""T""]},{""position"":1,""characters"":[""A""]},{""position"":2,""characters"":[""S""]}]","false"
"13","ar_to_en","13","[7,15]","[{""position"":0,""characters"":[""A"",""C"",""D"",""E"",""G"",""I"",""L"",""M"",""N"",""O"",""P"",""R"",""S"",""T"",""U"",""Y""]},{""position"":1,""characters"":[""A"",""C"",""D"",""E"",""I"",""L"",""N"",""O"",""P"",""R"",""T"",""U"",""V""]},{""position"":2,""characters"":[""I""]},{""position"":3,""characters"":[""A"",""C"",""D"",""E"",""F"",""I"",""M"",""N"",""O"",""R"",""S"",""T"",""U""]},{""position"":4,""characters"":[""A"",""E"",""F"",""I"",""M"",""N"",""O"",""R"",""T"",""U""]},{""position"":5,""characters"":[""A"",""C"",""D"",""E"",""F"",""G"",""I"",""L"",""M"",""N"",""O"",""P"",""R"",""S"",""T"",""U"",""X""]},{""position"":6,""characters"":[""A"",""B"",""C"",""H"",""I"",""L"",""N"",""O"",""S"",""T"",""U""]},{""position"":7,""characters"":[""A"",""C"",""D"",""E"",""F"",""G"",""I"",""L"",""M"",""N"",""O"",""P"",""R"",""S"",""T"",""U"",""X""]},{""position"":8,""characters"":[""A"",""C"",""E"",""F"",""I"",""M"",""N"",""O"",""R"",""T"",""U""]},{""position"":9,""characters"":[""A"",""C"",""D"",""E"",""F"",""I"",""M"",""N"",""O"",""P"",""R"",""S"",""T"",""U""]},{""position"":10,""characters"":[""I""]},{""position"":11,""characters"":[""A"",""C"",""D"",""E"",""I"",""L"",""N"",""O"",""P"",""R"",""T"",""U""]},{""position"":12,""characters"":[""A"",""C"",""D"",""E"",""G"",""I"",""L"",""M"",""N"",""O"",""P"",""R"",""S"",""T"",""U"",""Y""]}]","false"
"13","ar_to_en","3","[7,12,17,18,20,28,29]","[{""position"":0,""characters"":[""A"",""E"",""I"",""L"",""M"",""O"",""R"",""U""]},{""position"":1,""characters"":[""A"",""E"",""I"",""O"",""U""]},{""position"":2,""characters"":[""I""]}]","false"
"13","ar_to_en","3","[7,17,19]","[{""position"":0,""characters"":[""I"",""O""]},{""position"":1,""characters"":[""A"",""E""]},{""position"":2,""characters"":[""N""]}]","false"
"13","ar_to_en","4","[7,18,19,21]","[{""position"":0,""characters"":[""B"",""D"",""E"",""F"",""G"",""H"",""K"",""L"",""M"",""N"",""O"",""P"",""R"",""S"",""T"",""U"",""W"",""Y""]},{""position"":1,""characters"":[""C"",""E"",""O"",""T""]},{""position"":2,""characters"":[""E"",""R""]},{""position"":3,""characters"":[""R""]}]","true"
"13","ar_to_en","3","[7,10,11,12,15,17,18,19,22,24,25,27]","[{""position"":0,""characters"":[""A"",""I"",""O"",""R"",""U""]},{""position"":1,""characters"":[""C"",""K"",""L"",""N""]},{""position"":2,""characters"":[""A"",""I"",""O""]}]","false"
"13","ar_to_en","4","[7,12,22,27]","[{""position"":0,""characters"":[""A"",""B"",""C"",""D"",""E"",""F"",""G"",""H"",""K"",""L"",""M"",""N"",""P"",""R"",""S"",""T"",""V"",""W"",""Y""]},{""position"":1,""characters"":[""A"",""E"",""I"",""R"",""U""]},{""position"":2,""characters"":[""N"",""S""]},{""position"":3,""characters"":[""N"",""O""]}]","false"
"13","ar_to_en","4","[7,9,24]","[{""position"":0,""characters"":[""E"",""H"",""O"",""S""]},{""position"":1,""characters"":[""K"",""N""]},{""position"":2,""characters"":[""L"",""R""]},{""position"":3,""characters"":[""T""]}]","false"
"13","ar_to_en","4","[8,9]","[{""position"":0,""characters"":[""A"",""E"",""I"",""N"",""O"",""U""]},{""position"":1,""characters"":[""A"",""G"",""I"",""L"",""N""]},{""position"":2,""characters"":[""C"",""E""]},{""position"":3,""characters"":[""D"",""T""]}]","true"
"13","ar_to_en","3","[8,27]","[{""position"":0,""characters"":[""A""]},{""position"":1,""characters"":[""I"",""O""]},{""position"":2,""characters"":[""T""]}]","false"
"13","ar_to_en","3","[8,21]","[{""position"":0,""characters"":[""A"",""B"",""L"",""N"",""P"",""R"",""T"",""W""]},{""position"":1,""characters"":[""E"",""K"",""N""]},{""position"":2,""characters"":[""C""]}]","false"
"13","ar_to_en","3","[8,27]","[{""position"":0,""characters"":[""B"",""C"",""F"",""M"",""R""]},{""position"":1,""characters"":[""A""]},{""position"":2,""characters"":[""S""]}]","false"
"13","ar_to_en","3","[8,27]","[{""position"":0,""characters"":[""G""]},{""position"":1,""characters"":[""E""]},{""position"":2,""characters"":[""P"",""T"",""W""]}]","false"
"13","ar_to_en","13","[8,17,20,30]","[{""position"":0,""characters"":[""A"",""C"",""D"",""E"",""G"",""I"",""L"",""M"",""N"",""O"",""P"",""R"",""S"",""T"",""U"",""Y""]},{""position"":1,""characters"":[""A"",""C"",""D"",""E"",""I"",""L"",""N"",""O"",""P"",""R"",""T"",""U"",""V""]},{""position"":2,""characters"":[""I""]},{""position"":3,""characters"":[""A"",""C"",""D"",""E"",""F"",""I"",""M"",""N"",""O"",""R"",""S"",""T"",""U""]},{""position"":4,""characters"":[""A"",""C"",""E"",""F"",""I"",""M"",""N"",""O"",""R"",""T"",""U""]},{""position"":5,""characters"":[""A"",""C"",""D"",""E"",""F"",""G"",""I"",""L"",""M"",""N"",""O"",""P"",""R"",""S"",""T"",""U"",""X""]},{""position"":6,""characters"":[""A"",""B"",""C"",""H"",""I"",""L"",""N"",""O"",""S"",""T"",""U"",""Z""]},{""position"":7,""characters"":[""A"",""C"",""D"",""E"",""F"",""G"",""I"",""L"",""M"",""N"",""O"",""P"",""R"",""S"",""T"",""U""]},{""position"":8,""characters"":[""A"",""C"",""E"",""F"",""I"",""M"",""N"",""O"",""R"",""T"",""U""]},{""position"":9,""characters"":[""A"",""C"",""D"",""E"",""F"",""I"",""M"",""N"",""O"",""P"",""R"",""S"",""T"",""U""]},{""position"":10,""characters"":[""I""]},{""position"":11,""characters"":[""A"",""C"",""D"",""E"",""I"",""L"",""N"",""O"",""P"",""R"",""T"",""U""]},{""position"":12,""characters"":[""A"",""C"",""D"",""E"",""G"",""I"",""L"",""M"",""N"",""O"",""P"",""R"",""S"",""T"",""U"",""Y""]}]","false"
"13","ar_to_en","4","[8,15]","[{""position"":0,""characters"":[""A"",""E"",""H"",""S""]},{""position"":1,""characters"":[""P"",""S"",""T""]},{""position"":2,""characters"":[""N""]},{""position"":3,""characters"":[""E"",""T"",""Y""]}]","false"
"13","ar_to_en","3","[8,13,18,22,25,26]","[{""position"":0,""characters"":[""A"",""E"",""I"",""O"",""P"",""U""]},{""position"":1,""characters"":[""A"",""E"",""I"",""O"",""U""]},{""position"":2,""characters"":[""I""]}]","false"
"13","ar_to_en","3","[8,23]","[{""position"":0,""characters"":[""C"",""T""]},{""position"":1,""characters"":[""R""]},{""position"":2,""characters"":[""E"",""M""]}]","false"
"13","ar_to_en","13","[8,11,14]","[{""position"":0,""characters"":[""A"",""C"",""D"",""E"",""G"",""I"",""L"",""M"",""N"",""O"",""P"",""R"",""S"",""T"",""U"",""Y""]},{""position"":1,""characters"":[""A"",""C"",""D"",""E"",""I"",""L"",""N"",""O"",""P"",""R"",""T"",""U""]},{""position"":2,""characters"":[""I""]},{""position"":3,""characters"":[""A"",""C"",""D"",""E"",""F"",""I"",""M"",""N"",""O"",""P"",""R"",""S"",""T"",""U""]},{""position"":4,""characters"":[""A"",""C"",""E"",""F"",""I"",""M"",""N"",""O"",""R"",""T"",""U""]},{""position"":5,""characters"":[""A"",""C"",""D"",""E"",""F"",""G"",""I"",""L"",""M"",""N"",""O"",""P"",""R"",""S"",""T"",""U"",""X""]},{""position"":6,""characters"":[""A"",""B"",""C"",""H"",""I"",""L"",""N"",""O"",""S"",""T"",""U""]},{""position"":7,""characters"":[""A"",""C"",""D"",""E"",""F"",""G"",""I"",""L"",""M"",""N"",""O"",""P"",""R"",""S"",""T"",""U""]},{""position"":8,""characters"":[""A"",""C"",""E"",""F"",""I"",""M"",""N"",""O"",""R"",""T"",""U""]},{""position"":9,""characters"":[""A"",""C"",""D"",""E"",""F"",""I"",""N"",""O"",""R"",""S"",""T"",""U""]},{""position"":10,""characters"":[""I""]},{""position"":11,""characters"":[""A"",""C"",""D"",""E"",""I"",""L"",""N"",""O"",""P"",""R"",""T"",""U"",""V""]},{""position"":12,""characters"":[""A"",""C"",""D"",""E"",""G"",""I"",""L"",""M"",""N"",""O"",""P"",""R"",""S"",""U"",""Y""]}]","false"
"13","ar_to_en","3","[8,19,25]","[{""position"":0,""characters"":[""A"",""C"",""D"",""E"",""G"",""I"",""K"",""N"",""O"",""R"",""S"",""T"",""U"",""W""]},{""position"":1,""characters"":[""D""]},{""position"":2,""characters"":[""C"",""K"",""L"",""N""]}]","false"
"13","ar_to_en","5","[8,19]","[{""position"":0,""characters"":[""A"",""D"",""E"",""F"",""G"",""H"",""M"",""O"",""R"",""S"",""X""]},{""position"":1,""characters"":[""C"",""E"",""G"",""I"",""N"",""R"",""S"",""T"",""U""]},{""position"":2,""characters"":[""N""]},{""position"":3,""characters"":[""A"",""I"",""R"",""S"",""T""]},{""position"":4,""characters"":[""A"",""Y""]}]","false"
"13","ar_to_en","3","[8,12,20,22,24]","[{""position"":0,""characters"":[""C""]},{""position"":1,""characters"":[""A"",""R""]},{""position"":2,""characters"":[""L""]}]","false"
"13","ar_to_en","13","[8,17]","[{""position"":0,""characters"":[""A"",""C"",""D"",""E"",""G"",""I"",""L"",""M"",""N"",""O"",""P"",""R"",""S"",""T"",""U"",""Y""]},{""position"":1,""characters"":[""A"",""C"",""D"",""E"",""I"",""L"",""N"",""O"",""P"",""R"",""T"",""U"",""V""]},{""position"":2,""characters"":[""N""]},{""position"":3,""characters"":[""A"",""C"",""D"",""E"",""F"",""I"",""M"",""N"",""O"",""R"",""S"",""T"",""U""]},{""position"":4,""characters"":[""A"",""E"",""F"",""I"",""M"",""N"",""O"",""R"",""T"",""U""]},{""position"":5,""characters"":[""A"",""C"",""D"",""E"",""F"",""G"",""I"",""L"",""M"",""N"",""P"",""R"",""S"",""T"",""U"",""X""]},{""position"":6,""characters"":[""A"",""B"",""C"",""H"",""I"",""L"",""N"",""O"",""S"",""T"",""U""]},{""position"":7,""characters"":[""A"",""C"",""D"",""E"",""F"",""G"",""I"",""L"",""M"",""N"",""P"",""R"",""S"",""T"",""U"",""X""]},{""position"":8,""characters"":[""A"",""E"",""F"",""I"",""M"",""N"",""O"",""R"",""T"",""U""]},{""position"":9,""characters"":[""A"",""C"",""D"",""E"",""F"",""I"",""M"",""N"",""O"",""P"",""R"",""S"",""T"",""U""]},{""position"":10,""characters"":[""M""]},{""position"":11,""characters"":[""A"",""C"",""D"",""E"",""I"",""L"",""N"",""O"",""P"",""R"",""T"",""U""]},{""position"":12,""characters"":[""A"",""C"",""D"",""E"",""G"",""I"",""L"",""M"",""N"",""O"",""P"",""R"",""S"",""T"",""U"",""Y""]}]","false"
"13","ar_to_en","13","[8,17]","[{""position"":0,""characters"":[""A"",""C"",""D"",""E"",""G"",""I"",""L"",""M"",""N"",""O"",""P"",""R"",""S"",""T"",""U"",""Y""]},{""position"":1,""characters"":[""A"",""C"",""D"",""E"",""I"",""L"",""N"",""O"",""P"",""R"",""T"",""U"",""V""]},{""position"":2,""characters"":[""M""]},{""position"":3,""characters"":[""A"",""C"",""D"",""E"",""F"",""I"",""M"",""N"",""O"",""R"",""S"",""T"",""U""]},{""position"":4,""characters"":[""A"",""E"",""F"",""I"",""M"",""N"",""O"",""R"",""T"",""U""]},{""position"":5,""characters"":[""A"",""C"",""D"",""E"",""F"",""G"",""I"",""L"",""M"",""N"",""P"",""R"",""S"",""T"",""U"",""X""]},{""position"":6,""characters"":[""A"",""B"",""C"",""H"",""I"",""L"",""N"",""O"",""S"",""T"",""U""]},{""position"":7,""characters"":[""A"",""C"",""D"",""E"",""F"",""G"",""I"",""L"",""M"",""N"",""P"",""R"",""S"",""T"",""U"",""X""]},{""position"":8,""characters"":[""A"",""E"",""F"",""I"",""M"",""N"",""O"",""R"",""T"",""U""]},{""position"":9,""characters"":[""A"",""C"",""D"",""E"",""F"",""I"",""M"",""N"",""O"",""P"",""R"",""S"",""T"",""U""]},{""position"":10,""characters"":[""N""]},{""position"":11,""characters"":[""A"",""C"",""D"",""E"",""I"",""L"",""N"",""O"",""P"",""R"",""T"",""U""]},{""position"":12,""characters"":[""A"",""C"",""D"",""E"",""G"",""I"",""L"",""M"",""N"",""O"",""P"",""R"",""S"",""T"",""U"",""Y""]}]","false"
"13","ar_to_en","5","[8,17]","[{""position"":0,""characters"":[""D"",""F"",""G"",""H"",""L"",""N"",""O"",""P"",""R"",""S"",""T"",""W"",""X"",""Y""]},{""position"":1,""characters"":[""A"",""D"",""E"",""G"",""I"",""O"",""T"",""U""]},{""position"":2,""characters"":[""L"",""M"",""P""]},{""position"":3,""characters"":[""B"",""D"",""E"",""F"",""K"",""L"",""M"",""O"",""P"",""T"",""Y""]},{""position"":4,""characters"":[""E"",""K"",""U""]}]","true"
"13","ar_to_en","5","[8,17]","[{""position"":0,""characters"":[""A"",""E""]},{""position"":1,""characters"":[""A"",""E"",""H"",""K"",""S"",""T"",""Y""]},{""position"":2,""characters"":[""L"",""M"",""P""]},{""position"":3,""characters"":[""A"",""D"",""E"",""F"",""G"",""I"",""K"",""L"",""M"",""N"",""O"",""P"",""S"",""T""]},{""position"":4,""characters"":[""A"",""P"",""T"",""Y""]}]","true"
"13","ar_to_en","3","[8,9,19,25]","[{""position"":0,""characters"":[""A"",""B"",""D"",""E"",""H"",""M"",""N"",""R"",""T"",""X""]},{""position"":1,""characters"":[""P""]},{""position"":2,""characters"":[""S""]}]","false"
"13","ar_to_en","13","[8,16]","[{""position"":0,""characters"":[""A"",""C"",""D"",""E"",""G"",""I"",""L"",""M"",""N"",""O"",""P"",""R"",""S"",""T"",""U"",""Y""]},{""position"":1,""characters"":[""A"",""C"",""D"",""E"",""I"",""L"",""N"",""O"",""P"",""R"",""T"",""U"",""V""]},{""position"":2,""characters"":[""I""]},{""position"":3,""characters"":[""A"",""C"",""D"",""E"",""F"",""I"",""M"",""N"",""O"",""P"",""R"",""S"",""T"",""U""]},{""position"":4,""characters"":[""A"",""C"",""E"",""F"",""I"",""M"",""N"",""O"",""R"",""T"",""U""]},{""position"":5,""characters"":[""A"",""C"",""D"",""E"",""F"",""G"",""I"",""L"",""M"",""N"",""O"",""P"",""R"",""S"",""T"",""U"",""X""]},{""position"":6,""characters"":[""A"",""B"",""C"",""H"",""I"",""L"",""N"",""O"",""S"",""T"",""U""]},{""position"":7,""characters"":[""A"",""C"",""D"",""E"",""F"",""G"",""I"",""M"",""N"",""O"",""P"",""R"",""S"",""T"",""U""]},{""position"":8,""characters"":[""A"",""C"",""E"",""F"",""I"",""M"",""N"",""O"",""R"",""T"",""U""]},{""position"":9,""characters"":[""A"",""C"",""D"",""E"",""F"",""I"",""M"",""N"",""O"",""P"",""R"",""S"",""T"",""U""]},{""position"":10,""characters"":[""I""]},{""position"":11,""characters"":[""A"",""C"",""D"",""E"",""I"",""L"",""N"",""O"",""P"",""R"",""T"",""U"",""V""]},{""position"":12,""characters"":[""A"",""C"",""D"",""E"",""G"",""I"",""L"",""N"",""O"",""P"",""R"",""S"",""T"",""U"",""Y""]}]","false"
"13","ar_to_en","3","[8,12,19,21]","[{""position"":0,""characters"":[""A"",""B"",""C"",""D"",""E"",""F"",""G"",""H"",""L"",""M"",""N"",""P"",""R"",""S"",""T"",""W"",""Y""]},{""position"":1,""characters"":[""S"",""T""]},{""position"":2,""characters"":[""B"",""C"",""D"",""F"",""I"",""M"",""O"",""P"",""R"",""S"",""T"",""W"",""Y""]}]","false"
"13","ar_to_en","5","[8,9,14,19]","[{""position"":0,""characters"":[""A"",""E"",""I"",""N"",""O"",""S"",""T"",""U"",""Y""]},{""position"":1,""characters"":[""C"",""D"",""E"",""G"",""H"",""I"",""L"",""M"",""N"",""O"",""P"",""R"",""S"",""T"",""W"",""X""]},{""position"":2,""characters"":[""A"",""C"",""E"",""I"",""N"",""O"",""P"",""R"",""U"",""W""]},{""position"":3,""characters"":[""C"",""L"",""N""]},{""position"":4,""characters"":[""N"",""R""]}]","false"
"13","ar_to_en","4","[8,22]","[{""position"":0,""characters"":[""A"",""I"",""O""]},{""position"":1,""characters"":[""A"",""D"",""F"",""G"",""H"",""I"",""L"",""N"",""O"",""U"",""W""]},{""position"":2,""characters"":[""A"",""C"",""D"",""E"",""G"",""H"",""I"",""L"",""O"",""P"",""R"",""T"",""U""]},{""position"":3,""characters"":[""P""]}]","true"
"13","ar_to_en","4","[8,19,22]","[{""position"":0,""characters"":[""A"",""E"",""I"",""O"",""P"",""U""]},{""position"":1,""characters"":[""A"",""E"",""I"",""O"",""U""]},{""position"":2,""characters"":[""E"",""I""]},{""position"":3,""characters"":[""E"",""F"",""I"",""O""]}]","false"
"13","ar_to_en","4","[8,9,16]","[{""position"":0,""characters"":[""A"",""B"",""C"",""D"",""E"",""F"",""G"",""H"",""I"",""K"",""L"",""M"",""N"",""O"",""P"",""R"",""S"",""T"",""U"",""V"",""W"",""Y""]},{""position"":1,""characters"":[""F""]},{""position"":2,""characters"":[""A"",""B"",""E"",""G"",""I"",""K"",""M"",""O"",""R"",""T"",""V""]},{""position"":3,""characters"":[""B"",""C"",""D"",""E"",""I"",""T""]}]","true"
"13","ar_to_en","4","[8,18]","[{""position"":0,""characters"":[""A"",""B"",""C"",""D"",""E"",""F"",""G"",""H"",""I"",""L"",""N"",""O"",""P"",""R"",""S"",""T"",""U"",""V"",""W"",""Y""]},{""position"":1,""characters"":[""F""]},{""position"":2,""characters"":[""B"",""C"",""D"",""F"",""I"",""M"",""O"",""P"",""R"",""S"",""T"",""W"",""Y""]},{""position"":3,""characters"":[""E"",""Y""]}]","false"
"13","ar_to_en","3","[9,29]","[{""position"":0,""characters"":[""C""]},{""position"":1,""characters"":[""R""]},{""position"":2,""characters"":[""N"",""R"",""T""]}]","false"
"13","ar_to_en","4","[9,14]","[{""position"":0,""characters"":[""A"",""C"",""D"",""E"",""F"",""G"",""H"",""I"",""K"",""L"",""M"",""N"",""O"",""P"",""R"",""S"",""T"",""V""]},{""position"":1,""characters"":[""F"",""O"",""T"",""U""]},{""position"":2,""characters"":[""A"",""E""]},{""position"":3,""characters"":[""A"",""E"",""K"",""U""]}]","false"
"13","ar_to_en","13","[9,25]","[{""position"":0,""characters"":[""A"",""C"",""D"",""E"",""G"",""I"",""L"",""M"",""N"",""O"",""P"",""R"",""S"",""T"",""U""]},{""position"":1,""characters"":[""A"",""C"",""D"",""E"",""I"",""L"",""N"",""O"",""P"",""R"",""T""]},{""position"":2,""characters"":[""N""]},{""position"":3,""characters"":[""A"",""C"",""D"",""E"",""F"",""I"",""M"",""N"",""O"",""S"",""T"",""U""]},{""position"":4,""characters"":[""A"",""E"",""F"",""I"",""M"",""N"",""O"",""R"",""T"",""U""]},{""position"":5,""characters"":[""A"",""C"",""E"",""F"",""G"",""I"",""L"",""M"",""N"",""P"",""R"",""S"",""T""]},{""position"":6,""characters"":[""A"",""C"",""I"",""L"",""N"",""O"",""S"",""T"",""U""]},{""position"":7,""characters"":[""A"",""C"",""D"",""E"",""F"",""G"",""I"",""N"",""P"",""R"",""S"",""T""]},{""position"":8,""characters"":[""A"",""E"",""F"",""I"",""M"",""N"",""O"",""R"",""T"",""U""]},{""position"":9,""characters"":[""A"",""C"",""D"",""E"",""F"",""I"",""M"",""N"",""O"",""R"",""S"",""T"",""U""]},{""position"":10,""characters"":[""M""]},{""position"":11,""characters"":[""A"",""D"",""E"",""L"",""N"",""O"",""P"",""R"",""T"",""U""]},{""position"":12,""characters"":[""A"",""C"",""D"",""E"",""G"",""I"",""L"",""N"",""O"",""P"",""R"",""S"",""T"",""U""]}]","false"
"13","ar_to_en","6","[9,20]","[{""position"":0,""characters"":[""A"",""E"",""I"",""N"",""O"",""S"",""T"",""U"",""Y""]},{""position"":1,""characters"":[""C"",""K"",""L"",""N""]},{""position"":2,""characters"":[""A"",""E"",""I"",""R"",""U""]},{""position"":3,""characters"":[""D"",""E"",""O""]},{""position"":4,""characters"":[""C"",""D"",""F"",""G"",""H"",""L"",""N"",""O"",""P"",""R"",""S"",""T"",""U"",""W"",""X"",""Y""]},{""position"":5,""characters"":[""A"",""E"",""I"",""T""]}]","false"
"13","ar_to_en","6","[9,11]","[{""position"":0,""characters"":[""A"",""C"",""E"",""G"",""H"",""I"",""L"",""M"",""N"",""P"",""R"",""S"",""T"",""U"",""V"",""W""]},{""position"":1,""characters"":[""A"",""E"",""I"",""R"",""U""]},{""position"":2,""characters"":[""A"",""C"",""E"",""G"",""H"",""I"",""N"",""R"",""S"",""T"",""U"",""Y""]},{""position"":3,""characters"":[""A"",""O""]},{""position"":4,""characters"":[""A"",""E""]},{""position"":5,""characters"":[""A"",""E"",""K"",""U""]}]","false"
"13","ar_to_en","6","[9,22]","[{""position"":0,""characters"":[""A"",""E"",""I"",""O"",""U"",""Y""]},{""position"":1,""characters"":[""A"",""E"",""I"",""R"",""U""]},{""position"":2,""characters"":[""A"",""D"",""F"",""G"",""H"",""I"",""L"",""N"",""O"",""U"",""W""]},{""position"":3,""characters"":[""E"",""O""]},{""position"":4,""characters"":[""A"",""E"",""I"",""T""]},{""position"":5,""characters"":[""B"",""C"",""D"",""E"",""F"",""G"",""H"",""J"",""K"",""L"",""M"",""N"",""O"",""P"",""R"",""S"",""T"",""W"",""Y""]}]","false"
"13","ar_to_en","6","[9,22]","[{""position"":0,""characters"":[""A"",""B"",""D"",""E"",""F"",""G"",""H"",""K"",""L"",""M"",""N"",""O"",""P"",""R"",""S"",""T"",""W""]},{""position"":1,""characters"":[""A"",""D"",""E"",""I"",""K"",""N"",""O"",""T""]},{""position"":2,""characters"":[""I""]},{""position"":3,""characters"":[""A"",""C"",""E"",""I"",""N"",""O"",""P"",""R"",""U"",""W""]},{""position"":4,""characters"":[""C"",""K"",""L"",""N""]},{""position"":5,""characters"":[""A"",""C"",""E"",""H"",""I"",""N"",""O"",""P"",""R"",""U""]}]","true"
"13","ar_to_en","3","[9,25]","[{""position"":0,""characters"":[""B"",""C"",""D"",""F"",""I"",""M"",""P"",""R"",""S"",""T"",""W"",""Y""]},{""position"":1,""characters"":[""D"",""E"",""K"",""T""]},{""position"":2,""characters"":[""C""]}]","false"
"13","ar_to_en","13","[9,21]","[{""position"":0,""characters"":[""A"",""C"",""D"",""E"",""G"",""I"",""L"",""M"",""N"",""O"",""P"",""R"",""S"",""T"",""U"",""Y""]},{""position"":1,""characters"":[""A"",""C"",""D"",""E"",""I"",""L"",""N"",""O"",""P"",""R"",""T"",""U""]},{""position"":2,""characters"":[""I""]},{""position"":3,""characters"":[""A"",""C"",""D"",""E"",""F"",""I"",""M"",""N"",""O"",""S"",""T"",""U""]},{""position"":4,""characters"":[""A"",""C"",""E"",""F"",""I"",""M"",""N"",""O"",""R"",""T"",""U""]},{""position"":5,""characters"":[""A"",""C"",""D"",""E"",""F"",""G"",""I"",""L"",""M"",""N"",""O"",""P"",""R"",""S"",""T""]},{""position"":6,""characters"":[""A"",""C"",""I"",""L"",""N"",""O"",""S"",""T"",""U""]},{""position"":7,""characters"":[""A"",""C"",""D"",""E"",""F"",""G"",""I"",""M"",""N"",""O"",""P"",""R"",""S"",""T"",""X""]},{""position"":8,""characters"":[""A"",""C"",""E"",""F"",""I"",""M"",""N"",""O"",""R"",""T"",""U""]},{""position"":9,""characters"":[""A"",""C"",""D"",""E"",""F"",""I"",""M"",""N"",""O"",""R"",""S"",""T"",""U""]},{""position"":10,""characters"":[""I""]},{""position"":11,""characters"":[""A"",""C"",""D"",""E"",""I"",""L"",""N"",""O"",""P"",""R"",""T"",""U""]},{""position"":12,""characters"":[""A"",""C"",""D"",""E"",""G"",""I"",""L"",""N"",""O"",""P"",""R"",""S"",""T"",""U"",""Y""]}]","false"
"13","ar_to_en","5","[9,17]","[{""position"":0,""characters"":[""A"",""B"",""C"",""D"",""E"",""F"",""G"",""H"",""K"",""L"",""N"",""P"",""Q"",""R"",""S"",""T"",""U"",""V"",""W"",""Y""]},{""position"":1,""characters"":[""A"",""D"",""E"",""H"",""L"",""M"",""N"",""O"",""P"",""R"",""S"",""T"",""U"",""W"",""Y""]},{""position"":2,""characters"":[""M""]},{""position"":3,""characters"":[""B"",""C"",""D"",""F"",""I"",""M"",""O"",""P"",""R"",""S"",""T"",""W"",""Y""]},{""position"":4,""characters"":[""E"",""K"",""L"",""N"",""S""]}]","true"
"13","ar_to_en","9","[9,16]","[{""position"":0,""characters"":[""C"",""E"",""G"",""T""]},{""position"":1,""characters"":[""E"",""H"",""N"",""O"",""R"",""T""]},{""position"":2,""characters"":[""A"",""E"",""I"",""M"",""O"",""R"",""T""]},{""position"":3,""characters"":[""E"",""G"",""H"",""I"",""N"",""R"",""T""]},{""position"":4,""characters"":[""A"",""I"",""O"",""S"",""U""]},{""position"":5,""characters"":[""I""]},{""position"":6,""characters"":[""M""]},{""position"":7,""characters"":[""M"",""O""]},{""position"":8,""characters"":[""C"",""E"",""I"",""S""]}]","false"
"13","ar_to_en","7","[9,16]","[{""position"":0,""characters"":[""A"",""B"",""C"",""D"",""E"",""G"",""L"",""N"",""P"",""R"",""S"",""T"",""Y""]},{""position"":1,""characters"":[""A"",""C"",""E"",""G"",""L"",""M"",""N"",""O"",""P"",""R"",""S"",""T"",""V""]},{""position"":2,""characters"":[""E"",""G"",""I"",""L"",""O"",""P"",""R"",""T"",""U""]},{""position"":3,""characters"":[""E"",""I"",""P"",""R""]},{""position"":4,""characters"":[""S""]},{""position"":5,""characters"":[""N""]},{""position"":6,""characters"":[""A"",""C"",""D"",""E"",""H"",""I"",""L"",""R"",""S"",""T""]}]","false"
"13","ar_to_en","5","[9,16]","[{""position"":0,""characters"":[""C"",""P""]},{""position"":1,""characters"":[""A"",""L"",""Y""]},{""position"":2,""characters"":[""C"",""G"",""U""]},{""position"":3,""characters"":[""C"",""D"",""T""]},{""position"":4,""characters"":[""E"",""H"",""K"",""L"",""T""]}]","false"
"13","ar_to_en","7","[9,16]","[{""position"":0,""characters"":[""A"",""C"",""E"",""H"",""I"",""L"",""N"",""O"",""P"",""R"",""S"",""T"",""U""]},{""position"":1,""characters"":[""A"",""C"",""D"",""L"",""M"",""N"",""O"",""P"",""R"",""S"",""T""]},{""position"":2,""characters"":[""A"",""T"",""Y""]},{""position"":3,""characters"":[""C"",""K"",""L"",""N""]},{""position"":4,""characters"":[""A"",""E"",""I"",""O"",""U""]},{""position"":5,""characters"":[""A"",""C"",""E"",""H"",""I"",""N"",""O"",""R"",""S"",""T"",""U""]},{""position"":6,""characters"":[""E"",""F"",""O"",""U""]}]","false"
"13","ar_to_en","13","[9,16]","[{""position"":0,""characters"":[""M"",""N"",""O"",""P"",""S""]},{""position"":1,""characters"":[""I"",""L"",""O"",""R""]},{""position"":2,""characters"":[""A"",""D"",""E"",""S"",""T""]},{""position"":3,""characters"":[""A"",""C"",""I"",""N"",""S""]},{""position"":4,""characters"":[""E"",""F"",""N"",""O""]},{""position"":5,""characters"":[""I"",""L"",""N""]},{""position"":6,""characters"":[""C"",""L"",""S"",""T"",""Z""]},{""position"":7,""characters"":[""A"",""S""]},{""position"":8,""characters"":[""E"",""N"",""T""]},{""position"":9,""characters"":[""E""]},{""position"":10,""characters"":[""O""]},{""position"":11,""characters"":[""N"",""R""]},{""position"":12,""characters"":[""P"",""S""]}]","false"
"13","ar_to_en","7","[9,16]","[{""position"":0,""characters"":[""B"",""C"",""D"",""E"",""G"",""I"",""L"",""M"",""N"",""P"",""R"",""S"",""T"",""U"",""V"",""W"",""Y""]},{""position"":1,""characters"":[""C"",""E"",""H"",""I"",""L"",""N"",""O"",""R"",""T"",""U""]},{""position"":2,""characters"":[""B"",""C"",""D"",""F"",""G"",""H"",""K"",""L"",""M"",""N"",""O"",""P"",""R"",""S"",""T"",""V"",""W""]},{""position"":3,""characters"":[""A"",""E"",""I"",""N"",""O"",""U"",""W""]},{""position"":4,""characters"":[""O"",""S""]},{""position"":5,""characters"":[""A"",""E"",""I"",""M"",""P"",""T""]},{""position"":6,""characters"":[""I"",""M"",""O"",""P""]}]","false"
"13","ar_to_en","4","[9,16]","[{""position"":0,""characters"":[""A"",""D"",""E"",""G"",""I"",""O"",""S"",""T""]},{""position"":1,""characters"":[""N""]},{""position"":2,""characters"":[""T""]},{""position"":3,""characters"":[""C"",""D"",""E"",""G"",""H"",""N"",""R"",""S""]}]","false"
"13","ar_to_en","7","[9,16]","[{""position"":0,""characters"":[""A"",""B"",""C"",""D"",""E"",""F"",""G"",""H"",""I"",""J"",""K"",""L"",""M"",""N"",""O"",""P"",""R"",""S"",""T"",""W"",""Y""]},{""position"":1,""characters"":[""A"",""C"",""D"",""E"",""F"",""H"",""I"",""L"",""M"",""N"",""O"",""P"",""R"",""T"",""U"",""V""]},{""position"":2,""characters"":[""B"",""D"",""E"",""I"",""L"",""M"",""P"",""R"",""S"",""T""]},{""position"":3,""characters"":[""C"",""D"",""E"",""N"",""P"",""R"",""V""]},{""position"":4,""characters"":[""I""]},{""position"":5,""characters"":[""N"",""R""]},{""position"":6,""characters"":[""E"",""H"",""N""]}]","false"
"13","ar_to_en","3","[9,12,22]","[{""position"":0,""characters"":[""B"",""C"",""D"",""E"",""F"",""G"",""H"",""J"",""K"",""L"",""M"",""N"",""P"",""R"",""S"",""T"",""W"",""X"",""Y""]},{""position"":1,""characters"":[""A"",""D"",""O"",""S""]},{""position"":2,""characters"":[""I""]}]","false"
"13","ar_to_en","13","[9,11,18]","[{""position"":0,""characters"":[""A"",""D"",""E"",""I"",""L"",""N""]},{""position"":1,""characters"":[""E""]},{""position"":2,""characters"":[""T""]},{""position"":3,""characters"":[""E"",""I"",""N"",""O""]},{""position"":4,""characters"":[""E"",""F"",""M"",""R""]},{""position"":5,""characters"":[""A"",""I"",""M"",""N"",""T""]},{""position"":6,""characters"":[""A"",""C"",""I"",""N"",""T""]},{""position"":7,""characters"":[""A"",""I"",""N"",""O"",""T""]},{""position"":8,""characters"":[""A"",""C"",""I"",""N"",""R"",""T""]},{""position"":9,""characters"":[""A"",""I"",""M"",""O"",""T""]},{""position"":10,""characters"":[""N"",""O"",""V""]},{""position"":11,""characters"":[""A"",""L"",""N"",""O""]},{""position"":12,""characters"":[""E"",""L"",""N"",""S"",""T"",""Y""]}]","false"
"13","ar_to_en","13","[9,16]","[{""position"":0,""characters"":[""A"",""C"",""M"",""P"",""S""]},{""position"":1,""characters"":[""A"",""D"",""N"",""O"",""P"",""R""]},{""position"":2,""characters"":[""A"",""M"",""N"",""O"",""P""]},{""position"":3,""characters"":[""C"",""E"",""I"",""M"",""R"",""U""]},{""position"":4,""characters"":[""F"",""I"",""O"",""R"",""T""]},{""position"":5,""characters"":[""A"",""I"",""S"",""T"",""X""]},{""position"":6,""characters"":[""C"",""I"",""S"",""T""]},{""position"":7,""characters"":[""I"",""M"",""N"",""S"",""T""]},{""position"":8,""characters"":[""A"",""E"",""O"",""U""]},{""position"":9,""characters"":[""M"",""R"",""S"",""T""]},{""position"":10,""characters"":[""E""]},{""position"":11,""characters"":[""N""]},{""position"":12,""characters"":[""P"",""S"",""T"",""Y""]}]","false"
"13","ar_to_en","13","[9,30]","[{""position"":0,""characters"":[""A"",""C"",""D"",""E"",""G"",""I"",""L"",""M"",""N"",""O"",""P"",""R"",""S"",""T"",""U"",""Y""]},{""position"":1,""characters"":[""A"",""C"",""D"",""E"",""I"",""L"",""N"",""O"",""P"",""R"",""T"",""U"",""V""]},{""position"":2,""characters"":[""I""]},{""position"":3,""characters"":[""A"",""C"",""D"",""E"",""F"",""I"",""M"",""N"",""O"",""P"",""R"",""S"",""T"",""U""]},{""position"":4,""characters"":[""A"",""C"",""E"",""F"",""I"",""M"",""N"",""O"",""R"",""T"",""U""]},{""position"":5,""characters"":[""A"",""C"",""D"",""E"",""F"",""G"",""I"",""L"",""M"",""N"",""O"",""P"",""R"",""S"",""T"",""U"",""X""]},{""position"":6,""characters"":[""A"",""B"",""C"",""H"",""I"",""L"",""N"",""O"",""S"",""T"",""U"",""Z""]},{""position"":7,""characters"":[""A"",""C"",""D"",""E"",""F"",""G"",""I"",""M"",""N"",""O"",""P"",""R"",""S"",""T"",""U""]},{""position"":8,""characters"":[""A"",""C"",""E"",""F"",""I"",""M"",""N"",""O"",""R"",""T"",""U""]},{""position"":9,""characters"":[""A"",""C"",""D"",""E"",""F"",""I"",""M"",""N"",""O"",""P"",""R"",""S"",""T"",""U""]},{""position"":10,""characters"":[""I""]},{""position"":11,""characters"":[""A"",""C"",""D"",""E"",""I"",""L"",""N"",""O"",""P"",""R"",""T"",""U"",""V""]},{""position"":12,""characters"":[""A"",""C"",""D"",""E"",""G"",""I"",""L"",""N"",""O"",""P"",""R"",""S"",""T"",""U"",""Y""]}]","false"
"13","ar_to_en","6","[9,29]","[{""position"":0,""characters"":[""B"",""D"",""S""]},{""position"":1,""characters"":[""A"",""C"",""D"",""E"",""G"",""K"",""L"",""O"",""R"",""S"",""T"",""U""]},{""position"":2,""characters"":[""B"",""C"",""D"",""E"",""I"",""N"",""T""]},{""position"":3,""characters"":[""A""]},{""position"":4,""characters"":[""G"",""H"",""L"",""N"",""R"",""S""]},{""position"":5,""characters"":[""E"",""O"",""S""]}]","true"
"13","ar_to_en","13","[9,13,29]","[{""position"":0,""characters"":[""A"",""C"",""E"",""M"",""S""]},{""position"":1,""characters"":[""A"",""D"",""N"",""O"",""P""]},{""position"":2,""characters"":[""N"",""T""]},{""position"":3,""characters"":[""E"",""I"",""M"",""R"",""U""]},{""position"":4,""characters"":[""F"",""I"",""O"",""R"",""T""]},{""position"":5,""characters"":[""A"",""S"",""T"",""X""]},{""position"":6,""characters"":[""A"",""C"",""I"",""S"",""T""]},{""position"":7,""characters"":[""I"",""M"",""N"",""S"",""T""]},{""position"":8,""characters"":[""A"",""E"",""N"",""O"",""U""]},{""position"":9,""characters"":[""M"",""N"",""R"",""S"",""T""]},{""position"":10,""characters"":[""E""]},{""position"":11,""characters"":[""L"",""N"",""R""]},{""position"":12,""characters"":[""P"",""Y""]}]","false"
"13","ar_to_en","5","[9,14,29]","[{""position"":0,""characters"":[""A"",""C"",""E"",""H"",""I"",""L"",""N"",""O"",""P"",""R"",""S"",""T"",""U"",""X""]},{""position"":1,""characters"":[""C"",""D"",""E"",""G"",""H"",""I"",""L"",""M"",""N"",""O"",""P"",""R"",""S"",""T"",""W"",""X""]},{""position"":2,""characters"":[""A"",""C"",""E"",""I"",""N"",""O"",""P"",""R"",""U"",""W""]},{""position"":3,""characters"":[""C"",""L"",""N""]},{""position"":4,""characters"":[""N""]}]","false"
"13","ar_to_en","13","[9,29]","[{""position"":0,""characters"":[""C"",""M"",""N"",""O"",""S""]},{""position"":1,""characters"":[""I"",""L"",""O"",""R""]},{""position"":2,""characters"":[""N"",""T""]},{""position"":3,""characters"":[""A"",""C"",""I"",""N"",""T""]},{""position"":4,""characters"":[""E"",""F"",""N"",""O"",""R""]},{""position"":5,""characters"":[""I"",""L""]},{""position"":6,""characters"":[""B"",""C"",""L"",""S"",""Z""]},{""position"":7,""characters"":[""A"",""S"",""U""]},{""position"":8,""characters"":[""E"",""N"",""T""]},{""position"":9,""characters"":[""E"",""F"",""I""]},{""position"":10,""characters"":[""O""]},{""position"":11,""characters"":[""N"",""U""]},{""position"":12,""characters"":[""P""]}]","false"
"13","ar_to_en","5","[9,19,29]","[{""position"":0,""characters"":[""H"",""N"",""R""]},{""position"":1,""characters"":[""E"",""O""]},{""position"":2,""characters"":[""A"",""E"",""I"",""O"",""U""]},{""position"":3,""characters"":[""C"",""R"",""S""]},{""position"":4,""characters"":[""O""]}]","false"
"13","ar_to_en","5","[9,14,29]","[{""position"":0,""characters"":[""A"",""E"",""L"",""O"",""U""]},{""position"":1,""characters"":[""C"",""D"",""G"",""I"",""L"",""N"",""O"",""R"",""S"",""T""]},{""position"":2,""characters"":[""A"",""C"",""E"",""I"",""N"",""O"",""P"",""R"",""U"",""W""]},{""position"":3,""characters"":[""C"",""L"",""N""]},{""position"":4,""characters"":[""N""]}]","false"
"13","ar_to_en","4","[9,29]","[{""position"":0,""characters"":[""B"",""D"",""L""]},{""position"":1,""characters"":[""E"",""L"",""M"",""T""]},{""position"":2,""characters"":[""A"",""N"",""O"",""S""]},{""position"":3,""characters"":[""N""]}]","true"
"13","ar_to_en","3","[9,14,15,19,29]","[{""position"":0,""characters"":[""A"",""D"",""F"",""L""]},{""position"":1,""characters"":[""N"",""W""]},{""position"":2,""characters"":[""O""]}]","false"
"13","ar_to_en","7","[9,19,29]","[{""position"":0,""characters"":[""A"",""B"",""C"",""D"",""E"",""F"",""G"",""I"",""J"",""L"",""M"",""N"",""P"",""R"",""S"",""T"",""Y""]},{""position"":1,""characters"":[""A"",""E"",""I"",""L"",""N"",""O"",""P"",""R"",""S"",""T"",""U"",""X""]},{""position"":2,""characters"":[""A"",""C"",""D"",""E"",""F"",""G"",""H"",""I"",""L"",""M"",""N"",""O"",""R"",""T""]},{""position"":3,""characters"":[""A"",""C"",""D"",""E"",""F"",""G"",""I"",""N"",""O"",""R"",""S"",""T""]},{""position"":4,""characters"":[""N""]},{""position"":5,""characters"":[""C"",""T""]},{""position"":6,""characters"":[""H"",""R""]}]","false"
"13","ar_to_en","5","[9,14,19,29]","[{""position"":0,""characters"":[""A"",""C"",""E"",""K"",""L"",""N"",""O"",""X""]},{""position"":1,""characters"":[""A"",""B"",""C"",""D"",""E"",""F"",""L"",""N"",""O"",""P"",""R"",""S"",""T"",""U"",""V""]},{""position"":2,""characters"":[""A"",""E"",""F"",""I"",""L"",""O"",""U""]},{""position"":3,""characters"":[""C"",""L"",""N""]},{""position"":4,""characters"":[""N""]}]","false"
"13","ar_to_en","13","[9,19]","[{""position"":0,""characters"":[""C"",""M"",""N"",""O"",""P""]},{""position"":1,""characters"":[""I"",""O"",""R""]},{""position"":2,""characters"":[""N"",""T""]},{""position"":3,""characters"":[""A"",""C"",""I"",""S"",""T""]},{""position"":4,""characters"":[""E"",""F"",""N"",""R""]},{""position"":5,""characters"":[""I"",""L"",""N""]},{""position"":6,""characters"":[""B"",""C"",""L"",""S"",""T""]},{""position"":7,""characters"":[""A""]},{""position"":8,""characters"":[""N"",""T""]},{""position"":9,""characters"":[""E""]},{""position"":10,""characters"":[""O""]},{""position"":11,""characters"":[""N""]},{""position"":12,""characters"":[""S""]}]","false"
"13","ar_to_en","13","[9,16]","[{""position"":0,""characters"":[""A"",""C"",""D"",""E"",""G"",""I"",""L"",""M"",""N"",""O"",""P"",""R"",""S"",""T"",""U""]},{""position"":1,""characters"":[""A"",""C"",""D"",""E"",""I"",""L"",""N"",""O"",""P"",""R"",""T"",""U"",""V""]},{""position"":2,""characters"":[""I""]},{""position"":3,""characters"":[""A"",""C"",""D"",""E"",""F"",""I"",""M"",""N"",""O"",""R"",""S"",""T"",""U""]},{""position"":4,""characters"":[""A"",""E"",""F"",""I"",""M"",""N"",""O"",""R"",""T"",""U""]},{""position"":5,""characters"":[""A"",""C"",""E"",""F"",""G"",""I"",""L"",""M"",""N"",""P"",""R"",""S"",""T""]},{""position"":6,""characters"":[""A"",""C"",""H"",""I"",""L"",""N"",""O"",""S"",""T"",""U""]},{""position"":7,""characters"":[""A"",""C"",""D"",""E"",""F"",""G"",""I"",""L"",""N"",""O"",""P"",""R"",""S"",""T""]},{""position"":8,""characters"":[""A"",""E"",""F"",""I"",""M"",""N"",""O"",""R"",""T"",""U""]},{""position"":9,""characters"":[""A"",""C"",""D"",""E"",""F"",""I"",""M"",""N"",""O"",""P"",""R"",""S"",""T"",""U""]},{""position"":10,""characters"":[""I""]},{""position"":11,""characters"":[""A"",""D"",""E"",""I"",""L"",""N"",""O"",""P"",""R"",""T"",""U""]},{""position"":12,""characters"":[""A"",""C"",""D"",""E"",""G"",""I"",""L"",""M"",""N"",""O"",""P"",""R"",""S"",""T"",""U""]}]","false"
"13","ar_to_en","4","[9,10,18,24]","[{""position"":0,""characters"":[""A"",""E"",""I"",""L"",""N"",""O"",""R"",""S"",""T"",""U"",""Y""]},{""position"":1,""characters"":[""A"",""E"",""O"",""U""]},{""position"":2,""characters"":[""H"",""N"",""S"",""T""]},{""position"":3,""characters"":[""O""]}]","true"
"13","ar_to_en","4","[10,22]","[{""position"":0,""characters"":[""A"",""C"",""D"",""E"",""G"",""I"",""K"",""N"",""O"",""R"",""S"",""U"",""W""]},{""position"":1,""characters"":[""C""]},{""position"":2,""characters"":[""A"",""D"",""F"",""I"",""L"",""O"",""Y""]},{""position"":3,""characters"":[""A"",""E"",""K"",""U""]}]","true"
"13","ar_to_en","13","[10,30]","[{""position"":0,""characters"":[""A"",""C"",""E"",""M"",""S""]},{""position"":1,""characters"":[""A"",""D"",""N"",""O"",""P""]},{""position"":2,""characters"":[""N"",""T""]},{""position"":3,""characters"":[""E"",""I"",""M"",""R"",""U""]},{""position"":4,""characters"":[""F"",""I"",""O"",""R"",""T""]},{""position"":5,""characters"":[""A"",""S"",""T"",""X""]},{""position"":6,""characters"":[""A"",""C"",""I"",""S"",""T""]},{""position"":7,""characters"":[""I"",""M"",""N"",""S"",""T""]},{""position"":8,""characters"":[""A"",""E"",""N"",""O"",""U""]},{""position"":9,""characters"":[""M"",""R"",""S"",""T""]},{""position"":10,""characters"":[""E""]},{""position"":11,""characters"":[""R""]},{""position"":12,""characters"":[""P"",""Y""]}]","false"
"13","ar_to_en","13","[10,14,18,21]","[{""position"":0,""characters"":[""A"",""C"",""D"",""E"",""G"",""I"",""L"",""M"",""N"",""O"",""P"",""R"",""S"",""T"",""U"",""Y""]},{""position"":1,""characters"":[""A"",""C"",""D"",""E"",""I"",""L"",""N"",""O"",""P"",""R"",""T"",""U""]},{""position"":2,""characters"":[""I""]},{""position"":3,""characters"":[""A"",""C"",""D"",""E"",""F"",""I"",""M"",""N"",""O"",""R"",""S"",""T"",""U""]},{""position"":4,""characters"":[""A"",""C"",""E"",""F"",""I"",""M"",""N"",""O"",""R"",""T"",""U""]},{""position"":5,""characters"":[""A"",""C"",""D"",""E"",""F"",""G"",""I"",""L"",""M"",""N"",""O"",""P"",""R"",""S"",""T"",""U"",""X""]},{""position"":6,""characters"":[""A"",""B"",""C"",""I"",""L"",""N"",""O"",""S"",""T"",""U"",""Z""]},{""position"":7,""characters"":[""A"",""C"",""D"",""E"",""F"",""G"",""I"",""L"",""M"",""N"",""O"",""P"",""R"",""S"",""T"",""U"",""X""]},{""position"":8,""characters"":[""A"",""C"",""E"",""F"",""I"",""M"",""N"",""O"",""R"",""T"",""U""]},{""position"":9,""characters"":[""A"",""C"",""D"",""E"",""F"",""I"",""M"",""N"",""O"",""R"",""S"",""T"",""U""]},{""position"":10,""characters"":[""I""]},{""position"":11,""characters"":[""A"",""C"",""D"",""E"",""I"",""L"",""N"",""O"",""P"",""R"",""T"",""U""]},{""position"":12,""characters"":[""A"",""C"",""D"",""E"",""G"",""I"",""L"",""M"",""N"",""O"",""P"",""R"",""S"",""T"",""U"",""Y""]}]","false"
"13","ar_to_en","5","[10,22]","[{""position"":0,""characters"":[""A"",""C"",""D"",""E"",""G"",""I"",""N"",""O"",""R"",""T"",""U""]},{""position"":1,""characters"":[""A"",""B"",""C"",""D"",""E"",""F"",""G"",""H"",""K"",""L"",""M"",""N"",""P"",""R"",""S"",""T"",""V"",""W"",""Y""]},{""position"":2,""characters"":[""C"",""E"",""H"",""K"",""O"",""S"",""T"",""U"",""Y""]},{""position"":3,""characters"":[""A"",""E""]},{""position"":4,""characters"":[""A"",""E"",""I"",""O"",""U""]}]","false"
"13","ar_to_en","8","[10,22]","[{""position"":0,""characters"":[""A"",""E"",""U""]},{""position"":1,""characters"":[""A"",""C"",""E"",""M"",""T"",""Y""]},{""position"":2,""characters"":[""L"",""N"",""R""]},{""position"":3,""characters"":[""A"",""E"",""I"",""O"",""U""]},{""position"":4,""characters"":[""A"",""C"",""D"",""E"",""G"",""H"",""L"",""M"",""N"",""O"",""P"",""R"",""S"",""T""]},{""position"":5,""characters"":[""A"",""C"",""E"",""H"",""I"",""N"",""O"",""P"",""R"",""U""]},{""position"":6,""characters"":[""A"",""E"",""H"",""I"",""N"",""O"",""U""]},{""position"":7,""characters"":[""B"",""C"",""D"",""E"",""F"",""G"",""H"",""J"",""K"",""L"",""M"",""N"",""O"",""P"",""R"",""S"",""T"",""W"",""Y""]}]","true"
"13","ar_to_en","7","[10,22]","[{""position"":0,""characters"":[""C"",""E"",""H"",""P"",""R"",""S""]},{""position"":1,""characters"":[""P""]},{""position"":2,""characters"":[""P""]},{""position"":3,""characters"":[""A"",""E"",""I"",""O"",""U""]},{""position"":4,""characters"":[""I"",""L"",""O"",""R"",""S"",""T"",""U""]},{""position"":5,""characters"":[""E""]},{""position"":6,""characters"":[""D"",""N"",""R"",""S"",""T""]}]","false"
"13","ar_to_en","8","[10,22]","[{""position"":0,""characters"":[""A"",""B"",""D"",""E"",""F"",""G"",""H"",""K"",""L"",""M"",""N"",""O"",""P"",""R"",""S"",""T"",""W""]},{""position"":1,""characters"":[""A"",""E"",""I"",""N"",""O"",""R"",""U""]},{""position"":2,""characters"":[""A"",""B"",""C"",""D"",""E"",""F"",""L"",""N"",""O"",""P"",""R"",""S"",""T"",""U"",""V""]},{""position"":3,""characters"":[""A"",""C"",""E"",""H"",""I"",""L"",""N"",""O"",""P"",""R"",""S"",""T"",""U""]},{""position"":4,""characters"":[""A"",""O"",""R"",""U""]},{""position"":5,""characters"":[""L""]},{""position"":6,""characters"":[""A"",""C"",""E"",""M"",""T"",""Y""]},{""position"":7,""characters"":[""A"",""P"",""S"",""T"",""Y""]}]","true"
"13","ar_to_en","13","[10,11]","[{""position"":0,""characters"":[""A"",""C"",""D"",""E"",""G"",""I"",""L"",""M"",""N"",""O"",""P"",""R"",""S"",""T"",""U"",""Y""]},{""position"":1,""characters"":[""A"",""D"",""E"",""I"",""L"",""N"",""O"",""P"",""R"",""T"",""U"",""V""]},{""position"":2,""characters"":[""I""]},{""position"":3,""characters"":[""A"",""C"",""D"",""E"",""F"",""I"",""M"",""N"",""O"",""S"",""T"",""U""]},{""position"":4,""characters"":[""A"",""C"",""E"",""F"",""I"",""M"",""N"",""O"",""R"",""T"",""U""]},{""position"":5,""characters"":[""A"",""C"",""D"",""E"",""F"",""G"",""I"",""L"",""N"",""O"",""P"",""R"",""S"",""T"",""U""]},{""position"":6,""characters"":[""A"",""B"",""C"",""H"",""I"",""L"",""N"",""O"",""S"",""T"",""U"",""Z""]},{""position"":7,""characters"":[""A"",""C"",""E"",""F"",""G"",""I"",""M"",""N"",""P"",""R"",""S"",""T"",""U""]},{""position"":8,""characters"":[""A"",""C"",""E"",""F"",""I"",""M"",""N"",""O"",""R"",""T"",""U""]},{""position"":9,""characters"":[""A"",""C"",""D"",""E"",""F"",""I"",""M"",""N"",""O"",""P"",""R"",""S"",""T"",""U""]},{""position"":10,""characters"":[""I""]},{""position"":11,""characters"":[""A"",""C"",""D"",""E"",""I"",""L"",""N"",""O"",""P"",""R"",""T"",""U""]},{""position"":12,""characters"":[""A"",""C"",""D"",""E"",""G"",""I"",""L"",""N"",""O"",""P"",""R"",""S"",""T"",""U"",""Y""]}]","false"
"13","ar_to_en","3","[10,22]","[{""position"":0,""characters"":[""C"",""D"",""E"",""H"",""L"",""M"",""N"",""O"",""P"",""R"",""S"",""T"",""U"",""W""]},{""position"":1,""characters"":[""N""]},{""position"":2,""characters"":[""C"",""K"",""L"",""N""]}]","false"
"13","ar_to_en","8","[10,22]","[{""position"":0,""characters"":[""A"",""B"",""D"",""E"",""F"",""G"",""H"",""K"",""L"",""M"",""N"",""O"",""P"",""R"",""S"",""T"",""W""]},{""position"":1,""characters"":[""A"",""E"",""H"",""I"",""N"",""O"",""U""]},{""position"":2,""characters"":[""C"",""D"",""E"",""G"",""H"",""I"",""L"",""M"",""N"",""O"",""P"",""R"",""S"",""T"",""W""]},{""position"":3,""characters"":[""A"",""C"",""E"",""H"",""I"",""L"",""N"",""O"",""P"",""R"",""S"",""T"",""U""]},{""position"":4,""characters"":[""C"",""K"",""L"",""N""]},{""position"":5,""characters"":[""N"",""R""]},{""position"":6,""characters"":[""A"",""D"",""E"",""I"",""K"",""N"",""O"",""T""]},{""position"":7,""characters"":[""A"",""E"",""U""]}]","true"
"13","ar_to_en","5","[10,22]","[{""position"":0,""characters"":[""A""]},{""position"":1,""characters"":[""T""]},{""position"":2,""characters"":[""G"",""M""]},{""position"":3,""characters"":[""A"",""E""]},{""position"":4,""characters"":[""E"",""K""]}]","false"
"13","ar_to_en","13","[10,12,16]","[{""position"":0,""characters"":[""A"",""C"",""D"",""E"",""G"",""I"",""L"",""M"",""N"",""O"",""P"",""R"",""S"",""T"",""U"",""Y""]},{""position"":1,""characters"":[""A"",""C"",""D"",""E"",""I"",""L"",""N"",""O"",""P"",""R"",""T"",""U"",""V""]},{""position"":2,""characters"":[""I""]},{""position"":3,""characters"":[""A"",""C"",""D"",""E"",""F"",""I"",""M"",""N"",""O"",""R"",""S"",""T"",""U""]},{""position"":4,""characters"":[""A"",""C"",""E"",""F"",""I"",""M"",""N"",""O"",""R"",""T"",""U""]},{""position"":5,""characters"":[""A"",""C"",""D"",""E"",""F"",""G"",""I"",""L"",""M"",""N"",""O"",""P"",""R"",""S"",""T"",""U"",""X""]},{""position"":6,""characters"":[""A"",""B"",""C"",""H"",""I"",""L"",""N"",""O"",""S"",""T"",""U"",""Z""]},{""position"":7,""characters"":[""A"",""C"",""D"",""E"",""F"",""G"",""I"",""M"",""N"",""O"",""P"",""R"",""S"",""T"",""U"",""X""]},{""position"":8,""characters"":[""A"",""C"",""E"",""F"",""I"",""M"",""N"",""O"",""R"",""T"",""U""]},{""position"":9,""characters"":[""A"",""C"",""D"",""E"",""F"",""I"",""M"",""N"",""O"",""P"",""R"",""S"",""T"",""U""]},{""position"":10,""characters"":[""I""]},{""position"":11,""characters"":[""A"",""C"",""D"",""E"",""L"",""N"",""O"",""P"",""R"",""T"",""U""]},{""position"":12,""characters"":[""A"",""C"",""D"",""E"",""G"",""I"",""L"",""N"",""O"",""P"",""R"",""S"",""T"",""U"",""Y""]}]","false"
"13","ar_to_en","3","[10,22]","[{""position"":0,""characters"":[""A"",""C"",""D"",""E"",""G"",""I"",""N"",""O"",""S"",""T"",""U"",""Y""]},{""position"":1,""characters"":[""D""]},{""position"":2,""characters"":[""C"",""K"",""L"",""N""]}]","false"
"13","ar_to_en","13","[10,19]","[{""position"":0,""characters"":[""A"",""C"",""D"",""O"",""P"",""U""]},{""position"":1,""characters"":[""A"",""C"",""E"",""N"",""O"",""P""]},{""position"":2,""characters"":[""C"",""D"",""M"",""N"",""P"",""R"",""T""]},{""position"":3,""characters"":[""E"",""F"",""M"",""O"",""P"",""T"",""U""]},{""position"":4,""characters"":[""I"",""M"",""N"",""R"",""U""]},{""position"":5,""characters"":[""C"",""E"",""F"",""G"",""M"",""N"",""S"",""T""]},{""position"":6,""characters"":[""H"",""I"",""N"",""O"",""T"",""U""]},{""position"":7,""characters"":[""A"",""C"",""D"",""E"",""N"",""P"",""R"",""T""]},{""position"":8,""characters"":[""A"",""I"",""N""]},{""position"":9,""characters"":[""D"",""S"",""T""]},{""position"":10,""characters"":[""I""]},{""position"":11,""characters"":[""N""]},{""position"":12,""characters"":[""E"",""N"",""S""]}]","false"
"13","ar_to_en","3","[10,20]","[{""position"":0,""characters"":[""I"",""O""]},{""position"":1,""characters"":[""A"",""E"",""I"",""O""]},{""position"":2,""characters"":[""N""]}]","false"
"13","ar_to_en","4","[10,12]","[{""position"":0,""characters"":[""A"",""C"",""E"",""F"",""I"",""L"",""N"",""O"",""R"",""U""]},{""position"":1,""characters"":[""D"",""R"",""S"",""T""]},{""position"":2,""characters"":[""P""]},{""position"":3,""characters"":[""A"",""E"",""I"",""O"",""R"",""W""]}]","false"
"13","ar_to_en","3","[10,12]","[{""position"":0,""characters"":[""A"",""C"",""D"",""E"",""I"",""L"",""M"",""O"",""P"",""R"",""S"",""T"",""U""]},{""position"":1,""characters"":[""R""]},{""position"":2,""characters"":[""I"",""N"",""S""]}]","false"
"13","ar_to_en","4","[10,19]","[{""position"":0,""characters"":[""D"",""E"",""H"",""K"",""M"",""O"",""R"",""S"",""T"",""W""]},{""position"":1,""characters"":[""A"",""C"",""E"",""H"",""P"",""V"",""X""]},{""position"":2,""characters"":[""N""]},{""position"":3,""characters"":[""N""]}]","false"
"13","ar_to_en","3","[10,12]","[{""position"":0,""characters"":[""D"",""E"",""N""]},{""position"":1,""characters"":[""I""]},{""position"":2,""characters"":[""O""]}]","false"
"13","ar_to_en","4","[10,20,28]","[{""position"":0,""characters"":[""D"",""L"",""M"",""R"",""S"",""Y""]},{""position"":1,""characters"":[""B""]},{""position"":2,""characters"":[""A"",""D"",""F"",""L"",""P"",""S""]},{""position"":3,""characters"":[""E""]}]","false"
"13","ar_to_en","3","[10,14]","[{""position"":0,""characters"":[""G"",""N""]},{""position"":1,""characters"":[""A"",""E"",""N""]},{""position"":2,""characters"":[""O""]}]","false"
"13","ar_to_en","3","[11,23]","[{""position"":0,""characters"":[""A"",""B"",""C"",""D"",""E"",""F"",""G"",""H"",""I"",""J"",""K"",""L"",""M"",""N"",""O"",""P"",""R"",""S"",""T"",""U"",""W"",""X"",""Y""]},{""position"":1,""characters"":[""C""]},{""position"":2,""characters"":[""L"",""N"",""S""]}]","false"
"13","ar_to_en","3","[11,22]","[{""position"":0,""characters"":[""A"",""B"",""C"",""D"",""E"",""G"",""H"",""I"",""K"",""L"",""M"",""N"",""O"",""P"",""R"",""S"",""T"",""W"",""X"",""Y""]},{""position"":1,""characters"":[""A"",""E"",""F"",""N"",""R"",""T""]},{""position"":2,""characters"":[""U""]}]","false"
"13","ar_to_en","3","[11,23]","[{""position"":0,""characters"":[""A"",""D"",""E"",""F"",""G"",""H"",""I"",""K"",""L"",""N"",""O"",""P"",""W""]},{""position"":1,""characters"":[""A""]},{""position"":2,""characters"":[""U""]}]","false"
"13","ar_to_en","3","[11,23]","[{""position"":0,""characters"":[""A"",""C"",""D"",""E"",""F"",""G"",""H"",""I"",""K"",""L"",""M"",""N"",""P"",""R"",""T"",""W"",""X"",""Y""]},{""position"":1,""characters"":[""C""]},{""position"":2,""characters"":[""S""]}]","false"
"13","ar_to_en","3","[11,27]","[{""position"":0,""characters"":[""A"",""C"",""E"",""G"",""H"",""I"",""N"",""R"",""S"",""T"",""U"",""Y""]},{""position"":1,""characters"":[""F"",""O""]},{""position"":2,""characters"":[""I""]}]","false"
"13","ar_to_en","3","[11,25]","[{""position"":0,""characters"":[""D"",""H"",""P""]},{""position"":1,""characters"":[""A"",""O""]},{""position"":2,""characters"":[""R""]}]","false"
"13","ar_to_en","3","[11,18]","[{""position"":0,""characters"":[""E"",""G"",""N"",""O"",""R"",""T"",""W"",""X"",""Y""]},{""position"":1,""characters"":[""E"",""K"",""L"",""N"",""S""]},{""position"":2,""characters"":[""R""]}]","false"
"13","ar_to_en","7","[11,21]","[{""position"":0,""characters"":[""A"",""C"",""D"",""E"",""F"",""G"",""K"",""N"",""P"",""R"",""T"",""Y""]},{""position"":1,""characters"":[""M"",""W""]},{""position"":2,""characters"":[""O""]},{""position"":3,""characters"":[""B"",""C"",""D"",""E"",""F"",""G"",""H"",""I"",""K"",""L"",""M"",""N"",""O"",""P"",""R"",""S"",""T"",""W""]},{""position"":4,""characters"":[""A"",""B"",""C"",""E"",""G"",""H"",""K"",""L"",""M"",""N"",""O"",""P"",""R"",""S"",""T"",""U"",""Y""]},{""position"":5,""characters"":[""A"",""C"",""E"",""G"",""H"",""I"",""L"",""N"",""O"",""P"",""R"",""S"",""T"",""U"",""Y""]},{""position"":6,""characters"":[""A"",""H"",""M"",""N"",""O""]}]","true"
"13","ar_to_en","4","[11,21]","[{""position"":0,""characters"":[""B"",""D"",""E"",""K"",""M"",""N"",""P"",""R"",""S"",""T""]},{""position"":1,""characters"":[""M"",""O""]},{""position"":2,""characters"":[""E"",""N""]},{""position"":3,""characters"":[""P"",""T""]}]","true"
"13","ar_to_en","4","[11,21]","[{""position"":0,""characters"":[""E""]},{""position"":1,""characters"":[""U""]},{""position"":2,""characters"":[""F"",""T""]},{""position"":3,""characters"":[""N""]}]","false"
"13","ar_to_en","6","[11,21]","[{""position"":0,""characters"":[""A"",""C"",""D"",""E"",""H"",""N"",""P""]},{""position"":1,""characters"":[""A"",""C"",""E"",""G"",""I"",""R"",""T""]},{""position"":2,""characters"":[""R""]},{""position"":3,""characters"":[""A"",""E"",""I"",""O"",""T"",""U""]},{""position"":4,""characters"":[""A"",""C"",""G"",""I"",""L"",""N"",""O"",""R"",""S"",""T"",""W""]},{""position"":5,""characters"":[""A"",""E"",""L"",""R""]}]","true"
"13","ar_to_en","13","[11,21]","[{""position"":0,""characters"":[""A"",""C"",""D"",""E"",""I"",""L"",""M"",""N"",""O"",""P"",""S"",""U""]},{""position"":1,""characters"":[""A"",""C"",""D"",""E"",""N"",""O"",""P"",""T""]},{""position"":2,""characters"":[""D"",""P""]},{""position"":3,""characters"":[""E"",""F"",""I"",""O"",""T"",""U""]},{""position"":4,""characters"":[""F"",""I"",""M"",""N"",""R"",""U""]},{""position"":5,""characters"":[""A"",""C"",""E"",""F"",""G"",""I"",""M"",""N"",""S"",""T""]},{""position"":6,""characters"":[""A"",""B"",""C"",""I"",""N"",""O"",""S"",""T"",""U""]},{""position"":7,""characters"":[""A"",""C"",""D"",""E"",""I"",""N"",""P"",""R"",""T"",""U""]},{""position"":8,""characters"":[""A"",""I"",""M"",""N"",""R"",""T"",""U""]},{""position"":9,""characters"":[""A"",""D"",""E"",""I"",""M"",""O"",""R"",""T""]},{""position"":10,""characters"":[""E"",""N"",""S"",""T""]},{""position"":11,""characters"":[""A"",""E"",""N"",""O"",""R"",""T""]},{""position"":12,""characters"":[""A"",""G"",""I"",""L"",""N"",""R"",""S"",""T""]}]","false"
"13","ar_to_en","3","[11,13]","[{""position"":0,""characters"":[""A""]},{""position"":1,""characters"":[""L""]},{""position"":2,""characters"":[""D"",""E"",""T""]}]","false"
"13","ar_to_en","13","[11,23]","[{""position"":0,""characters"":[""A"",""C"",""D"",""E"",""G"",""I"",""L"",""M"",""N"",""O"",""P"",""R"",""S"",""T"",""U"",""Y""]},{""position"":1,""characters"":[""A"",""C"",""D"",""E"",""I"",""L"",""N"",""O"",""P"",""R"",""T"",""U""]},{""position"":2,""characters"":[""I""]},{""position"":3,""characters"":[""A"",""C"",""D"",""E"",""F"",""I"",""M"",""N"",""O"",""P"",""R"",""S"",""T"",""U""]},{""position"":4,""characters"":[""A"",""E"",""F"",""I"",""M"",""N"",""O"",""R"",""T"",""U""]},{""position"":5,""characters"":[""A"",""C"",""D"",""E"",""F"",""G"",""I"",""L"",""M"",""N"",""O"",""P"",""R"",""S"",""T"",""U"",""X""]},{""position"":6,""characters"":[""A"",""B"",""C"",""H"",""I"",""L"",""N"",""O"",""S"",""T"",""U""]},{""position"":7,""characters"":[""A"",""C"",""D"",""E"",""F"",""G"",""I"",""M"",""N"",""O"",""P"",""R"",""S"",""T"",""U"",""X""]},{""position"":8,""characters"":[""A"",""C"",""E"",""F"",""I"",""M"",""N"",""O"",""R"",""T"",""U""]},{""position"":9,""characters"":[""A"",""C"",""D"",""E"",""F"",""I"",""M"",""N"",""O"",""R"",""S"",""T"",""U""]},{""position"":10,""characters"":[""I""]},{""position"":11,""characters"":[""A"",""C"",""D"",""E"",""L"",""N"",""O"",""P"",""R"",""T"",""U"",""V""]},{""position"":12,""characters"":[""A"",""C"",""D"",""E"",""G"",""I"",""L"",""N"",""O"",""P"",""R"",""S"",""T"",""U"",""Y""]}]","false"
"13","ar_to_en","5","[11,29]","[{""position"":0,""characters"":[""A"",""B"",""C"",""D"",""G"",""L"",""N"",""O"",""P"",""R"",""S"",""T"",""X""]},{""position"":1,""characters"":[""A"",""E"",""L"",""N"",""R"",""U""]},{""position"":2,""characters"":[""C"",""K"",""L"",""N""]},{""position"":3,""characters"":[""E"",""T""]},{""position"":4,""characters"":[""E"",""O"",""T"",""U""]}]","true"
"13","ar_to_en","5","[11,29]","[{""position"":0,""characters"":[""A"",""B"",""C"",""D"",""G"",""L"",""N"",""O"",""P"",""R"",""S"",""T"",""X""]},{""position"":1,""characters"":[""A"",""C"",""E"",""H"",""I"",""L"",""N"",""O"",""P"",""R"",""S"",""U"",""W""]},{""position"":2,""characters"":[""A"",""E"",""I"",""O"",""U""]},{""position"":3,""characters"":[""B"",""C"",""D"",""F"",""G"",""H"",""K"",""L"",""M"",""N"",""P"",""R"",""S"",""T"",""V"",""W"",""Y""]},{""position"":4,""characters"":[""R""]}]","false"
"13","ar_to_en","13","[11,29]","[{""position"":0,""characters"":[""G"",""I"",""N"",""S""]},{""position"":1,""characters"":[""N"",""O"",""R""]},{""position"":2,""characters"":[""E"",""I"",""O"",""S"",""T""]},{""position"":3,""characters"":[""E"",""I"",""R"",""T""]},{""position"":4,""characters"":[""A"",""I"",""R"",""T"",""U""]},{""position"":5,""characters"":[""N"",""R"",""T"",""U""]},{""position"":6,""characters"":[""A"",""B"",""C"",""U""]},{""position"":7,""characters"":[""A"",""G"",""I"",""T""]},{""position"":8,""characters"":[""F"",""I"",""R""]},{""position"":9,""characters"":[""F"",""O"",""T"",""U""]},{""position"":10,""characters"":[""N""]},{""position"":11,""characters"":[""O""]},{""position"":12,""characters"":[""L"",""M""]}]","false"
"13","ar_to_en","4","[11,29]","[{""position"":0,""characters"":[""A"",""E"",""I"",""N"",""O""]},{""position"":1,""characters"":[""A"",""D"",""G"",""H"",""I"",""L"",""N""]},{""position"":2,""characters"":[""C"",""E""]},{""position"":3,""characters"":[""L"",""R"",""T""]}]","true"
"13","ar_to_en","4","[11,18,27]","[{""position"":0,""characters"":[""A"",""E"",""H"",""I"",""N"",""O"",""U""]},{""position"":1,""characters"":[""L""]},{""position"":2,""characters"":[""A"",""E"",""I"",""O"",""U""]},{""position"":3,""characters"":[""A"",""E"",""I"",""O"",""P"",""U""]}]","true"
"13","ar_to_en","7","[11,29]","[{""position"":0,""characters"":[""A"",""C"",""D"",""E"",""F"",""G"",""H"",""I"",""K"",""L"",""M"",""N"",""O"",""P"",""R"",""S"",""T"",""U"",""V"",""W"",""Y""]},{""position"":1,""characters"":[""A"",""C"",""D"",""E"",""G"",""H"",""I"",""L"",""M"",""N"",""O"",""P"",""R"",""S"",""T"",""U"",""X""]},{""position"":2,""characters"":[""A"",""C"",""E"",""I"",""K"",""L"",""N"",""O"",""S"",""U""]},{""position"":3,""characters"":[""B"",""D"",""H"",""K"",""M"",""P"",""T"",""W""]},{""position"":4,""characters"":[""O""]},{""position"":5,""characters"":[""P"",""S""]},{""position"":6,""characters"":[""A"",""D"",""F"",""G"",""R""]}]","false"
"13","ar_to_en","5","[11,21]","[{""position"":0,""characters"":[""A"",""E"",""I"",""O"",""U""]},{""position"":1,""characters"":[""A"",""C"",""D"",""E"",""G"",""H"",""I"",""K"",""L"",""M"",""N"",""P"",""R"",""S"",""T"",""U"",""V"",""W""]},{""position"":2,""characters"":[""A"",""O""]},{""position"":3,""characters"":[""A"",""E""]},{""position"":4,""characters"":[""A"",""E"",""K"",""U""]}]","false"
"13","ar_to_en","4","[11,19]","[{""position"":0,""characters"":[""A"",""E""]},{""position"":1,""characters"":[""A"",""E"",""I"",""O"",""U""]},{""position"":2,""characters"":[""B"",""C"",""D"",""E"",""F"",""H"",""I"",""K"",""L"",""M"",""N"",""O"",""P"",""R"",""S"",""T"",""U"",""W"",""Y""]},{""position"":3,""characters"":[""R""]}]","false"
"13","ar_to_en","4","[11,19,24]","[{""position"":0,""characters"":[""A"",""E""]},{""position"":1,""characters"":[""E"",""N""]},{""position"":2,""characters"":[""N"",""U""]},{""position"":3,""characters"":[""D"",""E"",""N"",""R""]}]","false"
"13","ar_to_en","3","[12,14,28]","[{""position"":0,""characters"":[""C""]},{""position"":1,""characters"":[""C"",""D"",""F"",""G"",""H"",""L"",""N"",""O"",""P"",""R"",""S"",""T"",""W"",""Y""]},{""position"":2,""characters"":[""D"",""E"",""I"",""K"",""N"",""O"",""T""]}]","false"
"13","ar_to_en","3","[12,17]","[{""position"":0,""characters"":[""A"",""D"",""E"",""H"",""I"",""K"",""O"",""P"",""U""]},{""position"":1,""characters"":[""O"",""S""]},{""position"":2,""characters"":[""D"",""M""]}]","false"
"13","ar_to_en","5","[12,14]","[{""position"":0,""characters"":[""A"",""D"",""H"",""N"",""P"",""R"",""S""]},{""position"":1,""characters"":[""A"",""E"",""H"",""I"",""N""]},{""position"":2,""characters"":[""C"",""E"",""L""]},{""position"":3,""characters"":[""E"",""F"",""I"",""W""]},{""position"":4,""characters"":[""O""]}]","false"
"13","ar_to_en","5","[12,29]","[{""position"":0,""characters"":[""A"",""E"",""I"",""O"",""U""]},{""position"":1,""characters"":[""C"",""D"",""R""]},{""position"":2,""characters"":[""E""]},{""position"":3,""characters"":[""D"",""E"",""G"",""K"",""S"",""T"",""U""]},{""position"":4,""characters"":[""B"",""C"",""D"",""E"",""F"",""G"",""H"",""K"",""L"",""M"",""N"",""P"",""R"",""S"",""T"",""W"",""Y""]}]","false"
"13","ar_to_en","4","[12,15]","[{""position"":0,""characters"":[""C"",""K"",""L"",""N""]},{""position"":1,""characters"":[""A"",""E"",""F"",""I"",""L"",""O"",""U""]},{""position"":2,""characters"":[""A"",""C"",""D"",""E"",""F"",""G"",""H"",""K"",""L"",""M"",""N"",""P"",""R"",""S"",""T"",""V"",""Z""]},{""position"":3,""characters"":[""N""]}]","true"
"13","ar_to_en","3","[12,19,20,21]","[{""position"":0,""characters"":[""I"",""O""]},{""position"":1,""characters"":[""A"",""E"",""I"",""O"",""U""]},{""position"":2,""characters"":[""N""]}]","false"
"13","ar_to_en","3","[12,15,20]","[{""position"":0,""characters"":[""I""]},{""position"":1,""characters"":[""A"",""E"",""I"",""O"",""R"",""W""]},{""position"":2,""characters"":[""N"",""R"",""S""]}]","false"
"13","ar_to_en","4","[12,25]","[{""position"":0,""characters"":[""D"",""I"",""N"",""O"",""S""]},{""position"":1,""characters"":[""A"",""I"",""O"",""U""]},{""position"":2,""characters"":[""C""]},{""position"":3,""characters"":[""K""]}]","true"
"13","ar_to_en","3","[12,15,16,20,25]","[{""position"":0,""characters"":[""E"",""K"",""N"",""S""]},{""position"":1,""characters"":[""L""]},{""position"":2,""characters"":[""I""]}]","false"
"13","ar_to_en","8","[12,29]","[{""position"":0,""characters"":[""A"",""B"",""C"",""D"",""E"",""F"",""G"",""H"",""I"",""J"",""K"",""L"",""M"",""N"",""O"",""P"",""R"",""S"",""T"",""U"",""W"",""Y""]},{""position"":1,""characters"":[""A"",""B"",""C"",""E"",""F"",""G"",""H"",""I"",""L"",""M"",""N"",""O"",""P"",""R"",""S"",""T"",""U"",""V"",""Y""]},{""position"":2,""characters"":[""A"",""S"",""T""]},{""position"":3,""characters"":[""A"",""B"",""C"",""D"",""E"",""F"",""G"",""H"",""I"",""K"",""L"",""M"",""N"",""O"",""P"",""R"",""S"",""T"",""U"",""W"",""X"",""Y""]},{""position"":4,""characters"":[""A"",""B"",""C"",""D"",""E"",""F"",""G"",""H"",""I"",""L"",""M"",""N"",""O"",""P"",""R"",""S"",""T"",""U"",""V"",""Y""]},{""position"":5,""characters"":[""A"",""B"",""C"",""D"",""E"",""F"",""G"",""H"",""I"",""L"",""M"",""N"",""O"",""P"",""R"",""S"",""T"",""U"",""V"",""Y""]},{""position"":6,""characters"":[""A"",""B"",""C"",""D"",""E"",""F"",""G"",""H"",""I"",""K"",""L"",""M"",""N"",""O"",""P"",""R"",""S"",""T"",""U"",""Y""]},{""position"":7,""characters"":[""O""]}]","true"
"13","ar_to_en","8","[12,29]","[{""position"":0,""characters"":[""A"",""B"",""C"",""D"",""L"",""M"",""P"",""R"",""S"",""Y""]},{""position"":1,""characters"":[""E"",""P"",""R""]},{""position"":2,""characters"":[""T""]},{""position"":3,""characters"":[""A"",""C"",""E"",""I"",""S""]},{""position"":4,""characters"":[""A"",""C"",""E"",""G"",""I"",""O"",""R"",""S""]},{""position"":5,""characters"":[""D"",""I"",""R""]},{""position"":6,""characters"":[""E"",""I"",""K"",""L"",""O"",""R"",""S"",""T""]},{""position"":7,""characters"":[""A"",""C"",""D"",""E"",""G"",""H"",""I"",""L"",""M"",""R"",""S"",""T"",""Y""]}]","true"
"13","ar_to_en","3","[12,20,21]","[{""position"":0,""characters"":[""A"",""B"",""D"",""E"",""F"",""G"",""L"",""P"",""S"",""T""]},{""position"":1,""characters"":[""S""]},{""position"":2,""characters"":[""E""]}]","false"
"13","ar_to_en","13","[13,30]","[{""position"":0,""characters"":[""A"",""C"",""D"",""E"",""G"",""I"",""L"",""M"",""N"",""O"",""P"",""R"",""S"",""U"",""Y""]},{""position"":1,""characters"":[""A"",""C"",""D"",""E"",""I"",""L"",""N"",""O"",""P"",""R"",""T"",""U"",""V""]},{""position"":2,""characters"":[""I""]},{""position"":3,""characters"":[""A"",""C"",""D"",""E"",""F"",""I"",""N"",""O"",""R"",""S"",""T"",""U""]},{""position"":4,""characters"":[""A"",""C"",""E"",""F"",""I"",""M"",""N"",""O"",""R"",""T"",""U""]},{""position"":5,""characters"":[""A"",""C"",""D"",""E"",""F"",""G"",""I"",""L"",""M"",""N"",""O"",""P"",""R"",""S"",""T"",""U"",""X""]},{""position"":6,""characters"":[""A"",""B"",""C"",""H"",""I"",""L"",""N"",""O"",""S"",""T"",""U""]},{""position"":7,""characters"":[""A"",""C"",""D"",""E"",""F"",""G"",""I"",""L"",""M"",""N"",""O"",""P"",""R"",""S"",""T"",""U"",""X""]},{""position"":8,""characters"":[""A"",""C"",""E"",""F"",""I"",""M"",""N"",""O"",""R"",""T"",""U""]},{""position"":9,""characters"":[""A"",""C"",""D"",""E"",""F"",""I"",""N"",""O"",""P"",""R"",""S"",""T"",""U""]},{""position"":10,""characters"":[""I""]},{""position"":11,""characters"":[""A"",""C"",""D"",""E"",""I"",""L"",""N"",""O"",""P"",""R"",""T"",""U""]},{""position"":12,""characters"":[""A"",""C"",""D"",""E"",""G"",""I"",""L"",""M"",""N"",""O"",""P"",""R"",""S"",""U"",""Y""]}]","false"
"13","ar_to_en","13","[13,15]","[{""position"":0,""characters"":[""A"",""C"",""D"",""E"",""G"",""I"",""L"",""M"",""N"",""O"",""P"",""R"",""S"",""U"",""Y""]},{""position"":1,""characters"":[""A"",""C"",""D"",""E"",""I"",""L"",""N"",""O"",""P"",""R"",""T"",""U""]},{""position"":2,""characters"":[""I""]},{""position"":3,""characters"":[""A"",""C"",""D"",""E"",""F"",""I"",""N"",""O"",""P"",""R"",""S"",""T"",""U""]},{""position"":4,""characters"":[""A"",""C"",""E"",""F"",""I"",""M"",""N"",""O"",""R"",""T"",""U""]},{""position"":5,""characters"":[""A"",""C"",""D"",""E"",""F"",""G"",""I"",""L"",""M"",""N"",""O"",""P"",""R"",""S"",""T"",""U"",""X""]},{""position"":6,""characters"":[""A"",""B"",""C"",""H"",""I"",""L"",""N"",""O"",""S"",""T"",""U""]},{""position"":7,""characters"":[""A"",""C"",""D"",""E"",""F"",""G"",""I"",""M"",""N"",""O"",""P"",""R"",""S"",""T"",""U"",""X""]},{""position"":8,""characters"":[""A"",""C"",""E"",""F"",""I"",""M"",""N"",""O"",""R"",""T"",""U""]},{""position"":9,""characters"":[""A"",""C"",""D"",""E"",""F"",""I"",""M"",""N"",""O"",""R"",""S"",""T"",""U""]},{""position"":10,""characters"":[""I""]},{""position"":11,""characters"":[""A"",""C"",""D"",""E"",""L"",""N"",""O"",""P"",""R"",""T"",""U"",""V""]},{""position"":12,""characters"":[""A"",""C"",""D"",""E"",""G"",""I"",""L"",""N"",""O"",""P"",""R"",""S"",""T"",""U"",""Y""]}]","false"
"13","ar_to_en","3","[13,21]","[{""position"":0,""characters"":[""A"",""B"",""C"",""E"",""F"",""G"",""H"",""L"",""M"",""N"",""O"",""P"",""R"",""S"",""T"",""W"",""Y""]},{""position"":1,""characters"":[""S"",""T""]},{""position"":2,""characters"":[""B"",""C"",""D"",""F"",""I"",""M"",""O"",""P"",""R"",""S"",""T"",""W"",""Y""]}]","false"
"13","ar_to_en","13","[13,29]","[{""position"":0,""characters"":[""A"",""C"",""D"",""E"",""G"",""I"",""L"",""M"",""N"",""O"",""P"",""R"",""S"",""T"",""U"",""Y""]},{""position"":1,""characters"":[""A"",""C"",""D"",""E"",""I"",""L"",""N"",""O"",""P"",""R"",""T"",""U""]},{""position"":2,""characters"":[""I""]},{""position"":3,""characters"":[""A"",""C"",""D"",""E"",""F"",""I"",""M"",""N"",""O"",""R"",""S"",""T"",""U""]},{""position"":4,""characters"":[""A"",""C"",""E"",""F"",""I"",""M"",""N"",""O"",""R"",""T"",""U""]},{""position"":5,""characters"":[""A"",""C"",""D"",""E"",""F"",""G"",""I"",""L"",""M"",""N"",""O"",""P"",""R"",""S"",""T"",""U"",""X""]},{""position"":6,""characters"":[""A"",""B"",""C"",""I"",""L"",""N"",""O"",""S"",""T"",""U""]},{""position"":7,""characters"":[""A"",""C"",""D"",""E"",""F"",""G"",""I"",""L"",""M"",""N"",""O"",""P"",""R"",""S"",""T"",""U"",""X""]},{""position"":8,""characters"":[""A"",""C"",""E"",""F"",""I"",""M"",""N"",""O"",""R"",""T"",""U""]},{""position"":9,""characters"":[""A"",""C"",""D"",""E"",""F"",""I"",""N"",""O"",""R"",""S"",""T"",""U""]},{""position"":10,""characters"":[""I""]},{""position"":11,""characters"":[""A"",""C"",""D"",""E"",""I"",""L"",""N"",""O"",""P"",""R"",""T"",""U""]},{""position"":12,""characters"":[""A"",""C"",""D"",""E"",""G"",""I"",""L"",""M"",""N"",""O"",""P"",""R"",""S"",""U"",""Y""]}]","false"
"13","ar_to_en","3","[13,28]","[{""position"":0,""characters"":[""A"",""E"",""I"",""O"",""P"",""U""]},{""position"":1,""characters"":[""A"",""E"",""I"",""O"",""T"",""U""]},{""position"":2,""characters"":[""I""]}]","false"
"13","ar_to_en","13","[13,17,19]","[{""position"":0,""characters"":[""A"",""C"",""D"",""E"",""G"",""I"",""L"",""M"",""N"",""O"",""P"",""R"",""S"",""T"",""U"",""Y""]},{""position"":1,""characters"":[""A"",""C"",""D"",""E"",""I"",""L"",""N"",""O"",""P"",""R"",""T"",""U""]},{""position"":2,""characters"":[""I""]},{""position"":3,""characters"":[""A"",""C"",""D"",""E"",""F"",""I"",""M"",""N"",""O"",""R"",""S"",""T"",""U""]},{""position"":4,""characters"":[""A"",""C"",""E"",""F"",""I"",""M"",""N"",""O"",""R"",""T"",""U""]},{""position"":5,""characters"":[""A"",""C"",""D"",""E"",""F"",""G"",""I"",""L"",""M"",""N"",""O"",""P"",""R"",""S"",""T"",""U"",""X""]},{""position"":6,""characters"":[""A"",""B"",""C"",""I"",""L"",""N"",""O"",""S"",""T"",""U""]},{""position"":7,""characters"":[""A"",""C"",""D"",""E"",""F"",""G"",""I"",""M"",""N"",""O"",""P"",""R"",""S"",""T"",""U"",""X""]},{""position"":8,""characters"":[""A"",""C"",""E"",""F"",""I"",""M"",""N"",""O"",""R"",""T"",""U""]},{""position"":9,""characters"":[""A"",""C"",""D"",""E"",""F"",""I"",""M"",""N"",""O"",""R"",""S"",""T"",""U""]},{""position"":10,""characters"":[""I""]},{""position"":11,""characters"":[""A"",""C"",""D"",""E"",""L"",""N"",""O"",""P"",""R"",""T"",""U""]},{""position"":12,""characters"":[""A"",""C"",""D"",""E"",""G"",""I"",""L"",""N"",""O"",""P"",""R"",""S"",""T"",""U"",""Y""]}]","false"
"13","ar_to_en","5","[13,19,24]","[{""position"":0,""characters"":[""A"",""E"",""I"",""O""]},{""position"":1,""characters"":[""A"",""C"",""E"",""G"",""H"",""I"",""N"",""R"",""S"",""T"",""U"",""Y""]},{""position"":2,""characters"":[""A"",""O""]},{""position"":3,""characters"":[""A"",""E""]},{""position"":4,""characters"":[""A"",""E"",""K"",""U""]}]","false"
"13","ar_to_en","3","[13,19]","[{""position"":0,""characters"":[""A"",""S""]},{""position"":1,""characters"":[""E"",""Y""]},{""position"":2,""characters"":[""C"",""F"",""H"",""M"",""R""]}]","false"
"13","ar_to_en","13","[13,21]","[{""position"":0,""characters"":[""A"",""C"",""D"",""E"",""G"",""I"",""L"",""N"",""O"",""P"",""R"",""S"",""T"",""U"",""Y""]},{""position"":1,""characters"":[""A"",""C"",""D"",""E"",""I"",""L"",""N"",""O"",""P"",""R"",""T"",""U""]},{""position"":2,""characters"":[""I""]},{""position"":3,""characters"":[""A"",""C"",""D"",""E"",""F"",""I"",""M"",""N"",""O"",""P"",""S"",""T"",""U""]},{""position"":4,""characters"":[""A"",""E"",""F"",""I"",""M"",""N"",""O"",""R"",""T"",""U""]},{""position"":5,""characters"":[""A"",""C"",""D"",""E"",""F"",""G"",""I"",""M"",""N"",""O"",""P"",""R"",""S"",""T"",""U""]},{""position"":6,""characters"":[""A"",""B"",""C"",""H"",""I"",""N"",""O"",""S"",""T"",""U"",""Z""]},{""position"":7,""characters"":[""A"",""C"",""D"",""E"",""F"",""G"",""I"",""M"",""N"",""O"",""P"",""R"",""S"",""T"",""U"",""X""]},{""position"":8,""characters"":[""A"",""C"",""E"",""F"",""I"",""M"",""N"",""O"",""R"",""T"",""U""]},{""position"":9,""characters"":[""A"",""C"",""D"",""E"",""F"",""I"",""M"",""N"",""O"",""R"",""S"",""T"",""U""]},{""position"":10,""characters"":[""I""]},{""position"":11,""characters"":[""A"",""C"",""D"",""E"",""I"",""L"",""N"",""O"",""P"",""R"",""T"",""V""]},{""position"":12,""characters"":[""A"",""C"",""D"",""E"",""G"",""I"",""L"",""N"",""O"",""P"",""R"",""S"",""T"",""U"",""Y""]}]","false"
"13","ar_to_en","7","[13,29]","[{""position"":0,""characters"":[""A"",""D"",""F"",""G"",""H"",""I"",""L"",""N"",""O"",""U"",""W""]},{""position"":1,""characters"":[""C"",""L"",""N""]},{""position"":2,""characters"":[""A"",""E"",""I"",""N"",""O"",""S"",""T"",""U"",""Y""]},{""position"":3,""characters"":[""A"",""E"",""K"",""U""]},{""position"":4,""characters"":[""A"",""C"",""D"",""E"",""F"",""G"",""H"",""K"",""L"",""M"",""N"",""O"",""P"",""R"",""S"",""T"",""V""]},{""position"":5,""characters"":[""A"",""E"",""I"",""R"",""U""]},{""position"":6,""characters"":[""D"",""E"",""O""]}]","true"
"13","ar_to_en","3","[13,29]","[{""position"":0,""characters"":[""A"",""E"",""I"",""O"",""P"",""U""]},{""position"":1,""characters"":[""A"",""E"",""O"",""U""]},{""position"":2,""characters"":[""I""]}]","false"
"13","ar_to_en","7","[13,29]","[{""position"":0,""characters"":[""A"",""E"",""I"",""N"",""O"",""U"",""W""]},{""position"":1,""characters"":[""A"",""C"",""E"",""G"",""H"",""I"",""N"",""R"",""S"",""T"",""U"",""Y""]},{""position"":2,""characters"":[""C"",""E"",""I"",""L"",""O"",""T""]},{""position"":3,""characters"":[""A"",""B"",""D"",""E"",""F"",""G"",""H"",""J"",""K"",""L"",""M"",""N"",""P"",""R"",""S"",""T"",""W"",""Y""]},{""position"":4,""characters"":[""A"",""E"",""I"",""M"",""O"",""T"",""U""]},{""position"":5,""characters"":[""A"",""E"",""I"",""O"",""P"",""U""]},{""position"":6,""characters"":[""D"",""E"",""O""]}]","true"
"13","ar_to_en","7","[13,29]","[{""position"":0,""characters"":[""A"",""C"",""E"",""G"",""H"",""I"",""N"",""R"",""S"",""T"",""U"",""Y""]},{""position"":1,""characters"":[""A"",""D"",""E"",""H"",""I"",""O"",""P"",""U""]},{""position"":2,""characters"":[""A"",""C"",""D"",""E"",""F"",""G"",""H"",""K"",""L"",""M"",""N"",""O"",""P"",""R"",""S"",""U"",""V"",""W""]},{""position"":3,""characters"":[""A"",""E""]},{""position"":4,""characters"":[""A"",""E"",""I"",""M"",""O"",""T"",""U""]},{""position"":5,""characters"":[""A"",""C"",""E"",""G"",""H"",""I"",""N"",""R"",""S"",""T"",""U"",""Y""]},{""position"":6,""characters"":[""N""]}]","true"
"13","ar_to_en","5","[13,28]","[{""position"":0,""characters"":[""A"",""B"",""C"",""D"",""E"",""F"",""G"",""H"",""L"",""M"",""N"",""P"",""R"",""S"",""T"",""W"",""Y""]},{""position"":1,""characters"":[""A"",""B"",""C"",""D"",""E"",""F"",""G"",""H"",""I"",""K"",""L"",""M"",""N"",""O"",""P"",""R"",""S"",""T"",""U"",""V"",""W"",""Y""]},{""position"":2,""characters"":[""M""]},{""position"":3,""characters"":[""B"",""C"",""D"",""F"",""I"",""M"",""O"",""P"",""R"",""S"",""T"",""W"",""Y""]},{""position"":4,""characters"":[""E"",""Y""]}]","true"
"13","ar_to_en","3","[13,25]","[{""position"":0,""characters"":[""A"",""P"",""S"",""T"",""Y""]},{""position"":1,""characters"":[""A"",""E"",""I"",""O"",""T"",""U""]},{""position"":2,""characters"":[""I""]}]","false"
"13","ar_to_en","6","[13,19,28]","[{""position"":0,""characters"":[""A"",""B"",""D"",""E"",""F"",""G"",""H"",""K"",""L"",""M"",""N"",""O"",""P"",""R"",""S"",""T"",""W""]},{""position"":1,""characters"":[""E"",""F"",""I"",""T""]},{""position"":2,""characters"":[""A"",""C"",""D"",""E"",""H"",""L"",""M"",""N"",""O"",""P"",""R"",""S"",""T"",""U"",""V""]},{""position"":3,""characters"":[""N""]},{""position"":4,""characters"":[""A"",""D"",""F"",""G"",""H"",""I"",""L"",""N"",""O"",""U"",""W""]},{""position"":5,""characters"":[""A"",""E"",""I"",""R"",""U""]}]","true"
"13","ar_to_en","13","[14,24]","[{""position"":0,""characters"":[""A"",""C"",""D"",""E"",""G"",""I"",""L"",""M"",""N"",""O"",""P"",""R"",""S"",""T"",""U"",""Y""]},{""position"":1,""characters"":[""A"",""D"",""E"",""I"",""L"",""N"",""O"",""P"",""R""]},{""position"":2,""characters"":[""I""]},{""position"":3,""characters"":[""A"",""C"",""D"",""E"",""F"",""I"",""M"",""N"",""O"",""P"",""R"",""S"",""T"",""U""]},{""position"":4,""characters"":[""A"",""E"",""F"",""I"",""N"",""O"",""R"",""T"",""U""]},{""position"":5,""characters"":[""A"",""C"",""E"",""F"",""G"",""I"",""L"",""M"",""N"",""O"",""P"",""R"",""S"",""T"",""U"",""X""]},{""position"":6,""characters"":[""A"",""B"",""C"",""H"",""I"",""L"",""N"",""S"",""T"",""U""]},{""position"":7,""characters"":[""A"",""C"",""E"",""F"",""G"",""I"",""M"",""N"",""O"",""P"",""R"",""S"",""T"",""U"",""X""]},{""position"":8,""characters"":[""A"",""E"",""F"",""I"",""N"",""O"",""R"",""T"",""U""]},{""position"":9,""characters"":[""A"",""C"",""D"",""E"",""F"",""I"",""M"",""N"",""O"",""R"",""S"",""T""]},{""position"":10,""characters"":[""I""]},{""position"":11,""characters"":[""A"",""D"",""E"",""L"",""N"",""O"",""P"",""R"",""U"",""V""]},{""position"":12,""characters"":[""A"",""C"",""D"",""E"",""G"",""I"",""L"",""N"",""O"",""P"",""R"",""S"",""T"",""U"",""Y""]}]","false"
"13","ar_to_en","6","[14,19]","[{""position"":0,""characters"":[""A"",""B"",""D"",""E"",""H"",""I"",""M"",""N"",""R"",""T"",""W"",""Y""]},{""position"":1,""characters"":[""A"",""C"",""D"",""E"",""L"",""M"",""S"",""T"",""Y""]},{""position"":2,""characters"":[""P"",""S""]},{""position"":3,""characters"":[""A"",""C"",""D"",""E"",""F"",""G"",""H"",""J"",""K"",""L"",""M"",""N"",""P"",""R"",""S"",""T"",""U"",""W"",""Y""]},{""position"":4,""characters"":[""A"",""B"",""C"",""D"",""E"",""F"",""G"",""H"",""K"",""L"",""M"",""N"",""O"",""P"",""R"",""S"",""W"",""X"",""Y""]},{""position"":5,""characters"":[""E"",""Y""]}]","true"
"13","ar_to_en","13","[14,19]","[{""position"":0,""characters"":[""A"",""C"",""M"",""P""]},{""position"":1,""characters"":[""A"",""O"",""P"",""R""]},{""position"":2,""characters"":[""M"",""N""]},{""position"":3,""characters"":[""C"",""M"",""R"",""U""]},{""position"":4,""characters"":[""F"",""I"",""O"",""T""]},{""position"":5,""characters"":[""A"",""I"",""S"",""X""]},{""position"":6,""characters"":[""C"",""I"",""S"",""T""]},{""position"":7,""characters"":[""I"",""M"",""T""]},{""position"":8,""characters"":[""A"",""O"",""U""]},{""position"":9,""characters"":[""N"",""R"",""T""]},{""position"":10,""characters"":[""E""]},{""position"":11,""characters"":[""L""]},{""position"":12,""characters"":[""S"",""Y""]}]","false"
"13","ar_to_en","3","[14,19]","[{""position"":0,""characters"":[""A"",""B"",""C"",""D"",""E"",""F"",""G"",""H"",""I"",""K"",""L"",""M"",""N"",""O"",""P"",""R"",""S"",""T"",""U"",""W"",""X"",""Y""]},{""position"":1,""characters"":[""A"",""D"",""I"",""P"",""R"",""S"",""T""]},{""position"":2,""characters"":[""I""]}]","false"
"13","ar_to_en","6","[14,19]","[{""position"":0,""characters"":[""A"",""E"",""I"",""N"",""O"",""U"",""W""]},{""position"":1,""characters"":[""A"",""H"",""I"",""L"",""N"",""O"",""R""]},{""position"":2,""characters"":[""E"",""N"",""O"",""V""]},{""position"":3,""characters"":[""A"",""E"",""I"",""N"",""O"",""R"",""U""]},{""position"":4,""characters"":[""C"",""D"",""E"",""G"",""I"",""L"",""N"",""P"",""R"",""S"",""T""]},{""position"":5,""characters"":[""A"",""O"",""R"",""U""]}]","true"
"13","ar_to_en","3","[14,15]","[{""position"":0,""characters"":[""A"",""E"",""I"",""O""]},{""position"":1,""characters"":[""A""]},{""position"":2,""characters"":[""L""]}]","false"
"13","ar_to_en","7","[14,17]","[{""position"":0,""characters"":[""A"",""B"",""D"",""E"",""F"",""G"",""H"",""K"",""L"",""M"",""N"",""O"",""P"",""R"",""S"",""T"",""W""]},{""position"":1,""characters"":[""A"",""E"",""I"",""N"",""O"",""U"",""W""]},{""position"":2,""characters"":[""A"",""C"",""D"",""E"",""G"",""H"",""L"",""M"",""N"",""O"",""P"",""R"",""S"",""T""]},{""position"":3,""characters"":[""A"",""E"",""I"",""O"",""U""]},{""position"":4,""characters"":[""D"",""E"",""O""]},{""position"":5,""characters"":[""A"",""D"",""F"",""G"",""H"",""I"",""L"",""N"",""O"",""U"",""W""]},{""position"":6,""characters"":[""A"",""O"",""R"",""U""]}]","true"
"13","ar_to_en","3","[14,28]","[{""position"":0,""characters"":[""A"",""B"",""C"",""D"",""E"",""F"",""G"",""H"",""I"",""K"",""L"",""M"",""N"",""O"",""P"",""R"",""S"",""T"",""Y""]},{""position"":1,""characters"":[""T""]},{""position"":2,""characters"":[""N"",""O"",""R""]}]","false"
"13","ar_to_en","7","[14,28]","[{""position"":0,""characters"":[""A"",""B"",""C"",""D"",""E"",""F"",""G"",""H"",""I"",""K"",""L"",""M"",""N"",""O"",""P"",""R"",""S"",""T"",""W"",""Y""]},{""position"":1,""characters"":[""M""]},{""position"":2,""characters"":[""E"",""F"",""N"",""R"",""T""]},{""position"":3,""characters"":[""A"",""B"",""C"",""D"",""E"",""F"",""G"",""H"",""I"",""J"",""K"",""L"",""M"",""N"",""O"",""P"",""R"",""S"",""T"",""U"",""W""]},{""position"":4,""characters"":[""A"",""B"",""C"",""D"",""E"",""F"",""G"",""H"",""I"",""L"",""M"",""N"",""O"",""P"",""R"",""S"",""T"",""U"",""X"",""Y""]},{""position"":5,""characters"":[""A"",""B"",""C"",""D"",""E"",""F"",""G"",""H"",""I"",""L"",""M"",""N"",""O"",""P"",""R"",""S"",""T"",""U"",""X"",""Y""]},{""position"":6,""characters"":[""A"",""F"",""I"",""M"",""R"",""U""]}]","true"
"13","ar_to_en","3","[14,28]","[{""position"":0,""characters"":[""A"",""B"",""C"",""D"",""E"",""F"",""G"",""H"",""I"",""K"",""L"",""M"",""N"",""P"",""R"",""S"",""T"",""W"",""X"",""Y""]},{""position"":1,""characters"":[""T""]},{""position"":2,""characters"":[""I"",""N"",""O"",""S"",""T""]}]","false"
"13","ar_to_en","3","[14,28]","[{""position"":0,""characters"":[""A"",""C"",""D"",""E"",""G"",""I"",""K"",""L"",""N"",""O"",""P"",""R"",""S"",""T"",""U"",""W"",""Y""]},{""position"":1,""characters"":[""A"",""I"",""T""]},{""position"":2,""characters"":[""I""]}]","false"
"13","ar_to_en","3","[14,28]","[{""position"":0,""characters"":[""A"",""D"",""E"",""I"",""L"",""N"",""O"",""R"",""W""]},{""position"":1,""characters"":[""R""]},{""position"":2,""characters"":[""D"",""N"",""O""]}]","false"
"13","ar_to_en","3","[14,28]","[{""position"":0,""characters"":[""A"",""B"",""C"",""D"",""E"",""G"",""H"",""I"",""J"",""M"",""N"",""O"",""P"",""R"",""T"",""W"",""X"",""Y""]},{""position"":1,""characters"":[""S""]},{""position"":2,""characters"":[""C"",""D"",""L"",""M"",""P"",""R""]}]","false"
"13","ar_to_en","13","[14,28]","[{""position"":0,""characters"":[""A"",""D"",""E"",""I"",""N"",""O"",""T""]},{""position"":1,""characters"":[""D"",""L"",""N"",""O"",""R""]},{""position"":2,""characters"":[""R""]},{""position"":3,""characters"":[""A"",""C"",""E"",""I"",""N"",""O"",""R"",""U""]},{""position"":4,""characters"":[""E"",""I"",""N"",""R"",""T""]},{""position"":5,""characters"":[""A"",""O"",""R"",""U""]},{""position"":6,""characters"":[""A"",""B"",""N"",""O"",""S"",""T""]},{""position"":7,""characters"":[""F""]},{""position"":8,""characters"":[""A"",""F"",""M"",""N"",""R"",""T""]},{""position"":9,""characters"":[""A"",""C"",""E"",""I"",""N"",""O"",""R"",""U""]},{""position"":10,""characters"":[""A"",""E"",""G"",""O""]},{""position"":11,""characters"":[""A"",""D"",""E"",""L"",""N"",""P"",""R"",""T""]},{""position"":12,""characters"":[""A"",""E"",""I""]}]","false"
"13","ar_to_en","3","[14,27,28]","[{""position"":0,""characters"":[""A"",""D"",""E"",""H"",""I"",""N"",""R"",""T"",""W"",""X"",""Y""]},{""position"":1,""characters"":[""N""]},{""position"":2,""characters"":[""C"",""L"",""M""]}]","false"
"13","ar_to_en","3","[14,28]","[{""position"":0,""characters"":[""A"",""B"",""C"",""D"",""E"",""G"",""H"",""I"",""K"",""L"",""N"",""O"",""P"",""R"",""S"",""T"",""W"",""Y""]},{""position"":1,""characters"":[""A"",""T"",""U""]},{""position"":2,""characters"":[""I""]}]","false"
"13","ar_to_en","3","[14,28]","[{""position"":0,""characters"":[""A"",""B"",""C"",""D"",""E"",""G"",""H"",""I"",""J"",""M"",""N"",""O"",""P"",""R"",""T"",""W"",""X"",""Y""]},{""position"":1,""characters"":[""P""]},{""position"":2,""characters"":[""C"",""L"",""R""]}]","false"
"13","ar_to_en","3","[14,28]","[{""position"":0,""characters"":[""A"",""D"",""E"",""H"",""I"",""K"",""L"",""N"",""O"",""P"",""R""]},{""position"":1,""characters"":[""R""]},{""position"":2,""characters"":[""D"",""N""]}]","false"
"13","ar_to_en","13","[14,28]","[{""position"":0,""characters"":[""A"",""D"",""E"",""I"",""N"",""O"",""T""]},{""position"":1,""characters"":[""D"",""L"",""N"",""O"",""R""]},{""position"":2,""characters"":[""R""]},{""position"":3,""characters"":[""A"",""C"",""E"",""I"",""N"",""O"",""R"",""U""]},{""position"":4,""characters"":[""E"",""I"",""N"",""R"",""T""]},{""position"":5,""characters"":[""A"",""I"",""O"",""P"",""U""]},{""position"":6,""characters"":[""A"",""B"",""N"",""O"",""S"",""T""]},{""position"":7,""characters"":[""A"",""E"",""I"",""T""]},{""position"":8,""characters"":[""A"",""F"",""M"",""N"",""R"",""T""]},{""position"":9,""characters"":[""A"",""C"",""E"",""I"",""N"",""O"",""R"",""U""]},{""position"":10,""characters"":[""A"",""E"",""G"",""O""]},{""position"":11,""characters"":[""C"",""D"",""E"",""L"",""N"",""O"",""P"",""R"",""T""]},{""position"":12,""characters"":[""A"",""P"",""S""]}]","false"
"13","ar_to_en","3","[14,28]","[{""position"":0,""characters"":[""A"",""C"",""E"",""G"",""H"",""I"",""N"",""R"",""S"",""T"",""U"",""Y""]},{""position"":1,""characters"":[""O""]},{""position"":2,""characters"":[""E""]}]","false"
"13","ar_to_en","5","[14,28]","[{""position"":0,""characters"":[""A"",""D"",""E"",""F"",""G"",""H"",""L"",""M"",""O"",""P"",""R"",""S"",""X"",""Y""]},{""position"":1,""characters"":[""A"",""D"",""E"",""I"",""N"",""O"",""R"",""U"",""W""]},{""position"":2,""characters"":[""N""]},{""position"":3,""characters"":[""C""]},{""position"":4,""characters"":[""A"",""L"",""O"",""Y""]}]","true"
"13","ar_to_en","5","[14,24,29]","[{""position"":0,""characters"":[""A"",""D"",""E"",""F"",""G"",""H"",""L"",""M"",""O"",""P"",""R"",""S"",""Y""]},{""position"":1,""characters"":[""C"",""E"",""G"",""N"",""R"",""S"",""T""]},{""position"":2,""characters"":[""N""]},{""position"":3,""characters"":[""D""]},{""position"":4,""characters"":[""A"",""Y""]}]","false"
"13","ar_to_en","3","[14,27]","[{""position"":0,""characters"":[""A"",""B"",""C"",""D"",""E"",""F"",""G"",""H"",""K"",""L"",""M"",""N"",""P"",""R"",""S"",""T"",""W"",""Y""]},{""position"":1,""characters"":[""E"",""F"",""O"",""U""]},{""position"":2,""characters"":[""I""]}]","false"
"13","ar_to_en","4","[14,29]","[{""position"":0,""characters"":[""A"",""B"",""C"",""D"",""E"",""F"",""G"",""H"",""I"",""J"",""K"",""L"",""M"",""N"",""O"",""P"",""R"",""S"",""T"",""W"",""Y""]},{""position"":1,""characters"":[""A"",""C"",""D"",""E"",""F"",""G"",""H"",""I"",""K"",""L"",""N"",""O"",""P"",""R"",""S"",""T"",""U"",""W"",""Y""]},{""position"":2,""characters"":[""A"",""O"",""U""]},{""position"":3,""characters"":[""O""]}]","true"
"13","ar_to_en","3","[14,20]","[{""position"":0,""characters"":[""A"",""B"",""C"",""D"",""E"",""G"",""H"",""I"",""J"",""M"",""N"",""O"",""P"",""R"",""S"",""T"",""W"",""X"",""Y""]},{""position"":1,""characters"":[""T""]},{""position"":2,""characters"":[""I"",""R""]}]","false"
"13","ar_to_en","5","[14,23]","[{""position"":0,""characters"":[""E"",""Y""]},{""position"":1,""characters"":[""A"",""B"",""C"",""D"",""E"",""F"",""G"",""H"",""L"",""M"",""N"",""O"",""P"",""R"",""S"",""W"",""X"",""Y""]},{""position"":2,""characters"":[""A"",""C"",""E"",""G"",""H"",""I"",""L"",""M"",""N"",""O"",""P"",""R"",""S"",""T"",""W""]},{""position"":3,""characters"":[""A"",""B"",""C"",""D"",""E"",""F"",""G"",""H"",""I"",""L"",""M"",""N"",""O"",""P"",""R"",""S"",""T"",""U"",""W"",""X"",""Y""]},{""position"":4,""characters"":[""O""]}]","true"
"13","ar_to_en","3","[14,24]","[{""position"":0,""characters"":[""D"",""E"",""N"",""R"",""T""]},{""position"":1,""characters"":[""L"",""R""]},{""position"":2,""characters"":[""L"",""M""]}]","false"
"13","ar_to_en","8","[14,24]","[{""position"":0,""characters"":[""A"",""C"",""D"",""E"",""G"",""H"",""I"",""L"",""O"",""P"",""R"",""T"",""U""]},{""position"":1,""characters"":[""A"",""C"",""E"",""I"",""N"",""O"",""P"",""R"",""U""]},{""position"":2,""characters"":[""A"",""D"",""E"",""H"",""I"",""O"",""P"",""U""]},{""position"":3,""characters"":[""A"",""D"",""E"",""I"",""K"",""N"",""O"",""T""]},{""position"":4,""characters"":[""B"",""C"",""D"",""F"",""G"",""H"",""J"",""L"",""N"",""O"",""P"",""R"",""S"",""T"",""U"",""W""]},{""position"":5,""characters"":[""D"",""O""]},{""position"":6,""characters"":[""A"",""C"",""D"",""E"",""G"",""H"",""I"",""L"",""M"",""N"",""O"",""P"",""R"",""S"",""T"",""V""]},{""position"":7,""characters"":[""A"",""E"",""I"",""L"",""N"",""O"",""P"",""R""]}]","false"
"13","ar_to_en","6","[14,24]","[{""position"":0,""characters"":[""A"",""D"",""E"",""H"",""M"",""N"",""R""]},{""position"":1,""characters"":[""T""]},{""position"":2,""characters"":[""S""]},{""position"":3,""characters"":[""A"",""R"",""S"",""T"",""W""]},{""position"":4,""characters"":[""A"",""D"",""E"",""G"",""L"",""N"",""R"",""S"",""T""]},{""position"":5,""characters"":[""C"",""D"",""E"",""L"",""M"",""N"",""P"",""S"",""T"",""Y""]}]","false"
"13","ar_to_en","8","[14,24]","[{""position"":0,""characters"":[""A"",""C"",""D"",""E"",""F"",""G"",""H"",""K"",""L"",""M"",""N"",""O"",""P"",""R"",""S"",""T"",""U"",""V"",""W""]},{""position"":1,""characters"":[""A"",""C"",""E"",""I"",""N"",""O"",""P"",""R"",""U""]},{""position"":2,""characters"":[""C"",""L"",""N""]},{""position"":3,""characters"":[""A"",""E""]},{""position"":4,""characters"":[""A"",""E"",""I"",""T""]},{""position"":5,""characters"":[""L""]},{""position"":6,""characters"":[""A"",""C"",""D"",""E"",""G"",""H"",""I"",""L"",""O"",""P"",""R"",""T"",""U""]},{""position"":7,""characters"":[""A"",""E"",""L"",""M"",""O"",""P"",""S""]}]","true"
"13","ar_to_en","5","[14,30]","[{""position"":0,""characters"":[""N""]},{""position"":1,""characters"":[""A"",""B"",""C"",""D"",""E"",""F"",""G"",""H"",""I"",""K"",""L"",""M"",""N"",""O"",""P"",""R"",""S"",""T"",""V"",""W"",""Y""]},{""position"":2,""characters"":[""A"",""B"",""C"",""D"",""E"",""F"",""I"",""K"",""L"",""M"",""N"",""O"",""P"",""R"",""S"",""T""]},{""position"":3,""characters"":[""A"",""B"",""D"",""E"",""G"",""K"",""L"",""M"",""N"",""O"",""P"",""R"",""S"",""T"",""Y""]},{""position"":4,""characters"":[""P""]}]","true"
"13","ar_to_en","3","[14,30]","[{""position"":0,""characters"":[""A"",""O""]},{""position"":1,""characters"":[""C"",""F""]},{""position"":2,""characters"":[""A"",""R"",""S""]}]","false"
"13","ar_to_en","3","[14,15]","[{""position"":0,""characters"":[""D""]},{""position"":1,""characters"":[""D"",""E""]},{""position"":2,""characters"":[""E"",""P""]}]","false"
"13","ar_to_en","6","[14,15]","[{""position"":0,""characters"":[""A"",""E"",""I"",""R"",""U""]},{""position"":1,""characters"":[""C"",""D"",""E"",""F"",""G"",""H"",""I"",""K"",""L"",""M"",""N"",""O"",""P"",""R"",""S"",""T"",""U"",""V"",""W""]},{""position"":2,""characters"":[""A"",""E"",""I"",""N"",""O"",""R"",""U""]},{""position"":3,""characters"":[""N"",""R""]},{""position"":4,""characters"":[""A"",""E"",""I"",""L"",""O""]},{""position"":5,""characters"":[""A"",""E"",""K"",""L"",""O"",""P"",""R"",""U""]}]","true"
"13","ar_to_en","4","[14,21,26]","[{""position"":0,""characters"":[""A"",""C"",""D"",""E"",""F"",""G"",""K"",""M"",""N"",""O"",""P"",""R"",""S"",""T"",""W"",""Y""]},{""position"":1,""characters"":[""M""]},{""position"":2,""characters"":[""B"",""C"",""D"",""F"",""I"",""M"",""O"",""P"",""R"",""S"",""T"",""W"",""Y""]},{""position"":3,""characters"":[""E"",""Y""]}]","true"
"13","ar_to_en","3","[14,17,20,24,30]","[{""position"":0,""characters"":[""A"",""E"",""I"",""N"",""T""]},{""position"":1,""characters"":[""N""]},{""position"":2,""characters"":[""E""]}]","false"
"13","ar_to_en","5","[14,26]","[{""position"":0,""characters"":[""A"",""C"",""E"",""H"",""I"",""L"",""N"",""O"",""P"",""R"",""S"",""T"",""U"",""X""]},{""position"":1,""characters"":[""C"",""K"",""L"",""N""]},{""position"":2,""characters"":[""N"",""R""]},{""position"":3,""characters"":[""A"",""D"",""E"",""I"",""K"",""N"",""O"",""T""]},{""position"":4,""characters"":[""A"",""E"",""K"",""U""]}]","false"
"13","ar_to_en","5","[14,27]","[{""position"":0,""characters"":[""A"",""C"",""D"",""E"",""F"",""G"",""H"",""I"",""K"",""L"",""M"",""N"",""O"",""P"",""R"",""S"",""T"",""V""]},{""position"":1,""characters"":[""E"",""F"",""I"",""O""]},{""position"":2,""characters"":[""I""]},{""position"":3,""characters"":[""A"",""C"",""E"",""M"",""T"",""Y""]},{""position"":4,""characters"":[""A"",""P"",""S"",""T"",""Y""]}]","false"
"13","ar_to_en","5","[14,19,29]","[{""position"":0,""characters"":[""A"",""C"",""D"",""E"",""F"",""G"",""L"",""M"",""N"",""O"",""P"",""R"",""S"",""T"",""U"",""W"",""Y""]},{""position"":1,""characters"":[""M""]},{""position"":2,""characters"":[""A"",""D"",""E"",""F"",""K"",""L"",""N"",""T"",""W""]},{""position"":3,""characters"":[""A"",""B"",""C"",""D"",""F"",""G"",""H"",""N"",""P"",""S"",""T"",""W""]},{""position"":4,""characters"":[""O""]}]","false"
"13","ar_to_en","5","[14,19,29]","[{""position"":0,""characters"":[""A"",""C"",""E"",""K"",""L"",""N"",""O"",""X""]},{""position"":1,""characters"":[""C"",""D"",""E"",""G"",""H"",""I"",""L"",""M"",""N"",""O"",""P"",""R"",""S"",""T"",""W"",""X""]},{""position"":2,""characters"":[""A"",""C"",""E"",""I"",""N"",""O"",""P"",""R"",""U"",""W""]},{""position"":3,""characters"":[""C"",""L"",""N""]},{""position"":4,""characters"":[""N"",""R""]}]","false"
"13","ar_to_en","4","[14,26,28]","[{""position"":0,""characters"":[""A"",""I""]},{""position"":1,""characters"":[""A"",""C"",""D"",""E"",""F"",""G"",""H"",""I"",""K"",""L"",""N"",""O"",""P"",""R"",""S"",""T"",""U"",""W"",""Y""]},{""position"":2,""characters"":[""A"",""C"",""D"",""E"",""F"",""G"",""H"",""I"",""K"",""L"",""N"",""O"",""P"",""R"",""S"",""T"",""U"",""W"",""Y""]},{""position"":3,""characters"":[""U""]}]","false"
"13","ar_to_en","5","[14,28]","[{""position"":0,""characters"":[""A"",""E"",""U""]},{""position"":1,""characters"":[""K"",""L"",""N""]},{""position"":2,""characters"":[""A"",""E"",""I"",""N"",""O"",""P"",""R"",""W""]},{""position"":3,""characters"":[""E""]},{""position"":4,""characters"":[""B"",""D"",""E"",""F"",""G"",""L"",""M"",""P"",""R""]}]","false"
"13","ar_to_en","5","[14,28]","[{""position"":0,""characters"":[""A"",""I""]},{""position"":1,""characters"":[""D""]},{""position"":2,""characters"":[""N""]},{""position"":3,""characters"":[""A"",""E""]},{""position"":4,""characters"":[""D"",""N"",""R""]}]","false"
"13","ar_to_en","5","[15,17]","[{""position"":0,""characters"":[""B"",""C"",""D"",""E"",""F"",""G"",""H"",""L"",""N"",""P"",""R"",""S"",""T""]},{""position"":1,""characters"":[""L"",""P""]},{""position"":2,""characters"":[""O""]},{""position"":3,""characters"":[""E"",""I""]},{""position"":4,""characters"":[""B"",""C"",""D"",""F"",""G"",""H"",""L"",""N"",""O"",""P"",""R"",""S"",""T"",""W"",""Y""]}]","false"
"13","ar_to_en","3","[15,17]","[{""position"":0,""characters"":[""A"",""D"",""G"",""T""]},{""position"":1,""characters"":[""E""]},{""position"":2,""characters"":[""E""]}]","false"
"13","ar_to_en","3","[15,20]","[{""position"":0,""characters"":[""A"",""C"",""D"",""E"",""F"",""G"",""I"",""K"",""L"",""M"",""N"",""O"",""P"",""R"",""S"",""T"",""X"",""Y""]},{""position"":1,""characters"":[""F""]},{""position"":2,""characters"":[""I"",""M""]}]","false"
"13","ar_to_en","3","[15,20,24]","[{""position"":0,""characters"":[""A"",""B"",""C"",""D"",""E"",""G"",""I"",""J"",""K"",""L"",""M"",""N"",""O"",""P"",""R"",""S"",""T"",""W"",""X"",""Y""]},{""position"":1,""characters"":[""T""]},{""position"":2,""characters"":[""I"",""R"",""U""]}]","false"
"13","ar_to_en","5","[15,24]","[{""position"":0,""characters"":[""A"",""C"",""E"",""G"",""H"",""I"",""L"",""M"",""N"",""O"",""P"",""R"",""S"",""T"",""W""]},{""position"":1,""characters"":[""A"",""B"",""C"",""D"",""E"",""F"",""G"",""H"",""I"",""K"",""L"",""M"",""N"",""O"",""P"",""R"",""S"",""T"",""U"",""W"",""X"",""Y""]},{""position"":2,""characters"":[""F""]},{""position"":3,""characters"":[""B"",""C"",""D"",""F"",""I"",""M"",""O"",""P"",""R"",""S"",""T"",""W"",""Y""]},{""position"":4,""characters"":[""E"",""Y""]}]","false"
"13","ar_to_en","13","[15,18,30]","[{""position"":0,""characters"":[""A"",""C"",""D"",""E"",""G"",""I"",""L"",""M"",""N"",""O"",""P"",""R"",""S"",""T"",""U"",""Y""]},{""position"":1,""characters"":[""A"",""C"",""D"",""E"",""I"",""L"",""N"",""O"",""P"",""R"",""T"",""U"",""V""]},{""position"":2,""characters"":[""I""]},{""position"":3,""characters"":[""A"",""C"",""D"",""E"",""F"",""I"",""M"",""N"",""O"",""R"",""S"",""T"",""U""]},{""position"":4,""characters"":[""A"",""C"",""E"",""F"",""I"",""M"",""N"",""O"",""R"",""T"",""U""]},{""position"":5,""characters"":[""A"",""C"",""E"",""F"",""G"",""I"",""L"",""M"",""N"",""P"",""R"",""S"",""T"",""U""]},{""position"":6,""characters"":[""A"",""B"",""C"",""H"",""I"",""L"",""N"",""O"",""S"",""T"",""U"",""Z""]},{""position"":7,""characters"":[""A"",""C"",""D"",""E"",""F"",""G"",""I"",""L"",""N"",""O"",""P"",""R"",""S"",""T"",""U""]},{""position"":8,""characters"":[""A"",""C"",""E"",""F"",""I"",""M"",""N"",""O"",""R"",""T"",""U""]},{""position"":9,""characters"":[""A"",""C"",""D"",""E"",""F"",""I"",""M"",""N"",""O"",""P"",""R"",""S"",""T"",""U""]},{""position"":10,""characters"":[""I""]},{""position"":11,""characters"":[""A"",""D"",""E"",""I"",""L"",""N"",""O"",""P"",""R"",""T"",""U""]},{""position"":12,""characters"":[""A"",""C"",""D"",""E"",""G"",""I"",""L"",""M"",""N"",""O"",""P"",""R"",""S"",""T"",""U"",""Y""]}]","false"
"13","ar_to_en","13","[15,28]","[{""position"":0,""characters"":[""A"",""C"",""D"",""E"",""G"",""I"",""L"",""M"",""N"",""O"",""P"",""R"",""S"",""U"",""Y""]},{""position"":1,""characters"":[""A"",""C"",""D"",""E"",""I"",""L"",""N"",""O"",""P"",""R"",""T"",""U"",""V""]},{""position"":2,""characters"":[""E""]},{""position"":3,""characters"":[""A"",""C"",""D"",""E"",""F"",""I"",""N"",""O"",""P"",""R"",""S"",""T"",""U""]},{""position"":4,""characters"":[""A"",""C"",""E"",""F"",""I"",""M"",""N"",""O"",""R"",""T"",""U""]},{""position"":5,""characters"":[""A"",""C"",""D"",""E"",""F"",""G"",""I"",""L"",""M"",""N"",""O"",""P"",""R"",""S"",""T"",""U"",""X""]},{""position"":6,""characters"":[""A"",""B"",""C"",""H"",""I"",""L"",""N"",""O"",""S"",""T"",""U""]},{""position"":7,""characters"":[""A"",""C"",""D"",""E"",""F"",""G"",""I"",""M"",""N"",""O"",""P"",""R"",""S"",""T"",""U"",""X""]},{""position"":8,""characters"":[""A"",""C"",""E"",""F"",""I"",""M"",""N"",""O"",""R"",""T"",""U""]},{""position"":9,""characters"":[""A"",""C"",""D"",""E"",""F"",""I"",""M"",""N"",""O"",""P"",""R"",""S"",""T"",""U""]},{""position"":10,""characters"":[""E"",""G"",""N"",""T""]},{""position"":11,""characters"":[""A"",""C"",""D"",""E"",""I"",""L"",""N"",""O"",""P"",""R"",""T"",""U"",""V""]},{""position"":12,""characters"":[""A"",""C"",""D"",""E"",""G"",""I"",""L"",""N"",""O"",""P"",""R"",""S"",""T"",""U"",""Y""]}]","false"
"13","ar_to_en","3","[15,28]","[{""position"":0,""characters"":[""A""]},{""position"":1,""characters"":[""S""]},{""position"":2,""characters"":[""D"",""P"",""R"",""T""]}]","false"
"13","ar_to_en","7","[15,20]","[{""position"":0,""characters"":[""A"",""C"",""E"",""H"",""I"",""L"",""N"",""O"",""P"",""R"",""S"",""T"",""U""]},{""position"":1,""characters"":[""A"",""C"",""E"",""I"",""O"",""S"",""T"",""U""]},{""position"":2,""characters"":[""A"",""C"",""D"",""E"",""I"",""L"",""O"",""T"",""U""]},{""position"":3,""characters"":[""B"",""C"",""D"",""F"",""G"",""H"",""J"",""L"",""N"",""O"",""P"",""R"",""S"",""T"",""U"",""W"",""Y""]},{""position"":4,""characters"":[""D"",""O""]},{""position"":5,""characters"":[""A"",""C"",""E"",""G"",""H"",""I"",""N"",""R"",""S"",""T"",""U"",""Y""]},{""position"":6,""characters"":[""A"",""D"",""E"",""I"",""L"",""N"",""O"",""U""]}]","true"
"13","ar_to_en","13","[15,21]","[{""position"":0,""characters"":[""A"",""C"",""D"",""P"",""U""]},{""position"":1,""characters"":[""A"",""C"",""E"",""N"",""O""]},{""position"":2,""characters"":[""C"",""D"",""M"",""N"",""R"",""T""]},{""position"":3,""characters"":[""E"",""F"",""M"",""O"",""T"",""U""]},{""position"":4,""characters"":[""I"",""M"",""N"",""R"",""U""]},{""position"":5,""characters"":[""C"",""E"",""F"",""G"",""M"",""N"",""S""]},{""position"":6,""characters"":[""I"",""N"",""O"",""T"",""U""]},{""position"":7,""characters"":[""A"",""C"",""D"",""N"",""P"",""R"",""T""]},{""position"":8,""characters"":[""A"",""N""]},{""position"":9,""characters"":[""D"",""T""]},{""position"":10,""characters"":[""I""]},{""position"":11,""characters"":[""O""]},{""position"":12,""characters"":[""G""]}]","false"
"13","ar_to_en","4","[15,19]","[{""position"":0,""characters"":[""D"",""F"",""K"",""L"",""M"",""N"",""S"",""T"",""Y""]},{""position"":1,""characters"":[""E"",""I"",""L"",""S"",""T""]},{""position"":2,""characters"":[""E""]},{""position"":3,""characters"":[""V""]}]","false"
"13","ar_to_en","3","[15,23]","[{""position"":0,""characters"":[""B"",""D"",""E"",""H"",""N"",""R"",""T"",""Y""]},{""position"":1,""characters"":[""D""]},{""position"":2,""characters"":[""S""]}]","false"
"13","ar_to_en","13","[15,26]","[{""position"":0,""characters"":[""A"",""D"",""I"",""L"",""N"",""R""]},{""position"":1,""characters"":[""U""]},{""position"":2,""characters"":[""T""]},{""position"":3,""characters"":[""A"",""E"",""I"",""N"",""O""]},{""position"":4,""characters"":[""E"",""F"",""M"",""R""]},{""position"":5,""characters"":[""A"",""I"",""M"",""N"",""T""]},{""position"":6,""characters"":[""A"",""C"",""I"",""N"",""S"",""T""]},{""position"":7,""characters"":[""A"",""I"",""N"",""O"",""T""]},{""position"":8,""characters"":[""A"",""C"",""I"",""N"",""R"",""T""]},{""position"":9,""characters"":[""A"",""I"",""O"",""T""]},{""position"":10,""characters"":[""I"",""N"",""O""]},{""position"":11,""characters"":[""A"",""D"",""L"",""N"",""O""]},{""position"":12,""characters"":[""A"",""E"",""L"",""N"",""S"",""Y""]}]","false"
"13","ar_to_en","3","[15,18]","[{""position"":0,""characters"":[""E"",""K"",""L"",""N"",""S""]},{""position"":1,""characters"":[""C"",""D"",""F"",""I"",""P"",""R"",""S"",""T"",""W"",""Y""]},{""position"":2,""characters"":[""M""]}]","false"
"13","ar_to_en","13","[15,20]","[{""position"":0,""characters"":[""A"",""C"",""E"",""M"",""P"",""S""]},{""position"":1,""characters"":[""A"",""N"",""O"",""P"",""R""]},{""position"":2,""characters"":[""M"",""N"",""O""]},{""position"":3,""characters"":[""C"",""E"",""I"",""M"",""R"",""U""]},{""position"":4,""characters"":[""F"",""I"",""O"",""R"",""T""]},{""position"":5,""characters"":[""A"",""I"",""S"",""T"",""X""]},{""position"":6,""characters"":[""A"",""C"",""I"",""S"",""T""]},{""position"":7,""characters"":[""M"",""N"",""T""]},{""position"":8,""characters"":[""A"",""E"",""N"",""O"",""U""]},{""position"":9,""characters"":[""M"",""R"",""S"",""T""]},{""position"":10,""characters"":[""E""]},{""position"":11,""characters"":[""L""]},{""position"":12,""characters"":[""P"",""S"",""T"",""Y""]}]","false"
"13","ar_to_en","3","[16,23]","[{""position"":0,""characters"":[""A"",""E"",""I"",""O"",""U""]},{""position"":1,""characters"":[""A"",""D"",""E"",""F"",""G"",""H"",""K"",""L"",""N"",""P"",""R"",""S"",""T"",""W"",""Y""]},{""position"":2,""characters"":[""I""]}]","false"
"13","ar_to_en","7","[16,17]","[{""position"":0,""characters"":[""A"",""C"",""D"",""E"",""G"",""H"",""L"",""M"",""N"",""O"",""P"",""R"",""S"",""T""]},{""position"":1,""characters"":[""A"",""E"",""G"",""I"",""O"",""U""]},{""position"":2,""characters"":[""A"",""C"",""D"",""E"",""F"",""G"",""H"",""K"",""L"",""M"",""N"",""O"",""P"",""R"",""S"",""T"",""V""]},{""position"":3,""characters"":[""F"",""O""]},{""position"":4,""characters"":[""A"",""N"",""O"",""T""]},{""position"":5,""characters"":[""A"",""D"",""F"",""G"",""H"",""I"",""L"",""N"",""O"",""U"",""W""]},{""position"":6,""characters"":[""A"",""O"",""R"",""U""]}]","true"
"13","ar_to_en","7","[16,17]","[{""position"":0,""characters"":[""A"",""C"",""D"",""E"",""F"",""G"",""H"",""K"",""L"",""M"",""N"",""O"",""P"",""R"",""S"",""U"",""V"",""W""]},{""position"":1,""characters"":[""A"",""E"",""F"",""I"",""L"",""O"",""U""]},{""position"":2,""characters"":[""A"",""C"",""D"",""E"",""F"",""G"",""H"",""K"",""L"",""M"",""N"",""O"",""P"",""R"",""S"",""T"",""V""]},{""position"":3,""characters"":[""A"",""E""]},{""position"":4,""characters"":[""A"",""I""]},{""position"":5,""characters"":[""A"",""C"",""E"",""G"",""H"",""I"",""N"",""R"",""S"",""T"",""U"",""Y""]},{""position"":6,""characters"":[""A"",""O"",""R"",""U""]}]","false"
"13","ar_to_en","4","[16,29]","[{""position"":0,""characters"":[""A"",""C"",""D"",""E"",""G"",""I"",""K"",""N"",""O"",""R"",""S"",""T"",""U"",""W""]},{""position"":1,""characters"":[""C""]},{""position"":2,""characters"":[""A"",""D"",""F"",""I"",""L"",""O"",""Y""]},{""position"":3,""characters"":[""A"",""E"",""K"",""U""]}]","true"
"13","ar_to_en","3","[16,29]","[{""position"":0,""characters"":[""D"",""M""]},{""position"":1,""characters"":[""A""]},{""position"":2,""characters"":[""M""]}]","false"
"13","ar_to_en","6","[16,29]","[{""position"":0,""characters"":[""A"",""E"",""G"",""I"",""O"",""U""]},{""position"":1,""characters"":[""C"",""K"",""L"",""N""]},{""position"":2,""characters"":[""E"",""F"",""I"",""T""]},{""position"":3,""characters"":[""A"",""O"",""T""]},{""position"":4,""characters"":[""C"",""D"",""F"",""G"",""H"",""L"",""N"",""O"",""P"",""R"",""S"",""T"",""U"",""W"",""X"",""Y""]},{""position"":5,""characters"":[""A"",""E"",""I"",""T""]}]","true"
"13","ar_to_en","5","[16,29]","[{""position"":0,""characters"":[""A"",""I"",""N"",""U""]},{""position"":1,""characters"":[""A"",""D"",""E"",""H"",""L"",""M"",""N"",""O"",""P"",""R"",""S"",""T"",""U"",""W"",""Y""]},{""position"":2,""characters"":[""A"",""B"",""C"",""D"",""E"",""F"",""G"",""H"",""I"",""J"",""K"",""L"",""M"",""N"",""O"",""P"",""R"",""S"",""T"",""U"",""W"",""X"",""Y""]},{""position"":3,""characters"":[""A"",""B"",""C"",""D"",""E"",""F"",""G"",""H"",""I"",""L"",""M"",""N"",""O"",""P"",""R"",""S"",""T"",""U"",""W"",""X"",""Y""]},{""position"":4,""characters"":[""I""]}]","false"
"13","ar_to_en","6","[16,28,29]","[{""position"":0,""characters"":[""A"",""E"",""F"",""I"",""L"",""O"",""U""]},{""position"":1,""characters"":[""C"",""K"",""L"",""N""]},{""position"":2,""characters"":[""A"",""C"",""E"",""F"",""I"",""L"",""N"",""O"",""R"",""U"",""X""]},{""position"":3,""characters"":[""A"",""I""]},{""position"":4,""characters"":[""A"",""D"",""E"",""F"",""G"",""H"",""K"",""L"",""M"",""N"",""P"",""R"",""S"",""T"",""W"",""Y""]},{""position"":5,""characters"":[""A"",""E"",""I"",""T""]}]","true"
"13","ar_to_en","3","[16,24]","[{""position"":0,""characters"":[""A"",""B"",""D"",""E"",""F"",""G"",""I"",""L"",""O"",""P"",""S"",""T"",""U""]},{""position"":1,""characters"":[""G"",""L"",""S"",""W""]},{""position"":2,""characters"":[""S""]}]","false"
"13","ar_to_en","3","[16,27]","[{""position"":0,""characters"":[""A"",""C"",""D"",""E"",""F"",""G"",""H"",""L"",""M"",""P"",""S"",""T"",""Y""]},{""position"":1,""characters"":[""S"",""T""]},{""position"":2,""characters"":[""B"",""C"",""D"",""F"",""I"",""M"",""O"",""P"",""R"",""S"",""T"",""W"",""Y""]}]","false"
"13","ar_to_en","6","[16,27]","[{""position"":0,""characters"":[""B"",""C"",""D"",""E"",""F"",""G"",""H"",""J"",""K"",""L"",""M"",""N"",""O"",""P"",""R"",""S"",""T"",""W"",""Y""]},{""position"":1,""characters"":[""A"",""P"",""S"",""T"",""Y""]},{""position"":2,""characters"":[""P""]},{""position"":3,""characters"":[""A"",""E"",""I"",""O"",""U""]},{""position"":4,""characters"":[""E"",""H"",""L"",""M"",""N"",""O"",""P"",""R"",""S"",""T"",""U"",""V"",""W""]},{""position"":5,""characters"":[""E""]}]","false"
"13","ar_to_en","13","[16,24,27]","[{""position"":0,""characters"":[""A"",""C"",""D"",""E"",""G"",""I"",""L"",""M"",""N"",""O"",""P"",""R"",""S"",""T"",""U"",""Y""]},{""position"":1,""characters"":[""A"",""C"",""D"",""E"",""I"",""L"",""N"",""O"",""P"",""R"",""T"",""U"",""V""]},{""position"":2,""characters"":[""I""]},{""position"":3,""characters"":[""A"",""C"",""D"",""E"",""F"",""I"",""M"",""N"",""O"",""S"",""T"",""U""]},{""position"":4,""characters"":[""A"",""C"",""E"",""F"",""I"",""M"",""N"",""O"",""R"",""T"",""U""]},{""position"":5,""characters"":[""A"",""C"",""D"",""E"",""F"",""G"",""I"",""L"",""M"",""N"",""O"",""P"",""R"",""S"",""T"",""U""]},{""position"":6,""characters"":[""A"",""B"",""C"",""H"",""I"",""L"",""N"",""O"",""S"",""T"",""U""]},{""position"":7,""characters"":[""A"",""C"",""D"",""E"",""F"",""G"",""I"",""M"",""N"",""O"",""P"",""R"",""S"",""T"",""U"",""X""]},{""position"":8,""characters"":[""A"",""C"",""E"",""F"",""I"",""M"",""N"",""O"",""R"",""T"",""U""]},{""position"":9,""characters"":[""A"",""C"",""D"",""E"",""F"",""I"",""M"",""N"",""O"",""P"",""R"",""S"",""T"",""U""]},{""position"":10,""characters"":[""I""]},{""position"":11,""characters"":[""A"",""C"",""D"",""E"",""L"",""N"",""O"",""P"",""R"",""T"",""U""]},{""position"":12,""characters"":[""A"",""C"",""D"",""E"",""G"",""I"",""L"",""N"",""O"",""P"",""R"",""S"",""T"",""U"",""Y""]}]","false"
"13","ar_to_en","6","[16,27]","[{""position"":0,""characters"":[""A"",""E"",""I"",""L"",""O"",""U""]},{""position"":1,""characters"":[""A"",""C"",""D"",""E"",""F"",""G"",""H"",""K"",""L"",""M"",""N"",""O"",""P"",""R"",""S"",""T"",""U"",""V"",""W""]},{""position"":2,""characters"":[""A"",""E"",""I"",""R"",""U""]},{""position"":3,""characters"":[""D"",""E"",""O""]},{""position"":4,""characters"":[""C"",""D"",""F"",""G"",""H"",""L"",""N"",""O"",""P"",""R"",""S"",""T"",""U"",""W"",""X"",""Y""]},{""position"":5,""characters"":[""A"",""E"",""I"",""T""]}]","true"
"13","ar_to_en","4","[16,29]","[{""position"":0,""characters"":[""A"",""B"",""D"",""S""]},{""position"":1,""characters"":[""I"",""P"",""R"",""S"",""T"",""W""]},{""position"":2,""characters"":[""A""]},{""position"":3,""characters"":[""N""]}]","true"
"13","ar_to_en","5","[17,26]","[{""position"":0,""characters"":[""A"",""E"",""L"",""N"",""P"",""R"",""S"",""T"",""W""]},{""position"":1,""characters"":[""C"",""U""]},{""position"":2,""characters"":[""E"",""I""]},{""position"":3,""characters"":[""G""]},{""position"":4,""characters"":[""O"",""U""]}]","false"
"13","ar_to_en","3","[17,28]","[{""position"":0,""characters"":[""C"",""M""]},{""position"":1,""characters"":[""C"",""D"",""F"",""G"",""N"",""P"",""R"",""S"",""T"",""W"",""Y""]},{""position"":2,""characters"":[""D"",""E"",""I"",""K"",""N"",""O"",""T""]}]","false"
"13","ar_to_en","5","[17,22,26]","[{""position"":0,""characters"":[""A"",""B"",""E"",""F"",""G"",""S"",""U""]},{""position"":1,""characters"":[""C"",""D"",""N"",""O"",""R""]},{""position"":2,""characters"":[""I""]},{""position"":3,""characters"":[""S""]},{""position"":4,""characters"":[""A"",""G"",""N"",""T""]}]","true"
"13","ar_to_en","3","[17,26]","[{""position"":0,""characters"":[""C"",""M""]},{""position"":1,""characters"":[""C"",""D"",""F"",""G"",""H"",""L"",""N"",""O"",""P"",""R"",""S"",""T"",""W"",""Y""]},{""position"":2,""characters"":[""D"",""E"",""I"",""K"",""N"",""O"",""T""]}]","false"
"13","ar_to_en","13","[17,22]","[{""position"":0,""characters"":[""A"",""C"",""D"",""M"",""P"",""U""]},{""position"":1,""characters"":[""A"",""C"",""E"",""N"",""O""]},{""position"":2,""characters"":[""M"",""T""]},{""position"":3,""characters"":[""E"",""F"",""M"",""O"",""P"",""T"",""U""]},{""position"":4,""characters"":[""F"",""I"",""M"",""N"",""R"",""U""]},{""position"":5,""characters"":[""A"",""C"",""E"",""F"",""G"",""M"",""N"",""S""]},{""position"":6,""characters"":[""C"",""H"",""I"",""N"",""O"",""T"",""U""]},{""position"":7,""characters"":[""A"",""C"",""D"",""E"",""N"",""P"",""R"",""T""]},{""position"":8,""characters"":[""A"",""N"",""U""]},{""position"":9,""characters"":[""D"",""R"",""S"",""T""]},{""position"":10,""characters"":[""I""]},{""position"":11,""characters"":[""N""]},{""position"":12,""characters"":[""E"",""G"",""N""]}]","false"
"13","ar_to_en","3","[17,18]","[{""position"":0,""characters"":[""D"",""E"",""G"",""K"",""S"",""T""]},{""position"":1,""characters"":[""E""]},{""position"":2,""characters"":[""D""]}]","false"
"13","ar_to_en","4","[17,21]","[{""position"":0,""characters"":[""A""]},{""position"":1,""characters"":[""N""]},{""position"":2,""characters"":[""A"",""D"",""I"",""O""]},{""position"":3,""characters"":[""B"",""C"",""D"",""E"",""F"",""G"",""H"",""L"",""M"",""N"",""O"",""P"",""R"",""S"",""T"",""W"",""Y""]}]","false"
"13","ar_to_en","3","[17,24]","[{""position"":0,""characters"":[""C"",""E"",""N""]},{""position"":1,""characters"":[""U""]},{""position"":2,""characters"":[""E"",""G""]}]","false"
"13","ar_to_en","13","[17,27]","[{""position"":0,""characters"":[""C"",""M"",""N"",""O"",""S""]},{""position"":1,""characters"":[""I"",""L"",""O"",""R""]},{""position"":2,""characters"":[""N"",""T""]},{""position"":3,""characters"":[""A"",""C"",""I"",""N"",""T""]},{""position"":4,""characters"":[""E"",""F"",""N"",""O"",""R""]},{""position"":5,""characters"":[""I"",""L""]},{""position"":6,""characters"":[""B"",""C"",""L"",""S""]},{""position"":7,""characters"":[""A"",""S"",""U""]},{""position"":8,""characters"":[""E"",""N"",""T""]},{""position"":9,""characters"":[""E"",""F""]},{""position"":10,""characters"":[""O""]},{""position"":11,""characters"":[""N""]},{""position"":12,""characters"":[""P"",""S""]}]","false"
"13","ar_to_en","3","[18,26,28]","[{""position"":0,""characters"":[""B"",""O"",""P"",""R"",""S"",""Y""]},{""position"":1,""characters"":[""C"",""D"",""G"",""N"",""P"",""S"",""T"",""Y""]},{""position"":2,""characters"":[""N""]}]","false"
"13","ar_to_en","13","[18,24]","[{""position"":0,""characters"":[""D"",""E"",""I"",""L"",""N""]},{""position"":1,""characters"":[""A"",""E""]},{""position"":2,""characters"":[""T""]},{""position"":3,""characters"":[""E"",""I"",""N""]},{""position"":4,""characters"":[""E"",""F"",""R""]},{""position"":5,""characters"":[""I"",""M"",""N"",""T""]},{""position"":6,""characters"":[""A"",""C"",""I"",""N""]},{""position"":7,""characters"":[""A"",""I"",""N"",""O"",""T""]},{""position"":8,""characters"":[""A"",""I"",""N"",""R"",""T""]},{""position"":9,""characters"":[""I"",""M"",""O"",""T""]},{""position"":10,""characters"":[""N"",""O""]},{""position"":11,""characters"":[""A"",""N"",""O""]},{""position"":12,""characters"":[""E"",""L"",""N"",""S"",""T""]}]","false"
"13","ar_to_en","13","[18,28]","[{""position"":0,""characters"":[""A"",""C"",""D"",""E"",""G"",""I"",""L"",""M"",""N"",""O"",""P"",""R"",""S"",""T"",""U""]},{""position"":1,""characters"":[""A"",""D"",""E"",""I"",""L"",""N"",""O"",""P"",""R"",""T""]},{""position"":2,""characters"":[""M""]},{""position"":3,""characters"":[""A"",""C"",""D"",""E"",""F"",""I"",""M"",""N"",""O"",""S"",""T"",""U""]},{""position"":4,""characters"":[""A"",""E"",""F"",""I"",""M"",""N"",""O"",""R"",""T"",""U""]},{""position"":5,""characters"":[""A"",""C"",""D"",""E"",""F"",""G"",""I"",""L"",""N"",""O"",""P"",""R"",""S"",""T""]},{""position"":6,""characters"":[""A"",""C"",""I"",""L"",""N"",""O"",""S"",""T"",""U""]},{""position"":7,""characters"":[""A"",""C"",""E"",""F"",""G"",""I"",""M"",""N"",""P"",""R"",""S"",""T""]},{""position"":8,""characters"":[""A"",""E"",""F"",""I"",""M"",""N"",""O"",""R"",""T"",""U""]},{""position"":9,""characters"":[""A"",""C"",""D"",""E"",""F"",""I"",""M"",""N"",""O"",""R"",""S"",""T"",""U""]},{""position"":10,""characters"":[""N""]},{""position"":11,""characters"":[""A"",""C"",""D"",""E"",""I"",""L"",""N"",""O"",""P"",""R"",""T"",""U""]},{""position"":12,""characters"":[""A"",""C"",""D"",""E"",""G"",""I"",""L"",""N"",""O"",""P"",""R"",""S"",""T"",""U""]}]","false"
"13","ar_to_en","13","[18,30]","[{""position"":0,""characters"":[""A"",""C"",""D"",""E"",""G"",""I"",""L"",""M"",""N"",""O"",""P"",""R"",""S"",""T"",""U"",""Y""]},{""position"":1,""characters"":[""P""]},{""position"":2,""characters"":[""A"",""C"",""D"",""E"",""G"",""I"",""M"",""N"",""O"",""R"",""S"",""T"",""V""]},{""position"":3,""characters"":[""A"",""C"",""D"",""E"",""F"",""I"",""M"",""N"",""O"",""P"",""R"",""S"",""T"",""U""]},{""position"":4,""characters"":[""A"",""E"",""F"",""I"",""M"",""N"",""O"",""R"",""T"",""U""]},{""position"":5,""characters"":[""A"",""C"",""D"",""E"",""F"",""G"",""I"",""M"",""N"",""O"",""P"",""R"",""S"",""T"",""U""]},{""position"":6,""characters"":[""A"",""B"",""C"",""H"",""I"",""N"",""O"",""S"",""T"",""U""]},{""position"":7,""characters"":[""A"",""C"",""D"",""E"",""F"",""G"",""I"",""M"",""N"",""O"",""P"",""R"",""S"",""T"",""U"",""X""]},{""position"":8,""characters"":[""A"",""E"",""F"",""I"",""M"",""N"",""O"",""R"",""T"",""U""]},{""position"":9,""characters"":[""A"",""C"",""D"",""E"",""F"",""I"",""M"",""N"",""O"",""P"",""R"",""S"",""T"",""U""]},{""position"":10,""characters"":[""A"",""C"",""D"",""E"",""G"",""I"",""M"",""N"",""O"",""R"",""S"",""T"",""V""]},{""position"":11,""characters"":[""A"",""C"",""D"",""E"",""I"",""N"",""O"",""R"",""T"",""V""]},{""position"":12,""characters"":[""A"",""C"",""D"",""E"",""G"",""I"",""L"",""M"",""N"",""O"",""P"",""R"",""S"",""T"",""U""]}]","false"
"13","ar_to_en","3","[18,28]","[{""position"":0,""characters"":[""A"",""B"",""C"",""D"",""E"",""F"",""G"",""H"",""I"",""K"",""L"",""M"",""N"",""O"",""P"",""R"",""S"",""T"",""W"",""X""]},{""position"":1,""characters"":[""T""]},{""position"":2,""characters"":[""D"",""I"",""N"",""O"",""R""]}]","false"
"13","ar_to_en","13","[18,21]","[{""position"":0,""characters"":[""A"",""C"",""M"",""P"",""S""]},{""position"":1,""characters"":[""A"",""D"",""N"",""O"",""P"",""R""]},{""position"":2,""characters"":[""A"",""M"",""N"",""O"",""P""]},{""position"":3,""characters"":[""C"",""E"",""I"",""M"",""R"",""U""]},{""position"":4,""characters"":[""F"",""I"",""O"",""R"",""T""]},{""position"":5,""characters"":[""A"",""I"",""S"",""T"",""X""]},{""position"":6,""characters"":[""C"",""I"",""S"",""T""]},{""position"":7,""characters"":[""I"",""M"",""N"",""S"",""T""]},{""position"":8,""characters"":[""A"",""E"",""O"",""U""]},{""position"":9,""characters"":[""R"",""S"",""T""]},{""position"":10,""characters"":[""E""]},{""position"":11,""characters"":[""N""]},{""position"":12,""characters"":[""P"",""S"",""Y""]}]","false"
"13","ar_to_en","3","[18,24,29]","[{""position"":0,""characters"":[""A"",""E""]},{""position"":1,""characters"":[""A"",""E"",""I"",""T""]},{""position"":2,""characters"":[""N""]}]","false"
"13","ar_to_en","3","[18,24,29]","[{""position"":0,""characters"":[""A"",""C"",""E"",""M"",""T"",""Y""]},{""position"":1,""characters"":[""A"",""D"",""E"",""F"",""G"",""H"",""K"",""L"",""N"",""P"",""R"",""S"",""T"",""W"",""Y""]},{""position"":2,""characters"":[""I""]}]","false"
"13","ar_to_en","3","[18,24,29]","[{""position"":0,""characters"":[""A"",""B"",""D"",""E"",""F"",""G"",""H"",""J"",""K"",""L"",""M"",""N"",""P"",""R"",""S"",""T"",""W"",""Y""]},{""position"":1,""characters"":[""F"",""O""]},{""position"":2,""characters"":[""I""]}]","false"
"13","ar_to_en","3","[18,24,29]","[{""position"":0,""characters"":[""A"",""C"",""E"",""M"",""T"",""Y""]},{""position"":1,""characters"":[""C"",""D"",""F"",""G"",""H"",""L"",""N"",""O"",""P"",""R"",""S"",""T"",""U"",""W"",""Y""]},{""position"":2,""characters"":[""R""]}]","false"
"13","ar_to_en","3","[18,28]","[{""position"":0,""characters"":[""I"",""O""]},{""position"":1,""characters"":[""N"",""W""]},{""position"":2,""characters"":[""L""]}]","false"
"13","ar_to_en","13","[18,27]","[{""position"":0,""characters"":[""A"",""C"",""D"",""E"",""G"",""I"",""L"",""M"",""N"",""O"",""P"",""R"",""S"",""T"",""U"",""Y""]},{""position"":1,""characters"":[""A"",""C"",""D"",""E"",""I"",""L"",""N"",""O"",""P"",""R"",""T"",""U"",""V""]},{""position"":2,""characters"":[""I""]},{""position"":3,""characters"":[""A"",""C"",""D"",""E"",""F"",""I"",""M"",""N"",""O"",""R"",""S"",""T"",""U""]},{""position"":4,""characters"":[""A"",""C"",""E"",""F"",""I"",""M"",""N"",""O"",""R"",""T"",""U""]},{""position"":5,""characters"":[""A"",""C"",""D"",""E"",""F"",""G"",""I"",""L"",""M"",""N"",""O"",""P"",""R"",""S"",""T"",""U"",""X""]},{""position"":6,""characters"":[""A"",""B"",""C"",""H"",""I"",""L"",""N"",""O"",""S"",""T"",""U""]},{""position"":7,""characters"":[""A"",""C"",""D"",""E"",""F"",""G"",""I"",""M"",""N"",""O"",""P"",""R"",""S"",""T"",""U""]},{""position"":8,""characters"":[""A"",""C"",""E"",""F"",""I"",""M"",""N"",""O"",""R"",""T"",""U""]},{""position"":9,""characters"":[""A"",""C"",""D"",""E"",""F"",""I"",""M"",""N"",""O"",""P"",""R"",""S"",""T"",""U""]},{""position"":10,""characters"":[""I""]},{""position"":11,""characters"":[""A"",""C"",""D"",""E"",""I"",""L"",""N"",""O"",""P"",""R"",""T"",""U""]},{""position"":12,""characters"":[""A"",""C"",""D"",""E"",""G"",""I"",""L"",""N"",""O"",""P"",""R"",""S"",""T"",""U"",""Y""]}]","false"
"13","ar_to_en","13","[18,29]","[{""position"":0,""characters"":[""C"",""N""]},{""position"":1,""characters"":[""I"",""O""]},{""position"":2,""characters"":[""I""]},{""position"":3,""characters"":[""C"",""T""]},{""position"":4,""characters"":[""A"",""U""]},{""position"":5,""characters"":[""D"",""M""]},{""position"":6,""characters"":[""O"",""S""]},{""position"":7,""characters"":[""M"",""T""]},{""position"":8,""characters"":[""A"",""M""]},{""position"":9,""characters"":[""N"",""O""]},{""position"":10,""characters"":[""C""]},{""position"":11,""characters"":[""C"",""E""]},{""position"":12,""characters"":[""S""]}]","false"
"13","ar_to_en","5","[19,30]","[{""position"":0,""characters"":[""K"",""L"",""N""]},{""position"":1,""characters"":[""L"",""N""]},{""position"":2,""characters"":[""I""]},{""position"":3,""characters"":[""T""]},{""position"":4,""characters"":[""K"",""L"",""N""]}]","false"
"13","ar_to_en","5","[19,30]","[{""position"":0,""characters"":[""A"",""C"",""E"",""G"",""H"",""I"",""N"",""R"",""S"",""T"",""U"",""Y""]},{""position"":1,""characters"":[""A"",""E"",""I"",""O"",""U""]},{""position"":2,""characters"":[""R""]},{""position"":3,""characters"":[""A"",""C"",""D"",""E"",""I"",""L"",""O"",""T"",""U""]},{""position"":4,""characters"":[""A"",""C"",""E"",""I"",""N"",""O"",""P"",""R"",""U"",""W""]}]","true"
"13","ar_to_en","3","[19,27]","[{""position"":0,""characters"":[""A"",""E"",""K"",""N"",""W""]},{""position"":1,""characters"":[""D""]},{""position"":2,""characters"":[""O""]}]","false"
"13","ar_to_en","13","[19,24]","[{""position"":0,""characters"":[""A"",""C"",""D"",""E"",""G"",""I"",""L"",""M"",""N"",""O"",""P"",""R"",""S"",""T"",""U"",""Y""]},{""position"":1,""characters"":[""A"",""C"",""D"",""E"",""I"",""L"",""N"",""O"",""P"",""R"",""T"",""U""]},{""position"":2,""characters"":[""I""]},{""position"":3,""characters"":[""A"",""C"",""D"",""E"",""F"",""I"",""M"",""N"",""O"",""R"",""S"",""T"",""U""]},{""position"":4,""characters"":[""A"",""C"",""E"",""F"",""I"",""M"",""N"",""O"",""R"",""T"",""U""]},{""position"":5,""characters"":[""A"",""C"",""D"",""E"",""F"",""G"",""I"",""L"",""M"",""N"",""O"",""P"",""R"",""S"",""T"",""U"",""X""]},{""position"":6,""characters"":[""A"",""B"",""C"",""I"",""L"",""N"",""O"",""S"",""T"",""U"",""Z""]},{""position"":7,""characters"":[""A"",""C"",""D"",""E"",""F"",""G"",""I"",""L"",""M"",""N"",""O"",""P"",""R"",""S"",""T"",""U""]},{""position"":8,""characters"":[""A"",""C"",""E"",""F"",""I"",""M"",""N"",""O"",""R"",""T"",""U""]},{""position"":9,""characters"":[""A"",""C"",""D"",""E"",""F"",""I"",""M"",""N"",""O"",""R"",""S"",""T"",""U""]},{""position"":10,""characters"":[""I""]},{""position"":11,""characters"":[""A"",""C"",""D"",""E"",""I"",""L"",""N"",""O"",""P"",""R"",""T"",""U""]},{""position"":12,""characters"":[""A"",""C"",""D"",""E"",""G"",""I"",""L"",""M"",""N"",""O"",""P"",""R"",""S"",""T"",""U"",""Y""]}]","false"
"13","ar_to_en","3","[19,26]","[{""position"":0,""characters"":[""C""]},{""position"":1,""characters"":[""A"",""E"",""I"",""L"",""O"",""P"",""T"",""U""]},{""position"":2,""characters"":[""E"",""K"",""U""]}]","false"
"13","ar_to_en","5","[19,25]","[{""position"":0,""characters"":[""A"",""D"",""E"",""F"",""G"",""H"",""L"",""M"",""O"",""R"",""S"",""X""]},{""position"":1,""characters"":[""C"",""E"",""G"",""I"",""N"",""R"",""S"",""T"",""U""]},{""position"":2,""characters"":[""N""]},{""position"":3,""characters"":[""A"",""I"",""R"",""S"",""T""]},{""position"":4,""characters"":[""A"",""Y""]}]","false"
"13","ar_to_en","3","[19,21,23,25]","[{""position"":0,""characters"":[""A"",""E"",""I"",""L"",""N"",""O"",""R"",""S"",""T"",""U"",""Y""]},{""position"":1,""characters"":[""C"",""D"",""E"",""H"",""K"",""L"",""N"",""R"",""S"",""T"",""Y""]},{""position"":2,""characters"":[""X""]}]","false"
"13","ar_to_en","7","[19,30]","[{""position"":0,""characters"":[""A"",""E"",""K"",""U""]},{""position"":1,""characters"":[""A"",""D"",""E"",""I"",""N"",""O"",""T""]},{""position"":2,""characters"":[""N"",""U""]},{""position"":3,""characters"":[""C"",""K"",""L"",""N""]},{""position"":4,""characters"":[""A"",""C"",""E"",""I"",""N"",""O"",""P"",""R"",""U"",""W""]},{""position"":5,""characters"":[""C"",""E"",""G"",""H"",""I"",""L"",""M"",""N"",""O"",""R"",""S"",""T"",""W"",""Y""]},{""position"":6,""characters"":[""A"",""E""]}]","false"
"13","ar_to_en","3","[19,20]","[{""position"":0,""characters"":[""A""]},{""position"":1,""characters"":[""L"",""N"",""S""]},{""position"":2,""characters"":[""E"",""O""]}]","false"
"13","ar_to_en","3","[20,27]","[{""position"":0,""characters"":[""A"",""E"",""L"",""N"",""O""]},{""position"":1,""characters"":[""A""]},{""position"":2,""characters"":[""D""]}]","false"
"13","ar_to_en","4","[20,26]","[{""position"":0,""characters"":[""A"",""E"",""I"",""O"",""U""]},{""position"":1,""characters"":[""C"",""G"",""N"",""R"",""T"",""Y""]},{""position"":2,""characters"":[""E""]},{""position"":3,""characters"":[""C"",""F"",""L"",""N""]}]","false"
"13","ar_to_en","4","[20,29]","[{""position"":0,""characters"":[""A"",""E""]},{""position"":1,""characters"":[""A"",""E"",""I"",""O"",""U""]},{""position"":2,""characters"":[""B"",""C"",""D"",""E"",""G"",""H"",""I"",""K"",""L"",""M"",""N"",""O"",""P"",""R"",""S"",""T"",""U"",""V"",""W""]},{""position"":3,""characters"":[""R""]}]","false"
"13","ar_to_en","5","[20,24,25]","[{""position"":0,""characters"":[""A"",""E"",""I"",""R"",""U""]},{""position"":1,""characters"":[""A"",""C"",""E"",""G"",""H"",""I"",""N"",""R"",""S"",""T"",""U"",""Y""]},{""position"":2,""characters"":[""A"",""O""]},{""position"":3,""characters"":[""A"",""E""]},{""position"":4,""characters"":[""A"",""E"",""K"",""U""]}]","false"
"13","ar_to_en","3","[21,23,27]","[{""position"":0,""characters"":[""A"",""E"",""K"",""U""]},{""position"":1,""characters"":[""A"",""C"",""D"",""E"",""F"",""K"",""L"",""O"",""P"",""T"",""Y""]},{""position"":2,""characters"":[""C""]}]","false"
"13","ar_to_en","5","[21,24]","[{""position"":0,""characters"":[""A"",""B"",""C"",""D"",""E"",""F"",""H"",""L"",""M"",""N"",""P"",""R"",""S"",""T"",""U"",""W"",""Y""]},{""position"":1,""characters"":[""G"",""O"",""R"",""S""]},{""position"":2,""characters"":[""S""]},{""position"":3,""characters"":[""A"",""B"",""C"",""D"",""F"",""G"",""H"",""N"",""P"",""S"",""T"",""W""]},{""position"":4,""characters"":[""A"",""B"",""C"",""D"",""E"",""G"",""H"",""M"",""N"",""P"",""R"",""T"",""Y""]}]","true"
"13","ar_to_en","7","[21,26]","[{""position"":0,""characters"":[""A"",""E"",""I"",""T""]},{""position"":1,""characters"":[""B"",""C"",""D"",""F"",""G"",""H"",""L"",""N"",""O"",""P"",""R"",""S"",""T"",""U"",""W"",""X"",""Y""]},{""position"":2,""characters"":[""D"",""E"",""O""]},{""position"":3,""characters"":[""A"",""E"",""I"",""L"",""O"",""U""]},{""position"":4,""characters"":[""A"",""C"",""D"",""E"",""H"",""L"",""M"",""N"",""O"",""P"",""R"",""S"",""T"",""U"",""V""]},{""position"":5,""characters"":[""A"",""D"",""E"",""H"",""I"",""O"",""P"",""U""]},{""position"":6,""characters"":[""A"",""E"",""K"",""U""]}]","false"
"13","ar_to_en","6","[21,25]","[{""position"":0,""characters"":[""A"",""E""]},{""position"":1,""characters"":[""A"",""E"",""I"",""O"",""U""]},{""position"":2,""characters"":[""B"",""C"",""D"",""E"",""F"",""H"",""I"",""K"",""L"",""M"",""N"",""O"",""P"",""R"",""S"",""T"",""U"",""W"",""Y""]},{""position"":3,""characters"":[""R""]},{""position"":4,""characters"":[""E"",""O"",""S"",""T"",""Y""]},{""position"":5,""characters"":[""B"",""C"",""D"",""F"",""G"",""H"",""J"",""L"",""N"",""O"",""P"",""R"",""S"",""T"",""U"",""W"",""Y""]}]","false"
"13","ar_to_en","13","[21,30]","[{""position"":0,""characters"":[""A"",""C"",""D"",""E"",""G"",""I"",""L"",""M"",""N"",""O"",""P"",""R"",""S"",""T"",""U"",""Y""]},{""position"":1,""characters"":[""A"",""C"",""D"",""E"",""I"",""L"",""N"",""O"",""P"",""R"",""T"",""U""]},{""position"":2,""characters"":[""I""]},{""position"":3,""characters"":[""A"",""C"",""D"",""E"",""F"",""I"",""M"",""N"",""O"",""R"",""S"",""T"",""U""]},{""position"":4,""characters"":[""A"",""C"",""E"",""F"",""I"",""M"",""N"",""O"",""R"",""T"",""U""]},{""position"":5,""characters"":[""A"",""C"",""D"",""E"",""F"",""G"",""I"",""L"",""M"",""N"",""O"",""P"",""R"",""S"",""T"",""U"",""X""]},{""position"":6,""characters"":[""A"",""B"",""C"",""I"",""L"",""N"",""O"",""S"",""T"",""U""]},{""position"":7,""characters"":[""A"",""C"",""D"",""E"",""F"",""G"",""I"",""L"",""M"",""N"",""O"",""P"",""R"",""S"",""T"",""U"",""X""]},{""position"":8,""characters"":[""A"",""E"",""F"",""I"",""M"",""N"",""O"",""R"",""T"",""U""]},{""position"":9,""characters"":[""A"",""C"",""D"",""E"",""F"",""I"",""M"",""N"",""O"",""R"",""S"",""T"",""U""]},{""position"":10,""characters"":[""I""]},{""position"":11,""characters"":[""A"",""C"",""D"",""E"",""I"",""L"",""N"",""O"",""P"",""R"",""T"",""U""]},{""position"":12,""characters"":[""A"",""C"",""D"",""E"",""G"",""I"",""L"",""M"",""N"",""O"",""P"",""R"",""S"",""T"",""U"",""Y""]}]","false"
"13","ar_to_en","3","[22,24]","[{""position"":0,""characters"":[""A"",""B"",""C"",""D"",""E"",""F"",""G"",""H"",""I"",""K"",""L"",""M"",""N"",""O"",""P"",""R"",""S"",""T"",""Y""]},{""position"":1,""characters"":[""T""]},{""position"":2,""characters"":[""D"",""I"",""N"",""O"",""R""]}]","false"
"13","ar_to_en","4","[22,26]","[{""position"":0,""characters"":[""A"",""C"",""D"",""E"",""F"",""I"",""K"",""N"",""O"",""P"",""R"",""S"",""T"",""U"",""W"",""Y""]},{""position"":1,""characters"":[""A"",""C"",""D"",""E"",""H"",""I"",""L"",""N"",""P"",""R"",""T"",""X""]},{""position"":2,""characters"":[""N"",""S""]},{""position"":3,""characters"":[""N""]}]","false"
"13","ar_to_en","4","[22,25]","[{""position"":0,""characters"":[""A"",""E"",""H"",""I"",""O"",""S"",""Y""]},{""position"":1,""characters"":[""T""]},{""position"":2,""characters"":[""I""]},{""position"":3,""characters"":[""A"",""I"",""N"",""R"",""Y""]}]","false"
"13","ar_to_en","13","[23,30]","[{""position"":0,""characters"":[""A"",""E"",""I"",""O"",""P"",""U""]},{""position"":1,""characters"":[""E"",""O""]},{""position"":2,""characters"":[""N"",""R""]},{""position"":3,""characters"":[""A"",""E"",""I"",""T""]},{""position"":4,""characters"":[""A"",""E"",""I"",""N"",""R"",""U""]},{""position"":5,""characters"":[""C"",""N""]},{""position"":6,""characters"":[""A"",""H"",""N"",""S"",""T"",""U""]},{""position"":7,""characters"":[""A"",""E"",""F"",""G"",""M"",""N"",""P"",""R"",""S"",""T""]},{""position"":8,""characters"":[""F"",""N"",""R"",""T"",""U""]},{""position"":9,""characters"":[""A"",""E"",""I"",""N"",""O"",""U""]},{""position"":10,""characters"":[""I"",""M"",""R"",""T""]},{""position"":11,""characters"":[""E"",""O""]},{""position"":12,""characters"":[""E"",""U""]}]","false"
"13","ar_to_en","5","[23,29]","[{""position"":0,""characters"":[""A"",""D"",""E"",""F"",""K"",""N"",""T"",""W""]},{""position"":1,""characters"":[""P""]},{""position"":2,""characters"":[""O""]},{""position"":3,""characters"":[""B"",""C"",""D"",""E"",""G"",""H"",""K"",""L"",""M"",""N"",""O"",""P"",""R"",""S"",""T"",""W""]},{""position"":4,""characters"":[""B"",""C"",""F"",""O"",""P"",""R"",""T"",""W"",""Y""]}]","false"
"13","ar_to_en","3","[23,26]","[{""position"":0,""characters"":[""K"",""R""]},{""position"":1,""characters"":[""E""]},{""position"":2,""characters"":[""M""]}]","false"
"13","ar_to_en","13","[23,29]","[{""position"":0,""characters"":[""A"",""C"",""M"",""P"",""S""]},{""position"":1,""characters"":[""A"",""D"",""N"",""O"",""P"",""R""]},{""position"":2,""characters"":[""A"",""M"",""N"",""O"",""P""]},{""position"":3,""characters"":[""C"",""E"",""I"",""M"",""R"",""U""]},{""position"":4,""characters"":[""F"",""I"",""O"",""R"",""T""]},{""position"":5,""characters"":[""A"",""I"",""S"",""T"",""X""]},{""position"":6,""characters"":[""C"",""I"",""S"",""T""]},{""position"":7,""characters"":[""I"",""M"",""N"",""S"",""T""]},{""position"":8,""characters"":[""A"",""E"",""O"",""U""]},{""position"":9,""characters"":[""S"",""T""]},{""position"":10,""characters"":[""E""]},{""position"":11,""characters"":[""N""]},{""position"":12,""characters"":[""P"",""S"",""T"",""Y""]}]","false"
"13","ar_to_en","3","[23,27]","[{""position"":0,""characters"":[""B"",""C"",""D"",""F"",""G"",""H"",""J"",""K"",""L"",""M"",""N"",""P"",""R"",""S"",""T"",""W"",""Y""]},{""position"":1,""characters"":[""D"",""O"",""S""]},{""position"":2,""characters"":[""E""]}]","false"
"13","ar_to_en","7","[23,27]","[{""position"":0,""characters"":[""A"",""E"",""G"",""I"",""O"",""R"",""U"",""W""]},{""position"":1,""characters"":[""D"",""G"",""H"",""I"",""L"",""N"",""P"",""R"",""S"",""T"",""V""]},{""position"":2,""characters"":[""D"",""R"",""T""]},{""position"":3,""characters"":[""A"",""C"",""E"",""F"",""I"",""L"",""N"",""O"",""R"",""U""]},{""position"":4,""characters"":[""C"",""D"",""E"",""F"",""G"",""H"",""I"",""L"",""M"",""N"",""O"",""P"",""R"",""S"",""T"",""U"",""V"",""W""]},{""position"":5,""characters"":[""A"",""E"",""I"",""O"",""U""]},{""position"":6,""characters"":[""A"",""E""]}]","false"
"13","ar_to_en","3","[23,27]","[{""position"":0,""characters"":[""N""]},{""position"":1,""characters"":[""A"",""W""]},{""position"":2,""characters"":[""P"",""S"",""Y""]}]","false"
"13","ar_to_en","5","[23,27]","[{""position"":0,""characters"":[""A"",""C"",""D"",""E"",""F"",""M"",""R"",""S"",""T""]},{""position"":1,""characters"":[""L""]},{""position"":2,""characters"":[""U""]},{""position"":3,""characters"":[""A"",""C"",""G"",""N"",""O"",""R"",""T""]},{""position"":4,""characters"":[""A"",""D"",""E"",""G""]}]","false"
"13","ar_to_en","5","[23,27]","[{""position"":0,""characters"":[""A"",""D"",""E"",""G"",""H"",""K"",""L"",""N"",""U""]},{""position"":1,""characters"":[""A"",""C"",""E"",""N"",""O"",""P"",""R"",""S"",""T"",""U""]},{""position"":2,""characters"":[""I""]},{""position"":3,""characters"":[""E"",""M""]},{""position"":4,""characters"":[""E"",""P"",""R"",""S"",""U""]}]","false"
"13","ar_to_en","13","[23,27]","[{""position"":0,""characters"":[""A"",""C"",""D"",""G"",""N"",""P"",""S""]},{""position"":1,""characters"":[""D"",""E"",""N"",""O"",""R"",""U""]},{""position"":2,""characters"":[""M""]},{""position"":3,""characters"":[""E"",""I"",""M"",""O"",""P"",""R"",""S"",""T""]},{""position"":4,""characters"":[""A"",""E"",""I"",""N"",""R"",""T"",""U""]},{""position"":5,""characters"":[""A"",""E"",""N"",""R"",""S"",""T""]},{""position"":6,""characters"":[""C"",""H"",""I"",""L"",""S"",""T"",""U""]},{""position"":7,""characters"":[""A"",""C"",""E"",""G"",""I"",""L"",""N"",""R"",""S""]},{""position"":8,""characters"":[""A"",""E"",""F"",""I"",""N"",""O"",""T""]},{""position"":9,""characters"":[""C"",""F"",""I"",""M"",""N"",""S"",""T"",""U""]},{""position"":10,""characters"":[""N"",""O""]},{""position"":11,""characters"":[""A"",""I"",""N"",""O"",""R"",""V""]},{""position"":12,""characters"":[""C"",""E"",""M"",""N"",""P"",""S"",""T""]}]","false"
"13","ar_to_en","5","[23,27]","[{""position"":0,""characters"":[""A"",""E"",""G"",""H"",""O"",""P"",""S""]},{""position"":1,""characters"":[""N"",""O"",""R"",""S""]},{""position"":2,""characters"":[""N""]},{""position"":3,""characters"":[""A"",""C"",""D"",""G"",""N"",""R"",""S"",""T"",""W""]},{""position"":4,""characters"":[""A"",""E"",""O"",""Y""]}]","false"
"13","ar_to_en","5","[24,29]","[{""position"":0,""characters"":[""A"",""E"",""M"",""Y""]},{""position"":1,""characters"":[""A"",""E"",""G"",""I"",""N"",""R"",""T"",""U""]},{""position"":2,""characters"":[""N""]},{""position"":3,""characters"":[""E""]},{""position"":4,""characters"":[""D"",""F"",""H"",""M"",""O"",""R"",""Y""]}]","false"
"13","ar_to_en","5","[24,26,28]","[{""position"":0,""characters"":[""A"",""C"",""D"",""H"",""I"",""L"",""M"",""O"",""R"",""S"",""T"",""W"",""X"",""Y""]},{""position"":1,""characters"":[""A"",""D"",""E"",""I"",""N"",""O"",""U""]},{""position"":2,""characters"":[""D""]},{""position"":3,""characters"":[""R""]},{""position"":4,""characters"":[""A"",""I""]}]","false"
"13","ar_to_en","8","[24,29]","[{""position"":0,""characters"":[""A"",""C"",""E"",""I"",""O"",""S"",""T""]},{""position"":1,""characters"":[""A"",""C"",""E"",""I"",""O"",""S"",""T"",""U""]},{""position"":2,""characters"":[""C"",""L"",""N""]},{""position"":3,""characters"":[""B"",""C"",""D"",""G"",""H"",""J"",""L"",""N"",""O"",""P"",""R"",""S"",""T"",""U"",""W"",""Y""]},{""position"":4,""characters"":[""A"",""D"",""E"",""I"",""K"",""N"",""O"",""T""]},{""position"":5,""characters"":[""R""]},{""position"":6,""characters"":[""A"",""E"",""I"",""L"",""O""]},{""position"":7,""characters"":[""A"",""D"",""E"",""H"",""I"",""K"",""O"",""P"",""U""]}]","true"
"13","ar_to_en","8","[24,29]","[{""position"":0,""characters"":[""A"",""E"",""I"",""O"",""P"",""U""]},{""position"":1,""characters"":[""A"",""E"",""I"",""O"",""U""]},{""position"":2,""characters"":[""N"",""R""]},{""position"":3,""characters"":[""A"",""E"",""K"",""U""]},{""position"":4,""characters"":[""A"",""B"",""D"",""E"",""G"",""H"",""J"",""K"",""L"",""M"",""N"",""P"",""R"",""S"",""T"",""W"",""Y""]},{""position"":5,""characters"":[""A"",""E"",""I"",""N"",""O"",""U"",""W""]},{""position"":6,""characters"":[""A"",""C"",""E"",""F"",""I"",""L"",""N"",""O"",""R"",""U"",""X""]},{""position"":7,""characters"":[""C"",""D"",""E"",""F"",""G"",""H"",""I"",""L"",""M"",""N"",""O"",""P"",""R"",""S"",""T"",""V"",""W""]}]","true"
"13","ar_to_en","8","[24,29]","[{""position"":0,""characters"":[""A"",""C"",""D"",""E"",""G"",""I"",""K"",""N"",""O"",""R"",""S"",""T"",""W""]},{""position"":1,""characters"":[""A"",""C"",""E"",""F"",""I"",""L"",""N"",""O"",""R"",""U"",""X""]},{""position"":2,""characters"":[""C"",""D"",""E"",""G"",""I"",""L"",""N"",""P"",""R"",""S"",""T"",""Y""]},{""position"":3,""characters"":[""A"",""E""]},{""position"":4,""characters"":[""A"",""B"",""D"",""E"",""F"",""G"",""H"",""K"",""L"",""M"",""N"",""O"",""P"",""R"",""S"",""T"",""W""]},{""position"":5,""characters"":[""N"",""U""]},{""position"":6,""characters"":[""A"",""E"",""I"",""N"",""O"",""U""]},{""position"":7,""characters"":[""A"",""D"",""E"",""H"",""I"",""K"",""O"",""P"",""U""]}]","false"
"13","ar_to_en","8","[24,29]","[{""position"":0,""characters"":[""A"",""E"",""I"",""L"",""N"",""O"",""P"",""T"",""Y""]},{""position"":1,""characters"":[""A"",""C"",""D"",""E"",""H"",""L"",""M"",""N"",""O"",""P"",""R"",""S"",""T"",""U"",""V""]},{""position"":2,""characters"":[""A"",""O"",""R"",""U""]},{""position"":3,""characters"":[""A"",""B"",""D"",""E"",""G"",""H"",""K"",""L"",""M"",""N"",""O"",""P"",""R"",""S"",""T"",""W""]},{""position"":4,""characters"":[""A"",""E""]},{""position"":5,""characters"":[""E"",""I""]},{""position"":6,""characters"":[""C"",""D"",""E"",""G"",""I"",""L"",""N"",""P"",""R"",""S"",""T"",""Y""]},{""position"":7,""characters"":[""A"",""E"",""I"",""O"",""P"",""U""]}]","true"
"13","ar_to_en","8","[24,29]","[{""position"":0,""characters"":[""A"",""C"",""D"",""E"",""H"",""L"",""M"",""N"",""O"",""P"",""R"",""S"",""T"",""V""]},{""position"":1,""characters"":[""A"",""C"",""L"",""N"",""O"",""T"",""U"",""Y""]},{""position"":2,""characters"":[""C"",""D"",""E"",""G"",""I"",""L"",""N"",""P"",""R"",""S"",""T"",""Y""]},{""position"":3,""characters"":[""A"",""E""]},{""position"":4,""characters"":[""A"",""B"",""D"",""E"",""F"",""G"",""H"",""K"",""L"",""M"",""N"",""O"",""P"",""R"",""S"",""T"",""W""]},{""position"":5,""characters"":[""N"",""R"",""U""]},{""position"":6,""characters"":[""A"",""E"",""I"",""N"",""O"",""U""]},{""position"":7,""characters"":[""A"",""D"",""E"",""H"",""I"",""K"",""O"",""P"",""U""]}]","false"
"13","ar_to_en","13","[24,27]","[{""position"":0,""characters"":[""C"",""M"",""N"",""O"",""P"",""S""]},{""position"":1,""characters"":[""L"",""O"",""R""]},{""position"":2,""characters"":[""E"",""N"",""T""]},{""position"":3,""characters"":[""A"",""I"",""N"",""S"",""T""]},{""position"":4,""characters"":[""E"",""F"",""N"",""O"",""R""]},{""position"":5,""characters"":[""I"",""N""]},{""position"":6,""characters"":[""S""]},{""position"":7,""characters"":[""A"",""S"",""U""]},{""position"":8,""characters"":[""E"",""T""]},{""position"":9,""characters"":[""I""]},{""position"":10,""characters"":[""O""]},{""position"":11,""characters"":[""N"",""R""]},{""position"":12,""characters"":[""P"",""S""]}]","false"
"13","ar_to_en","3","[25,26]","[{""position"":0,""characters"":[""C"",""K"",""L"",""N""]},{""position"":1,""characters"":[""N""]},{""position"":2,""characters"":[""E"",""H"",""L"",""M"",""N"",""O"",""P"",""R"",""S"",""T"",""U"",""W""]}]","false"
"13","ar_to_en","8","[25,29]","[{""position"":0,""characters"":[""A"",""E"",""I"",""L"",""N"",""O"",""P"",""T"",""U"",""Y""]},{""position"":1,""characters"":[""A"",""C"",""D"",""E"",""G"",""H"",""I"",""K"",""L"",""M"",""O"",""P"",""R"",""S"",""T"",""U""]},{""position"":2,""characters"":[""L"",""N"",""R""]},{""position"":3,""characters"":[""A"",""E"",""K"",""U""]},{""position"":4,""characters"":[""A"",""C"",""E"",""G"",""H"",""I"",""N"",""R"",""S"",""T"",""U"",""Y""]},{""position"":5,""characters"":[""A"",""E"",""I"",""N"",""O"",""U"",""W""]},{""position"":6,""characters"":[""A"",""C"",""E"",""H"",""I"",""L"",""N"",""O"",""P"",""R"",""S"",""T"",""U"",""X""]},{""position"":7,""characters"":[""B"",""C"",""D"",""E"",""F"",""G"",""H"",""K"",""L"",""M"",""N"",""O"",""P"",""R"",""S"",""T"",""W"",""Y""]}]","true"
"13","ar_to_en","8","[25,29]","[{""position"":0,""characters"":[""A"",""C"",""L"",""N"",""O"",""T"",""U"",""Y""]},{""position"":1,""characters"":[""A"",""C"",""D"",""E"",""G"",""H"",""I"",""K"",""L"",""M"",""N"",""P"",""R"",""S"",""T"",""U"",""V""]},{""position"":2,""characters"":[""A"",""I""]},{""position"":3,""characters"":[""A"",""E""]},{""position"":4,""characters"":[""C"",""K"",""L"",""N""]},{""position"":5,""characters"":[""A"",""E"",""F"",""I"",""L"",""O"",""U""]},{""position"":6,""characters"":[""A"",""C"",""D"",""E"",""F"",""G"",""H"",""K"",""L"",""M"",""N"",""O"",""P"",""R"",""S"",""U"",""V""]},{""position"":7,""characters"":[""A"",""E"",""I"",""T""]}]","false"
"13","ar_to_en","8","[25,29]","[{""position"":0,""characters"":[""A"",""B"",""D"",""E"",""F"",""G"",""H"",""J"",""K"",""L"",""M"",""N"",""P"",""R"",""S"",""T"",""W"",""Y""]},{""position"":1,""characters"":[""A"",""C"",""E"",""K"",""L"",""N"",""O"",""X""]},{""position"":2,""characters"":[""A"",""E"",""I"",""N"",""O"",""U"",""W""]},{""position"":3,""characters"":[""O"",""S""]},{""position"":4,""characters"":[""B"",""C"",""D"",""F"",""G"",""H"",""J"",""L"",""N"",""O"",""P"",""R"",""S"",""T"",""U"",""W"",""Y""]},{""position"":5,""characters"":[""A"",""O""]},{""position"":6,""characters"":[""A"",""C"",""D"",""E"",""G"",""I"",""K"",""N"",""O"",""R"",""S"",""U""]},{""position"":7,""characters"":[""C"",""D"",""E"",""F"",""G"",""H"",""I"",""L"",""M"",""N"",""O"",""P"",""R"",""S"",""T"",""U"",""V"",""W""]}]","true"
"13","ar_to_en","8","[25,29]","[{""position"":0,""characters"":[""A"",""B"",""D"",""E"",""F"",""G"",""H"",""K"",""L"",""M"",""N"",""O"",""P"",""R"",""S"",""T"",""W""]},{""position"":1,""characters"":[""A"",""E"",""I"",""N"",""O"",""S"",""T"",""U"",""Y""]},{""position"":2,""characters"":[""A"",""D"",""E"",""H"",""I"",""O"",""P"",""U""]},{""position"":3,""characters"":[""A"",""C"",""E"",""G"",""H"",""I"",""N"",""R"",""S"",""T"",""U"",""Y""]},{""position"":4,""characters"":[""F"",""O""]},{""position"":5,""characters"":[""N""]},{""position"":6,""characters"":[""A"",""C"",""D"",""E"",""G"",""H"",""I"",""K"",""L"",""M"",""O"",""P"",""R"",""S"",""T"",""U""]},{""position"":7,""characters"":[""A"",""E"",""I"",""L"",""N"",""O"",""P"",""T"",""U"",""Y""]}]","true"
"13","ar_to_en","5","[25,29]","[{""position"":0,""characters"":[""A"",""C"",""D"",""E"",""G"",""K"",""L"",""P"",""R""]},{""position"":1,""characters"":[""E""]},{""position"":2,""characters"":[""O""]},{""position"":3,""characters"":[""C"",""D"",""E"",""I"",""L"",""M"",""N"",""O"",""P"",""R"",""S"",""T"",""U"",""V"",""W""]},{""position"":4,""characters"":[""A"",""C"",""D"",""E"",""G"",""L"",""N"",""P"",""R""]}]","false"
"13","ar_to_en","8","[25,29]","[{""position"":0,""characters"":[""A"",""E"",""I"",""L"",""N"",""O"",""P"",""T"",""U"",""Y""]},{""position"":1,""characters"":[""C"",""D"",""E"",""G"",""H"",""I"",""L"",""M"",""N"",""O"",""P"",""R"",""S"",""T"",""U"",""V""]},{""position"":2,""characters"":[""E"",""I""]},{""position"":3,""characters"":[""A"",""E""]},{""position"":4,""characters"":[""C"",""K"",""L"",""N""]},{""position"":5,""characters"":[""A"",""O"",""R"",""U""]},{""position"":6,""characters"":[""A"",""C"",""D"",""E"",""F"",""G"",""H"",""K"",""L"",""M"",""N"",""O"",""P"",""R"",""S"",""U"",""V""]},{""position"":7,""characters"":[""A"",""P"",""S"",""T"",""Y""]}]","false"
"13","ar_to_en","3","[25,26]","[{""position"":0,""characters"":[""A"",""C"",""D"",""E"",""F"",""G"",""H"",""L"",""M"",""N"",""P"",""S"",""T"",""Y""]},{""position"":1,""characters"":[""S""]},{""position"":2,""characters"":[""G"",""L"",""S"",""W""]}]","false"
"13","ar_to_en","6","[25,26]","[{""position"":0,""characters"":[""A"",""E"",""K"",""U""]},{""position"":1,""characters"":[""A"",""D"",""E"",""I"",""K"",""N"",""O"",""T""]},{""position"":2,""characters"":[""N"",""R"",""U""]},{""position"":3,""characters"":[""A"",""C"",""D"",""E"",""H"",""L"",""M"",""N"",""O"",""P"",""R"",""S"",""T"",""U"",""V""]},{""position"":4,""characters"":[""A"",""C"",""E"",""I"",""N"",""O"",""P"",""R"",""U"",""W""]},{""position"":5,""characters"":[""O"",""S""]}]","false"
"13","ar_to_en","13","[25,27]","[{""position"":0,""characters"":[""A"",""C"",""D"",""E"",""G"",""I"",""L"",""M"",""N"",""O"",""P"",""R"",""S"",""T"",""U"",""Y""]},{""position"":1,""characters"":[""P""]},{""position"":2,""characters"":[""A"",""C"",""D"",""E"",""G"",""I"",""M"",""N"",""O"",""R"",""S"",""T"",""V""]},{""position"":3,""characters"":[""A"",""C"",""D"",""E"",""F"",""I"",""M"",""N"",""O"",""P"",""R"",""S"",""T"",""U""]},{""position"":4,""characters"":[""A"",""E"",""F"",""I"",""M"",""N"",""O"",""R"",""T"",""U""]},{""position"":5,""characters"":[""A"",""C"",""D"",""E"",""F"",""G"",""I"",""M"",""N"",""O"",""P"",""R"",""S"",""T"",""U""]},{""position"":6,""characters"":[""A"",""B"",""C"",""H"",""I"",""N"",""O"",""S"",""T"",""U""]},{""position"":7,""characters"":[""A"",""C"",""D"",""E"",""F"",""G"",""I"",""M"",""N"",""O"",""P"",""R"",""S"",""T"",""U"",""X""]},{""position"":8,""characters"":[""A"",""E"",""F"",""I"",""M"",""N"",""O"",""R"",""T"",""U""]},{""position"":9,""characters"":[""A"",""C"",""D"",""E"",""F"",""I"",""M"",""N"",""O"",""P"",""R"",""S"",""T"",""U""]},{""position"":10,""characters"":[""A"",""C"",""D"",""E"",""G"",""I"",""M"",""N"",""O"",""R"",""S"",""T"",""V""]},{""position"":11,""characters"":[""A"",""C"",""D"",""E"",""I"",""L"",""N"",""O"",""R"",""T"",""V""]},{""position"":12,""characters"":[""A"",""C"",""D"",""E"",""G"",""I"",""L"",""M"",""N"",""O"",""P"",""R"",""S"",""T"",""U""]}]","false"
"13","ar_to_en","6","[25,26]","[{""position"":0,""characters"":[""A"",""D"",""O"",""S""]},{""position"":1,""characters"":[""A"",""C"",""D"",""E"",""F"",""G"",""H"",""K"",""L"",""M"",""N"",""P"",""R"",""S"",""T"",""V"",""W"",""Y""]},{""position"":2,""characters"":[""I"",""M""]},{""position"":3,""characters"":[""B"",""C"",""D"",""E"",""F"",""H"",""I"",""K"",""L"",""M"",""N"",""O"",""P"",""R"",""S"",""T"",""U"",""W"",""Y""]},{""position"":4,""characters"":[""A"",""E"",""I"",""N"",""O"",""U"",""W""]},{""position"":5,""characters"":[""A"",""E"",""K"",""U""]}]","false"
"13","ar_to_en","5","[26,30]","[{""position"":0,""characters"":[""A"",""B"",""C"",""L"",""M"",""N"",""P"",""R"",""S"",""T""]},{""position"":1,""characters"":[""E""]},{""position"":2,""characters"":[""G""]},{""position"":3,""characters"":[""E""]},{""position"":4,""characters"":[""A"",""B"",""L"",""M"",""N"",""P"",""R"",""S"",""T""]}]","false"
"13","ar_to_en","13","[26,29]","[{""position"":0,""characters"":[""A"",""C"",""D"",""E"",""G"",""I"",""L"",""M"",""N"",""O"",""P"",""R"",""S"",""T"",""U"",""Y""]},{""position"":1,""characters"":[""A"",""D"",""E"",""I"",""L"",""N"",""O"",""P"",""R"",""T"",""U"",""V""]},{""position"":2,""characters"":[""I""]},{""position"":3,""characters"":[""A"",""C"",""D"",""E"",""F"",""I"",""M"",""N"",""O"",""P"",""R"",""S"",""T"",""U""]},{""position"":4,""characters"":[""A"",""C"",""E"",""F"",""I"",""M"",""N"",""O"",""R"",""T"",""U""]},{""position"":5,""characters"":[""A"",""C"",""D"",""E"",""F"",""G"",""I"",""L"",""N"",""O"",""P"",""R"",""S"",""T"",""U""]},{""position"":6,""characters"":[""A"",""B"",""C"",""H"",""I"",""L"",""N"",""O"",""S"",""T"",""U""]},{""position"":7,""characters"":[""A"",""C"",""E"",""F"",""G"",""I"",""L"",""M"",""N"",""P"",""R"",""S"",""T"",""U""]},{""position"":8,""characters"":[""A"",""C"",""E"",""F"",""I"",""M"",""N"",""O"",""R"",""T"",""U""]},{""position"":9,""characters"":[""A"",""C"",""D"",""E"",""F"",""I"",""N"",""O"",""P"",""R"",""S"",""T"",""U""]},{""position"":10,""characters"":[""I""]},{""position"":11,""characters"":[""A"",""C"",""D"",""E"",""I"",""L"",""N"",""O"",""P"",""R"",""T"",""U"",""V""]},{""position"":12,""characters"":[""A"",""C"",""D"",""E"",""G"",""I"",""L"",""M"",""N"",""O"",""P"",""R"",""S"",""U"",""Y""]}]","false"
"13","ar_to_en","3","[26,29]","[{""position"":0,""characters"":[""A"",""B"",""C"",""D"",""E"",""F"",""G"",""L"",""N"",""O"",""P"",""S"",""T"",""W"",""Y""]},{""position"":1,""characters"":[""S"",""Y""]},{""position"":2,""characters"":[""D""]}]","false"
"11","ar_to_en","3","[1,22]","[{""position"":0,""characters"":[""C"",""G"",""P""]},{""position"":1,""characters"":[""A""]},{""position"":2,""characters"":[""C"",""K"",""L""]}]","true"
"11","ar_to_en","7","[1,22]","[{""position"":0,""characters"":[""A"",""C"",""E"",""H"",""I"",""L"",""N"",""O"",""P"",""R"",""S"",""T"",""U"",""X""]},{""position"":1,""characters"":[""A"",""E"",""I"",""O"",""U""]},{""position"":2,""characters"":[""A"",""D"",""F"",""G"",""H"",""I"",""L"",""N"",""O"",""U"",""W""]},{""position"":3,""characters"":[""F"",""O""]},{""position"":4,""characters"":[""E"",""M"",""O""]},{""position"":5,""characters"":[""D"",""E"",""H"",""L"",""M"",""N"",""O"",""P"",""R"",""S"",""T"",""U"",""W""]},{""position"":6,""characters"":[""A"",""O"",""R"",""U""]}]","false"
"11","ar_to_en","4","[1,6]","[{""position"":0,""characters"":[""A"",""I"",""R"",""S"",""W""]},{""position"":1,""characters"":[""I"",""L"",""O""]},{""position"":2,""characters"":[""E"",""N"",""T""]},{""position"":3,""characters"":[""A""]}]","false"
"11","ar_to_en","5","[1,25]","[{""position"":0,""characters"":[""A"",""E""]},{""position"":1,""characters"":[""D"",""E"",""H"",""P"",""R"",""S"",""V""]},{""position"":2,""characters"":[""E""]},{""position"":3,""characters"":[""E"",""L"",""U""]},{""position"":4,""characters"":[""C"",""D"",""E"",""G"",""I"",""N"",""P"",""T"",""Y""]}]","false"
"11","ar_to_en","6","[1,18]","[{""position"":0,""characters"":[""A"",""B"",""E"",""F"",""S"",""T""]},{""position"":1,""characters"":[""D"",""L""]},{""position"":2,""characters"":[""E""]},{""position"":3,""characters"":[""E"",""N"",""P"",""R"",""S""]},{""position"":4,""characters"":[""A"",""D"",""P"",""X"",""Y""]},{""position"":5,""characters"":[""A""]}]","false"
"11","ar_to_en","3","[1,18]","[{""position"":0,""characters"":[""S"",""Y""]},{""position"":1,""characters"":[""D"",""R"",""S""]},{""position"":2,""characters"":[""S""]}]","false"
"11","ar_to_en","3","[1,18]","[{""position"":0,""characters"":[""E""]},{""position"":1,""characters"":[""R""]},{""position"":2,""characters"":[""S"",""T""]}]","false"
"11","ar_to_en","6","[1,23]","[{""position"":0,""characters"":[""A"",""C"",""E"",""I"",""N"",""O"",""P"",""R"",""U"",""W""]},{""position"":1,""characters"":[""C"",""K"",""L"",""N""]},{""position"":2,""characters"":[""A"",""D"",""E"",""I"",""N"",""O"",""R"",""T"",""U""]},{""position"":3,""characters"":[""C"",""E"",""L"",""N"",""T""]},{""position"":4,""characters"":[""A"",""C"",""E"",""M"",""T"",""Y""]},{""position"":5,""characters"":[""A"",""E""]}]","false"
"11","ar_to_en","11","[1,13]","[{""position"":0,""characters"":[""A"",""D"",""E"",""I"",""N"",""O"",""T""]},{""position"":1,""characters"":[""C"",""D"",""G"",""H"",""L"",""N"",""O"",""P"",""R"",""S"",""T"",""U"",""X""]},{""position"":2,""characters"":[""F"",""G"",""S""]},{""position"":3,""characters"":[""A"",""E"",""G"",""I"",""L"",""N"",""O"",""R"",""S"",""T"",""U""]},{""position"":4,""characters"":[""C"",""D"",""E"",""I"",""L"",""N"",""P"",""R"",""S"",""T""]},{""position"":5,""characters"":[""A"",""E"",""I"",""N"",""O"",""U""]},{""position"":6,""characters"":[""A"",""B"",""D"",""E"",""F"",""L"",""M"",""N"",""O"",""P"",""R"",""S"",""T""]},{""position"":7,""characters"":[""A"",""E"",""G"",""L"",""N"",""O"",""R"",""S"",""T"",""U""]},{""position"":8,""characters"":[""S""]},{""position"":9,""characters"":[""A"",""C"",""D"",""E"",""G"",""H"",""I"",""L"",""N"",""O"",""P"",""R"",""S"",""T"",""U"",""V"",""X""]},{""position"":10,""characters"":[""A"",""D"",""O"",""S""]}]","false"
"11","ar_to_en","11","[1,13]","[{""position"":0,""characters"":[""A"",""D"",""E"",""I"",""N"",""O"",""T""]},{""position"":1,""characters"":[""A"",""C"",""D"",""E"",""G"",""H"",""L"",""M"",""N"",""O"",""P"",""R"",""S"",""T"",""U"",""V""]},{""position"":2,""characters"":[""F"",""G"",""S""]},{""position"":3,""characters"":[""A"",""E"",""G"",""L"",""N"",""O"",""R"",""S"",""T"",""U""]},{""position"":4,""characters"":[""B"",""C"",""D"",""E"",""F"",""L"",""M"",""N"",""O"",""P"",""R"",""S"",""T""]},{""position"":5,""characters"":[""A"",""E"",""I"",""N"",""O"",""U""]},{""position"":6,""characters"":[""C"",""L"",""N""]},{""position"":7,""characters"":[""A"",""E"",""G"",""I"",""L"",""N"",""O"",""R"",""S"",""T"",""U""]},{""position"":8,""characters"":[""S""]},{""position"":9,""characters"":[""A"",""D"",""E"",""G"",""H"",""L"",""M"",""N"",""P"",""R"",""S"",""T""]},{""position"":10,""characters"":[""A"",""D"",""O"",""S""]}]","false"
"11","ar_to_en","11","[1,13]","[{""position"":0,""characters"":[""A"",""D"",""E"",""G"",""L"",""M"",""N"",""O"",""P"",""R"",""S"",""T""]},{""position"":1,""characters"":[""A"",""C"",""D"",""E"",""I"",""L"",""O"",""T"",""U""]},{""position"":2,""characters"":[""S""]},{""position"":3,""characters"":[""A"",""E"",""G"",""L"",""N"",""O"",""R"",""S"",""T"",""U""]},{""position"":4,""characters"":[""A"",""B"",""D"",""E"",""F"",""L"",""M"",""N"",""O"",""P"",""R"",""S"",""T""]},{""position"":5,""characters"":[""A"",""C"",""E"",""I"",""N"",""O"",""P"",""R"",""U""]},{""position"":6,""characters"":[""O"",""S""]},{""position"":7,""characters"":[""A"",""E"",""G"",""I"",""L"",""N"",""O"",""R"",""S"",""T"",""U""]},{""position"":8,""characters"":[""F"",""G"",""S""]},{""position"":9,""characters"":[""C"",""D"",""G"",""H"",""L"",""N"",""O"",""P"",""R"",""S"",""T"",""U"",""X""]},{""position"":10,""characters"":[""A"",""D"",""E"",""I"",""N"",""O"",""T""]}]","false"
"11","ar_to_en","11","[1,13]","[{""position"":0,""characters"":[""A"",""D"",""E"",""G"",""L"",""M"",""N"",""O"",""P"",""R"",""S"",""T""]},{""position"":1,""characters"":[""A"",""D"",""E"",""I"",""N"",""O"",""T""]},{""position"":2,""characters"":[""S""]},{""position"":3,""characters"":[""A"",""E"",""G"",""I"",""L"",""N"",""O"",""R"",""S"",""T"",""U""]},{""position"":4,""characters"":[""C"",""L"",""N""]},{""position"":5,""characters"":[""A"",""C"",""E"",""I"",""N"",""O"",""P"",""R"",""U""]},{""position"":6,""characters"":[""B"",""C"",""D"",""E"",""F"",""M"",""N"",""O"",""P"",""R"",""S"",""T""]},{""position"":7,""characters"":[""A"",""E"",""G"",""L"",""N"",""O"",""R"",""S"",""T"",""U""]},{""position"":8,""characters"":[""F"",""G"",""S""]},{""position"":9,""characters"":[""A"",""C"",""D"",""E"",""G"",""H"",""L"",""M"",""N"",""O"",""P"",""R"",""S"",""T"",""U"",""V""]},{""position"":10,""characters"":[""A"",""D"",""E"",""I"",""N"",""O"",""T""]}]","false"
"11","ar_to_en","4","[1,13]","[{""position"":0,""characters"":[""A"",""E"",""H"",""S"",""T"",""Y""]},{""position"":1,""characters"":[""C"",""D"",""M"",""N"",""P"",""R"",""S"",""T""]},{""position"":2,""characters"":[""A"",""P"",""T""]},{""position"":3,""characters"":[""K"",""U""]}]","false"
"11","ar_to_en","3","[1,5,13]","[{""position"":0,""characters"":[""A"",""B"",""C"",""D"",""E"",""F"",""G"",""H"",""I"",""J"",""K"",""L"",""M"",""N"",""O"",""P"",""R"",""S"",""T"",""U"",""W"",""Y""]},{""position"":1,""characters"":[""S""]},{""position"":2,""characters"":[""L"",""N"",""S""]}]","false"
"11","ar_to_en","3","[1,6,13]","[{""position"":0,""characters"":[""A"",""B"",""C"",""D"",""E"",""F"",""G"",""H"",""I"",""K"",""L"",""M"",""N"",""O"",""P"",""R"",""S"",""T"",""U"",""W"",""Y""]},{""position"":1,""characters"":[""S""]},{""position"":2,""characters"":[""D"",""L"",""N"",""S""]}]","false"
"11","ar_to_en","3","[1,6]","[{""position"":0,""characters"":[""A"",""B"",""C"",""D"",""E"",""F"",""G"",""H"",""K"",""L"",""N"",""P"",""R"",""S"",""T"",""U"",""W"",""Y""]},{""position"":1,""characters"":[""T""]},{""position"":2,""characters"":[""C""]}]","false"
"11","ar_to_en","3","[1,5,13]","[{""position"":0,""characters"":[""A"",""B"",""C"",""D"",""E"",""F"",""G"",""H"",""I"",""K"",""L"",""M"",""N"",""O"",""P"",""R"",""S"",""T"",""U"",""W"",""Y""]},{""position"":1,""characters"":[""P""]},{""position"":2,""characters"":[""N""]}]","false"
"11","ar_to_en","11","[1,13]","[{""position"":0,""characters"":[""A"",""D"",""E"",""I"",""N"",""O"",""T""]},{""position"":1,""characters"":[""C"",""D"",""G"",""H"",""L"",""N"",""O"",""P"",""R"",""S"",""T"",""U"",""X""]},{""position"":2,""characters"":[""F"",""G"",""S""]},{""position"":3,""characters"":[""A"",""E"",""G"",""I"",""L"",""N"",""O"",""R"",""S"",""T"",""U""]},{""position"":4,""characters"":[""C"",""D"",""E"",""I"",""L"",""N"",""P"",""R"",""S"",""T""]},{""position"":5,""characters"":[""A"",""C"",""E"",""I"",""N"",""O"",""P"",""R"",""U""]},{""position"":6,""characters"":[""A"",""D"",""E"",""I"",""N"",""O"",""T""]},{""position"":7,""characters"":[""A"",""B"",""C"",""D"",""E"",""F"",""G"",""I"",""K"",""L"",""M"",""N"",""O"",""P"",""R"",""S"",""T"",""U""]},{""position"":8,""characters"":[""F"",""G"",""S""]},{""position"":9,""characters"":[""A"",""E"",""I"",""M"",""O"",""T"",""U""]},{""position"":10,""characters"":[""C"",""D"",""G"",""L"",""N"",""O"",""P"",""R"",""S"",""T"",""Y""]}]","false"
"11","ar_to_en","11","[1,13]","[{""position"":0,""characters"":[""A"",""D"",""E"",""I"",""N"",""O"",""T""]},{""position"":1,""characters"":[""A"",""C"",""D"",""E"",""G"",""H"",""L"",""M"",""N"",""O"",""P"",""R"",""S"",""T"",""U"",""V""]},{""position"":2,""characters"":[""F"",""G"",""S""]},{""position"":3,""characters"":[""A"",""E"",""G"",""L"",""N"",""O"",""R"",""S"",""T"",""U""]},{""position"":4,""characters"":[""B"",""C"",""D"",""E"",""F"",""L"",""M"",""N"",""O"",""P"",""R"",""S"",""T""]},{""position"":5,""characters"":[""A"",""C"",""E"",""I"",""N"",""O"",""P"",""R"",""U""]},{""position"":6,""characters"":[""A"",""E"",""I"",""N"",""O"",""U""]},{""position"":7,""characters"":[""A"",""B"",""C"",""D"",""E"",""F"",""G"",""I"",""K"",""L"",""M"",""N"",""O"",""P"",""R"",""S"",""T"",""U""]},{""position"":8,""characters"":[""F"",""G"",""S""]},{""position"":9,""characters"":[""A"",""C"",""E"",""M"",""T""]},{""position"":10,""characters"":[""C"",""D"",""G"",""L"",""N"",""O"",""P"",""R"",""S"",""T"",""Y""]}]","false"
"11","ar_to_en","3","[1,13]","[{""position"":0,""characters"":[""A"",""B"",""C"",""D"",""E"",""F"",""G"",""H"",""I"",""J"",""K"",""L"",""M"",""N"",""O"",""P"",""R"",""S"",""T"",""U"",""W"",""Y""]},{""position"":1,""characters"":[""S""]},{""position"":2,""characters"":[""M"",""N"",""P""]}]","false"
"11","ar_to_en","11","[1,13]","[{""position"":0,""characters"":[""A"",""E"",""I"",""T""]},{""position"":1,""characters"":[""A"",""C"",""D"",""E"",""G"",""H"",""L"",""M"",""N"",""O"",""P"",""R"",""S"",""T"",""U"",""V""]},{""position"":2,""characters"":[""M"",""P""]},{""position"":3,""characters"":[""A"",""E"",""I"",""O"",""P"",""U""]},{""position"":4,""characters"":[""B"",""C"",""D"",""E"",""F"",""M"",""N"",""O"",""P"",""R"",""S"",""T""]},{""position"":5,""characters"":[""A"",""E"",""I"",""N"",""O"",""U""]},{""position"":6,""characters"":[""C"",""L"",""N""]},{""position"":7,""characters"":[""A"",""E"",""G"",""I"",""L"",""N"",""O"",""R"",""S"",""T"",""U""]},{""position"":8,""characters"":[""F"",""G"",""S""]},{""position"":9,""characters"":[""A"",""D"",""E"",""G"",""H"",""L"",""M"",""N"",""P"",""R"",""S"",""T""]},{""position"":10,""characters"":[""A"",""E""]}]","false"
"11","ar_to_en","11","[1,13]","[{""position"":0,""characters"":[""A"",""E"",""I"",""T""]},{""position"":1,""characters"":[""C"",""D"",""G"",""H"",""L"",""N"",""O"",""P"",""R"",""S"",""T"",""U"",""X""]},{""position"":2,""characters"":[""M"",""P""]},{""position"":3,""characters"":[""A"",""E"",""I"",""O"",""P"",""U""]},{""position"":4,""characters"":[""O"",""S""]},{""position"":5,""characters"":[""A"",""E"",""I"",""N"",""O"",""U""]},{""position"":6,""characters"":[""A"",""B"",""D"",""E"",""F"",""L"",""M"",""N"",""O"",""P"",""R"",""S"",""T""]},{""position"":7,""characters"":[""A"",""E"",""G"",""L"",""N"",""O"",""R"",""S"",""T"",""U""]},{""position"":8,""characters"":[""F"",""G"",""S""]},{""position"":9,""characters"":[""A"",""C"",""D"",""E"",""G"",""H"",""I"",""L"",""N"",""O"",""P"",""R"",""S"",""T"",""U"",""V"",""X""]},{""position"":10,""characters"":[""A"",""E""]}]","false"
"11","ar_to_en","3","[1,13]","[{""position"":0,""characters"":[""A"",""C"",""D"",""E"",""G"",""H"",""I"",""K"",""L"",""M"",""N"",""O"",""P"",""R"",""S"",""T"",""U"",""W"",""X""]},{""position"":1,""characters"":[""A"",""E"",""O"",""P"",""T""]},{""position"":2,""characters"":[""I""]}]","false"
"11","ar_to_en","3","[1,6,13]","[{""position"":0,""characters"":[""A"",""C"",""D"",""E"",""F"",""G"",""H"",""I"",""L"",""M"",""O"",""P"",""R"",""S"",""T"",""U"",""W"",""X"",""Y""]},{""position"":1,""characters"":[""S""]},{""position"":2,""characters"":[""L"",""N"",""S""]}]","false"
"11","ar_to_en","11","[1,13]","[{""position"":0,""characters"":[""A"",""C"",""E"",""M"",""T"",""Y""]},{""position"":1,""characters"":[""A"",""C"",""D"",""E"",""G"",""H"",""I"",""L"",""N"",""O"",""P"",""R"",""S"",""T"",""U"",""V"",""X""]},{""position"":2,""characters"":[""S""]},{""position"":3,""characters"":[""A"",""D"",""E"",""F"",""G"",""K"",""L"",""M"",""N"",""R"",""S"",""T""]},{""position"":4,""characters"":[""A"",""D"",""O"",""S""]},{""position"":5,""characters"":[""A"",""C"",""E"",""G"",""I"",""N"",""R"",""S"",""T"",""U""]},{""position"":6,""characters"":[""A"",""E"",""I"",""N"",""O"",""U""]},{""position"":7,""characters"":[""A"",""E"",""G"",""I"",""L"",""N"",""O"",""R"",""S"",""T"",""U""]},{""position"":8,""characters"":[""F"",""G"",""S""]},{""position"":9,""characters"":[""C"",""D"",""E"",""G"",""H"",""L"",""M"",""N"",""O"",""P"",""R"",""S"",""T"",""X""]},{""position"":10,""characters"":[""A"",""D"",""I"",""L"",""O"",""Y""]}]","false"
"11","ar_to_en","11","[1,13]","[{""position"":0,""characters"":[""A"",""C"",""E"",""M"",""T"",""Y""]},{""position"":1,""characters"":[""A"",""D"",""E"",""G"",""H"",""L"",""M"",""N"",""P"",""R"",""S"",""T""]},{""position"":2,""characters"":[""S""]},{""position"":3,""characters"":[""A"",""D"",""E"",""F"",""G"",""K"",""L"",""M"",""N"",""R"",""S"",""T""]},{""position"":4,""characters"":[""A"",""D"",""E"",""I"",""L"",""N"",""O"",""U""]},{""position"":5,""characters"":[""A"",""C"",""E"",""G"",""I"",""N"",""R"",""S"",""T"",""U""]},{""position"":6,""characters"":[""A"",""D"",""E"",""I"",""N"",""O"",""T""]},{""position"":7,""characters"":[""A"",""E"",""G"",""L"",""N"",""O"",""R"",""S"",""T"",""U""]},{""position"":8,""characters"":[""F"",""G"",""S""]},{""position"":9,""characters"":[""C"",""D"",""E"",""G"",""H"",""I"",""L"",""M"",""N"",""O"",""P"",""R"",""S"",""T"",""U"",""V""]},{""position"":10,""characters"":[""A"",""D"",""I"",""L"",""O"",""Y""]}]","false"
"11","ar_to_en","3","[1,13]","[{""position"":0,""characters"":[""A"",""B"",""C"",""D"",""E"",""F"",""G"",""H"",""I"",""K"",""L"",""M"",""N"",""P"",""R"",""S"",""T"",""W"",""Y""]},{""position"":1,""characters"":[""N""]},{""position"":2,""characters"":[""M"",""R""]}]","false"
"11","ar_to_en","3","[1,6]","[{""position"":0,""characters"":[""A"",""B"",""C"",""D"",""E"",""H"",""I"",""L"",""M"",""O"",""P"",""R"",""S"",""T"",""U"",""W"",""X"",""Y""]},{""position"":1,""characters"":[""G""]},{""position"":2,""characters"":[""R""]}]","false"
"11","ar_to_en","11","[1,13]","[{""position"":0,""characters"":[""A"",""D"",""E"",""I"",""N"",""O"",""T""]},{""position"":1,""characters"":[""C"",""D"",""G"",""H"",""L"",""N"",""O"",""P"",""R"",""S"",""T"",""U"",""X""]},{""position"":2,""characters"":[""F"",""G"",""S""]},{""position"":3,""characters"":[""A"",""E"",""G"",""I"",""L"",""N"",""O"",""R"",""S"",""T"",""U""]},{""position"":4,""characters"":[""C"",""L"",""N""]},{""position"":5,""characters"":[""A"",""C"",""E"",""I"",""N"",""O"",""P"",""R"",""U""]},{""position"":6,""characters"":[""A"",""B"",""D"",""E"",""F"",""L"",""M"",""N"",""P"",""R"",""S"",""T""]},{""position"":7,""characters"":[""D"",""E"",""I"",""O"",""P"",""R"",""T"",""U""]},{""position"":8,""characters"":[""M"",""P""]},{""position"":9,""characters"":[""A"",""C"",""D"",""E"",""G"",""H"",""L"",""M"",""N"",""O"",""P"",""R"",""S"",""T"",""U"",""V""]},{""position"":10,""characters"":[""A"",""E"",""I"",""T""]}]","false"
"11","ar_to_en","11","[1,13]","[{""position"":0,""characters"":[""A"",""D"",""E"",""I"",""N"",""O"",""T""]},{""position"":1,""characters"":[""A"",""C"",""D"",""E"",""G"",""H"",""L"",""M"",""N"",""O"",""P"",""R"",""S"",""T"",""U"",""V""]},{""position"":2,""characters"":[""F"",""G"",""S""]},{""position"":3,""characters"":[""A"",""E"",""G"",""L"",""N"",""O"",""R"",""S"",""T"",""U""]},{""position"":4,""characters"":[""A"",""B"",""D"",""E"",""F"",""L"",""M"",""N"",""O"",""P"",""R"",""S"",""T""]},{""position"":5,""characters"":[""A"",""C"",""E"",""I"",""N"",""O"",""P"",""R"",""U""]},{""position"":6,""characters"":[""A"",""C"",""E"",""I"",""N"",""R"",""S"",""T"",""U""]},{""position"":7,""characters"":[""D"",""E"",""I"",""O"",""P"",""R"",""T"",""U""]},{""position"":8,""characters"":[""M"",""P""]},{""position"":9,""characters"":[""C"",""D"",""G"",""H"",""L"",""N"",""O"",""P"",""R"",""S"",""T"",""U"",""X""]},{""position"":10,""characters"":[""A"",""E"",""I"",""T""]}]","false"
"11","ar_to_en","5","[1,13]","[{""position"":0,""characters"":[""A"",""E""]},{""position"":1,""characters"":[""A"",""B"",""C"",""D"",""F"",""G"",""M"",""N"",""O"",""R"",""S""]},{""position"":2,""characters"":[""A"",""E"",""S"",""Y""]},{""position"":3,""characters"":[""A"",""B"",""C"",""D"",""E"",""F"",""G"",""H"",""K"",""L"",""M"",""N"",""P"",""R"",""S"",""T"",""V"",""W"",""Y""]},{""position"":4,""characters"":[""K"",""U""]}]","true"
"11","ar_to_en","11","[1,13]","[{""position"":0,""characters"":[""A"",""D"",""E"",""I"",""N"",""O"",""T""]},{""position"":1,""characters"":[""C"",""D"",""G"",""H"",""L"",""N"",""O"",""P"",""R"",""S"",""T"",""U"",""X""]},{""position"":2,""characters"":[""F"",""G"",""S""]},{""position"":3,""characters"":[""A"",""E"",""G"",""I"",""L"",""N"",""O"",""R"",""S"",""T"",""U""]},{""position"":4,""characters"":[""A"",""E"",""I"",""O"",""P"",""U""]},{""position"":5,""characters"":[""C"",""N""]},{""position"":6,""characters"":[""A"",""C"",""E"",""M"",""T""]},{""position"":7,""characters"":[""A"",""C"",""E"",""I"",""N"",""R"",""T"",""U""]},{""position"":8,""characters"":[""S""]},{""position"":9,""characters"":[""A"",""C"",""D"",""E"",""G"",""H"",""I"",""L"",""N"",""O"",""P"",""R"",""S"",""T"",""U"",""V"",""X""]},{""position"":10,""characters"":[""A"",""D"",""O"",""S""]}]","false"
"11","ar_to_en","11","[1,13]","[{""position"":0,""characters"":[""A"",""D"",""E"",""I"",""N"",""O"",""T""]},{""position"":1,""characters"":[""A"",""C"",""D"",""E"",""G"",""H"",""L"",""M"",""N"",""O"",""P"",""R"",""S"",""T"",""U"",""V""]},{""position"":2,""characters"":[""F"",""G"",""S""]},{""position"":3,""characters"":[""A"",""E"",""G"",""L"",""N"",""O"",""R"",""S"",""T"",""U""]},{""position"":4,""characters"":[""A"",""P"",""S"",""T""]},{""position"":5,""characters"":[""C"",""N""]},{""position"":6,""characters"":[""A"",""E"",""I"",""O"",""U""]},{""position"":7,""characters"":[""A"",""C"",""E"",""I"",""N"",""R"",""T"",""U""]},{""position"":8,""characters"":[""S""]},{""position"":9,""characters"":[""A"",""D"",""E"",""G"",""H"",""L"",""M"",""N"",""P"",""R"",""S"",""T""]},{""position"":10,""characters"":[""A"",""D"",""O"",""S""]}]","false"
"11","ar_to_en","6","[1,30]","[{""position"":0,""characters"":[""B"",""C"",""D"",""E"",""F"",""G"",""H"",""J"",""K"",""M"",""N"",""P"",""R"",""T"",""W"",""Y""]},{""position"":1,""characters"":[""A"",""E"",""H"",""I"",""S"",""Y""]},{""position"":2,""characters"":[""A"",""B"",""C"",""D"",""F"",""G"",""L"",""M"",""N"",""O"",""P"",""R"",""S"",""T"",""V"",""W""]},{""position"":3,""characters"":[""C"",""D"",""N""]},{""position"":4,""characters"":[""A"",""D"",""E"",""I"",""K"",""N"",""O"",""T""]},{""position"":5,""characters"":[""K"",""U""]}]","true"
"11","ar_to_en","6","[1,30]","[{""position"":0,""characters"":[""A"",""B"",""D"",""E"",""F"",""G"",""H"",""K"",""L"",""M"",""N"",""P"",""R"",""S"",""T"",""W""]},{""position"":1,""characters"":[""A"",""E"",""H"",""I"",""S"",""Y""]},{""position"":2,""characters"":[""A"",""B"",""C"",""D"",""F"",""G"",""L"",""M"",""N"",""O"",""P"",""R"",""S"",""T"",""V"",""W""]},{""position"":3,""characters"":[""C"",""D"",""N""]},{""position"":4,""characters"":[""A"",""D"",""E"",""I"",""K"",""N"",""O"",""T""]},{""position"":5,""characters"":[""K"",""U""]}]","false"
"11","ar_to_en","6","[1,30]","[{""position"":0,""characters"":[""A"",""E"",""G"",""O""]},{""position"":1,""characters"":[""A"",""D"",""E"",""I"",""K"",""N"",""O"",""T""]},{""position"":2,""characters"":[""D"",""S""]},{""position"":3,""characters"":[""S""]},{""position"":4,""characters"":[""A"",""C"",""D"",""E"",""F"",""G"",""N"",""O"",""P"",""S"",""T"",""Y""]},{""position"":5,""characters"":[""C"",""D"",""F"",""G"",""H"",""L"",""N"",""O"",""P"",""R"",""S"",""T"",""W"",""Y""]}]","false"
"11","ar_to_en","6","[1,30]","[{""position"":0,""characters"":[""A"",""E""]},{""position"":1,""characters"":[""A"",""E"",""I"",""S""]},{""position"":2,""characters"":[""B"",""C"",""D"",""E"",""F"",""G"",""H"",""K"",""L"",""M"",""N"",""O"",""P"",""R"",""S"",""T"",""W"",""Y""]},{""position"":3,""characters"":[""A"",""E"",""G"",""I"",""S"",""T""]},{""position"":4,""characters"":[""A"",""E""]},{""position"":5,""characters"":[""K"",""U""]}]","false"
"11","ar_to_en","6","[1,30]","[{""position"":0,""characters"":[""A"",""D"",""E"",""I"",""K"",""N"",""O"",""T""]},{""position"":1,""characters"":[""C"",""D"",""F"",""G"",""H"",""L"",""N"",""O"",""P"",""R"",""S"",""T"",""W"",""Y""]},{""position"":2,""characters"":[""D"",""S""]},{""position"":3,""characters"":[""A"",""E"",""H"",""O"",""S"",""Y""]},{""position"":4,""characters"":[""C"",""D"",""E"",""F"",""G"",""H"",""L"",""M"",""N"",""P"",""R"",""S"",""T"",""V"",""W"",""Y""]},{""position"":5,""characters"":[""A"",""E"",""G"",""O""]}]","true"
"11","ar_to_en","6","[1,30]","[{""position"":0,""characters"":[""E"",""K"",""U""]},{""position"":1,""characters"":[""C"",""D"",""E"",""F"",""G"",""K"",""L"",""M"",""N"",""O"",""P"",""R"",""S"",""T"",""V"",""W""]},{""position"":2,""characters"":[""A"",""E"",""H"",""O"",""S"",""Y""]},{""position"":3,""characters"":[""L"",""M"",""P"",""R""]},{""position"":4,""characters"":[""A"",""E""]},{""position"":5,""characters"":[""K"",""U""]}]","false"
"11","ar_to_en","3","[1,30]","[{""position"":0,""characters"":[""C"",""E"",""T""]},{""position"":1,""characters"":[""R""]},{""position"":2,""characters"":[""T""]}]","false"
"11","ar_to_en","3","[1,13,22]","[{""position"":0,""characters"":[""A"",""E""]},{""position"":1,""characters"":[""E""]},{""position"":2,""characters"":[""D"",""L"",""M"",""N"",""P"",""R""]}]","false"
"11","ar_to_en","3","[1,18,19]","[{""position"":0,""characters"":[""A"",""E"",""I"",""P"",""R"",""S"",""T"",""Y""]},{""position"":1,""characters"":[""N"",""R"",""S"",""Y""]},{""position"":2,""characters"":[""P"",""S""]}]","false"
"11","ar_to_en","6","[1,5]","[{""position"":0,""characters"":[""A"",""B"",""C"",""D"",""E"",""F"",""I"",""L"",""N"",""O"",""P"",""R"",""S"",""T""]},{""position"":1,""characters"":[""A"",""E"",""F"",""G"",""H"",""I"",""M"",""O"",""P"",""R"",""S"",""T"",""V"",""W"",""X""]},{""position"":2,""characters"":[""A"",""D"",""E"",""F"",""I"",""L"",""O"",""P"",""R"",""U""]},{""position"":3,""characters"":[""E""]},{""position"":4,""characters"":[""C""]},{""position"":5,""characters"":[""E""]}]","false"
"11","ar_to_en","3","[1,22]","[{""position"":0,""characters"":[""A"",""E"",""F"",""L"",""N""]},{""position"":1,""characters"":[""O""]},{""position"":2,""characters"":[""O""]}]","false"
"11","ar_to_en","6","[1,9]","[{""position"":0,""characters"":[""A"",""B"",""C"",""D"",""G"",""L"",""O"",""R"",""S"",""T""]},{""position"":1,""characters"":[""A"",""E"",""I"",""O"",""U""]},{""position"":2,""characters"":[""C"",""D"",""E"",""G"",""I"",""L"",""N"",""P"",""R"",""S"",""T"",""Y""]},{""position"":3,""characters"":[""A"",""C"",""G"",""O""]},{""position"":4,""characters"":[""A"",""E"",""H"",""I"",""O"",""S"",""Y""]},{""position"":5,""characters"":[""A"",""E"",""K"",""U""]}]","true"
"11","ar_to_en","11","[1,5,6,19]","[{""position"":0,""characters"":[""D"",""E"",""L"",""N"",""S""]},{""position"":1,""characters"":[""A"",""E"",""L"",""N"",""O"",""T""]},{""position"":2,""characters"":[""B"",""I"",""N"",""O"",""T""]},{""position"":3,""characters"":[""A"",""E"",""I"",""T"",""U""]},{""position"":4,""characters"":[""A"",""B"",""M"",""N"",""P"",""R"",""S"",""U""]},{""position"":5,""characters"":[""E"",""I"",""N"",""S"",""T"",""U"",""V""]},{""position"":6,""characters"":[""A"",""C"",""D"",""O"",""R"",""S"",""U""]},{""position"":7,""characters"":[""C"",""E"",""I"",""O"",""P"",""T""]},{""position"":8,""characters"":[""S""]},{""position"":9,""characters"":[""S""]},{""position"":10,""characters"":[""D"",""R""]}]","false"
"11","ar_to_en","4","[1,6,19]","[{""position"":0,""characters"":[""D"",""E"",""H"",""I"",""O""]},{""position"":1,""characters"":[""I""]},{""position"":2,""characters"":[""N""]},{""position"":3,""characters"":[""E"",""S"",""U""]}]","false"
"11","ar_to_en","11","[1,5,6,19]","[{""position"":0,""characters"":[""A"",""D""]},{""position"":1,""characters"":[""N""]},{""position"":2,""characters"":[""S""]},{""position"":3,""characters"":[""C"",""E"",""I"",""O"",""P"",""T""]},{""position"":4,""characters"":[""A"",""C"",""D"",""I"",""O"",""R"",""S"",""U""]},{""position"":5,""characters"":[""E"",""I"",""N"",""S"",""T"",""U"",""V""]},{""position"":6,""characters"":[""A"",""B"",""M"",""N"",""P"",""R"",""S"",""U""]},{""position"":7,""characters"":[""A"",""E"",""I"",""T"",""U""]},{""position"":8,""characters"":[""B"",""I"",""N"",""O"",""T""]},{""position"":9,""characters"":[""A"",""E"",""L"",""N"",""O"",""T""]},{""position"":10,""characters"":[""D"",""E"",""L"",""N"",""S""]}]","false"
"11","ar_to_en","6","[1,5,6,19]","[{""position"":0,""characters"":[""A"",""B"",""C"",""D"",""E"",""F"",""L"",""M"",""N"",""O"",""R"",""S"",""W""]},{""position"":1,""characters"":[""A"",""C"",""E"",""I"",""L"",""N"",""O"",""P"",""R"",""S"",""U""]},{""position"":2,""characters"":[""T""]},{""position"":3,""characters"":[""H"",""N"",""O""]},{""position"":4,""characters"":[""A"",""C"",""H"",""L"",""N"",""O"",""R"",""T"",""U""]},{""position"":5,""characters"":[""E""]}]","false"
"11","ar_to_en","3","[1,10]","[{""position"":0,""characters"":[""B"",""C"",""D"",""E"",""F"",""G"",""H"",""K"",""L"",""M"",""N"",""O"",""P"",""R"",""S"",""T"",""W"",""Y""]},{""position"":1,""characters"":[""C"",""S""]},{""position"":2,""characters"":[""C"",""E"",""R"",""T"",""Y""]}]","false"
"11","ar_to_en","11","[1,3,6,11,19,28]","[{""position"":0,""characters"":[""D"",""E"",""L"",""N"",""S""]},{""position"":1,""characters"":[""A"",""E"",""L"",""N"",""O"",""T""]},{""position"":2,""characters"":[""B"",""I"",""N"",""O"",""T""]},{""position"":3,""characters"":[""A"",""E"",""I"",""T"",""U""]},{""position"":4,""characters"":[""A"",""B"",""M"",""N"",""P"",""R"",""S"",""U""]},{""position"":5,""characters"":[""E"",""I"",""N"",""S"",""T"",""U""]},{""position"":6,""characters"":[""A"",""C"",""D"",""I"",""O"",""R"",""S"",""U""]},{""position"":7,""characters"":[""C"",""E"",""I"",""O"",""P"",""T""]},{""position"":8,""characters"":[""S""]},{""position"":9,""characters"":[""S""]},{""position"":10,""characters"":[""D"",""R""]}]","false"
"11","ar_to_en","11","[1,3,6,11,19,28]","[{""position"":0,""characters"":[""A"",""D""]},{""position"":1,""characters"":[""N""]},{""position"":2,""characters"":[""S""]},{""position"":3,""characters"":[""C"",""E"",""I"",""O"",""P"",""T""]},{""position"":4,""characters"":[""A"",""C"",""D"",""I"",""O"",""R"",""S"",""U""]},{""position"":5,""characters"":[""E"",""I"",""N"",""S"",""T"",""U""]},{""position"":6,""characters"":[""A"",""B"",""M"",""N"",""P"",""R"",""S"",""U""]},{""position"":7,""characters"":[""A"",""E"",""I"",""T"",""U""]},{""position"":8,""characters"":[""B"",""I"",""N"",""O"",""T""]},{""position"":9,""characters"":[""A"",""E"",""L"",""N"",""O"",""T""]},{""position"":10,""characters"":[""D"",""E"",""L"",""N"",""S""]}]","false"
"11","ar_to_en","6","[1,28]","[{""position"":0,""characters"":[""A"",""B"",""D"",""E"",""H"",""M"",""N"",""P"",""R"",""S"",""T"",""Y""]},{""position"":1,""characters"":[""C"",""D"",""G"",""N"",""T""]},{""position"":2,""characters"":[""E""]},{""position"":3,""characters"":[""E""]},{""position"":4,""characters"":[""A"",""B"",""E"",""H"",""I"",""N"",""O"",""R"",""S"",""U"",""W"",""X""]},{""position"":5,""characters"":[""A"",""C"",""E"",""H"",""I"",""L"",""O"",""R"",""S"",""T"",""U"",""Y""]}]","true"
"11","ar_to_en","11","[2,26]","[{""position"":0,""characters"":[""A"",""C"",""D"",""E"",""G"",""I"",""L"",""M"",""N"",""O"",""P"",""R"",""S"",""T"",""Y""]},{""position"":1,""characters"":[""A"",""C"",""D"",""E"",""G"",""H"",""I"",""L"",""M"",""N"",""O"",""P"",""R"",""S"",""T"",""U"",""V""]},{""position"":2,""characters"":[""O""]},{""position"":3,""characters"":[""A"",""B"",""C"",""D"",""E"",""F"",""G"",""I"",""K"",""L"",""M"",""N"",""O"",""P"",""R"",""S"",""T"",""U""]},{""position"":4,""characters"":[""A"",""B"",""C"",""D"",""E"",""F"",""I"",""L"",""M"",""N"",""O"",""P"",""R"",""S"",""T"",""U""]},{""position"":5,""characters"":[""A"",""C"",""E"",""F"",""G"",""I"",""M"",""N"",""O"",""P"",""R"",""S"",""T"",""U""]},{""position"":6,""characters"":[""A"",""B"",""C"",""D"",""E"",""F"",""I"",""L"",""M"",""N"",""O"",""P"",""R"",""S"",""T"",""U"",""V""]},{""position"":7,""characters"":[""A"",""C"",""D"",""E"",""F"",""G"",""I"",""K"",""L"",""N"",""O"",""P"",""R"",""S"",""T"",""U""]},{""position"":8,""characters"":[""A"",""C"",""D"",""I"",""M"",""W""]},{""position"":9,""characters"":[""A"",""C"",""D"",""E"",""G"",""H"",""I"",""L"",""M"",""N"",""O"",""P"",""R"",""S"",""T"",""U"",""X""]},{""position"":10,""characters"":[""A"",""C"",""D"",""E"",""G"",""I"",""L"",""M"",""N"",""O"",""P"",""R"",""S"",""T"",""Y""]}]","true"
"11","ar_to_en","7","[2,21]","[{""position"":0,""characters"":[""A"",""C"",""D"",""E"",""G"",""I"",""L"",""O""]},{""position"":1,""characters"":[""A"",""E"",""G"",""I"",""O"",""U""]},{""position"":2,""characters"":[""A"",""D"",""F"",""H"",""I"",""L"",""N"",""O"",""U""]},{""position"":3,""characters"":[""A"",""E""]},{""position"":4,""characters"":[""N"",""R""]},{""position"":5,""characters"":[""E"",""N"",""O""]},{""position"":6,""characters"":[""A"",""E"",""O"",""P""]}]","false"
"11","ar_to_en","6","[2,17,23]","[{""position"":0,""characters"":[""A"",""D"",""E"",""H"",""I"",""K"",""O"",""P"",""U""]},{""position"":1,""characters"":[""A"",""E"",""I"",""R"",""U""]},{""position"":2,""characters"":[""A"",""C"",""D"",""E"",""G"",""H"",""I"",""K"",""L"",""M"",""N"",""P"",""R"",""S"",""T"",""U"",""V"",""W""]},{""position"":3,""characters"":[""A"",""C"",""G"",""N"",""O"",""T""]},{""position"":4,""characters"":[""A"",""E""]},{""position"":5,""characters"":[""A"",""E"",""K"",""U""]}]","false"
"11","ar_to_en","5","[2,23]","[{""position"":0,""characters"":[""A"",""B"",""C"",""D"",""E"",""F"",""G"",""H"",""K"",""L"",""M"",""N"",""O"",""P"",""Q"",""R"",""S"",""T"",""V"",""Y""]},{""position"":1,""characters"":[""A"",""C"",""D"",""E"",""G"",""I"",""N"",""O"",""R"",""T"",""U""]},{""position"":2,""characters"":[""C"",""E"",""I"",""O"",""P"",""T""]},{""position"":3,""characters"":[""A"",""E""]},{""position"":4,""characters"":[""A"",""E"",""I"",""O"",""U""]}]","false"
"11","ar_to_en","6","[2,23]","[{""position"":0,""characters"":[""A"",""E"",""I"",""N"",""O"",""U"",""W""]},{""position"":1,""characters"":[""C"",""K"",""L"",""N""]},{""position"":2,""characters"":[""A"",""E"",""I"",""L"",""R"",""U""]},{""position"":3,""characters"":[""E"",""M"",""O""]},{""position"":4,""characters"":[""C"",""D"",""F"",""G"",""H"",""L"",""N"",""O"",""P"",""R"",""S"",""T"",""U"",""W"",""X"",""Y""]},{""position"":5,""characters"":[""A"",""E"",""I"",""T""]}]","true"
"11","ar_to_en","3","[2,7,13,19,26,27]","[{""position"":0,""characters"":[""A"",""B"",""C"",""D"",""E"",""F"",""G"",""H"",""I"",""J"",""K"",""L"",""M"",""N"",""O"",""P"",""R"",""S"",""T"",""U"",""W"",""Y""]},{""position"":1,""characters"":[""S""]},{""position"":2,""characters"":[""D"",""L"",""N"",""S""]}]","false"
"11","ar_to_en","11","[2,20]","[{""position"":0,""characters"":[""A"",""C"",""E"",""I"",""N"",""R"",""T""]},{""position"":1,""characters"":[""C"",""D"",""E"",""G"",""H"",""I"",""L"",""M"",""N"",""O"",""P"",""R"",""S"",""T"",""U""]},{""position"":2,""characters"":[""M"",""P""]},{""position"":3,""characters"":[""A"",""E"",""I"",""O"",""U""]},{""position"":4,""characters"":[""C"",""L"",""N""]},{""position"":5,""characters"":[""A"",""E"",""I"",""N"",""O"",""T""]},{""position"":6,""characters"":[""B"",""C"",""D"",""E"",""F"",""I"",""L"",""M"",""N"",""P"",""R"",""S"",""T"",""U""]},{""position"":7,""characters"":[""A"",""C"",""D"",""E"",""F"",""I"",""L"",""N"",""O"",""P"",""R"",""S"",""U""]},{""position"":8,""characters"":[""F"",""G"",""S""]},{""position"":9,""characters"":[""C"",""D"",""G"",""H"",""L"",""N"",""O"",""P"",""R"",""S"",""T"",""U"",""X""]},{""position"":10,""characters"":[""A"",""D"",""E"",""I"",""N"",""O"",""T""]}]","false"
"11","ar_to_en","11","[2,20]","[{""position"":0,""characters"":[""A"",""C"",""D"",""E"",""G"",""I"",""L"",""N"",""O"",""S"",""T"",""Y""]},{""position"":1,""characters"":[""C"",""D"",""E"",""G"",""H"",""I"",""L"",""M"",""N"",""O"",""P"",""R"",""S"",""T"",""U""]},{""position"":2,""characters"":[""F"",""G"",""S""]},{""position"":3,""characters"":[""A"",""C"",""E"",""I"",""N"",""O"",""P"",""R"",""U""]},{""position"":4,""characters"":[""C"",""D"",""E"",""I"",""L"",""N"",""P"",""R"",""S"",""T""]},{""position"":5,""characters"":[""A"",""E"",""I"",""N"",""O"",""T""]},{""position"":6,""characters"":[""A"",""D"",""E"",""F"",""L"",""M"",""N"",""R"",""S"",""T"",""V""]},{""position"":7,""characters"":[""O"",""U""]},{""position"":8,""characters"":[""M"",""P""]},{""position"":9,""characters"":[""C"",""D"",""G"",""H"",""L"",""N"",""O"",""P"",""R"",""S"",""T"",""U"",""X""]},{""position"":10,""characters"":[""A"",""E"",""I"",""T""]}]","false"
"11","ar_to_en","5","[2,25]","[{""position"":0,""characters"":[""A"",""E"",""M""]},{""position"":1,""characters"":[""A"",""C"",""D"",""E"",""G"",""I"",""K"",""L"",""M"",""N"",""O"",""P"",""R"",""S"",""T"",""U"",""V""]},{""position"":2,""characters"":[""T""]},{""position"":3,""characters"":[""A"",""B"",""D"",""E"",""F"",""O"",""S""]},{""position"":4,""characters"":[""B"",""C"",""D"",""E"",""G"",""O"",""T"",""W"",""Y""]}]","false"
"11","ar_to_en","11","[2,20]","[{""position"":0,""characters"":[""A"",""C"",""D"",""E"",""G"",""I"",""L"",""M"",""N"",""O"",""P"",""R"",""S"",""T""]},{""position"":1,""characters"":[""D"",""E"",""I"",""O"",""P"",""R"",""T"",""U""]},{""position"":2,""characters"":[""E"",""P""]},{""position"":3,""characters"":[""A"",""D"",""F"",""G"",""I"",""L"",""N"",""O"",""U""]},{""position"":4,""characters"":[""A"",""E"",""I"",""O"",""U""]},{""position"":5,""characters"":[""A"",""E""]},{""position"":6,""characters"":[""B"",""E"",""F"",""I"",""M"",""N"",""O"",""P"",""R"",""S"",""T""]},{""position"":7,""characters"":[""A"",""C"",""D"",""E"",""G"",""I"",""N"",""O"",""P"",""T"",""U""]},{""position"":8,""characters"":[""F"",""G"",""S""]},{""position"":9,""characters"":[""A"",""E""]},{""position"":10,""characters"":[""A"",""E""]}]","false"
"11","ar_to_en","6","[2,25]","[{""position"":0,""characters"":[""A"",""B"",""C"",""D"",""E"",""F"",""G"",""H"",""I"",""K"",""L"",""M"",""N"",""O"",""P"",""R"",""S"",""T"",""W"",""Y""]},{""position"":1,""characters"":[""A"",""C"",""D"",""E"",""F"",""G"",""H"",""I"",""K"",""L"",""N"",""O"",""P"",""S"",""T"",""U"",""W"",""Y""]},{""position"":2,""characters"":[""A"",""C"",""D"",""E"",""F"",""G"",""H"",""L"",""M"",""N"",""O"",""P"",""R"",""S"",""T"",""U"",""W"",""Y""]},{""position"":3,""characters"":[""E""]},{""position"":4,""characters"":[""Y""]},{""position"":5,""characters"":[""A"",""B"",""D"",""E"",""G"",""H"",""I"",""K"",""L"",""M"",""N"",""O"",""P"",""R"",""S"",""T"",""W"",""Y""]}]","false"
"11","ar_to_en","11","[2,20]","[{""position"":0,""characters"":[""A"",""D"",""E"",""I"",""N"",""O"",""T""]},{""position"":1,""characters"":[""C"",""D"",""G"",""H"",""L"",""N"",""O"",""P"",""R"",""S"",""T"",""U"",""X""]},{""position"":2,""characters"":[""F"",""G"",""S""]},{""position"":3,""characters"":[""A"",""C"",""D"",""E"",""F"",""I"",""L"",""N"",""O"",""P"",""R"",""S"",""U""]},{""position"":4,""characters"":[""D"",""E"",""I"",""O"",""P"",""R"",""T"",""U""]},{""position"":5,""characters"":[""A"",""E"",""F"",""G"",""M"",""N"",""O"",""P"",""R"",""S"",""T""]},{""position"":6,""characters"":[""A"",""E"",""I"",""O"",""U""]},{""position"":7,""characters"":[""A"",""O"",""R"",""U""]},{""position"":8,""characters"":[""S""]},{""position"":9,""characters"":[""A"",""C"",""D"",""E"",""G"",""H"",""I"",""L"",""M"",""N"",""O"",""P"",""R"",""S"",""T"",""U"",""V""]},{""position"":10,""characters"":[""E"",""I"",""L"",""N"",""R""]}]","false"
"11","ar_to_en","11","[2,20]","[{""position"":0,""characters"":[""A"",""C"",""D"",""E"",""G"",""I"",""L"",""N"",""O"",""S"",""T"",""Y""]},{""position"":1,""characters"":[""C"",""D"",""E"",""G"",""H"",""I"",""L"",""M"",""N"",""O"",""P"",""R"",""S"",""T"",""U""]},{""position"":2,""characters"":[""F"",""G"",""S""]},{""position"":3,""characters"":[""A"",""C"",""E"",""I"",""N"",""O"",""P"",""R"",""U""]},{""position"":4,""characters"":[""A"",""E"",""I"",""O"",""P"",""U""]},{""position"":5,""characters"":[""A"",""E"",""F"",""G"",""M"",""N"",""O"",""P"",""R"",""S"",""T""]},{""position"":6,""characters"":[""A"",""D"",""E"",""I"",""O"",""R"",""T"",""U""]},{""position"":7,""characters"":[""A"",""C"",""E"",""I"",""N"",""O"",""R"",""S"",""T"",""U""]},{""position"":8,""characters"":[""S""]},{""position"":9,""characters"":[""A"",""D"",""E"",""G"",""H"",""L"",""M"",""N"",""P"",""R"",""S"",""T""]},{""position"":10,""characters"":[""A"",""D"",""O"",""S""]}]","false"
"11","ar_to_en","3","[2,25]","[{""position"":0,""characters"":[""D"",""E"",""N"",""R"",""S""]},{""position"":1,""characters"":[""D"",""G"",""R"",""S""]},{""position"":2,""characters"":[""I"",""T""]}]","false"
"11","ar_to_en","3","[2,17,18,25,26]","[{""position"":0,""characters"":[""A"",""O"",""S"",""T"",""U""]},{""position"":1,""characters"":[""C"",""P"",""S"",""T""]},{""position"":2,""characters"":[""C"",""D"",""N""]}]","false"
"11","ar_to_en","6","[2,25]","[{""position"":0,""characters"":[""A"",""D"",""E"",""G"",""J"",""K"",""L"",""N"",""P"",""S"",""T"",""Y""]},{""position"":1,""characters"":[""A"",""D"",""E"",""F"",""G"",""I"",""K"",""L"",""M"",""N"",""O"",""P"",""R"",""S"",""T"",""U"",""Y""]},{""position"":2,""characters"":[""A"",""B"",""C"",""D"",""E"",""F"",""G"",""H"",""I"",""K"",""L"",""M"",""N"",""O"",""P"",""R"",""S"",""T"",""U"",""V"",""W"",""Y""]},{""position"":3,""characters"":[""C""]},{""position"":4,""characters"":[""T""]},{""position"":5,""characters"":[""E"",""K"",""L"",""N"",""S""]}]","false"
"11","ar_to_en","6","[2,25]","[{""position"":0,""characters"":[""A"",""D"",""E"",""H"",""I"",""K"",""O"",""P"",""R"",""U""]},{""position"":1,""characters"":[""A"",""C"",""E"",""G"",""H"",""I"",""K"",""L"",""N"",""R"",""S"",""T"",""U""]},{""position"":2,""characters"":[""A"",""E"",""H"",""I"",""L"",""N"",""O"",""P"",""T"",""U""]},{""position"":3,""characters"":[""L""]},{""position"":4,""characters"":[""R""]},{""position"":5,""characters"":[""A"",""D"",""E"",""H"",""I"",""K"",""O"",""P"",""U""]}]","false"
"11","ar_to_en","11","[2,20]","[{""position"":0,""characters"":[""A"",""C"",""D"",""E"",""G"",""I"",""L"",""N"",""O"",""S"",""T"",""Y""]},{""position"":1,""characters"":[""C"",""D"",""E"",""G"",""H"",""I"",""L"",""M"",""N"",""O"",""P"",""R"",""S"",""T"",""U""]},{""position"":2,""characters"":[""F"",""G"",""S""]},{""position"":3,""characters"":[""A"",""C"",""E"",""I"",""N"",""O"",""P"",""R"",""U""]},{""position"":4,""characters"":[""C"",""D"",""E"",""I"",""L"",""N"",""P"",""R"",""S"",""T""]},{""position"":5,""characters"":[""A"",""E"",""F"",""G"",""M"",""N"",""O"",""P"",""R"",""S"",""T""]},{""position"":6,""characters"":[""A"",""C"",""E"",""I"",""N"",""R"",""T"",""U""]},{""position"":7,""characters"":[""A"",""C"",""D"",""G"",""I"",""K"",""L"",""M"",""N"",""O"",""P"",""R"",""S"",""T"",""U""]},{""position"":8,""characters"":[""S""]},{""position"":9,""characters"":[""A"",""E"",""U""]},{""position"":10,""characters"":[""C"",""D"",""E"",""G"",""L"",""M"",""N"",""O"",""P"",""R"",""S"",""T"",""Y""]}]","false"
"11","ar_to_en","11","[2,20]","[{""position"":0,""characters"":[""A"",""D"",""E"",""I"",""O"",""R"",""T"",""Y""]},{""position"":1,""characters"":[""A"",""C"",""D"",""E"",""G"",""H"",""I"",""L"",""M"",""N"",""O"",""P"",""R"",""S"",""T"",""U"",""V""]},{""position"":2,""characters"":[""S""]},{""position"":3,""characters"":[""C"",""K"",""L"",""N""]},{""position"":4,""characters"":[""A"",""D"",""E"",""I"",""L"",""N"",""O"",""U""]},{""position"":5,""characters"":[""A"",""E"",""F"",""G"",""M"",""N"",""P"",""R"",""S"",""T""]},{""position"":6,""characters"":[""A"",""C"",""D"",""E"",""I"",""L"",""N"",""O"",""S"",""T"",""U"",""V""]},{""position"":7,""characters"":[""A"",""C"",""D"",""E"",""F"",""I"",""L"",""N"",""O"",""P"",""R"",""S"",""U""]},{""position"":8,""characters"":[""F"",""G"",""S""]},{""position"":9,""characters"":[""C"",""D"",""E"",""G"",""H"",""L"",""M"",""N"",""O"",""P"",""R"",""S"",""T"",""X""]},{""position"":10,""characters"":[""A"",""D"",""I"",""L"",""O"",""Y""]}]","false"
"11","ar_to_en","11","[2,20]","[{""position"":0,""characters"":[""A"",""C"",""D"",""E"",""G"",""I"",""L"",""M"",""O"",""P"",""R"",""T""]},{""position"":1,""characters"":[""C"",""D"",""E"",""I"",""L"",""M"",""N"",""P"",""R"",""S"",""T"",""U""]},{""position"":2,""characters"":[""F"",""G"",""S""]},{""position"":3,""characters"":[""A"",""C"",""E"",""I"",""N"",""O"",""P"",""R"",""U""]},{""position"":4,""characters"":[""A"",""E"",""I"",""N"",""O"",""U""]},{""position"":5,""characters"":[""A"",""E"",""F"",""G"",""M"",""N"",""P"",""R"",""S"",""T""]},{""position"":6,""characters"":[""E"",""I"",""L"",""N"",""R"",""U"",""V""]},{""position"":7,""characters"":[""A"",""B"",""D"",""E"",""F"",""G"",""L"",""M"",""N"",""P"",""R"",""S"",""T""]},{""position"":8,""characters"":[""S""]},{""position"":9,""characters"":[""A"",""D"",""E"",""G"",""H"",""L"",""M"",""N"",""P"",""R"",""S"",""T""]},{""position"":10,""characters"":[""A"",""C"",""E"",""M"",""T"",""Y""]}]","false"
"11","ar_to_en","3","[2,7,19,27]","[{""position"":0,""characters"":[""A"",""B"",""C"",""D"",""E"",""F"",""G"",""H"",""K"",""L"",""M"",""N"",""O"",""P"",""R"",""S"",""T"",""W"",""Y""]},{""position"":1,""characters"":[""F""]},{""position"":2,""characters"":[""E"",""M"",""R""]}]","false"
"11","ar_to_en","11","[2,20]","[{""position"":0,""characters"":[""A"",""C"",""D"",""E"",""G"",""I"",""L"",""M"",""N"",""O"",""P"",""R"",""S"",""T""]},{""position"":1,""characters"":[""A"",""D"",""E"",""I"",""O"",""R"",""T"",""U""]},{""position"":2,""characters"":[""F"",""G"",""S""]},{""position"":3,""characters"":[""A"",""C"",""E"",""G"",""I"",""N"",""R"",""S"",""T"",""U""]},{""position"":4,""characters"":[""A"",""E"",""I"",""N"",""O"",""U""]},{""position"":5,""characters"":[""A"",""E""]},{""position"":6,""characters"":[""B"",""C"",""D"",""E"",""F"",""I"",""L"",""M"",""N"",""P"",""R"",""S"",""T"",""U""]},{""position"":7,""characters"":[""A"",""C"",""D"",""E"",""F"",""I"",""L"",""N"",""O"",""P"",""R"",""S"",""U""]},{""position"":8,""characters"":[""F"",""G"",""S""]},{""position"":9,""characters"":[""C"",""D"",""G"",""H"",""L"",""N"",""O"",""P"",""R"",""S"",""T"",""U"",""X""]},{""position"":10,""characters"":[""A"",""D"",""E"",""I"",""N"",""O"",""T""]}]","false"
"11","ar_to_en","11","[2,20]","[{""position"":0,""characters"":[""A"",""C"",""D"",""E"",""G"",""I"",""L"",""N"",""O"",""S"",""T"",""Y""]},{""position"":1,""characters"":[""C"",""D"",""E"",""G"",""H"",""I"",""L"",""M"",""N"",""O"",""P"",""R"",""S"",""T"",""U""]},{""position"":2,""characters"":[""F"",""G"",""S""]},{""position"":3,""characters"":[""A"",""C"",""E"",""I"",""N"",""O"",""P"",""R"",""U""]},{""position"":4,""characters"":[""C"",""D"",""E"",""I"",""L"",""N"",""P"",""R"",""S"",""T""]},{""position"":5,""characters"":[""A"",""E""]},{""position"":6,""characters"":[""A"",""C"",""D"",""E"",""I"",""L"",""N"",""O"",""S"",""T"",""U"",""V""]},{""position"":7,""characters"":[""A"",""B"",""D"",""E"",""F"",""G"",""I"",""K"",""L"",""M"",""N"",""O"",""P"",""R"",""S"",""T""]},{""position"":8,""characters"":[""F"",""G"",""S""]},{""position"":9,""characters"":[""A"",""C"",""E"",""M"",""T""]},{""position"":10,""characters"":[""C"",""D"",""G"",""L"",""N"",""O"",""P"",""R"",""S"",""T"",""Y""]}]","false"
"11","ar_to_en","3","[2,25]","[{""position"":0,""characters"":[""A"",""B"",""C"",""D"",""E"",""F"",""G"",""H"",""I"",""K"",""L"",""M"",""N"",""O"",""P"",""R"",""S"",""T"",""U"",""W"",""X"",""Y""]},{""position"":1,""characters"":[""C"",""N"",""R"",""T""]},{""position"":2,""characters"":[""P""]}]","false"
"11","ar_to_en","3","[2,25,30]","[{""position"":0,""characters"":[""A"",""C"",""D"",""E"",""F"",""G"",""H"",""I"",""K"",""L"",""M"",""N"",""O"",""P"",""R"",""S"",""T"",""U"",""W"",""Y""]},{""position"":1,""characters"":[""A"",""T""]},{""position"":2,""characters"":[""U""]}]","false"
"11","ar_to_en","11","[2,20]","[{""position"":0,""characters"":[""A"",""D"",""E"",""I"",""N"",""O"",""T""]},{""position"":1,""characters"":[""C"",""D"",""G"",""H"",""L"",""N"",""O"",""P"",""R"",""S"",""T"",""U"",""X""]},{""position"":2,""characters"":[""F"",""G"",""S""]},{""position"":3,""characters"":[""A"",""C"",""D"",""E"",""F"",""I"",""L"",""N"",""O"",""P"",""R"",""S"",""U""]},{""position"":4,""characters"":[""B"",""C"",""D"",""E"",""F"",""I"",""L"",""M"",""N"",""P"",""R"",""S"",""T"",""U""]},{""position"":5,""characters"":[""A"",""E"",""I"",""T""]},{""position"":6,""characters"":[""C"",""L"",""N""]},{""position"":7,""characters"":[""A"",""E"",""I"",""L"",""O""]},{""position"":8,""characters"":[""E"",""P""]},{""position"":9,""characters"":[""D"",""E"",""I"",""O"",""P"",""R"",""T"",""U""]},{""position"":10,""characters"":[""C"",""D"",""E"",""I"",""L"",""M"",""N"",""P"",""R"",""S"",""T"",""Y""]}]","false"
"11","ar_to_en","3","[2,13]","[{""position"":0,""characters"":[""A"",""B"",""C"",""D"",""E"",""F"",""G"",""H"",""I"",""L"",""M"",""N"",""O"",""P"",""R"",""S"",""T"",""U"",""W"",""Y""]},{""position"":1,""characters"":[""C""]},{""position"":2,""characters"":[""C""]}]","false"
"11","ar_to_en","5","[2,25]","[{""position"":0,""characters"":[""A"",""C"",""D"",""E"",""G"",""I"",""K"",""M"",""O"",""R"",""S"",""U"",""V""]},{""position"":1,""characters"":[""A"",""C"",""D"",""E"",""F"",""G"",""M"",""N"",""P"",""S"",""T"",""V"",""X""]},{""position"":2,""characters"":[""G"",""L""]},{""position"":3,""characters"":[""A"",""B"",""C"",""F"",""H"",""K"",""L"",""N"",""P"",""S""]},{""position"":4,""characters"":[""A"",""D"",""E"",""G"",""I"",""O"",""T""]}]","true"
"11","ar_to_en","11","[2,20]","[{""position"":0,""characters"":[""A"",""E"",""G"",""O""]},{""position"":1,""characters"":[""A"",""D"",""E"",""I"",""N"",""O"",""T""]},{""position"":2,""characters"":[""F"",""G"",""S""]},{""position"":3,""characters"":[""A"",""C"",""D"",""E"",""G"",""I"",""N"",""O"",""P"",""T"",""U""]},{""position"":4,""characters"":[""A"",""D"",""E"",""F"",""L"",""M"",""N"",""R"",""S"",""T"",""V""]},{""position"":5,""characters"":[""C"",""E"",""F"",""G"",""M"",""N"",""O"",""P"",""R"",""S"",""T""]},{""position"":6,""characters"":[""A"",""C"",""E"",""I"",""N"",""O"",""P"",""R"",""U""]},{""position"":7,""characters"":[""A"",""E"",""I"",""N"",""O"",""U""]},{""position"":8,""characters"":[""F"",""G"",""S""]},{""position"":9,""characters"":[""C"",""D"",""E"",""I"",""L"",""M"",""N"",""P"",""R"",""S"",""T"",""U""]},{""position"":10,""characters"":[""A"",""E"",""I"",""O"",""P""]}]","false"
"11","ar_to_en","3","[2,25]","[{""position"":0,""characters"":[""A"",""C"",""D"",""E"",""H"",""L"",""M"",""N"",""O"",""P"",""R"",""S"",""T"",""U""]},{""position"":1,""characters"":[""A""]},{""position"":2,""characters"":[""I""]}]","false"
"11","ar_to_en","11","[2,20]","[{""position"":0,""characters"":[""A"",""D"",""E"",""G"",""L"",""M"",""N"",""R"",""S"",""T""]},{""position"":1,""characters"":[""A"",""C"",""D"",""E"",""G"",""I"",""L"",""N"",""O"",""S"",""T"",""U"",""V""]},{""position"":2,""characters"":[""S""]},{""position"":3,""characters"":[""A"",""C"",""E"",""I"",""N"",""O"",""P"",""R"",""U""]},{""position"":4,""characters"":[""C"",""L"",""N""]},{""position"":5,""characters"":[""A"",""E""]},{""position"":6,""characters"":[""B"",""E"",""F"",""I"",""M"",""N"",""O"",""P"",""R"",""S"",""T""]},{""position"":7,""characters"":[""A"",""C"",""D"",""E"",""F"",""I"",""L"",""N"",""O"",""P"",""R"",""S"",""U""]},{""position"":8,""characters"":[""F"",""G"",""S""]},{""position"":9,""characters"":[""C"",""D"",""G"",""H"",""L"",""N"",""O"",""P"",""R"",""S"",""T"",""U"",""X""]},{""position"":10,""characters"":[""A"",""D"",""E"",""I"",""N"",""O"",""T""]}]","false"
"11","ar_to_en","11","[2,20]","[{""position"":0,""characters"":[""A"",""C"",""D"",""E"",""G"",""I"",""L"",""N"",""O"",""S"",""T"",""Y""]},{""position"":1,""characters"":[""C"",""D"",""E"",""G"",""H"",""I"",""L"",""M"",""N"",""O"",""P"",""R"",""S"",""T"",""U""]},{""position"":2,""characters"":[""F"",""G"",""S""]},{""position"":3,""characters"":[""A"",""C"",""E"",""I"",""N"",""O"",""P"",""R"",""U""]},{""position"":4,""characters"":[""O"",""S""]},{""position"":5,""characters"":[""A"",""E""]},{""position"":6,""characters"":[""A"",""D"",""E"",""F"",""L"",""M"",""N"",""R"",""S"",""T"",""V""]},{""position"":7,""characters"":[""A"",""C"",""D"",""E"",""F"",""I"",""L"",""N"",""O"",""P"",""R"",""S"",""U""]},{""position"":8,""characters"":[""S""]},{""position"":9,""characters"":[""A"",""D"",""E"",""I"",""N"",""O"",""T""]},{""position"":10,""characters"":[""A"",""D"",""E"",""G"",""L"",""M"",""N"",""O"",""P"",""R"",""S"",""T""]}]","false"
"11","ar_to_en","3","[2,5,6,13,19,20,21,28]","[{""position"":0,""characters"":[""D"",""S""]},{""position"":1,""characters"":[""E""]},{""position"":2,""characters"":[""N""]}]","false"
"11","ar_to_en","3","[2,7,25,30]","[{""position"":0,""characters"":[""A"",""B"",""C"",""D"",""E"",""F"",""G"",""H"",""I"",""K"",""L"",""M"",""N"",""O"",""P"",""R"",""S"",""T"",""U"",""W"",""Y""]},{""position"":1,""characters"":[""A"",""D"",""I"",""R""]},{""position"":2,""characters"":[""I""]}]","false"
"11","ar_to_en","11","[2,30]","[{""position"":0,""characters"":[""A"",""C"",""E"",""I"",""N"",""O"",""R"",""S"",""T""]},{""position"":1,""characters"":[""A"",""C"",""D"",""G"",""I"",""L"",""M"",""N"",""O"",""P"",""R"",""S"",""T"",""U"",""V""]},{""position"":2,""characters"":[""M"",""P""]},{""position"":3,""characters"":[""A"",""E"",""I"",""O"",""U""]},{""position"":4,""characters"":[""C"",""L"",""N""]},{""position"":5,""characters"":[""A"",""E"",""I"",""N"",""O"",""T""]},{""position"":6,""characters"":[""B"",""C"",""D"",""E"",""F"",""I"",""L"",""M"",""N"",""P"",""R"",""S"",""T"",""U""]},{""position"":7,""characters"":[""A"",""E"",""G"",""I"",""L"",""N"",""O"",""R"",""S"",""T"",""U""]},{""position"":8,""characters"":[""F"",""G"",""S""]},{""position"":9,""characters"":[""A"",""D"",""G"",""H"",""I"",""L"",""N"",""O"",""U""]},{""position"":10,""characters"":[""A"",""E"",""I"",""N"",""O""]}]","false"
"11","ar_to_en","4","[2,30]","[{""position"":0,""characters"":[""A"",""E""]},{""position"":1,""characters"":[""C"",""E"",""F"",""N"",""O"",""P"",""S"",""T""]},{""position"":2,""characters"":[""M""]},{""position"":3,""characters"":[""E"",""H"",""N"",""R"",""T""]}]","false"
"11","ar_to_en","5","[2,30]","[{""position"":0,""characters"":[""A"",""E"",""O"",""U""]},{""position"":1,""characters"":[""A"",""C"",""D"",""E"",""F"",""G"",""H"",""I"",""K"",""L"",""M"",""N"",""O"",""P"",""R"",""S"",""T"",""V"",""W""]},{""position"":2,""characters"":[""T""]},{""position"":3,""characters"":[""A"",""B"",""D"",""E"",""F"",""O"",""S""]},{""position"":4,""characters"":[""B"",""C"",""D"",""E"",""G"",""O"",""T"",""W"",""Y""]}]","false"
"11","ar_to_en","11","[2,30]","[{""position"":0,""characters"":[""A"",""C"",""D"",""G"",""I"",""L"",""M"",""N"",""O"",""P"",""R"",""S"",""T""]},{""position"":1,""characters"":[""A"",""E"",""I"",""L"",""O"",""P"",""R""]},{""position"":2,""characters"":[""E"",""P""]},{""position"":3,""characters"":[""A"",""D"",""F"",""G"",""I"",""L"",""N"",""O"",""U""]},{""position"":4,""characters"":[""A"",""E"",""I"",""O"",""U""]},{""position"":5,""characters"":[""A"",""E""]},{""position"":6,""characters"":[""B"",""D"",""E"",""F"",""I"",""M"",""N"",""O"",""P"",""R"",""S"",""T""]},{""position"":7,""characters"":[""A"",""C"",""D"",""E"",""G"",""I"",""L"",""N"",""O"",""S"",""T"",""U""]},{""position"":8,""characters"":[""F"",""G"",""S""]},{""position"":9,""characters"":[""A"",""C"",""E"",""I"",""N"",""O"",""P"",""R"",""U""]},{""position"":10,""characters"":[""A"",""E"",""L"",""O"",""P"",""R""]}]","false"
"11","ar_to_en","11","[2,30]","[{""position"":0,""characters"":[""A"",""D"",""E"",""I"",""N"",""O"",""R""]},{""position"":1,""characters"":[""A"",""D"",""E"",""G"",""H"",""I"",""L"",""M"",""N"",""O"",""P"",""R"",""S"",""T"",""V"",""X""]},{""position"":2,""characters"":[""S""]},{""position"":3,""characters"":[""A"",""O"",""R"",""U""]},{""position"":4,""characters"":[""A"",""E"",""I"",""O"",""U""]},{""position"":5,""characters"":[""A"",""E"",""F"",""G"",""M"",""N"",""O"",""P"",""R"",""S"",""T""]},{""position"":6,""characters"":[""D"",""E"",""I"",""O"",""P"",""R"",""T"",""U""]},{""position"":7,""characters"":[""A"",""E"",""G"",""I"",""L"",""N"",""O"",""R"",""S"",""T"",""U""]},{""position"":8,""characters"":[""F"",""G"",""S""]},{""position"":9,""characters"":[""A"",""D"",""G"",""H"",""I"",""L"",""N"",""O"",""U""]},{""position"":10,""characters"":[""A"",""E"",""I"",""N"",""O""]}]","false"
"11","ar_to_en","11","[2,30]","[{""position"":0,""characters"":[""A"",""C"",""D"",""E"",""G"",""I"",""N"",""O"",""P"",""T""]},{""position"":1,""characters"":[""A"",""C"",""D"",""G"",""I"",""L"",""M"",""N"",""O"",""P"",""R"",""S"",""T"",""U"",""V""]},{""position"":2,""characters"":[""F"",""G"",""S""]},{""position"":3,""characters"":[""A"",""C"",""E"",""I"",""N"",""O"",""P"",""R"",""U""]},{""position"":4,""characters"":[""A"",""E"",""I"",""O"",""P"",""U""]},{""position"":5,""characters"":[""A"",""E"",""F"",""G"",""M"",""N"",""O"",""P"",""R"",""S"",""T""]},{""position"":6,""characters"":[""A"",""D"",""E"",""I"",""O"",""R"",""T"",""U""]},{""position"":7,""characters"":[""A"",""C"",""E"",""I"",""N"",""R"",""T"",""U""]},{""position"":8,""characters"":[""S""]},{""position"":9,""characters"":[""A"",""C"",""E"",""G"",""H"",""I"",""N"",""R"",""S"",""T"",""U""]},{""position"":10,""characters"":[""A"",""D"",""E"",""I"",""L"",""N"",""O""]}]","false"
"11","ar_to_en","3","[2,5,7,27,30]","[{""position"":0,""characters"":[""A"",""B"",""C"",""D"",""E"",""F"",""G"",""H"",""I"",""K"",""L"",""M"",""N"",""O"",""P"",""R"",""S"",""T"",""U"",""W"",""Y""]},{""position"":1,""characters"":[""A"",""E"",""P"",""S"",""T"",""Y""]},{""position"":2,""characters"":[""I""]}]","false"
"11","ar_to_en","11","[2,30]","[{""position"":0,""characters"":[""A"",""E"",""I"",""N"",""O""]},{""position"":1,""characters"":[""A"",""D"",""G"",""H"",""I"",""L"",""N"",""O"",""U""]},{""position"":2,""characters"":[""F"",""G"",""S""]},{""position"":3,""characters"":[""A"",""E"",""G"",""I"",""L"",""N"",""O"",""R"",""S"",""T"",""U""]},{""position"":4,""characters"":[""B"",""C"",""D"",""E"",""F"",""I"",""L"",""M"",""N"",""P"",""R"",""S"",""T"",""U""]},{""position"":5,""characters"":[""A"",""E"",""F"",""G"",""M"",""N"",""O"",""P"",""R"",""S"",""T""]},{""position"":6,""characters"":[""A"",""O"",""R"",""U""]},{""position"":7,""characters"":[""A"",""D"",""F"",""G"",""I"",""L"",""N"",""O"",""U""]},{""position"":8,""characters"":[""S""]},{""position"":9,""characters"":[""A"",""E"",""I"",""N"",""O"",""R"",""S"",""U""]},{""position"":10,""characters"":[""C"",""D"",""E"",""G"",""I"",""L"",""M"",""N"",""P"",""R"",""S"",""T"",""Y""]}]","false"
"11","ar_to_en","11","[2,30]","[{""position"":0,""characters"":[""A"",""C"",""D"",""E"",""G"",""I"",""N"",""O"",""P"",""T""]},{""position"":1,""characters"":[""A"",""C"",""D"",""G"",""I"",""L"",""M"",""N"",""O"",""P"",""R"",""S"",""T"",""U"",""V""]},{""position"":2,""characters"":[""F"",""G"",""S""]},{""position"":3,""characters"":[""A"",""C"",""E"",""I"",""N"",""O"",""P"",""R"",""U""]},{""position"":4,""characters"":[""C"",""D"",""E"",""I"",""L"",""N"",""P"",""R"",""S"",""T""]},{""position"":5,""characters"":[""A"",""E"",""F"",""G"",""M"",""N"",""O"",""P"",""R"",""S"",""T""]},{""position"":6,""characters"":[""A"",""C"",""E"",""I"",""N"",""R"",""T"",""U""]},{""position"":7,""characters"":[""A"",""B"",""C"",""D"",""E"",""F"",""G"",""I"",""L"",""M"",""N"",""O"",""P"",""R"",""S"",""T"",""U""]},{""position"":8,""characters"":[""S""]},{""position"":9,""characters"":[""A"",""D"",""E"",""H"",""I"",""O"",""P"",""U""]},{""position"":10,""characters"":[""C"",""D"",""E"",""G"",""I"",""L"",""N"",""P"",""R"",""S"",""T"",""Y""]}]","false"
"11","ar_to_en","3","[2,7,27,30]","[{""position"":0,""characters"":[""A"",""B"",""C"",""D"",""E"",""F"",""G"",""H"",""I"",""L"",""M"",""N"",""O"",""P"",""R"",""S"",""T"",""U"",""W"",""X"",""Y""]},{""position"":1,""characters"":[""G"",""L"",""N"",""S""]},{""position"":2,""characters"":[""P""]}]","false"
"11","ar_to_en","11","[2,30]","[{""position"":0,""characters"":[""D"",""E"",""I""]},{""position"":1,""characters"":[""E"",""I"",""N""]},{""position"":2,""characters"":[""G"",""S""]},{""position"":3,""characters"":[""O"",""T""]},{""position"":4,""characters"":[""C"",""D"",""I"",""N""]},{""position"":5,""characters"":[""E"",""U""]},{""position"":6,""characters"":[""A"",""E"",""I"",""P"",""U""]},{""position"":7,""characters"":[""A"",""C"",""R"",""T""]},{""position"":8,""characters"":[""A"",""N""]},{""position"":9,""characters"":[""A""]},{""position"":10,""characters"":[""L"",""N"",""S""]}]","false"
"11","ar_to_en","11","[2,30]","[{""position"":0,""characters"":[""A"",""D"",""E"",""I"",""N"",""O"",""R"",""T""]},{""position"":1,""characters"":[""A"",""D"",""E"",""G"",""H"",""I"",""L"",""M"",""N"",""O"",""P"",""R"",""S"",""T"",""V"",""X""]},{""position"":2,""characters"":[""S""]},{""position"":3,""characters"":[""C"",""K"",""L"",""N""]},{""position"":4,""characters"":[""A"",""D"",""E"",""I"",""L"",""N"",""O"",""U""]},{""position"":5,""characters"":[""A"",""E"",""F"",""G"",""M"",""N"",""P"",""R"",""S"",""T""]},{""position"":6,""characters"":[""A"",""C"",""D"",""E"",""I"",""L"",""N"",""O"",""S"",""T"",""U"",""V""]},{""position"":7,""characters"":[""A"",""E"",""G"",""I"",""L"",""N"",""O"",""R"",""S"",""T"",""U""]},{""position"":8,""characters"":[""F"",""G"",""S""]},{""position"":9,""characters"":[""C"",""D"",""E"",""G"",""I"",""L"",""N"",""P"",""R"",""S"",""T""]},{""position"":10,""characters"":[""A"",""E"",""I"",""L"",""O""]}]","false"
"11","ar_to_en","11","[2,30]","[{""position"":0,""characters"":[""A"",""C"",""E"",""I"",""L"",""O"",""P"",""R"",""T"",""Y""]},{""position"":1,""characters"":[""C"",""D"",""E"",""G"",""I"",""L"",""M"",""N"",""P"",""R"",""S"",""T"",""U"",""X""]},{""position"":2,""characters"":[""F"",""G"",""S""]},{""position"":3,""characters"":[""A"",""C"",""E"",""I"",""N"",""O"",""P"",""R"",""U""]},{""position"":4,""characters"":[""A"",""E"",""I"",""N"",""O"",""U""]},{""position"":5,""characters"":[""A"",""E"",""F"",""G"",""M"",""N"",""P"",""R"",""S"",""T""]},{""position"":6,""characters"":[""E"",""I"",""L"",""N"",""R"",""U"",""V""]},{""position"":7,""characters"":[""A"",""D"",""E"",""F"",""G"",""L"",""M"",""N"",""R"",""S"",""T""]},{""position"":8,""characters"":[""S""]},{""position"":9,""characters"":[""A"",""C"",""E"",""G"",""H"",""I"",""N"",""R"",""S"",""T"",""U""]},{""position"":10,""characters"":[""A"",""E"",""I"",""O""]}]","false"
"11","ar_to_en","9","[2,6,23]","[{""position"":0,""characters"":[""A"",""C"",""G"",""N"",""O"",""T""]},{""position"":1,""characters"":[""A"",""C"",""D"",""E"",""G"",""H"",""I"",""L"",""M"",""N"",""P"",""R"",""S"",""T"",""U"",""V"",""W""]},{""position"":2,""characters"":[""A"",""E"",""I"",""L"",""O"",""U""]},{""position"":3,""characters"":[""O"",""S""]},{""position"":4,""characters"":[""A"",""C"",""E"",""M"",""T"",""Y""]},{""position"":5,""characters"":[""A"",""E""]},{""position"":6,""characters"":[""E"",""I"",""N"",""S""]},{""position"":7,""characters"":[""A"",""E"",""I"",""N"",""O"",""U"",""W""]},{""position"":8,""characters"":[""C"",""K"",""L"",""N""]}]","false"
"11","ar_to_en","9","[2,22]","[{""position"":0,""characters"":[""A"",""E"",""I"",""N"",""O"",""U"",""W""]},{""position"":1,""characters"":[""A"",""D"",""F"",""G"",""H"",""I"",""L"",""N"",""O"",""U"",""W""]},{""position"":2,""characters"":[""A"",""C"",""E"",""N"",""O"",""R"",""T"",""V""]},{""position"":3,""characters"":[""A"",""E""]},{""position"":4,""characters"":[""C"",""D"",""E"",""G"",""L"",""M"",""N"",""O"",""P"",""R"",""S"",""T"",""Y""]},{""position"":5,""characters"":[""A"",""E"",""I"",""N"",""O"",""U"",""W""]},{""position"":6,""characters"":[""A"",""C"",""D"",""E"",""F"",""G"",""H"",""L"",""M"",""N"",""O"",""P"",""R"",""S"",""T"",""U"",""V"",""W""]},{""position"":7,""characters"":[""A"",""E"",""I"",""L"",""R"",""U""]},{""position"":8,""characters"":[""E"",""M"",""O""]}]","false"
"11","ar_to_en","9","[2,6,22,23]","[{""position"":0,""characters"":[""A"",""D"",""E"",""H"",""I"",""K"",""O"",""P"",""U""]},{""position"":1,""characters"":[""A"",""E"",""I"",""O"",""P"",""U""]},{""position"":2,""characters"":[""D"",""H"",""L"",""N"",""R""]},{""position"":3,""characters"":[""A"",""E"",""I"",""T""]},{""position"":4,""characters"":[""A"",""E""]},{""position"":5,""characters"":[""C"",""D"",""E"",""G"",""I"",""L"",""N"",""P"",""R"",""S"",""T"",""Y""]},{""position"":6,""characters"":[""A"",""C"",""E"",""L"",""N"",""O""]},{""position"":7,""characters"":[""A"",""C"",""D"",""G"",""L"",""N"",""O"",""R"",""S"",""T""]},{""position"":8,""characters"":[""O""]}]","false"
"11","ar_to_en","9","[2,22]","[{""position"":0,""characters"":[""A"",""E"",""I"",""O"",""U""]},{""position"":1,""characters"":[""C"",""D"",""E"",""G"",""I"",""L"",""N"",""P"",""R"",""S"",""T""]},{""position"":2,""characters"":[""O""]},{""position"":3,""characters"":[""C"",""D"",""E"",""F"",""G"",""M"",""N"",""O"",""P"",""R"",""S"",""T"",""Y""]},{""position"":4,""characters"":[""A"",""E"",""I"",""T""]},{""position"":5,""characters"":[""C"",""D"",""E"",""G"",""I"",""L"",""N"",""P"",""R"",""S"",""T"",""Y""]},{""position"":6,""characters"":[""A"",""C"",""E"",""H"",""I"",""L"",""N"",""O"",""P"",""R"",""S"",""T"",""U""]},{""position"":7,""characters"":[""A"",""C"",""L"",""N"",""O"",""T"",""U"",""Y""]},{""position"":8,""characters"":[""D"",""H"",""L"",""N"",""R""]}]","false"
"11","ar_to_en","9","[2,6]","[{""position"":0,""characters"":[""A"",""D"",""E"",""H"",""I"",""K"",""O"",""P"",""U""]},{""position"":1,""characters"":[""A"",""C"",""E"",""G"",""H"",""I"",""N"",""R"",""S"",""T"",""U""]},{""position"":2,""characters"":[""A"",""C"",""E""]},{""position"":3,""characters"":[""A"",""D"",""E"",""I"",""N"",""O"",""T""]},{""position"":4,""characters"":[""A"",""D"",""E"",""G"",""L"",""M"",""N"",""P"",""R"",""S"",""T"",""Y""]},{""position"":5,""characters"":[""A"",""E"",""I"",""O"",""U""]},{""position"":6,""characters"":[""A"",""C"",""D"",""E"",""G"",""H"",""I"",""L"",""M"",""N"",""O"",""P"",""R"",""S"",""T"",""U"",""V"",""W""]},{""position"":7,""characters"":[""E"",""F"",""I"",""T""]},{""position"":8,""characters"":[""D"",""H"",""L"",""N"",""P"",""R""]}]","false"
"11","ar_to_en","3","[2,22]","[{""position"":0,""characters"":[""A"",""E"",""G"",""I"",""O"",""P"",""T"",""U""]},{""position"":1,""characters"":[""E""]},{""position"":2,""characters"":[""E""]}]","false"
"11","ar_to_en","5","[2,6,23]","[{""position"":0,""characters"":[""A"",""D"",""E"",""H"",""L"",""M"",""N"",""O"",""P"",""R"",""S"",""T"",""U"",""W"",""Y""]},{""position"":1,""characters"":[""A"",""C"",""E"",""I"",""L"",""N"",""O"",""R"",""U"",""X""]},{""position"":2,""characters"":[""T""]},{""position"":3,""characters"":[""E""]},{""position"":4,""characters"":[""A"",""O"",""U"",""W""]}]","false"
"11","ar_to_en","9","[2,22]","[{""position"":0,""characters"":[""A"",""C"",""E"",""G"",""H"",""I"",""N"",""R"",""S"",""T"",""U"",""Y""]},{""position"":1,""characters"":[""A"",""E"",""I"",""N"",""O"",""U"",""W""]},{""position"":2,""characters"":[""I"",""N""]},{""position"":3,""characters"":[""C"",""D"",""F"",""G"",""H"",""L"",""N"",""O"",""P"",""R"",""S"",""T"",""U"",""W"",""Y""]},{""position"":4,""characters"":[""A"",""C"",""E"",""M"",""T"",""Y""]},{""position"":5,""characters"":[""A"",""O"",""R"",""U""]},{""position"":6,""characters"":[""A"",""C"",""D"",""E"",""G"",""H"",""I"",""L"",""M"",""N"",""O"",""P"",""R"",""S"",""T"",""U"",""V"",""W""]},{""position"":7,""characters"":[""A"",""E"",""I"",""O"",""U""]},{""position"":8,""characters"":[""D"",""H"",""L"",""N"",""P"",""R""]}]","true"
"11","ar_to_en","9","[2,22]","[{""position"":0,""characters"":[""A"",""E"",""I"",""N"",""O"",""U"",""W""]},{""position"":1,""characters"":[""A"",""D"",""F"",""G"",""H"",""I"",""L"",""N"",""O"",""U"",""W""]},{""position"":2,""characters"":[""A"",""C"",""E"",""N"",""O"",""R"",""T"",""V""]},{""position"":3,""characters"":[""A"",""E""]},{""position"":4,""characters"":[""A"",""P"",""S"",""T"",""Y""]},{""position"":5,""characters"":[""C"",""K"",""L"",""N""]},{""position"":6,""characters"":[""A"",""C"",""D"",""E"",""G"",""H"",""I"",""L"",""O"",""P"",""R"",""T"",""U""]},{""position"":7,""characters"":[""A"",""C"",""L"",""N"",""O"",""T"",""U"",""Y""]},{""position"":8,""characters"":[""E"",""I"",""N"",""S""]}]","false"
"11","ar_to_en","9","[2,22]","[{""position"":0,""characters"":[""C"",""K"",""L"",""N""]},{""position"":1,""characters"":[""A"",""E"",""I"",""N"",""O"",""U"",""W""]},{""position"":2,""characters"":[""E""]},{""position"":3,""characters"":[""A"",""D"",""E"",""F"",""G"",""H"",""L"",""M"",""N"",""P"",""R"",""S"",""T"",""W"",""Y""]},{""position"":4,""characters"":[""A"",""P"",""S"",""T"",""Y""]},{""position"":5,""characters"":[""A"",""C"",""E"",""G"",""H"",""I"",""N"",""R"",""S"",""T"",""U"",""Y""]},{""position"":6,""characters"":[""A"",""C"",""D"",""E"",""G"",""I"",""N"",""O"",""T"",""U"",""W""]},{""position"":7,""characters"":[""A"",""D"",""E"",""I"",""N"",""O"",""R"",""T"",""U""]},{""position"":8,""characters"":[""D"",""H"",""L"",""N"",""P"",""R""]}]","false"
"11","ar_to_en","9","[2,22]","[{""position"":0,""characters"":[""A"",""E"",""I"",""O"",""P"",""U""]},{""position"":1,""characters"":[""A"",""E"",""I"",""O""]},{""position"":2,""characters"":[""N"",""R""]},{""position"":3,""characters"":[""A"",""E""]},{""position"":4,""characters"":[""C"",""D"",""G"",""L"",""N"",""O"",""P"",""R"",""S"",""T"",""U"",""Y""]},{""position"":5,""characters"":[""A"",""E"",""G"",""I"",""O"",""U""]},{""position"":6,""characters"":[""A"",""C"",""D"",""E"",""G"",""H"",""I"",""L"",""O"",""P"",""R"",""T"",""U""]},{""position"":7,""characters"":[""C"",""D"",""E"",""F"",""G"",""H"",""I"",""L"",""M"",""N"",""O"",""P"",""R"",""S"",""T"",""U"",""V"",""W""]},{""position"":8,""characters"":[""E"",""M"",""P""]}]","false"
"11","ar_to_en","9","[2,6,23]","[{""position"":0,""characters"":[""A"",""E"",""I"",""O"",""P"",""U""]},{""position"":1,""characters"":[""C"",""D"",""E"",""G"",""I"",""L"",""N"",""P"",""R"",""S"",""T""]},{""position"":2,""characters"":[""A"",""E"",""G"",""O""]},{""position"":3,""characters"":[""A"",""E""]},{""position"":4,""characters"":[""A"",""D"",""E"",""G"",""L"",""M"",""N"",""O"",""P"",""R"",""S"",""T""]},{""position"":5,""characters"":[""A"",""O"",""R"",""U""]},{""position"":6,""characters"":[""A"",""C"",""D"",""E"",""F"",""G"",""H"",""L"",""M"",""N"",""O"",""P"",""R"",""S"",""T"",""U"",""V"",""W""]},{""position"":7,""characters"":[""A"",""E"",""I"",""L"",""N"",""O"",""P"",""T"",""U"",""Y""]},{""position"":8,""characters"":[""C"",""E"",""L"",""N"",""R"",""T""]}]","false"
"11","ar_to_en","3","[2,6]","[{""position"":0,""characters"":[""A""]},{""position"":1,""characters"":[""S""]},{""position"":2,""characters"":[""C"",""D"",""T""]}]","false"
"11","ar_to_en","9","[2,6]","[{""position"":0,""characters"":[""A"",""C"",""E"",""N"",""O"",""R"",""T"",""V""]},{""position"":1,""characters"":[""A"",""C"",""E"",""F"",""I"",""L"",""N"",""O"",""R"",""U"",""X""]},{""position"":2,""characters"":[""A"",""C"",""D"",""E"",""G"",""I"",""N"",""O"",""T"",""U"",""W""]},{""position"":3,""characters"":[""A"",""C"",""E"",""G"",""H"",""I"",""N"",""R"",""S"",""T"",""U"",""Y""]},{""position"":4,""characters"":[""A"",""D"",""O"",""S""]},{""position"":5,""characters"":[""A"",""D"",""E"",""F"",""G"",""H"",""L"",""M"",""N"",""O"",""P"",""R"",""S"",""T"",""W""]},{""position"":6,""characters"":[""E"",""I"",""N"",""S""]},{""position"":7,""characters"":[""A"",""C"",""E"",""G"",""H"",""I"",""N"",""R"",""S"",""T"",""U""]},{""position"":8,""characters"":[""A"",""E"",""I"",""O"",""U""]}]","true"
"11","ar_to_en","9","[2,22]","[{""position"":0,""characters"":[""C"",""K"",""L"",""N""]},{""position"":1,""characters"":[""A"",""E"",""I"",""R"",""U""]},{""position"":2,""characters"":[""E"",""O""]},{""position"":3,""characters"":[""A"",""D"",""E"",""F"",""G"",""H"",""L"",""M"",""N"",""P"",""R"",""S"",""T"",""W"",""Y""]},{""position"":4,""characters"":[""A"",""D"",""O"",""S""]},{""position"":5,""characters"":[""C"",""K"",""L"",""N""]},{""position"":6,""characters"":[""C"",""E"",""G"",""H"",""I"",""L"",""M"",""N"",""O"",""R"",""S"",""T"",""W"",""Y""]},{""position"":7,""characters"":[""A"",""C"",""E"",""F"",""I"",""L"",""N"",""O"",""R"",""U"",""X""]},{""position"":8,""characters"":[""D"",""H"",""L"",""N"",""P"",""R""]}]","true"
"11","ar_to_en","9","[2,22]","[{""position"":0,""characters"":[""A"",""E"",""I"",""N"",""O"",""U"",""W""]},{""position"":1,""characters"":[""A"",""C"",""E"",""G"",""H"",""I"",""N"",""R"",""S"",""T"",""U""]},{""position"":2,""characters"":[""O""]},{""position"":3,""characters"":[""A"",""E"",""U""]},{""position"":4,""characters"":[""A"",""D"",""I"",""L"",""O"",""Y""]},{""position"":5,""characters"":[""A"",""C"",""E"",""G"",""H"",""I"",""N"",""R"",""S"",""T"",""U"",""Y""]},{""position"":6,""characters"":[""A"",""C"",""E"",""H"",""I"",""L"",""N"",""O"",""P"",""R"",""S"",""T"",""U""]},{""position"":7,""characters"":[""A"",""C"",""E"",""F"",""I"",""L"",""N"",""O"",""R"",""U"",""X""]},{""position"":8,""characters"":[""D"",""H"",""L"",""N"",""P"",""R""]}]","false"
"11","ar_to_en","9","[2,6,22]","[{""position"":0,""characters"":[""A"",""D"",""E"",""H"",""I"",""K"",""O"",""P"",""U""]},{""position"":1,""characters"":[""A"",""E"",""I"",""O"",""U""]},{""position"":2,""characters"":[""D"",""H"",""L"",""N"",""P"",""R""]},{""position"":3,""characters"":[""A"",""E""]},{""position"":4,""characters"":[""A"",""E""]},{""position"":5,""characters"":[""A"",""C"",""E"",""G"",""H"",""I"",""N"",""R"",""S"",""T"",""U"",""Y""]},{""position"":6,""characters"":[""A"",""D"",""E"",""I"",""L"",""N"",""O"",""S"",""T"",""V""]},{""position"":7,""characters"":[""A"",""C"",""E"",""I"",""O"",""S"",""T"",""U""]},{""position"":8,""characters"":[""O""]}]","false"
"11","ar_to_en","3","[2,6]","[{""position"":0,""characters"":[""A"",""E"",""O"",""P"",""S"",""T""]},{""position"":1,""characters"":[""I""]},{""position"":2,""characters"":[""C""]}]","false"
"11","ar_to_en","3","[2,27]","[{""position"":0,""characters"":[""C"",""D"",""E"",""G"",""I"",""L"",""N"",""P"",""R"",""S"",""T"",""Y""]},{""position"":1,""characters"":[""T""]},{""position"":2,""characters"":[""C"",""I"",""O"",""T""]}]","false"
"11","ar_to_en","3","[2,27]","[{""position"":0,""characters"":[""A"",""C"",""D"",""E"",""G"",""H"",""I"",""K"",""L"",""N"",""O"",""P"",""R"",""S"",""T"",""U"",""Y""]},{""position"":1,""characters"":[""O""]},{""position"":2,""characters"":[""M""]}]","false"
"11","ar_to_en","3","[2,9]","[{""position"":0,""characters"":[""A"",""B"",""C"",""D"",""E"",""F"",""G"",""H"",""I"",""J"",""L"",""M"",""N"",""O"",""P"",""R"",""S"",""T"",""U"",""W"",""Y""]},{""position"":1,""characters"":[""A"",""E"",""P"",""S"",""T""]},{""position"":2,""characters"":[""I""]}]","false"
"11","ar_to_en","3","[2,18,27]","[{""position"":0,""characters"":[""A"",""B"",""D"",""E"",""F"",""G"",""I"",""K"",""L"",""N"",""O"",""P"",""R"",""S"",""T"",""U"",""W""]},{""position"":1,""characters"":[""A"",""E"",""P"",""S"",""T""]},{""position"":2,""characters"":[""I""]}]","false"
"11","ar_to_en","3","[2,27]","[{""position"":0,""characters"":[""A"",""D"",""E"",""H"",""I"",""K"",""L"",""N"",""O"",""P"",""U""]},{""position"":1,""characters"":[""S""]},{""position"":2,""characters"":[""C"",""I"",""O"",""T""]}]","false"
"11","ar_to_en","3","[2,6,27]","[{""position"":0,""characters"":[""A"",""B"",""C"",""D"",""E"",""F"",""G"",""H"",""I"",""J"",""K"",""L"",""M"",""N"",""O"",""P"",""R"",""S"",""T"",""W"",""X"",""Y""]},{""position"":1,""characters"":[""G"",""L"",""N"",""S""]},{""position"":2,""characters"":[""P""]}]","false"
"11","ar_to_en","3","[2,5,25]","[{""position"":0,""characters"":[""A"",""B"",""C"",""D"",""E"",""F"",""G"",""H"",""I"",""J"",""K"",""L"",""M"",""N"",""O"",""P"",""R"",""S"",""T"",""U"",""W"",""Y""]},{""position"":1,""characters"":[""D"",""G"",""L"",""N"",""S"",""T""]},{""position"":2,""characters"":[""P""]}]","false"
"11","ar_to_en","3","[2,21,27]","[{""position"":0,""characters"":[""A"",""B"",""C"",""D"",""E"",""F"",""G"",""H"",""I"",""J"",""K"",""L"",""M"",""N"",""O"",""P"",""R"",""S"",""T"",""U"",""W"",""X"",""Y""]},{""position"":1,""characters"":[""D"",""G"",""L"",""N"",""S"",""T""]},{""position"":2,""characters"":[""P""]}]","false"
"11","ar_to_en","3","[2,23]","[{""position"":0,""characters"":[""A"",""C"",""D"",""E"",""G"",""H"",""I"",""K"",""L"",""M"",""N"",""O"",""P"",""R"",""S"",""T"",""U"",""W"",""X""]},{""position"":1,""characters"":[""N""]},{""position"":2,""characters"":[""P""]}]","false"
"11","ar_to_en","3","[2,27]","[{""position"":0,""characters"":[""A"",""C"",""E"",""F"",""I"",""L"",""N"",""O"",""P"",""R"",""U"",""W""]},{""position"":1,""characters"":[""E"",""I"",""N"",""S""]},{""position"":2,""characters"":[""C""]}]","false"
"11","ar_to_en","3","[2,9]","[{""position"":0,""characters"":[""A"",""C"",""D"",""E"",""F"",""G"",""H"",""I"",""K"",""L"",""N"",""O"",""P"",""R"",""S"",""T"",""U"",""W"",""X""]},{""position"":1,""characters"":[""E"",""I"",""N"",""S""]},{""position"":2,""characters"":[""C""]}]","false"
"11","ar_to_en","3","[2,27]","[{""position"":0,""characters"":[""A"",""D"",""E"",""H"",""I"",""K"",""O"",""P"",""U""]},{""position"":1,""characters"":[""T""]},{""position"":2,""characters"":[""G"",""I"",""L"",""N"",""U""]}]","false"
"11","ar_to_en","5","[2,9,17,23]","[{""position"":0,""characters"":[""A"",""E"",""I"",""L"",""O"",""U""]},{""position"":1,""characters"":[""A"",""C"",""E"",""G"",""H"",""I"",""N"",""R"",""S"",""T"",""U"",""Y""]},{""position"":2,""characters"":[""A"",""C"",""G"",""N"",""O"",""T""]},{""position"":3,""characters"":[""A"",""E""]},{""position"":4,""characters"":[""A"",""E"",""K"",""U""]}]","false"
"11","ar_to_en","7","[2,23]","[{""position"":0,""characters"":[""A"",""E"",""K"",""U""]},{""position"":1,""characters"":[""A"",""E"",""I"",""N"",""O"",""S"",""T"",""U"",""Y""]},{""position"":2,""characters"":[""A"",""E"",""I"",""O"",""U""]},{""position"":3,""characters"":[""A"",""C"",""E"",""G"",""H"",""I"",""N"",""R"",""S"",""T"",""U"",""Y""]},{""position"":4,""characters"":[""A"",""C"",""G"",""N"",""O"",""T""]},{""position"":5,""characters"":[""A"",""E""]},{""position"":6,""characters"":[""A"",""E"",""K"",""U""]}]","false"
"11","ar_to_en","7","[2,23]","[{""position"":0,""characters"":[""A"",""C"",""E"",""M"",""T"",""Y""]},{""position"":1,""characters"":[""A"",""C"",""D"",""E"",""G"",""H"",""L"",""M"",""N"",""O"",""P"",""R"",""S"",""T""]},{""position"":2,""characters"":[""A"",""E"",""I"",""O"",""U""]},{""position"":3,""characters"":[""A"",""C"",""E"",""G"",""H"",""I"",""N"",""R"",""S"",""T"",""U"",""Y""]},{""position"":4,""characters"":[""A"",""C"",""G"",""N"",""O"",""T""]},{""position"":5,""characters"":[""A"",""E""]},{""position"":6,""characters"":[""A"",""E"",""K"",""U""]}]","true"
"11","ar_to_en","3","[2,23]","[{""position"":0,""characters"":[""A"",""T""]},{""position"":1,""characters"":[""T""]},{""position"":2,""characters"":[""L"",""S""]}]","false"
"11","ar_to_en","4","[2,9,23]","[{""position"":0,""characters"":[""E""]},{""position"":1,""characters"":[""A"",""C"",""E"",""F"",""N"",""U""]},{""position"":2,""characters"":[""A"",""E"",""I"",""O"",""U""]},{""position"":3,""characters"":[""P""]}]","true"
"11","ar_to_en","4","[2,9,23]","[{""position"":0,""characters"":[""E""]},{""position"":1,""characters"":[""A"",""C"",""E"",""F"",""N"",""U""]},{""position"":2,""characters"":[""B"",""E"",""G"",""L"",""N"",""R""]},{""position"":3,""characters"":[""P""]}]","false"
"11","ar_to_en","6","[2,27]","[{""position"":0,""characters"":[""A"",""B"",""D"",""E"",""F"",""G"",""H"",""J"",""K"",""L"",""M"",""N"",""P"",""R"",""S"",""T"",""U"",""W"",""Y""]},{""position"":1,""characters"":[""A"",""C"",""D"",""E"",""F"",""G"",""I"",""K"",""L"",""M"",""N"",""O"",""P"",""S"",""T"",""U"",""W"",""Y""]},{""position"":2,""characters"":[""P""]},{""position"":3,""characters"":[""N""]},{""position"":4,""characters"":[""A"",""C"",""D"",""E"",""F"",""G"",""H"",""I"",""L"",""N"",""O"",""P"",""R"",""S"",""T"",""U"",""W"",""Y""]},{""position"":5,""characters"":[""A"",""C"",""D"",""E"",""F"",""G"",""H"",""I"",""K"",""L"",""N"",""O"",""R"",""S"",""T"",""U"",""W"",""Y""]}]","false"
"11","ar_to_en","4","[2,27]","[{""position"":0,""characters"":[""A"",""B"",""L"",""N"",""P"",""R"",""T"",""W""]},{""position"":1,""characters"":[""A"",""B"",""D"",""E"",""F"",""G"",""I"",""L"",""O"",""P"",""S"",""T"",""U""]},{""position"":2,""characters"":[""C""]},{""position"":3,""characters"":[""R""]}]","false"
"11","ar_to_en","4","[2,27]","[{""position"":0,""characters"":[""A"",""E"",""Y""]},{""position"":1,""characters"":[""A"",""E"",""H"",""L"",""N"",""O"",""P"",""R"",""U"",""W""]},{""position"":2,""characters"":[""I"",""N""]},{""position"":3,""characters"":[""C"",""E"",""G"",""I"",""T""]}]","true"
"11","ar_to_en","4","[2,27]","[{""position"":0,""characters"":[""A"",""B"",""D"",""E"",""F"",""G"",""H"",""J"",""K"",""L"",""M"",""N"",""P"",""R"",""S"",""T"",""U"",""W"",""Y""]},{""position"":1,""characters"":[""A"",""B"",""C"",""D"",""E"",""G"",""I"",""L"",""M"",""N"",""O"",""S"",""T"",""U"",""Y""]},{""position"":2,""characters"":[""M""]},{""position"":3,""characters"":[""A"",""M"",""N"",""R"",""T""]}]","true"
"11","ar_to_en","4","[2,27]","[{""position"":0,""characters"":[""A"",""B"",""D"",""E"",""F"",""G"",""H"",""K"",""L"",""M"",""N"",""O"",""P"",""R"",""S"",""T"",""W""]},{""position"":1,""characters"":[""A"",""C"",""D"",""E"",""I"",""L"",""O"",""T"",""U""]},{""position"":2,""characters"":[""N""]},{""position"":3,""characters"":[""C"",""P""]}]","false"
"11","ar_to_en","11","[2,27]","[{""position"":0,""characters"":[""A"",""I"",""R""]},{""position"":1,""characters"":[""A"",""E"",""G"",""N""]},{""position"":2,""characters"":[""N"",""T""]},{""position"":3,""characters"":[""E"",""F"",""I"",""O"",""P"",""T""]},{""position"":4,""characters"":[""A"",""E"",""R"",""S"",""T""]},{""position"":5,""characters"":[""R"",""S"",""T"",""U""]},{""position"":6,""characters"":[""A"",""T""]},{""position"":7,""characters"":[""S"",""T""]},{""position"":8,""characters"":[""N"",""U""]},{""position"":9,""characters"":[""T""]},{""position"":10,""characters"":[""E"",""S""]}]","false"
"11","ar_to_en","6","[2,27]","[{""position"":0,""characters"":[""A"",""B"",""C"",""D"",""E"",""F"",""G"",""H"",""I"",""J"",""K"",""L"",""M"",""N"",""O"",""P"",""R"",""S"",""T"",""U"",""W"",""Y""]},{""position"":1,""characters"":[""A"",""C"",""D"",""E"",""F"",""G"",""H"",""I"",""K"",""L"",""M"",""N"",""P"",""R"",""S"",""T"",""V"",""W"",""Y""]},{""position"":2,""characters"":[""X""]},{""position"":3,""characters"":[""A"",""C"",""D"",""E"",""G"",""L"",""N"",""O"",""R"",""T"",""V""]},{""position"":4,""characters"":[""A"",""C"",""D"",""E"",""G"",""H"",""I"",""K"",""N"",""O"",""P"",""R"",""S"",""T"",""U"",""W"",""Y""]},{""position"":5,""characters"":[""A"",""C"",""D"",""E"",""G"",""H"",""I"",""K"",""L"",""N"",""O"",""P"",""R"",""S"",""T"",""U"",""Y""]}]","true"
"11","ar_to_en","5","[2,27]","[{""position"":0,""characters"":[""A"",""C"",""E"",""K"",""L"",""N"",""O"",""X""]},{""position"":1,""characters"":[""A"",""C"",""E"",""H"",""I"",""L"",""N"",""O"",""P"",""R"",""T"",""U"",""X""]},{""position"":2,""characters"":[""H"",""N"",""R""]},{""position"":3,""characters"":[""A"",""C"",""E"",""M"",""T"",""Y""]},{""position"":4,""characters"":[""K"",""U""]}]","false"
"11","ar_to_en","3","[3,18]","[{""position"":0,""characters"":[""C"",""N""]},{""position"":1,""characters"":[""D"",""E"",""O"",""T""]},{""position"":2,""characters"":[""U""]}]","false"
"11","ar_to_en","3","[3,9,17,18]","[{""position"":0,""characters"":[""A"",""B"",""C"",""D"",""E"",""F"",""G"",""H"",""I"",""J"",""K"",""L"",""M"",""N"",""O"",""P"",""R"",""S"",""T"",""U"",""W"",""X"",""Y""]},{""position"":1,""characters"":[""S""]},{""position"":2,""characters"":[""D"",""L"",""N"",""S""]}]","false"
"11","ar_to_en","3","[3,13,17,18]","[{""position"":0,""characters"":[""A"",""D"",""E"",""H"",""I"",""K"",""O"",""P"",""U""]},{""position"":1,""characters"":[""D""]},{""position"":2,""characters"":[""E"",""I"",""L"",""N"",""U""]}]","false"
"11","ar_to_en","3","[3,9,13,17,18]","[{""position"":0,""characters"":[""A"",""B"",""C"",""D"",""E"",""F"",""G"",""H"",""I"",""J"",""K"",""L"",""M"",""N"",""O"",""P"",""R"",""S"",""T"",""U"",""W"",""X"",""Y""]},{""position"":1,""characters"":[""L""]},{""position"":2,""characters"":[""G"",""N"",""R"",""S"",""T""]}]","false"
"11","ar_to_en","3","[3,13,18,20,21,25,30]","[{""position"":0,""characters"":[""A"",""E""]},{""position"":1,""characters"":[""A"",""C"",""E"",""T"",""Y""]},{""position"":2,""characters"":[""L"",""M"",""P"",""R""]}]","false"
"11","ar_to_en","3","[3,17,23]","[{""position"":0,""characters"":[""A"",""B"",""C"",""D"",""E"",""F"",""G"",""H"",""I"",""K"",""L"",""M"",""O"",""P"",""S"",""T"",""U"",""Y""]},{""position"":1,""characters"":[""A"",""E"",""T""]},{""position"":2,""characters"":[""I""]}]","false"
"11","ar_to_en","3","[3,13]","[{""position"":0,""characters"":[""A"",""B"",""C"",""D"",""E"",""F"",""G"",""I"",""K"",""L"",""M"",""N"",""O"",""P"",""R"",""S"",""T"",""W"",""Y""]},{""position"":1,""characters"":[""S""]},{""position"":2,""characters"":[""L"",""N"",""S""]}]","false"
"11","ar_to_en","3","[3,13,18]","[{""position"":0,""characters"":[""C""]},{""position"":1,""characters"":[""T""]},{""position"":2,""characters"":[""E"",""K"",""L"",""N"",""S""]}]","false"
"11","ar_to_en","3","[3,13,18]","[{""position"":0,""characters"":[""A"",""D"",""E"",""H"",""I"",""K"",""O"",""P"",""U""]},{""position"":1,""characters"":[""R""]},{""position"":2,""characters"":[""L""]}]","false"
"11","ar_to_en","3","[3,13,18]","[{""position"":0,""characters"":[""A"",""S""]},{""position"":1,""characters"":[""D"",""P"",""T""]},{""position"":2,""characters"":[""U""]}]","false"
"11","ar_to_en","3","[3,13]","[{""position"":0,""characters"":[""B"",""C"",""F"",""M"",""P"",""R"",""T"",""W"",""Y""]},{""position"":1,""characters"":[""D"",""S""]},{""position"":2,""characters"":[""E""]}]","false"
"11","ar_to_en","3","[3,18]","[{""position"":0,""characters"":[""C"",""D"",""N"",""R"",""T""]},{""position"":1,""characters"":[""A"",""E""]},{""position"":2,""characters"":[""I""]}]","false"
"11","ar_to_en","3","[3,18]","[{""position"":0,""characters"":[""A"",""B"",""C"",""D"",""E"",""F"",""G"",""H"",""I"",""J"",""K"",""L"",""M"",""N"",""O"",""P"",""R"",""S"",""T"",""U"",""W"",""X"",""Y""]},{""position"":1,""characters"":[""N""]},{""position"":2,""characters"":[""M"",""R""]}]","false"
"11","ar_to_en","3","[3,20]","[{""position"":0,""characters"":[""N""]},{""position"":1,""characters"":[""E""]},{""position"":2,""characters"":[""N""]}]","false"
"11","ar_to_en","9","[3,20]","[{""position"":0,""characters"":[""A"",""E"",""I"",""N"",""O"",""U"",""W""]},{""position"":1,""characters"":[""A"",""D"",""F"",""G"",""H"",""I"",""L"",""N"",""O"",""U"",""W""]},{""position"":2,""characters"":[""A"",""C"",""E"",""N"",""O"",""R"",""T"",""V""]},{""position"":3,""characters"":[""A"",""E""]},{""position"":4,""characters"":[""C"",""D"",""E"",""G"",""L"",""M"",""N"",""O"",""P"",""R"",""S"",""T"",""Y""]},{""position"":5,""characters"":[""A"",""C"",""D"",""E"",""G"",""I"",""K"",""N"",""O"",""R"",""S"",""T"",""U"",""W""]},{""position"":6,""characters"":[""C"",""L"",""N""]},{""position"":7,""characters"":[""A"",""C"",""E"",""I"",""N"",""O"",""P"",""R"",""U"",""W""]},{""position"":8,""characters"":[""E"",""I"",""N"",""S""]}]","false"
"11","ar_to_en","9","[3,20]","[{""position"":0,""characters"":[""A"",""C"",""E"",""N"",""O"",""R"",""T"",""V""]},{""position"":1,""characters"":[""A"",""C"",""E"",""I"",""N"",""O"",""P"",""R"",""U"",""W""]},{""position"":2,""characters"":[""C"",""D"",""E"",""G"",""I"",""L"",""N"",""P"",""R"",""S"",""T"",""Y""]},{""position"":3,""characters"":[""A"",""C"",""D"",""E"",""G"",""I"",""K"",""N"",""O"",""R"",""S"",""T"",""U"",""W""]},{""position"":4,""characters"":[""A"",""D"",""E"",""G"",""L"",""M"",""N"",""O"",""P"",""R"",""S"",""T""]},{""position"":5,""characters"":[""A"",""E""]},{""position"":6,""characters"":[""E"",""I"",""N"",""S""]},{""position"":7,""characters"":[""A"",""C"",""E"",""G"",""H"",""I"",""N"",""R"",""S"",""T"",""U""]},{""position"":8,""characters"":[""A"",""D"",""E"",""I"",""L"",""N"",""O"",""U""]}]","true"
"11","ar_to_en","9","[3,20]","[{""position"":0,""characters"":[""A"",""E"",""I"",""N"",""O"",""U"",""W""]},{""position"":1,""characters"":[""A"",""D"",""F"",""G"",""H"",""I"",""L"",""N"",""O"",""U"",""W""]},{""position"":2,""characters"":[""A"",""C"",""E"",""N"",""O"",""R"",""T"",""V""]},{""position"":3,""characters"":[""A"",""E""]},{""position"":4,""characters"":[""C"",""D"",""E"",""G"",""L"",""M"",""N"",""O"",""P"",""R"",""S"",""T"",""Y""]},{""position"":5,""characters"":[""A"",""E"",""I"",""O"",""U""]},{""position"":6,""characters"":[""A"",""E"",""I"",""O"",""U""]},{""position"":7,""characters"":[""A"",""D"",""F"",""G"",""H"",""I"",""L"",""N"",""O"",""U"",""W""]},{""position"":8,""characters"":[""I""]}]","false"
"11","ar_to_en","9","[3,20]","[{""position"":0,""characters"":[""A"",""C"",""E"",""N"",""O"",""R"",""T"",""V""]},{""position"":1,""characters"":[""A"",""C"",""E"",""I"",""N"",""O"",""P"",""R"",""U"",""W""]},{""position"":2,""characters"":[""C"",""D"",""E"",""G"",""I"",""L"",""N"",""P"",""R"",""S"",""T"",""Y""]},{""position"":3,""characters"":[""A"",""E"",""I"",""O"",""U""]},{""position"":4,""characters"":[""A"",""C"",""E"",""M"",""T"",""Y""]},{""position"":5,""characters"":[""C"",""D"",""F"",""G"",""H"",""L"",""N"",""O"",""P"",""R"",""S"",""T"",""U"",""W"",""Y""]},{""position"":6,""characters"":[""I"",""N""]},{""position"":7,""characters"":[""A"",""E"",""I"",""N"",""O"",""U"",""W""]},{""position"":8,""characters"":[""C"",""K"",""L"",""N""]}]","true"
"11","ar_to_en","9","[3,20]","[{""position"":0,""characters"":[""A"",""C"",""E"",""G"",""H"",""I"",""N"",""R"",""S"",""T"",""U"",""Y""]},{""position"":1,""characters"":[""A"",""D"",""E"",""I"",""L"",""N"",""O"",""U""]},{""position"":2,""characters"":[""R""]},{""position"":3,""characters"":[""A"",""E"",""I"",""T""]},{""position"":4,""characters"":[""C"",""D"",""E"",""G"",""L"",""M"",""N"",""O"",""P"",""R"",""S"",""T"",""Y""]},{""position"":5,""characters"":[""A"",""C"",""E"",""F"",""I"",""L"",""N"",""O"",""R"",""U""]},{""position"":6,""characters"":[""C"",""L"",""N""]},{""position"":7,""characters"":[""A"",""D"",""F"",""G"",""H"",""I"",""L"",""N"",""O"",""U"",""W""]},{""position"":8,""characters"":[""A"",""C"",""G"",""N"",""O"",""T""]}]","false"
"11","ar_to_en","9","[3,20]","[{""position"":0,""characters"":[""A"",""C"",""E"",""N"",""O"",""R"",""T"",""V""]},{""position"":1,""characters"":[""A"",""C"",""E"",""I"",""N"",""O"",""P"",""R"",""U"",""W""]},{""position"":2,""characters"":[""C"",""D"",""E"",""G"",""I"",""L"",""N"",""P"",""R"",""S"",""T"",""Y""]},{""position"":3,""characters"":[""A"",""C"",""L"",""N"",""O"",""T"",""U"",""Y""]},{""position"":4,""characters"":[""A"",""D"",""E"",""G"",""L"",""M"",""N"",""O"",""P"",""R"",""S"",""T""]},{""position"":5,""characters"":[""A"",""D"",""F"",""I"",""L"",""O"",""Y""]},{""position"":6,""characters"":[""E"",""H"",""M"",""P""]},{""position"":7,""characters"":[""A"",""E"",""I"",""O"",""P"",""U""]},{""position"":8,""characters"":[""C"",""D"",""E"",""G"",""I"",""L"",""N"",""P"",""R"",""S"",""T"",""Y""]}]","false"
"11","ar_to_en","9","[3,20]","[{""position"":0,""characters"":[""A"",""D"",""E"",""H"",""I"",""K"",""O"",""P"",""U""]},{""position"":1,""characters"":[""A"",""E"",""I"",""N"",""O"",""U"",""W""]},{""position"":2,""characters"":[""H"",""N"",""R""]},{""position"":3,""characters"":[""A"",""D"",""E"",""F"",""G"",""H"",""L"",""M"",""N"",""O"",""P"",""R"",""S"",""T"",""W""]},{""position"":4,""characters"":[""A"",""E"",""U""]},{""position"":5,""characters"":[""A"",""C"",""E"",""I"",""O"",""S"",""T"",""U""]},{""position"":6,""characters"":[""O"",""S""]},{""position"":7,""characters"":[""A"",""O"",""R"",""U""]},{""position"":8,""characters"":[""E"",""I"",""N"",""S""]}]","false"
"11","ar_to_en","9","[3,20]","[{""position"":0,""characters"":[""A"",""D"",""E"",""I"",""L"",""N"",""O"",""U""]},{""position"":1,""characters"":[""C"",""L"",""N""]},{""position"":2,""characters"":[""E"",""I"",""N"",""S""]},{""position"":3,""characters"":[""A"",""E"",""I"",""T""]},{""position"":4,""characters"":[""C"",""D"",""E"",""G"",""M"",""N"",""O"",""P"",""R"",""S"",""T"",""Y""]},{""position"":5,""characters"":[""A"",""C"",""E"",""I"",""O"",""S"",""T"",""U""]},{""position"":6,""characters"":[""A"",""D"",""E"",""H"",""I"",""O"",""P"",""U""]},{""position"":7,""characters"":[""C"",""L"",""N""]},{""position"":8,""characters"":[""H"",""N"",""R""]}]","false"
"11","ar_to_en","9","[3,20]","[{""position"":0,""characters"":[""A"",""C"",""G"",""N"",""O"",""T""]},{""position"":1,""characters"":[""C"",""D"",""E"",""G"",""I"",""L"",""N"",""P"",""R"",""S"",""T"",""Y""]},{""position"":2,""characters"":[""A"",""E"",""I"",""R"",""U""]},{""position"":3,""characters"":[""A"",""C"",""D"",""E"",""G"",""H"",""I"",""K"",""L"",""M"",""O"",""P"",""R"",""S"",""T"",""U""]},{""position"":4,""characters"":[""C"",""D"",""G"",""L"",""N"",""O"",""P"",""R"",""S"",""T"",""U"",""Y""]},{""position"":5,""characters"":[""F"",""O""]},{""position"":6,""characters"":[""A"",""E"",""G"",""O""]},{""position"":7,""characters"":[""A"",""C"",""E"",""G"",""H"",""I"",""N"",""R"",""S"",""T"",""U""]},{""position"":8,""characters"":[""A"",""E"",""I"",""O"",""P"",""U""]}]","false"
"11","ar_to_en","3","[3,6,7,17,20,25,28]","[{""position"":0,""characters"":[""A"",""E"",""I"",""L"",""M"",""O"",""R"",""U""]},{""position"":1,""characters"":[""N"",""S""]},{""position"":2,""characters"":[""A"",""I""]}]","false"
"11","ar_to_en","9","[3,20]","[{""position"":0,""characters"":[""A"",""D"",""E"",""H"",""I"",""K"",""O"",""P"",""U""]},{""position"":1,""characters"":[""A"",""O"",""R"",""U""]},{""position"":2,""characters"":[""A"",""E"",""N"",""O"",""R"",""T"",""V""]},{""position"":3,""characters"":[""A"",""D"",""E"",""I"",""N"",""O"",""T""]},{""position"":4,""characters"":[""C"",""D"",""G"",""L"",""N"",""O"",""P"",""R"",""S"",""T"",""U"",""Y""]},{""position"":5,""characters"":[""A"",""C"",""D"",""E"",""G"",""H"",""I"",""K"",""L"",""M"",""O"",""P"",""R"",""S"",""T"",""U""]},{""position"":6,""characters"":[""A"",""C"",""E"",""I"",""N"",""O"",""P"",""R"",""U"",""W""]},{""position"":7,""characters"":[""A"",""O"",""R"",""U""]},{""position"":8,""characters"":[""D"",""H"",""L"",""N"",""P"",""R""]}]","false"
"11","ar_to_en","9","[3,20]","[{""position"":0,""characters"":[""A"",""D"",""E"",""H"",""I"",""K"",""O"",""P"",""U""]},{""position"":1,""characters"":[""A"",""E"",""I"",""O"",""P"",""U""]},{""position"":2,""characters"":[""D"",""H"",""L"",""N"",""R""]},{""position"":3,""characters"":[""A"",""E"",""I"",""T""]},{""position"":4,""characters"":[""A"",""E""]},{""position"":5,""characters"":[""C"",""D"",""E"",""F"",""G"",""H"",""I"",""L"",""M"",""N"",""O"",""P"",""R"",""S"",""T"",""U"",""V"",""W""]},{""position"":6,""characters"":[""A"",""O"",""R"",""U""]},{""position"":7,""characters"":[""O"",""S""]},{""position"":8,""characters"":[""O""]}]","false"
"11","ar_to_en","9","[3,20]","[{""position"":0,""characters"":[""A"",""O"",""R"",""U""]},{""position"":1,""characters"":[""A"",""D"",""F"",""G"",""H"",""I"",""L"",""N"",""O"",""U"",""W""]},{""position"":2,""characters"":[""A"",""C"",""G"",""O"",""T""]},{""position"":3,""characters"":[""A"",""D"",""E"",""I"",""N"",""O"",""T""]},{""position"":4,""characters"":[""A"",""D"",""E"",""G"",""L"",""M"",""N"",""P"",""R"",""S"",""T"",""Y""]},{""position"":5,""characters"":[""A"",""C"",""L"",""N"",""O"",""T"",""U"",""Y""]},{""position"":6,""characters"":[""A"",""C"",""E"",""I"",""N"",""O"",""P"",""R"",""U"",""W""]},{""position"":7,""characters"":[""C"",""L"",""N""]},{""position"":8,""characters"":[""H"",""N"",""R""]}]","false"
"11","ar_to_en","9","[3,20]","[{""position"":0,""characters"":[""C"",""K"",""L"",""N""]},{""position"":1,""characters"":[""A"",""E"",""I"",""R"",""U""]},{""position"":2,""characters"":[""E"",""H"",""M"",""P""]},{""position"":3,""characters"":[""A"",""D"",""F"",""I"",""L"",""O"",""Y""]},{""position"":4,""characters"":[""A"",""D"",""E"",""G"",""L"",""M"",""N"",""P"",""R"",""S"",""T"",""Y""]},{""position"":5,""characters"":[""A"",""E"",""I"",""O"",""U""]},{""position"":6,""characters"":[""A"",""C"",""E"",""G"",""H"",""I"",""N"",""R"",""S"",""T"",""U"",""Y""]},{""position"":7,""characters"":[""A"",""E"",""I"",""N"",""O"",""U"",""W""]},{""position"":8,""characters"":[""E"",""L"",""N"",""T""]}]","false"
"11","ar_to_en","9","[3,20]","[{""position"":0,""characters"":[""A"",""E"",""K"",""L"",""O"",""P"",""R"",""U""]},{""position"":1,""characters"":[""A"",""C"",""E"",""I"",""N"",""O"",""P"",""R"",""U"",""W""]},{""position"":2,""characters"":[""A"",""C"",""E"",""N"",""O"",""R"",""V""]},{""position"":3,""characters"":[""A"",""D"",""E"",""I"",""N"",""O"",""T""]},{""position"":4,""characters"":[""C"",""D"",""E"",""G"",""M"",""N"",""O"",""P"",""R"",""S"",""T"",""Y""]},{""position"":5,""characters"":[""A"",""C"",""E"",""F"",""I"",""L"",""N"",""O"",""R"",""U""]},{""position"":6,""characters"":[""A"",""E"",""I"",""O"",""U""]},{""position"":7,""characters"":[""A"",""D"",""F"",""G"",""H"",""I"",""L"",""N"",""O"",""U"",""W""]},{""position"":8,""characters"":[""H"",""M"",""P""]}]","false"
"11","ar_to_en","9","[3,20]","[{""position"":0,""characters"":[""A"",""C"",""E""]},{""position"":1,""characters"":[""A"",""E"",""I"",""N"",""O"",""U"",""W""]},{""position"":2,""characters"":[""A"",""C"",""E"",""G"",""H"",""I"",""N"",""R"",""S"",""T"",""U"",""Y""]},{""position"":3,""characters"":[""A"",""C"",""D"",""E"",""G"",""H"",""I"",""K"",""L"",""M"",""O"",""P"",""R"",""S"",""T"",""U""]},{""position"":4,""characters"":[""A"",""D"",""E"",""G"",""L"",""M"",""N"",""P"",""R"",""S"",""T"",""Y""]},{""position"":5,""characters"":[""F"",""O""]},{""position"":6,""characters"":[""D"",""H"",""L"",""N"",""P"",""R""]},{""position"":7,""characters"":[""A"",""E"",""I"",""O"",""U""]},{""position"":8,""characters"":[""A"",""E"",""I"",""O"",""P"",""U""]}]","false"
"11","ar_to_en","11","[3,9]","[{""position"":0,""characters"":[""A"",""D"",""E"",""I"",""N"",""O"",""R""]},{""position"":1,""characters"":[""A"",""D"",""E"",""G"",""H"",""I"",""L"",""M"",""N"",""O"",""P"",""R"",""S"",""T"",""V"",""X""]},{""position"":2,""characters"":[""S""]},{""position"":3,""characters"":[""A"",""C"",""E"",""I"",""N"",""O"",""P"",""R"",""U""]},{""position"":4,""characters"":[""A"",""B"",""D"",""E"",""F"",""L"",""M"",""N"",""O"",""P"",""R"",""S"",""T""]},{""position"":5,""characters"":[""A"",""E"",""I"",""N"",""O"",""T""]},{""position"":6,""characters"":[""B"",""C"",""D"",""E"",""F"",""I"",""L"",""M"",""N"",""P"",""R"",""S"",""T"",""U""]},{""position"":7,""characters"":[""A"",""E"",""G"",""I"",""L"",""N"",""O"",""R"",""S"",""T"",""U""]},{""position"":8,""characters"":[""F"",""G"",""S""]},{""position"":9,""characters"":[""A"",""D"",""G"",""H"",""I"",""L"",""N"",""O"",""U""]},{""position"":10,""characters"":[""A"",""E"",""I"",""N"",""O""]}]","false"
"11","ar_to_en","11","[3,9]","[{""position"":0,""characters"":[""A"",""C"",""D"",""E"",""G"",""I"",""N"",""O"",""P"",""T""]},{""position"":1,""characters"":[""A"",""C"",""D"",""G"",""I"",""L"",""M"",""N"",""O"",""P"",""R"",""S"",""T"",""U"",""V""]},{""position"":2,""characters"":[""F"",""G"",""S""]},{""position"":3,""characters"":[""A"",""C"",""E"",""I"",""N"",""O"",""P"",""R"",""U""]},{""position"":4,""characters"":[""B"",""C"",""D"",""E"",""F"",""L"",""M"",""N"",""O"",""P"",""R"",""S"",""T""]},{""position"":5,""characters"":[""A"",""E"",""I"",""N"",""O"",""T""]},{""position"":6,""characters"":[""A"",""D"",""E"",""F"",""L"",""M"",""N"",""R"",""S"",""T"",""V""]},{""position"":7,""characters"":[""A"",""E"",""G"",""I"",""L"",""N"",""O"",""R"",""S"",""T"",""U""]},{""position"":8,""characters"":[""S""]},{""position"":9,""characters"":[""A"",""C"",""E"",""G"",""H"",""I"",""N"",""R"",""S"",""T"",""U""]},{""position"":10,""characters"":[""A"",""D"",""E"",""I"",""L"",""N"",""O""]}]","false"
"11","ar_to_en","11","[3,9]","[{""position"":0,""characters"":[""A"",""D"",""E"",""G"",""I"",""L"",""M"",""N"",""O"",""P"",""R"",""S"",""T"",""Y""]},{""position"":1,""characters"":[""T""]},{""position"":2,""characters"":[""A"",""C"",""I"",""N"",""Q""]},{""position"":3,""characters"":[""A"",""C"",""E"",""G"",""I"",""N"",""R"",""S"",""T"",""U""]},{""position"":4,""characters"":[""A"",""P"",""S"",""T""]},{""position"":5,""characters"":[""A"",""E""]},{""position"":6,""characters"":[""A"",""D"",""E"",""F"",""L"",""M"",""N"",""R"",""S"",""T"",""V""]},{""position"":7,""characters"":[""A"",""B"",""C"",""D"",""E"",""F"",""G"",""I"",""L"",""M"",""N"",""O"",""P"",""R"",""S"",""T"",""U""]},{""position"":8,""characters"":[""A"",""D"",""E"",""F"",""G"",""I"",""N"",""O"",""S"",""T"",""V""]},{""position"":9,""characters"":[""C"",""D"",""E"",""G"",""I"",""L"",""N"",""P"",""R"",""S"",""T""]},{""position"":10,""characters"":[""A"",""E"",""I"",""L"",""O""]}]","false"
"11","ar_to_en","11","[3,9]","[{""position"":0,""characters"":[""A"",""D"",""E"",""G"",""I"",""L"",""M"",""N"",""O"",""P"",""R"",""S"",""T"",""Y""]},{""position"":1,""characters"":[""T""]},{""position"":2,""characters"":[""E"",""P""]},{""position"":3,""characters"":[""A"",""C"",""E"",""G"",""I"",""N"",""R"",""S"",""T"",""U""]},{""position"":4,""characters"":[""A"",""C"",""E"",""M"",""T""]},{""position"":5,""characters"":[""A"",""E"",""F"",""G"",""M"",""N"",""O"",""P"",""R"",""S"",""T""]},{""position"":6,""characters"":[""A"",""B"",""C"",""D"",""E"",""F"",""I"",""L"",""M"",""N"",""O"",""P"",""R"",""S"",""T"",""U"",""V""]},{""position"":7,""characters"":[""A"",""C"",""D"",""E"",""G"",""I"",""L"",""N"",""O"",""S"",""T"",""U""]},{""position"":8,""characters"":[""A"",""C"",""I"",""N"",""Q""]},{""position"":9,""characters"":[""A"",""C"",""E"",""G"",""H"",""I"",""N"",""R"",""S"",""T"",""U""]},{""position"":10,""characters"":[""A"",""D"",""E"",""I"",""L"",""N"",""O""]}]","false"
"11","ar_to_en","11","[3,9]","[{""position"":0,""characters"":[""A"",""D"",""E"",""G"",""I"",""L"",""M"",""N"",""O"",""P"",""R"",""S"",""T"",""Y""]},{""position"":1,""characters"":[""T""]},{""position"":2,""characters"":[""E"",""P""]},{""position"":3,""characters"":[""A"",""C"",""E"",""G"",""I"",""N"",""R"",""S"",""T"",""U""]},{""position"":4,""characters"":[""A"",""C"",""E"",""M"",""T""]},{""position"":5,""characters"":[""A"",""E"",""F"",""G"",""M"",""N"",""O"",""P"",""R"",""S"",""T""]},{""position"":6,""characters"":[""A"",""B"",""C"",""D"",""E"",""F"",""I"",""L"",""M"",""N"",""O"",""P"",""R"",""S"",""T"",""U"",""V""]},{""position"":7,""characters"":[""A"",""C"",""D"",""E"",""G"",""I"",""L"",""N"",""O"",""S"",""T"",""U""]},{""position"":8,""characters"":[""A"",""C"",""I"",""N"",""Q""]},{""position"":9,""characters"":[""A"",""C"",""E"",""G"",""H"",""I"",""N"",""R"",""S"",""T"",""U""]},{""position"":10,""characters"":[""A"",""D"",""E"",""I"",""O"",""P""]}]","false"
"11","ar_to_en","11","[3,9]","[{""position"":0,""characters"":[""A"",""C"",""D"",""G"",""I"",""L"",""M"",""N"",""O"",""P"",""R"",""S"",""T""]},{""position"":1,""characters"":[""A"",""D"",""E"",""I"",""N"",""O"",""R"",""T"",""U""]},{""position"":2,""characters"":[""F"",""G"",""S""]},{""position"":3,""characters"":[""A"",""C"",""E"",""G"",""I"",""N"",""R"",""S"",""T"",""U""]},{""position"":4,""characters"":[""A"",""D"",""E"",""I"",""N"",""O"",""T""]},{""position"":5,""characters"":[""A"",""E""]},{""position"":6,""characters"":[""B"",""C"",""D"",""E"",""F"",""I"",""L"",""M"",""N"",""P"",""R"",""S"",""T"",""U""]},{""position"":7,""characters"":[""A"",""E"",""G"",""I"",""L"",""N"",""O"",""R"",""S"",""T"",""U""]},{""position"":8,""characters"":[""F"",""G"",""S""]},{""position"":9,""characters"":[""A"",""D"",""G"",""H"",""I"",""L"",""N"",""O"",""U""]},{""position"":10,""characters"":[""A"",""E"",""I"",""N"",""O""]}]","false"
"11","ar_to_en","11","[3,9]","[{""position"":0,""characters"":[""A"",""C"",""D"",""E"",""G"",""I"",""N"",""O"",""P"",""T""]},{""position"":1,""characters"":[""A"",""C"",""D"",""G"",""I"",""L"",""M"",""N"",""O"",""P"",""R"",""S"",""T"",""U"",""V""]},{""position"":2,""characters"":[""F"",""G"",""S""]},{""position"":3,""characters"":[""A"",""C"",""E"",""I"",""N"",""O"",""P"",""R"",""U""]},{""position"":4,""characters"":[""B"",""C"",""D"",""E"",""F"",""L"",""M"",""N"",""O"",""P"",""R"",""S"",""T""]},{""position"":5,""characters"":[""A"",""E""]},{""position"":6,""characters"":[""A"",""C"",""D"",""E"",""I"",""L"",""N"",""O"",""S"",""T"",""U"",""V""]},{""position"":7,""characters"":[""A"",""B"",""C"",""D"",""E"",""F"",""G"",""I"",""L"",""M"",""N"",""O"",""P"",""R"",""S"",""T"",""U""]},{""position"":8,""characters"":[""F"",""G"",""S""]},{""position"":9,""characters"":[""A"",""E"",""I"",""O"",""U""]},{""position"":10,""characters"":[""A"",""D"",""G"",""I"",""L"",""N"",""O""]}]","false"
"11","ar_to_en","6","[3,9]","[{""position"":0,""characters"":[""A"",""C"",""D"",""E"",""G"",""I"",""O"",""P"",""R"",""S"",""T"",""U""]},{""position"":1,""characters"":[""A"",""D"",""E"",""G"",""L"",""N"",""P"",""R"",""S"",""U"",""V""]},{""position"":2,""characters"":[""A"",""E"",""I"",""L"",""T""]},{""position"":3,""characters"":[""N""]},{""position"":4,""characters"":[""T""]},{""position"":5,""characters"":[""A"",""E"",""H""]}]","false"
"11","ar_to_en","11","[3,9]","[{""position"":0,""characters"":[""A"",""E"",""I"",""N"",""O"",""R"",""S""]},{""position"":1,""characters"":[""A"",""E"",""N"",""R"",""U""]},{""position"":2,""characters"":[""A"",""D"",""E"",""F"",""G"",""I"",""O"",""S"",""T"",""V""]},{""position"":3,""characters"":[""C"",""K"",""L"",""N""]},{""position"":4,""characters"":[""A"",""D"",""O"",""S""]},{""position"":5,""characters"":[""A"",""E"",""F"",""G"",""M"",""N"",""P"",""R"",""S"",""T""]},{""position"":6,""characters"":[""A"",""B"",""C"",""D"",""E"",""F"",""I"",""L"",""M"",""N"",""O"",""P"",""R"",""S"",""T"",""U"",""V""]},{""position"":7,""characters"":[""A"",""C"",""E"",""I"",""N"",""R"",""T"",""U""]},{""position"":8,""characters"":[""I"",""L"",""M"",""N"",""R"",""W""]},{""position"":9,""characters"":[""A"",""E"",""I"",""O"",""U""]},{""position"":10,""characters"":[""A"",""E"",""I"",""O"",""P""]}]","false"
"11","ar_to_en","5","[3,9,20]","[{""position"":0,""characters"":[""A"",""C"",""D"",""E"",""L"",""N"",""O"",""P"",""R"",""U""]},{""position"":1,""characters"":[""A"",""E"",""N"",""O"",""R""]},{""position"":2,""characters"":[""O""]},{""position"":3,""characters"":[""E""]},{""position"":4,""characters"":[""C"",""E"",""G"",""H"",""R"",""T"",""Y""]}]","false"
"11","ar_to_en","11","[3,9]","[{""position"":0,""characters"":[""A"",""C"",""D"",""E"",""I"",""L"",""N"",""O"",""P"",""R"",""S"",""Y""]},{""position"":1,""characters"":[""A"",""D"",""E"",""I"",""N"",""O"",""R"",""T"",""U""]},{""position"":2,""characters"":[""I"",""L"",""N"",""R""]},{""position"":3,""characters"":[""A"",""D"",""E"",""I"",""L"",""N"",""O"",""U""]},{""position"":4,""characters"":[""A"",""B"",""D"",""E"",""F"",""L"",""M"",""N"",""O"",""P"",""R"",""S"",""T""]},{""position"":5,""characters"":[""A"",""E""]},{""position"":6,""characters"":[""A"",""D"",""E"",""F"",""L"",""M"",""N"",""R"",""S"",""T"",""V""]},{""position"":7,""characters"":[""A"",""B"",""C"",""D"",""E"",""F"",""G"",""I"",""L"",""M"",""N"",""O"",""P"",""R"",""S"",""T"",""U""]},{""position"":8,""characters"":[""A"",""D"",""E"",""F"",""G"",""I"",""N"",""O"",""S"",""T"",""V""]},{""position"":9,""characters"":[""C"",""D"",""E"",""G"",""I"",""L"",""N"",""P"",""R"",""S"",""T""]},{""position"":10,""characters"":[""A"",""E"",""I"",""L"",""O""]}]","false"
"11","ar_to_en","11","[3,9]","[{""position"":0,""characters"":[""A"",""E"",""I"",""N"",""O""]},{""position"":1,""characters"":[""A"",""D"",""G"",""H"",""I"",""L"",""N"",""O"",""U""]},{""position"":2,""characters"":[""F"",""G"",""S""]},{""position"":3,""characters"":[""A"",""E"",""G"",""I"",""L"",""N"",""O"",""R"",""S"",""T"",""U""]},{""position"":4,""characters"":[""B"",""C"",""D"",""E"",""F"",""I"",""L"",""M"",""N"",""P"",""R"",""S"",""T"",""U""]},{""position"":5,""characters"":[""A"",""E"",""I"",""T""]},{""position"":6,""characters"":[""A"",""B"",""D"",""E"",""F"",""L"",""M"",""N"",""O"",""P"",""R"",""S"",""T""]},{""position"":7,""characters"":[""A"",""E"",""I"",""L"",""O""]},{""position"":8,""characters"":[""E"",""P""]},{""position"":9,""characters"":[""A"",""E"",""I"",""L"",""O"",""P"",""R""]},{""position"":10,""characters"":[""C"",""D"",""E"",""G"",""I"",""L"",""M"",""N"",""P"",""R"",""S"",""T"",""Y""]}]","false"
"11","ar_to_en","11","[3,9]","[{""position"":0,""characters"":[""A"",""D"",""E"",""I"",""N"",""O"",""R""]},{""position"":1,""characters"":[""A"",""D"",""E"",""G"",""H"",""I"",""L"",""M"",""N"",""O"",""P"",""R"",""S"",""T"",""V"",""X""]},{""position"":2,""characters"":[""S""]},{""position"":3,""characters"":[""A"",""O"",""R"",""U""]},{""position"":4,""characters"":[""A"",""C"",""E"",""M"",""T""]},{""position"":5,""characters"":[""A"",""E"",""F"",""G"",""M"",""N"",""O"",""P"",""R"",""S"",""T""]},{""position"":6,""characters"":[""D"",""E"",""I"",""O"",""P"",""R"",""T"",""U""]},{""position"":7,""characters"":[""A"",""E"",""G"",""I"",""L"",""N"",""O"",""R"",""S"",""T"",""U""]},{""position"":8,""characters"":[""F"",""G"",""S""]},{""position"":9,""characters"":[""A"",""D"",""G"",""H"",""I"",""L"",""N"",""O"",""U""]},{""position"":10,""characters"":[""A"",""E"",""I"",""N"",""O""]}]","false"
"11","ar_to_en","11","[3,9]","[{""position"":0,""characters"":[""A"",""C"",""D"",""E"",""G"",""I"",""N"",""O"",""P"",""T""]},{""position"":1,""characters"":[""A"",""C"",""D"",""G"",""I"",""L"",""M"",""N"",""O"",""P"",""R"",""S"",""T"",""U"",""V""]},{""position"":2,""characters"":[""F"",""G"",""S""]},{""position"":3,""characters"":[""A"",""C"",""E"",""I"",""N"",""O"",""P"",""R"",""U""]},{""position"":4,""characters"":[""A"",""P"",""S"",""T""]},{""position"":5,""characters"":[""A"",""E"",""F"",""G"",""M"",""N"",""O"",""P"",""R"",""S"",""T""]},{""position"":6,""characters"":[""A"",""D"",""E"",""I"",""O"",""R"",""T"",""U""]},{""position"":7,""characters"":[""A"",""C"",""E"",""I"",""N"",""R"",""T"",""U""]},{""position"":8,""characters"":[""S""]},{""position"":9,""characters"":[""A"",""C"",""E"",""G"",""H"",""I"",""N"",""R"",""S"",""T"",""U""]},{""position"":10,""characters"":[""A"",""D"",""E"",""I"",""L"",""N"",""O""]}]","false"
"11","ar_to_en","11","[3,9]","[{""position"":0,""characters"":[""A"",""C"",""E"",""I"",""N"",""O"",""R"",""S"",""T""]},{""position"":1,""characters"":[""A"",""C"",""D"",""G"",""I"",""L"",""M"",""N"",""O"",""P"",""R"",""S"",""T"",""U"",""V""]},{""position"":2,""characters"":[""M"",""P""]},{""position"":3,""characters"":[""A"",""E"",""I"",""R"",""U""]},{""position"":4,""characters"":[""B"",""C"",""D"",""E"",""F"",""M"",""N"",""O"",""P"",""R"",""S"",""T""]},{""position"":5,""characters"":[""A"",""E"",""I"",""N"",""O"",""T""]},{""position"":6,""characters"":[""A"",""D"",""E"",""F"",""L"",""M"",""N"",""R"",""S"",""T"",""V""]},{""position"":7,""characters"":[""A"",""E"",""G"",""I"",""L"",""N"",""O"",""R"",""S"",""T"",""U""]},{""position"":8,""characters"":[""F"",""G"",""S""]},{""position"":9,""characters"":[""A"",""C"",""E"",""G"",""H"",""I"",""N"",""R"",""S"",""T"",""U""]},{""position"":10,""characters"":[""A"",""D"",""E"",""I"",""O"",""P""]}]","false"
"11","ar_to_en","11","[3,9]","[{""position"":0,""characters"":[""A"",""E"",""I"",""N"",""O"",""R"",""S""]},{""position"":1,""characters"":[""A"",""D"",""E"",""G"",""H"",""I"",""L"",""M"",""N"",""O"",""P"",""R"",""S"",""T"",""V"",""X""]},{""position"":2,""characters"":[""F"",""G"",""S""]},{""position"":3,""characters"":[""A"",""C"",""E"",""I"",""N"",""O"",""P"",""R"",""U""]},{""position"":4,""characters"":[""A"",""B"",""D"",""E"",""F"",""L"",""M"",""N"",""O"",""P"",""R"",""S"",""T""]},{""position"":5,""characters"":[""A"",""E"",""I"",""N"",""O"",""T""]},{""position"":6,""characters"":[""B"",""D"",""E"",""F"",""I"",""M"",""N"",""O"",""P"",""R"",""S"",""T""]},{""position"":7,""characters"":[""A"",""E"",""I"",""O"",""P"",""U""]},{""position"":8,""characters"":[""M"",""P""]},{""position"":9,""characters"":[""A"",""D"",""G"",""H"",""I"",""L"",""N"",""O"",""U""]},{""position"":10,""characters"":[""A"",""O"",""R""]}]","false"
"11","ar_to_en","11","[3,9]","[{""position"":0,""characters"":[""A"",""E"",""G"",""I"",""O""]},{""position"":1,""characters"":[""A"",""E"",""I"",""N"",""O"",""U""]},{""position"":2,""characters"":[""F"",""G"",""S""]},{""position"":3,""characters"":[""A"",""C"",""D"",""E"",""G"",""I"",""L"",""N"",""O"",""S"",""T"",""U""]},{""position"":4,""characters"":[""A"",""D"",""E"",""F"",""L"",""M"",""N"",""R"",""S"",""T"",""V""]},{""position"":5,""characters"":[""C"",""E"",""F"",""G"",""M"",""N"",""O"",""P"",""R"",""S"",""T""]},{""position"":6,""characters"":[""A"",""E""]},{""position"":7,""characters"":[""A"",""E"",""I"",""N"",""O"",""U""]},{""position"":8,""characters"":[""F"",""G"",""S""]},{""position"":9,""characters"":[""C"",""D"",""E"",""G"",""I"",""L"",""M"",""N"",""P"",""R"",""S"",""T"",""U"",""X""]},{""position"":10,""characters"":[""A"",""E"",""I"",""O"",""R""]}]","false"
"11","ar_to_en","11","[3,9]","[{""position"":0,""characters"":[""A"",""E"",""I"",""R""]},{""position"":1,""characters"":[""C"",""D"",""E"",""G"",""I"",""L"",""N"",""P"",""R"",""S"",""T""]},{""position"":2,""characters"":[""F"",""G"",""S""]},{""position"":3,""characters"":[""A"",""C"",""D"",""E"",""G"",""I"",""L"",""N"",""O"",""S"",""T"",""U""]},{""position"":4,""characters"":[""A"",""E"",""I"",""L"",""N"",""O"",""R"",""S"",""T"",""U""]},{""position"":5,""characters"":[""C"",""E"",""F"",""G"",""M"",""N"",""O"",""P"",""R"",""S"",""T""]},{""position"":6,""characters"":[""A"",""B"",""D"",""E"",""F"",""L"",""M"",""N"",""O"",""P"",""R"",""S"",""T""]},{""position"":7,""characters"":[""A"",""E"",""I"",""N"",""O"",""U""]},{""position"":8,""characters"":[""F"",""G"",""S""]},{""position"":9,""characters"":[""A"",""C"",""D"",""E"",""G"",""I"",""N"",""O"",""P"",""T"",""U""]},{""position"":10,""characters"":[""A"",""E"",""N"",""O"",""R""]}]","false"
"11","ar_to_en","11","[3,9]","[{""position"":0,""characters"":[""A"",""D"",""E"",""G"",""L"",""M"",""N"",""O"",""P"",""R"",""S"",""T""]},{""position"":1,""characters"":[""A"",""C"",""D"",""E"",""G"",""I"",""N"",""O"",""P"",""T"",""U""]},{""position"":2,""characters"":[""S""]},{""position"":3,""characters"":[""A"",""C"",""E"",""I"",""N"",""O"",""P"",""R"",""U""]},{""position"":4,""characters"":[""A"",""B"",""D"",""E"",""F"",""L"",""M"",""N"",""O"",""P"",""R"",""S"",""T""]},{""position"":5,""characters"":[""A"",""E""]},{""position"":6,""characters"":[""B"",""D"",""E"",""F"",""I"",""M"",""N"",""O"",""P"",""R"",""S"",""T""]},{""position"":7,""characters"":[""A"",""E"",""G"",""I"",""L"",""N"",""O"",""R"",""S"",""T"",""U""]},{""position"":8,""characters"":[""F"",""G"",""S""]},{""position"":9,""characters"":[""A"",""D"",""G"",""H"",""I"",""L"",""N"",""O"",""U""]},{""position"":10,""characters"":[""A"",""E"",""I"",""N"",""O""]}]","false"
"11","ar_to_en","11","[3,9]","[{""position"":0,""characters"":[""A"",""C"",""D"",""E"",""G"",""I"",""N"",""O"",""P"",""T""]},{""position"":1,""characters"":[""A"",""C"",""D"",""G"",""I"",""L"",""M"",""N"",""O"",""P"",""R"",""S"",""T"",""U"",""V""]},{""position"":2,""characters"":[""F"",""G"",""S""]},{""position"":3,""characters"":[""A"",""C"",""E"",""I"",""N"",""O"",""P"",""R"",""U""]},{""position"":4,""characters"":[""B"",""C"",""D"",""E"",""F"",""M"",""N"",""O"",""P"",""R"",""S"",""T""]},{""position"":5,""characters"":[""A"",""E""]},{""position"":6,""characters"":[""A"",""D"",""E"",""F"",""L"",""M"",""N"",""R"",""S"",""T"",""V""]},{""position"":7,""characters"":[""A"",""E"",""G"",""I"",""L"",""N"",""O"",""R"",""S"",""T"",""U""]},{""position"":8,""characters"":[""S""]},{""position"":9,""characters"":[""A"",""E"",""I"",""N"",""O"",""U""]},{""position"":10,""characters"":[""C"",""L"",""N""]}]","false"
"11","ar_to_en","11","[3,9]","[{""position"":0,""characters"":[""A"",""D"",""E"",""I"",""N"",""O"",""R"",""T""]},{""position"":1,""characters"":[""C"",""D"",""E"",""G"",""I"",""L"",""M"",""N"",""P"",""R"",""S"",""T"",""U"",""X""]},{""position"":2,""characters"":[""A"",""B"",""E"",""T""]},{""position"":3,""characters"":[""O"",""S""]},{""position"":4,""characters"":[""A"",""E"",""I"",""T""]},{""position"":5,""characters"":[""C"",""E"",""F"",""G"",""M"",""N"",""O"",""P"",""R"",""S"",""T""]},{""position"":6,""characters"":[""A"",""E"",""I"",""L"",""N"",""O"",""R"",""S"",""T"",""U""]},{""position"":7,""characters"":[""A"",""C"",""E"",""I"",""N"",""R"",""T"",""U""]},{""position"":8,""characters"":[""A"",""C"",""D"",""G"",""I"",""M"",""P"",""Q"",""R"",""S"",""T"",""V"",""W""]},{""position"":9,""characters"":[""A"",""E"",""I"",""O"",""P"",""U""]},{""position"":10,""characters"":[""A"",""D"",""E"",""I"",""O"",""P""]}]","false"
"11","ar_to_en","11","[3,9]","[{""position"":0,""characters"":[""A"",""C"",""E"",""I"",""N"",""O"",""R"",""S"",""T""]},{""position"":1,""characters"":[""A"",""C"",""D"",""G"",""I"",""L"",""M"",""N"",""O"",""P"",""R"",""S"",""T"",""U"",""V""]},{""position"":2,""characters"":[""M"",""P""]},{""position"":3,""characters"":[""A"",""E"",""I"",""O"",""P"",""U""]},{""position"":4,""characters"":[""A"",""B"",""D"",""E"",""F"",""L"",""M"",""N"",""P"",""R"",""S"",""T""]},{""position"":5,""characters"":[""A"",""E""]},{""position"":6,""characters"":[""A"",""D"",""E"",""F"",""L"",""M"",""N"",""R"",""S"",""T"",""V""]},{""position"":7,""characters"":[""A"",""E"",""G"",""I"",""L"",""N"",""O"",""R"",""S"",""T"",""U""]},{""position"":8,""characters"":[""F"",""G"",""S""]},{""position"":9,""characters"":[""A"",""D"",""G"",""H"",""I"",""L"",""N"",""O"",""U""]},{""position"":10,""characters"":[""A"",""E"",""I"",""N"",""O""]}]","false"
"11","ar_to_en","11","[3,9]","[{""position"":0,""characters"":[""A"",""C"",""D"",""E"",""G"",""I"",""N"",""O"",""P"",""T""]},{""position"":1,""characters"":[""A"",""C"",""D"",""G"",""I"",""L"",""M"",""N"",""O"",""P"",""R"",""S"",""T"",""U"",""V""]},{""position"":2,""characters"":[""F"",""G"",""S""]},{""position"":3,""characters"":[""A"",""C"",""E"",""I"",""N"",""O"",""P"",""R"",""U""]},{""position"":4,""characters"":[""A"",""B"",""D"",""E"",""F"",""L"",""M"",""N"",""O"",""P"",""R"",""S"",""T""]},{""position"":5,""characters"":[""A"",""E""]},{""position"":6,""characters"":[""A"",""B"",""C"",""D"",""E"",""F"",""I"",""L"",""M"",""N"",""O"",""P"",""R"",""S"",""T"",""U"",""V""]},{""position"":7,""characters"":[""D"",""E"",""I"",""O"",""P"",""R"",""T"",""U""]},{""position"":8,""characters"":[""M"",""P""]},{""position"":9,""characters"":[""A"",""D"",""G"",""H"",""I"",""L"",""N"",""O"",""U""]},{""position"":10,""characters"":[""A"",""O"",""R""]}]","false"
"11","ar_to_en","11","[3,9]","[{""position"":0,""characters"":[""A"",""C"",""E"",""I"",""N"",""O"",""R"",""S"",""T""]},{""position"":1,""characters"":[""A"",""C"",""D"",""G"",""I"",""L"",""M"",""N"",""O"",""P"",""R"",""S"",""T"",""U"",""V""]},{""position"":2,""characters"":[""A"",""D"",""E"",""F"",""G"",""I"",""O"",""S"",""T"",""V""]},{""position"":3,""characters"":[""A"",""E"",""I"",""N"",""O"",""U""]},{""position"":4,""characters"":[""A"",""B"",""D"",""E"",""F"",""L"",""M"",""N"",""P"",""R"",""S"",""T""]},{""position"":5,""characters"":[""A"",""E"",""I"",""T""]},{""position"":6,""characters"":[""A"",""E"",""I"",""L"",""N"",""O"",""R"",""S"",""T"",""U""]},{""position"":7,""characters"":[""A"",""D"",""E"",""F"",""G"",""L"",""M"",""N"",""R"",""S"",""T""]},{""position"":8,""characters"":[""I"",""L"",""M"",""N"",""R"",""W""]},{""position"":9,""characters"":[""A"",""E"",""I"",""N"",""O"",""U""]},{""position"":10,""characters"":[""A"",""D"",""E"",""I"",""O"",""P""]}]","false"
"11","ar_to_en","11","[3,9]","[{""position"":0,""characters"":[""A"",""E"",""I"",""N"",""O""]},{""position"":1,""characters"":[""A"",""D"",""G"",""H"",""I"",""L"",""N"",""O"",""U""]},{""position"":2,""characters"":[""F"",""G"",""S""]},{""position"":3,""characters"":[""A"",""E"",""G"",""I"",""L"",""N"",""O"",""R"",""S"",""T"",""U""]},{""position"":4,""characters"":[""B"",""C"",""D"",""E"",""F"",""I"",""L"",""M"",""N"",""P"",""R"",""S"",""T"",""U""]},{""position"":5,""characters"":[""A"",""E"",""F"",""G"",""M"",""N"",""O"",""P"",""R"",""S"",""T""]},{""position"":6,""characters"":[""A"",""E"",""I"",""T""]},{""position"":7,""characters"":[""A"",""D"",""F"",""G"",""I"",""L"",""N"",""O"",""U""]},{""position"":8,""characters"":[""S""]},{""position"":9,""characters"":[""A"",""E"",""I"",""N"",""O"",""R"",""S"",""U""]},{""position"":10,""characters"":[""C"",""D"",""E"",""G"",""I"",""L"",""M"",""N"",""P"",""R"",""S"",""T"",""Y""]}]","false"
"11","ar_to_en","11","[3,9]","[{""position"":0,""characters"":[""A"",""C"",""D"",""E"",""G"",""I"",""N"",""O"",""P"",""T""]},{""position"":1,""characters"":[""A"",""C"",""D"",""G"",""I"",""L"",""M"",""N"",""O"",""P"",""R"",""S"",""T"",""U"",""V""]},{""position"":2,""characters"":[""F"",""G"",""S""]},{""position"":3,""characters"":[""A"",""C"",""E"",""I"",""N"",""O"",""P"",""R"",""U""]},{""position"":4,""characters"":[""B"",""C"",""D"",""E"",""F"",""L"",""M"",""N"",""O"",""P"",""R"",""S"",""T""]},{""position"":5,""characters"":[""A"",""E"",""F"",""G"",""M"",""N"",""O"",""P"",""R"",""S"",""T""]},{""position"":6,""characters"":[""A"",""C"",""E"",""I"",""N"",""R"",""T"",""U""]},{""position"":7,""characters"":[""A"",""B"",""C"",""D"",""E"",""F"",""G"",""I"",""L"",""M"",""N"",""O"",""P"",""R"",""S"",""T"",""U""]},{""position"":8,""characters"":[""S""]},{""position"":9,""characters"":[""A"",""D"",""E"",""H"",""I"",""O"",""P"",""U""]},{""position"":10,""characters"":[""C"",""D"",""E"",""G"",""I"",""L"",""N"",""P"",""R"",""S"",""T"",""Y""]}]","false"
"11","ar_to_en","11","[3,9]","[{""position"":0,""characters"":[""A"",""E"",""I"",""N"",""O"",""R"",""S""]},{""position"":1,""characters"":[""A"",""D"",""E"",""I"",""N"",""O"",""R"",""T"",""U""]},{""position"":2,""characters"":[""I"",""L"",""M"",""N"",""R"",""W""]},{""position"":3,""characters"":[""A"",""C"",""E"",""I"",""N"",""O"",""P"",""R"",""U""]},{""position"":4,""characters"":[""A"",""E"",""I"",""T""]},{""position"":5,""characters"":[""C"",""E"",""F"",""G"",""M"",""N"",""O"",""P"",""R"",""S"",""T""]},{""position"":6,""characters"":[""A"",""D"",""E"",""I"",""O"",""R"",""T"",""U""]},{""position"":7,""characters"":[""A"",""E"",""G"",""I"",""L"",""N"",""O"",""R"",""S"",""T"",""U""]},{""position"":8,""characters"":[""A"",""D"",""E"",""F"",""G"",""I"",""N"",""O"",""S"",""T"",""V""]},{""position"":9,""characters"":[""A"",""D"",""G"",""H"",""I"",""L"",""N"",""O"",""U""]},{""position"":10,""characters"":[""A"",""O"",""R""]}]","false"
"11","ar_to_en","11","[3,9]","[{""position"":0,""characters"":[""A"",""C"",""D"",""E"",""G"",""I"",""L"",""M"",""N"",""O"",""P"",""R"",""S"",""T"",""Y""]},{""position"":1,""characters"":[""A"",""C"",""D"",""E"",""G"",""H"",""I"",""L"",""M"",""N"",""O"",""P"",""R"",""S"",""T"",""U"",""V"",""X""]},{""position"":2,""characters"":[""C"",""D"",""E"",""N"",""P"",""R"",""T""]},{""position"":3,""characters"":[""A"",""B"",""C"",""D"",""E"",""F"",""G"",""I"",""K"",""L"",""M"",""N"",""O"",""P"",""R"",""S"",""T"",""U""]},{""position"":4,""characters"":[""A"",""C"",""D"",""E"",""F"",""I"",""L"",""N"",""O"",""P"",""R"",""S"",""T"",""U""]},{""position"":5,""characters"":[""A"",""C"",""E"",""F"",""G"",""I"",""N"",""O"",""P"",""R"",""S"",""T"",""U""]},{""position"":6,""characters"":[""A"",""C"",""D"",""E"",""F"",""I"",""L"",""M"",""N"",""O"",""P"",""R"",""S"",""T"",""U"",""V""]},{""position"":7,""characters"":[""A"",""C"",""D"",""E"",""F"",""G"",""I"",""K"",""L"",""M"",""N"",""O"",""P"",""R"",""S"",""T"",""U""]},{""position"":8,""characters"":[""R""]},{""position"":9,""characters"":[""A"",""C"",""D"",""E"",""G"",""H"",""I"",""L"",""M"",""N"",""O"",""P"",""R"",""S"",""T"",""U"",""X""]},{""position"":10,""characters"":[""A"",""C"",""D"",""E"",""G"",""I"",""L"",""M"",""N"",""O"",""P"",""R"",""S"",""T"",""Y""]}]","true"
"11","ar_to_en","11","[3,9]","[{""position"":0,""characters"":[""A"",""C"",""D"",""G"",""I"",""L"",""M"",""N"",""O"",""P"",""R"",""S"",""T""]},{""position"":1,""characters"":[""A"",""E"",""I"",""L"",""O"",""P"",""R""]},{""position"":2,""characters"":[""E"",""P""]},{""position"":3,""characters"":[""A"",""D"",""F"",""G"",""I"",""L"",""N"",""O"",""U""]},{""position"":4,""characters"":[""A"",""C"",""E"",""M"",""T""]},{""position"":5,""characters"":[""A"",""E""]},{""position"":6,""characters"":[""B"",""D"",""E"",""F"",""I"",""M"",""N"",""O"",""P"",""R"",""S"",""T""]},{""position"":7,""characters"":[""A"",""C"",""D"",""E"",""G"",""I"",""L"",""N"",""O"",""S"",""T"",""U""]},{""position"":8,""characters"":[""F"",""G"",""S""]},{""position"":9,""characters"":[""A"",""C"",""E"",""I"",""N"",""O"",""P"",""R"",""U""]},{""position"":10,""characters"":[""A"",""E"",""L"",""O"",""P"",""R""]}]","false"
"11","ar_to_en","5","[3,9]","[{""position"":0,""characters"":[""A"",""E"",""I"",""Y""]},{""position"":1,""characters"":[""D""]},{""position"":2,""characters"":[""N""]},{""position"":3,""characters"":[""A"",""E"",""O"",""U""]},{""position"":4,""characters"":[""C"",""D"",""G"",""L"",""N"",""P"",""R"",""T""]}]","true"
"11","ar_to_en","5","[3,9]","[{""position"":0,""characters"":[""A"",""C"",""E"",""L"",""N"",""O"",""R"",""S"",""U"",""Y""]},{""position"":1,""characters"":[""A"",""E"",""H"",""I"",""O"",""T"",""U""]},{""position"":2,""characters"":[""N""]},{""position"":3,""characters"":[""N""]},{""position"":4,""characters"":[""A"",""D"",""E"",""I"",""U""]}]","false"
"11","ar_to_en","11","[3,9]","[{""position"":0,""characters"":[""A"",""C"",""D"",""E"",""G"",""I"",""L"",""M"",""N"",""O"",""P"",""R"",""S"",""T"",""Y""]},{""position"":1,""characters"":[""A"",""C"",""D"",""E"",""G"",""H"",""I"",""L"",""M"",""N"",""O"",""P"",""R"",""S"",""T"",""U"",""V"",""X""]},{""position"":2,""characters"":[""E"",""N""]},{""position"":3,""characters"":[""A"",""B"",""C"",""D"",""E"",""F"",""G"",""I"",""K"",""L"",""M"",""N"",""O"",""P"",""R"",""S"",""T"",""U""]},{""position"":4,""characters"":[""A"",""C"",""D"",""E"",""F"",""I"",""L"",""N"",""O"",""P"",""R"",""S"",""T"",""U""]},{""position"":5,""characters"":[""A"",""C"",""E"",""F"",""G"",""I"",""N"",""O"",""P"",""R"",""S"",""T"",""U""]},{""position"":6,""characters"":[""A"",""C"",""D"",""E"",""F"",""I"",""L"",""M"",""N"",""O"",""P"",""R"",""S"",""T"",""U"",""V""]},{""position"":7,""characters"":[""A"",""C"",""D"",""E"",""F"",""G"",""I"",""K"",""L"",""M"",""N"",""O"",""P"",""R"",""S"",""T"",""U""]},{""position"":8,""characters"":[""R""]},{""position"":9,""characters"":[""A"",""C"",""D"",""E"",""G"",""H"",""I"",""L"",""M"",""N"",""O"",""P"",""R"",""S"",""T"",""U"",""X""]},{""position"":10,""characters"":[""A"",""C"",""D"",""E"",""G"",""I"",""L"",""M"",""N"",""O"",""P"",""R"",""S"",""T"",""Y""]}]","true"
"11","ar_to_en","11","[3,9]","[{""position"":0,""characters"":[""A"",""C"",""D"",""E"",""I"",""L"",""N"",""O"",""P"",""R"",""S"",""Y""]},{""position"":1,""characters"":[""A"",""C"",""D"",""E"",""G"",""I"",""N"",""O"",""P"",""T"",""U""]},{""position"":2,""characters"":[""A"",""C"",""D"",""G"",""I"",""M"",""P"",""Q"",""R"",""S"",""T"",""V"",""W""]},{""position"":3,""characters"":[""A"",""E"",""I"",""R"",""U""]},{""position"":4,""characters"":[""A"",""E""]},{""position"":5,""characters"":[""A"",""E"",""F"",""G"",""M"",""N"",""O"",""P"",""R"",""S"",""T""]},{""position"":6,""characters"":[""B"",""D"",""E"",""F"",""I"",""M"",""N"",""O"",""P"",""R"",""S"",""T""]},{""position"":7,""characters"":[""A"",""D"",""E"",""I"",""O"",""R"",""T"",""U""]},{""position"":8,""characters"":[""A"",""C"",""I"",""N"",""Q""]},{""position"":9,""characters"":[""A"",""C"",""E"",""G"",""H"",""I"",""N"",""R"",""S"",""T"",""U""]},{""position"":10,""characters"":[""A"",""E"",""I"",""O""]}]","false"
"11","ar_to_en","11","[3,9]","[{""position"":0,""characters"":[""A"",""C"",""E"",""I"",""N"",""O"",""R"",""S"",""T""]},{""position"":1,""characters"":[""A"",""C"",""D"",""G"",""I"",""L"",""M"",""N"",""O"",""P"",""R"",""S"",""T"",""U"",""V""]},{""position"":2,""characters"":[""M"",""P""]},{""position"":3,""characters"":[""A"",""E"",""I"",""O"",""U""]},{""position"":4,""characters"":[""A"",""B"",""D"",""E"",""F"",""L"",""M"",""N"",""O"",""P"",""R"",""S"",""T""]},{""position"":5,""characters"":[""A"",""E"",""I"",""N"",""O"",""T""]},{""position"":6,""characters"":[""B"",""C"",""D"",""E"",""F"",""I"",""L"",""M"",""N"",""P"",""R"",""S"",""T"",""U""]},{""position"":7,""characters"":[""A"",""E"",""G"",""I"",""L"",""N"",""O"",""R"",""S"",""T"",""U""]},{""position"":8,""characters"":[""F"",""G"",""S""]},{""position"":9,""characters"":[""A"",""D"",""G"",""H"",""I"",""L"",""N"",""O"",""U""]},{""position"":10,""characters"":[""A"",""E"",""I"",""N"",""O""]}]","false"
"11","ar_to_en","11","[3,9]","[{""position"":0,""characters"":[""A"",""C"",""E"",""G"",""I"",""N"",""R"",""S"",""T"",""Y""]},{""position"":1,""characters"":[""A"",""C"",""E"",""I"",""N"",""O"",""P"",""R"",""U""]},{""position"":2,""characters"":[""I"",""L"",""N"",""R""]},{""position"":3,""characters"":[""A"",""C"",""E"",""I"",""N"",""R"",""T"",""U""]},{""position"":4,""characters"":[""A"",""D"",""E"",""F"",""L"",""M"",""N"",""R"",""S"",""T"",""V""]},{""position"":5,""characters"":[""F"",""O""]},{""position"":6,""characters"":[""A"",""B"",""D"",""E"",""F"",""L"",""M"",""N"",""O"",""P"",""R"",""S"",""T""]},{""position"":7,""characters"":[""A"",""C"",""E"",""I"",""N"",""O"",""P"",""R"",""U""]},{""position"":8,""characters"":[""A"",""E"",""I"",""O"",""U""]},{""position"":9,""characters"":[""A"",""D"",""E"",""G"",""H"",""I"",""L"",""M"",""N"",""O"",""P"",""R"",""S"",""T"",""V"",""X""]},{""position"":10,""characters"":[""A"",""C"",""E"",""I"",""N"",""O"",""R"",""S"",""T""]}]","false"
"11","ar_to_en","6","[3,20]","[{""position"":0,""characters"":[""A"",""E"",""K"",""U""]},{""position"":1,""characters"":[""A"",""E""]},{""position"":2,""characters"":[""A"",""C"",""G"",""N"",""O"",""T""]},{""position"":3,""characters"":[""A"",""C"",""D"",""E"",""G"",""H"",""I"",""L"",""M"",""N"",""O"",""P"",""R"",""S"",""T"",""U"",""V"",""W""]},{""position"":4,""characters"":[""A"",""E"",""I"",""R"",""U""]},{""position"":5,""characters"":[""O"",""S""]}]","true"
"11","ar_to_en","3","[3,20,23]","[{""position"":0,""characters"":[""E"",""O""]},{""position"":1,""characters"":[""E"",""G"",""T""]},{""position"":2,""characters"":[""E""]}]","false"
"11","ar_to_en","3","[3,6,11,19]","[{""position"":0,""characters"":[""A"",""L"",""R""]},{""position"":1,""characters"":[""E""]},{""position"":2,""characters"":[""N"",""W""]}]","false"
"11","ar_to_en","6","[3,17]","[{""position"":0,""characters"":[""A"",""E"",""K"",""U""]},{""position"":1,""characters"":[""A"",""D"",""E"",""I"",""K"",""N"",""O"",""T""]},{""position"":2,""characters"":[""H"",""R""]},{""position"":3,""characters"":[""A"",""C"",""D"",""E"",""F"",""G"",""H"",""K"",""L"",""M"",""N"",""O"",""P"",""R"",""S"",""T"",""U"",""V"",""W""]},{""position"":4,""characters"":[""A"",""C"",""E"",""I"",""N"",""O"",""P"",""R"",""U"",""W""]},{""position"":5,""characters"":[""A"",""O"",""R"",""U""]}]","false"
"11","ar_to_en","6","[3,21]","[{""position"":0,""characters"":[""A"",""D"",""E"",""G"",""I"",""S"",""U""]},{""position"":1,""characters"":[""D"",""S"",""T""]},{""position"":2,""characters"":[""A"",""E"",""N"",""R""]},{""position"":3,""characters"":[""E""]},{""position"":4,""characters"":[""A"",""C"",""N"",""R"",""S""]},{""position"":5,""characters"":[""A"",""D"",""E"",""I""]}]","false"
"11","ar_to_en","5","[3,11]","[{""position"":0,""characters"":[""D"",""E"",""H"",""L"",""N"",""O"",""R"",""S"",""T"",""U"",""W"",""Y""]},{""position"":1,""characters"":[""U""]},{""position"":2,""characters"":[""T""]},{""position"":3,""characters"":[""C"",""E"",""L"",""N"",""R""]},{""position"":4,""characters"":[""E"",""N"",""T""]}]","false"
"11","ar_to_en","6","[3,21]","[{""position"":0,""characters"":[""A"",""B"",""C"",""D"",""G"",""L"",""N"",""O"",""R"",""S"",""T""]},{""position"":1,""characters"":[""A"",""E"",""I"",""R"",""U""]},{""position"":2,""characters"":[""A"",""C"",""E"",""G"",""H"",""I"",""N"",""R"",""S"",""T"",""U"",""Y""]},{""position"":3,""characters"":[""A"",""C"",""G"",""N"",""O"",""T""]},{""position"":4,""characters"":[""A"",""E""]},{""position"":5,""characters"":[""A"",""E"",""K"",""U""]}]","true"
"11","ar_to_en","5","[3,21]","[{""position"":0,""characters"":[""A"",""E"",""T""]},{""position"":1,""characters"":[""C"",""D"",""L"",""R"",""S""]},{""position"":2,""characters"":[""U""]},{""position"":3,""characters"":[""D"",""L"",""R"",""S""]},{""position"":4,""characters"":[""E""]}]","false"
"11","ar_to_en","5","[3,11,21,26]","[{""position"":0,""characters"":[""A"",""D"",""E"",""P""]},{""position"":1,""characters"":[""A"",""E"",""I"",""O"",""U""]},{""position"":2,""characters"":[""R""]},{""position"":3,""characters"":[""A"",""C"",""I"",""L"",""P"",""R"",""U""]},{""position"":4,""characters"":[""A"",""E"",""F"",""H"",""L"",""N"",""R"",""S"",""T""]}]","true"
"11","ar_to_en","9","[3,26]","[{""position"":0,""characters"":[""C"",""E"",""F"",""L"",""O"",""R"",""S"",""U""]},{""position"":1,""characters"":[""A"",""B"",""C"",""D"",""E"",""F"",""G"",""H"",""I"",""L"",""M"",""N"",""O"",""P"",""R"",""S"",""T"",""U"",""V"",""W""]},{""position"":2,""characters"":[""C"",""E"",""I"",""O""]},{""position"":3,""characters"":[""A"",""D"",""E"",""G"",""I"",""L"",""M"",""O"",""P"",""R"",""S"",""T"",""U""]},{""position"":4,""characters"":[""A"",""E"",""P"",""S""]},{""position"":5,""characters"":[""G"",""O"",""R"",""S""]},{""position"":6,""characters"":[""A"",""B"",""C"",""D"",""E"",""F"",""G"",""H"",""I"",""L"",""M"",""N"",""O"",""P"",""Q"",""R"",""S"",""T"",""U"",""V"",""W"",""Y""]},{""position"":7,""characters"":[""A"",""B"",""C"",""D"",""E"",""F"",""G"",""H"",""I"",""L"",""M"",""N"",""O"",""P"",""Q"",""R"",""S"",""T"",""U"",""V"",""W"",""X"",""Y""]},{""position"":8,""characters"":[""D"",""I"",""P"",""R"",""S"",""U""]}]","true"
"11","ar_to_en","5","[3,6,11,25]","[{""position"":0,""characters"":[""A"",""B"",""D"",""E"",""M"",""R""]},{""position"":1,""characters"":[""A"",""C"",""D"",""E"",""G"",""H"",""I"",""L"",""M"",""N"",""O"",""P"",""R"",""S"",""T"",""U""]},{""position"":2,""characters"":[""R""]},{""position"":3,""characters"":[""E"",""L"",""N""]},{""position"":4,""characters"":[""V""]}]","true"
"11","ar_to_en","9","[3,6,11,25]","[{""position"":0,""characters"":[""A"",""C"",""D"",""E"",""I"",""N"",""P"",""R"",""S"",""T"",""V"",""Y""]},{""position"":1,""characters"":[""C"",""E"",""H"",""L"",""N"",""O"",""R"",""S"",""T"",""U"",""W""]},{""position"":2,""characters"":[""A"",""C"",""D"",""E"",""I"",""L"",""N"",""O"",""R"",""T""]},{""position"":3,""characters"":[""A"",""C"",""D"",""E"",""F"",""I"",""L"",""N"",""P"",""R"",""T"",""U"",""V""]},{""position"":4,""characters"":[""A"",""C"",""E"",""G"",""I"",""L"",""N"",""O"",""R"",""S"",""T"",""U""]},{""position"":5,""characters"":[""A"",""C"",""D"",""E"",""F"",""G"",""I"",""M"",""N"",""O"",""P"",""R"",""S"",""T"",""U""]},{""position"":6,""characters"":[""E"",""L"",""S""]},{""position"":7,""characters"":[""A"",""E"",""P"",""R"",""S""]},{""position"":8,""characters"":[""M""]}]","false"
"11","ar_to_en","5","[3,6,25]","[{""position"":0,""characters"":[""A"",""E"",""F"",""H"",""L"",""S"",""T"",""Y""]},{""position"":1,""characters"":[""A"",""C"",""E"",""H"",""I"",""O""]},{""position"":2,""characters"":[""R""]},{""position"":3,""characters"":[""T""]},{""position"":4,""characters"":[""E"",""L"",""M"",""S"",""T""]}]","true"
"11","ar_to_en","5","[3,11]","[{""position"":0,""characters"":[""A"",""B"",""D"",""E"",""F"",""G"",""K"",""N"",""S""]},{""position"":1,""characters"":[""E"",""R""]},{""position"":2,""characters"":[""A""]},{""position"":3,""characters"":[""C"",""D"",""I"",""T""]},{""position"":4,""characters"":[""I"",""M"",""R""]}]","false"
"11","ar_to_en","6","[3,6]","[{""position"":0,""characters"":[""A"",""C"",""E"",""M"",""T"",""Y""]},{""position"":1,""characters"":[""A"",""D"",""E"",""F"",""G"",""H"",""K"",""L"",""M"",""N"",""P"",""R"",""S"",""T"",""W"",""Y""]},{""position"":2,""characters"":[""A"",""C"",""E"",""X""]},{""position"":3,""characters"":[""A"",""D"",""F"",""G"",""H"",""I"",""L"",""N"",""O"",""U"",""W""]},{""position"":4,""characters"":[""A"",""E"",""I"",""R"",""U""]},{""position"":5,""characters"":[""A"",""E"",""I"",""O"",""U""]}]","true"
"11","ar_to_en","6","[3,25]","[{""position"":0,""characters"":[""A"",""P"",""S"",""T"",""Y""]},{""position"":1,""characters"":[""H"",""M"",""N"",""P"",""R"",""S"",""T"",""W""]},{""position"":2,""characters"":[""O""]},{""position"":3,""characters"":[""E"",""F"",""I"",""U""]},{""position"":4,""characters"":[""D"",""G"",""I"",""L"",""N""]},{""position"":5,""characters"":[""E""]}]","false"
"11","ar_to_en","5","[3,11,17,25]","[{""position"":0,""characters"":[""B"",""C"",""D"",""E"",""F"",""G"",""H"",""L"",""M"",""N"",""P"",""R"",""S"",""T"",""W"",""Y""]},{""position"":1,""characters"":[""A"",""G"",""L""]},{""position"":2,""characters"":[""R""]},{""position"":3,""characters"":[""A"",""E"",""I""]},{""position"":4,""characters"":[""C""]}]","false"
"11","ar_to_en","3","[3,11]","[{""position"":0,""characters"":[""C"",""T""]},{""position"":1,""characters"":[""G"",""T""]},{""position"":2,""characters"":[""T""]}]","false"
"11","ar_to_en","9","[3,17,25]","[{""position"":0,""characters"":[""A"",""E""]},{""position"":1,""characters"":[""D"",""E"",""T"",""V"",""X""]},{""position"":2,""characters"":[""I"",""M"",""O"",""P"",""T"",""U""]},{""position"":3,""characters"":[""A"",""E"",""L"",""T""]},{""position"":4,""characters"":[""A"",""I"",""N"",""R"",""U""]},{""position"":5,""characters"":[""M"",""S"",""T""]},{""position"":6,""characters"":[""I"",""M"",""N"",""O""]},{""position"":7,""characters"":[""R""]},{""position"":8,""characters"":[""C"",""N"",""P"",""S""]}]","false"
"11","ar_to_en","5","[3,17]","[{""position"":0,""characters"":[""C"",""D"",""E"",""F"",""G"",""H"",""L"",""M"",""N"",""P"",""R"",""S"",""T"",""W""]},{""position"":1,""characters"":[""A"",""E"",""L"",""P"",""S"",""T""]},{""position"":2,""characters"":[""R""]},{""position"":3,""characters"":[""A"",""C"",""D"",""E"",""G"",""H"",""M"",""O"",""P"",""R"",""S"",""T""]},{""position"":4,""characters"":[""M""]}]","true"
"11","ar_to_en","3","[3,21]","[{""position"":0,""characters"":[""E""]},{""position"":1,""characters"":[""U""]},{""position"":2,""characters"":[""F"",""P"",""T""]}]","false"
"11","ar_to_en","4","[3,7]","[{""position"":0,""characters"":[""A"",""E"",""F"",""K"",""S"",""T"",""U"",""Y""]},{""position"":1,""characters"":[""L"",""N""]},{""position"":2,""characters"":[""E""]},{""position"":3,""characters"":[""V""]}]","false"
"11","ar_to_en","4","[3,7,27]","[{""position"":0,""characters"":[""A"",""B"",""C"",""D"",""E"",""F"",""K"",""L"",""M"",""O"",""P"",""T"",""Y""]},{""position"":1,""characters"":[""U""]},{""position"":2,""characters"":[""A"",""D"",""F"",""G"",""H"",""I"",""L"",""N"",""O"",""U"",""W""]},{""position"":3,""characters"":[""A"",""O"",""R"",""U""]}]","false"
"11","ar_to_en","4","[3,6,11]","[{""position"":0,""characters"":[""L""]},{""position"":1,""characters"":[""S""]},{""position"":2,""characters"":[""U""]},{""position"":3,""characters"":[""R""]}]","false"
"11","ar_to_en","6","[3,22]","[{""position"":0,""characters"":[""A"",""B"",""C"",""D"",""E"",""I"",""L"",""M"",""N"",""O"",""P"",""R"",""S"",""Y""]},{""position"":1,""characters"":[""P"",""R"",""T""]},{""position"":2,""characters"":[""T""]},{""position"":3,""characters"":[""O""]},{""position"":4,""characters"":[""C"",""D"",""E"",""H"",""L"",""N"",""O"",""R"",""S"",""T""]},{""position"":5,""characters"":[""C"",""D"",""E"",""G"",""K"",""N"",""P"",""R"",""T"",""U""]}]","false"
"11","ar_to_en","4","[3,22]","[{""position"":0,""characters"":[""N"",""R"",""T""]},{""position"":1,""characters"":[""N""]},{""position"":2,""characters"":[""O"",""S""]},{""position"":3,""characters"":[""T""]}]","false"
"11","ar_to_en","6","[3,20,27]","[{""position"":0,""characters"":[""A"",""B"",""C"",""D"",""E"",""I"",""L"",""M"",""N"",""O"",""P"",""R"",""S"",""Y""]},{""position"":1,""characters"":[""E"",""I"",""R"",""S"",""T""]},{""position"":2,""characters"":[""T""]},{""position"":3,""characters"":[""O""]},{""position"":4,""characters"":[""C"",""D"",""E"",""H"",""L"",""N"",""O"",""R"",""S"",""T""]},{""position"":5,""characters"":[""C"",""D"",""E"",""G"",""K"",""N"",""P"",""R"",""T"",""U""]}]","false"
"11","ar_to_en","3","[3,20,22,27]","[{""position"":0,""characters"":[""B"",""C"",""L"",""N""]},{""position"":1,""characters"":[""O""]},{""position"":2,""characters"":[""E"",""I""]}]","false"
"11","ar_to_en","3","[5,13]","[{""position"":0,""characters"":[""C"",""E"",""N"",""O"",""T""]},{""position"":1,""characters"":[""R""]},{""position"":2,""characters"":[""N""]}]","false"
"11","ar_to_en","3","[5,10]","[{""position"":0,""characters"":[""A""]},{""position"":1,""characters"":[""A""]},{""position"":2,""characters"":[""B"",""C"",""D"",""E"",""F"",""G"",""H"",""L"",""M"",""N"",""P"",""R"",""S"",""T"",""W"",""Y""]}]","false"
"11","ar_to_en","6","[5,25]","[{""position"":0,""characters"":[""A"",""E"",""I"",""T""]},{""position"":1,""characters"":[""A"",""E"",""H"",""I"",""S"",""Y""]},{""position"":2,""characters"":[""C"",""D"",""E"",""F"",""H"",""K"",""L"",""M"",""N"",""O"",""P"",""R"",""S"",""T"",""V"",""W""]},{""position"":3,""characters"":[""C"",""D"",""N""]},{""position"":4,""characters"":[""A"",""D"",""E"",""I"",""K"",""N"",""O"",""T""]},{""position"":5,""characters"":[""K"",""U""]}]","false"
"11","ar_to_en","6","[5,25]","[{""position"":0,""characters"":[""B"",""C"",""D"",""E"",""F"",""G"",""H"",""J"",""K"",""M"",""N"",""P"",""R"",""T"",""W"",""Y""]},{""position"":1,""characters"":[""A"",""E"",""H"",""I"",""S"",""Y""]},{""position"":2,""characters"":[""C"",""D"",""E"",""F"",""H"",""K"",""L"",""M"",""N"",""O"",""P"",""R"",""S"",""T"",""V"",""W""]},{""position"":3,""characters"":[""C"",""D"",""N""]},{""position"":4,""characters"":[""A"",""D"",""E"",""I"",""K"",""N"",""O"",""T""]},{""position"":5,""characters"":[""K"",""U""]}]","true"
"11","ar_to_en","6","[5,25]","[{""position"":0,""characters"":[""A"",""B"",""D"",""E"",""F"",""G"",""H"",""K"",""L"",""M"",""N"",""P"",""R"",""S"",""T"",""W""]},{""position"":1,""characters"":[""A"",""E"",""H"",""I"",""S"",""Y""]},{""position"":2,""characters"":[""C"",""D"",""E"",""F"",""H"",""K"",""L"",""M"",""N"",""O"",""P"",""R"",""S"",""T"",""V"",""W""]},{""position"":3,""characters"":[""C"",""D"",""N""]},{""position"":4,""characters"":[""A"",""D"",""E"",""I"",""K"",""N"",""O"",""T""]},{""position"":5,""characters"":[""K"",""U""]}]","false"
"11","ar_to_en","6","[5,13]","[{""position"":0,""characters"":[""A"",""E"",""L"",""N"",""P"",""R"",""V""]},{""position"":1,""characters"":[""T""]},{""position"":2,""characters"":[""S""]},{""position"":3,""characters"":[""A"",""C"",""E"",""I"",""K"",""O"",""R"",""S"",""T"",""W""]},{""position"":4,""characters"":[""A"",""D"",""E"",""G"",""I"",""L"",""N"",""O"",""R"",""S"",""T"",""U""]},{""position"":5,""characters"":[""C"",""D"",""E"",""F"",""L"",""M"",""N"",""O"",""P"",""R"",""S"",""T"",""Y""]}]","false"
"11","ar_to_en","3","[5,7]","[{""position"":0,""characters"":[""D"",""M"",""P"",""T""]},{""position"":1,""characters"":[""E"",""P""]},{""position"":2,""characters"":[""P""]}]","false"
"11","ar_to_en","5","[5,18]","[{""position"":0,""characters"":[""A"",""E"",""I"",""N"",""O"",""U"",""W""]},{""position"":1,""characters"":[""A"",""E"",""I"",""L"",""O"",""U""]},{""position"":2,""characters"":[""D"",""H"",""L"",""N"",""P"",""R""]},{""position"":3,""characters"":[""A"",""D"",""E"",""I"",""K"",""N"",""O"",""T""]},{""position"":4,""characters"":[""A"",""E""]}]","false"
"11","ar_to_en","4","[5,9]","[{""position"":0,""characters"":[""A"",""D"",""I"",""R""]},{""position"":1,""characters"":[""P"",""S""]},{""position"":2,""characters"":[""A"",""B"",""L"",""N"",""P"",""R"",""T"",""W""]},{""position"":3,""characters"":[""E"",""K"",""L"",""N"",""S""]}]","true"
"11","ar_to_en","3","[5,19]","[{""position"":0,""characters"":[""A"",""B"",""C"",""E"",""F"",""G"",""H"",""P"",""R"",""X""]},{""position"":1,""characters"":[""R""]},{""position"":2,""characters"":[""O"",""S""]}]","false"
"11","ar_to_en","4","[5,13]","[{""position"":0,""characters"":[""A"",""B"",""E""]},{""position"":1,""characters"":[""A"",""C"",""E"",""I"",""O"",""U""]},{""position"":2,""characters"":[""E"",""M"",""P"",""X""]},{""position"":3,""characters"":[""C"",""E"",""G"",""H"",""I"",""L"",""M"",""N"",""O"",""R"",""S"",""T"",""W"",""Y""]}]","true"
"11","ar_to_en","7","[5,7,11,27]","[{""position"":0,""characters"":[""A"",""D"",""I"",""R""]},{""position"":1,""characters"":[""A"",""B"",""C"",""D"",""G"",""H"",""I"",""L"",""M"",""N"",""O"",""P"",""R"",""S"",""V"",""W"",""Y""]},{""position"":2,""characters"":[""E"",""K"",""L"",""N""]},{""position"":3,""characters"":[""B"",""C"",""D"",""F"",""I"",""M"",""O"",""P"",""R"",""S"",""T"",""W"",""Y""]},{""position"":4,""characters"":[""B"",""C"",""D"",""E"",""F"",""H"",""I"",""K"",""L"",""N"",""O"",""P"",""R"",""S"",""T""]},{""position"":5,""characters"":[""A"",""D"",""E"",""H"",""L"",""M"",""N"",""O"",""P"",""R"",""S"",""T"",""U"",""W"",""Y""]},{""position"":6,""characters"":[""E"",""G"",""L"",""M"",""N"",""O"",""S"",""Y""]}]","true"
"11","ar_to_en","9","[5,7]","[{""position"":0,""characters"":[""A"",""C"",""E"",""N"",""O"",""R"",""T"",""V""]},{""position"":1,""characters"":[""A"",""E"",""I"",""N"",""O"",""R"",""U""]},{""position"":2,""characters"":[""C"",""D"",""E"",""G"",""I"",""L"",""N"",""P"",""R"",""S"",""T"",""Y""]},{""position"":3,""characters"":[""A"",""E"",""I"",""N"",""O"",""U"",""W""]},{""position"":4,""characters"":[""A"",""C"",""D"",""E"",""G"",""K"",""L"",""M"",""N"",""O"",""P"",""R"",""S"",""T"",""U"",""V""]},{""position"":5,""characters"":[""A"",""C"",""E"",""F"",""I"",""L"",""N"",""O"",""R"",""U""]},{""position"":6,""characters"":[""E"",""I"",""N"",""S""]},{""position"":7,""characters"":[""A"",""D"",""E"",""F"",""G"",""H"",""L"",""M"",""N"",""P"",""R"",""S"",""T"",""W""]},{""position"":8,""characters"":[""A"",""D"",""O"",""S""]}]","true"
"11","ar_to_en","4","[5,7]","[{""position"":0,""characters"":[""A"",""E"",""H"",""I"",""S"",""Y""]},{""position"":1,""characters"":[""T""]},{""position"":2,""characters"":[""U""]},{""position"":3,""characters"":[""A"",""I"",""L"",""M"",""N"",""O"",""R"",""S"",""V"",""Y""]}]","true"
"11","ar_to_en","11","[5,7]","[{""position"":0,""characters"":[""A"",""I"",""L"",""M"",""P"",""S"",""T""]},{""position"":1,""characters"":[""A"",""D"",""I"",""N"",""P""]},{""position"":2,""characters"":[""D"",""E"",""G"",""N"",""P"",""R""]},{""position"":3,""characters"":[""I"",""K"",""M"",""N"",""O"",""R"",""T""]},{""position"":4,""characters"":[""E"",""F"",""I"",""O"",""V""]},{""position"":5,""characters"":[""C"",""E"",""F"",""I"",""P"",""R"",""T""]},{""position"":6,""characters"":[""D"",""I"",""P"",""R"",""S"",""U""]},{""position"":7,""characters"":[""C"",""D"",""I"",""L"",""P"",""S"",""U""]},{""position"":8,""characters"":[""A""]},{""position"":9,""characters"":[""E""]},{""position"":10,""characters"":[""C"",""S"",""T"",""Y""]}]","false"
"11","ar_to_en","9","[5,11]","[{""position"":0,""characters"":[""A"",""C"",""E"",""N"",""O"",""R"",""T"",""V""]},{""position"":1,""characters"":[""A"",""E"",""I"",""N"",""O"",""R"",""U""]},{""position"":2,""characters"":[""A"",""E"",""I"",""O"",""P"",""U""]},{""position"":3,""characters"":[""A"",""E"",""I"",""R"",""U""]},{""position"":4,""characters"":[""A"",""C"",""D"",""E"",""G"",""L"",""M"",""N"",""O"",""P"",""R"",""S"",""T""]},{""position"":5,""characters"":[""A"",""C"",""E"",""I"",""O"",""S"",""T"",""U""]},{""position"":6,""characters"":[""A"",""C"",""G"",""N"",""O"",""T""]},{""position"":7,""characters"":[""C"",""D"",""F"",""G"",""H"",""L"",""N"",""O"",""P"",""R"",""S"",""T"",""U"",""W"",""X""]},{""position"":8,""characters"":[""A"",""E"",""I"",""T""]}]","false"
"11","ar_to_en","6","[5,7,11]","[{""position"":0,""characters"":[""A"",""B"",""C"",""D"",""E"",""F"",""G"",""I"",""L"",""M"",""N"",""O"",""P"",""R"",""S"",""T"",""Y""]},{""position"":1,""characters"":[""A"",""C"",""D"",""E"",""I"",""L"",""N"",""O"",""P"",""R"",""S"",""T"",""U""]},{""position"":2,""characters"":[""B"",""C"",""D"",""E"",""G"",""H"",""K"",""L"",""M"",""N"",""P"",""R"",""S"",""T"",""Y""]},{""position"":3,""characters"":[""I""]},{""position"":4,""characters"":[""T""]},{""position"":5,""characters"":[""M"",""N"",""O"",""R"",""S""]}]","true"
"11","ar_to_en","9","[5,7]","[{""position"":0,""characters"":[""A"",""E"",""K"",""U""]},{""position"":1,""characters"":[""A"",""D"",""E"",""F"",""G"",""H"",""L"",""M"",""N"",""P"",""R"",""S"",""T"",""W""]},{""position"":2,""characters"":[""A"",""C"",""E""]},{""position"":3,""characters"":[""A"",""C"",""D"",""E"",""G"",""I"",""K"",""N"",""O"",""R"",""S"",""T"",""U"",""W""]},{""position"":4,""characters"":[""A"",""C"",""D"",""E"",""G"",""I"",""L"",""M"",""N"",""O"",""P"",""R"",""S"",""T"",""U"",""V""]},{""position"":5,""characters"":[""A"",""E"",""I"",""O"",""U""]},{""position"":6,""characters"":[""A"",""C"",""E"",""G"",""H"",""I"",""N"",""R"",""S"",""T"",""U"",""Y""]},{""position"":7,""characters"":[""A"",""E"",""I"",""O""]},{""position"":8,""characters"":[""D"",""H"",""L"",""N"",""P"",""R""]}]","true"
"11","ar_to_en","3","[5,7,11,27]","[{""position"":0,""characters"":[""B"",""C"",""D"",""E"",""G"",""H"",""K"",""L"",""N"",""O"",""P"",""R"",""S"",""W""]},{""position"":1,""characters"":[""N"",""P"",""R""]},{""position"":2,""characters"":[""T""]}]","false"
"11","ar_to_en","9","[5,7,11,27]","[{""position"":0,""characters"":[""A"",""E"",""K"",""U""]},{""position"":1,""characters"":[""A"",""C"",""E"",""M"",""T""]},{""position"":2,""characters"":[""D"",""H"",""L"",""N"",""P"",""R""]},{""position"":3,""characters"":[""A"",""C"",""E"",""F"",""I"",""L"",""N"",""O"",""R"",""U""]},{""position"":4,""characters"":[""A"",""C"",""E"",""I"",""L"",""N"",""O"",""P"",""R"",""S"",""T"",""U""]},{""position"":5,""characters"":[""A"",""C"",""E"",""G"",""H"",""I"",""N"",""R"",""S"",""T"",""U"",""Y""]},{""position"":6,""characters"":[""A"",""E"",""I"",""L"",""O""]},{""position"":7,""characters"":[""A"",""E"",""I"",""L"",""O"",""U""]},{""position"":8,""characters"":[""O""]}]","false"
"11","ar_to_en","11","[5,7]","[{""position"":0,""characters"":[""A"",""C"",""D"",""E"",""G"",""I"",""M"",""N"",""O"",""P"",""R""]},{""position"":1,""characters"":[""A"",""C"",""D"",""E"",""L"",""N"",""O"",""P"",""R"",""S"",""U""]},{""position"":2,""characters"":[""C"",""E"",""G"",""I"",""M"",""N"",""O"",""P"",""S"",""T""]},{""position"":3,""characters"":[""A"",""B"",""C"",""E"",""G"",""I"",""L"",""M"",""N"",""O"",""P"",""S"",""T"",""U""]},{""position"":4,""characters"":[""A"",""C"",""D"",""E"",""I"",""L"",""N"",""R"",""S"",""T"",""U""]},{""position"":5,""characters"":[""A"",""C"",""E"",""I"",""M"",""N"",""O"",""R"",""S"",""T""]},{""position"":6,""characters"":[""A"",""C"",""E"",""I"",""M"",""N"",""O"",""P"",""S"",""T""]},{""position"":7,""characters"":[""D"",""E"",""M"",""N"",""R"",""S"",""T""]},{""position"":8,""characters"":[""I""]},{""position"":9,""characters"":[""C""]},{""position"":10,""characters"":[""G"",""Y""]}]","false"
"11","ar_to_en","4","[5,7,11,27]","[{""position"":0,""characters"":[""A"",""B"",""C"",""D"",""E"",""F"",""G"",""H"",""K"",""L"",""M"",""N"",""P"",""R"",""S"",""T"",""V"",""W"",""Y""]},{""position"":1,""characters"":[""E""]},{""position"":2,""characters"":[""H""]},{""position"":3,""characters"":[""D"",""E"",""G"",""L"",""N"",""R"",""S"",""U""]}]","true"
"11","ar_to_en","9","[5,7]","[{""position"":0,""characters"":[""A"",""B"",""D"",""E"",""F"",""G"",""H"",""K"",""L"",""M"",""N"",""O"",""P"",""R"",""S"",""T"",""W""]},{""position"":1,""characters"":[""A"",""D"",""E"",""I"",""N"",""O"",""T""]},{""position"":2,""characters"":[""E"",""I"",""N"",""S""]},{""position"":3,""characters"":[""A"",""C"",""E"",""F"",""I"",""L"",""N"",""O"",""R"",""U""]},{""position"":4,""characters"":[""A"",""C"",""D"",""E"",""G"",""I"",""L"",""O"",""P"",""R"",""T"",""U""]},{""position"":5,""characters"":[""O"",""S""]},{""position"":6,""characters"":[""A"",""E"",""I"",""R"",""U""]},{""position"":7,""characters"":[""A"",""D"",""E"",""F"",""G"",""H"",""I"",""L"",""N"",""O"",""P"",""R"",""S"",""T"",""U"",""V"",""X"",""Y""]},{""position"":8,""characters"":[""A"",""C"",""G"",""O"",""T""]}]","false"
"11","ar_to_en","11","[5,7]","[{""position"":0,""characters"":[""A"",""C"",""D"",""E"",""G"",""I"",""M"",""P"",""R""]},{""position"":1,""characters"":[""A"",""C"",""E"",""L"",""N"",""O"",""P"",""R"",""U""]},{""position"":2,""characters"":[""C"",""F"",""I"",""P"",""V"",""W""]},{""position"":3,""characters"":[""A"",""B"",""C"",""E"",""G"",""I"",""L"",""M"",""N"",""O"",""P"",""S"",""T""]},{""position"":4,""characters"":[""A"",""C"",""D"",""E"",""I"",""L"",""N"",""O"",""R"",""S"",""T"",""U""]},{""position"":5,""characters"":[""A"",""C"",""E"",""I"",""M"",""N"",""O"",""R"",""S"",""T""]},{""position"":6,""characters"":[""A"",""C"",""E"",""I"",""M"",""N"",""O"",""P"",""S"",""T""]},{""position"":7,""characters"":[""D"",""E"",""M"",""N"",""R"",""S"",""T""]},{""position"":8,""characters"":[""I""]},{""position"":9,""characters"":[""V""]},{""position"":10,""characters"":[""G"",""M"",""S""]}]","false"
"11","ar_to_en","9","[5,7]","[{""position"":0,""characters"":[""A"",""E""]},{""position"":1,""characters"":[""A"",""D"",""E"",""I"",""N"",""O"",""T""]},{""position"":2,""characters"":[""C"",""E"",""L"",""R"",""T""]},{""position"":3,""characters"":[""A"",""C"",""L"",""N"",""O"",""T"",""U"",""Y""]},{""position"":4,""characters"":[""A"",""C"",""D"",""E"",""G"",""K"",""L"",""M"",""N"",""O"",""P"",""R"",""S"",""T"",""U"",""V""]},{""position"":5,""characters"":[""A"",""E"",""F"",""I"",""L"",""O"",""U""]},{""position"":6,""characters"":[""C"",""L"",""N""]},{""position"":7,""characters"":[""A"",""C"",""D"",""E"",""I"",""L"",""O"",""T"",""U""]},{""position"":8,""characters"":[""E"",""N"",""U""]}]","false"
"11","ar_to_en","7","[5,7]","[{""position"":0,""characters"":[""A"",""D"",""I"",""R""]},{""position"":1,""characters"":[""B"",""C"",""D"",""F"",""I"",""L"",""M"",""N"",""O"",""R"",""S""]},{""position"":2,""characters"":[""E"",""Y""]},{""position"":3,""characters"":[""A"",""B"",""D"",""E"",""H"",""I"",""M"",""N"",""R"",""T"",""W"",""Y""]},{""position"":4,""characters"":[""A"",""B"",""C"",""D"",""E"",""F"",""H"",""I"",""L"",""M"",""N"",""P"",""R"",""S"",""V""]},{""position"":5,""characters"":[""A"",""B"",""C"",""D"",""E"",""F"",""G"",""H"",""L"",""N"",""P"",""R"",""S"",""T"",""U"",""V"",""W"",""Y""]},{""position"":6,""characters"":[""P"",""S""]}]","false"
"11","ar_to_en","7","[5,7]","[{""position"":0,""characters"":[""C"",""M"",""P""]},{""position"":1,""characters"":[""A"",""C"",""D"",""E"",""F"",""G"",""H"",""L"",""M"",""N"",""P"",""R"",""S"",""T"",""U"",""W"",""Y""]},{""position"":2,""characters"":[""A"",""B"",""L"",""N"",""P"",""R"",""T"",""W""]},{""position"":3,""characters"":[""E"",""Y""]},{""position"":4,""characters"":[""A"",""C"",""D"",""E"",""F"",""H"",""I"",""K"",""P"",""R"",""S"",""T"",""U"",""V"",""W"",""Y""]},{""position"":5,""characters"":[""A"",""D"",""E"",""H"",""L"",""M"",""N"",""O"",""P"",""R"",""S"",""T"",""U"",""W"",""Y""]},{""position"":6,""characters"":[""E""]}]","false"
"11","ar_to_en","7","[5,7]","[{""position"":0,""characters"":[""C"",""M"",""P""]},{""position"":1,""characters"":[""A"",""B"",""C"",""D"",""E"",""F"",""G"",""H"",""L"",""N"",""P"",""R"",""S"",""T"",""U"",""V"",""W"",""Y""]},{""position"":2,""characters"":[""A"",""B"",""D"",""E"",""I"",""L"",""R"",""S""]},{""position"":3,""characters"":[""E"",""Y""]},{""position"":4,""characters"":[""A"",""B"",""C"",""D"",""E"",""G"",""I"",""O"",""T"",""W"",""Y""]},{""position"":5,""characters"":[""A"",""B"",""C"",""D"",""G"",""H"",""I"",""L"",""M"",""N"",""O"",""P"",""R"",""S"",""V"",""W"",""Y""]},{""position"":6,""characters"":[""E""]}]","false"
"11","ar_to_en","4","[5,7]","[{""position"":0,""characters"":[""A"",""D"",""E"",""G"",""H"",""I"",""N"",""O"",""P"",""R"",""S"",""T"",""U"",""W"",""Y""]},{""position"":1,""characters"":[""A"",""C"",""D"",""E"",""F"",""G"",""L"",""M"",""N"",""P"",""R"",""S"",""T"",""U"",""V"",""Y""]},{""position"":2,""characters"":[""R""]},{""position"":3,""characters"":[""J"",""R""]}]","false"
"11","ar_to_en","7","[5,7]","[{""position"":0,""characters"":[""G"",""L"",""O"",""S""]},{""position"":1,""characters"":[""A"",""C"",""E"",""F"",""L"",""M"",""N"",""S"",""T"",""V""]},{""position"":2,""characters"":[""A"",""I"",""L"",""O"",""P""]},{""position"":3,""characters"":[""A"",""B"",""D"",""F"",""O"",""S""]},{""position"":4,""characters"":[""C"",""H"",""L"",""M"",""R"",""S"",""T""]},{""position"":5,""characters"":[""E"",""T"",""U""]},{""position"":6,""characters"":[""S""]}]","true"
"11","ar_to_en","7","[5,7]","[{""position"":0,""characters"":[""A"",""D"",""I"",""R""]},{""position"":1,""characters"":[""A"",""B"",""C"",""D"",""G"",""H"",""I"",""L"",""M"",""N"",""O"",""P"",""R"",""S"",""V"",""W"",""Y""]},{""position"":2,""characters"":[""A"",""B"",""C"",""D"",""F"",""G"",""H"",""N"",""P"",""S"",""T"",""W""]},{""position"":3,""characters"":[""E"",""K"",""L"",""N"",""S""]},{""position"":4,""characters"":[""E"",""L"",""M"",""P"",""R"",""S""]},{""position"":5,""characters"":[""A"",""C"",""D"",""E"",""F"",""G"",""H"",""M"",""R"",""S"",""T"",""Y""]},{""position"":6,""characters"":[""A"",""D"",""I"",""S""]}]","true"
"11","ar_to_en","9","[5,27]","[{""position"":0,""characters"":[""A"",""D"",""F"",""I"",""L"",""O"",""Y""]},{""position"":1,""characters"":[""C"",""D"",""E"",""F"",""G"",""H"",""L"",""M"",""N"",""O"",""P"",""R"",""S"",""T"",""W"",""X""]},{""position"":2,""characters"":[""A"",""C"",""N"",""O""]},{""position"":3,""characters"":[""C"",""D"",""E"",""G"",""H"",""I"",""K"",""L"",""M"",""N"",""O"",""P"",""R"",""S"",""T"",""U"",""V"",""W""]},{""position"":4,""characters"":[""A"",""C"",""D"",""E"",""G"",""K"",""L"",""M"",""N"",""O"",""P"",""R"",""S"",""T"",""U"",""V""]},{""position"":5,""characters"":[""A"",""C"",""E"",""I"",""N"",""O"",""P"",""R"",""U"",""W""]},{""position"":6,""characters"":[""C"",""D"",""E"",""G"",""I"",""L"",""N"",""P"",""R"",""S"",""T"",""Y""]},{""position"":7,""characters"":[""A"",""E"",""H"",""I"",""N"",""O"",""U""]},{""position"":8,""characters"":[""R""]}]","false"
"11","ar_to_en","3","[5,7,27]","[{""position"":0,""characters"":[""A"",""B"",""C"",""D"",""E"",""F"",""G"",""H"",""I"",""K"",""L"",""M"",""N"",""O"",""P"",""R"",""S"",""T"",""U"",""W"",""X"",""Y""]},{""position"":1,""characters"":[""G"",""L"",""N"",""S"",""T""]},{""position"":2,""characters"":[""C""]}]","false"
"11","ar_to_en","3","[5,7,30]","[{""position"":0,""characters"":[""A"",""B"",""C"",""D"",""E"",""F"",""G"",""H"",""I"",""K"",""L"",""M"",""N"",""O"",""P"",""R"",""S"",""T"",""U"",""W"",""X"",""Y""]},{""position"":1,""characters"":[""G"",""N"",""R"",""S"",""T""]},{""position"":2,""characters"":[""L""]}]","false"
"11","ar_to_en","3","[5,18,25]","[{""position"":0,""characters"":[""A"",""B"",""C"",""D"",""E"",""F"",""G"",""H"",""I"",""J"",""K"",""L"",""M"",""N"",""O"",""P"",""R"",""S"",""T"",""U"",""W"",""Y""]},{""position"":1,""characters"":[""G"",""N"",""R"",""S"",""T""]},{""position"":2,""characters"":[""L""]}]","false"
"11","ar_to_en","3","[5,7]","[{""position"":0,""characters"":[""A"",""B"",""C"",""D"",""E"",""F"",""G"",""H"",""I"",""K"",""L"",""M"",""N"",""O"",""P"",""R"",""S"",""T"",""U"",""W"",""X"",""Y""]},{""position"":1,""characters"":[""D"",""G"",""L"",""N"",""S"",""T""]},{""position"":2,""characters"":[""P""]}]","false"
"11","ar_to_en","3","[5,25]","[{""position"":0,""characters"":[""A"",""B"",""C"",""D"",""E"",""F"",""G"",""H"",""I"",""J"",""K"",""L"",""M"",""N"",""O"",""P"",""R"",""S"",""T"",""U"",""W"",""Y""]},{""position"":1,""characters"":[""E"",""P"",""S"",""T"",""Y""]},{""position"":2,""characters"":[""C""]}]","false"
"11","ar_to_en","3","[5,25]","[{""position"":0,""characters"":[""A"",""B"",""C"",""D"",""E"",""F"",""G"",""H"",""I"",""J"",""K"",""L"",""M"",""N"",""O"",""P"",""R"",""S"",""T"",""W"",""Y""]},{""position"":1,""characters"":[""G"",""L"",""N"",""S""]},{""position"":2,""characters"":[""P""]}]","false"
"11","ar_to_en","3","[5,7]","[{""position"":0,""characters"":[""A"",""C"",""D"",""E"",""F"",""G"",""I"",""K"",""L"",""N"",""O"",""R"",""S"",""T"",""U"",""W"",""X"",""Y""]},{""position"":1,""characters"":[""E"",""I"",""N"",""S""]},{""position"":2,""characters"":[""C""]}]","false"
"11","ar_to_en","6","[5,13]","[{""position"":0,""characters"":[""A"",""E"",""G"",""O""]},{""position"":1,""characters"":[""A"",""D"",""F"",""G"",""H"",""I"",""L"",""N"",""O"",""U"",""W""]},{""position"":2,""characters"":[""A"",""C"",""E"",""H"",""I"",""L"",""N"",""O"",""P"",""R"",""S"",""T"",""U""]},{""position"":3,""characters"":[""C"",""G"",""I"",""T""]},{""position"":4,""characters"":[""C"",""O"",""S"",""T"",""W""]},{""position"":5,""characters"":[""A"",""P"",""S"",""T"",""Y""]}]","true"
"11","ar_to_en","4","[5,13]","[{""position"":0,""characters"":[""A"",""B"",""E""]},{""position"":1,""characters"":[""A"",""C"",""E"",""I"",""O"",""U""]},{""position"":2,""characters"":[""E"",""P"",""X""]},{""position"":3,""characters"":[""C"",""E"",""G"",""H"",""I"",""L"",""M"",""N"",""O"",""R"",""S"",""T"",""W"",""Y""]}]","true"
"11","ar_to_en","4","[5,6,28]","[{""position"":0,""characters"":[""A"",""E"",""I"",""O""]},{""position"":1,""characters"":[""C"",""D"",""E"",""N"",""P"",""R"",""T""]},{""position"":2,""characters"":[""N""]},{""position"":3,""characters"":[""N""]}]","false"
"11","ar_to_en","3","[5,6,28]","[{""position"":0,""characters"":[""D"",""S""]},{""position"":1,""characters"":[""A"",""E""]},{""position"":2,""characters"":[""N""]}]","false"
"11","ar_to_en","6","[5,6,19]","[{""position"":0,""characters"":[""A"",""B"",""C"",""D"",""E"",""F"",""L"",""M"",""N"",""O"",""R"",""S"",""W""]},{""position"":1,""characters"":[""A"",""C"",""E"",""L"",""N"",""O"",""P"",""R"",""S"",""U""]},{""position"":2,""characters"":[""T""]},{""position"":3,""characters"":[""C"",""I"",""O"",""T""]},{""position"":4,""characters"":[""A"",""E"",""I"",""N"",""R"",""U""]},{""position"":5,""characters"":[""C"",""P"",""W""]}]","true"
"11","ar_to_en","4","[5,6,19]","[{""position"":0,""characters"":[""D"",""M"",""P"",""R"",""S"",""T"",""W"",""Y""]},{""position"":1,""characters"":[""O""]},{""position"":2,""characters"":[""R"",""T""]},{""position"":3,""characters"":[""R""]}]","false"
"11","ar_to_en","6","[5,6,19]","[{""position"":0,""characters"":[""A"",""B"",""C"",""D"",""E"",""F"",""L"",""M"",""N"",""O"",""R"",""S"",""W""]},{""position"":1,""characters"":[""A"",""C"",""E"",""I"",""L"",""N"",""O"",""P"",""R"",""S"",""U""]},{""position"":2,""characters"":[""T""]},{""position"":3,""characters"":[""N"",""U""]},{""position"":4,""characters"":[""A"",""E"",""I"",""N"",""T"",""V""]},{""position"":5,""characters"":[""E"",""U""]}]","false"
"11","ar_to_en","3","[6,17,20,25,29]","[{""position"":0,""characters"":[""A"",""E"",""I"",""O"",""P"",""U""]},{""position"":1,""characters"":[""O"",""S""]},{""position"":2,""characters"":[""L""]}]","false"
"11","ar_to_en","4","[6,7]","[{""position"":0,""characters"":[""A"",""B"",""C"",""D"",""E"",""F"",""G"",""H"",""I"",""J"",""K"",""L"",""M"",""N"",""O"",""P"",""R"",""S"",""T"",""U"",""W"",""Y""]},{""position"":1,""characters"":[""A"",""B"",""C"",""D"",""E"",""F"",""G"",""H"",""I"",""K"",""L"",""M"",""N"",""O"",""P"",""R"",""S"",""T"",""U"",""W"",""X"",""Y""]},{""position"":2,""characters"":[""I""]},{""position"":3,""characters"":[""E"",""Y""]}]","false"
"11","ar_to_en","5","[6,25]","[{""position"":0,""characters"":[""A"",""C"",""D"",""H"",""I"",""L"",""M"",""O"",""R"",""S"",""T"",""W"",""Y""]},{""position"":1,""characters"":[""A"",""D"",""E"",""I"",""N"",""O"",""R"",""T"",""U""]},{""position"":2,""characters"":[""D""]},{""position"":3,""characters"":[""N""]},{""position"":4,""characters"":[""C"",""D"",""H"",""L"",""M"",""O"",""R"",""S"",""T"",""W"",""Y""]}]","false"
"11","ar_to_en","5","[6,25]","[{""position"":0,""characters"":[""C"",""E"",""F"",""L"",""O"",""R"",""S"",""U""]},{""position"":1,""characters"":[""A"",""C"",""L"",""N"",""O"",""T"",""Y""]},{""position"":2,""characters"":[""C""]},{""position"":3,""characters"":[""T""]},{""position"":4,""characters"":[""E"",""L"",""R""]}]","false"
"11","ar_to_en","3","[6,23]","[{""position"":0,""characters"":[""E"",""K"",""N"",""S""]},{""position"":1,""characters"":[""L""]},{""position"":2,""characters"":[""I""]}]","false"
"11","ar_to_en","5","[6,23]","[{""position"":0,""characters"":[""C"",""D"",""E"",""I"",""L"",""M"",""P"",""R"",""S"",""T"",""V"",""W""]},{""position"":1,""characters"":[""S""]},{""position"":2,""characters"":[""S""]},{""position"":3,""characters"":[""A"",""C"",""I"",""O"",""S"",""T""]},{""position"":4,""characters"":[""C"",""D"",""E"",""M"",""P"",""R"",""T"",""W""]}]","false"
"11","ar_to_en","3","[6,10,17,21,22,25]","[{""position"":0,""characters"":[""A"",""E"",""I"",""O"",""P"",""U""]},{""position"":1,""characters"":[""O"",""S""]},{""position"":2,""characters"":[""A"",""I""]}]","false"
"11","ar_to_en","9","[6,22,23]","[{""position"":0,""characters"":[""A"",""C"",""E"",""N"",""O"",""R"",""T"",""V""]},{""position"":1,""characters"":[""A"",""C"",""E"",""F"",""I"",""L"",""N"",""O"",""R"",""U"",""X""]},{""position"":2,""characters"":[""A"",""C"",""D"",""E"",""G"",""H"",""L"",""M"",""N"",""O"",""P"",""R"",""S"",""T""]},{""position"":3,""characters"":[""A"",""C"",""E"",""I"",""N"",""O"",""P"",""R"",""U"",""W""]},{""position"":4,""characters"":[""A"",""D"",""E"",""G"",""L"",""M"",""N"",""O"",""P"",""R"",""S"",""T""]},{""position"":5,""characters"":[""A"",""E""]},{""position"":6,""characters"":[""E"",""I"",""N"",""S""]},{""position"":7,""characters"":[""A"",""E"",""I"",""N"",""O"",""U"",""W""]},{""position"":8,""characters"":[""C"",""K"",""L"",""N""]}]","false"
"11","ar_to_en","9","[6,22]","[{""position"":0,""characters"":[""A"",""E"",""I"",""N"",""O"",""U"",""W""]},{""position"":1,""characters"":[""A"",""D"",""F"",""G"",""H"",""I"",""L"",""N"",""O"",""U"",""W""]},{""position"":2,""characters"":[""A"",""C"",""E"",""N"",""O"",""R"",""T"",""V""]},{""position"":3,""characters"":[""A"",""E""]},{""position"":4,""characters"":[""C"",""D"",""E"",""G"",""L"",""M"",""N"",""O"",""P"",""R"",""S"",""T"",""Y""]},{""position"":5,""characters"":[""A"",""O"",""R"",""U""]},{""position"":6,""characters"":[""A"",""C"",""D"",""E"",""F"",""G"",""H"",""L"",""M"",""N"",""O"",""P"",""R"",""S"",""T"",""U"",""V"",""W""]},{""position"":7,""characters"":[""A"",""E"",""I"",""L"",""O"",""P"",""T"",""U""]},{""position"":8,""characters"":[""E"",""H"",""M"",""P""]}]","true"
"11","ar_to_en","9","[6,23]","[{""position"":0,""characters"":[""A"",""C"",""G"",""O"",""T""]},{""position"":1,""characters"":[""A"",""C"",""D"",""E"",""H"",""L"",""M"",""N"",""O"",""P"",""R"",""S"",""T"",""U"",""V""]},{""position"":2,""characters"":[""D"",""E"",""I"",""N"",""O""]},{""position"":3,""characters"":[""A"",""C"",""E"",""G"",""H"",""I"",""N"",""R"",""S"",""T"",""U"",""Y""]},{""position"":4,""characters"":[""A"",""C"",""E"",""M"",""T"",""Y""]},{""position"":5,""characters"":[""A"",""E"",""U""]},{""position"":6,""characters"":[""C"",""E"",""L"",""N"",""R"",""T""]},{""position"":7,""characters"":[""A"",""E"",""I"",""O"",""U""]},{""position"":8,""characters"":[""A"",""E"",""K"",""L"",""O"",""P"",""R"",""U""]}]","false"
"11","ar_to_en","4","[6,7,19]","[{""position"":0,""characters"":[""A"",""E"",""G"",""O""]},{""position"":1,""characters"":[""A"",""E"",""I"",""N"",""O"",""R"",""U""]},{""position"":2,""characters"":[""C"",""K"",""L"",""N""]},{""position"":3,""characters"":[""A"",""O"",""R"",""U""]}]","true"
"11","ar_to_en","3","[6,11]","[{""position"":0,""characters"":[""A"",""O"",""R""]},{""position"":1,""characters"":[""G"",""N"",""P"",""T"",""Y""]},{""position"":2,""characters"":[""K"",""L"",""N""]}]","false"
"11","ar_to_en","4","[6,17]","[{""position"":0,""characters"":[""B"",""L"",""N"",""P"",""R"",""T"",""W""]},{""position"":1,""characters"":[""R""]},{""position"":2,""characters"":[""A"",""E"",""F"",""H"",""N"",""O"",""R"",""S"",""X""]},{""position"":3,""characters"":[""T""]}]","true"
"11","ar_to_en","4","[6,17]","[{""position"":0,""characters"":[""E"",""H"",""K"",""S"",""T""]},{""position"":1,""characters"":[""S""]},{""position"":2,""characters"":[""A""]},{""position"":3,""characters"":[""R""]}]","false"
"11","ar_to_en","11","[6,30]","[{""position"":0,""characters"":[""A"",""D"",""G"",""I"",""L"",""N"",""O""]},{""position"":1,""characters"":[""A"",""E"",""O"",""U""]},{""position"":2,""characters"":[""F"",""G"",""S""]},{""position"":3,""characters"":[""A"",""B"",""D"",""E"",""F"",""G"",""L"",""M"",""N"",""P"",""R"",""S"",""T""]},{""position"":4,""characters"":[""A"",""E"",""I"",""N"",""O"",""U""]},{""position"":5,""characters"":[""A"",""C"",""E"",""I"",""N"",""O"",""P"",""R"",""U""]},{""position"":6,""characters"":[""B"",""C"",""D"",""E"",""F"",""I"",""L"",""M"",""N"",""P"",""R"",""S"",""T"",""U""]},{""position"":7,""characters"":[""A"",""E""]},{""position"":8,""characters"":[""F"",""G"",""S""]},{""position"":9,""characters"":[""A"",""D"",""G"",""H"",""I"",""L"",""N"",""O"",""U""]},{""position"":10,""characters"":[""A"",""E"",""I"",""N"",""O""]}]","false"
"11","ar_to_en","6","[6,11,25]","[{""position"":0,""characters"":[""A"",""C"",""E"",""I"",""O"",""S"",""T"",""U""]},{""position"":1,""characters"":[""O"",""S""]},{""position"":2,""characters"":[""A"",""O"",""R"",""U""]},{""position"":3,""characters"":[""E"",""I"",""N"",""S""]},{""position"":4,""characters"":[""A"",""D"",""E"",""F"",""G"",""H"",""K"",""L"",""M"",""N"",""O"",""P"",""R"",""S"",""T"",""W"",""X""]},{""position"":5,""characters"":[""A"",""D"",""O"",""S""]}]","true"
"11","ar_to_en","5","[6,25]","[{""position"":0,""characters"":[""A"",""D"",""E"",""H"",""L"",""M"",""N"",""O"",""P"",""R"",""S"",""T"",""U"",""W"",""Y""]},{""position"":1,""characters"":[""C"",""F"",""L"",""N"",""R""]},{""position"":2,""characters"":[""T""]},{""position"":3,""characters"":[""C"",""E"",""L"",""R""]},{""position"":4,""characters"":[""A"",""U""]}]","false"
"11","ar_to_en","3","[6,17]","[{""position"":0,""characters"":[""E""]},{""position"":1,""characters"":[""E"",""N"",""O""]},{""position"":2,""characters"":[""U""]}]","false"
"11","ar_to_en","3","[6,17]","[{""position"":0,""characters"":[""G"",""L"",""M"",""N"",""O"",""S""]},{""position"":1,""characters"":[""G"",""L"",""N"",""R""]},{""position"":2,""characters"":[""L"",""T"",""W"",""Y""]}]","false"
"11","ar_to_en","3","[6,25]","[{""position"":0,""characters"":[""P"",""S"",""T"",""Y""]},{""position"":1,""characters"":[""P""]},{""position"":2,""characters"":[""P""]}]","false"
"11","ar_to_en","3","[6,21,27]","[{""position"":0,""characters"":[""A"",""B"",""C"",""D"",""E"",""F"",""G"",""H"",""I"",""J"",""K"",""L"",""M"",""N"",""O"",""P"",""R"",""S"",""T"",""W"",""X"",""Y""]},{""position"":1,""characters"":[""L"",""N"",""S""]},{""position"":2,""characters"":[""S""]}]","false"
"11","ar_to_en","3","[6,18]","[{""position"":0,""characters"":[""A"",""D"",""E"",""K"",""O"",""S"",""U""]},{""position"":1,""characters"":[""T""]},{""position"":2,""characters"":[""C"",""F"",""I"",""N"",""O"",""T""]}]","false"
"11","ar_to_en","3","[6,18]","[{""position"":0,""characters"":[""A"",""B"",""C"",""D"",""E"",""F"",""G"",""H"",""I"",""J"",""K"",""L"",""M"",""N"",""O"",""P"",""R"",""S"",""T"",""U"",""W"",""X"",""Y""]},{""position"":1,""characters"":[""G"",""L"",""N"",""S""]},{""position"":2,""characters"":[""P""]}]","false"
"11","ar_to_en","3","[6,18]","[{""position"":0,""characters"":[""A"",""B"",""C"",""D"",""E"",""F"",""G"",""H"",""I"",""J"",""K"",""L"",""M"",""N"",""O"",""P"",""R"",""S"",""T"",""U"",""W"",""X"",""Y""]},{""position"":1,""characters"":[""L"",""N"",""S""]},{""position"":2,""characters"":[""S""]}]","false"
"11","ar_to_en","3","[6,21,27]","[{""position"":0,""characters"":[""A"",""B"",""D"",""E"",""F"",""G"",""I"",""K"",""L"",""N"",""O"",""P"",""R"",""S"",""T"",""U"",""W""]},{""position"":1,""characters"":[""A"",""E"",""P"",""S"",""T"",""Y""]},{""position"":2,""characters"":[""I""]}]","false"
"11","ar_to_en","3","[6,11]","[{""position"":0,""characters"":[""A"",""B"",""C"",""D"",""E"",""F"",""G"",""H"",""K"",""L"",""N"",""P"",""R"",""S"",""T"",""U"",""W"",""Y""]},{""position"":1,""characters"":[""P""]},{""position"":2,""characters"":[""C"",""I""]}]","false"
"11","ar_to_en","3","[6,11]","[{""position"":0,""characters"":[""A"",""B"",""C"",""D"",""E"",""F"",""G"",""H"",""I"",""K"",""L"",""M"",""N"",""O"",""P"",""R"",""S"",""T"",""U"",""W"",""Y""]},{""position"":1,""characters"":[""S""]},{""position"":2,""characters"":[""P"",""S""]}]","false"
"11","ar_to_en","3","[6,11]","[{""position"":0,""characters"":[""A"",""B"",""C"",""D"",""E"",""F"",""G"",""H"",""L"",""M"",""N"",""O"",""P"",""R"",""S"",""T"",""U"",""W"",""X"",""Y""]},{""position"":1,""characters"":[""T""]},{""position"":2,""characters"":[""C"",""S"",""Y""]}]","false"
"11","ar_to_en","3","[6,11]","[{""position"":0,""characters"":[""A"",""B"",""C"",""D"",""E"",""F"",""G"",""H"",""I"",""L"",""M"",""N"",""O"",""P"",""R"",""S"",""T"",""U"",""W"",""X"",""Y""]},{""position"":1,""characters"":[""G""]},{""position"":2,""characters"":[""C"",""D"",""S"",""T""]}]","false"
"11","ar_to_en","3","[6,11]","[{""position"":0,""characters"":[""A"",""B"",""C"",""D"",""E"",""F"",""G"",""H"",""I"",""K"",""L"",""M"",""N"",""O"",""P"",""R"",""S"",""T"",""U"",""W"",""Y""]},{""position"":1,""characters"":[""R""]},{""position"":2,""characters"":[""N"",""S""]}]","false"
"11","ar_to_en","4","[6,19]","[{""position"":0,""characters"":[""C"",""D"",""M"",""R"",""S"",""T"",""W""]},{""position"":1,""characters"":[""E"",""S"",""T""]},{""position"":2,""characters"":[""A"",""L""]},{""position"":3,""characters"":[""G""]}]","false"
"11","ar_to_en","4","[6,25]","[{""position"":0,""characters"":[""A"",""O"",""R"",""U""]},{""position"":1,""characters"":[""C"",""K"",""L"",""N""]},{""position"":2,""characters"":[""A"",""B"",""E"",""I"",""N"",""O"",""S"",""U""]},{""position"":3,""characters"":[""L""]}]","false"
"11","ar_to_en","3","[6,25]","[{""position"":0,""characters"":[""C"",""H"",""K"",""M"",""N"",""R"",""T""]},{""position"":1,""characters"":[""C"",""D"",""E"",""F"",""H"",""K"",""L"",""N"",""O"",""P"",""S"",""T"",""Y""]},{""position"":2,""characters"":[""E""]}]","false"
"11","ar_to_en","3","[6,17,23]","[{""position"":0,""characters"":[""E"",""O"",""P"",""T""]},{""position"":1,""characters"":[""U""]},{""position"":2,""characters"":[""S""]}]","false"
"11","ar_to_en","6","[6,19,28]","[{""position"":0,""characters"":[""A"",""C"",""E"",""L"",""M"",""N"",""O"",""P"",""S"",""T"",""Y""]},{""position"":1,""characters"":[""A"",""D"",""E"",""H"",""I"",""L"",""N"",""O"",""P"",""R"",""S"",""T""]},{""position"":2,""characters"":[""O""]},{""position"":3,""characters"":[""I""]},{""position"":4,""characters"":[""E"",""F"",""M"",""S""]},{""position"":5,""characters"":[""D"",""E"",""F"",""G"",""L"",""M"",""N"",""O"",""P"",""R"",""S"",""T"",""W"",""Y""]}]","false"
"11","ar_to_en","6","[6,23]","[{""position"":0,""characters"":[""A"",""C"",""D"",""E"",""G"",""H"",""I"",""L"",""N"",""O"",""P"",""R"",""T"",""Y""]},{""position"":1,""characters"":[""A"",""C"",""D"",""E"",""F"",""G"",""H"",""I"",""L"",""N"",""O"",""P"",""R"",""S"",""T"",""U""]},{""position"":2,""characters"":[""A"",""F"",""Q"",""T""]},{""position"":3,""characters"":[""I""]},{""position"":4,""characters"":[""G"",""H"",""L""]},{""position"":5,""characters"":[""A"",""D"",""E"",""O"",""P"",""U""]}]","false"
"11","ar_to_en","11","[6,25]","[{""position"":0,""characters"":[""A"",""D""]},{""position"":1,""characters"":[""N""]},{""position"":2,""characters"":[""S""]},{""position"":3,""characters"":[""C"",""E"",""I"",""O"",""T""]},{""position"":4,""characters"":[""A"",""C"",""D"",""I"",""O"",""R"",""S""]},{""position"":5,""characters"":[""E"",""I"",""N"",""S"",""T"",""U"",""V""]},{""position"":6,""characters"":[""A"",""B"",""M"",""N"",""P"",""R"",""S"",""U""]},{""position"":7,""characters"":[""A"",""E"",""I"",""T"",""U""]},{""position"":8,""characters"":[""B"",""I"",""N"",""T""]},{""position"":9,""characters"":[""A"",""E"",""L"",""O"",""T""]},{""position"":10,""characters"":[""D"",""E"",""L"",""N"",""S""]}]","false"
"11","ar_to_en","11","[6,25]","[{""position"":0,""characters"":[""A"",""C"",""G"",""R"",""S"",""Y""]},{""position"":1,""characters"":[""E"",""G"",""H"",""N"",""O"",""T"",""U""]},{""position"":2,""characters"":[""G"",""I"",""N"",""P"",""T""]},{""position"":3,""characters"":[""A"",""G"",""I"",""L"",""M"",""N"",""R"",""T"",""U""]},{""position"":4,""characters"":[""A"",""D"",""E"",""L"",""M"",""R""]},{""position"":5,""characters"":[""A"",""C"",""E"",""G"",""S""]},{""position"":6,""characters"":[""C"",""E"",""O"",""R"",""T""]},{""position"":7,""characters"":[""C"",""G"",""T""]},{""position"":8,""characters"":[""O""]},{""position"":9,""characters"":[""N""]},{""position"":10,""characters"":[""P"",""S""]}]","false"
"11","ar_to_en","3","[7,26,27]","[{""position"":0,""characters"":[""A"",""C"",""E"",""G"",""H"",""I"",""L"",""M"",""N"",""O"",""R"",""S"",""T"",""U"",""W"",""Y""]},{""position"":1,""characters"":[""E""]},{""position"":2,""characters"":[""C"",""O""]}]","false"
"11","ar_to_en","3","[7,27]","[{""position"":0,""characters"":[""A"",""B"",""C"",""D"",""E"",""F"",""G"",""I"",""K"",""L"",""M"",""N"",""O"",""P"",""R"",""S"",""T"",""W"",""Y""]},{""position"":1,""characters"":[""S""]},{""position"":2,""characters"":[""C"",""G"",""I"",""L"",""M"",""N"",""P"",""S""]}]","false"
"11","ar_to_en","3","[7,27]","[{""position"":0,""characters"":[""A"",""B"",""C"",""D"",""E"",""F"",""H"",""I"",""L"",""M"",""N"",""O"",""P"",""R"",""S"",""T"",""U"",""W"",""Y""]},{""position"":1,""characters"":[""G""]},{""position"":2,""characters"":[""R""]}]","false"
"11","ar_to_en","3","[7,13,27]","[{""position"":0,""characters"":[""A"",""B"",""C"",""D"",""E"",""F"",""G"",""H"",""I"",""J"",""K"",""L"",""M"",""N"",""O"",""P"",""R"",""S"",""T"",""U"",""W"",""X"",""Y""]},{""position"":1,""characters"":[""S""]},{""position"":2,""characters"":[""L"",""N"",""S""]}]","false"
"11","ar_to_en","3","[7,27]","[{""position"":0,""characters"":[""A"",""C"",""D"",""E"",""F"",""G"",""J"",""L"",""M"",""N"",""O"",""P"",""R"",""S"",""T"",""U"",""W"",""Y""]},{""position"":1,""characters"":[""T""]},{""position"":2,""characters"":[""C""]}]","false"
"11","ar_to_en","3","[7,27]","[{""position"":0,""characters"":[""A"",""E"",""I"",""L"",""M"",""N"",""O"",""P"",""S"",""T"",""U"",""X"",""Y""]},{""position"":1,""characters"":[""R""]},{""position"":2,""characters"":[""L""]}]","false"
"11","ar_to_en","3","[7,27]","[{""position"":0,""characters"":[""A"",""E"",""I"",""L"",""M"",""N"",""O"",""P"",""S"",""T"",""U"",""X"",""Y""]},{""position"":1,""characters"":[""D""]},{""position"":2,""characters"":[""E"",""I"",""L"",""N"",""U""]}]","false"
"11","ar_to_en","3","[7,13,19,22,26,27]","[{""position"":0,""characters"":[""A"",""B"",""C"",""D"",""E"",""F"",""G"",""H"",""I"",""J"",""K"",""L"",""M"",""N"",""O"",""P"",""R"",""S"",""T"",""U"",""W"",""Y""]},{""position"":1,""characters"":[""L""]},{""position"":2,""characters"":[""G"",""N"",""R"",""S"",""T""]}]","false"
"11","ar_to_en","3","[7,27]","[{""position"":0,""characters"":[""A"",""C"",""D"",""E"",""F"",""H"",""I"",""K"",""L"",""N"",""O"",""P"",""R"",""U"",""W"",""Y""]},{""position"":1,""characters"":[""A"",""T""]},{""position"":2,""characters"":[""I""]}]","false"
"11","ar_to_en","3","[7,13,19,26,27]","[{""position"":0,""characters"":[""A"",""B"",""C"",""D"",""E"",""F"",""G"",""H"",""I"",""L"",""M"",""O"",""R"",""S"",""T"",""U"",""W"",""Y""]},{""position"":1,""characters"":[""S""]},{""position"":2,""characters"":[""L"",""N"",""S""]}]","false"
"11","ar_to_en","3","[7,26,27]","[{""position"":0,""characters"":[""A"",""C"",""E"",""G"",""H"",""I"",""L"",""M"",""N"",""O"",""P"",""R"",""S"",""T"",""U"",""W"",""Y""]},{""position"":1,""characters"":[""P""]},{""position"":2,""characters"":[""N""]}]","false"
"11","ar_to_en","3","[7,27]","[{""position"":0,""characters"":[""A"",""C"",""E"",""G"",""H"",""I"",""L"",""M"",""N"",""O"",""R"",""S"",""T"",""U"",""W"",""Y""]},{""position"":1,""characters"":[""P""]},{""position"":2,""characters"":[""N""]}]","false"
"11","ar_to_en","3","[7,13,27]","[{""position"":0,""characters"":[""A"",""C"",""D"",""E"",""G"",""H"",""I"",""K"",""L"",""N"",""O"",""P"",""R"",""S"",""T"",""U"",""W"",""Y""]},{""position"":1,""characters"":[""A"",""T""]},{""position"":2,""characters"":[""U""]}]","false"
"11","ar_to_en","3","[7,13,27]","[{""position"":0,""characters"":[""A"",""C"",""D"",""E"",""F"",""G"",""H"",""I"",""K"",""L"",""N"",""O"",""P"",""R"",""S"",""T"",""U"",""W"",""Y""]},{""position"":1,""characters"":[""C"",""N"",""R"",""T""]},{""position"":2,""characters"":[""P""]}]","false"
"11","ar_to_en","3","[7,13,27]","[{""position"":0,""characters"":[""A"",""B"",""C"",""D"",""E"",""F"",""G"",""I"",""K"",""L"",""M"",""N"",""O"",""P"",""R"",""S"",""T"",""W"",""Y""]},{""position"":1,""characters"":[""S""]},{""position"":2,""characters"":[""M"",""N"",""P""]}]","false"
"11","ar_to_en","3","[7,13]","[{""position"":0,""characters"":[""C"",""D"",""N""]},{""position"":1,""characters"":[""A"",""C"",""E"",""T"",""Y""]},{""position"":2,""characters"":[""U""]}]","false"
"11","ar_to_en","6","[7,9]","[{""position"":0,""characters"":[""A"",""C"",""D"",""E"",""F"",""H"",""L"",""M"",""O"",""P"",""R"",""S"",""T"",""W"",""Y""]},{""position"":1,""characters"":[""A"",""E"",""G"",""H"",""I"",""L"",""O"",""R"",""S"",""T"",""U""]},{""position"":2,""characters"":[""A"",""C"",""E"",""G"",""I"",""N"",""O"",""R"",""U""]},{""position"":3,""characters"":[""N""]},{""position"":4,""characters"":[""O""]},{""position"":5,""characters"":[""A"",""Y""]}]","false"
"11","ar_to_en","6","[7,30]","[{""position"":0,""characters"":[""A"",""D"",""E"",""H"",""I"",""R"",""S"",""T""]},{""position"":1,""characters"":[""G"",""I"",""L"",""O""]},{""position"":2,""characters"":[""F""]},{""position"":3,""characters"":[""O""]},{""position"":4,""characters"":[""H"",""L"",""M"",""N"",""P"",""R"",""S"",""T""]},{""position"":5,""characters"":[""A"",""T""]}]","false"
"11","ar_to_en","6","[7,30]","[{""position"":0,""characters"":[""A"",""D"",""E"",""H"",""I"",""R"",""S"",""T""]},{""position"":1,""characters"":[""C"",""E"",""G"",""I"",""N"",""R"",""T""]},{""position"":2,""characters"":[""P""]},{""position"":3,""characters"":[""O""]},{""position"":4,""characters"":[""H"",""L"",""M"",""N"",""P"",""R"",""S"",""T""]},{""position"":5,""characters"":[""A"",""E""]}]","false"
"11","ar_to_en","3","[7,25]","[{""position"":0,""characters"":[""A"",""C"",""E"",""N"",""P"",""R""]},{""position"":1,""characters"":[""A""]},{""position"":2,""characters"":[""P""]}]","false"
"11","ar_to_en","11","[7,19]","[{""position"":0,""characters"":[""C"",""T""]},{""position"":1,""characters"":[""E""]},{""position"":2,""characters"":[""M""]},{""position"":3,""characters"":[""B"",""F"",""M"",""P""]},{""position"":4,""characters"":[""E"",""I"",""O"",""U""]},{""position"":5,""characters"":[""N"",""R"",""T""]},{""position"":6,""characters"":[""A"",""I"",""T""]},{""position"":7,""characters"":[""A"",""T""]},{""position"":8,""characters"":[""B"",""I""]},{""position"":9,""characters"":[""E"",""L"",""O"",""R""]},{""position"":10,""characters"":[""E"",""N"",""S""]}]","false"
"11","ar_to_en","11","[7,30]","[{""position"":0,""characters"":[""A"",""D"",""E"",""I"",""N"",""O"",""T""]},{""position"":1,""characters"":[""C"",""D"",""G"",""H"",""L"",""N"",""O"",""P"",""R"",""S"",""T"",""U"",""X""]},{""position"":2,""characters"":[""F"",""G"",""S""]},{""position"":3,""characters"":[""A"",""C"",""E"",""I"",""N"",""O"",""P"",""R"",""U""]},{""position"":4,""characters"":[""C"",""L"",""N""]},{""position"":5,""characters"":[""A"",""E""]},{""position"":6,""characters"":[""A"",""B"",""C"",""D"",""E"",""F"",""I"",""L"",""M"",""N"",""O"",""P"",""R"",""S"",""T"",""U"",""V""]},{""position"":7,""characters"":[""D"",""E"",""I"",""O"",""P"",""R"",""T"",""U""]},{""position"":8,""characters"":[""M"",""P""]},{""position"":9,""characters"":[""A"",""D"",""G"",""H"",""I"",""L"",""N"",""O"",""U""]},{""position"":10,""characters"":[""A"",""O"",""R""]}]","false"
"11","ar_to_en","11","[7,30]","[{""position"":0,""characters"":[""A"",""E"",""I"",""N"",""O""]},{""position"":1,""characters"":[""A"",""D"",""G"",""H"",""I"",""L"",""N"",""O"",""U""]},{""position"":2,""characters"":[""F"",""G"",""S""]},{""position"":3,""characters"":[""A"",""E"",""G"",""I"",""L"",""N"",""O"",""R"",""S"",""T"",""U""]},{""position"":4,""characters"":[""A"",""D"",""E"",""F"",""L"",""M"",""N"",""R"",""S"",""T"",""V""]},{""position"":5,""characters"":[""A"",""E""]},{""position"":6,""characters"":[""A"",""C"",""E"",""I"",""N"",""R"",""S"",""T"",""U""]},{""position"":7,""characters"":[""A"",""E"",""I"",""O"",""P"",""U""]},{""position"":8,""characters"":[""M"",""P""]},{""position"":9,""characters"":[""C"",""D"",""G"",""H"",""L"",""N"",""O"",""P"",""R"",""S"",""T"",""U"",""X""]},{""position"":10,""characters"":[""A"",""E"",""I"",""T""]}]","false"
"11","ar_to_en","3","[7,30]","[{""position"":0,""characters"":[""A"",""C"",""D"",""E"",""H"",""L"",""M"",""N"",""O"",""P"",""R"",""S"",""T"",""U""]},{""position"":1,""characters"":[""T""]},{""position"":2,""characters"":[""N""]}]","false"
"11","ar_to_en","3","[7,30]","[{""position"":0,""characters"":[""A"",""C"",""D"",""E"",""F"",""G"",""H"",""L"",""M"",""N"",""O"",""P"",""R"",""S"",""T"",""U"",""W"",""X"",""Y""]},{""position"":1,""characters"":[""R""]},{""position"":2,""characters"":[""G""]}]","false"
"11","ar_to_en","3","[7,25]","[{""position"":0,""characters"":[""A"",""B"",""C"",""D"",""E"",""F"",""G"",""H"",""I"",""J"",""K"",""L"",""M"",""N"",""O"",""P"",""R"",""S"",""T"",""U"",""W"",""Y""]},{""position"":1,""characters"":[""F""]},{""position"":2,""characters"":[""A"",""C"",""E"",""I"",""M"",""R"",""S"",""T"",""U""]}]","false"
"11","ar_to_en","3","[7,25]","[{""position"":0,""characters"":[""A"",""B"",""C"",""D"",""E"",""F"",""G"",""H"",""I"",""J"",""K"",""L"",""M"",""N"",""O"",""P"",""R"",""S"",""T"",""U"",""W"",""Y""]},{""position"":1,""characters"":[""F""]},{""position"":2,""characters"":[""A"",""C"",""E"",""M"",""R"",""S"",""T"",""U""]}]","false"
"11","ar_to_en","11","[7,30]","[{""position"":0,""characters"":[""A"",""D"",""E"",""I"",""L"",""N"",""O""]},{""position"":1,""characters"":[""A"",""C"",""E"",""G"",""H"",""I"",""N"",""R"",""S"",""T"",""U""]},{""position"":2,""characters"":[""S""]},{""position"":3,""characters"":[""A"",""E"",""G"",""I"",""L"",""N"",""O"",""R"",""S"",""T"",""U""]},{""position"":4,""characters"":[""A"",""D"",""E"",""F"",""L"",""M"",""N"",""R"",""S"",""T"",""V""]},{""position"":5,""characters"":[""A"",""E"",""I"",""N"",""O"",""T""]},{""position"":6,""characters"":[""C"",""D"",""E"",""I"",""L"",""N"",""P"",""R"",""S"",""T""]},{""position"":7,""characters"":[""A"",""C"",""E"",""I"",""N"",""O"",""P"",""R"",""U""]},{""position"":8,""characters"":[""F"",""G"",""S""]},{""position"":9,""characters"":[""C"",""D"",""G"",""H"",""L"",""N"",""O"",""P"",""R"",""S"",""T"",""U"",""X""]},{""position"":10,""characters"":[""A"",""D"",""E"",""I"",""N"",""O"",""T""]}]","false"
"11","ar_to_en","11","[7,30]","[{""position"":0,""characters"":[""A"",""D"",""O"",""S""]},{""position"":1,""characters"":[""A"",""D"",""E"",""G"",""H"",""L"",""M"",""N"",""P"",""R"",""S"",""T""]},{""position"":2,""characters"":[""S""]},{""position"":3,""characters"":[""A"",""C"",""E"",""I"",""N"",""O"",""P"",""R"",""U""]},{""position"":4,""characters"":[""C"",""L"",""N""]},{""position"":5,""characters"":[""A"",""E"",""I"",""N"",""O"",""T""]},{""position"":6,""characters"":[""B"",""C"",""D"",""E"",""F"",""I"",""L"",""M"",""N"",""P"",""R"",""S"",""T"",""U""]},{""position"":7,""characters"":[""A"",""E"",""G"",""I"",""L"",""N"",""O"",""R"",""S"",""T"",""U""]},{""position"":8,""characters"":[""F"",""G"",""S""]},{""position"":9,""characters"":[""A"",""D"",""G"",""H"",""I"",""L"",""N"",""O"",""U""]},{""position"":10,""characters"":[""A"",""E"",""I"",""N"",""O""]}]","false"
"11","ar_to_en","11","[7,30]","[{""position"":0,""characters"":[""A"",""E""]},{""position"":1,""characters"":[""A"",""D"",""E"",""G"",""H"",""L"",""M"",""N"",""P"",""R"",""S"",""T""]},{""position"":2,""characters"":[""F"",""G"",""S""]},{""position"":3,""characters"":[""A"",""C"",""E"",""I"",""N"",""O"",""P"",""R"",""U""]},{""position"":4,""characters"":[""C"",""L"",""N""]},{""position"":5,""characters"":[""A"",""E"",""I"",""N"",""O"",""T""]},{""position"":6,""characters"":[""B"",""D"",""E"",""F"",""I"",""M"",""N"",""O"",""P"",""R"",""S"",""T""]},{""position"":7,""characters"":[""A"",""E"",""I"",""O"",""P"",""U""]},{""position"":8,""characters"":[""M"",""P""]},{""position"":9,""characters"":[""A"",""D"",""G"",""H"",""I"",""L"",""N"",""O"",""U""]},{""position"":10,""characters"":[""A"",""O"",""R""]}]","false"
"11","ar_to_en","11","[7,30]","[{""position"":0,""characters"":[""A"",""D"",""E"",""I"",""O"",""P""]},{""position"":1,""characters"":[""A"",""C"",""E"",""G"",""H"",""I"",""N"",""R"",""S"",""T"",""U""]},{""position"":2,""characters"":[""F"",""G"",""S""]},{""position"":3,""characters"":[""A"",""E"",""G"",""I"",""L"",""N"",""O"",""R"",""S"",""T"",""U""]},{""position"":4,""characters"":[""A"",""D"",""E"",""F"",""L"",""M"",""N"",""R"",""S"",""T"",""V""]},{""position"":5,""characters"":[""A"",""E"",""I"",""N"",""O"",""T""]},{""position"":6,""characters"":[""O"",""S""]},{""position"":7,""characters"":[""A"",""E"",""I"",""R"",""U""]},{""position"":8,""characters"":[""M"",""P""]},{""position"":9,""characters"":[""C"",""D"",""G"",""H"",""L"",""N"",""O"",""P"",""R"",""S"",""T"",""U"",""X""]},{""position"":10,""characters"":[""A"",""E"",""I"",""T""]}]","false"
"11","ar_to_en","11","[7,30]","[{""position"":0,""characters"":[""A"",""D"",""I"",""L"",""O"",""Y""]},{""position"":1,""characters"":[""C"",""D"",""E"",""G"",""H"",""L"",""M"",""N"",""O"",""P"",""R"",""S"",""T"",""X""]},{""position"":2,""characters"":[""F"",""G"",""S""]},{""position"":3,""characters"":[""A"",""C"",""E"",""I"",""N"",""O"",""P"",""R"",""U""]},{""position"":4,""characters"":[""A"",""E"",""I"",""N"",""O"",""U""]},{""position"":5,""characters"":[""A"",""E"",""F"",""G"",""M"",""N"",""P"",""R"",""S"",""T""]},{""position"":6,""characters"":[""E"",""I"",""L"",""N"",""R"",""U"",""V""]},{""position"":7,""characters"":[""A"",""D"",""E"",""F"",""G"",""L"",""M"",""N"",""R"",""S"",""T""]},{""position"":8,""characters"":[""S""]},{""position"":9,""characters"":[""A"",""C"",""E"",""G"",""H"",""I"",""N"",""R"",""S"",""T"",""U""]},{""position"":10,""characters"":[""A"",""E"",""I"",""O""]}]","false"
"11","ar_to_en","11","[7,30]","[{""position"":0,""characters"":[""A"",""C"",""E"",""M"",""T"",""Y""]},{""position"":1,""characters"":[""A"",""D"",""E"",""G"",""H"",""L"",""M"",""N"",""P"",""R"",""S"",""T""]},{""position"":2,""characters"":[""S""]},{""position"":3,""characters"":[""C"",""K"",""L"",""N""]},{""position"":4,""characters"":[""A"",""D"",""E"",""I"",""L"",""N"",""O"",""U""]},{""position"":5,""characters"":[""A"",""E"",""F"",""G"",""M"",""N"",""P"",""R"",""S"",""T""]},{""position"":6,""characters"":[""A"",""C"",""D"",""E"",""I"",""L"",""N"",""O"",""S"",""T"",""U"",""V""]},{""position"":7,""characters"":[""A"",""E"",""G"",""I"",""L"",""N"",""O"",""R"",""S"",""T"",""U""]},{""position"":8,""characters"":[""F"",""G"",""S""]},{""position"":9,""characters"":[""C"",""D"",""E"",""G"",""I"",""L"",""N"",""P"",""R"",""S"",""T""]},{""position"":10,""characters"":[""A"",""E"",""I"",""L"",""O""]}]","false"
"11","ar_to_en","3","[7,30]","[{""position"":0,""characters"":[""A"",""C"",""D"",""E"",""G"",""H"",""I"",""K"",""L"",""M"",""N"",""O"",""P"",""R"",""S"",""T"",""U"",""W""]},{""position"":1,""characters"":[""O""]},{""position"":2,""characters"":[""E""]}]","false"
"11","ar_to_en","3","[7,30]","[{""position"":0,""characters"":[""A"",""E"",""H"",""I"",""L"",""N"",""O"",""P"",""T"",""U""]},{""position"":1,""characters"":[""L""]},{""position"":2,""characters"":[""R""]}]","false"
"11","ar_to_en","11","[7,30]","[{""position"":0,""characters"":[""A"",""D"",""E"",""I"",""N"",""O"",""T""]},{""position"":1,""characters"":[""C"",""D"",""G"",""H"",""L"",""N"",""O"",""P"",""R"",""S"",""T"",""U"",""X""]},{""position"":2,""characters"":[""F"",""G"",""S""]},{""position"":3,""characters"":[""A"",""C"",""E"",""I"",""N"",""O"",""P"",""R"",""U""]},{""position"":4,""characters"":[""C"",""D"",""E"",""I"",""L"",""N"",""P"",""R"",""S"",""T""]},{""position"":5,""characters"":[""A"",""E"",""F"",""G"",""M"",""N"",""O"",""P"",""R"",""S"",""T""]},{""position"":6,""characters"":[""A"",""C"",""E"",""I"",""N"",""R"",""T"",""U""]},{""position"":7,""characters"":[""A"",""B"",""C"",""D"",""E"",""F"",""G"",""I"",""L"",""M"",""N"",""O"",""P"",""R"",""S"",""T"",""U""]},{""position"":8,""characters"":[""S""]},{""position"":9,""characters"":[""A"",""D"",""E"",""H"",""I"",""O"",""P"",""U""]},{""position"":10,""characters"":[""C"",""D"",""E"",""G"",""I"",""L"",""N"",""P"",""R"",""S"",""T"",""Y""]}]","false"
"11","ar_to_en","11","[7,30]","[{""position"":0,""characters"":[""A"",""E"",""I"",""N"",""O""]},{""position"":1,""characters"":[""A"",""D"",""G"",""H"",""I"",""L"",""N"",""O"",""U""]},{""position"":2,""characters"":[""F"",""G"",""S""]},{""position"":3,""characters"":[""A"",""E"",""G"",""I"",""L"",""N"",""O"",""R"",""S"",""T"",""U""]},{""position"":4,""characters"":[""B"",""C"",""D"",""E"",""F"",""I"",""L"",""M"",""N"",""P"",""R"",""S"",""T"",""U""]},{""position"":5,""characters"":[""A"",""E"",""F"",""G"",""M"",""N"",""O"",""P"",""R"",""S"",""T""]},{""position"":6,""characters"":[""A"",""O"",""R"",""U""]},{""position"":7,""characters"":[""A"",""D"",""F"",""G"",""I"",""L"",""N"",""O"",""U""]},{""position"":8,""characters"":[""S""]},{""position"":9,""characters"":[""A"",""E"",""U""]},{""position"":10,""characters"":[""C"",""D"",""E"",""G"",""L"",""M"",""N"",""O"",""P"",""R"",""S"",""T"",""Y""]}]","false"
"11","ar_to_en","11","[7,30]","[{""position"":0,""characters"":[""A"",""E"",""I"",""N"",""O""]},{""position"":1,""characters"":[""A"",""D"",""G"",""H"",""I"",""L"",""N"",""O"",""U""]},{""position"":2,""characters"":[""F"",""G"",""S""]},{""position"":3,""characters"":[""A"",""E"",""G"",""I"",""L"",""N"",""O"",""R"",""S"",""T"",""U""]},{""position"":4,""characters"":[""B"",""C"",""D"",""E"",""F"",""I"",""L"",""M"",""N"",""P"",""R"",""S"",""T"",""U""]},{""position"":5,""characters"":[""A"",""E"",""I"",""N"",""O"",""T""]},{""position"":6,""characters"":[""C"",""L"",""N""]},{""position"":7,""characters"":[""A"",""E"",""I"",""O"",""U""]},{""position"":8,""characters"":[""M"",""P""]},{""position"":9,""characters"":[""C"",""D"",""G"",""H"",""L"",""N"",""O"",""P"",""R"",""S"",""T"",""U"",""X""]},{""position"":10,""characters"":[""A"",""E"",""I"",""T""]}]","false"
"11","ar_to_en","3","[7,27]","[{""position"":0,""characters"":[""A"",""B"",""C"",""D"",""E"",""F"",""G"",""H"",""I"",""J"",""K"",""L"",""M"",""N"",""O"",""P"",""R"",""S"",""T"",""U"",""W"",""X"",""Y""]},{""position"":1,""characters"":[""A"",""E"",""I"",""O"",""T""]},{""position"":2,""characters"":[""I""]}]","false"
"11","ar_to_en","11","[7,30]","[{""position"":0,""characters"":[""A"",""D"",""E"",""I"",""N"",""O"",""T""]},{""position"":1,""characters"":[""C"",""D"",""G"",""H"",""L"",""N"",""O"",""P"",""R"",""S"",""T"",""U"",""X""]},{""position"":2,""characters"":[""F"",""G"",""S""]},{""position"":3,""characters"":[""A"",""C"",""E"",""I"",""N"",""O"",""P"",""R"",""U""]},{""position"":4,""characters"":[""O"",""S""]},{""position"":5,""characters"":[""A"",""E""]},{""position"":6,""characters"":[""A"",""D"",""E"",""F"",""L"",""M"",""N"",""R"",""S"",""T"",""V""]},{""position"":7,""characters"":[""A"",""E"",""G"",""I"",""L"",""N"",""O"",""R"",""S"",""T"",""U""]},{""position"":8,""characters"":[""S""]},{""position"":9,""characters"":[""A"",""E"",""I"",""N"",""O"",""U""]},{""position"":10,""characters"":[""C"",""L"",""N""]}]","false"
"11","ar_to_en","11","[7,30]","[{""position"":0,""characters"":[""A"",""D"",""E"",""G"",""L"",""M"",""N"",""O"",""P"",""R"",""S"",""T""]},{""position"":1,""characters"":[""A"",""D"",""E"",""I"",""N"",""O"",""T""]},{""position"":2,""characters"":[""S""]},{""position"":3,""characters"":[""A"",""C"",""E"",""I"",""N"",""O"",""P"",""R"",""U""]},{""position"":4,""characters"":[""C"",""L"",""N""]},{""position"":5,""characters"":[""A"",""E""]},{""position"":6,""characters"":[""B"",""D"",""E"",""F"",""I"",""M"",""N"",""O"",""P"",""R"",""S"",""T""]},{""position"":7,""characters"":[""A"",""E"",""G"",""I"",""L"",""N"",""O"",""R"",""S"",""T"",""U""]},{""position"":8,""characters"":[""F"",""G"",""S""]},{""position"":9,""characters"":[""A"",""D"",""G"",""H"",""I"",""L"",""N"",""O"",""U""]},{""position"":10,""characters"":[""A"",""E"",""I"",""N"",""O""]}]","false"
"11","ar_to_en","3","[7,19,27,30]","[{""position"":0,""characters"":[""A"",""B"",""C"",""D"",""E"",""F"",""G"",""H"",""I"",""L"",""M"",""N"",""O"",""P"",""R"",""S"",""T"",""U"",""W"",""X"",""Y""]},{""position"":1,""characters"":[""L"",""N"",""S""]},{""position"":2,""characters"":[""S""]}]","false"
"11","ar_to_en","3","[7,30]","[{""position"":0,""characters"":[""A"",""B"",""C"",""D"",""E"",""G"",""H"",""I"",""K"",""L"",""M"",""N"",""O"",""P"",""R"",""S"",""T"",""U"",""W"",""Y""]},{""position"":1,""characters"":[""N""]},{""position"":2,""characters"":[""P""]}]","false"
"11","ar_to_en","11","[7,30]","[{""position"":0,""characters"":[""A"",""E"",""I"",""N"",""O""]},{""position"":1,""characters"":[""A"",""D"",""G"",""H"",""I"",""L"",""N"",""O"",""U""]},{""position"":2,""characters"":[""F"",""G"",""S""]},{""position"":3,""characters"":[""A"",""E"",""G"",""I"",""L"",""N"",""O"",""R"",""S"",""T"",""U""]},{""position"":4,""characters"":[""B"",""C"",""D"",""E"",""F"",""I"",""L"",""M"",""N"",""P"",""R"",""S"",""T"",""U""]},{""position"":5,""characters"":[""A"",""E"",""I"",""T""]},{""position"":6,""characters"":[""C"",""L"",""N""]},{""position"":7,""characters"":[""A"",""E"",""I"",""L"",""O""]},{""position"":8,""characters"":[""E"",""P""]},{""position"":9,""characters"":[""A"",""P"",""S"",""T""]},{""position"":10,""characters"":[""C"",""D"",""E"",""G"",""L"",""M"",""N"",""O"",""P"",""R"",""S"",""T"",""Y""]}]","false"
"11","ar_to_en","3","[7,30]","[{""position"":0,""characters"":[""A"",""B"",""C"",""D"",""E"",""F"",""G"",""H"",""I"",""J"",""K"",""L"",""M"",""N"",""O"",""P"",""R"",""S"",""T"",""U"",""W"",""Y""]},{""position"":1,""characters"":[""F""]},{""position"":2,""characters"":[""M"",""R""]}]","false"
"11","ar_to_en","3","[7,30]","[{""position"":0,""characters"":[""A"",""B"",""C"",""D"",""E"",""F"",""G"",""H"",""L"",""M"",""N"",""O"",""P"",""R"",""S"",""T"",""U"",""W"",""Y""]},{""position"":1,""characters"":[""T""]},{""position"":2,""characters"":[""O""]}]","false"
"11","ar_to_en","11","[7,30]","[{""position"":0,""characters"":[""A"",""E"",""L"",""O"",""P"",""R""]},{""position"":1,""characters"":[""A"",""C"",""E"",""I"",""N"",""O"",""P"",""R"",""U""]},{""position"":2,""characters"":[""F"",""G"",""S""]},{""position"":3,""characters"":[""A"",""C"",""D"",""E"",""G"",""I"",""L"",""N"",""O"",""S"",""T"",""U""]},{""position"":4,""characters"":[""B"",""D"",""E"",""F"",""I"",""M"",""N"",""O"",""P"",""R"",""S"",""T""]},{""position"":5,""characters"":[""A"",""E""]},{""position"":6,""characters"":[""A"",""E"",""I"",""O"",""U""]},{""position"":7,""characters"":[""A"",""D"",""F"",""G"",""I"",""L"",""N"",""O"",""U""]},{""position"":8,""characters"":[""E"",""P""]},{""position"":9,""characters"":[""A"",""P"",""S"",""T""]},{""position"":10,""characters"":[""C"",""D"",""G"",""L"",""N"",""O"",""P"",""R"",""S"",""T"",""Y""]}]","false"
"11","ar_to_en","11","[7,30]","[{""position"":0,""characters"":[""A"",""D"",""E"",""I"",""L"",""N"",""O""]},{""position"":1,""characters"":[""A"",""C"",""E"",""G"",""H"",""I"",""N"",""R"",""S"",""T"",""U""]},{""position"":2,""characters"":[""S""]},{""position"":3,""characters"":[""A"",""C"",""E"",""I"",""N"",""R"",""T"",""U""]},{""position"":4,""characters"":[""A"",""D"",""E"",""I"",""O"",""R"",""T"",""U""]},{""position"":5,""characters"":[""A"",""E"",""F"",""G"",""M"",""N"",""O"",""P"",""R"",""S"",""T""]},{""position"":6,""characters"":[""A"",""E"",""I"",""O"",""P"",""U""]},{""position"":7,""characters"":[""A"",""C"",""E"",""I"",""N"",""O"",""P"",""R"",""U""]},{""position"":8,""characters"":[""F"",""G"",""S""]},{""position"":9,""characters"":[""C"",""D"",""G"",""H"",""L"",""N"",""O"",""P"",""R"",""S"",""T"",""U"",""X""]},{""position"":10,""characters"":[""A"",""D"",""E"",""I"",""N"",""O"",""T""]}]","false"
"11","ar_to_en","11","[7,30]","[{""position"":0,""characters"":[""A"",""D"",""O"",""S""]},{""position"":1,""characters"":[""A"",""D"",""E"",""G"",""H"",""L"",""M"",""N"",""P"",""R"",""S"",""T""]},{""position"":2,""characters"":[""S""]},{""position"":3,""characters"":[""A"",""O"",""R"",""U""]},{""position"":4,""characters"":[""A"",""E"",""I"",""O"",""U""]},{""position"":5,""characters"":[""A"",""E"",""F"",""G"",""M"",""N"",""O"",""P"",""R"",""S"",""T""]},{""position"":6,""characters"":[""D"",""E"",""I"",""O"",""P"",""R"",""T"",""U""]},{""position"":7,""characters"":[""A"",""E"",""G"",""I"",""L"",""N"",""O"",""R"",""S"",""T"",""U""]},{""position"":8,""characters"":[""F"",""G"",""S""]},{""position"":9,""characters"":[""A"",""D"",""G"",""H"",""I"",""L"",""N"",""O"",""U""]},{""position"":10,""characters"":[""A"",""E"",""I"",""N"",""O""]}]","false"
"11","ar_to_en","11","[7,30]","[{""position"":0,""characters"":[""A"",""D"",""E"",""I"",""N"",""O"",""T""]},{""position"":1,""characters"":[""C"",""D"",""G"",""H"",""L"",""N"",""O"",""P"",""R"",""S"",""T"",""U"",""X""]},{""position"":2,""characters"":[""F"",""G"",""S""]},{""position"":3,""characters"":[""A"",""C"",""E"",""I"",""N"",""O"",""P"",""R"",""U""]},{""position"":4,""characters"":[""C"",""D"",""E"",""I"",""L"",""N"",""P"",""R"",""S"",""T""]},{""position"":5,""characters"":[""A"",""E""]},{""position"":6,""characters"":[""A"",""C"",""D"",""E"",""I"",""L"",""N"",""O"",""S"",""T"",""U"",""V""]},{""position"":7,""characters"":[""A"",""B"",""C"",""D"",""E"",""F"",""G"",""I"",""L"",""M"",""N"",""O"",""P"",""R"",""S"",""T"",""U""]},{""position"":8,""characters"":[""F"",""G"",""S""]},{""position"":9,""characters"":[""A"",""E"",""I"",""O"",""U""]},{""position"":10,""characters"":[""A"",""D"",""G"",""I"",""L"",""N"",""O""]}]","false"
"11","ar_to_en","11","[7,30]","[{""position"":0,""characters"":[""A"",""E"",""I"",""N"",""O""]},{""position"":1,""characters"":[""A"",""D"",""G"",""H"",""I"",""L"",""N"",""O"",""U""]},{""position"":2,""characters"":[""F"",""G"",""S""]},{""position"":3,""characters"":[""A"",""E"",""G"",""I"",""L"",""N"",""O"",""R"",""S"",""T"",""U""]},{""position"":4,""characters"":[""B"",""C"",""D"",""E"",""F"",""I"",""L"",""M"",""N"",""P"",""R"",""S"",""T"",""U""]},{""position"":5,""characters"":[""A"",""E""]},{""position"":6,""characters"":[""A"",""E"",""I"",""N"",""O"",""U""]},{""position"":7,""characters"":[""A"",""C"",""E"",""G"",""I"",""N"",""R"",""S"",""T"",""U""]},{""position"":8,""characters"":[""F"",""G"",""S""]},{""position"":9,""characters"":[""A"",""C"",""E"",""M"",""T""]},{""position"":10,""characters"":[""C"",""D"",""G"",""L"",""N"",""O"",""P"",""R"",""S"",""T"",""Y""]}]","false"
"11","ar_to_en","11","[7,30]","[{""position"":0,""characters"":[""A"",""E"",""G"",""O""]},{""position"":1,""characters"":[""A"",""D"",""E"",""I"",""N"",""O"",""T""]},{""position"":2,""characters"":[""F"",""G"",""S""]},{""position"":3,""characters"":[""A"",""E"",""I"",""N"",""O"",""U""]},{""position"":4,""characters"":[""C"",""L"",""N""]},{""position"":5,""characters"":[""C"",""E"",""F"",""G"",""M"",""N"",""O"",""P"",""R"",""S"",""T""]},{""position"":6,""characters"":[""A"",""E"",""I"",""L"",""N"",""O"",""R"",""S"",""T"",""U""]},{""position"":7,""characters"":[""A"",""C"",""D"",""E"",""G"",""I"",""L"",""N"",""O"",""S"",""T"",""U""]},{""position"":8,""characters"":[""F"",""G"",""S""]},{""position"":9,""characters"":[""C"",""D"",""E"",""G"",""I"",""L"",""N"",""P"",""R"",""S"",""T""]},{""position"":10,""characters"":[""A"",""E"",""I"",""R""]}]","false"
"11","ar_to_en","3","[7,30]","[{""position"":0,""characters"":[""A"",""B"",""C"",""D"",""E"",""F"",""G"",""H"",""I"",""J"",""K"",""L"",""M"",""N"",""O"",""P"",""R"",""S"",""T"",""U"",""W"",""Y""]},{""position"":1,""characters"":[""S""]},{""position"":2,""characters"":[""M"",""R""]}]","false"
"11","ar_to_en","9","[7,11,27]","[{""position"":0,""characters"":[""A"",""E"",""K"",""U""]},{""position"":1,""characters"":[""A"",""D"",""E"",""I"",""N"",""O"",""T""]},{""position"":2,""characters"":[""H"",""N"",""R""]},{""position"":3,""characters"":[""A"",""C"",""D"",""E"",""H"",""L"",""M"",""N"",""O"",""P"",""R"",""S"",""T"",""U"",""V""]},{""position"":4,""characters"":[""A"",""C"",""E"",""I"",""L"",""N"",""O"",""P"",""R"",""S"",""T"",""U""]},{""position"":5,""characters"":[""A"",""O"",""R"",""U""]},{""position"":6,""characters"":[""A"",""C"",""E"",""G"",""H"",""I"",""N"",""R"",""S"",""T"",""U"",""Y""]},{""position"":7,""characters"":[""A"",""E"",""I"",""N"",""O"",""S"",""U""]},{""position"":8,""characters"":[""A""]}]","false"
"11","ar_to_en","9","[7,27]","[{""position"":0,""characters"":[""A"",""E"",""K"",""U""]},{""position"":1,""characters"":[""A"",""P"",""S"",""T""]},{""position"":2,""characters"":[""D"",""H"",""L"",""N"",""R""]},{""position"":3,""characters"":[""A"",""C"",""L"",""N"",""O"",""T"",""U"",""Y""]},{""position"":4,""characters"":[""A"",""C"",""E"",""I"",""L"",""N"",""O"",""P"",""R"",""S"",""T"",""U""]},{""position"":5,""characters"":[""C"",""D"",""E"",""G"",""I"",""L"",""N"",""P"",""R"",""S"",""T"",""Y""]},{""position"":6,""characters"":[""A"",""O"",""R"",""U""]},{""position"":7,""characters"":[""A"",""C"",""E"",""G"",""H"",""L"",""M"",""N"",""O"",""R"",""S"",""T""]},{""position"":8,""characters"":[""O""]}]","false"
"11","ar_to_en","11","[7,11]","[{""position"":0,""characters"":[""A"",""C"",""D"",""E"",""G"",""I"",""M"",""N"",""O"",""P"",""R""]},{""position"":1,""characters"":[""A"",""C"",""E"",""L"",""N"",""O"",""P"",""R"",""S"",""U""]},{""position"":2,""characters"":[""B"",""C"",""E"",""F"",""G"",""I"",""M"",""N"",""O"",""P"",""Q"",""R"",""S"",""T"",""V"",""W""]},{""position"":3,""characters"":[""A"",""B"",""C"",""E"",""G"",""I"",""L"",""M"",""N"",""O"",""P"",""S"",""T"",""U""]},{""position"":4,""characters"":[""A"",""C"",""D"",""E"",""I"",""L"",""N"",""O"",""R"",""S"",""T"",""U""]},{""position"":5,""characters"":[""A"",""C"",""E"",""I"",""M"",""N"",""O"",""R"",""S"",""T""]},{""position"":6,""characters"":[""A"",""C"",""E"",""I"",""M"",""N"",""O"",""P"",""S"",""T""]},{""position"":7,""characters"":[""D"",""E"",""M"",""N"",""R"",""S"",""T""]},{""position"":8,""characters"":[""I""]},{""position"":9,""characters"":[""R""]},{""position"":10,""characters"":[""G"",""S""]}]","false"
"11","ar_to_en","3","[7,11,27]","[{""position"":0,""characters"":[""A"",""C"",""G"",""N"",""S"",""T""]},{""position"":1,""characters"":[""E""]},{""position"":2,""characters"":[""R""]}]","false"
"11","ar_to_en","7","[7,29]","[{""position"":0,""characters"":[""A"",""B"",""D"",""E"",""F"",""G"",""H"",""J"",""K"",""L"",""M"",""N"",""P"",""R"",""S"",""T"",""W"",""Y""]},{""position"":1,""characters"":[""A"",""C"",""E"",""M"",""T"",""Y""]},{""position"":2,""characters"":[""C"",""T""]},{""position"":3,""characters"":[""A"",""C"",""E"",""H"",""I"",""L"",""N"",""O"",""P"",""R"",""S"",""T"",""U""]},{""position"":4,""characters"":[""A"",""B"",""E"",""I"",""L"",""O"",""R"",""T"",""U"",""V"",""Y""]},{""position"":5,""characters"":[""O"",""S""]},{""position"":6,""characters"":[""A"",""E"",""I"",""T""]}]","true"
"11","ar_to_en","3","[7,29]","[{""position"":0,""characters"":[""D"",""E"",""F"",""S""]},{""position"":1,""characters"":[""C"",""L""]},{""position"":2,""characters"":[""N"",""R""]}]","false"
"11","ar_to_en","3","[7,28,29]","[{""position"":0,""characters"":[""A"",""D"",""G""]},{""position"":1,""characters"":[""A""]},{""position"":2,""characters"":[""L""]}]","false"
"11","ar_to_en","11","[7,27]","[{""position"":0,""characters"":[""A"",""C"",""D"",""G"",""R"",""S"",""Y""]},{""position"":1,""characters"":[""E"",""G"",""H"",""I"",""N"",""O"",""T"",""U""]},{""position"":2,""characters"":[""I"",""P""]},{""position"":3,""characters"":[""A"",""C"",""G"",""I"",""M"",""N"",""R"",""T"",""U""]},{""position"":4,""characters"":[""A"",""D"",""E"",""L"",""M"",""R"",""U""]},{""position"":5,""characters"":[""E"",""S""]},{""position"":6,""characters"":[""C"",""E"",""O"",""R"",""S"",""T""]},{""position"":7,""characters"":[""C"",""G"",""I"",""T""]},{""position"":8,""characters"":[""O""]},{""position"":9,""characters"":[""H"",""N""]},{""position"":10,""characters"":[""P"",""S""]}]","false"
"11","ar_to_en","8","[7,20]","[{""position"":0,""characters"":[""A"",""C"",""E"",""L"",""N"",""O""]},{""position"":1,""characters"":[""E""]},{""position"":2,""characters"":[""A"",""B"",""C"",""D"",""G"",""L"",""N"",""O"",""R"",""S"",""T""]},{""position"":3,""characters"":[""A"",""B"",""D"",""E"",""F"",""G"",""H"",""K"",""L"",""M"",""N"",""O"",""P"",""R"",""S"",""T"",""W""]},{""position"":4,""characters"":[""A"",""D"",""E"",""H"",""I"",""K"",""O"",""P"",""U""]},{""position"":5,""characters"":[""C"",""L"",""N""]},{""position"":6,""characters"":[""A"",""C"",""E"",""H"",""I"",""L"",""N"",""O"",""P"",""R"",""S"",""T"",""U"",""X""]},{""position"":7,""characters"":[""A"",""E"",""N"",""O"",""R"",""T""]}]","true"
"11","ar_to_en","5","[7,20]","[{""position"":0,""characters"":[""A"",""B"",""C"",""D"",""F"",""G"",""K"",""M"",""N"",""O"",""P"",""S"",""T""]},{""position"":1,""characters"":[""A"",""C"",""R""]},{""position"":2,""characters"":[""D"",""E""]},{""position"":3,""characters"":[""E"",""L""]},{""position"":4,""characters"":[""A"",""P"",""T""]}]","true"
"11","ar_to_en","6","[7,20]","[{""position"":0,""characters"":[""A"",""C"",""D"",""E"",""F"",""L"",""M"",""P"",""R"",""S"",""T"",""Y""]},{""position"":1,""characters"":[""A"",""E"",""I"",""O"",""T"",""U""]},{""position"":2,""characters"":[""C"",""E"",""O"",""T""]},{""position"":3,""characters"":[""N""]},{""position"":4,""characters"":[""T""]},{""position"":5,""characters"":[""E"",""I"",""R"",""W""]}]","false"
"11","ar_to_en","3","[7,20]","[{""position"":0,""characters"":[""A"",""E"",""M"",""P"",""S"",""Y""]},{""position"":1,""characters"":[""T""]},{""position"":2,""characters"":[""D"",""R"",""S""]}]","false"
"11","ar_to_en","3","[7,18]","[{""position"":0,""characters"":[""E"",""K"",""L"",""N"",""S""]},{""position"":1,""characters"":[""E"",""Y""]},{""position"":2,""characters"":[""R""]}]","false"
"11","ar_to_en","4","[7,25]","[{""position"":0,""characters"":[""A"",""N""]},{""position"":1,""characters"":[""D"",""L"",""O"",""P"",""S""]},{""position"":2,""characters"":[""A""]},{""position"":3,""characters"":[""M"",""S""]}]","true"
"11","ar_to_en","4","[7,25]","[{""position"":0,""characters"":[""A"",""E"",""H"",""T"",""W""]},{""position"":1,""characters"":[""A"",""B"",""E"",""S"",""U""]},{""position"":2,""characters"":[""L""]},{""position"":3,""characters"":[""C""]}]","false"
"11","ar_to_en","6","[7,28]","[{""position"":0,""characters"":[""A"",""B"",""D"",""E"",""F"",""H"",""L"",""M"",""N"",""P"",""R"",""S"",""T"",""W"",""Y""]},{""position"":1,""characters"":[""A"",""E"",""I"",""L"",""N"",""O"",""P"",""S"",""T""]},{""position"":2,""characters"":[""T""]},{""position"":3,""characters"":[""C"",""E"",""L"",""R""]},{""position"":4,""characters"":[""W""]},{""position"":5,""characters"":[""E"",""R"",""U"",""W""]}]","false"
"11","ar_to_en","4","[7,18,27]","[{""position"":0,""characters"":[""A"",""D"",""O"",""S""]},{""position"":1,""characters"":[""A"",""E"",""T""]},{""position"":2,""characters"":[""D"",""N""]},{""position"":3,""characters"":[""E""]}]","false"
"11","ar_to_en","7","[9,25]","[{""position"":0,""characters"":[""A"",""E"",""I"",""N"",""O"",""U"",""W""]},{""position"":1,""characters"":[""A"",""D"",""F"",""G"",""H"",""I"",""L"",""N"",""O"",""U"",""W""]},{""position"":2,""characters"":[""A"",""C"",""E"",""N"",""O"",""R"",""T"",""V""]},{""position"":3,""characters"":[""A"",""E""]},{""position"":4,""characters"":[""C"",""D"",""E"",""G"",""H"",""I"",""L"",""M"",""N"",""O"",""P"",""R"",""S"",""T"",""W""]},{""position"":5,""characters"":[""A"",""E"",""I"",""N"",""O"",""U"",""W""]},{""position"":6,""characters"":[""C"",""K"",""L"",""N""]}]","false"
"11","ar_to_en","7","[9,25]","[{""position"":0,""characters"":[""A"",""D"",""E"",""H"",""I"",""K"",""O"",""P"",""U""]},{""position"":1,""characters"":[""A"",""D"",""E"",""H"",""I"",""O"",""P"",""U""]},{""position"":2,""characters"":[""A"",""C"",""D"",""G"",""I"",""L"",""N"",""O"",""R"",""S"",""T""]},{""position"":3,""characters"":[""A"",""E"",""I"",""T""]},{""position"":4,""characters"":[""E"",""I"",""N"",""S""]},{""position"":5,""characters"":[""C"",""L"",""N""]},{""position"":6,""characters"":[""A"",""D"",""E"",""I"",""L"",""N"",""O"",""U""]}]","false"
"11","ar_to_en","11","[9,17]","[{""position"":0,""characters"":[""A"",""C"",""D"",""E"",""G"",""I"",""L"",""M"",""N"",""O"",""P"",""R"",""S"",""T"",""Y""]},{""position"":1,""characters"":[""A"",""C"",""D"",""E"",""G"",""H"",""I"",""L"",""M"",""N"",""O"",""P"",""R"",""S"",""T"",""U"",""V""]},{""position"":2,""characters"":[""G"",""N"",""P"",""S"",""T""]},{""position"":3,""characters"":[""A"",""B"",""C"",""D"",""E"",""F"",""G"",""I"",""K"",""L"",""M"",""N"",""O"",""P"",""R"",""S"",""T"",""U""]},{""position"":4,""characters"":[""A"",""B"",""C"",""D"",""E"",""F"",""I"",""L"",""M"",""N"",""O"",""P"",""R"",""S"",""T"",""U""]},{""position"":5,""characters"":[""A"",""C"",""E"",""F"",""G"",""I"",""M"",""N"",""O"",""P"",""R"",""S"",""T"",""U""]},{""position"":6,""characters"":[""A"",""B"",""C"",""D"",""E"",""F"",""I"",""L"",""M"",""N"",""O"",""P"",""R"",""S"",""T"",""U"",""V""]},{""position"":7,""characters"":[""A"",""C"",""D"",""E"",""F"",""G"",""I"",""K"",""L"",""N"",""O"",""P"",""R"",""S"",""T"",""U""]},{""position"":8,""characters"":[""E""]},{""position"":9,""characters"":[""A"",""C"",""D"",""E"",""G"",""H"",""I"",""L"",""M"",""N"",""O"",""P"",""R"",""S"",""T"",""U"",""X""]},{""position"":10,""characters"":[""A"",""C"",""D"",""E"",""G"",""I"",""L"",""M"",""N"",""O"",""P"",""R"",""S"",""T"",""Y""]}]","true"
"11","ar_to_en","7","[9,26]","[{""position"":0,""characters"":[""A"",""B"",""C"",""D"",""E"",""F"",""G"",""H"",""I"",""M"",""P"",""R"",""S"",""T""]},{""position"":1,""characters"":[""A"",""E"",""I"",""L"",""N"",""O"",""R"",""U"",""Y""]},{""position"":2,""characters"":[""N"",""T"",""Y""]},{""position"":3,""characters"":[""A"",""D"",""E"",""K"",""L"",""S"",""T""]},{""position"":4,""characters"":[""E""]},{""position"":5,""characters"":[""T""]},{""position"":6,""characters"":[""C"",""D"",""E"",""G"",""N"",""P"",""R"",""S"",""T"",""W"",""Y""]}]","false"
"11","ar_to_en","3","[9,17,21]","[{""position"":0,""characters"":[""A"",""C"",""D"",""E"",""F"",""H"",""I"",""L"",""M"",""O"",""P"",""R"",""S"",""T"",""U"",""Y""]},{""position"":1,""characters"":[""Y""]},{""position"":2,""characters"":[""C"",""G"",""I"",""M"",""P"",""T""]}]","false"
"11","ar_to_en","6","[9,11]","[{""position"":0,""characters"":[""A"",""D"",""E"",""I"",""L"",""N"",""O"",""U""]},{""position"":1,""characters"":[""A"",""C"",""D"",""E"",""F"",""G"",""H"",""I"",""L"",""N"",""O"",""P"",""R"",""S"",""T"",""U"",""V"",""X"",""Y""]},{""position"":2,""characters"":[""E"",""I"",""N"",""S""]},{""position"":3,""characters"":[""A"",""C"",""E"",""F"",""I"",""L"",""N"",""O"",""R"",""U"",""X""]},{""position"":4,""characters"":[""C"",""K"",""L"",""N""]},{""position"":5,""characters"":[""A"",""E"",""I"",""N"",""O"",""U"",""W""]}]","true"
"11","ar_to_en","6","[9,11]","[{""position"":0,""characters"":[""A"",""D"",""E"",""L"",""N"",""U""]},{""position"":1,""characters"":[""O""]},{""position"":2,""characters"":[""E""]},{""position"":3,""characters"":[""G""]},{""position"":4,""characters"":[""E"",""I"",""L"",""O""]},{""position"":5,""characters"":[""D"",""F"",""H"",""I"",""L"",""O"",""U""]}]","false"
"11","ar_to_en","3","[9,23]","[{""position"":0,""characters"":[""A"",""B"",""C"",""D"",""E"",""F"",""G"",""H"",""I"",""J"",""L"",""M"",""N"",""O"",""P"",""R"",""S"",""T"",""U"",""W"",""Y""]},{""position"":1,""characters"":[""D"",""G"",""L"",""N"",""S"",""T""]},{""position"":2,""characters"":[""C""]}]","false"
"11","ar_to_en","3","[9,23]","[{""position"":0,""characters"":[""A"",""B"",""C"",""D"",""E"",""F"",""G"",""H"",""I"",""K"",""L"",""M"",""N"",""P"",""R"",""S"",""T"",""U"",""W"",""Y""]},{""position"":1,""characters"":[""A"",""E"",""O"",""P"",""S"",""T""]},{""position"":2,""characters"":[""I""]}]","false"
"11","ar_to_en","3","[9,23]","[{""position"":0,""characters"":[""A"",""B"",""C"",""D"",""E"",""F"",""G"",""H"",""I"",""J"",""L"",""M"",""N"",""O"",""P"",""R"",""S"",""T"",""U"",""W"",""Y""]},{""position"":1,""characters"":[""G"",""N"",""R"",""S"",""T""]},{""position"":2,""characters"":[""L""]}]","false"
"11","ar_to_en","6","[9,17]","[{""position"":0,""characters"":[""A"",""D"",""E"",""H"",""I"",""K"",""O"",""P"",""U""]},{""position"":1,""characters"":[""A"",""E"",""I"",""R"",""U""]},{""position"":2,""characters"":[""A"",""C"",""D"",""E"",""G"",""H"",""I"",""L"",""M"",""N"",""O"",""P"",""R"",""S"",""T"",""U"",""V"",""W""]},{""position"":3,""characters"":[""A"",""C"",""G"",""N"",""O"",""T""]},{""position"":4,""characters"":[""A"",""E""]},{""position"":5,""characters"":[""A"",""E"",""K"",""U""]}]","false"
"11","ar_to_en","7","[9,17]","[{""position"":0,""characters"":[""A"",""B"",""D"",""E"",""G"",""L"",""N"",""R"",""T""]},{""position"":1,""characters"":[""A"",""C"",""E"",""G"",""L"",""M"",""N"",""O"",""P"",""R"",""S"",""T""]},{""position"":2,""characters"":[""A"",""C"",""E"",""G"",""I"",""L"",""O"",""P"",""R"",""T"",""U""]},{""position"":3,""characters"":[""A"",""C"",""P"",""R"",""S"",""T"",""W""]},{""position"":4,""characters"":[""S""]},{""position"":5,""characters"":[""I"",""T""]},{""position"":6,""characters"":[""A"",""I""]}]","false"
"11","ar_to_en","9","[9,28]","[{""position"":0,""characters"":[""A"",""E"",""H"",""I"",""L"",""O"",""S"",""U""]},{""position"":1,""characters"":[""B"",""C"",""D"",""E"",""F"",""H"",""I"",""L"",""M"",""N"",""O"",""P"",""R"",""S"",""T"",""U"",""W""]},{""position"":2,""characters"":[""B"",""E"",""M"",""P""]},{""position"":3,""characters"":[""E"",""T""]},{""position"":4,""characters"":[""C"",""D"",""G"",""L"",""N"",""O"",""P"",""R"",""S"",""T"",""U"",""Y""]},{""position"":5,""characters"":[""A"",""E"",""O"",""U""]},{""position"":6,""characters"":[""A"",""C"",""E"",""H"",""I"",""L"",""N"",""O"",""P"",""R"",""S"",""T"",""U""]},{""position"":7,""characters"":[""C"",""D"",""E"",""F"",""G"",""H"",""I"",""L"",""M"",""N"",""O"",""P"",""R"",""S"",""T"",""U"",""V"",""W""]},{""position"":8,""characters"":[""I"",""L""]}]","false"
"11","ar_to_en","3","[9,28]","[{""position"":0,""characters"":[""B"",""D"",""E"",""T""]},{""position"":1,""characters"":[""G"",""Y""]},{""position"":2,""characters"":[""C"",""D"",""H"",""L"",""N"",""R"",""S""]}]","false"
"11","ar_to_en","5","[9,21]","[{""position"":0,""characters"":[""A"",""C"",""E"",""H"",""I"",""L"",""N"",""O"",""P"",""R"",""S"",""T"",""U"",""X""]},{""position"":1,""characters"":[""C"",""K"",""L"",""N""]},{""position"":2,""characters"":[""H"",""N"",""R""]},{""position"":3,""characters"":[""A"",""D"",""E"",""I"",""K"",""N"",""O"",""T""]},{""position"":4,""characters"":[""A"",""E"",""K"",""U""]}]","false"
"11","ar_to_en","3","[9,19,20,22]","[{""position"":0,""characters"":[""C"",""N""]},{""position"":1,""characters"":[""O""]},{""position"":2,""characters"":[""C"",""N""]}]","false"
"11","ar_to_en","3","[9,21]","[{""position"":0,""characters"":[""A""]},{""position"":1,""characters"":[""A""]},{""position"":2,""characters"":[""N""]}]","false"
"11","ar_to_en","3","[9,28,29]","[{""position"":0,""characters"":[""A"",""B"",""C"",""L"",""M"",""N"",""P"",""R"",""S"",""T""]},{""position"":1,""characters"":[""C"",""P""]},{""position"":2,""characters"":[""E"",""K"",""L"",""N"",""S""]}]","false"
"11","ar_to_en","3","[9,21]","[{""position"":0,""characters"":[""A"",""D"",""E"",""N"",""T""]},{""position"":1,""characters"":[""N""]},{""position"":2,""characters"":[""N""]}]","false"
"11","ar_to_en","5","[9,23]","[{""position"":0,""characters"":[""C"",""G"",""L"",""N"",""P"",""S"",""T""]},{""position"":1,""characters"":[""E"",""T""]},{""position"":2,""characters"":[""E""]},{""position"":3,""characters"":[""S""]},{""position"":4,""characters"":[""E"",""K"",""T""]}]","false"
"11","ar_to_en","4","[9,23]","[{""position"":0,""characters"":[""E""]},{""position"":1,""characters"":[""A"",""C"",""E"",""F"",""N"",""U""]},{""position"":2,""characters"":[""D"",""N"",""R""]},{""position"":3,""characters"":[""R"",""W""]}]","false"
"11","ar_to_en","7","[10,11]","[{""position"":0,""characters"":[""D"",""E"",""G"",""M"",""R""]},{""position"":1,""characters"":[""A"",""E"",""G"",""N"",""R"",""U"",""X""]},{""position"":2,""characters"":[""A"",""C"",""I"",""P"",""S"",""U""]},{""position"":3,""characters"":[""S""]},{""position"":4,""characters"":[""A"",""I"",""O"",""S""]},{""position"":5,""characters"":[""A"",""E"",""I"",""R""]},{""position"":6,""characters"":[""E""]}]","false"
"11","ar_to_en","11","[10,11]","[{""position"":0,""characters"":[""A"",""C"",""D"",""E"",""I"",""N"",""O"",""P"",""R""]},{""position"":1,""characters"":[""C"",""D"",""E"",""L"",""N"",""O"",""P"",""R"",""S"",""U""]},{""position"":2,""characters"":[""B"",""C"",""E"",""G"",""I"",""M"",""N"",""P"",""R"",""S"",""T"",""V"",""W""]},{""position"":3,""characters"":[""A"",""B"",""C"",""E"",""I"",""L"",""M"",""N"",""O"",""P"",""T"",""U""]},{""position"":4,""characters"":[""A"",""D"",""E"",""L"",""O"",""R"",""S"",""U""]},{""position"":5,""characters"":[""C"",""E"",""N"",""R"",""S"",""T""]},{""position"":6,""characters"":[""A""]},{""position"":7,""characters"":[""E"",""S""]},{""position"":8,""characters"":[""I""]},{""position"":9,""characters"":[""A"",""C"",""E"",""N"",""O"",""R"",""V""]},{""position"":10,""characters"":[""E"",""L"",""M"",""N"",""O"",""S""]}]","false"
"11","ar_to_en","3","[10,29]","[{""position"":0,""characters"":[""C"",""T""]},{""position"":1,""characters"":[""R""]},{""position"":2,""characters"":[""E"",""T""]}]","false"
"11","ar_to_en","5","[10,11]","[{""position"":0,""characters"":[""A"",""C"",""D"",""E"",""G"",""H"",""I"",""L"",""O"",""P"",""R"",""T"",""U""]},{""position"":1,""characters"":[""C"",""D"",""E"",""G"",""I"",""L"",""N"",""P"",""R"",""S"",""T"",""Y""]},{""position"":2,""characters"":[""A"",""C"",""G"",""N"",""O"",""T""]},{""position"":3,""characters"":[""A"",""E""]},{""position"":4,""characters"":[""A"",""E"",""K"",""U""]}]","false"
"11","ar_to_en","8","[10,19,25]","[{""position"":0,""characters"":[""A"",""C"",""D"",""E"",""G"",""H"",""I"",""K"",""L"",""M"",""N"",""P"",""R"",""S"",""T"",""V"",""W""]},{""position"":1,""characters"":[""I"",""N"",""U""]},{""position"":2,""characters"":[""O"",""S""]},{""position"":3,""characters"":[""A"",""D"",""F"",""I"",""L"",""O"",""Y""]},{""position"":4,""characters"":[""B"",""C"",""D"",""E"",""F"",""G"",""H"",""K"",""L"",""M"",""N"",""O"",""P"",""R"",""S"",""T"",""W"",""Y""]},{""position"":5,""characters"":[""A"",""C"",""E"",""F"",""I"",""L"",""N"",""O"",""R"",""U""]},{""position"":6,""characters"":[""C"",""K"",""L"",""N""]},{""position"":7,""characters"":[""H"",""N"",""R""]}]","false"
"11","ar_to_en","5","[10,17]","[{""position"":0,""characters"":[""A"",""B"",""C"",""D"",""E"",""F"",""G"",""H"",""K"",""L"",""M"",""N"",""P"",""R"",""S"",""T"",""W"",""Y""]},{""position"":1,""characters"":[""E""]},{""position"":2,""characters"":[""E""]},{""position"":3,""characters"":[""C"",""G"",""I"",""L"",""N"",""R"",""S"",""T"",""U""]},{""position"":4,""characters"":[""A"",""E"",""I"",""M"",""O"",""T"",""U""]}]","true"
"11","ar_to_en","5","[10,25,27]","[{""position"":0,""characters"":[""A"",""E"",""I"",""O"",""U""]},{""position"":1,""characters"":[""C"",""D"",""E"",""G"",""I"",""L"",""N"",""P"",""R"",""S"",""T"",""Y""]},{""position"":2,""characters"":[""A"",""C"",""G"",""N"",""O"",""T""]},{""position"":3,""characters"":[""A"",""E""]},{""position"":4,""characters"":[""A"",""E"",""K"",""U""]}]","false"
"11","ar_to_en","5","[10,25]","[{""position"":0,""characters"":[""A"",""E"",""G"",""O""]},{""position"":1,""characters"":[""A"",""D"",""E"",""I"",""K"",""N"",""O"",""T""]},{""position"":2,""characters"":[""A"",""C"",""E"",""N"",""O"",""R"",""T"",""V""]},{""position"":3,""characters"":[""A"",""E"",""I"",""N"",""O"",""U"",""W""]},{""position"":4,""characters"":[""C"",""K"",""L"",""N""]}]","true"
"11","ar_to_en","3","[10,19]","[{""position"":0,""characters"":[""H"",""S""]},{""position"":1,""characters"":[""R""]},{""position"":2,""characters"":[""L""]}]","false"
"11","ar_to_en","9","[10,19]","[{""position"":0,""characters"":[""A"",""B"",""C"",""D"",""E"",""F"",""G"",""I"",""K"",""L"",""N"",""P"",""R"",""S"",""T"",""W"",""Y""]},{""position"":1,""characters"":[""A"",""C"",""D"",""E"",""G"",""H"",""L"",""N"",""O"",""P"",""Q"",""R"",""S"",""T"",""U"",""V"",""X""]},{""position"":2,""characters"":[""L"",""N"",""R"",""S"",""U""]},{""position"":3,""characters"":[""A"",""C"",""D"",""E"",""F"",""G"",""H"",""I"",""L"",""M"",""N"",""O"",""P"",""R"",""S"",""T"",""U"",""V"",""W"",""Y""]},{""position"":4,""characters"":[""A"",""C"",""D"",""E"",""G"",""I"",""K"",""L"",""M"",""N"",""O"",""P"",""R"",""S"",""T"",""U"",""Y""]},{""position"":5,""characters"":[""A"",""C"",""D"",""E"",""F"",""G"",""H"",""I"",""L"",""M"",""N"",""O"",""P"",""R"",""S"",""T"",""U""]},{""position"":6,""characters"":[""E"",""O"",""S""]},{""position"":7,""characters"":[""C"",""F"",""G"",""L"",""R"",""S"",""Y""]},{""position"":8,""characters"":[""E"",""R"",""T""]}]","true"
"11","ar_to_en","5","[10,18,19]","[{""position"":0,""characters"":[""A"",""D"",""E"",""I"",""L"",""N"",""O"",""U""]},{""position"":1,""characters"":[""C"",""K"",""L"",""N""]},{""position"":2,""characters"":[""A"",""C"",""N"",""O"",""T""]},{""position"":3,""characters"":[""A"",""E"",""G"",""O""]},{""position"":4,""characters"":[""A"",""E"",""K"",""U""]}]","false"
"11","ar_to_en","3","[10,18,19,25]","[{""position"":0,""characters"":[""A"",""D"",""G"",""T""]},{""position"":1,""characters"":[""H""]},{""position"":2,""characters"":[""E""]}]","false"
"11","ar_to_en","4","[11,22]","[{""position"":0,""characters"":[""A"",""C"",""D"",""E"",""G"",""H"",""I"",""L"",""M"",""N"",""O"",""P"",""R"",""S"",""T"",""U"",""V""]},{""position"":1,""characters"":[""E"",""N"",""T""]},{""position"":2,""characters"":[""O"",""S""]},{""position"":3,""characters"":[""A"",""E""]}]","false"
"11","ar_to_en","3","[11,17]","[{""position"":0,""characters"":[""C"",""R""]},{""position"":1,""characters"":[""K"",""L""]},{""position"":2,""characters"":[""E"",""I"",""O"",""S"",""Y""]}]","false"
"11","ar_to_en","3","[11,23,29]","[{""position"":0,""characters"":[""E"",""S""]},{""position"":1,""characters"":[""D""]},{""position"":2,""characters"":[""R"",""T""]}]","false"
"11","ar_to_en","11","[11,23]","[{""position"":0,""characters"":[""A"",""D"",""E"",""T""]},{""position"":1,""characters"":[""C"",""G"",""H"",""L"",""N"",""O"",""R"",""S"",""T""]},{""position"":2,""characters"":[""D"",""E"",""M"",""N"",""R"",""S"",""T""]},{""position"":3,""characters"":[""A"",""E"",""I"",""N"",""P"",""R"",""S"",""T""]},{""position"":4,""characters"":[""C"",""D"",""E"",""I"",""N"",""P"",""R"",""T"",""U""]},{""position"":5,""characters"":[""A"",""C"",""E"",""I"",""N"",""R"",""S"",""T""]},{""position"":6,""characters"":[""A"",""B"",""E"",""M"",""N"",""P"",""S"",""T""]},{""position"":7,""characters"":[""E""]},{""position"":8,""characters"":[""C"",""E"",""I"",""O"",""P"",""T""]},{""position"":9,""characters"":[""A"",""C"",""E"",""L"",""M"",""N"",""R"",""V""]},{""position"":10,""characters"":[""D"",""E"",""I"",""N"",""R"",""T""]}]","false"
"11","ar_to_en","11","[11,23]","[{""position"":0,""characters"":[""A"",""C"",""E"",""S""]},{""position"":1,""characters"":[""D"",""H"",""N"",""O"",""R"",""T""]},{""position"":2,""characters"":[""A"",""C"",""E"",""N"",""O"",""R"",""T""]},{""position"":3,""characters"":[""E""]},{""position"":4,""characters"":[""A"",""P"",""T""]},{""position"":5,""characters"":[""A"",""E"",""I""]},{""position"":6,""characters"":[""A"",""E"",""L"",""M"",""P"",""R"",""T""]},{""position"":7,""characters"":[""A"",""E"",""I"",""N"",""O"",""S"",""T"",""U""]},{""position"":8,""characters"":[""A"",""C"",""G"",""N"",""O"",""T""]},{""position"":9,""characters"":[""C"",""G"",""L"",""N"",""O"",""R"",""T""]},{""position"":10,""characters"":[""A"",""E"",""T""]}]","false"
"11","ar_to_en","11","[11,23]","[{""position"":0,""characters"":[""A"",""C"",""E"",""I"",""T""]},{""position"":1,""characters"":[""A"",""C"",""E"",""L"",""N"",""R"",""X""]},{""position"":2,""characters"":[""A"",""C"",""G"",""O"",""T""]},{""position"":3,""characters"":[""C"",""D"",""E"",""G"",""N"",""R"",""T""]},{""position"":4,""characters"":[""C"",""E"",""T""]},{""position"":5,""characters"":[""A"",""C"",""R"",""S"",""T""]},{""position"":6,""characters"":[""E"",""I"",""M"",""O"",""R"",""S"",""T""]},{""position"":7,""characters"":[""C"",""I"",""N"",""O"",""R"",""S"",""T""]},{""position"":8,""characters"":[""E"",""I"",""N"",""S""]},{""position"":9,""characters"":[""A"",""D"",""G"",""H"",""N"",""R""]},{""position"":10,""characters"":[""A"",""C"",""T""]}]","false"
"11","ar_to_en","11","[11,23]","[{""position"":0,""characters"":[""A"",""E"",""I"",""L"",""P"",""R"",""S"",""T""]},{""position"":1,""characters"":[""E""]},{""position"":2,""characters"":[""D"",""M"",""N"",""R"",""T""]},{""position"":3,""characters"":[""A""]},{""position"":4,""characters"":[""C"",""D"",""E"",""M"",""P"",""R"",""T""]},{""position"":5,""characters"":[""E"",""I"",""R"",""S"",""T""]},{""position"":6,""characters"":[""A"",""L"",""M"",""N"",""O""]},{""position"":7,""characters"":[""A"",""C"",""D"",""F"",""S"",""T""]},{""position"":8,""characters"":[""E"",""N"",""R"",""U""]},{""position"":9,""characters"":[""D"",""L"",""O""]},{""position"":10,""characters"":[""C"",""E"",""P"",""T"",""Y""]}]","false"
"11","ar_to_en","11","[11,23]","[{""position"":0,""characters"":[""A"",""D"",""O"",""S""]},{""position"":1,""characters"":[""C"",""D"",""G"",""H"",""L"",""N"",""O"",""P"",""R"",""S"",""T""]},{""position"":2,""characters"":[""S""]},{""position"":3,""characters"":[""A"",""C"",""D"",""E"",""G"",""I"",""N"",""O"",""R"",""T"",""U""]},{""position"":4,""characters"":[""A"",""B"",""E"",""I"",""L"",""O"",""R"",""T"",""U"",""V""]},{""position"":5,""characters"":[""C"",""I"",""M"",""N"",""P"",""R"",""S"",""T"",""U"",""V""]},{""position"":6,""characters"":[""B"",""C"",""D"",""E"",""F"",""L"",""M"",""N"",""P"",""R"",""S"",""T""]},{""position"":7,""characters"":[""A"",""D"",""O"",""S""]},{""position"":8,""characters"":[""E"",""N"",""R"",""T""]},{""position"":9,""characters"":[""A"",""C"",""D"",""E"",""G"",""I"",""N"",""O"",""R"",""S"",""U""]},{""position"":10,""characters"":[""A"",""E"",""I"",""N"",""O""]}]","false"
"11","ar_to_en","3","[11,23,29]","[{""position"":0,""characters"":[""C"",""E"",""N"",""P""]},{""position"":1,""characters"":[""L""]},{""position"":2,""characters"":[""E"",""I"",""M"",""N"",""O"",""T"",""X""]}]","false"
"11","ar_to_en","3","[11,23]","[{""position"":0,""characters"":[""A"",""C"",""E"",""I"",""N"",""O"",""R"",""S"",""T"",""U""]},{""position"":1,""characters"":[""L""]},{""position"":2,""characters"":[""M""]}]","false"
"11","ar_to_en","3","[11,23,29]","[{""position"":0,""characters"":[""C"",""N"",""T""]},{""position"":1,""characters"":[""G""]},{""position"":2,""characters"":[""I"",""M"",""X""]}]","false"
"11","ar_to_en","11","[11,23]","[{""position"":0,""characters"":[""C"",""L"",""P"",""R"",""S"",""T""]},{""position"":1,""characters"":[""A"",""D"",""G"",""H"",""L"",""O"",""R"",""T""]},{""position"":2,""characters"":[""A"",""C"",""E"",""N"",""O"",""T"",""V""]},{""position"":3,""characters"":[""E"",""F"",""M"",""N"",""S"",""T""]},{""position"":4,""characters"":[""A"",""E"",""T""]},{""position"":5,""characters"":[""A"",""E"",""O""]},{""position"":6,""characters"":[""C"",""E"",""I"",""L"",""N"",""R"",""T""]},{""position"":7,""characters"":[""C"",""E"",""I"",""N"",""O"",""R"",""S"",""T"",""U""]},{""position"":8,""characters"":[""A"",""C"",""E"",""N"",""O"",""T"",""V""]},{""position"":9,""characters"":[""D"",""H"",""L"",""N"",""O"",""R"",""T""]},{""position"":10,""characters"":[""D"",""E"",""T""]}]","false"
"11","ar_to_en","11","[11,23]","[{""position"":0,""characters"":[""A"",""C"",""D"",""E"",""R"",""S""]},{""position"":1,""characters"":[""D"",""H"",""L"",""N"",""O"",""R"",""T""]},{""position"":2,""characters"":[""A"",""C"",""E"",""N"",""O"",""T"",""V""]},{""position"":3,""characters"":[""E""]},{""position"":4,""characters"":[""C"",""D"",""E"",""F"",""L"",""N"",""P"",""R"",""T""]},{""position"":5,""characters"":[""A"",""E"",""O""]},{""position"":6,""characters"":[""A"",""C"",""D"",""E"",""I"",""T""]},{""position"":7,""characters"":[""C"",""D"",""N"",""O"",""R"",""S"",""T""]},{""position"":8,""characters"":[""A"",""C"",""E"",""N"",""O"",""T"",""V""]},{""position"":9,""characters"":[""A"",""E""]},{""position"":10,""characters"":[""C"",""L"",""P"",""T""]}]","false"
"11","ar_to_en","3","[11,23,29]","[{""position"":0,""characters"":[""E"",""G"",""I"",""M"",""N"",""R"",""T"",""U""]},{""position"":1,""characters"":[""T""]},{""position"":2,""characters"":[""F"",""I"",""K"",""N"",""O"",""S"",""T""]}]","false"
"11","ar_to_en","6","[11,29]","[{""position"":0,""characters"":[""A"",""B"",""C"",""D"",""E"",""F"",""G"",""H"",""I"",""K"",""L"",""M"",""N"",""O"",""P"",""R"",""S"",""T"",""U"",""V"",""Y""]},{""position"":1,""characters"":[""F"",""I"",""U""]},{""position"":2,""characters"":[""C""]},{""position"":3,""characters"":[""C"",""E"",""I"",""L"",""N"",""O"",""R"",""T""]},{""position"":4,""characters"":[""A"",""C"",""D"",""E"",""G"",""H"",""I"",""K"",""N"",""O"",""P"",""R"",""S"",""T"",""U"",""W"",""Y""]},{""position"":5,""characters"":[""A"",""C"",""E"",""F"",""I"",""K"",""L"",""N"",""O"",""P"",""R"",""U"",""W""]}]","true"
"11","ar_to_en","11","[11,23,29]","[{""position"":0,""characters"":[""A"",""D"",""E"",""N"",""O"",""T""]},{""position"":1,""characters"":[""C"",""D"",""G"",""L"",""N"",""P"",""R"",""S"",""T""]},{""position"":2,""characters"":[""A"",""O"",""R""]},{""position"":3,""characters"":[""A"",""C"",""E"",""I"",""L"",""N"",""O"",""P"",""R"",""S"",""T"",""U""]},{""position"":4,""characters"":[""C"",""E"",""I"",""L"",""M"",""O"",""R"",""S"",""T""]},{""position"":5,""characters"":[""A"",""O"",""T"",""U""]},{""position"":6,""characters"":[""A"",""B"",""D"",""E"",""F"",""L"",""M"",""N"",""P"",""R"",""S"",""T""]},{""position"":7,""characters"":[""A"",""I"",""O""]},{""position"":8,""characters"":[""L""]},{""position"":9,""characters"":[""C"",""D"",""G"",""N"",""O"",""R"",""S"",""T""]},{""position"":10,""characters"":[""A"",""E"",""L"",""P"",""T"",""Y""]}]","false"
"11","ar_to_en","11","[11,23,29]","[{""position"":0,""characters"":[""A"",""C"",""D"",""E"",""G"",""I"",""N"",""O"",""R"",""S""]},{""position"":1,""characters"":[""C"",""D"",""H"",""L"",""M"",""N"",""O"",""P"",""R"",""S"",""T"",""U""]},{""position"":2,""characters"":[""C"",""N"",""O"",""R"",""V""]},{""position"":3,""characters"":[""A"",""E""]},{""position"":4,""characters"":[""B"",""C"",""E"",""F"",""M"",""N"",""P"",""R"",""S"",""T""]},{""position"":5,""characters"":[""A"",""U""]},{""position"":6,""characters"":[""C"",""D"",""E"",""F"",""L"",""M"",""N"",""O"",""R"",""S"",""V""]},{""position"":7,""characters"":[""A"",""E"",""I"",""O""]},{""position"":8,""characters"":[""L""]},{""position"":9,""characters"":[""C"",""D"",""G"",""N"",""P"",""R"",""S"",""T""]},{""position"":10,""characters"":[""A"",""Y""]}]","false"
"11","ar_to_en","3","[11,23,29]","[{""position"":0,""characters"":[""A"",""E"",""G"",""I"",""L"",""M"",""N"",""R"",""S"",""Y""]},{""position"":1,""characters"":[""T""]},{""position"":2,""characters"":[""C"",""D"",""I"",""L"",""R""]}]","false"
"11","ar_to_en","11","[11,23]","[{""position"":0,""characters"":[""A"",""E"",""I""]},{""position"":1,""characters"":[""A"",""E"",""O"",""R""]},{""position"":2,""characters"":[""C"",""G"",""I"",""T""]},{""position"":3,""characters"":[""E"",""G"",""M"",""N"",""R"",""T""]},{""position"":4,""characters"":[""E""]},{""position"":5,""characters"":[""A"",""E"",""I"",""S"",""T""]},{""position"":6,""characters"":[""A"",""N"",""O"",""R"",""S"",""T""]},{""position"":7,""characters"":[""E"",""I"",""N"",""O"",""R"",""T""]},{""position"":8,""characters"":[""E"",""O"",""T""]},{""position"":9,""characters"":[""L"",""M"",""N"",""P"",""R"",""X""]},{""position"":10,""characters"":[""S""]}]","false"
"11","ar_to_en","3","[11,23,29]","[{""position"":0,""characters"":[""A"",""E"",""G"",""I"",""L"",""M"",""N"",""R"",""S"",""Y""]},{""position"":1,""characters"":[""P""]},{""position"":2,""characters"":[""C"",""D"",""I"",""L"",""R""]}]","false"
"11","ar_to_en","3","[11,23,29]","[{""position"":0,""characters"":[""A"",""E"",""I"",""N"",""P"",""R"",""S"",""T""]},{""position"":1,""characters"":[""T""]},{""position"":2,""characters"":[""C"",""I"",""N"",""O"",""U""]}]","false"
"11","ar_to_en","11","[11,23]","[{""position"":0,""characters"":[""A"",""C"",""E"",""I"",""O"",""T""]},{""position"":1,""characters"":[""A"",""E"",""I"",""L"",""N"",""O"",""P"",""T"",""U""]},{""position"":2,""characters"":[""C"",""D"",""F"",""I"",""M"",""P"",""T""]},{""position"":3,""characters"":[""A"",""E"",""I"",""T""]},{""position"":4,""characters"":[""A"",""E""]},{""position"":5,""characters"":[""C"",""E"",""F"",""G"",""I"",""M"",""N"",""P"",""R"",""S"",""T"",""U"",""V""]},{""position"":6,""characters"":[""A"",""E"",""I"",""N"",""O"",""R"",""S"",""T"",""U""]},{""position"":7,""characters"":[""B"",""C"",""D"",""G"",""L"",""N"",""O"",""P"",""R"",""S"",""T""]},{""position"":8,""characters"":[""L""]},{""position"":9,""characters"":[""C"",""D"",""E"",""G"",""H"",""M"",""N"",""P"",""R"",""S"",""T"",""X""]},{""position"":10,""characters"":[""A"",""C"",""E"",""M"",""T"",""Y""]}]","false"
"11","ar_to_en","11","[11,23]","[{""position"":0,""characters"":[""A"",""C"",""D"",""E"",""G"",""I"",""L"",""M"",""N"",""P"",""R"",""S"",""T""]},{""position"":1,""characters"":[""A"",""E"",""I""]},{""position"":2,""characters"":[""C"",""E""]},{""position"":3,""characters"":[""A"",""B"",""D"",""E"",""F"",""G"",""L"",""M"",""N"",""P"",""R"",""S"",""T""]},{""position"":4,""characters"":[""A"",""P"",""T""]},{""position"":5,""characters"":[""A"",""C"",""E"",""F"",""I"",""N"",""O"",""R""]},{""position"":6,""characters"":[""A"",""C"",""D"",""E"",""F"",""L"",""M"",""N"",""O"",""P"",""R"",""S"",""T"",""U"",""V""]},{""position"":7,""characters"":[""E"",""L"",""M"",""N"",""O"",""P"",""R"",""S"",""T"",""U""]},{""position"":8,""characters"":[""A"",""C"",""G"",""N"",""O"",""T""]},{""position"":9,""characters"":[""C"",""D"",""E"",""G"",""H"",""M"",""N"",""P"",""R"",""S"",""T"",""X""]},{""position"":10,""characters"":[""A"",""D"",""I"",""L"",""O""]}]","false"
"11","ar_to_en","11","[11,23,29]","[{""position"":0,""characters"":[""A"",""C"",""D"",""E"",""G"",""I"",""L"",""M"",""O"",""P"",""R"",""S"",""T""]},{""position"":1,""characters"":[""A"",""C"",""D"",""E"",""G"",""H"",""I"",""L"",""M"",""N"",""P"",""R"",""S"",""T"",""U"",""V""]},{""position"":2,""characters"":[""M"",""P""]},{""position"":3,""characters"":[""A"",""D"",""I"",""L"",""O""]},{""position"":4,""characters"":[""B"",""C"",""D"",""E"",""F"",""L"",""M"",""N"",""P"",""R"",""S"",""T""]},{""position"":5,""characters"":[""A"",""C"",""O"",""T"",""U""]},{""position"":6,""characters"":[""A"",""C"",""D"",""E"",""I"",""L"",""N"",""O"",""P"",""R"",""S"",""T"",""U"",""V""]},{""position"":7,""characters"":[""A"",""E"",""I"",""L"",""O"",""U""]},{""position"":8,""characters"":[""D"",""L"",""N"",""R""]},{""position"":9,""characters"":[""A"",""D"",""E"",""I"",""N"",""O"",""T""]},{""position"":10,""characters"":[""A"",""E""]}]","false"
"11","ar_to_en","5","[11,23]","[{""position"":0,""characters"":[""A"",""C"",""E"",""G"",""H"",""I"",""N"",""R"",""S"",""T"",""U"",""Y""]},{""position"":1,""characters"":[""A"",""C"",""O""]},{""position"":2,""characters"":[""N""]},{""position"":3,""characters"":[""P""]},{""position"":4,""characters"":[""A"",""D"",""E"",""I"",""L"",""N"",""O"",""U""]}]","false"
"11","ar_to_en","3","[11,23,29]","[{""position"":0,""characters"":[""B"",""E"",""L"",""M"",""N"",""O"",""P"",""T"",""U""]},{""position"":1,""characters"":[""D""]},{""position"":2,""characters"":[""F"",""L"",""R"",""U""]}]","false"
"11","ar_to_en","11","[11,23,29]","[{""position"":0,""characters"":[""A"",""C"",""E"",""I"",""L"",""N"",""O"",""R""]},{""position"":1,""characters"":[""A"",""C"",""D"",""E"",""G"",""H"",""I"",""L"",""M"",""N"",""P"",""R"",""S"",""T"",""U"",""V""]},{""position"":2,""characters"":[""M"",""O""]},{""position"":3,""characters"":[""A"",""P"",""T""]},{""position"":4,""characters"":[""A"",""B"",""D"",""E"",""F"",""L"",""M"",""N"",""P"",""R"",""S"",""T""]},{""position"":5,""characters"":[""A"",""C"",""E"",""G"",""I"",""M"",""O"",""P"",""T"",""U""]},{""position"":6,""characters"":[""C"",""E"",""I"",""L"",""M"",""N"",""O"",""R"",""S"",""T""]},{""position"":7,""characters"":[""A"",""C"",""E"",""I"",""L"",""N"",""O"",""P"",""R"",""S"",""T"",""U""]},{""position"":8,""characters"":[""D"",""R""]},{""position"":9,""characters"":[""A"",""C"",""E"",""M"",""T""]},{""position"":10,""characters"":[""A"",""D"",""E"",""G"",""L"",""M"",""N"",""P"",""R"",""S"",""T"",""Y""]}]","false"
"11","ar_to_en","11","[11,23,29]","[{""position"":0,""characters"":[""A"",""C"",""D"",""E"",""G"",""I"",""L"",""M"",""N"",""P"",""R"",""S"",""T""]},{""position"":1,""characters"":[""A"",""C"",""D"",""E"",""G"",""H"",""I"",""L"",""M"",""O"",""P"",""R"",""S"",""T"",""U""]},{""position"":2,""characters"":[""D"",""R""]},{""position"":3,""characters"":[""A"",""E""]},{""position"":4,""characters"":[""B"",""C"",""D"",""E"",""F"",""L"",""M"",""N"",""P"",""R"",""S"",""T""]},{""position"":5,""characters"":[""A"",""C"",""E"",""G"",""I"",""M"",""O"",""P"",""T"",""U""]},{""position"":6,""characters"":[""A"",""C"",""D"",""E"",""I"",""L"",""N"",""O"",""P"",""R"",""S"",""T"",""U"",""V""]},{""position"":7,""characters"":[""A"",""E"",""L"",""M"",""O"",""P"",""S"",""U""]},{""position"":8,""characters"":[""M"",""O""]},{""position"":9,""characters"":[""A"",""D"",""E"",""G"",""H"",""L"",""M"",""N"",""P"",""R"",""S"",""T""]},{""position"":10,""characters"":[""A"",""E""]}]","false"
"11","ar_to_en","3","[11,23,29]","[{""position"":0,""characters"":[""C"",""I"",""M""]},{""position"":1,""characters"":[""P""]},{""position"":2,""characters"":[""C"",""O""]}]","false"
"11","ar_to_en","5","[11,23]","[{""position"":0,""characters"":[""A"",""B"",""C"",""D"",""E"",""F"",""G"",""H"",""I"",""K"",""L"",""M"",""N"",""O"",""P"",""R"",""S"",""T"",""U"",""W"",""X"",""Y""]},{""position"":1,""characters"":[""P"",""R"",""S""]},{""position"":2,""characters"":[""S""]},{""position"":3,""characters"":[""A"",""E"",""I"",""L"",""M"",""N"",""R"",""S""]},{""position"":4,""characters"":[""A"",""B"",""C"",""D"",""E"",""F"",""G"",""H"",""I"",""K"",""L"",""M"",""N"",""P"",""R"",""S"",""T"",""W"",""X"",""Y""]}]","true"
"11","ar_to_en","3","[11,23,29]","[{""position"":0,""characters"":[""A"",""E"",""H"",""L"",""N"",""T""]},{""position"":1,""characters"":[""T""]},{""position"":2,""characters"":[""C"",""P""]}]","false"
"11","ar_to_en","5","[11,23,29]","[{""position"":0,""characters"":[""A"",""B"",""C"",""D"",""E"",""F"",""G"",""H"",""I"",""K"",""L"",""M"",""N"",""O"",""P"",""R"",""S"",""T"",""U"",""W"",""X"",""Y""]},{""position"":1,""characters"":[""C"",""D"",""E"",""L"",""M"",""P"",""R"",""S"",""T"",""Y""]},{""position"":2,""characters"":[""Y""]},{""position"":3,""characters"":[""E"",""S""]},{""position"":4,""characters"":[""A"",""B"",""C"",""D"",""E"",""F"",""G"",""H"",""I"",""K"",""L"",""M"",""N"",""O"",""P"",""R"",""S"",""T"",""U"",""W"",""X"",""Y""]}]","true"
"11","ar_to_en","3","[11,23,29]","[{""position"":0,""characters"":[""C"",""D"",""I"",""L"",""P"",""S"",""T""]},{""position"":1,""characters"":[""T""]},{""position"":2,""characters"":[""E"",""F"",""L"",""N"",""O"",""R"",""T"",""U""]}]","false"
"11","ar_to_en","11","[11,23]","[{""position"":0,""characters"":[""A"",""C"",""L"",""M"",""P"",""R"",""S"",""T""]},{""position"":1,""characters"":[""A"",""N"",""O""]},{""position"":2,""characters"":[""L"",""N"",""R"",""T""]},{""position"":3,""characters"":[""I""]},{""position"":4,""characters"":[""A"",""D"",""E"",""F"",""R""]},{""position"":5,""characters"":[""I"",""T""]},{""position"":6,""characters"":[""C"",""E"",""P"",""S""]},{""position"":7,""characters"":[""C"",""I"",""L"",""T""]},{""position"":8,""characters"":[""A"",""O""]},{""position"":9,""characters"":[""L"",""N"",""P"",""R"",""T""]},{""position"":10,""characters"":[""E"",""T""]}]","false"
"11","ar_to_en","11","[11,23]","[{""position"":0,""characters"":[""A"",""E"",""I"",""L"",""O"",""P"",""T""]},{""position"":1,""characters"":[""C"",""D"",""E"",""G"",""H"",""I"",""L"",""M"",""N"",""O"",""P"",""R"",""S"",""T"",""U"",""V""]},{""position"":2,""characters"":[""C"",""E""]},{""position"":3,""characters"":[""A"",""B"",""D"",""E"",""F"",""G"",""K"",""L"",""M"",""N"",""O"",""P"",""R"",""S"",""T""]},{""position"":4,""characters"":[""A"",""E""]},{""position"":5,""characters"":[""A"",""C"",""E"",""G"",""M"",""N"",""P"",""R"",""S"",""T"",""U"",""V""]},{""position"":6,""characters"":[""A"",""C"",""D"",""E"",""I"",""L"",""O"",""P"",""R"",""T"",""U""]},{""position"":7,""characters"":[""E"",""L"",""M"",""N"",""O"",""P"",""R"",""S"",""T"",""U""]},{""position"":8,""characters"":[""D"",""L"",""N"",""R""]},{""position"":9,""characters"":[""E"",""S""]},{""position"":10,""characters"":[""A"",""E""]}]","false"
"11","ar_to_en","11","[11,23,29]","[{""position"":0,""characters"":[""A"",""C"",""E"",""M"",""T"",""Y""]},{""position"":1,""characters"":[""A"",""D"",""E"",""G"",""H"",""L"",""M"",""N"",""P"",""R"",""S"",""T""]},{""position"":2,""characters"":[""E"",""N"",""R""]},{""position"":3,""characters"":[""B"",""C"",""D"",""E"",""F"",""K"",""L"",""M"",""N"",""O"",""P"",""R"",""S"",""U""]},{""position"":4,""characters"":[""A"",""B"",""E"",""I"",""M"",""O"",""P"",""R""]},{""position"":5,""characters"":[""A"",""E"",""I"",""U""]},{""position"":6,""characters"":[""A"",""B"",""D"",""E"",""F"",""L"",""M"",""N"",""P"",""R"",""S"",""T""]},{""position"":7,""characters"":[""A"",""D"",""E"",""I"",""K"",""N"",""O"",""T""]},{""position"":8,""characters"":[""E""]},{""position"":9,""characters"":[""A"",""C"",""D"",""E"",""G"",""H"",""I"",""L"",""M"",""N"",""P"",""R"",""S"",""T"",""U"",""V""]},{""position"":10,""characters"":[""A"",""D"",""E"",""I"",""N"",""O"",""R"",""T""]}]","false"
"11","ar_to_en","11","[11,23]","[{""position"":0,""characters"":[""A"",""C"",""D"",""E"",""I"",""R"",""S""]},{""position"":1,""characters"":[""C"",""D"",""E"",""L"",""N"",""O"",""R"",""T""]},{""position"":2,""characters"":[""A"",""C"",""E"",""N"",""O"",""R"",""T"",""V""]},{""position"":3,""characters"":[""A"",""E""]},{""position"":4,""characters"":[""A"",""P"",""T""]},{""position"":5,""characters"":[""A"",""C"",""E"",""M"",""O"",""R"",""S"",""T"",""U""]},{""position"":6,""characters"":[""A"",""D"",""E"",""I"",""O"",""P"",""R"",""T"",""U""]},{""position"":7,""characters"":[""A"",""C"",""E"",""N"",""O""]},{""position"":8,""characters"":[""E"",""I"",""N"",""S""]},{""position"":9,""characters"":[""D"",""G"",""H"",""N"",""S""]},{""position"":10,""characters"":[""A""]}]","false"
"11","ar_to_en","3","[11,23]","[{""position"":0,""characters"":[""A"",""I"",""O"",""R""]},{""position"":1,""characters"":[""R"",""Y""]},{""position"":2,""characters"":[""H"",""L"",""N"",""P"",""S"",""Y""]}]","false"
"11","ar_to_en","3","[11,23,29]","[{""position"":0,""characters"":[""C"",""D"",""G"",""S""]},{""position"":1,""characters"":[""L""]},{""position"":2,""characters"":[""E""]}]","false"
"11","ar_to_en","6","[11,23,29]","[{""position"":0,""characters"":[""A"",""C"",""D"",""E"",""F"",""G"",""K"",""L"",""M"",""N"",""P"",""R"",""S"",""T"",""U"",""V"",""Y""]},{""position"":1,""characters"":[""K"",""T""]},{""position"":2,""characters"":[""C""]},{""position"":3,""characters"":[""E"",""R"",""U""]},{""position"":4,""characters"":[""A"",""C"",""E"",""G"",""I"",""L"",""N"",""O"",""R"",""T"",""U"",""W""]},{""position"":5,""characters"":[""A"",""E"",""I"",""O"",""S"",""U""]}]","false"
"11","ar_to_en","5","[11,23]","[{""position"":0,""characters"":[""A"",""B"",""C"",""D"",""E"",""F"",""G"",""H"",""I"",""K"",""L"",""M"",""N"",""O"",""P"",""R"",""S"",""T"",""U"",""W""]},{""position"":1,""characters"":[""P"",""S""]},{""position"":2,""characters"":[""A""]},{""position"":3,""characters"":[""I"",""R"",""S""]},{""position"":4,""characters"":[""A"",""B"",""C"",""D"",""E"",""F"",""G"",""H"",""K"",""L"",""M"",""N"",""O"",""P"",""R"",""S"",""T"",""W""]}]","true"
"11","ar_to_en","5","[11,23]","[{""position"":0,""characters"":[""A"",""B"",""C"",""D"",""E"",""F"",""G"",""H"",""I"",""K"",""L"",""M"",""N"",""O"",""P"",""R"",""S"",""T"",""U"",""W"",""X"",""Y""]},{""position"":1,""characters"":[""D"",""R"",""T"",""Y""]},{""position"":2,""characters"":[""E""]},{""position"":3,""characters"":[""D"",""Y""]},{""position"":4,""characters"":[""A"",""B"",""C"",""D"",""E"",""F"",""G"",""H"",""I"",""K"",""L"",""M"",""N"",""O"",""P"",""R"",""S"",""T"",""W"",""X"",""Y""]}]","true"
"11","ar_to_en","11","[11,23]","[{""position"":0,""characters"":[""A"",""E"",""I"",""O""]},{""position"":1,""characters"":[""A"",""C"",""D"",""E"",""H"",""M"",""O"",""R"",""S""]},{""position"":2,""characters"":[""C"",""I"",""P"",""S"",""U""]},{""position"":3,""characters"":[""A""]},{""position"":4,""characters"":[""A"",""D"",""E"",""M"",""N"",""P"",""R"",""S"",""T""]},{""position"":5,""characters"":[""A"",""C"",""E"",""I"",""N""]},{""position"":6,""characters"":[""A"",""D"",""O"",""P"",""R"",""S"",""T""]},{""position"":7,""characters"":[""C"",""E"",""F"",""M"",""N"",""O"",""P"",""R"",""S"",""U""]},{""position"":8,""characters"":[""A"",""F"",""I"",""N"",""O"",""S"",""T""]},{""position"":9,""characters"":[""C"",""E"",""H"",""N"",""R"",""T""]},{""position"":10,""characters"":[""A"",""I""]}]","false"
"11","ar_to_en","11","[11,23]","[{""position"":0,""characters"":[""A"",""D"",""E"",""G"",""L"",""M"",""N"",""P"",""R"",""S"",""T"",""Y""]},{""position"":1,""characters"":[""A"",""E"",""I"",""T""]},{""position"":2,""characters"":[""C"",""D"",""I"",""P"",""S""]},{""position"":3,""characters"":[""A"",""B"",""E"",""I"",""L"",""O"",""R"",""T"",""U""]},{""position"":4,""characters"":[""A"",""E"",""I"",""M"",""O"",""P"",""T"",""U""]},{""position"":5,""characters"":[""A"",""C"",""E"",""F"",""I"",""N"",""R"",""U""]},{""position"":6,""characters"":[""A"",""B"",""D"",""E"",""F"",""L"",""M"",""N"",""P"",""R"",""S"",""T""]},{""position"":7,""characters"":[""I"",""S""]},{""position"":8,""characters"":[""F"",""I"",""P"",""T""]},{""position"":9,""characters"":[""C"",""D"",""E"",""G"",""H"",""I"",""L"",""M"",""N"",""O"",""P"",""R"",""S"",""T"",""U"",""V""]},{""position"":10,""characters"":[""A"",""E"",""I"",""O""]}]","false"
"11","ar_to_en","3","[11,29]","[{""position"":0,""characters"":[""A"",""C"",""D"",""E"",""I"",""L"",""M"",""P"",""R"",""S""]},{""position"":1,""characters"":[""P""]},{""position"":2,""characters"":[""D"",""E"",""G"",""I"",""L"",""M"",""N"",""R"",""S""]}]","false"
"11","ar_to_en","5","[11,23]","[{""position"":0,""characters"":[""A"",""C"",""D"",""E"",""F"",""G"",""H"",""I"",""K"",""L"",""N"",""O"",""R"",""S"",""T"",""U"",""W"",""Y""]},{""position"":1,""characters"":[""I"",""L"",""M"",""N"",""O"",""P"",""U"",""X""]},{""position"":2,""characters"":[""M""]},{""position"":3,""characters"":[""N"",""P"",""R""]},{""position"":4,""characters"":[""A"",""C"",""E"",""I"",""N"",""O"",""P"",""R"",""U"",""W""]}]","true"
"11","ar_to_en","3","[11,23,29]","[{""position"":0,""characters"":[""C"",""I"",""T""]},{""position"":1,""characters"":[""T""]},{""position"":2,""characters"":[""E"",""F"",""L"",""N"",""O"",""R"",""T"",""U""]}]","false"
"11","ar_to_en","11","[11,23]","[{""position"":0,""characters"":[""A"",""D"",""E"",""T""]},{""position"":1,""characters"":[""C"",""G"",""H"",""L"",""N"",""O"",""R"",""S"",""T""]},{""position"":2,""characters"":[""D"",""E"",""M"",""N"",""R"",""S"",""T""]},{""position"":3,""characters"":[""A"",""E"",""I"",""N"",""P"",""R"",""S"",""T""]},{""position"":4,""characters"":[""A"",""C"",""D"",""N"",""O"",""P"",""R"",""T""]},{""position"":5,""characters"":[""A"",""C"",""E"",""I"",""N"",""R""]},{""position"":6,""characters"":[""A"",""B"",""E"",""M"",""N"",""P"",""S"",""T""]},{""position"":7,""characters"":[""E""]},{""position"":8,""characters"":[""C"",""E"",""I"",""O"",""P"",""T""]},{""position"":9,""characters"":[""A"",""C"",""E"",""O"",""R""]},{""position"":10,""characters"":[""D"",""E"",""L"",""M"",""N"",""P"",""R"",""S"",""T""]}]","false"
"11","ar_to_en","11","[11,23]","[{""position"":0,""characters"":[""A"",""C"",""E"",""I"",""O"",""T""]},{""position"":1,""characters"":[""A"",""C"",""D"",""E"",""G"",""I"",""N"",""O"",""R"",""S"",""U""]},{""position"":2,""characters"":[""C"",""G"",""I"",""T""]},{""position"":3,""characters"":[""A"",""B"",""D"",""E"",""F"",""G"",""K"",""L"",""M"",""N"",""O"",""P"",""R"",""S"",""T""]},{""position"":4,""characters"":[""A"",""E""]},{""position"":5,""characters"":[""A"",""C"",""T"",""U""]},{""position"":6,""characters"":[""A"",""C"",""D"",""E"",""F"",""I"",""L"",""M"",""N"",""P"",""R"",""S"",""T"",""V""]},{""position"":7,""characters"":[""A"",""B"",""E"",""I"",""L"",""O"",""R"",""T"",""U""]},{""position"":8,""characters"":[""U""]},{""position"":9,""characters"":[""C"",""D"",""G"",""H"",""L"",""N"",""O"",""P"",""R"",""S"",""T""]},{""position"":10,""characters"":[""A"",""E"",""I"",""T""]}]","false"
"11","ar_to_en","3","[11,23,29]","[{""position"":0,""characters"":[""C"",""E"",""N"",""O"",""R"",""T""]},{""position"":1,""characters"":[""C""]},{""position"":2,""characters"":[""D"",""H"",""N"",""R""]}]","false"
"11","ar_to_en","6","[11,25]","[{""position"":0,""characters"":[""A"",""E"",""I"",""O"",""U""]},{""position"":1,""characters"":[""O"",""S""]},{""position"":2,""characters"":[""A"",""D"",""E"",""H"",""I"",""K"",""O"",""P"",""U""]},{""position"":3,""characters"":[""A"",""C"",""G"",""N"",""O"",""T""]},{""position"":4,""characters"":[""C"",""D"",""F"",""G"",""H"",""L"",""N"",""O"",""P"",""R"",""S"",""T"",""U"",""W"",""X"",""Y""]},{""position"":5,""characters"":[""A"",""E"",""I"",""T""]}]","true"
"11","ar_to_en","6","[11,25]","[{""position"":0,""characters"":[""A"",""D"",""E"",""I"",""K"",""N"",""O"",""T""]},{""position"":1,""characters"":[""C"",""D"",""F"",""G"",""H"",""L"",""N"",""O"",""P"",""R"",""S"",""T"",""U"",""W"",""X"",""Y""]},{""position"":2,""characters"":[""A"",""C"",""E"",""N"",""O"",""R"",""T"",""V""]},{""position"":3,""characters"":[""A"",""C"",""E"",""I"",""N"",""O"",""P"",""R"",""U"",""W""]},{""position"":4,""characters"":[""A"",""E"",""I"",""O"",""P"",""U""]},{""position"":5,""characters"":[""A"",""E"",""I"",""O"",""U""]}]","true"
"11","ar_to_en","3","[11,17,25]","[{""position"":0,""characters"":[""A"",""E"",""I"",""N"",""R""]},{""position"":1,""characters"":[""P""]},{""position"":2,""characters"":[""S""]}]","false"
"11","ar_to_en","5","[11,25]","[{""position"":0,""characters"":[""A""]},{""position"":1,""characters"":[""A"",""E"",""I"",""O"",""R""]},{""position"":2,""characters"":[""T""]},{""position"":3,""characters"":[""C"",""E"",""I"",""L"",""N"",""O""]},{""position"":4,""characters"":[""E"",""H"",""O"",""T""]}]","false"
"11","ar_to_en","6","[11,25]","[{""position"":0,""characters"":[""A"",""B"",""C"",""D"",""G"",""L"",""N"",""O"",""R"",""S"",""T""]},{""position"":1,""characters"":[""A"",""E"",""I"",""O"",""U""]},{""position"":2,""characters"":[""C"",""D"",""E"",""G"",""I"",""L"",""N"",""P"",""R"",""S"",""T"",""Y""]},{""position"":3,""characters"":[""A"",""C"",""G"",""N"",""O"",""T""]},{""position"":4,""characters"":[""A"",""E""]},{""position"":5,""characters"":[""A"",""E"",""K"",""U""]}]","true"
"11","ar_to_en","6","[11,17]","[{""position"":0,""characters"":[""A"",""C"",""E"",""M"",""T"",""Y""]},{""position"":1,""characters"":[""C"",""D"",""E"",""F"",""G"",""H"",""K"",""L"",""M"",""N"",""O"",""P"",""R"",""S"",""T"",""W"",""X"",""Y""]},{""position"":2,""characters"":[""O""]},{""position"":3,""characters"":[""O"",""S""]},{""position"":4,""characters"":[""A"",""O"",""R"",""U""]},{""position"":5,""characters"":[""C"",""D"",""E"",""F"",""G"",""H"",""I"",""L"",""M"",""N"",""O"",""P"",""R"",""S"",""T"",""U"",""V"",""W""]}]","false"
"11","ar_to_en","9","[11,25]","[{""position"":0,""characters"":[""A"",""C"",""E"",""P"",""S"",""T""]},{""position"":1,""characters"":[""A"",""E"",""O"",""R"",""S"",""U"",""W""]},{""position"":2,""characters"":[""A"",""B"",""C"",""S"",""T"",""U""]},{""position"":3,""characters"":[""E"",""H"",""S""]},{""position"":4,""characters"":[""E""]},{""position"":5,""characters"":[""I""]},{""position"":6,""characters"":[""C""]},{""position"":7,""characters"":[""S""]},{""position"":8,""characters"":[""L""]}]","false"
"11","ar_to_en","4","[11,27]","[{""position"":0,""characters"":[""A"",""B"",""C"",""D"",""E"",""F"",""G"",""H"",""I"",""J"",""K"",""L"",""M"",""N"",""O"",""P"",""R"",""S"",""T"",""U"",""W"",""Y""]},{""position"":1,""characters"":[""A"",""E"",""I""]},{""position"":2,""characters"":[""C"",""T""]},{""position"":3,""characters"":[""M"",""N"",""R""]}]","false"
"11","ar_to_en","9","[11,27]","[{""position"":0,""characters"":[""A"",""D"",""E"",""I"",""K"",""N"",""O"",""T""]},{""position"":1,""characters"":[""A"",""D"",""E"",""F"",""G"",""H"",""L"",""M"",""N"",""P"",""R"",""S"",""T"",""W""]},{""position"":2,""characters"":[""O""]},{""position"":3,""characters"":[""A"",""C"",""E"",""I"",""O"",""S"",""T"",""U""]},{""position"":4,""characters"":[""A"",""D"",""E"",""I"",""L"",""N"",""O"",""S"",""T"",""V""]},{""position"":5,""characters"":[""A"",""C"",""E"",""G"",""H"",""I"",""N"",""R"",""S"",""T"",""U"",""Y""]},{""position"":6,""characters"":[""A"",""C"",""E"",""I"",""N"",""O"",""P"",""R"",""U"",""W""]},{""position"":7,""characters"":[""A"",""E"",""I"",""N"",""O"",""R"",""U""]},{""position"":8,""characters"":[""H"",""L"",""N"",""R""]}]","false"
"11","ar_to_en","9","[11,27]","[{""position"":0,""characters"":[""A"",""E"",""K"",""U""]},{""position"":1,""characters"":[""A"",""D"",""O"",""S""]},{""position"":2,""characters"":[""H"",""L"",""N"",""P"",""R""]},{""position"":3,""characters"":[""A"",""C"",""D"",""E"",""H"",""L"",""M"",""N"",""O"",""P"",""R"",""S"",""T"",""U"",""V""]},{""position"":4,""characters"":[""A"",""E"",""I"",""O"",""U""]},{""position"":5,""characters"":[""C"",""K"",""L"",""N""]},{""position"":6,""characters"":[""A"",""D"",""E"",""H"",""I"",""O"",""P"",""U""]},{""position"":7,""characters"":[""A"",""E"",""I"",""L"",""O"",""U""]},{""position"":8,""characters"":[""C"",""E"",""L"",""N"",""R"",""T""]}]","false"
"11","ar_to_en","9","[11,27]","[{""position"":0,""characters"":[""A"",""E"",""K"",""U""]},{""position"":1,""characters"":[""A"",""E""]},{""position"":2,""characters"":[""A"",""C"",""G"",""N"",""O"",""T""]},{""position"":3,""characters"":[""A"",""C"",""D"",""E"",""G"",""H"",""I"",""K"",""L"",""M"",""N"",""P"",""R"",""S"",""T"",""U"",""V"",""W""]},{""position"":4,""characters"":[""A"",""E"",""I"",""L"",""O"",""U""]},{""position"":5,""characters"":[""A"",""D"",""E"",""H"",""I"",""K"",""O"",""P"",""U""]},{""position"":6,""characters"":[""A"",""D"",""E"",""H"",""I"",""O"",""P"",""U""]},{""position"":7,""characters"":[""A"",""D"",""E"",""F"",""G"",""H"",""I"",""L"",""N"",""O"",""P"",""R"",""S"",""T"",""U"",""V"",""X"",""Y""]},{""position"":8,""characters"":[""E"",""I"",""N"",""S""]}]","false"
"11","ar_to_en","7","[11,27]","[{""position"":0,""characters"":[""E"",""L"",""M"",""S""]},{""position"":1,""characters"":[""A"",""I"",""L"",""M"",""N"",""O"",""P"",""V""]},{""position"":2,""characters"":[""L"",""T""]},{""position"":3,""characters"":[""B"",""C"",""D"",""H"",""L"",""O"",""P""]},{""position"":4,""characters"":[""A"",""C"",""E"",""L"",""M"",""R"",""S"",""T""]},{""position"":5,""characters"":[""A"",""E"",""O"",""T""]},{""position"":6,""characters"":[""S"",""Y""]}]","false"
"11","ar_to_en","5","[11,27]","[{""position"":0,""characters"":[""A"",""D"",""E"",""H"",""L"",""M"",""N"",""O"",""P"",""R"",""S"",""T"",""U"",""W"",""Y""]},{""position"":1,""characters"":[""A"",""C"",""E"",""I"",""L"",""N"",""O"",""R"",""U""]},{""position"":2,""characters"":[""T""]},{""position"":3,""characters"":[""E""]},{""position"":4,""characters"":[""A"",""E"",""P"",""T""]}]","false"
"11","ar_to_en","9","[11,27]","[{""position"":0,""characters"":[""A"",""E"",""I"",""T""]},{""position"":1,""characters"":[""C"",""D"",""F"",""G"",""H"",""L"",""N"",""O"",""P"",""R"",""S"",""T"",""U"",""W"",""X""]},{""position"":2,""characters"":[""M"",""O""]},{""position"":3,""characters"":[""E"",""F"",""I"",""T""]},{""position"":4,""characters"":[""E"",""L"",""M"",""N"",""O"",""P"",""R"",""S"",""T"",""U"",""V""]},{""position"":5,""characters"":[""A"",""E"",""I"",""O"",""U""]},{""position"":6,""characters"":[""A"",""C"",""E"",""I"",""N"",""O"",""P"",""R"",""U"",""W""]},{""position"":7,""characters"":[""C"",""D"",""E"",""F"",""G"",""H"",""I"",""L"",""M"",""N"",""O"",""P"",""R"",""S"",""T"",""U"",""V"",""W"",""Y""]},{""position"":8,""characters"":[""L"",""U""]}]","false"
"11","ar_to_en","9","[11,27]","[{""position"":0,""characters"":[""A"",""E"",""I"",""T""]},{""position"":1,""characters"":[""C"",""D"",""F"",""G"",""H"",""L"",""N"",""O"",""P"",""R"",""S"",""T"",""U"",""W"",""X""]},{""position"":2,""characters"":[""A"",""C"",""G"",""N"",""O"",""T""]},{""position"":3,""characters"":[""A"",""C"",""D"",""E"",""G"",""I"",""K"",""N"",""O"",""R"",""S"",""T"",""U"",""W""]},{""position"":4,""characters"":[""A"",""C"",""D"",""E"",""G"",""I"",""L"",""M"",""N"",""O"",""P"",""R"",""S"",""T"",""U"",""V""]},{""position"":5,""characters"":[""A"",""O"",""R"",""U""]},{""position"":6,""characters"":[""A"",""C"",""E"",""I"",""N"",""O"",""P"",""R"",""U"",""W""]},{""position"":7,""characters"":[""A"",""C"",""D"",""E"",""F"",""G"",""H"",""L"",""M"",""N"",""P"",""R"",""S"",""T"",""V""]},{""position"":8,""characters"":[""H"",""N"",""R""]}]","false"
"11","ar_to_en","11","[11,27]","[{""position"":0,""characters"":[""D"",""E"",""L"",""N"",""S""]},{""position"":1,""characters"":[""A"",""E"",""L"",""N"",""O"",""T""]},{""position"":2,""characters"":[""B"",""I"",""N"",""O"",""T""]},{""position"":3,""characters"":[""A"",""E"",""I"",""T"",""U""]},{""position"":4,""characters"":[""A"",""B"",""M"",""N"",""P"",""R"",""S"",""U""]},{""position"":5,""characters"":[""E"",""I"",""N"",""S"",""T"",""U""]},{""position"":6,""characters"":[""A"",""D"",""I"",""O"",""R"",""S"",""U""]},{""position"":7,""characters"":[""C"",""E"",""I"",""P"",""T""]},{""position"":8,""characters"":[""S""]},{""position"":9,""characters"":[""S""]},{""position"":10,""characters"":[""D"",""R""]}]","false"
"11","ar_to_en","9","[11,27]","[{""position"":0,""characters"":[""A"",""D"",""O"",""S""]},{""position"":1,""characters"":[""A"",""D"",""E"",""F"",""G"",""H"",""L"",""M"",""N"",""P"",""R"",""S"",""T"",""W""]},{""position"":2,""characters"":[""E"",""L"",""N"",""T""]},{""position"":3,""characters"":[""A"",""C"",""D"",""G"",""L"",""N"",""O"",""R"",""S"",""T""]},{""position"":4,""characters"":[""A"",""E"",""L"",""O"",""U""]},{""position"":5,""characters"":[""C"",""K"",""L"",""N""]},{""position"":6,""characters"":[""A"",""E"",""I"",""O"",""U""]},{""position"":7,""characters"":[""A"",""E"",""I"",""N"",""O"",""R"",""U""]},{""position"":8,""characters"":[""E"",""I"",""N"",""S""]}]","false"
"11","ar_to_en","9","[11,27]","[{""position"":0,""characters"":[""A"",""E"",""I"",""T""]},{""position"":1,""characters"":[""C"",""D"",""F"",""G"",""H"",""L"",""N"",""O"",""P"",""R"",""S"",""T"",""U"",""W"",""X""]},{""position"":2,""characters"":[""A""]},{""position"":3,""characters"":[""A"",""E"",""I"",""L"",""O"",""P"",""T"",""U""]},{""position"":4,""characters"":[""A"",""C"",""D"",""E"",""G"",""I"",""L"",""M"",""N"",""O"",""P"",""R"",""S"",""T"",""U"",""V""]},{""position"":5,""characters"":[""A"",""O"",""R"",""U""]},{""position"":6,""characters"":[""A"",""C"",""E"",""I"",""N"",""O"",""P"",""R"",""U"",""W""]},{""position"":7,""characters"":[""A"",""C"",""D"",""E"",""F"",""G"",""H"",""L"",""M"",""N"",""P"",""R"",""S"",""T"",""V""]},{""position"":8,""characters"":[""H"",""R""]}]","false"
"11","ar_to_en","3","[11,19]","[{""position"":0,""characters"":[""A"",""B"",""C"",""D"",""E"",""F"",""G"",""H"",""I"",""L"",""M"",""O"",""P"",""R"",""S"",""T"",""W"",""Y""]},{""position"":1,""characters"":[""C"",""G"",""L"",""N"",""P"",""S"",""T""]},{""position"":2,""characters"":[""C""]}]","false"
"11","ar_to_en","3","[11,19]","[{""position"":0,""characters"":[""A"",""B"",""C"",""D"",""E"",""F"",""G"",""H"",""I"",""L"",""M"",""N"",""O"",""P"",""R"",""S"",""T"",""U"",""W"",""Y""]},{""position"":1,""characters"":[""D"",""N"",""S"",""Y""]},{""position"":2,""characters"":[""C""]}]","false"
"11","ar_to_en","3","[11,30]","[{""position"":0,""characters"":[""E""]},{""position"":1,""characters"":[""P"",""R"",""W"",""Y""]},{""position"":2,""characters"":[""N""]}]","false"
"11","ar_to_en","11","[11,30]","[{""position"":0,""characters"":[""A"",""C"",""D"",""E"",""G"",""I"",""M"",""N"",""O"",""P"",""R""]},{""position"":1,""characters"":[""A"",""C"",""D"",""E"",""L"",""N"",""O"",""P"",""R"",""S"",""U""]},{""position"":2,""characters"":[""C"",""F"",""I"",""M"",""P"",""Q"",""V""]},{""position"":3,""characters"":[""A"",""B"",""C"",""E"",""G"",""I"",""L"",""M"",""N"",""O"",""P"",""S"",""T"",""U""]},{""position"":4,""characters"":[""A"",""C"",""D"",""E"",""I"",""N"",""O"",""R"",""S"",""T"",""U""]},{""position"":5,""characters"":[""A"",""C"",""E"",""I"",""M"",""N"",""R"",""S"",""T""]},{""position"":6,""characters"":[""A"",""C"",""E"",""I"",""M"",""N"",""O"",""P"",""S"",""T"",""U""]},{""position"":7,""characters"":[""E"",""M"",""R"",""S"",""T""]},{""position"":8,""characters"":[""I""]},{""position"":9,""characters"":[""V""]},{""position"":10,""characters"":[""E"",""G"",""L"",""M"",""N"",""O"",""S"",""Y""]}]","true"
"11","ar_to_en","3","[11,30]","[{""position"":0,""characters"":[""E"",""G"",""H"",""N"",""R"",""T"",""Y""]},{""position"":1,""characters"":[""E""]},{""position"":2,""characters"":[""E""]}]","false"
"11","ar_to_en","3","[11,30]","[{""position"":0,""characters"":[""A""]},{""position"":1,""characters"":[""N"",""R"",""T""]},{""position"":2,""characters"":[""P"",""S""]}]","false"
"11","ar_to_en","3","[11,30]","[{""position"":0,""characters"":[""C"",""N"",""P"",""R"",""S""]},{""position"":1,""characters"":[""O""]},{""position"":2,""characters"":[""U""]}]","false"
"11","ar_to_en","3","[13,27]","[{""position"":0,""characters"":[""A"",""B"",""C"",""D"",""E"",""F"",""G"",""H"",""K"",""L"",""M"",""N"",""O"",""P"",""R"",""S"",""T"",""W"",""Y""]},{""position"":1,""characters"":[""F""]},{""position"":2,""characters"":[""E"",""M"",""R"",""T""]}]","false"
"11","ar_to_en","3","[13,27]","[{""position"":0,""characters"":[""A"",""B"",""C"",""D"",""E"",""F"",""G"",""H"",""K"",""L"",""M"",""N"",""O"",""P"",""R"",""S"",""T"",""W"",""Y""]},{""position"":1,""characters"":[""F""]},{""position"":2,""characters"":[""A"",""C"",""E"",""M"",""R"",""S"",""T"",""U""]}]","false"
"11","ar_to_en","3","[13,27]","[{""position"":0,""characters"":[""A"",""B"",""C"",""D"",""E"",""F"",""G"",""H"",""I"",""K"",""L"",""M"",""N"",""O"",""P"",""R"",""S"",""T"",""U"",""W"",""Y""]},{""position"":1,""characters"":[""F""]},{""position"":2,""characters"":[""A"",""C"",""E"",""I"",""M"",""R"",""S"",""T"",""U""]}]","false"
"11","ar_to_en","3","[13,19]","[{""position"":0,""characters"":[""A"",""B"",""C"",""D"",""E"",""F"",""G"",""H"",""J"",""K"",""L"",""M"",""N"",""O"",""P"",""R"",""S"",""W"",""X"",""Y""]},{""position"":1,""characters"":[""P"",""S""]},{""position"":2,""characters"":[""O"",""R""]}]","false"
"11","ar_to_en","5","[13,19]","[{""position"":0,""characters"":[""A"",""B"",""E""]},{""position"":1,""characters"":[""E"",""T""]},{""position"":2,""characters"":[""E"",""M"",""P"",""X""]},{""position"":3,""characters"":[""C"",""D"",""E"",""G"",""I"",""L"",""N"",""P"",""R"",""S"",""T"",""Y""]},{""position"":4,""characters"":[""A"",""C"",""E"",""M"",""T"",""Y""]}]","false"
"11","ar_to_en","3","[13,23]","[{""position"":0,""characters"":[""D"",""E"",""H"",""M"",""N"",""T"",""W"",""Y""]},{""position"":1,""characters"":[""D""]},{""position"":2,""characters"":[""S""]}]","false"
"11","ar_to_en","4","[13,30]","[{""position"":0,""characters"":[""A""]},{""position"":1,""characters"":[""A"",""E"",""H"",""K"",""S"",""T"",""Y""]},{""position"":2,""characters"":[""A"",""B"",""C"",""D"",""E"",""F"",""G"",""L"",""M"",""N"",""O"",""P"",""R"",""S"",""T""]},{""position"":3,""characters"":[""E"",""K"",""U""]}]","false"
"11","ar_to_en","4","[13,30]","[{""position"":0,""characters"":[""A""]},{""position"":1,""characters"":[""B"",""C"",""D"",""E"",""F"",""G"",""H"",""L"",""M"",""N"",""P"",""R"",""S"",""T"",""W"",""Y""]},{""position"":2,""characters"":[""A"",""E"",""I"",""S"",""T"",""U""]},{""position"":3,""characters"":[""E"",""K"",""U""]}]","false"
"11","ar_to_en","3","[13,25]","[{""position"":0,""characters"":[""A"",""B"",""C"",""D"",""E"",""F"",""G"",""H"",""I"",""J"",""K"",""L"",""M"",""N"",""O"",""P"",""R"",""S"",""T"",""U"",""W"",""Y""]},{""position"":1,""characters"":[""C""]},{""position"":2,""characters"":[""C""]}]","false"
"11","ar_to_en","7","[13,26]","[{""position"":0,""characters"":[""A""]},{""position"":1,""characters"":[""A"",""G"",""N"",""R"",""T""]},{""position"":2,""characters"":[""A"",""I"",""N"",""R"",""T"",""U""]},{""position"":3,""characters"":[""I"",""L"",""P"",""R"",""S"",""T""]},{""position"":4,""characters"":[""A"",""I"",""O""]},{""position"":5,""characters"":[""A"",""E"",""I"",""T""]},{""position"":6,""characters"":[""D"",""L"",""M"",""R"",""S""]}]","false"
"11","ar_to_en","3","[13,25,28]","[{""position"":0,""characters"":[""A"",""E"",""I"",""N""]},{""position"":1,""characters"":[""N""]},{""position"":2,""characters"":[""A""]}]","false"
"11","ar_to_en","6","[13,18]","[{""position"":0,""characters"":[""A"",""B"",""D"",""E"",""H"",""L"",""N"",""P"",""R"",""T""]},{""position"":1,""characters"":[""E"",""H"",""I"",""T""]},{""position"":2,""characters"":[""A""]},{""position"":3,""characters"":[""D"",""E"",""G"",""L"",""N"",""P"",""R"",""S"",""T""]},{""position"":4,""characters"":[""A"",""E"",""L"",""O"",""R""]},{""position"":5,""characters"":[""A"",""E"",""I""]}]","false"
"11","ar_to_en","3","[17,20,29]","[{""position"":0,""characters"":[""A"",""D"",""E"",""H"",""T"",""W"",""Y""]},{""position"":1,""characters"":[""D"",""U""]},{""position"":2,""characters"":[""A"",""L""]}]","false"
"11","ar_to_en","3","[17,26,29]","[{""position"":0,""characters"":[""E""]},{""position"":1,""characters"":[""R"",""Y""]},{""position"":2,""characters"":[""P"",""T""]}]","false"
"11","ar_to_en","11","[17,19,25]","[{""position"":0,""characters"":[""A"",""E"",""I"",""P"",""R"",""T"",""Y""]},{""position"":1,""characters"":[""D"",""E"",""N"",""R"",""S"",""X""]},{""position"":2,""characters"":[""A"",""C"",""O"",""S"",""U""]},{""position"":3,""characters"":[""C"",""D"",""E"",""S"",""T""]},{""position"":4,""characters"":[""A"",""E"",""I"",""P"",""R"",""S""]},{""position"":5,""characters"":[""E"",""S"",""T"",""U""]},{""position"":6,""characters"":[""D"",""I"",""M"",""R"",""V""]},{""position"":7,""characters"":[""A"",""O""]},{""position"":8,""characters"":[""N""]},{""position"":9,""characters"":[""N""]},{""position"":10,""characters"":[""S""]}]","false"
"11","ar_to_en","3","[17,25]","[{""position"":0,""characters"":[""A"",""B"",""C"",""E"",""I"",""O""]},{""position"":1,""characters"":[""E""]},{""position"":2,""characters"":[""L""]}]","false"
"11","ar_to_en","4","[17,29]","[{""position"":0,""characters"":[""B"",""D"",""E"",""F"",""G"",""L"",""P"",""S"",""T""]},{""position"":1,""characters"":[""R""]},{""position"":2,""characters"":[""D"",""F"",""G"",""K"",""L"",""M"",""N"",""P"",""S"",""T""]},{""position"":3,""characters"":[""E""]}]","false"
"11","ar_to_en","8","[17,25]","[{""position"":0,""characters"":[""A"",""C"",""D"",""E"",""G"",""I"",""K"",""N"",""O"",""R"",""S"",""T"",""W""]},{""position"":1,""characters"":[""H"",""R""]},{""position"":2,""characters"":[""C"",""L"",""N""]},{""position"":3,""characters"":[""A"",""E""]},{""position"":4,""characters"":[""A"",""E"",""I"",""T""]},{""position"":5,""characters"":[""A"",""C"",""D"",""E"",""G"",""H"",""I"",""L"",""M"",""N"",""P"",""R"",""S"",""T"",""U"",""V"",""W""]},{""position"":6,""characters"":[""A"",""E"",""I"",""L"",""O""]},{""position"":7,""characters"":[""A""]}]","false"
"11","ar_to_en","6","[17,23]","[{""position"":0,""characters"":[""A"",""D"",""E"",""H"",""I"",""K"",""O"",""P"",""U""]},{""position"":1,""characters"":[""A"",""E"",""I"",""R"",""U""]},{""position"":2,""characters"":[""A"",""C"",""E"",""G"",""H"",""I"",""L"",""M"",""N"",""P"",""R"",""S"",""T"",""U"",""V"",""X""]},{""position"":3,""characters"":[""A"",""C"",""G"",""O"",""T""]},{""position"":4,""characters"":[""A"",""E""]},{""position"":5,""characters"":[""A"",""E"",""K"",""U""]}]","false"
"11","ar_to_en","6","[17,23]","[{""position"":0,""characters"":[""A"",""C"",""E"",""I"",""N"",""O"",""P"",""R"",""U"",""W""]},{""position"":1,""characters"":[""C"",""K"",""L"",""N""]},{""position"":2,""characters"":[""C"",""D"",""E"",""H"",""L"",""M"",""N"",""O"",""P"",""R"",""S"",""T"",""U"",""V"",""W""]},{""position"":3,""characters"":[""A"",""C"",""G"",""O"",""T""]},{""position"":4,""characters"":[""C"",""D"",""E"",""F"",""G"",""H"",""K"",""L"",""M"",""N"",""O"",""P"",""R"",""S"",""T"",""W"",""X"",""Y""]},{""position"":5,""characters"":[""A"",""D"",""F"",""I"",""L"",""O"",""Y""]}]","true"
"11","ar_to_en","5","[17,20,23,29]","[{""position"":0,""characters"":[""A"",""E"",""I"",""L"",""O"",""U""]},{""position"":1,""characters"":[""A"",""C"",""D"",""E"",""G"",""H"",""I"",""L"",""M"",""N"",""O"",""P"",""R"",""S"",""T"",""V"",""W""]},{""position"":2,""characters"":[""A"",""C"",""G"",""N"",""O"",""T""]},{""position"":3,""characters"":[""A"",""E""]},{""position"":4,""characters"":[""A"",""E"",""K"",""U""]}]","false"
"11","ar_to_en","6","[17,22]","[{""position"":0,""characters"":[""A"",""B"",""C"",""D"",""E"",""H"",""L"",""M"",""R"",""S"",""T""]},{""position"":1,""characters"":[""A"",""C"",""E"",""I"",""N"",""O"",""R""]},{""position"":2,""characters"":[""F""]},{""position"":3,""characters"":[""O""]},{""position"":4,""characters"":[""L"",""S"",""T""]},{""position"":5,""characters"":[""A"",""B"",""D"",""E"",""L"",""P"",""S"",""Y""]}]","false"
"11","ar_to_en","3","[17,29]","[{""position"":0,""characters"":[""A"",""D"",""E"",""G"",""I"",""K"",""N"",""O"",""P"",""R"",""S"",""T"",""U"",""W"",""Y""]},{""position"":1,""characters"":[""A"",""E"",""I"",""O"",""R"",""U""]},{""position"":2,""characters"":[""I""]}]","false"
"11","ar_to_en","6","[18,27]","[{""position"":0,""characters"":[""B"",""D"",""E"",""I"",""M"",""O"",""S"",""T"",""U""]},{""position"":1,""characters"":[""E"",""R""]},{""position"":2,""characters"":[""D""]},{""position"":3,""characters"":[""A"",""D"",""E"",""G"",""I"",""N"",""O"",""R"",""U""]},{""position"":4,""characters"":[""A"",""C"",""F"",""H"",""N"",""S"",""T""]},{""position"":5,""characters"":[""C"",""D"",""E"",""F"",""G"",""H"",""L"",""M"",""N"",""R"",""S"",""T"",""W"",""Y""]}]","true"
"11","ar_to_en","11","[18,30]","[{""position"":0,""characters"":[""A"",""D"",""E"",""G"",""L"",""M"",""N"",""R"",""S"",""T""]},{""position"":1,""characters"":[""A"",""C"",""D"",""E"",""G"",""I"",""L"",""N"",""O"",""S"",""T"",""U"",""V""]},{""position"":2,""characters"":[""S""]},{""position"":3,""characters"":[""A"",""C"",""E"",""I"",""N"",""O"",""P"",""R"",""U""]},{""position"":4,""characters"":[""C"",""L"",""N""]},{""position"":5,""characters"":[""A"",""E""]},{""position"":6,""characters"":[""B"",""D"",""E"",""F"",""I"",""M"",""N"",""O"",""P"",""R"",""S"",""T""]},{""position"":7,""characters"":[""A"",""C"",""D"",""E"",""F"",""I"",""L"",""N"",""O"",""P"",""R"",""S"",""U""]},{""position"":8,""characters"":[""F"",""G"",""S""]},{""position"":9,""characters"":[""A"",""D"",""G"",""H"",""I"",""L"",""N"",""O"",""U""]},{""position"":10,""characters"":[""A"",""E"",""I"",""N"",""O""]}]","false"
"11","ar_to_en","11","[18,30]","[{""position"":0,""characters"":[""A"",""C"",""D"",""E"",""G"",""I"",""L"",""N"",""O"",""S"",""T"",""Y""]},{""position"":1,""characters"":[""C"",""D"",""E"",""G"",""H"",""I"",""L"",""M"",""N"",""O"",""P"",""R"",""S"",""T"",""U""]},{""position"":2,""characters"":[""F"",""G"",""S""]},{""position"":3,""characters"":[""A"",""C"",""E"",""I"",""N"",""O"",""P"",""R"",""U""]},{""position"":4,""characters"":[""O"",""S""]},{""position"":5,""characters"":[""A"",""E""]},{""position"":6,""characters"":[""A"",""D"",""E"",""F"",""L"",""M"",""N"",""R"",""S"",""T"",""V""]},{""position"":7,""characters"":[""A"",""C"",""D"",""E"",""F"",""I"",""L"",""N"",""O"",""P"",""R"",""S"",""U""]},{""position"":8,""characters"":[""S""]},{""position"":9,""characters"":[""A"",""E"",""I"",""N"",""O"",""U""]},{""position"":10,""characters"":[""C"",""L"",""N""]}]","false"
"11","ar_to_en","11","[18,30]","[{""position"":0,""characters"":[""A"",""C"",""D"",""E"",""G"",""I"",""L"",""M"",""N"",""O"",""P"",""R"",""S"",""T""]},{""position"":1,""characters"":[""A"",""D"",""E"",""I"",""O"",""R"",""T"",""U""]},{""position"":2,""characters"":[""F"",""G"",""S""]},{""position"":3,""characters"":[""A"",""C"",""E"",""G"",""I"",""N"",""R"",""S"",""T"",""U""]},{""position"":4,""characters"":[""A"",""E"",""I"",""N"",""O"",""U""]},{""position"":5,""characters"":[""A"",""E""]},{""position"":6,""characters"":[""B"",""C"",""D"",""E"",""F"",""I"",""L"",""M"",""N"",""P"",""R"",""S"",""T"",""U""]},{""position"":7,""characters"":[""A"",""C"",""D"",""E"",""F"",""I"",""L"",""N"",""O"",""P"",""R"",""S"",""U""]},{""position"":8,""characters"":[""F"",""G"",""S""]},{""position"":9,""characters"":[""A"",""D"",""G"",""H"",""I"",""L"",""N"",""O"",""U""]},{""position"":10,""characters"":[""A"",""E"",""I"",""N"",""O""]}]","false"
"11","ar_to_en","11","[18,30]","[{""position"":0,""characters"":[""A"",""C"",""D"",""E"",""G"",""I"",""L"",""N"",""O"",""S"",""T"",""Y""]},{""position"":1,""characters"":[""C"",""D"",""E"",""G"",""H"",""I"",""L"",""M"",""N"",""O"",""P"",""R"",""S"",""T"",""U""]},{""position"":2,""characters"":[""F"",""G"",""S""]},{""position"":3,""characters"":[""A"",""C"",""E"",""I"",""N"",""O"",""P"",""R"",""U""]},{""position"":4,""characters"":[""C"",""D"",""E"",""I"",""L"",""N"",""P"",""R"",""S"",""T""]},{""position"":5,""characters"":[""A"",""E""]},{""position"":6,""characters"":[""A"",""C"",""D"",""E"",""I"",""L"",""N"",""O"",""S"",""T"",""U"",""V""]},{""position"":7,""characters"":[""A"",""B"",""D"",""E"",""F"",""G"",""I"",""L"",""M"",""N"",""O"",""P"",""R"",""S"",""T""]},{""position"":8,""characters"":[""F"",""G"",""S""]},{""position"":9,""characters"":[""A"",""E"",""I"",""O"",""U""]},{""position"":10,""characters"":[""A"",""D"",""G"",""I"",""L"",""N"",""O""]}]","false"
"11","ar_to_en","11","[18,30]","[{""position"":0,""characters"":[""A"",""E"",""I"",""N"",""O""]},{""position"":1,""characters"":[""A"",""D"",""G"",""H"",""I"",""L"",""N"",""O"",""U""]},{""position"":2,""characters"":[""F"",""G"",""S""]},{""position"":3,""characters"":[""A"",""C"",""D"",""E"",""F"",""I"",""L"",""N"",""O"",""P"",""R"",""S"",""U""]},{""position"":4,""characters"":[""B"",""C"",""D"",""E"",""F"",""I"",""L"",""M"",""N"",""P"",""R"",""S"",""T"",""U""]},{""position"":5,""characters"":[""A"",""E"",""I"",""N"",""O"",""T""]},{""position"":6,""characters"":[""C"",""L"",""N""]},{""position"":7,""characters"":[""A"",""C"",""E"",""I"",""N"",""O"",""P"",""R"",""U""]},{""position"":8,""characters"":[""S""]},{""position"":9,""characters"":[""A"",""C"",""D"",""E"",""G"",""H"",""I"",""L"",""M"",""N"",""O"",""P"",""R"",""S"",""T"",""U"",""V""]},{""position"":10,""characters"":[""E"",""I"",""L"",""N"",""R""]}]","false"
"11","ar_to_en","11","[18,30]","[{""position"":0,""characters"":[""A"",""C"",""D"",""E"",""G"",""I"",""L"",""N"",""O"",""S"",""T"",""Y""]},{""position"":1,""characters"":[""C"",""D"",""E"",""G"",""H"",""I"",""L"",""M"",""N"",""O"",""P"",""R"",""S"",""T"",""U""]},{""position"":2,""characters"":[""F"",""G"",""S""]},{""position"":3,""characters"":[""A"",""C"",""E"",""I"",""N"",""O"",""P"",""R"",""U""]},{""position"":4,""characters"":[""C"",""D"",""E"",""I"",""L"",""N"",""P"",""R"",""S"",""T""]},{""position"":5,""characters"":[""A"",""E"",""I"",""N"",""O"",""T""]},{""position"":6,""characters"":[""A"",""D"",""E"",""F"",""L"",""M"",""N"",""R"",""S"",""T"",""V""]},{""position"":7,""characters"":[""A"",""C"",""D"",""E"",""F"",""I"",""L"",""N"",""O"",""P"",""R"",""S"",""U""]},{""position"":8,""characters"":[""S""]},{""position"":9,""characters"":[""A"",""C"",""E"",""G"",""H"",""I"",""N"",""R"",""S"",""T"",""U""]},{""position"":10,""characters"":[""A"",""D"",""E"",""I"",""L"",""N"",""O""]}]","false"
"11","ar_to_en","11","[18,30]","[{""position"":0,""characters"":[""A"",""C"",""E"",""I"",""N"",""R"",""T""]},{""position"":1,""characters"":[""C"",""D"",""E"",""G"",""H"",""I"",""L"",""M"",""N"",""O"",""P"",""R"",""S"",""T"",""U""]},{""position"":2,""characters"":[""M"",""P""]},{""position"":3,""characters"":[""A"",""E"",""I"",""O"",""P"",""U""]},{""position"":4,""characters"":[""A"",""C"",""E"",""I"",""N"",""R"",""S"",""T"",""U""]},{""position"":5,""characters"":[""A"",""E""]},{""position"":6,""characters"":[""A"",""D"",""E"",""F"",""L"",""M"",""N"",""R"",""S"",""T"",""V""]},{""position"":7,""characters"":[""A"",""C"",""D"",""E"",""F"",""I"",""L"",""N"",""O"",""P"",""R"",""S"",""U""]},{""position"":8,""characters"":[""F"",""G"",""S""]},{""position"":9,""characters"":[""A"",""D"",""G"",""H"",""I"",""L"",""N"",""O"",""U""]},{""position"":10,""characters"":[""A"",""E"",""I"",""N"",""O""]}]","false"
"11","ar_to_en","11","[18,30]","[{""position"":0,""characters"":[""A"",""C"",""D"",""E"",""G"",""I"",""L"",""N"",""O"",""S"",""T"",""Y""]},{""position"":1,""characters"":[""C"",""D"",""E"",""G"",""H"",""I"",""L"",""M"",""N"",""O"",""P"",""R"",""S"",""T"",""U""]},{""position"":2,""characters"":[""F"",""G"",""S""]},{""position"":3,""characters"":[""A"",""C"",""E"",""I"",""N"",""O"",""P"",""R"",""U""]},{""position"":4,""characters"":[""C"",""L"",""N""]},{""position"":5,""characters"":[""A"",""E""]},{""position"":6,""characters"":[""A"",""B"",""C"",""D"",""E"",""F"",""I"",""L"",""M"",""N"",""O"",""P"",""R"",""S"",""T"",""U"",""V""]},{""position"":7,""characters"":[""A"",""E"",""I"",""L"",""O"",""P"",""R""]},{""position"":8,""characters"":[""M"",""P""]},{""position"":9,""characters"":[""A"",""D"",""G"",""H"",""I"",""L"",""N"",""O"",""U""]},{""position"":10,""characters"":[""A"",""O"",""R""]}]","false"
"11","ar_to_en","11","[18,30]","[{""position"":0,""characters"":[""A"",""E"",""I"",""N"",""O""]},{""position"":1,""characters"":[""A"",""D"",""G"",""H"",""I"",""L"",""N"",""O"",""U""]},{""position"":2,""characters"":[""F"",""G"",""S""]},{""position"":3,""characters"":[""A"",""C"",""D"",""E"",""F"",""I"",""L"",""N"",""O"",""P"",""R"",""S"",""U""]},{""position"":4,""characters"":[""D"",""E"",""I"",""O"",""P"",""R"",""T"",""U""]},{""position"":5,""characters"":[""A"",""E"",""F"",""G"",""M"",""N"",""O"",""P"",""R"",""S"",""T""]},{""position"":6,""characters"":[""A"",""E"",""I"",""O"",""U""]},{""position"":7,""characters"":[""A"",""O"",""R"",""U""]},{""position"":8,""characters"":[""S""]},{""position"":9,""characters"":[""A"",""C"",""D"",""E"",""G"",""H"",""I"",""L"",""M"",""N"",""O"",""P"",""R"",""S"",""T"",""U"",""V""]},{""position"":10,""characters"":[""E"",""I"",""L"",""N"",""R""]}]","false"
"11","ar_to_en","11","[18,30]","[{""position"":0,""characters"":[""A"",""C"",""D"",""E"",""G"",""I"",""L"",""N"",""O"",""S"",""T"",""Y""]},{""position"":1,""characters"":[""C"",""D"",""E"",""G"",""H"",""I"",""L"",""M"",""N"",""O"",""P"",""R"",""S"",""T"",""U""]},{""position"":2,""characters"":[""F"",""G"",""S""]},{""position"":3,""characters"":[""A"",""C"",""E"",""I"",""N"",""O"",""P"",""R"",""U""]},{""position"":4,""characters"":[""A"",""E"",""I"",""O"",""P"",""U""]},{""position"":5,""characters"":[""A"",""E"",""F"",""G"",""M"",""N"",""O"",""P"",""R"",""S"",""T""]},{""position"":6,""characters"":[""A"",""D"",""E"",""I"",""O"",""R"",""T"",""U""]},{""position"":7,""characters"":[""A"",""C"",""E"",""I"",""N"",""O"",""R"",""S"",""T"",""U""]},{""position"":8,""characters"":[""S""]},{""position"":9,""characters"":[""A"",""C"",""E"",""G"",""H"",""I"",""N"",""R"",""S"",""T"",""U""]},{""position"":10,""characters"":[""A"",""D"",""E"",""I"",""L"",""N"",""O""]}]","false"
"11","ar_to_en","11","[18,30]","[{""position"":0,""characters"":[""A"",""C"",""E"",""I"",""N"",""R"",""T""]},{""position"":1,""characters"":[""C"",""D"",""E"",""G"",""H"",""I"",""L"",""M"",""N"",""O"",""P"",""R"",""S"",""T"",""U""]},{""position"":2,""characters"":[""M"",""P""]},{""position"":3,""characters"":[""A"",""E"",""I"",""R"",""U""]},{""position"":4,""characters"":[""O"",""S""]},{""position"":5,""characters"":[""A"",""E"",""I"",""N"",""O"",""T""]},{""position"":6,""characters"":[""A"",""D"",""E"",""F"",""L"",""M"",""N"",""R"",""S"",""T"",""V""]},{""position"":7,""characters"":[""A"",""C"",""D"",""E"",""F"",""I"",""L"",""N"",""O"",""P"",""R"",""S"",""U""]},{""position"":8,""characters"":[""F"",""G"",""S""]},{""position"":9,""characters"":[""A"",""C"",""E"",""G"",""H"",""I"",""N"",""R"",""S"",""T"",""U""]},{""position"":10,""characters"":[""A"",""D"",""E"",""I"",""O"",""P""]}]","false"
"11","ar_to_en","11","[18,30]","[{""position"":0,""characters"":[""A"",""E"",""I"",""L"",""O"",""P"",""S"",""T""]},{""position"":1,""characters"":[""A"",""C"",""D"",""E"",""G"",""H"",""I"",""L"",""M"",""N"",""O"",""P"",""R"",""S"",""T"",""U"",""V""]},{""position"":2,""characters"":[""F"",""G"",""S""]},{""position"":3,""characters"":[""A"",""C"",""E"",""I"",""N"",""O"",""P"",""R"",""U""]},{""position"":4,""characters"":[""C"",""L"",""N""]},{""position"":5,""characters"":[""A"",""E"",""I"",""N"",""O"",""T""]},{""position"":6,""characters"":[""B"",""D"",""E"",""F"",""I"",""M"",""N"",""O"",""P"",""R"",""S"",""T""]},{""position"":7,""characters"":[""A"",""E"",""I"",""O"",""R""]},{""position"":8,""characters"":[""M"",""P""]},{""position"":9,""characters"":[""A"",""D"",""G"",""H"",""I"",""L"",""N"",""O"",""U""]},{""position"":10,""characters"":[""A"",""O"",""R""]}]","false"
"11","ar_to_en","11","[18,30]","[{""position"":0,""characters"":[""A"",""D"",""E"",""I"",""O"",""R"",""T"",""Y""]},{""position"":1,""characters"":[""A"",""C"",""D"",""E"",""G"",""H"",""I"",""L"",""M"",""N"",""O"",""P"",""R"",""S"",""T"",""U"",""V""]},{""position"":2,""characters"":[""S""]},{""position"":3,""characters"":[""C"",""K"",""L"",""N""]},{""position"":4,""characters"":[""A"",""D"",""E"",""I"",""L"",""N"",""O"",""U""]},{""position"":5,""characters"":[""A"",""E"",""F"",""G"",""M"",""N"",""P"",""R"",""S"",""T""]},{""position"":6,""characters"":[""A"",""C"",""D"",""E"",""I"",""L"",""N"",""O"",""S"",""T"",""U"",""V""]},{""position"":7,""characters"":[""A"",""C"",""D"",""E"",""F"",""I"",""L"",""N"",""O"",""P"",""R"",""S"",""U""]},{""position"":8,""characters"":[""F"",""G"",""S""]},{""position"":9,""characters"":[""C"",""D"",""E"",""G"",""I"",""L"",""N"",""P"",""R"",""S"",""T""]},{""position"":10,""characters"":[""A"",""E"",""I"",""L"",""O""]}]","false"
"11","ar_to_en","11","[18,30]","[{""position"":0,""characters"":[""A"",""C"",""D"",""E"",""G"",""I"",""L"",""M"",""O"",""P"",""R"",""T""]},{""position"":1,""characters"":[""C"",""D"",""E"",""I"",""L"",""M"",""N"",""P"",""R"",""S"",""T"",""U""]},{""position"":2,""characters"":[""F"",""G"",""S""]},{""position"":3,""characters"":[""A"",""C"",""E"",""I"",""N"",""O"",""P"",""R"",""U""]},{""position"":4,""characters"":[""A"",""E"",""I"",""N"",""O"",""U""]},{""position"":5,""characters"":[""A"",""E"",""F"",""G"",""M"",""N"",""P"",""R"",""S"",""T""]},{""position"":6,""characters"":[""E"",""I"",""L"",""N"",""R"",""U"",""V""]},{""position"":7,""characters"":[""A"",""B"",""D"",""E"",""F"",""G"",""L"",""M"",""N"",""O"",""P"",""R"",""S"",""T""]},{""position"":8,""characters"":[""S""]},{""position"":9,""characters"":[""A"",""C"",""E"",""G"",""H"",""I"",""N"",""R"",""S"",""T"",""U""]},{""position"":10,""characters"":[""A"",""E"",""I"",""O""]}]","false"
"11","ar_to_en","11","[18,30]","[{""position"":0,""characters"":[""A"",""D"",""E"",""I"",""O"",""P""]},{""position"":1,""characters"":[""A"",""E"",""I"",""N"",""O"",""U""]},{""position"":2,""characters"":[""I"",""L"",""M"",""N"",""R"",""W""]},{""position"":3,""characters"":[""A"",""B"",""D"",""E"",""F"",""G"",""L"",""M"",""N"",""O"",""P"",""R"",""S"",""T""]},{""position"":4,""characters"":[""A"",""E"",""I"",""L"",""O"",""P"",""S"",""T"",""U""]},{""position"":5,""characters"":[""A"",""E"",""U""]},{""position"":6,""characters"":[""O"",""S""]},{""position"":7,""characters"":[""A"",""O"",""R"",""U""]},{""position"":8,""characters"":[""S""]},{""position"":9,""characters"":[""A"",""D"",""E"",""G"",""H"",""L"",""M"",""N"",""R"",""S"",""T"",""V""]},{""position"":10,""characters"":[""E"",""I"",""L"",""N"",""R""]}]","false"
"11","ar_to_en","11","[18,30]","[{""position"":0,""characters"":[""A"",""C"",""D"",""E"",""G"",""I"",""L"",""M"",""N"",""O"",""P"",""R"",""S"",""T""]},{""position"":1,""characters"":[""D"",""E"",""I"",""O"",""P"",""R"",""T"",""U""]},{""position"":2,""characters"":[""E"",""P""]},{""position"":3,""characters"":[""A"",""D"",""F"",""G"",""I"",""L"",""N"",""O"",""U""]},{""position"":4,""characters"":[""A"",""E"",""I"",""O"",""U""]},{""position"":5,""characters"":[""A"",""E""]},{""position"":6,""characters"":[""B"",""D"",""E"",""F"",""I"",""M"",""N"",""O"",""P"",""R"",""S"",""T""]},{""position"":7,""characters"":[""A"",""C"",""D"",""E"",""G"",""I"",""N"",""O"",""P"",""T"",""U""]},{""position"":8,""characters"":[""F"",""G"",""S""]},{""position"":9,""characters"":[""A"",""C"",""E"",""I"",""N"",""O"",""P"",""R"",""U""]},{""position"":10,""characters"":[""A"",""E"",""L"",""O"",""P"",""R""]}]","false"
"11","ar_to_en","3","[18,30]","[{""position"":0,""characters"":[""A"",""B"",""C"",""D"",""E"",""F"",""G"",""H"",""I"",""J"",""K"",""L"",""M"",""N"",""O"",""P"",""R"",""S"",""T"",""U"",""W"",""X"",""Y""]},{""position"":1,""characters"":[""N"",""S""]},{""position"":2,""characters"":[""C"",""G""]}]","false"
"11","ar_to_en","6","[18,23]","[{""position"":0,""characters"":[""A"",""R""]},{""position"":1,""characters"":[""L"",""U""]},{""position"":2,""characters"":[""P""]},{""position"":3,""characters"":[""A""]},{""position"":4,""characters"":[""A"",""C"",""E"",""I"",""L"",""O"",""R"",""U""]},{""position"":5,""characters"":[""C"",""L"",""O"",""P"",""R""]}]","false"
"11","ar_to_en","3","[18,27]","[{""position"":0,""characters"":[""A"",""B"",""C"",""D"",""E"",""F"",""G"",""H"",""I"",""J"",""K"",""L"",""M"",""N"",""O"",""P"",""R"",""S"",""T"",""U"",""W"",""X"",""Y""]},{""position"":1,""characters"":[""G"",""L"",""N"",""S"",""T""]},{""position"":2,""characters"":[""C""]}]","false"
"11","ar_to_en","3","[18,27]","[{""position"":0,""characters"":[""A"",""B"",""D"",""E"",""F"",""G"",""I"",""K"",""L"",""N"",""O"",""P"",""S"",""T"",""U"",""W""]},{""position"":1,""characters"":[""A"",""D"",""I"",""R""]},{""position"":2,""characters"":[""I""]}]","false"
"11","ar_to_en","3","[18,27]","[{""position"":0,""characters"":[""A"",""B"",""C"",""D"",""E"",""F"",""G"",""H"",""I"",""J"",""K"",""L"",""M"",""N"",""O"",""P"",""R"",""S"",""T"",""U"",""W"",""X"",""Y""]},{""position"":1,""characters"":[""G"",""N"",""R"",""S"",""T""]},{""position"":2,""characters"":[""L""]}]","false"
"11","ar_to_en","5","[18,27]","[{""position"":0,""characters"":[""A"",""E"",""I"",""O"",""P"",""U""]},{""position"":1,""characters"":[""A"",""E"",""I"",""R"",""U""]},{""position"":2,""characters"":[""D"",""H"",""L"",""N"",""P"",""R""]},{""position"":3,""characters"":[""A"",""D"",""E"",""I"",""K"",""N"",""O"",""T""]},{""position"":4,""characters"":[""A"",""E""]}]","false"
"11","ar_to_en","5","[18,21,25,27]","[{""position"":0,""characters"":[""A"",""C"",""E"",""I"",""N"",""O"",""P"",""R"",""U"",""W""]},{""position"":1,""characters"":[""C"",""K"",""L"",""N""]},{""position"":2,""characters"":[""H"",""N"",""R""]},{""position"":3,""characters"":[""A"",""D"",""E"",""I"",""K"",""N"",""O"",""T""]},{""position"":4,""characters"":[""A"",""E"",""K"",""U""]}]","false"
"11","ar_to_en","4","[18,28]","[{""position"":0,""characters"":[""A"",""C"",""E"",""M"",""T"",""Y""]},{""position"":1,""characters"":[""A"",""B"",""C"",""D"",""E"",""F"",""G"",""H"",""I"",""L"",""N"",""O"",""P"",""R"",""S"",""T"",""U"",""V"",""X"",""Y""]},{""position"":2,""characters"":[""E"",""H"",""M"",""P"",""X""]},{""position"":3,""characters"":[""U""]}]","false"
"11","ar_to_en","3","[19,25]","[{""position"":0,""characters"":[""A"",""C"",""M"",""O""]},{""position"":1,""characters"":[""C"",""N""]},{""position"":2,""characters"":[""I"",""R"",""U""]}]","false"
"11","ar_to_en","4","[19,25]","[{""position"":0,""characters"":[""A"",""B"",""C"",""D"",""E"",""F"",""G"",""I"",""K"",""M"",""N"",""O"",""P"",""R"",""S"",""T"",""W"",""Y""]},{""position"":1,""characters"":[""A"",""D""]},{""position"":2,""characters"":[""C"",""R""]},{""position"":3,""characters"":[""A"",""L""]}]","true"
"11","ar_to_en","6","[19,23]","[{""position"":0,""characters"":[""A"",""B"",""E""]},{""position"":1,""characters"":[""A"",""D"",""F"",""I"",""L"",""O"",""Y""]},{""position"":2,""characters"":[""H"",""L"",""N"",""R""]},{""position"":3,""characters"":[""A"",""C"",""E"",""F"",""I"",""L"",""N"",""O"",""R"",""U"",""X""]},{""position"":4,""characters"":[""C"",""D"",""E"",""G"",""I"",""L"",""N"",""P"",""R"",""S"",""T"",""Y""]},{""position"":5,""characters"":[""C"",""K"",""L"",""N""]}]","true"
"11","ar_to_en","6","[19,25]","[{""position"":0,""characters"":[""E"",""I"",""R"",""S"",""T"",""U"",""Y""]},{""position"":1,""characters"":[""A"",""E"",""I"",""O""]},{""position"":2,""characters"":[""D""]},{""position"":3,""characters"":[""A"",""E"",""I"",""N"",""O""]},{""position"":4,""characters"":[""A"",""C"",""E"",""I"",""N"",""O"",""R"",""T""]},{""position"":5,""characters"":[""E"",""S""]}]","true"
"11","ar_to_en","5","[19,27]","[{""position"":0,""characters"":[""A"",""B"",""C"",""D"",""E"",""F"",""G"",""H"",""K"",""L"",""M"",""N"",""O"",""P"",""R"",""S"",""T"",""U"",""W"",""X"",""Y""]},{""position"":1,""characters"":[""A"",""C"",""D"",""E"",""G"",""H"",""I"",""K"",""L"",""M"",""O"",""P"",""R"",""S"",""T"",""U""]},{""position"":2,""characters"":[""M"",""P"",""X""]},{""position"":3,""characters"":[""M""]},{""position"":4,""characters"":[""A"",""B"",""D"",""E"",""F"",""G"",""H"",""K"",""L"",""M"",""N"",""O"",""P"",""R"",""S"",""T"",""W"",""X""]}]","true"
"11","ar_to_en","3","[19,22,25,26,27,30]","[{""position"":0,""characters"":[""A"",""B"",""C"",""D"",""E"",""F"",""G"",""H"",""I"",""K"",""L"",""M"",""N"",""O"",""P"",""R"",""S"",""T"",""U"",""W"",""X"",""Y""]},{""position"":1,""characters"":[""A"",""E"",""I"",""O"",""T""]},{""position"":2,""characters"":[""I""]}]","false"
"11","ar_to_en","3","[19,27]","[{""position"":0,""characters"":[""A"",""B"",""C"",""D"",""E"",""F"",""G"",""H"",""I"",""K"",""L"",""M"",""N"",""O"",""P"",""R"",""S"",""T"",""U"",""W"",""X"",""Y""]},{""position"":1,""characters"":[""L"",""N"",""S""]},{""position"":2,""characters"":[""S""]}]","false"
"11","ar_to_en","3","[19,27]","[{""position"":0,""characters"":[""A"",""B"",""C"",""D"",""E"",""F"",""G"",""H"",""I"",""K"",""L"",""M"",""N"",""O"",""P"",""R"",""S"",""T"",""U"",""W"",""X"",""Y""]},{""position"":1,""characters"":[""G"",""L"",""N"",""S""]},{""position"":2,""characters"":[""P""]}]","false"
"11","ar_to_en","6","[19,27]","[{""position"":0,""characters"":[""A"",""B"",""D"",""E"",""G"",""J"",""L"",""M"",""N"",""P"",""R"",""S"",""T"",""W"",""Y""]},{""position"":1,""characters"":[""C"",""E"",""F"",""L"",""P"",""S"",""Y""]},{""position"":2,""characters"":[""D"",""M"",""R"",""S""]},{""position"":3,""characters"":[""A"",""E"",""H"",""O""]},{""position"":4,""characters"":[""A"",""E""]},{""position"":5,""characters"":[""A"",""E"",""Y""]}]","true"
"11","ar_to_en","3","[19,27]","[{""position"":0,""characters"":[""D"",""R""]},{""position"":1,""characters"":[""A""]},{""position"":2,""characters"":[""M""]}]","false"
"11","ar_to_en","3","[19,27]","[{""position"":0,""characters"":[""A"",""B"",""C"",""D"",""E"",""F"",""G"",""H"",""I"",""L"",""M"",""N"",""O"",""P"",""R"",""S"",""T"",""U"",""W"",""Y""]},{""position"":1,""characters"":[""F""]},{""position"":2,""characters"":[""M"",""R"",""T""]}]","false"
"11","ar_to_en","3","[19,27]","[{""position"":0,""characters"":[""C"",""D"",""E"",""F"",""G"",""H"",""L"",""M"",""N"",""O"",""P"",""R"",""S"",""T"",""W"",""Y""]},{""position"":1,""characters"":[""C""]},{""position"":2,""characters"":[""C""]}]","false"
"11","ar_to_en","3","[19,27]","[{""position"":0,""characters"":[""A"",""B"",""C"",""D"",""E"",""F"",""G"",""H"",""I"",""L"",""M"",""N"",""O"",""P"",""R"",""S"",""T"",""U"",""W"",""Y""]},{""position"":1,""characters"":[""S""]},{""position"":2,""characters"":[""M"",""R""]}]","false"
"11","ar_to_en","6","[19,27]","[{""position"":0,""characters"":[""A"",""B"",""D"",""E"",""F"",""G"",""H"",""J"",""L"",""M"",""N"",""P"",""S"",""T"",""W"",""Y""]},{""position"":1,""characters"":[""E"",""T""]},{""position"":2,""characters"":[""A"",""E"",""S""]},{""position"":3,""characters"":[""B"",""D"",""E"",""F"",""G"",""H"",""K"",""L"",""M"",""N"",""P"",""R"",""S"",""T"",""W"",""Y""]},{""position"":4,""characters"":[""A"",""P"",""T"",""Y""]},{""position"":5,""characters"":[""A"",""E""]}]","false"
"11","ar_to_en","11","[19,25]","[{""position"":0,""characters"":[""A"",""C"",""D"",""E"",""G"",""I"",""M"",""O"",""P"",""R""]},{""position"":1,""characters"":[""A"",""C"",""D"",""E"",""N"",""O"",""P"",""R"",""S"",""U""]},{""position"":2,""characters"":[""B"",""E"",""F"",""I"",""M"",""N"",""O"",""P"",""Q"",""R"",""S"",""T"",""V"",""W""]},{""position"":3,""characters"":[""A"",""B"",""C"",""E"",""G"",""I"",""L"",""M"",""N"",""O"",""P"",""S"",""T"",""U""]},{""position"":4,""characters"":[""A"",""C"",""D"",""E"",""I"",""L"",""N"",""O"",""R"",""T"",""U""]},{""position"":5,""characters"":[""A"",""C"",""E"",""I"",""M"",""N"",""O"",""R"",""S"",""T"",""V""]},{""position"":6,""characters"":[""A"",""I"",""M"",""N"",""P"",""S"",""T"",""U""]},{""position"":7,""characters"":[""N""]},{""position"":8,""characters"":[""I""]},{""position"":9,""characters"":[""O""]},{""position"":10,""characters"":[""G"",""L"",""M"",""N"",""S"",""Y""]}]","false"
"11","ar_to_en","3","[19,25]","[{""position"":0,""characters"":[""A"",""D"",""E"",""H"",""I"",""O"",""P""]},{""position"":1,""characters"":[""L""]},{""position"":2,""characters"":[""E"",""T""]}]","false"
"11","ar_to_en","8","[19,25]","[{""position"":0,""characters"":[""A"",""E"",""I"",""L"",""O"",""P"",""T""]},{""position"":1,""characters"":[""D"",""H"",""L"",""N"",""P"",""R""]},{""position"":2,""characters"":[""A"",""O"",""R"",""U""]},{""position"":3,""characters"":[""A"",""E""]},{""position"":4,""characters"":[""A"",""C"",""E"",""M"",""T"",""Y""]},{""position"":5,""characters"":[""B"",""C"",""D"",""E"",""G"",""H"",""L"",""M"",""N"",""O"",""P"",""R"",""S"",""T"",""U"",""V"",""W""]},{""position"":6,""characters"":[""A"",""E"",""I"",""N"",""O"",""U""]},{""position"":7,""characters"":[""A"",""E"",""N"",""O"",""R"",""T"",""V""]}]","false"
"11","ar_to_en","5","[19,23,28]","[{""position"":0,""characters"":[""A"",""E"",""F"",""I"",""O"",""U""]},{""position"":1,""characters"":[""A"",""C"",""D"",""E"",""F"",""G"",""H"",""K"",""L"",""M"",""N"",""O"",""P"",""R"",""S"",""T"",""U"",""V"",""W""]},{""position"":2,""characters"":[""H"",""L"",""N"",""P"",""R""]},{""position"":3,""characters"":[""A"",""D"",""O"",""S""]},{""position"":4,""characters"":[""A"",""E"",""K"",""U""]}]","true"
"11","ar_to_en","11","[19,28]","[{""position"":0,""characters"":[""A"",""C"",""D"",""I"",""O"",""P"",""R""]},{""position"":1,""characters"":[""C"",""E"",""N"",""O"",""P"",""R"",""U""]},{""position"":2,""characters"":[""B"",""E"",""F"",""I"",""M"",""N"",""P"",""Q"",""R"",""S"",""T""]},{""position"":3,""characters"":[""B"",""C"",""E"",""I"",""L"",""O"",""P"",""S"",""U""]},{""position"":4,""characters"":[""A"",""D"",""E"",""I"",""N"",""O"",""R"",""U""]},{""position"":5,""characters"":[""C"",""E"",""M"",""R"",""S"",""T""]},{""position"":6,""characters"":[""N""]},{""position"":7,""characters"":[""T""]},{""position"":8,""characters"":[""I""]},{""position"":9,""characters"":[""A"",""N"",""O""]},{""position"":10,""characters"":[""G"",""N""]}]","false"
"11","ar_to_en","3","[19,28]","[{""position"":0,""characters"":[""E"",""O"",""T""]},{""position"":1,""characters"":[""D"",""E"",""L"",""R""]},{""position"":2,""characters"":[""I"",""R""]}]","false"
"11","ar_to_en","3","[20,26]","[{""position"":0,""characters"":[""A""]},{""position"":1,""characters"":[""A""]},{""position"":2,""characters"":[""D"",""H"",""P""]}]","false"
"11","ar_to_en","6","[20,22,27]","[{""position"":0,""characters"":[""A"",""D"",""L""]},{""position"":1,""characters"":[""A"",""E"",""O"",""R""]},{""position"":2,""characters"":[""C"",""D"",""E"",""M"",""N"",""R"",""T"",""W"",""Y""]},{""position"":3,""characters"":[""A""]},{""position"":4,""characters"":[""R""]},{""position"":5,""characters"":[""E"",""T""]}]","false"
"11","ar_to_en","7","[20,26]","[{""position"":0,""characters"":[""A"",""E"",""K"",""U""]},{""position"":1,""characters"":[""A"",""B"",""D"",""E"",""F"",""G"",""H"",""L"",""M"",""N"",""P"",""R"",""S"",""T"",""W"",""Y""]},{""position"":2,""characters"":[""D"",""E"",""M"",""N"",""S"",""T""]},{""position"":3,""characters"":[""A"",""C"",""E"",""G"",""I"",""L"",""M"",""N"",""O"",""S"",""T"",""U"",""V""]},{""position"":4,""characters"":[""B"",""C"",""D"",""E"",""F"",""H"",""I"",""K"",""L"",""M"",""N"",""O"",""P"",""R"",""S"",""T"",""U"",""W"",""Y""]},{""position"":5,""characters"":[""A"",""D"",""E"",""H"",""I"",""O"",""P"",""U""]},{""position"":6,""characters"":[""A"",""E"",""K"",""U""]}]","false"
"11","ar_to_en","3","[20,26]","[{""position"":0,""characters"":[""C"",""E""]},{""position"":1,""characters"":[""R""]},{""position"":2,""characters"":[""T""]}]","false"
"11","ar_to_en","5","[20,26]","[{""position"":0,""characters"":[""A"",""E"",""G""]},{""position"":1,""characters"":[""E"",""N"",""R"",""X""]},{""position"":2,""characters"":[""A"",""E"",""N"",""O"",""T""]},{""position"":3,""characters"":[""G"",""M"",""N"",""R""]},{""position"":4,""characters"":[""D""]}]","false"
"11","ar_to_en","3","[20,22]","[{""position"":0,""characters"":[""A"",""B"",""C"",""D"",""E"",""F"",""G"",""H"",""K"",""L"",""M"",""N"",""O"",""P"",""R"",""S"",""T"",""W"",""Y""]},{""position"":1,""characters"":[""P"",""S""]},{""position"":2,""characters"":[""R""]}]","false"
"11","ar_to_en","4","[20,30]","[{""position"":0,""characters"":[""L""]},{""position"":1,""characters"":[""C"",""L"",""N"",""O"",""R"",""S"",""T""]},{""position"":2,""characters"":[""A"",""E""]},{""position"":3,""characters"":[""R""]}]","false"
"11","ar_to_en","4","[20,27]","[{""position"":0,""characters"":[""A"",""O"",""S""]},{""position"":1,""characters"":[""O""]},{""position"":2,""characters"":[""T""]},{""position"":3,""characters"":[""E"",""I"",""O"",""S""]}]","false"
"11","ar_to_en","3","[20,27]","[{""position"":0,""characters"":[""A"",""N"",""T""]},{""position"":1,""characters"":[""D"",""L""]},{""position"":2,""characters"":[""O""]}]","false"
"11","ar_to_en","11","[20,27]","[{""position"":0,""characters"":[""A"",""C"",""D"",""I"",""M"",""N"",""O"",""P"",""R""]},{""position"":1,""characters"":[""A"",""C"",""D"",""E"",""L"",""N"",""O"",""P"",""R"",""S"",""U""]},{""position"":2,""characters"":[""B"",""F"",""I"",""M"",""N"",""P"",""Q"",""R"",""S"",""T"",""V""]},{""position"":3,""characters"":[""B"",""C"",""E"",""I"",""L"",""N"",""O"",""P"",""S"",""T"",""U""]},{""position"":4,""characters"":[""A"",""C"",""D"",""E"",""I"",""N"",""O"",""R"",""T"",""U""]},{""position"":5,""characters"":[""A"",""C"",""E"",""I"",""M"",""N"",""R"",""S"",""T""]},{""position"":6,""characters"":[""A"",""C"",""I"",""N"",""P"",""S"",""U""]},{""position"":7,""characters"":[""N""]},{""position"":8,""characters"":[""I""]},{""position"":9,""characters"":[""A"",""O""]},{""position"":10,""characters"":[""E"",""G"",""L"",""N"",""O"",""Y""]}]","false"
"11","ar_to_en","3","[21,27]","[{""position"":0,""characters"":[""A"",""B"",""C"",""D"",""E"",""F"",""G"",""H"",""I"",""K"",""L"",""N"",""O"",""P"",""R"",""S"",""T"",""W"",""Y""]},{""position"":1,""characters"":[""A"",""E"",""O"",""P"",""S"",""T"",""Y""]},{""position"":2,""characters"":[""I""]}]","false"
"11","ar_to_en","3","[21,27]","[{""position"":0,""characters"":[""A"",""D"",""E"",""F"",""G"",""H"",""I"",""L"",""N"",""O"",""R"",""U"",""W""]},{""position"":1,""characters"":[""D"",""H"",""L"",""N"",""P"",""R""]},{""position"":2,""characters"":[""X""]}]","false"
"11","ar_to_en","3","[21,27]","[{""position"":0,""characters"":[""A"",""E"",""G"",""I"",""L"",""O"",""U""]},{""position"":1,""characters"":[""L""]},{""position"":2,""characters"":[""R""]}]","false"
"11","ar_to_en","3","[21,27]","[{""position"":0,""characters"":[""A"",""B"",""C"",""D"",""E"",""F"",""G"",""H"",""I"",""J"",""K"",""L"",""M"",""N"",""O"",""P"",""R"",""S"",""T"",""U"",""W"",""Y""]},{""position"":1,""characters"":[""A"",""T""]},{""position"":2,""characters"":[""U""]}]","false"
"11","ar_to_en","3","[21,27]","[{""position"":0,""characters"":[""C"",""K"",""L"",""N""]},{""position"":1,""characters"":[""T""]},{""position"":2,""characters"":[""N""]}]","false"
"11","ar_to_en","3","[21,27]","[{""position"":0,""characters"":[""A"",""B"",""C"",""D"",""E"",""F"",""G"",""H"",""I"",""L"",""N"",""O"",""P"",""R"",""S"",""T"",""W"",""Y""]},{""position"":1,""characters"":[""T""]},{""position"":2,""characters"":[""O""]}]","false"
"11","ar_to_en","3","[21,25]","[{""position"":0,""characters"":[""B"",""C"",""D"",""F"",""M"",""P"",""R"",""S"",""T"",""W"",""Y""]},{""position"":1,""characters"":[""N""]},{""position"":2,""characters"":[""N""]}]","false"
"11","ar_to_en","3","[21,22]","[{""position"":0,""characters"":[""I"",""S""]},{""position"":1,""characters"":[""A"",""E""]},{""position"":2,""characters"":[""N""]}]","false"
"11","ar_to_en","6","[21,26]","[{""position"":0,""characters"":[""A"",""C"",""L"",""N"",""O"",""T"",""U"",""Y""]},{""position"":1,""characters"":[""C"",""D"",""E"",""G"",""I"",""L"",""N"",""P"",""R"",""S"",""T"",""Y""]},{""position"":2,""characters"":[""A"",""E"",""I"",""O"",""U""]},{""position"":3,""characters"":[""E"",""N""]},{""position"":4,""characters"":[""A"",""E""]},{""position"":5,""characters"":[""B"",""C"",""D"",""E"",""F"",""G"",""H"",""J"",""K"",""L"",""M"",""N"",""O"",""P"",""R"",""S"",""T"",""W"",""Y""]}]","true"
"11","ar_to_en","9","[21,26]","[{""position"":0,""characters"":[""C"",""D"",""E"",""P"",""S""]},{""position"":1,""characters"":[""D"",""E"",""R""]},{""position"":2,""characters"":[""M""]},{""position"":3,""characters"":[""A"",""D"",""P"",""S""]},{""position"":4,""characters"":[""E"",""I""]},{""position"":5,""characters"":[""C""]},{""position"":6,""characters"":[""A"",""G"",""O"",""T""]},{""position"":7,""characters"":[""E"",""R"",""T"",""U""]},{""position"":8,""characters"":[""R""]}]","false"
"11","ar_to_en","5","[21,26]","[{""position"":0,""characters"":[""A"",""C"",""D"",""E"",""F"",""G"",""K"",""L"",""N"",""S"",""T"",""U"",""W""]},{""position"":1,""characters"":[""C"",""D"",""E"",""H"",""L"",""M"",""N"",""P"",""R"",""S"",""T""]},{""position"":2,""characters"":[""I""]},{""position"":3,""characters"":[""D"",""M"",""P""]},{""position"":4,""characters"":[""C"",""Y""]}]","false"
"11","ar_to_en","9","[21,25,26]","[{""position"":0,""characters"":[""D"",""E"",""I"",""N"",""R"",""T""]},{""position"":1,""characters"":[""A"",""C"",""E"",""I"",""L"",""M"",""N"",""O"",""Q"",""R"",""S"",""T""]},{""position"":2,""characters"":[""A"",""C"",""D"",""E"",""F"",""G"",""I"",""L"",""M"",""N"",""O"",""P"",""S"",""T"",""U""]},{""position"":3,""characters"":[""A"",""C"",""D"",""E"",""F"",""I"",""L"",""R"",""S"",""T""]},{""position"":4,""characters"":[""A"",""D"",""E"",""I"",""L"",""M"",""O"",""P"",""R"",""S"",""U"",""V""]},{""position"":5,""characters"":[""A"",""E"",""G"",""I"",""M"",""P"",""R"",""S"",""T"",""U""]},{""position"":6,""characters"":[""E"",""O"",""R"",""T""]},{""position"":7,""characters"":[""E"",""T""]},{""position"":8,""characters"":[""E"",""T"",""W""]}]","true"
"11","ar_to_en","6","[21,26]","[{""position"":0,""characters"":[""A"",""C"",""D"",""E"",""G"",""H"",""I"",""K"",""L"",""M"",""O"",""P"",""R"",""S"",""T"",""U""]},{""position"":1,""characters"":[""C"",""D"",""E"",""F"",""G"",""H"",""I"",""L"",""M"",""N"",""O"",""P"",""R"",""S"",""T"",""U"",""V"",""W""]},{""position"":2,""characters"":[""L""]},{""position"":3,""characters"":[""N"",""S""]},{""position"":4,""characters"":[""A"",""E"",""H"",""I"",""L"",""O"",""R"",""Y""]},{""position"":5,""characters"":[""C"",""D"",""E"",""F"",""G"",""H"",""I"",""L"",""M"",""N"",""O"",""P"",""R"",""S"",""T"",""U"",""V"",""W""]}]","true"
"11","ar_to_en","11","[21,25]","[{""position"":0,""characters"":[""A"",""C"",""D"",""E"",""G"",""I"",""L"",""M"",""N"",""O"",""P"",""R"",""S"",""T"",""Y""]},{""position"":1,""characters"":[""A"",""D"",""E"",""I"",""N"",""O"",""R"",""U""]},{""position"":2,""characters"":[""F"",""G"",""S""]},{""position"":3,""characters"":[""F"",""I""]},{""position"":4,""characters"":[""A"",""E"",""F"",""I"",""L"",""O"",""U""]},{""position"":5,""characters"":[""A"",""C"",""E"",""G"",""I"",""N"",""R"",""S"",""T"",""U""]},{""position"":6,""characters"":[""A"",""C"",""E"",""M"",""T""]},{""position"":7,""characters"":[""A"",""B"",""D"",""E"",""F"",""G"",""L"",""M"",""N"",""P"",""R"",""S"",""T""]},{""position"":8,""characters"":[""A"",""D"",""E"",""F"",""G"",""I"",""O"",""S"",""T"",""V""]},{""position"":9,""characters"":[""A"",""O"",""R"",""U""]},{""position"":10,""characters"":[""A"",""C"",""E"",""G"",""I"",""N"",""R"",""S"",""T"",""Y""]}]","false"
"11","ar_to_en","3","[21,25]","[{""position"":0,""characters"":[""A"",""B"",""D"",""E"",""F"",""G"",""I"",""L"",""O"",""P"",""S"",""T""]},{""position"":1,""characters"":[""S""]},{""position"":2,""characters"":[""E""]}]","false"
"11","ar_to_en","3","[21,25,30]","[{""position"":0,""characters"":[""A"",""B"",""C"",""D"",""F"",""H"",""N"",""P"",""S"",""T"",""W""]},{""position"":1,""characters"":[""A"",""D"",""E"",""F"",""G"",""I"",""L"",""O"",""P"",""S"",""T"",""U""]},{""position"":2,""characters"":[""I""]}]","false"
"11","ar_to_en","3","[22,25]","[{""position"":0,""characters"":[""A"",""B"",""D"",""E"",""T""]},{""position"":1,""characters"":[""C""]},{""position"":2,""characters"":[""E""]}]","false"
"11","ar_to_en","9","[22,23]","[{""position"":0,""characters"":[""A"",""D"",""E"",""H"",""I"",""K"",""O"",""P"",""U""]},{""position"":1,""characters"":[""A"",""E"",""I"",""N"",""O"",""U"",""W""]},{""position"":2,""characters"":[""H"",""N"",""R""]},{""position"":3,""characters"":[""A"",""D"",""E"",""F"",""G"",""H"",""L"",""M"",""N"",""O"",""P"",""R"",""S"",""T"",""W""]},{""position"":4,""characters"":[""A"",""E""]},{""position"":5,""characters"":[""A"",""O"",""R"",""U""]},{""position"":6,""characters"":[""A"",""C"",""D"",""E"",""G"",""H"",""I"",""L"",""M"",""N"",""O"",""P"",""R"",""S"",""T"",""U"",""V"",""W""]},{""position"":7,""characters"":[""A"",""E"",""I"",""L"",""O"",""P"",""T"",""U""]},{""position"":8,""characters"":[""A""]}]","false"
"11","ar_to_en","3","[22,27]","[{""position"":0,""characters"":[""A"",""B"",""C"",""D"",""E"",""F"",""G"",""H"",""I"",""J"",""K"",""L"",""M"",""N"",""O"",""P"",""R"",""S"",""T"",""U"",""W"",""X"",""Y""]},{""position"":1,""characters"":[""C"",""N"",""R"",""T""]},{""position"":2,""characters"":[""P""]}]","false"
"11","ar_to_en","3","[22,27]","[{""position"":0,""characters"":[""C"",""D"",""R"",""T""]},{""position"":1,""characters"":[""P""]},{""position"":2,""characters"":[""P""]}]","false"
"11","ar_to_en","5","[22,23]","[{""position"":0,""characters"":[""A"",""B"",""D"",""E"",""F"",""G"",""H"",""K"",""L"",""M"",""N"",""P"",""R"",""S"",""T""]},{""position"":1,""characters"":[""D"",""E"",""G"",""K"",""S"",""T"",""U""]},{""position"":2,""characters"":[""E""]},{""position"":3,""characters"":[""C"",""G"",""I"",""L"",""N"",""R"",""S"",""T"",""U""]},{""position"":4,""characters"":[""A"",""E"",""I"",""O"",""Y""]}]","false"
"11","ar_to_en","3","[22,23]","[{""position"":0,""characters"":[""A""]},{""position"":1,""characters"":[""A"",""E""]},{""position"":2,""characters"":[""D""]}]","false"
"11","ar_to_en","3","[22,28]","[{""position"":0,""characters"":[""E"",""T""]},{""position"":1,""characters"":[""D"",""R""]},{""position"":2,""characters"":[""L"",""M""]}]","false"
"11","ar_to_en","4","[22,27]","[{""position"":0,""characters"":[""R""]},{""position"":1,""characters"":[""A"",""O""]},{""position"":2,""characters"":[""A"",""C"",""E"",""N"",""R""]},{""position"":3,""characters"":[""T""]}]","true"
"11","ar_to_en","6","[22,23]","[{""position"":0,""characters"":[""A"",""E"",""F"",""I"",""L"",""S"",""T"",""U""]},{""position"":1,""characters"":[""A"",""E"",""H"",""I"",""R"",""S"",""T"",""U""]},{""position"":2,""characters"":[""C"",""D"",""G"",""N"",""T"",""V""]},{""position"":3,""characters"":[""E""]},{""position"":4,""characters"":[""D"",""E"",""H"",""L"",""O"",""R"",""S""]},{""position"":5,""characters"":[""E"",""L""]}]","true"
"11","ar_to_en","11","[23,25]","[{""position"":0,""characters"":[""A"",""C"",""D"",""E"",""G"",""I"",""L"",""M"",""N"",""O"",""P"",""R"",""S"",""T"",""Y""]},{""position"":1,""characters"":[""A"",""S""]},{""position"":2,""characters"":[""A"",""B"",""E"",""T""]},{""position"":3,""characters"":[""A"",""B"",""E"",""I"",""N"",""O"",""S"",""U""]},{""position"":4,""characters"":[""C"",""D"",""E"",""I"",""L"",""N"",""P"",""R"",""S"",""T""]},{""position"":5,""characters"":[""A"",""E"",""F"",""G"",""M"",""N"",""O"",""P"",""R"",""S"",""T""]},{""position"":6,""characters"":[""A"",""C"",""E"",""I"",""N"",""R"",""T"",""U""]},{""position"":7,""characters"":[""A"",""B"",""D"",""E"",""F"",""G"",""I"",""L"",""M"",""N"",""O"",""P"",""R"",""S"",""T""]},{""position"":8,""characters"":[""E"",""P""]},{""position"":9,""characters"":[""A"",""D"",""E"",""H"",""I"",""O"",""P"",""U""]},{""position"":10,""characters"":[""A"",""C"",""E"",""G"",""I"",""N"",""R"",""S"",""T"",""Y""]}]","false"
"11","ar_to_en","11","[23,25]","[{""position"":0,""characters"":[""A"",""C"",""D"",""E"",""G"",""I"",""L"",""M"",""N"",""O"",""P"",""R"",""S"",""T"",""Y""]},{""position"":1,""characters"":[""C"",""D"",""E"",""I"",""L"",""M"",""N"",""P"",""R"",""S"",""T"",""U""]},{""position"":2,""characters"":[""E"",""P""]},{""position"":3,""characters"":[""B"",""C"",""D"",""E"",""F"",""G"",""I"",""K"",""L"",""M"",""N"",""O"",""P"",""R"",""S"",""T"",""U""]},{""position"":4,""characters"":[""A"",""E"",""I"",""O"",""U""]},{""position"":5,""characters"":[""A"",""E""]},{""position"":6,""characters"":[""A"",""E"",""I"",""O"",""P"",""U""]},{""position"":7,""characters"":[""A"",""B"",""D"",""E"",""F"",""G"",""I"",""L"",""M"",""N"",""O"",""P"",""R"",""S"",""T""]},{""position"":8,""characters"":[""A"",""D"",""E"",""F"",""G"",""I"",""N"",""O"",""S"",""T"",""V""]},{""position"":9,""characters"":[""A"",""C"",""E"",""I"",""N"",""O"",""P"",""R"",""U""]},{""position"":10,""characters"":[""A"",""D"",""E"",""I"",""O"",""P""]}]","false"
"11","ar_to_en","4","[23,30]","[{""position"":0,""characters"":[""A""]},{""position"":1,""characters"":[""B"",""C"",""D"",""E"",""F"",""G"",""H"",""K"",""L"",""M"",""N"",""O"",""P"",""R"",""S"",""T"",""W"",""X"",""Y""]},{""position"":2,""characters"":[""A"",""E"",""I"",""S"",""T"",""U""]},{""position"":3,""characters"":[""E"",""K"",""U""]}]","false"
"11","ar_to_en","11","[23,25]","[{""position"":0,""characters"":[""A"",""C"",""D"",""E"",""G"",""I"",""L"",""M"",""N"",""O"",""P"",""R"",""S"",""T"",""Y""]},{""position"":1,""characters"":[""A"",""D"",""E"",""I"",""O"",""R"",""T"",""U""]},{""position"":2,""characters"":[""C"",""I"",""L"",""N"",""R""]},{""position"":3,""characters"":[""A"",""B"",""E"",""I"",""N"",""O"",""S"",""U""]},{""position"":4,""characters"":[""O"",""S""]},{""position"":5,""characters"":[""A"",""E"",""I"",""T""]},{""position"":6,""characters"":[""A"",""D"",""E"",""F"",""L"",""M"",""N"",""R"",""S"",""T"",""V""]},{""position"":7,""characters"":[""A"",""C"",""D"",""E"",""F"",""I"",""L"",""N"",""O"",""P"",""R"",""S"",""U""]},{""position"":8,""characters"":[""A"",""E"",""I"",""O"",""U""]},{""position"":9,""characters"":[""C"",""D"",""E"",""G"",""I"",""L"",""N"",""P"",""R"",""S"",""T""]},{""position"":10,""characters"":[""A"",""E"",""I"",""O"",""P""]}]","false"
"11","ar_to_en","3","[23,25]","[{""position"":0,""characters"":[""A"",""E"",""S"",""Y""]},{""position"":1,""characters"":[""D"",""S""]},{""position"":2,""characters"":[""E"",""T""]}]","false"
"11","ar_to_en","3","[23,25]","[{""position"":0,""characters"":[""A"",""E"",""H"",""K"",""S"",""T"",""Y""]},{""position"":1,""characters"":[""C"",""D"",""N""]},{""position"":2,""characters"":[""B"",""E"",""P"",""Y""]}]","false"
"11","ar_to_en","11","[23,25]","[{""position"":0,""characters"":[""A"",""C"",""D"",""E"",""G"",""I"",""L"",""M"",""N"",""O"",""P"",""R"",""S"",""T"",""Y""]},{""position"":1,""characters"":[""A"",""C"",""D"",""E"",""G"",""H"",""I"",""L"",""M"",""N"",""O"",""P"",""R"",""S"",""T"",""U"",""V""]},{""position"":2,""characters"":[""A"",""D"",""E"",""F"",""G"",""I"",""O"",""S"",""T"",""V""]},{""position"":3,""characters"":[""A"",""E"",""I"",""N"",""O"",""R"",""U""]},{""position"":4,""characters"":[""A"",""C"",""E"",""I"",""N"",""R"",""S"",""T"",""U""]},{""position"":5,""characters"":[""A"",""C"",""E"",""M"",""T""]},{""position"":6,""characters"":[""D"",""E"",""I"",""O"",""P"",""R"",""T"",""U""]},{""position"":7,""characters"":[""A"",""B"",""D"",""E"",""I"",""N"",""O"",""R"",""T"",""U""]},{""position"":8,""characters"":[""F"",""G"",""S""]},{""position"":9,""characters"":[""A"",""D"",""E"",""H"",""I"",""O"",""P"",""U""]},{""position"":10,""characters"":[""A"",""C"",""E"",""G"",""I"",""N"",""R"",""S"",""T"",""Y""]}]","false"
"11","ar_to_en","3","[23,25]","[{""position"":0,""characters"":[""A"",""C"",""E"",""H"",""I"",""L"",""M"",""N"",""O"",""P"",""T"",""X""]},{""position"":1,""characters"":[""T""]},{""position"":2,""characters"":[""N""]}]","false"
"11","ar_to_en","11","[23,25]","[{""position"":0,""characters"":[""A"",""C"",""D"",""E"",""G"",""I"",""L"",""M"",""N"",""O"",""P"",""R"",""S"",""T"",""Y""]},{""position"":1,""characters"":[""A"",""E"",""I"",""L"",""O"",""P"",""S"",""T"",""U""]},{""position"":2,""characters"":[""A"",""I"",""N"",""T""]},{""position"":3,""characters"":[""B"",""C"",""D"",""E"",""F"",""G"",""I"",""K"",""L"",""M"",""N"",""O"",""P"",""R"",""S"",""T"",""U""]},{""position"":4,""characters"":[""A"",""C"",""E"",""I"",""N"",""O"",""P"",""R"",""U""]},{""position"":5,""characters"":[""A"",""E"",""F"",""G"",""M"",""N"",""O"",""P"",""R"",""S"",""T""]},{""position"":6,""characters"":[""A"",""E"",""I"",""L"",""O"",""P"",""S"",""T"",""U""]},{""position"":7,""characters"":[""A"",""C"",""D"",""E"",""F"",""I"",""L"",""N"",""O"",""P"",""R"",""S"",""U""]},{""position"":8,""characters"":[""F"",""G"",""S""]},{""position"":9,""characters"":[""A"",""O"",""R"",""U""]},{""position"":10,""characters"":[""A"",""D"",""E"",""I"",""O"",""P""]}]","false"
"11","ar_to_en","11","[23,25]","[{""position"":0,""characters"":[""A"",""C"",""D"",""E"",""G"",""I"",""L"",""M"",""N"",""O"",""P"",""R"",""S"",""T"",""Y""]},{""position"":1,""characters"":[""A"",""E"",""G"",""H"",""I"",""L"",""N"",""O"",""R"",""S"",""T"",""U""]},{""position"":2,""characters"":[""A"",""D"",""E"",""F"",""G"",""I"",""O"",""S"",""T"",""V""]},{""position"":3,""characters"":[""A"",""B"",""C"",""D"",""E"",""F"",""G"",""I"",""L"",""N"",""O"",""P"",""R"",""S"",""T"",""U""]},{""position"":4,""characters"":[""A"",""E"",""I"",""R"",""U""]},{""position"":5,""characters"":[""A"",""E""]},{""position"":6,""characters"":[""A"",""B"",""C"",""D"",""E"",""F"",""I"",""L"",""M"",""N"",""O"",""P"",""R"",""S"",""T"",""U"",""V""]},{""position"":7,""characters"":[""A"",""B"",""C"",""E"",""I"",""L"",""O"",""P"",""R"",""T"",""U""]},{""position"":8,""characters"":[""E"",""P""]},{""position"":9,""characters"":[""A"",""E"",""I"",""R"",""U""]},{""position"":10,""characters"":[""A"",""C"",""E"",""G"",""I"",""N"",""R"",""S"",""T"",""Y""]}]","false"
"11","ar_to_en","4","[23,25]","[{""position"":0,""characters"":[""A"",""C"",""E"",""M"",""T"",""Y""]},{""position"":1,""characters"":[""B"",""C"",""D"",""E"",""F"",""G"",""H"",""L"",""M"",""N"",""P"",""R"",""S"",""T"",""W"",""Y""]},{""position"":2,""characters"":[""A"",""E"",""I"",""S"",""Y""]},{""position"":3,""characters"":[""I""]}]","true"
"11","ar_to_en","5","[23,27]","[{""position"":0,""characters"":[""A"",""B"",""C"",""D"",""E"",""F"",""G"",""H"",""I"",""K"",""L"",""M"",""N"",""O"",""P"",""R"",""S"",""T"",""U"",""W"",""X"",""Y""]},{""position"":1,""characters"":[""A"",""B"",""C"",""D"",""E"",""F"",""G"",""H"",""I"",""K"",""L"",""M"",""N"",""O"",""P"",""R"",""S"",""T"",""U"",""V"",""W"",""Y""]},{""position"":2,""characters"":[""E"",""N"",""Y""]},{""position"":3,""characters"":[""Y""]},{""position"":4,""characters"":[""A"",""B"",""C"",""D"",""E"",""F"",""G"",""H"",""I"",""K"",""L"",""M"",""N"",""O"",""P"",""R"",""S"",""T"",""W"",""X"",""Y""]}]","true"
"11","ar_to_en","3","[23,29]","[{""position"":0,""characters"":[""A"",""C"",""D"",""I"",""N"",""R"",""T"",""U""]},{""position"":1,""characters"":[""D""]},{""position"":2,""characters"":[""C"",""E"",""I"",""P"",""R"",""T""]}]","false"
"11","ar_to_en","3","[23,29]","[{""position"":0,""characters"":[""A"",""C"",""D"",""E"",""F"",""G"",""I"",""N"",""P"",""S"",""T"",""U""]},{""position"":1,""characters"":[""T""]},{""position"":2,""characters"":[""C"",""I"",""M"",""N"",""R"",""T""]}]","false"
"11","ar_to_en","3","[23,29]","[{""position"":0,""characters"":[""A"",""C"",""D"",""E"",""G"",""I"",""M"",""N"",""P"",""R"",""S"",""T""]},{""position"":1,""characters"":[""C""]},{""position"":2,""characters"":[""C"",""L"",""M"",""R"",""S""]}]","false"
"11","ar_to_en","7","[25,26]","[{""position"":0,""characters"":[""A"",""C"",""E"",""I"",""N"",""O"",""P"",""R"",""U"",""W""]},{""position"":1,""characters"":[""A"",""E"",""I"",""O"",""U""]},{""position"":2,""characters"":[""C"",""D"",""E"",""H"",""L"",""M"",""N"",""O"",""P"",""R"",""S"",""T"",""U"",""V"",""W""]},{""position"":3,""characters"":[""F"",""O""]},{""position"":4,""characters"":[""E"",""M"",""O""]},{""position"":5,""characters"":[""A"",""D"",""F"",""G"",""H"",""I"",""L"",""N"",""O"",""U"",""W""]},{""position"":6,""characters"":[""A"",""O"",""R"",""U""]}]","false"
"11","ar_to_en","6","[25,27]","[{""position"":0,""characters"":[""A"",""B"",""C"",""D"",""E"",""F"",""I"",""N"",""P"",""R"",""S"",""T"",""Y""]},{""position"":1,""characters"":[""A"",""C"",""E"",""G"",""I"",""L"",""N"",""O"",""R"",""S"",""T"",""W""]},{""position"":2,""characters"":[""A"",""C"",""D"",""E"",""G"",""I"",""N"",""O"",""P"",""S"",""T""]},{""position"":3,""characters"":[""N""]},{""position"":4,""characters"":[""R""]},{""position"":5,""characters"":[""A"",""E"",""F"",""O"",""P"",""S"",""T"",""Y""]}]","false"
"11","ar_to_en","9","[25,29]","[{""position"":0,""characters"":[""A"",""D"",""E"",""H"",""I"",""K"",""O"",""P"",""U""]},{""position"":1,""characters"":[""A"",""D"",""E"",""H"",""I"",""O"",""T"",""U""]},{""position"":2,""characters"":[""D"",""H"",""L"",""N"",""P"",""R""]},{""position"":3,""characters"":[""A"",""E""]},{""position"":4,""characters"":[""A"",""C"",""E"",""I"",""N"",""O"",""P"",""R"",""U""]},{""position"":5,""characters"":[""A"",""C"",""E"",""G"",""H"",""I"",""N"",""R"",""S"",""T"",""U"",""Y""]},{""position"":6,""characters"":[""A"",""D"",""E"",""I"",""L"",""N"",""O"",""S"",""T"",""V""]},{""position"":7,""characters"":[""A"",""C"",""E"",""I"",""O"",""S"",""T"",""U""]},{""position"":8,""characters"":[""O""]}]","false"
"11","ar_to_en","9","[25,29]","[{""position"":0,""characters"":[""A"",""E"",""G"",""I"",""O"",""U""]},{""position"":1,""characters"":[""A"",""C"",""D"",""E"",""G"",""I"",""L"",""N"",""O"",""U""]},{""position"":2,""characters"":[""A"",""C"",""E"",""N"",""O"",""R"",""T"",""V""]},{""position"":3,""characters"":[""A"",""E""]},{""position"":4,""characters"":[""A"",""D"",""E"",""I"",""O"",""P"",""U""]},{""position"":5,""characters"":[""A"",""C"",""E"",""G"",""H"",""I"",""N"",""R"",""S"",""T"",""U"",""Y""]},{""position"":6,""characters"":[""A"",""C"",""D"",""E"",""G"",""H"",""I"",""L"",""O"",""P"",""R"",""T"",""U""]},{""position"":7,""characters"":[""A"",""C"",""D"",""E"",""G"",""H"",""I"",""L"",""M"",""N"",""P"",""R"",""S"",""T"",""U"",""V"",""W""]},{""position"":8,""characters"":[""E"",""L"",""N"",""T""]}]","false"
"11","ar_to_en","6","[25,29]","[{""position"":0,""characters"":[""A"",""E""]},{""position"":1,""characters"":[""C"",""I""]},{""position"":2,""characters"":[""N"",""O""]},{""position"":3,""characters"":[""A"",""E"",""F"",""G"",""L"",""O"",""P"",""R"",""S""]},{""position"":4,""characters"":[""A"",""E"",""N"",""O"",""P"",""U""]},{""position"":5,""characters"":[""C"",""D"",""I"",""O"",""P"",""R"",""S"",""T"",""Y""]}]","false"
"11","ar_to_en","9","[25,29]","[{""position"":0,""characters"":[""A"",""C"",""E"",""N"",""O"",""R"",""T"",""V""]},{""position"":1,""characters"":[""A"",""C"",""E"",""F"",""I"",""L"",""N"",""O"",""R"",""U"",""X""]},{""position"":2,""characters"":[""A"",""C"",""D"",""E"",""G"",""H"",""L"",""M"",""N"",""O"",""P"",""R"",""S"",""T""]},{""position"":3,""characters"":[""A"",""C"",""E"",""I"",""N"",""O"",""P"",""R"",""U"",""W""]},{""position"":4,""characters"":[""C"",""L"",""N""]},{""position"":5,""characters"":[""A"",""E""]},{""position"":6,""characters"":[""E"",""I"",""N"",""S""]},{""position"":7,""characters"":[""A"",""C"",""D"",""E"",""G"",""I"",""L"",""N"",""O"",""U""]},{""position"":8,""characters"":[""C"",""K"",""L"",""N""]}]","false"
"11","ar_to_en","9","[25,29]","[{""position"":0,""characters"":[""A"",""C"",""E"",""G"",""H"",""I"",""N"",""R"",""S"",""T"",""U"",""Y""]},{""position"":1,""characters"":[""A"",""C"",""D"",""E"",""G"",""I"",""L"",""N"",""O"",""U""]},{""position"":2,""characters"":[""I"",""N""]},{""position"":3,""characters"":[""C"",""D"",""F"",""G"",""H"",""L"",""N"",""O"",""P"",""R"",""S"",""T"",""U"",""W"",""Y""]},{""position"":4,""characters"":[""A"",""E"",""I"",""O"",""U""]},{""position"":5,""characters"":[""A"",""O"",""R"",""U""]},{""position"":6,""characters"":[""A"",""C"",""D"",""E"",""G"",""H"",""I"",""L"",""M"",""N"",""O"",""P"",""R"",""S"",""T"",""U"",""V"",""W""]},{""position"":7,""characters"":[""A"",""E"",""I"",""O"",""U""]},{""position"":8,""characters"":[""D"",""H"",""L"",""N"",""P"",""R""]}]","true"
"11","ar_to_en","9","[25,29]","[{""position"":0,""characters"":[""A"",""C"",""G"",""O"",""T""]},{""position"":1,""characters"":[""A"",""C"",""D"",""E"",""H"",""L"",""M"",""N"",""O"",""P"",""R"",""S"",""T"",""U"",""V""]},{""position"":2,""characters"":[""D"",""E"",""I"",""N"",""O""]},{""position"":3,""characters"":[""A"",""C"",""E"",""G"",""H"",""I"",""N"",""R"",""S"",""T"",""U"",""Y""]},{""position"":4,""characters"":[""A"",""E"",""I"",""O"",""U""]},{""position"":5,""characters"":[""A"",""E"",""U""]},{""position"":6,""characters"":[""C"",""E"",""L"",""N"",""R"",""T""]},{""position"":7,""characters"":[""A"",""D"",""E"",""H"",""I"",""O"",""T"",""U""]},{""position"":8,""characters"":[""A"",""E"",""K"",""L"",""O"",""P"",""R"",""U""]}]","false"
"11","ar_to_en","11","[25,29]","[{""position"":0,""characters"":[""A"",""C"",""D"",""E"",""G"",""I"",""L"",""M"",""N"",""O"",""P"",""R"",""S"",""T"",""Y""]},{""position"":1,""characters"":[""C"",""D"",""E"",""H"",""I"",""L"",""M"",""N"",""P"",""R"",""S"",""T""]},{""position"":2,""characters"":[""G"",""I"",""L"",""N"",""P"",""S"",""T""]},{""position"":3,""characters"":[""A"",""B"",""C"",""D"",""E"",""F"",""I"",""K"",""L"",""M"",""N"",""O"",""P"",""R"",""S"",""T"",""U""]},{""position"":4,""characters"":[""A"",""B"",""C"",""D"",""E"",""F"",""I"",""L"",""M"",""N"",""O"",""P"",""R"",""S"",""T"",""U"",""V""]},{""position"":5,""characters"":[""A"",""C"",""E"",""F"",""G"",""I"",""M"",""N"",""O"",""P"",""R"",""S"",""T"",""U""]},{""position"":6,""characters"":[""A"",""B"",""C"",""D"",""E"",""F"",""I"",""L"",""M"",""N"",""O"",""P"",""R"",""S"",""T"",""U""]},{""position"":7,""characters"":[""A"",""C"",""D"",""E"",""F"",""G"",""I"",""K"",""L"",""N"",""O"",""P"",""R"",""S"",""T"",""U""]},{""position"":8,""characters"":[""A"",""I"",""O""]},{""position"":9,""characters"":[""I""]},{""position"":10,""characters"":[""A"",""C"",""D"",""E"",""G"",""I"",""L"",""M"",""N"",""O"",""P"",""R"",""S"",""T"",""Y""]}]","false"
"11","ar_to_en","3","[25,30]","[{""position"":0,""characters"":[""A"",""C"",""D"",""E"",""F"",""G"",""I"",""K"",""L"",""N"",""O"",""P"",""R"",""S"",""T"",""U"",""W"",""X"",""Y""]},{""position"":1,""characters"":[""A"",""T""]},{""position"":2,""characters"":[""I""]}]","false"
"11","ar_to_en","3","[25,27]","[{""position"":0,""characters"":[""A"",""C"",""D"",""E"",""F"",""G"",""H"",""I"",""L"",""M"",""N"",""O"",""R"",""S"",""T"",""U"",""Y""]},{""position"":1,""characters"":[""N""]},{""position"":2,""characters"":[""M"",""R""]}]","false"
"11","ar_to_en","3","[25,27]","[{""position"":0,""characters"":[""A"",""B"",""C"",""D"",""E"",""F"",""O"",""P"",""S"",""T"",""Y""]},{""position"":1,""characters"":[""P"",""S""]},{""position"":2,""characters"":[""F"",""O""]}]","false"
"11","ar_to_en","6","[25,29]","[{""position"":0,""characters"":[""A"",""E""]},{""position"":1,""characters"":[""A"",""E"",""I"",""T""]},{""position"":2,""characters"":[""E"",""N"",""T""]},{""position"":3,""characters"":[""A"",""C"",""D"",""E"",""G"",""I"",""K"",""N"",""O"",""R"",""S"",""T"",""W""]},{""position"":4,""characters"":[""D"",""G"",""H"",""I"",""L"",""N"",""R"",""T"",""V""]},{""position"":5,""characters"":[""A"",""E""]}]","false"
"11","ar_to_en","9","[26,30]","[{""position"":0,""characters"":[""A"",""C"",""L"",""N"",""O"",""T"",""U"",""Y""]},{""position"":1,""characters"":[""A"",""C"",""D"",""E"",""G"",""H"",""I"",""L"",""M"",""N"",""P"",""R"",""S"",""T"",""U"",""V""]},{""position"":2,""characters"":[""A"",""E"",""G"",""O""]},{""position"":3,""characters"":[""A"",""E""]},{""position"":4,""characters"":[""A"",""D"",""E"",""G"",""K"",""L"",""M"",""N"",""O"",""P"",""R"",""S"",""T""]},{""position"":5,""characters"":[""A"",""E"",""F"",""I"",""L"",""O"",""U""]},{""position"":6,""characters"":[""A"",""C"",""D"",""E"",""F"",""G"",""H"",""L"",""M"",""N"",""O"",""P"",""R"",""S"",""T"",""U"",""V"",""W""]},{""position"":7,""characters"":[""A"",""C"",""E"",""L"",""N"",""O"",""X""]},{""position"":8,""characters"":[""C"",""E"",""L"",""N"",""R"",""T""]}]","true"
"11","ar_to_en","6","[26,30]","[{""position"":0,""characters"":[""A"",""B"",""C"",""D"",""E"",""G"",""L"",""P"",""R"",""S"",""T"",""Y""]},{""position"":1,""characters"":[""E"",""O""]},{""position"":2,""characters"":[""O""]},{""position"":3,""characters"":[""C"",""E"",""F"",""I"",""L"",""N"",""O"",""R"",""S"",""U""]},{""position"":4,""characters"":[""A"",""C"",""E"",""F"",""I"",""L"",""M"",""N"",""P"",""R"",""S"",""T""]},{""position"":5,""characters"":[""A"",""C"",""D"",""E"",""H"",""I"",""L"",""M"",""R"",""S""]}]","true"
"11","ar_to_en","3","[26,27]","[{""position"":0,""characters"":[""A"",""B"",""C"",""D"",""E"",""F"",""G"",""H"",""I"",""K"",""L"",""M"",""N"",""O"",""P"",""R"",""S"",""T"",""U"",""W"",""Y""]},{""position"":1,""characters"":[""A"",""T""]},{""position"":2,""characters"":[""I""]}]","false"
"11","ar_to_en","3","[27,29]","[{""position"":0,""characters"":[""D"",""E"",""G"",""P"",""S"",""T""]},{""position"":1,""characters"":[""D"",""O""]},{""position"":2,""characters"":[""E""]}]","false"
"11","ar_to_en","11","[27,29]","[{""position"":0,""characters"":[""A"",""C"",""D"",""I"",""N"",""O"",""P"",""R""]},{""position"":1,""characters"":[""C"",""D"",""E"",""L"",""N"",""O"",""P"",""R"",""S"",""U""]},{""position"":2,""characters"":[""E"",""I"",""N"",""O"",""P"",""S"",""T""]},{""position"":3,""characters"":[""C"",""E"",""G"",""I"",""L"",""M"",""N"",""O"",""S"",""T""]},{""position"":4,""characters"":[""A"",""C"",""D"",""E"",""I"",""L"",""N"",""O"",""R"",""U""]},{""position"":5,""characters"":[""A"",""C"",""E"",""I"",""M"",""N"",""O"",""R"",""S"",""T"",""V""]},{""position"":6,""characters"":[""A"",""C"",""I"",""M"",""N"",""P"",""U""]},{""position"":7,""characters"":[""S""]},{""position"":8,""characters"":[""I""]},{""position"":9,""characters"":[""A"",""E"",""N"",""O"",""R""]},{""position"":10,""characters"":[""E"",""L"",""N"",""O""]}]","false"
"11","ar_to_en","3","[27,29,30]","[{""position"":0,""characters"":[""A"",""E"",""F"",""L"",""N""]},{""position"":1,""characters"":[""A"",""H"",""O""]},{""position"":2,""characters"":[""O""]}]","false"
"11","ar_to_en","3","[27,29,30]","[{""position"":0,""characters"":[""A"",""E"",""L"",""N""]},{""position"":1,""characters"":[""H"",""O""]},{""position"":2,""characters"":[""O""]}]","false"
"11","ar_to_en","5","[27,29]","[{""position"":0,""characters"":[""A"",""E"",""I"",""N"",""O"",""R"",""U""]},{""position"":1,""characters"":[""C"",""K"",""L"",""N""]},{""position"":2,""characters"":[""H"",""N"",""R""]},{""position"":3,""characters"":[""A"",""D"",""E"",""G"",""I"",""K"",""O"",""S"",""T"",""U"",""Y""]},{""position"":4,""characters"":[""A"",""K"",""U""]}]","false"
"11","ar_to_en","3","[27,29]","[{""position"":0,""characters"":[""B"",""C"",""D"",""E"",""F"",""G"",""H"",""M"",""N"",""O"",""P"",""R"",""S"",""T"",""Y""]},{""position"":1,""characters"":[""C"",""D"",""N""]},{""position"":2,""characters"":[""Y""]}]","false"
"11","ar_to_en","3","[27,29]","[{""position"":0,""characters"":[""D"",""H"",""L"",""O"",""P"",""Y""]},{""position"":1,""characters"":[""O""]},{""position"":2,""characters"":[""S""]}]","false"
"11","ar_to_en","3","[27,29]","[{""position"":0,""characters"":[""D"",""E""]},{""position"":1,""characters"":[""C"",""N""]},{""position"":2,""characters"":[""K"",""N"",""S""]}]","false"
"11","ar_to_en","3","[28,29]","[{""position"":0,""characters"":[""A"",""B"",""L"",""M"",""N"",""P"",""R"",""S"",""T""]},{""position"":1,""characters"":[""C"",""P""]},{""position"":2,""characters"":[""E"",""K"",""L"",""N"",""S""]}]","false"
"11","ar_to_en","7","[28,29]","[{""position"":0,""characters"":[""A"",""D"",""F"",""I"",""L"",""O"",""Y""]},{""position"":1,""characters"":[""O"",""S""]},{""position"":2,""characters"":[""A"",""E"",""H"",""I"",""N"",""O"",""R"",""S"",""T"",""U""]},{""position"":3,""characters"":[""A"",""C"",""D"",""E"",""F"",""G"",""K"",""L"",""M"",""N"",""O"",""P"",""R"",""S"",""T"",""V"",""Y""]},{""position"":4,""characters"":[""F"",""K"",""P"",""T""]},{""position"":5,""characters"":[""A"",""E"",""G"",""O""]},{""position"":6,""characters"":[""B"",""C"",""D"",""E"",""F"",""G"",""H"",""J"",""K"",""L"",""M"",""N"",""O"",""P"",""R"",""S"",""T"",""W"",""X"",""Y""]}]","true"
"11","ar_to_en","3","[29,30]","[{""position"":0,""characters"":[""I""]},{""position"":1,""characters"":[""O""]},{""position"":2,""characters"":[""N""]}]","false"
"11","ar_to_en","4","[29,30]","[{""position"":0,""characters"":[""B"",""D"",""E"",""F"",""G"",""H"",""K"",""L"",""M"",""N"",""O"",""P"",""S"",""T"",""U"",""Y""]},{""position"":1,""characters"":[""E""]},{""position"":2,""characters"":[""E"",""O""]},{""position"":3,""characters"":[""R""]}]","true"
"11","en_to_ar","4","[2,12]","[{""position"":1,""characters"":[""ة""]}]","false"
"11","en_to_ar","2","[2,5,6,9,18,21]","[{""position"":0,""characters"":[""ة""]}]","false"
"11","en_to_ar","2","[2,5,12]","[{""position"":0,""characters"":[""م""]},{""position"":1,""characters"":[""ي""]}]","false"
"11","en_to_ar","2","[5,9,11,16,18]","[{""position"":0,""characters"":[""ل""]},{""position"":1,""characters"":[""ل""]}]","false"
"11","en_to_ar","2","[5,12]","[{""position"":0,""characters"":[""ي""]},{""position"":1,""characters"":[""ي""]}]","false"
"11","en_to_ar","2","[5,16]","[{""position"":0,""characters"":[""ر""]},{""position"":1,""characters"":[""م""]}]","false"
"11","en_to_ar","2","[6,9,18]","[{""position"":0,""characters"":[""ل""]},{""position"":1,""characters"":[""م""]}]","false"
"11","en_to_ar","2","[6,9,16,18]","[{""position"":0,""characters"":[""ب""]},{""position"":1,""characters"":[""ل""]}]","false"
"11","en_to_ar","2","[9,14]","[{""position"":0,""characters"":[""ب""]},{""position"":1,""characters"":[""ن""]}]","false"
"11","en_to_ar","2","[11,14]","[{""position"":0,""characters"":[""ب""]},{""position"":1,""characters"":[""ق""]}]","false"
"11","en_to_ar","2","[11,26]","[{""position"":0,""characters"":[""ل""]},{""position"":1,""characters"":[""ه""]}]","false"
"11","en_to_ar","2","[12,18]","[{""position"":0,""characters"":[""ل""]},{""position"":1,""characters"":[""ن""]}]","false"
"11","en_to_ar","2","[12,18,26]","[{""position"":0,""characters"":[""ف""]},{""position"":1,""characters"":[""ل""]}]","false"
"11","en_to_ar","3","[16,18]","[{""position"":0,""characters"":[""ي""]},{""position"":1,""characters"":[""م""]}]","true"
"11","en_to_ar","3","[18,26]","[{""position"":0,""characters"":[""م""]},{""position"":1,""characters"":[""ب""]}]","false"
"11","en_to_ar","2","[18,26]","[{""position"":0,""characters"":[""ت""]},{""position"":1,""characters"":[""ن""]}]","false"
"9","en_to_ar","2","[13,20]","[{""position"":0,""characters"":[""ر""]},{""position"":1,""characters"":[""ل""]}]","false"
"9","en_to_ar","2","[20,28]","[{""position"":0,""characters"":[""ب""]},{""position"":1,""characters"":[""ل""]}]","false"
"9","en_to_ar","2","[20,28]","[{""position"":0,""characters"":[""ل""]},{""position"":1,""characters"":[""ه""]}]","false"
"9","en_to_ar","2","[20,28]","[{""position"":0,""characters"":[""ل""]},{""position"":1,""characters"":[""ل""]}]","false"
"9","ar_to_en","5","[16,20]","[{""position"":0,""characters"":[""A"",""C"",""W""]},{""position"":1,""characters"":[""E"",""K"",""L""]},{""position"":2,""characters"":[""R""]},{""position"":3,""characters"":[""A"",""C"",""D"",""E"",""G"",""H"",""I"",""K"",""L"",""P"",""R"",""S"",""T"",""U""]},{""position"":4,""characters"":[""A"",""D"",""E"",""L"",""N"",""R"",""S"",""T""]}]","false"
"9","ar_to_en","3","[16,20]","[{""position"":0,""characters"":[""A"",""B"",""C"",""D"",""E"",""F"",""G"",""H"",""I"",""J"",""K"",""L"",""M"",""N"",""O"",""P"",""R"",""S"",""T"",""W"",""X"",""Y""]},{""position"":1,""characters"":[""E""]},{""position"":2,""characters"":[""C""]}]","false"
"9","ar_to_en","9","[16,20]","[{""position"":0,""characters"":[""C"",""D"",""E"",""F"",""G"",""I"",""M"",""N"",""O"",""P"",""R"",""S"",""Y""]},{""position"":1,""characters"":[""A"",""D"",""E"",""H"",""I"",""L"",""N"",""O"",""P"",""S"",""U"",""X""]},{""position"":2,""characters"":[""A"",""E"",""I"",""L"",""S"",""U""]},{""position"":3,""characters"":[""I""]},{""position"":4,""characters"":[""A""]},{""position"":5,""characters"":[""E"",""I"",""L""]},{""position"":6,""characters"":[""C"",""M"",""N"",""R"",""S"",""T""]},{""position"":7,""characters"":[""A"",""D"",""E"",""H"",""I"",""L"",""N"",""O"",""P"",""S"",""T"",""U"",""X""]},{""position"":8,""characters"":[""C"",""D"",""E"",""F"",""G"",""I"",""M"",""N"",""O"",""R"",""S"",""T"",""Y""]}]","false"
"9","ar_to_en","3","[16,20]","[{""position"":0,""characters"":[""A"",""B"",""C"",""D"",""E"",""F"",""G"",""H"",""I"",""J"",""K"",""L"",""M"",""N"",""O"",""P"",""R"",""S"",""T"",""U"",""W"",""X"",""Y""]},{""position"":1,""characters"":[""S""]},{""position"":2,""characters"":[""C"",""G""]}]","false"
"9","ar_to_en","9","[16,20]","[{""position"":0,""characters"":[""A"",""C"",""D"",""E"",""G"",""I"",""N"",""O"",""R"",""S"",""T"",""Y""]},{""position"":1,""characters"":[""C"",""D"",""E"",""F"",""H"",""I"",""L"",""N"",""O"",""S"",""T""]},{""position"":2,""characters"":[""C"",""S""]},{""position"":3,""characters"":[""A"",""C"",""D"",""E"",""I"",""N"",""O"",""S"",""T"",""Y""]},{""position"":4,""characters"":[""R""]},{""position"":5,""characters"":[""A"",""C"",""F"",""M"",""N"",""S"",""W"",""Y""]},{""position"":6,""characters"":[""I"",""L"",""N"",""O"",""T"",""V""]},{""position"":7,""characters"":[""C"",""D"",""E"",""F"",""H"",""I"",""L"",""N"",""O"",""S"",""T""]},{""position"":8,""characters"":[""A"",""C"",""D"",""E"",""G"",""I"",""N"",""R"",""S"",""T"",""Y""]}]","false"
"9","ar_to_en","9","[16,20]","[{""position"":0,""characters"":[""C"",""D"",""E"",""F"",""G"",""I"",""M"",""N"",""O"",""P"",""R"",""S"",""Y""]},{""position"":1,""characters"":[""A"",""D"",""E"",""H"",""I"",""L"",""N"",""O"",""P"",""S"",""U"",""X""]},{""position"":2,""characters"":[""A"",""C"",""E"",""I"",""S""]},{""position"":3,""characters"":[""C"",""L"",""N"",""P"",""R"",""S"",""T""]},{""position"":4,""characters"":[""A""]},{""position"":5,""characters"":[""R"",""U""]},{""position"":6,""characters"":[""C"",""N"",""P""]},{""position"":7,""characters"":[""A"",""D"",""E"",""H"",""I"",""L"",""N"",""O"",""P"",""S"",""T"",""U"",""X""]},{""position"":8,""characters"":[""C"",""D"",""E"",""F"",""G"",""I"",""M"",""N"",""O"",""R"",""S"",""T"",""Y""]}]","false"
"9","ar_to_en","3","[16,20]","[{""position"":0,""characters"":[""A"",""B"",""D"",""H"",""M"",""P"",""S"",""T""]},{""position"":1,""characters"":[""H"",""T""]},{""position"":2,""characters"":[""N"",""R""]}]","false"
"9","ar_to_en","3","[16,20]","[{""position"":0,""characters"":[""A"",""B"",""E"",""G"",""K"",""L"",""M"",""N"",""O"",""P"",""R"",""S"",""T"",""Y""]},{""position"":1,""characters"":[""S""]},{""position"":2,""characters"":[""O""]}]","false"
"9","ar_to_en","3","[20,25]","[{""position"":0,""characters"":[""A""]},{""position"":1,""characters"":[""R""]},{""position"":2,""characters"":[""A""]}]","false"
"9","ar_to_en","5","[20,25]","[{""position"":0,""characters"":[""A"",""D"",""E"",""G"",""I"",""K"",""S"",""T"",""U""]},{""position"":1,""characters"":[""D"",""E"",""F"",""G"",""L"",""M"",""N"",""O"",""P"",""R"",""S"",""T"",""W"",""Y""]},{""position"":2,""characters"":[""C"",""S"",""Y""]},{""position"":3,""characters"":[""D"",""L""]},{""position"":4,""characters"":[""C"",""M"",""P"",""S""]}]","false"
