"size","mode","seed","attempt","row","col","slotDirection","length","pattern","constraints","liveZero","critical","type","fullCount","sampledCount","windowCount","fullUnused","sampledUnused","windowUnused","usedMatches","omittedAnswers","retainedPct","samplingZero","samplingHealthyToSmall"
"13","ar_to_en","1","1","3","4","across","3","?T?","[{""position"":0,""characters"":[""B"",""C"",""D"",""F"",""G"",""H"",""J"",""L"",""N"",""O"",""P"",""R"",""S"",""T"",""U"",""W"",""X"",""Y""]},{""position"":1,""characters"":[""T""]},{""position"":2,""characters"":[""A"",""B"",""C"",""D"",""E"",""F"",""G"",""H"",""K"",""L"",""M"",""N"",""O"",""P"",""R"",""S"",""T"",""Y""]}]","true","false","A_TRUE_GAP","0","0","0","0","0","0","[]","[]","","false","false"
"13","ar_to_en","1","1","1","9","across","4","????","[{""position"":0,""characters"":[""A"",""E""]},{""position"":1,""characters"":[""A"",""I""]},{""position"":2,""characters"":[""A"",""C"",""E"",""G"",""H"",""I"",""N"",""R"",""S"",""T"",""U"",""Y""]},{""position"":3,""characters"":[""A"",""O"",""R"",""U""]}]","true","false","A_TRUE_GAP","0","0","0","0","0","0","[]","[]","","false","false"
"13","ar_to_en","1","1","10","0","across","13","??I???????I??","[{""position"":0,""characters"":[""A"",""C"",""D"",""E"",""G"",""I"",""L"",""M"",""N"",""O"",""P"",""R"",""S"",""U"",""Y""]},{""position"":1,""characters"":[""A"",""C"",""D"",""E"",""I"",""L"",""N"",""O"",""P"",""R"",""T"",""U""]},{""position"":2,""characters"":[""I""]},{""position"":3,""characters"":[""A"",""C"",""D"",""E"",""F"",""I"",""N"",""O"",""P"",""R"",""S"",""T"",""U""]},{""position"":4,""characters"":[""A"",""E"",""F"",""I"",""M"",""N"",""O"",""R"",""T""]},{""position"":5,""characters"":[""A"",""C"",""E"",""F"",""G"",""I"",""L"",""M"",""N"",""O"",""P"",""R"",""S"",""T"",""U"",""X""]},{""position"":6,""characters"":[""A"",""B"",""C"",""H"",""I"",""L"",""N"",""O"",""S"",""T"",""U""]},{""position"":7,""characters"":[""A"",""C"",""D"",""E"",""F"",""G"",""I"",""M"",""N"",""O"",""P"",""R"",""S"",""T"",""U"",""X""]},{""position"":8,""characters"":[""A"",""C"",""E"",""F"",""I"",""N"",""O"",""R"",""T"",""U""]},{""position"":9,""characters"":[""A"",""C"",""D"",""E"",""F"",""I"",""M"",""N"",""O"",""R"",""S"",""T""]},{""position"":10,""characters"":[""I""]},{""position"":11,""characters"":[""A"",""D"",""E"",""L"",""N"",""O"",""P"",""R"",""U"",""V""]},{""position"":12,""characters"":[""A"",""C"",""D"",""E"",""G"",""I"",""L"",""N"",""O"",""P"",""R"",""S"",""T"",""U"",""Y""]}]","true","false","A_TRUE_GAP","0","0","0","0","0","0","[]","[]","","false","false"
"13","ar_to_en","1","1","0","2","down","13","??C??????????","[{""position"":0,""characters"":[""A"",""C"",""D"",""E"",""G"",""I"",""L"",""N"",""O"",""P"",""R"",""S"",""T"",""U"",""Y""]},{""position"":1,""characters"":[""A"",""D"",""E"",""I"",""L"",""N"",""O"",""P"",""R"",""U"",""V""]},{""position"":2,""characters"":[""C""]},{""position"":3,""characters"":[""A"",""C"",""D"",""E"",""F"",""I"",""M"",""N"",""O"",""P"",""R"",""S"",""T""]},{""position"":4,""characters"":[""A"",""C"",""E"",""F"",""I"",""N"",""O"",""R"",""T"",""U""]},{""position"":5,""characters"":[""A"",""C"",""D"",""E"",""F"",""G"",""I"",""M"",""N"",""O"",""P"",""R"",""S"",""T"",""U"",""X""]},{""position"":6,""characters"":[""A"",""B"",""C"",""H"",""I"",""L"",""N"",""O"",""S"",""T"",""U""]},{""position"":7,""characters"":[""A"",""C"",""E"",""F"",""G"",""I"",""L"",""M"",""N"",""O"",""P"",""R"",""S"",""T"",""U"",""X""]},{""position"":8,""characters"":[""A"",""E"",""F"",""I"",""M"",""N"",""O"",""R"",""T"",""U""]},{""position"":9,""characters"":[""A"",""C"",""D"",""E"",""F"",""I"",""M"",""N"",""O"",""P"",""R"",""S"",""T"",""U""]},{""position"":10,""characters"":[""A"",""C"",""D"",""E"",""G"",""I"",""M"",""N"",""O"",""P"",""R"",""S"",""T"",""V""]},{""position"":11,""characters"":[""A"",""C"",""D"",""E"",""I"",""L"",""N"",""O"",""P"",""R"",""T"",""U"",""V""]},{""position"":12,""characters"":[""A"",""C"",""D"",""E"",""G"",""I"",""L"",""M"",""N"",""O"",""P"",""R"",""S"",""T"",""U"",""Y""]}]","true","false","B_USED_EXHAUSTION","1","1","1","0","0","0","[""CIRCUMSTANCES""]","[]","100","false","false"
"13","ar_to_en","1","1","0","2","down","13","??G??????????","[{""position"":0,""characters"":[""A"",""C"",""D"",""E"",""G"",""I"",""L"",""N"",""O"",""P"",""R"",""S"",""T"",""U"",""Y""]},{""position"":1,""characters"":[""A"",""D"",""E"",""I"",""L"",""N"",""O"",""P"",""R"",""U"",""V""]},{""position"":2,""characters"":[""G""]},{""position"":3,""characters"":[""A"",""C"",""D"",""E"",""F"",""I"",""M"",""N"",""O"",""P"",""R"",""S"",""T""]},{""position"":4,""characters"":[""A"",""C"",""E"",""F"",""I"",""N"",""O"",""R"",""T"",""U""]},{""position"":5,""characters"":[""A"",""C"",""D"",""E"",""F"",""G"",""I"",""M"",""N"",""O"",""P"",""R"",""S"",""T"",""U"",""X""]},{""position"":6,""characters"":[""A"",""B"",""C"",""H"",""I"",""L"",""N"",""O"",""S"",""T"",""U""]},{""position"":7,""characters"":[""A"",""C"",""E"",""F"",""G"",""I"",""L"",""M"",""N"",""O"",""P"",""R"",""S"",""T"",""U"",""X""]},{""position"":8,""characters"":[""A"",""E"",""F"",""I"",""M"",""N"",""O"",""R"",""T"",""U""]},{""position"":9,""characters"":[""A"",""C"",""D"",""E"",""F"",""I"",""M"",""N"",""O"",""P"",""R"",""S"",""T"",""U""]},{""position"":10,""characters"":[""A"",""C"",""D"",""E"",""I"",""M"",""N"",""O"",""P"",""R"",""S"",""T"",""V""]},{""position"":11,""characters"":[""A"",""C"",""D"",""E"",""I"",""L"",""N"",""O"",""P"",""R"",""T"",""U"",""V""]},{""position"":12,""characters"":[""A"",""C"",""D"",""E"",""G"",""I"",""L"",""M"",""N"",""O"",""P"",""R"",""S"",""T"",""U"",""Y""]}]","true","false","B_USED_EXHAUSTION","1","1","1","0","0","0","[""ORGANISATIONS""]","[]","100","false","false"
"13","ar_to_en","1","1","0","10","down","13","??G??????????","[{""position"":0,""characters"":[""A"",""C"",""D"",""E"",""G"",""I"",""L"",""M"",""N"",""O"",""P"",""R"",""S"",""T"",""U"",""Y""]},{""position"":1,""characters"":[""A"",""C"",""D"",""E"",""I"",""L"",""N"",""O"",""P"",""R"",""T"",""U"",""V""]},{""position"":2,""characters"":[""G""]},{""position"":3,""characters"":[""A"",""C"",""D"",""E"",""F"",""I"",""M"",""N"",""O"",""P"",""R"",""S"",""T"",""U""]},{""position"":4,""characters"":[""A"",""E"",""F"",""I"",""M"",""N"",""O"",""R"",""T"",""U""]},{""position"":5,""characters"":[""A"",""C"",""E"",""F"",""G"",""I"",""L"",""M"",""N"",""O"",""P"",""R"",""S"",""T"",""U"",""X""]},{""position"":6,""characters"":[""A"",""B"",""C"",""H"",""I"",""L"",""N"",""O"",""S"",""T"",""U""]},{""position"":7,""characters"":[""A"",""C"",""D"",""E"",""F"",""G"",""I"",""M"",""N"",""O"",""P"",""R"",""S"",""T"",""U"",""X""]},{""position"":8,""characters"":[""A"",""C"",""E"",""F"",""I"",""N"",""O"",""R"",""T"",""U""]},{""position"":9,""characters"":[""A"",""C"",""D"",""E"",""F"",""I"",""M"",""N"",""O"",""P"",""R"",""S"",""T""]},{""position"":10,""characters"":[""A"",""C"",""D"",""E"",""I"",""L"",""M"",""N"",""O"",""P"",""R"",""S"",""T"",""V""]},{""position"":11,""characters"":[""A"",""D"",""E"",""I"",""L"",""N"",""O"",""P"",""R"",""U"",""V""]},{""position"":12,""characters"":[""A"",""C"",""D"",""E"",""G"",""I"",""L"",""N"",""O"",""P"",""R"",""S"",""T"",""U"",""Y""]}]","true","false","B_USED_EXHAUSTION","1","1","1","0","0","0","[""ORGANISATIONS""]","[]","100","false","false"
"13","ar_to_en","1","1","0","2","down","13","??D??????????","[{""position"":0,""characters"":[""A"",""C"",""D"",""E"",""G"",""I"",""L"",""N"",""O"",""P"",""R"",""S"",""T"",""U"",""Y""]},{""position"":1,""characters"":[""A"",""D"",""E"",""I"",""L"",""N"",""O"",""P"",""R"",""U"",""V""]},{""position"":2,""characters"":[""D""]},{""position"":3,""characters"":[""A"",""C"",""D"",""E"",""F"",""I"",""M"",""N"",""O"",""P"",""R"",""S"",""T""]},{""position"":4,""characters"":[""A"",""C"",""E"",""F"",""I"",""N"",""O"",""R"",""T"",""U""]},{""position"":5,""characters"":[""A"",""C"",""D"",""E"",""F"",""G"",""I"",""M"",""N"",""O"",""P"",""R"",""S"",""T"",""U"",""X""]},{""position"":6,""characters"":[""A"",""B"",""C"",""H"",""I"",""L"",""N"",""O"",""S"",""T"",""U""]},{""position"":7,""characters"":[""A"",""C"",""E"",""F"",""G"",""I"",""L"",""M"",""N"",""O"",""P"",""R"",""S"",""T"",""U"",""X""]},{""position"":8,""characters"":[""A"",""E"",""F"",""I"",""M"",""N"",""O"",""R"",""T"",""U""]},{""position"":9,""characters"":[""A"",""C"",""D"",""E"",""F"",""I"",""M"",""N"",""O"",""P"",""R"",""S"",""T"",""U""]},{""position"":10,""characters"":[""A"",""C"",""D"",""E"",""G"",""I"",""M"",""N"",""O"",""P"",""R"",""S"",""T"",""V""]},{""position"":11,""characters"":[""A"",""C"",""D"",""E"",""I"",""L"",""N"",""O"",""P"",""R"",""T"",""U"",""V""]},{""position"":12,""characters"":[""A"",""C"",""D"",""E"",""G"",""I"",""L"",""M"",""N"",""O"",""P"",""R"",""S"",""T"",""U"",""Y""]}]","true","false","B_USED_EXHAUSTION","1","1","1","0","0","0","[""UNDERSTANDING""]","[]","100","false","false"
"13","ar_to_en","1","1","1","0","across","8","????????","[{""position"":0,""characters"":[""A"",""E"",""U""]},{""position"":1,""characters"":[""A"",""C"",""D"",""E"",""G"",""I"",""K"",""N"",""O"",""R"",""S"",""T"",""U""]},{""position"":2,""characters"":[""N"",""R"",""U""]},{""position"":3,""characters"":[""C"",""K"",""L"",""N""]},{""position"":4,""characters"":[""A"",""E""]},{""position"":5,""characters"":[""A"",""C"",""E"",""G"",""H"",""L"",""N"",""O"",""R"",""T""]},{""position"":6,""characters"":[""A"",""E"",""L"",""U""]},{""position"":7,""characters"":[""C"",""K"",""L"",""N""]}]","true","false","A_TRUE_GAP","0","0","0","0","0","0","[]","[]","","false","false"
"13","ar_to_en","1","1","1","0","across","8","????????","[{""position"":0,""characters"":[""A"",""E"",""I"",""T""]},{""position"":1,""characters"":[""C"",""D"",""E"",""G"",""H"",""K"",""L"",""M"",""N"",""O"",""P"",""R"",""S"",""T"",""U"",""V""]},{""position"":2,""characters"":[""D"",""E"",""O""]},{""position"":3,""characters"":[""A"",""E"",""I"",""R"",""U""]},{""position"":4,""characters"":[""B"",""C"",""D"",""E"",""F"",""G"",""H"",""M"",""N"",""O"",""P"",""R"",""S"",""T"",""Y""]},{""position"":5,""characters"":[""A"",""C"",""D"",""E"",""I"",""L"",""O"",""T"",""U""]},{""position"":6,""characters"":[""A"",""C"",""D"",""E"",""F"",""G"",""H"",""L"",""M"",""N"",""O"",""P"",""R"",""S"",""U"",""V""]},{""position"":7,""characters"":[""A"",""O"",""R"",""U""]}]","true","false","A_TRUE_GAP","0","0","0","0","0","0","[]","[]","","false","false"
"13","ar_to_en","1","1","0","1","down","5","??D??","[{""position"":0,""characters"":[""A"",""I""]},{""position"":1,""characters"":[""E"",""R""]},{""position"":2,""characters"":[""D""]},{""position"":3,""characters"":[""A"",""D"",""E"",""I"",""N"",""O"",""U""]},{""position"":4,""characters"":[""A"",""C"",""D"",""H"",""I"",""L"",""M"",""O"",""R"",""S"",""T"",""W"",""X"",""Y""]}]","true","false","A_TRUE_GAP","0","0","0","0","0","0","[]","[]","","false","false"
"13","ar_to_en","1","1","1","0","across","8","????????","[{""position"":0,""characters"":[""A"",""E"",""U""]},{""position"":1,""characters"":[""A"",""C"",""D"",""E"",""G"",""I"",""K"",""N"",""O"",""R"",""S"",""T"",""U""]},{""position"":2,""characters"":[""N"",""R"",""U""]},{""position"":3,""characters"":[""C"",""K"",""L"",""N""]},{""position"":4,""characters"":[""A"",""E""]},{""position"":5,""characters"":[""C"",""D"",""E"",""F"",""G"",""H"",""I"",""L"",""M"",""N"",""O"",""P"",""R"",""S"",""T"",""U"",""V"",""W"",""Y""]},{""position"":6,""characters"":[""A"",""C"",""E"",""L"",""N"",""O"",""X""]},{""position"":7,""characters"":[""C"",""K"",""L"",""N""]}]","true","false","A_TRUE_GAP","0","0","0","0","0","0","[]","[]","","false","false"
"13","ar_to_en","1","2","3","4","across","3","?T?","[{""position"":0,""characters"":[""B"",""C"",""D"",""F"",""G"",""H"",""J"",""L"",""N"",""O"",""P"",""R"",""S"",""T"",""U"",""W"",""X"",""Y""]},{""position"":1,""characters"":[""T""]},{""position"":2,""characters"":[""A"",""B"",""C"",""D"",""E"",""F"",""G"",""H"",""K"",""L"",""M"",""N"",""O"",""P"",""R"",""S"",""T"",""Y""]}]","true","false","A_TRUE_GAP","0","0","0","0","0","0","[]","[]","","false","false"
"13","ar_to_en","1","2","1","9","across","4","????","[{""position"":0,""characters"":[""A"",""E""]},{""position"":1,""characters"":[""A"",""I""]},{""position"":2,""characters"":[""A"",""C"",""E"",""G"",""H"",""I"",""N"",""R"",""S"",""T"",""U"",""Y""]},{""position"":3,""characters"":[""A"",""O"",""R"",""U""]}]","true","false","A_TRUE_GAP","0","0","0","0","0","0","[]","[]","","false","false"
"13","ar_to_en","1","2","10","0","across","13","??I???????I??","[{""position"":0,""characters"":[""A"",""C"",""D"",""E"",""G"",""I"",""L"",""M"",""N"",""O"",""P"",""R"",""S"",""U"",""Y""]},{""position"":1,""characters"":[""A"",""C"",""D"",""E"",""I"",""L"",""N"",""O"",""P"",""R"",""T"",""U""]},{""position"":2,""characters"":[""I""]},{""position"":3,""characters"":[""A"",""C"",""D"",""E"",""F"",""I"",""N"",""O"",""P"",""R"",""S"",""T"",""U""]},{""position"":4,""characters"":[""A"",""E"",""F"",""I"",""M"",""N"",""O"",""R"",""T""]},{""position"":5,""characters"":[""A"",""C"",""E"",""F"",""G"",""I"",""L"",""M"",""N"",""O"",""P"",""R"",""S"",""T"",""U"",""X""]},{""position"":6,""characters"":[""A"",""B"",""C"",""H"",""I"",""L"",""N"",""O"",""S"",""T"",""U""]},{""position"":7,""characters"":[""A"",""C"",""D"",""E"",""F"",""G"",""I"",""M"",""N"",""O"",""P"",""R"",""S"",""T"",""U"",""X""]},{""position"":8,""characters"":[""A"",""C"",""E"",""F"",""I"",""N"",""O"",""R"",""T"",""U""]},{""position"":9,""characters"":[""A"",""C"",""D"",""E"",""F"",""I"",""M"",""N"",""O"",""R"",""S"",""T""]},{""position"":10,""characters"":[""I""]},{""position"":11,""characters"":[""A"",""D"",""E"",""L"",""N"",""O"",""P"",""R"",""U"",""V""]},{""position"":12,""characters"":[""A"",""C"",""D"",""E"",""G"",""I"",""L"",""N"",""O"",""P"",""R"",""S"",""T"",""U"",""Y""]}]","true","false","A_TRUE_GAP","0","0","0","0","0","0","[]","[]","","false","false"
"13","ar_to_en","1","2","0","2","down","13","??C??????????","[{""position"":0,""characters"":[""A"",""C"",""D"",""E"",""G"",""I"",""L"",""N"",""O"",""P"",""R"",""S"",""T"",""U"",""Y""]},{""position"":1,""characters"":[""A"",""D"",""E"",""I"",""L"",""N"",""O"",""P"",""R"",""U"",""V""]},{""position"":2,""characters"":[""C""]},{""position"":3,""characters"":[""A"",""C"",""D"",""E"",""F"",""I"",""M"",""N"",""O"",""P"",""R"",""S"",""T""]},{""position"":4,""characters"":[""A"",""C"",""E"",""F"",""I"",""N"",""O"",""R"",""T"",""U""]},{""position"":5,""characters"":[""A"",""C"",""D"",""E"",""F"",""G"",""I"",""M"",""N"",""O"",""P"",""R"",""S"",""T"",""U"",""X""]},{""position"":6,""characters"":[""A"",""B"",""C"",""H"",""I"",""L"",""N"",""O"",""S"",""T"",""U""]},{""position"":7,""characters"":[""A"",""C"",""E"",""F"",""G"",""I"",""L"",""M"",""N"",""O"",""P"",""R"",""S"",""T"",""U"",""X""]},{""position"":8,""characters"":[""A"",""E"",""F"",""I"",""M"",""N"",""O"",""R"",""T"",""U""]},{""position"":9,""characters"":[""A"",""C"",""D"",""E"",""F"",""I"",""M"",""N"",""O"",""P"",""R"",""S"",""T"",""U""]},{""position"":10,""characters"":[""A"",""C"",""D"",""E"",""G"",""I"",""M"",""N"",""O"",""P"",""R"",""S"",""T"",""V""]},{""position"":11,""characters"":[""A"",""C"",""D"",""E"",""I"",""L"",""N"",""O"",""P"",""R"",""T"",""U"",""V""]},{""position"":12,""characters"":[""A"",""C"",""D"",""E"",""G"",""I"",""L"",""M"",""N"",""O"",""P"",""R"",""S"",""T"",""U"",""Y""]}]","true","false","B_USED_EXHAUSTION","1","1","1","0","0","0","[""CIRCUMSTANCES""]","[]","100","false","false"
"13","ar_to_en","1","2","0","2","down","13","??G??????????","[{""position"":0,""characters"":[""A"",""C"",""D"",""E"",""G"",""I"",""L"",""N"",""O"",""P"",""R"",""S"",""T"",""U"",""Y""]},{""position"":1,""characters"":[""A"",""D"",""E"",""I"",""L"",""N"",""O"",""P"",""R"",""U"",""V""]},{""position"":2,""characters"":[""G""]},{""position"":3,""characters"":[""A"",""C"",""D"",""E"",""F"",""I"",""M"",""N"",""O"",""P"",""R"",""S"",""T""]},{""position"":4,""characters"":[""A"",""C"",""E"",""F"",""I"",""N"",""O"",""R"",""T"",""U""]},{""position"":5,""characters"":[""A"",""C"",""D"",""E"",""F"",""G"",""I"",""M"",""N"",""O"",""P"",""R"",""S"",""T"",""U"",""X""]},{""position"":6,""characters"":[""A"",""B"",""C"",""H"",""I"",""L"",""N"",""O"",""S"",""T"",""U""]},{""position"":7,""characters"":[""A"",""C"",""E"",""F"",""G"",""I"",""L"",""M"",""N"",""O"",""P"",""R"",""S"",""T"",""U"",""X""]},{""position"":8,""characters"":[""A"",""E"",""F"",""I"",""M"",""N"",""O"",""R"",""T"",""U""]},{""position"":9,""characters"":[""A"",""C"",""D"",""E"",""F"",""I"",""M"",""N"",""O"",""P"",""R"",""S"",""T"",""U""]},{""position"":10,""characters"":[""A"",""C"",""D"",""E"",""I"",""M"",""N"",""O"",""P"",""R"",""S"",""T"",""V""]},{""position"":11,""characters"":[""A"",""C"",""D"",""E"",""I"",""L"",""N"",""O"",""P"",""R"",""T"",""U"",""V""]},{""position"":12,""characters"":[""A"",""C"",""D"",""E"",""G"",""I"",""L"",""M"",""N"",""O"",""P"",""R"",""S"",""T"",""U"",""Y""]}]","true","false","B_USED_EXHAUSTION","1","1","1","0","0","0","[""ORGANISATIONS""]","[]","100","false","false"
"13","ar_to_en","1","2","0","10","down","13","??G??????????","[{""position"":0,""characters"":[""A"",""C"",""D"",""E"",""G"",""I"",""L"",""M"",""N"",""O"",""P"",""R"",""S"",""T"",""U"",""Y""]},{""position"":1,""characters"":[""A"",""C"",""D"",""E"",""I"",""L"",""N"",""O"",""P"",""R"",""T"",""U"",""V""]},{""position"":2,""characters"":[""G""]},{""position"":3,""characters"":[""A"",""C"",""D"",""E"",""F"",""I"",""M"",""N"",""O"",""P"",""R"",""S"",""T"",""U""]},{""position"":4,""characters"":[""A"",""E"",""F"",""I"",""M"",""N"",""O"",""R"",""T"",""U""]},{""position"":5,""characters"":[""A"",""C"",""E"",""F"",""G"",""I"",""L"",""M"",""N"",""O"",""P"",""R"",""S"",""T"",""U"",""X""]},{""position"":6,""characters"":[""A"",""B"",""C"",""H"",""I"",""L"",""N"",""O"",""S"",""T"",""U""]},{""position"":7,""characters"":[""A"",""C"",""D"",""E"",""F"",""G"",""I"",""M"",""N"",""O"",""P"",""R"",""S"",""T"",""U"",""X""]},{""position"":8,""characters"":[""A"",""C"",""E"",""F"",""I"",""N"",""O"",""R"",""T"",""U""]},{""position"":9,""characters"":[""A"",""C"",""D"",""E"",""F"",""I"",""M"",""N"",""O"",""P"",""R"",""S"",""T""]},{""position"":10,""characters"":[""A"",""C"",""D"",""E"",""I"",""L"",""M"",""N"",""O"",""P"",""R"",""S"",""T"",""V""]},{""position"":11,""characters"":[""A"",""D"",""E"",""I"",""L"",""N"",""O"",""P"",""R"",""U"",""V""]},{""position"":12,""characters"":[""A"",""C"",""D"",""E"",""G"",""I"",""L"",""N"",""O"",""P"",""R"",""S"",""T"",""U"",""Y""]}]","true","false","B_USED_EXHAUSTION","1","1","1","0","0","0","[""ORGANISATIONS""]","[]","100","false","false"
"13","ar_to_en","1","2","0","2","down","13","??D??????????","[{""position"":0,""characters"":[""A"",""C"",""D"",""E"",""G"",""I"",""L"",""N"",""O"",""P"",""R"",""S"",""T"",""U"",""Y""]},{""position"":1,""characters"":[""A"",""D"",""E"",""I"",""L"",""N"",""O"",""P"",""R"",""U"",""V""]},{""position"":2,""characters"":[""D""]},{""position"":3,""characters"":[""A"",""C"",""D"",""E"",""F"",""I"",""M"",""N"",""O"",""P"",""R"",""S"",""T""]},{""position"":4,""characters"":[""A"",""C"",""E"",""F"",""I"",""N"",""O"",""R"",""T"",""U""]},{""position"":5,""characters"":[""A"",""C"",""D"",""E"",""F"",""G"",""I"",""M"",""N"",""O"",""P"",""R"",""S"",""T"",""U"",""X""]},{""position"":6,""characters"":[""A"",""B"",""C"",""H"",""I"",""L"",""N"",""O"",""S"",""T"",""U""]},{""position"":7,""characters"":[""A"",""C"",""E"",""F"",""G"",""I"",""L"",""M"",""N"",""O"",""P"",""R"",""S"",""T"",""U"",""X""]},{""position"":8,""characters"":[""A"",""E"",""F"",""I"",""M"",""N"",""O"",""R"",""T"",""U""]},{""position"":9,""characters"":[""A"",""C"",""D"",""E"",""F"",""I"",""M"",""N"",""O"",""P"",""R"",""S"",""T"",""U""]},{""position"":10,""characters"":[""A"",""C"",""D"",""E"",""G"",""I"",""M"",""N"",""O"",""P"",""R"",""S"",""T"",""V""]},{""position"":11,""characters"":[""A"",""C"",""D"",""E"",""I"",""L"",""N"",""O"",""P"",""R"",""T"",""U"",""V""]},{""position"":12,""characters"":[""A"",""C"",""D"",""E"",""G"",""I"",""L"",""M"",""N"",""O"",""P"",""R"",""S"",""T"",""U"",""Y""]}]","true","false","B_USED_EXHAUSTION","1","1","1","0","0","0","[""UNDERSTANDING""]","[]","100","false","false"
"13","ar_to_en","1","2","1","0","across","8","????????","[{""position"":0,""characters"":[""A"",""E"",""U""]},{""position"":1,""characters"":[""A"",""C"",""D"",""E"",""G"",""I"",""K"",""N"",""O"",""R"",""S"",""T"",""U""]},{""position"":2,""characters"":[""N"",""R"",""U""]},{""position"":3,""characters"":[""C"",""K"",""L"",""N""]},{""position"":4,""characters"":[""A"",""E""]},{""position"":5,""characters"":[""A"",""C"",""E"",""G"",""H"",""L"",""N"",""O"",""R"",""T""]},{""position"":6,""characters"":[""A"",""E"",""L"",""U""]},{""position"":7,""characters"":[""C"",""K"",""L"",""N""]}]","true","false","A_TRUE_GAP","0","0","0","0","0","0","[]","[]","","false","false"
"13","ar_to_en","1","2","1","0","across","8","????????","[{""position"":0,""characters"":[""A"",""E"",""I"",""T""]},{""position"":1,""characters"":[""C"",""D"",""E"",""G"",""H"",""K"",""L"",""M"",""N"",""O"",""P"",""R"",""S"",""T"",""U"",""V""]},{""position"":2,""characters"":[""D"",""E"",""O""]},{""position"":3,""characters"":[""A"",""E"",""I"",""R"",""U""]},{""position"":4,""characters"":[""B"",""C"",""D"",""E"",""F"",""G"",""H"",""M"",""N"",""O"",""P"",""R"",""S"",""T"",""Y""]},{""position"":5,""characters"":[""A"",""C"",""D"",""E"",""I"",""L"",""O"",""T"",""U""]},{""position"":6,""characters"":[""A"",""C"",""D"",""E"",""F"",""G"",""H"",""L"",""M"",""N"",""O"",""P"",""R"",""S"",""U"",""V""]},{""position"":7,""characters"":[""A"",""O"",""R"",""U""]}]","true","false","A_TRUE_GAP","0","0","0","0","0","0","[]","[]","","false","false"
"13","ar_to_en","1","2","0","1","down","5","??D??","[{""position"":0,""characters"":[""A"",""I""]},{""position"":1,""characters"":[""E"",""R""]},{""position"":2,""characters"":[""D""]},{""position"":3,""characters"":[""A"",""D"",""E"",""I"",""N"",""O"",""U""]},{""position"":4,""characters"":[""A"",""C"",""D"",""H"",""I"",""L"",""M"",""O"",""R"",""S"",""T"",""W"",""X"",""Y""]}]","true","false","A_TRUE_GAP","0","0","0","0","0","0","[]","[]","","false","false"
"13","ar_to_en","1","2","1","0","across","8","????????","[{""position"":0,""characters"":[""A"",""E"",""U""]},{""position"":1,""characters"":[""A"",""C"",""D"",""E"",""G"",""I"",""K"",""N"",""O"",""R"",""S"",""T"",""U""]},{""position"":2,""characters"":[""N"",""R"",""U""]},{""position"":3,""characters"":[""C"",""K"",""L"",""N""]},{""position"":4,""characters"":[""A"",""E""]},{""position"":5,""characters"":[""C"",""D"",""E"",""F"",""G"",""H"",""I"",""L"",""M"",""N"",""O"",""P"",""R"",""S"",""T"",""U"",""V"",""W"",""Y""]},{""position"":6,""characters"":[""A"",""C"",""E"",""L"",""N"",""O"",""X""]},{""position"":7,""characters"":[""C"",""K"",""L"",""N""]}]","true","false","A_TRUE_GAP","0","0","0","0","0","0","[]","[]","","false","false"
"13","ar_to_en","1","3","1","0","across","8","????????","[{""position"":0,""characters"":[""A"",""E"",""U""]},{""position"":1,""characters"":[""A"",""C"",""D"",""E"",""G"",""I"",""K"",""N"",""O"",""R"",""S"",""T"",""U""]},{""position"":2,""characters"":[""N"",""R"",""U""]},{""position"":3,""characters"":[""C"",""K"",""L"",""N""]},{""position"":4,""characters"":[""A"",""E""]},{""position"":5,""characters"":[""C"",""D"",""E"",""F"",""G"",""H"",""I"",""L"",""M"",""N"",""O"",""P"",""R"",""S"",""T"",""U"",""V"",""W"",""Y""]},{""position"":6,""characters"":[""A"",""C"",""E"",""H"",""I"",""L"",""N"",""O"",""P"",""R"",""S"",""T"",""U"",""X""]},{""position"":7,""characters"":[""A"",""E"",""I"",""N"",""O"",""U"",""W""]}]","true","false","A_TRUE_GAP","0","0","0","0","0","0","[]","[]","","false","false"
"13","ar_to_en","1","3","3","4","across","3","?T?","[{""position"":0,""characters"":[""B"",""C"",""D"",""F"",""G"",""H"",""J"",""L"",""N"",""O"",""P"",""R"",""S"",""T"",""U"",""W"",""X"",""Y""]},{""position"":1,""characters"":[""T""]},{""position"":2,""characters"":[""A"",""B"",""C"",""D"",""E"",""F"",""G"",""H"",""K"",""L"",""M"",""N"",""O"",""P"",""R"",""S"",""T"",""Y""]}]","true","false","A_TRUE_GAP","0","0","0","0","0","0","[]","[]","","false","false"
"13","ar_to_en","1","3","1","9","across","4","????","[{""position"":0,""characters"":[""A"",""E""]},{""position"":1,""characters"":[""A"",""I""]},{""position"":2,""characters"":[""A"",""C"",""E"",""G"",""H"",""I"",""N"",""R"",""S"",""T"",""U"",""Y""]},{""position"":3,""characters"":[""A"",""O"",""R"",""U""]}]","true","false","A_TRUE_GAP","0","0","0","0","0","0","[]","[]","","false","false"
"13","ar_to_en","1","3","10","0","across","13","??I???????I??","[{""position"":0,""characters"":[""A"",""C"",""D"",""E"",""G"",""I"",""L"",""M"",""N"",""O"",""P"",""R"",""S"",""U"",""Y""]},{""position"":1,""characters"":[""A"",""C"",""D"",""E"",""I"",""L"",""N"",""O"",""P"",""R"",""T"",""U""]},{""position"":2,""characters"":[""I""]},{""position"":3,""characters"":[""A"",""C"",""D"",""E"",""F"",""I"",""N"",""O"",""P"",""R"",""S"",""T"",""U""]},{""position"":4,""characters"":[""A"",""E"",""F"",""I"",""M"",""N"",""O"",""R"",""T""]},{""position"":5,""characters"":[""A"",""C"",""E"",""F"",""G"",""I"",""L"",""M"",""N"",""O"",""P"",""R"",""S"",""T"",""U"",""X""]},{""position"":6,""characters"":[""A"",""B"",""C"",""H"",""I"",""L"",""N"",""O"",""S"",""T"",""U""]},{""position"":7,""characters"":[""A"",""C"",""D"",""E"",""F"",""G"",""I"",""M"",""N"",""O"",""P"",""R"",""S"",""T"",""U"",""X""]},{""position"":8,""characters"":[""A"",""C"",""E"",""F"",""I"",""N"",""O"",""R"",""T"",""U""]},{""position"":9,""characters"":[""A"",""C"",""D"",""E"",""F"",""I"",""M"",""N"",""O"",""R"",""S"",""T""]},{""position"":10,""characters"":[""I""]},{""position"":11,""characters"":[""A"",""D"",""E"",""L"",""N"",""O"",""P"",""R"",""U"",""V""]},{""position"":12,""characters"":[""A"",""C"",""D"",""E"",""G"",""I"",""L"",""N"",""O"",""P"",""R"",""S"",""T"",""U"",""Y""]}]","true","false","A_TRUE_GAP","0","0","0","0","0","0","[]","[]","","false","false"
"13","ar_to_en","1","3","0","2","down","13","??C??????????","[{""position"":0,""characters"":[""A"",""C"",""D"",""E"",""G"",""I"",""L"",""N"",""O"",""P"",""R"",""S"",""T"",""U"",""Y""]},{""position"":1,""characters"":[""A"",""D"",""E"",""I"",""L"",""N"",""O"",""P"",""R"",""U"",""V""]},{""position"":2,""characters"":[""C""]},{""position"":3,""characters"":[""A"",""C"",""D"",""E"",""F"",""I"",""M"",""N"",""O"",""P"",""R"",""S"",""T""]},{""position"":4,""characters"":[""A"",""C"",""E"",""F"",""I"",""N"",""O"",""R"",""T"",""U""]},{""position"":5,""characters"":[""A"",""C"",""D"",""E"",""F"",""G"",""I"",""M"",""N"",""O"",""P"",""R"",""S"",""T"",""U"",""X""]},{""position"":6,""characters"":[""A"",""B"",""C"",""H"",""I"",""L"",""N"",""O"",""S"",""T"",""U""]},{""position"":7,""characters"":[""A"",""C"",""E"",""F"",""G"",""I"",""L"",""M"",""N"",""O"",""P"",""R"",""S"",""T"",""U"",""X""]},{""position"":8,""characters"":[""A"",""E"",""F"",""I"",""M"",""N"",""O"",""R"",""T"",""U""]},{""position"":9,""characters"":[""A"",""C"",""D"",""E"",""F"",""I"",""M"",""N"",""O"",""P"",""R"",""S"",""T"",""U""]},{""position"":10,""characters"":[""A"",""C"",""D"",""E"",""G"",""I"",""M"",""N"",""O"",""P"",""R"",""S"",""T"",""V""]},{""position"":11,""characters"":[""A"",""C"",""D"",""E"",""I"",""L"",""N"",""O"",""P"",""R"",""T"",""U"",""V""]},{""position"":12,""characters"":[""A"",""C"",""D"",""E"",""G"",""I"",""L"",""M"",""N"",""O"",""P"",""R"",""S"",""T"",""U"",""Y""]}]","true","false","B_USED_EXHAUSTION","1","1","1","0","0","0","[""CIRCUMSTANCES""]","[]","100","false","false"
"13","ar_to_en","1","3","0","2","down","13","??G??????????","[{""position"":0,""characters"":[""A"",""C"",""D"",""E"",""G"",""I"",""L"",""N"",""O"",""P"",""R"",""S"",""T"",""U"",""Y""]},{""position"":1,""characters"":[""A"",""D"",""E"",""I"",""L"",""N"",""O"",""P"",""R"",""U"",""V""]},{""position"":2,""characters"":[""G""]},{""position"":3,""characters"":[""A"",""C"",""D"",""E"",""F"",""I"",""M"",""N"",""O"",""P"",""R"",""S"",""T""]},{""position"":4,""characters"":[""A"",""C"",""E"",""F"",""I"",""N"",""O"",""R"",""T"",""U""]},{""position"":5,""characters"":[""A"",""C"",""D"",""E"",""F"",""G"",""I"",""M"",""N"",""O"",""P"",""R"",""S"",""T"",""U"",""X""]},{""position"":6,""characters"":[""A"",""B"",""C"",""H"",""I"",""L"",""N"",""O"",""S"",""T"",""U""]},{""position"":7,""characters"":[""A"",""C"",""E"",""F"",""G"",""I"",""L"",""M"",""N"",""O"",""P"",""R"",""S"",""T"",""U"",""X""]},{""position"":8,""characters"":[""A"",""E"",""F"",""I"",""M"",""N"",""O"",""R"",""T"",""U""]},{""position"":9,""characters"":[""A"",""C"",""D"",""E"",""F"",""I"",""M"",""N"",""O"",""P"",""R"",""S"",""T"",""U""]},{""position"":10,""characters"":[""A"",""C"",""D"",""E"",""I"",""M"",""N"",""O"",""P"",""R"",""S"",""T"",""V""]},{""position"":11,""characters"":[""A"",""C"",""D"",""E"",""I"",""L"",""N"",""O"",""P"",""R"",""T"",""U"",""V""]},{""position"":12,""characters"":[""A"",""C"",""D"",""E"",""G"",""I"",""L"",""M"",""N"",""O"",""P"",""R"",""S"",""T"",""U"",""Y""]}]","true","false","B_USED_EXHAUSTION","1","1","1","0","0","0","[""ORGANISATIONS""]","[]","100","false","false"
"13","ar_to_en","1","3","0","10","down","13","??G??????????","[{""position"":0,""characters"":[""A"",""C"",""D"",""E"",""G"",""I"",""L"",""M"",""N"",""O"",""P"",""R"",""S"",""T"",""U"",""Y""]},{""position"":1,""characters"":[""A"",""C"",""D"",""E"",""I"",""L"",""N"",""O"",""P"",""R"",""T"",""U"",""V""]},{""position"":2,""characters"":[""G""]},{""position"":3,""characters"":[""A"",""C"",""D"",""E"",""F"",""I"",""M"",""N"",""O"",""P"",""R"",""S"",""T"",""U""]},{""position"":4,""characters"":[""A"",""E"",""F"",""I"",""M"",""N"",""O"",""R"",""T"",""U""]},{""position"":5,""characters"":[""A"",""C"",""E"",""F"",""G"",""I"",""L"",""M"",""N"",""O"",""P"",""R"",""S"",""T"",""U"",""X""]},{""position"":6,""characters"":[""A"",""B"",""C"",""H"",""I"",""L"",""N"",""O"",""S"",""T"",""U""]},{""position"":7,""characters"":[""A"",""C"",""D"",""E"",""F"",""G"",""I"",""M"",""N"",""O"",""P"",""R"",""S"",""T"",""U"",""X""]},{""position"":8,""characters"":[""A"",""C"",""E"",""F"",""I"",""N"",""O"",""R"",""T"",""U""]},{""position"":9,""characters"":[""A"",""C"",""D"",""E"",""F"",""I"",""M"",""N"",""O"",""P"",""R"",""S"",""T""]},{""position"":10,""characters"":[""A"",""C"",""D"",""E"",""I"",""L"",""M"",""N"",""O"",""P"",""R"",""S"",""T"",""V""]},{""position"":11,""characters"":[""A"",""D"",""E"",""I"",""L"",""N"",""O"",""P"",""R"",""U"",""V""]},{""position"":12,""characters"":[""A"",""C"",""D"",""E"",""G"",""I"",""L"",""N"",""O"",""P"",""R"",""S"",""T"",""U"",""Y""]}]","true","false","B_USED_EXHAUSTION","1","1","1","0","0","0","[""ORGANISATIONS""]","[]","100","false","false"
"13","ar_to_en","1","3","0","2","down","13","??D??????????","[{""position"":0,""characters"":[""A"",""C"",""D"",""E"",""G"",""I"",""L"",""N"",""O"",""P"",""R"",""S"",""T"",""U"",""Y""]},{""position"":1,""characters"":[""A"",""D"",""E"",""I"",""L"",""N"",""O"",""P"",""R"",""U"",""V""]},{""position"":2,""characters"":[""D""]},{""position"":3,""characters"":[""A"",""C"",""D"",""E"",""F"",""I"",""M"",""N"",""O"",""P"",""R"",""S"",""T""]},{""position"":4,""characters"":[""A"",""C"",""E"",""F"",""I"",""N"",""O"",""R"",""T"",""U""]},{""position"":5,""characters"":[""A"",""C"",""D"",""E"",""F"",""G"",""I"",""M"",""N"",""O"",""P"",""R"",""S"",""T"",""U"",""X""]},{""position"":6,""characters"":[""A"",""B"",""C"",""H"",""I"",""L"",""N"",""O"",""S"",""T"",""U""]},{""position"":7,""characters"":[""A"",""C"",""E"",""F"",""G"",""I"",""L"",""M"",""N"",""O"",""P"",""R"",""S"",""T"",""U"",""X""]},{""position"":8,""characters"":[""A"",""E"",""F"",""I"",""M"",""N"",""O"",""R"",""T"",""U""]},{""position"":9,""characters"":[""A"",""C"",""D"",""E"",""F"",""I"",""M"",""N"",""O"",""P"",""R"",""S"",""T"",""U""]},{""position"":10,""characters"":[""A"",""C"",""D"",""E"",""G"",""I"",""M"",""N"",""O"",""P"",""R"",""S"",""T"",""V""]},{""position"":11,""characters"":[""A"",""C"",""D"",""E"",""I"",""L"",""N"",""O"",""P"",""R"",""T"",""U"",""V""]},{""position"":12,""characters"":[""A"",""C"",""D"",""E"",""G"",""I"",""L"",""M"",""N"",""O"",""P"",""R"",""S"",""T"",""U"",""Y""]}]","true","false","B_USED_EXHAUSTION","1","1","1","0","0","0","[""UNDERSTANDING""]","[]","100","false","false"
"13","ar_to_en","1","3","1","0","across","8","????????","[{""position"":0,""characters"":[""A"",""E"",""U""]},{""position"":1,""characters"":[""A"",""C"",""D"",""E"",""G"",""I"",""K"",""N"",""O"",""R"",""S"",""T"",""U""]},{""position"":2,""characters"":[""N"",""R"",""U""]},{""position"":3,""characters"":[""C"",""K"",""L"",""N""]},{""position"":4,""characters"":[""A"",""E""]},{""position"":5,""characters"":[""A"",""C"",""E"",""G"",""H"",""L"",""N"",""O"",""R"",""T""]},{""position"":6,""characters"":[""A"",""E"",""L"",""U""]},{""position"":7,""characters"":[""C"",""K"",""L"",""N""]}]","true","false","A_TRUE_GAP","0","0","0","0","0","0","[]","[]","","false","false"
"13","ar_to_en","1","3","1","0","across","8","????????","[{""position"":0,""characters"":[""A"",""E"",""I"",""T""]},{""position"":1,""characters"":[""C"",""D"",""E"",""G"",""H"",""K"",""L"",""M"",""N"",""O"",""P"",""R"",""S"",""T"",""U"",""V""]},{""position"":2,""characters"":[""D"",""E"",""O""]},{""position"":3,""characters"":[""A"",""E"",""I"",""R"",""U""]},{""position"":4,""characters"":[""B"",""C"",""D"",""E"",""F"",""G"",""H"",""M"",""N"",""O"",""P"",""R"",""S"",""T"",""Y""]},{""position"":5,""characters"":[""A"",""C"",""D"",""E"",""I"",""L"",""O"",""T"",""U""]},{""position"":6,""characters"":[""A"",""C"",""D"",""E"",""F"",""G"",""H"",""L"",""M"",""N"",""O"",""P"",""R"",""S"",""U"",""V""]},{""position"":7,""characters"":[""A"",""O"",""R"",""U""]}]","true","false","A_TRUE_GAP","0","0","0","0","0","0","[]","[]","","false","false"
"13","ar_to_en","1","3","0","1","down","5","??D??","[{""position"":0,""characters"":[""A"",""I""]},{""position"":1,""characters"":[""E"",""R""]},{""position"":2,""characters"":[""D""]},{""position"":3,""characters"":[""A"",""D"",""E"",""I"",""N"",""O"",""U""]},{""position"":4,""characters"":[""A"",""C"",""D"",""H"",""I"",""L"",""M"",""O"",""R"",""S"",""T"",""W"",""X"",""Y""]}]","true","false","A_TRUE_GAP","0","0","0","0","0","0","[]","[]","","false","false"
"13","ar_to_en","1","4","0","5","across","3","???","[{""position"":0,""characters"":[""B"",""C"",""F"",""L"",""M"",""N"",""P"",""S"",""W""]},{""position"":1,""characters"":[""D"",""T""]},{""position"":2,""characters"":[""B"",""F"",""L"",""M""]}]","true","false","A_TRUE_GAP","0","0","0","0","0","0","[]","[]","","false","false"
"13","ar_to_en","1","4","1","0","across","8","????????","[{""position"":0,""characters"":[""A"",""E"",""U""]},{""position"":1,""characters"":[""A"",""C"",""D"",""E"",""G"",""I"",""K"",""N"",""O"",""R"",""S"",""T"",""U""]},{""position"":2,""characters"":[""N"",""R"",""U""]},{""position"":3,""characters"":[""C"",""K"",""L"",""N""]},{""position"":4,""characters"":[""A"",""E""]},{""position"":5,""characters"":[""C"",""D"",""E"",""F"",""G"",""H"",""I"",""L"",""M"",""N"",""O"",""P"",""R"",""S"",""T"",""U"",""V"",""W"",""Y""]},{""position"":6,""characters"":[""A"",""C"",""E"",""H"",""I"",""L"",""N"",""O"",""P"",""R"",""S"",""T"",""U"",""X""]},{""position"":7,""characters"":[""A"",""E"",""I"",""N"",""O"",""U"",""W""]}]","true","false","A_TRUE_GAP","0","0","0","0","0","0","[]","[]","","false","false"
"13","ar_to_en","1","4","3","4","across","3","?T?","[{""position"":0,""characters"":[""B"",""C"",""D"",""F"",""G"",""H"",""J"",""L"",""N"",""O"",""P"",""R"",""S"",""T"",""U"",""W"",""X"",""Y""]},{""position"":1,""characters"":[""T""]},{""position"":2,""characters"":[""A"",""B"",""C"",""D"",""E"",""F"",""G"",""H"",""K"",""L"",""M"",""N"",""O"",""P"",""R"",""S"",""T"",""Y""]}]","true","false","A_TRUE_GAP","0","0","0","0","0","0","[]","[]","","false","false"
"13","ar_to_en","1","4","1","9","across","4","????","[{""position"":0,""characters"":[""A"",""E""]},{""position"":1,""characters"":[""A"",""I""]},{""position"":2,""characters"":[""A"",""C"",""E"",""G"",""H"",""I"",""N"",""R"",""S"",""T"",""U"",""Y""]},{""position"":3,""characters"":[""A"",""O"",""R"",""U""]}]","true","false","A_TRUE_GAP","0","0","0","0","0","0","[]","[]","","false","false"
"13","ar_to_en","1","4","10","0","across","13","??I???????I??","[{""position"":0,""characters"":[""A"",""C"",""D"",""E"",""G"",""I"",""L"",""M"",""N"",""O"",""P"",""R"",""S"",""U"",""Y""]},{""position"":1,""characters"":[""A"",""C"",""D"",""E"",""I"",""L"",""N"",""O"",""P"",""R"",""T"",""U""]},{""position"":2,""characters"":[""I""]},{""position"":3,""characters"":[""A"",""C"",""D"",""E"",""F"",""I"",""N"",""O"",""P"",""R"",""S"",""T"",""U""]},{""position"":4,""characters"":[""A"",""E"",""F"",""I"",""M"",""N"",""O"",""R"",""T""]},{""position"":5,""characters"":[""A"",""C"",""E"",""F"",""G"",""I"",""L"",""M"",""N"",""O"",""P"",""R"",""S"",""T"",""U"",""X""]},{""position"":6,""characters"":[""A"",""B"",""C"",""H"",""I"",""L"",""N"",""O"",""S"",""T"",""U""]},{""position"":7,""characters"":[""A"",""C"",""D"",""E"",""F"",""G"",""I"",""M"",""N"",""O"",""P"",""R"",""S"",""T"",""U"",""X""]},{""position"":8,""characters"":[""A"",""C"",""E"",""F"",""I"",""N"",""O"",""R"",""T"",""U""]},{""position"":9,""characters"":[""A"",""C"",""D"",""E"",""F"",""I"",""M"",""N"",""O"",""R"",""S"",""T""]},{""position"":10,""characters"":[""I""]},{""position"":11,""characters"":[""A"",""D"",""E"",""L"",""N"",""O"",""P"",""R"",""U"",""V""]},{""position"":12,""characters"":[""A"",""C"",""D"",""E"",""G"",""I"",""L"",""N"",""O"",""P"",""R"",""S"",""T"",""U"",""Y""]}]","true","false","A_TRUE_GAP","0","0","0","0","0","0","[]","[]","","false","false"
"13","ar_to_en","1","4","0","2","down","13","??C??????????","[{""position"":0,""characters"":[""A"",""C"",""D"",""E"",""G"",""I"",""L"",""N"",""O"",""P"",""R"",""S"",""T"",""U"",""Y""]},{""position"":1,""characters"":[""A"",""D"",""E"",""I"",""L"",""N"",""O"",""P"",""R"",""U"",""V""]},{""position"":2,""characters"":[""C""]},{""position"":3,""characters"":[""A"",""C"",""D"",""E"",""F"",""I"",""M"",""N"",""O"",""P"",""R"",""S"",""T""]},{""position"":4,""characters"":[""A"",""C"",""E"",""F"",""I"",""N"",""O"",""R"",""T"",""U""]},{""position"":5,""characters"":[""A"",""C"",""D"",""E"",""F"",""G"",""I"",""M"",""N"",""O"",""P"",""R"",""S"",""T"",""U"",""X""]},{""position"":6,""characters"":[""A"",""B"",""C"",""H"",""I"",""L"",""N"",""O"",""S"",""T"",""U""]},{""position"":7,""characters"":[""A"",""C"",""E"",""F"",""G"",""I"",""L"",""M"",""N"",""O"",""P"",""R"",""S"",""T"",""U"",""X""]},{""position"":8,""characters"":[""A"",""E"",""F"",""I"",""M"",""N"",""O"",""R"",""T"",""U""]},{""position"":9,""characters"":[""A"",""C"",""D"",""E"",""F"",""I"",""M"",""N"",""O"",""P"",""R"",""S"",""T"",""U""]},{""position"":10,""characters"":[""A"",""C"",""D"",""E"",""G"",""I"",""M"",""N"",""O"",""P"",""R"",""S"",""T"",""V""]},{""position"":11,""characters"":[""A"",""C"",""D"",""E"",""I"",""L"",""N"",""O"",""P"",""R"",""T"",""U"",""V""]},{""position"":12,""characters"":[""A"",""C"",""D"",""E"",""G"",""I"",""L"",""M"",""N"",""O"",""P"",""R"",""S"",""T"",""U"",""Y""]}]","true","false","B_USED_EXHAUSTION","1","1","1","0","0","0","[""CIRCUMSTANCES""]","[]","100","false","false"
"13","ar_to_en","1","4","0","2","down","13","??G??????????","[{""position"":0,""characters"":[""A"",""C"",""D"",""E"",""G"",""I"",""L"",""N"",""O"",""P"",""R"",""S"",""T"",""U"",""Y""]},{""position"":1,""characters"":[""A"",""D"",""E"",""I"",""L"",""N"",""O"",""P"",""R"",""U"",""V""]},{""position"":2,""characters"":[""G""]},{""position"":3,""characters"":[""A"",""C"",""D"",""E"",""F"",""I"",""M"",""N"",""O"",""P"",""R"",""S"",""T""]},{""position"":4,""characters"":[""A"",""C"",""E"",""F"",""I"",""N"",""O"",""R"",""T"",""U""]},{""position"":5,""characters"":[""A"",""C"",""D"",""E"",""F"",""G"",""I"",""M"",""N"",""O"",""P"",""R"",""S"",""T"",""U"",""X""]},{""position"":6,""characters"":[""A"",""B"",""C"",""H"",""I"",""L"",""N"",""O"",""S"",""T"",""U""]},{""position"":7,""characters"":[""A"",""C"",""E"",""F"",""G"",""I"",""L"",""M"",""N"",""O"",""P"",""R"",""S"",""T"",""U"",""X""]},{""position"":8,""characters"":[""A"",""E"",""F"",""I"",""M"",""N"",""O"",""R"",""T"",""U""]},{""position"":9,""characters"":[""A"",""C"",""D"",""E"",""F"",""I"",""M"",""N"",""O"",""P"",""R"",""S"",""T"",""U""]},{""position"":10,""characters"":[""A"",""C"",""D"",""E"",""I"",""M"",""N"",""O"",""P"",""R"",""S"",""T"",""V""]},{""position"":11,""characters"":[""A"",""C"",""D"",""E"",""I"",""L"",""N"",""O"",""P"",""R"",""T"",""U"",""V""]},{""position"":12,""characters"":[""A"",""C"",""D"",""E"",""G"",""I"",""L"",""M"",""N"",""O"",""P"",""R"",""S"",""T"",""U"",""Y""]}]","true","false","B_USED_EXHAUSTION","1","1","1","0","0","0","[""ORGANISATIONS""]","[]","100","false","false"
"13","ar_to_en","1","4","0","10","down","13","??G??????????","[{""position"":0,""characters"":[""A"",""C"",""D"",""E"",""G"",""I"",""L"",""M"",""N"",""O"",""P"",""R"",""S"",""T"",""U"",""Y""]},{""position"":1,""characters"":[""A"",""C"",""D"",""E"",""I"",""L"",""N"",""O"",""P"",""R"",""T"",""U"",""V""]},{""position"":2,""characters"":[""G""]},{""position"":3,""characters"":[""A"",""C"",""D"",""E"",""F"",""I"",""M"",""N"",""O"",""P"",""R"",""S"",""T"",""U""]},{""position"":4,""characters"":[""A"",""E"",""F"",""I"",""M"",""N"",""O"",""R"",""T"",""U""]},{""position"":5,""characters"":[""A"",""C"",""E"",""F"",""G"",""I"",""L"",""M"",""N"",""O"",""P"",""R"",""S"",""T"",""U"",""X""]},{""position"":6,""characters"":[""A"",""B"",""C"",""H"",""I"",""L"",""N"",""O"",""S"",""T"",""U""]},{""position"":7,""characters"":[""A"",""C"",""D"",""E"",""F"",""G"",""I"",""M"",""N"",""O"",""P"",""R"",""S"",""T"",""U"",""X""]},{""position"":8,""characters"":[""A"",""C"",""E"",""F"",""I"",""N"",""O"",""R"",""T"",""U""]},{""position"":9,""characters"":[""A"",""C"",""D"",""E"",""F"",""I"",""M"",""N"",""O"",""P"",""R"",""S"",""T""]},{""position"":10,""characters"":[""A"",""C"",""D"",""E"",""I"",""L"",""M"",""N"",""O"",""P"",""R"",""S"",""T"",""V""]},{""position"":11,""characters"":[""A"",""D"",""E"",""I"",""L"",""N"",""O"",""P"",""R"",""U"",""V""]},{""position"":12,""characters"":[""A"",""C"",""D"",""E"",""G"",""I"",""L"",""N"",""O"",""P"",""R"",""S"",""T"",""U"",""Y""]}]","true","false","B_USED_EXHAUSTION","1","1","1","0","0","0","[""ORGANISATIONS""]","[]","100","false","false"
"13","ar_to_en","1","4","0","2","down","13","??D??????????","[{""position"":0,""characters"":[""A"",""C"",""D"",""E"",""G"",""I"",""L"",""N"",""O"",""P"",""R"",""S"",""T"",""U"",""Y""]},{""position"":1,""characters"":[""A"",""D"",""E"",""I"",""L"",""N"",""O"",""P"",""R"",""U"",""V""]},{""position"":2,""characters"":[""D""]},{""position"":3,""characters"":[""A"",""C"",""D"",""E"",""F"",""I"",""M"",""N"",""O"",""P"",""R"",""S"",""T""]},{""position"":4,""characters"":[""A"",""C"",""E"",""F"",""I"",""N"",""O"",""R"",""T"",""U""]},{""position"":5,""characters"":[""A"",""C"",""D"",""E"",""F"",""G"",""I"",""M"",""N"",""O"",""P"",""R"",""S"",""T"",""U"",""X""]},{""position"":6,""characters"":[""A"",""B"",""C"",""H"",""I"",""L"",""N"",""O"",""S"",""T"",""U""]},{""position"":7,""characters"":[""A"",""C"",""E"",""F"",""G"",""I"",""L"",""M"",""N"",""O"",""P"",""R"",""S"",""T"",""U"",""X""]},{""position"":8,""characters"":[""A"",""E"",""F"",""I"",""M"",""N"",""O"",""R"",""T"",""U""]},{""position"":9,""characters"":[""A"",""C"",""D"",""E"",""F"",""I"",""M"",""N"",""O"",""P"",""R"",""S"",""T"",""U""]},{""position"":10,""characters"":[""A"",""C"",""D"",""E"",""G"",""I"",""M"",""N"",""O"",""P"",""R"",""S"",""T"",""V""]},{""position"":11,""characters"":[""A"",""C"",""D"",""E"",""I"",""L"",""N"",""O"",""P"",""R"",""T"",""U"",""V""]},{""position"":12,""characters"":[""A"",""C"",""D"",""E"",""G"",""I"",""L"",""M"",""N"",""O"",""P"",""R"",""S"",""T"",""U"",""Y""]}]","true","false","B_USED_EXHAUSTION","1","1","1","0","0","0","[""UNDERSTANDING""]","[]","100","false","false"
"13","ar_to_en","1","4","1","0","across","8","????????","[{""position"":0,""characters"":[""A"",""E"",""U""]},{""position"":1,""characters"":[""A"",""C"",""D"",""E"",""G"",""I"",""K"",""N"",""O"",""R"",""S"",""T"",""U""]},{""position"":2,""characters"":[""N"",""R"",""U""]},{""position"":3,""characters"":[""C"",""K"",""L"",""N""]},{""position"":4,""characters"":[""A"",""E""]},{""position"":5,""characters"":[""A"",""C"",""E"",""G"",""H"",""L"",""N"",""O"",""R"",""T""]},{""position"":6,""characters"":[""A"",""E"",""L"",""U""]},{""position"":7,""characters"":[""C"",""K"",""L"",""N""]}]","true","false","A_TRUE_GAP","0","0","0","0","0","0","[]","[]","","false","false"
"13","ar_to_en","1","5","3","0","across","7","??????T","[{""position"":0,""characters"":[""A"",""E"",""I"",""P"",""S"",""T"",""W"",""Y""]},{""position"":1,""characters"":[""A"",""D"",""E"",""I"",""N"",""O"",""R"",""S"",""U""]},{""position"":2,""characters"":[""D"",""I"",""M"",""R"",""S"",""T""]},{""position"":3,""characters"":[""A"",""C"",""D"",""G"",""H"",""I"",""K"",""M"",""N"",""P"",""R"",""S"",""T""]},{""position"":4,""characters"":[""E"",""L"",""S"",""W""]},{""position"":5,""characters"":[""A"",""E"",""I""]},{""position"":6,""characters"":[""T""]}]","true","false","A_TRUE_GAP","0","0","0","0","0","0","[]","[]","","false","false"
"13","ar_to_en","1","5","0","10","down","13","??????????I??","[{""position"":0,""characters"":[""A"",""C"",""D"",""E"",""G"",""I"",""L"",""M"",""N"",""O"",""P"",""R"",""S"",""U""]},{""position"":1,""characters"":[""A"",""C"",""D"",""E"",""I"",""L"",""N"",""O"",""R"",""T"",""U""]},{""position"":2,""characters"":[""C"",""I"",""T""]},{""position"":3,""characters"":[""A"",""C"",""D"",""E"",""F"",""I"",""N"",""O"",""P"",""R"",""S"",""T"",""U""]},{""position"":4,""characters"":[""A"",""E"",""F"",""M"",""N"",""O"",""T"",""U""]},{""position"":5,""characters"":[""A"",""C"",""E"",""F"",""G"",""I"",""L"",""M"",""N"",""O"",""P"",""R"",""S"",""T""]},{""position"":6,""characters"":[""A"",""C"",""H"",""I"",""L"",""N"",""O"",""S"",""T"",""U""]},{""position"":7,""characters"":[""A"",""C"",""D"",""E"",""F"",""G"",""I"",""M"",""N"",""O"",""P"",""R"",""S"",""T""]},{""position"":8,""characters"":[""A"",""C"",""E"",""F"",""I"",""N"",""O"",""R"",""T"",""U""]},{""position"":9,""characters"":[""A"",""E"",""I"",""N"",""O"",""U""]},{""position"":10,""characters"":[""I""]},{""position"":11,""characters"":[""A"",""E"",""I"",""L"",""N"",""O"",""R"",""U""]},{""position"":12,""characters"":[""A"",""C"",""D"",""E"",""G"",""I"",""L"",""M"",""N"",""O"",""P"",""R"",""S"",""T"",""U"",""Y""]}]","true","false","A_TRUE_GAP","0","0","0","0","0","0","[]","[]","","false","false"
"13","ar_to_en","1","5","0","2","down","13","??I??????????","[{""position"":0,""characters"":[""A"",""C"",""D"",""E"",""G"",""I"",""L"",""M"",""N"",""O"",""P"",""R"",""S"",""T"",""U"",""Y""]},{""position"":1,""characters"":[""A"",""E"",""I"",""L"",""N"",""O"",""R"",""U""]},{""position"":2,""characters"":[""I""]},{""position"":3,""characters"":[""A"",""E"",""I"",""N"",""O"",""U""]},{""position"":4,""characters"":[""A"",""C"",""E"",""F"",""I"",""N"",""O"",""R"",""T"",""U""]},{""position"":5,""characters"":[""A"",""C"",""D"",""E"",""F"",""G"",""I"",""M"",""N"",""O"",""P"",""R"",""S"",""T""]},{""position"":6,""characters"":[""A"",""C"",""H"",""I"",""L"",""N"",""O"",""S"",""T"",""U""]},{""position"":7,""characters"":[""A"",""C"",""E"",""F"",""G"",""I"",""L"",""M"",""N"",""O"",""P"",""R"",""S"",""T""]},{""position"":8,""characters"":[""A"",""E"",""F"",""M"",""N"",""O"",""T"",""U""]},{""position"":9,""characters"":[""A"",""C"",""D"",""E"",""F"",""I"",""N"",""O"",""P"",""R"",""S"",""T"",""U""]},{""position"":10,""characters"":[""C"",""I"",""T""]},{""position"":11,""characters"":[""A"",""C"",""D"",""E"",""I"",""L"",""N"",""O"",""R"",""T"",""U""]},{""position"":12,""characters"":[""A"",""C"",""D"",""E"",""G"",""I"",""L"",""M"",""N"",""O"",""P"",""R"",""S"",""U""]}]","true","false","A_TRUE_GAP","0","0","0","0","0","0","[]","[]","","false","false"
"13","ar_to_en","1","5","0","4","down","4","????","[{""position"":0,""characters"":[""A"",""B"",""C"",""D"",""E"",""F"",""G"",""H"",""I"",""J"",""K"",""L"",""M"",""N"",""O"",""P"",""R"",""S"",""T"",""U"",""W"",""Y""]},{""position"":1,""characters"":[""E"",""S"",""Y""]},{""position"":2,""characters"":[""F"",""M"",""T"",""U""]},{""position"":3,""characters"":[""D"",""G"",""K""]}]","true","false","A_TRUE_GAP","0","0","0","0","0","0","[]","[]","","false","false"
"13","ar_to_en","1","5","3","0","across","7","??T???I","[{""position"":0,""characters"":[""A"",""B"",""C"",""D"",""E"",""F"",""G"",""H"",""I"",""K"",""M"",""N"",""O"",""P"",""R"",""S"",""T"",""Y""]},{""position"":1,""characters"":[""A"",""C"",""D"",""E"",""F"",""G"",""H"",""I"",""L"",""M"",""N"",""O"",""P"",""R"",""S"",""T"",""U"",""V"",""W""]},{""position"":2,""characters"":[""T""]},{""position"":3,""characters"":[""A"",""B"",""C"",""D"",""E"",""F"",""G"",""H"",""I"",""J"",""K"",""L"",""M"",""N"",""O"",""P"",""R"",""S"",""T"",""U"",""V"",""W""]},{""position"":4,""characters"":[""A"",""B"",""C"",""D"",""E"",""F"",""G"",""H"",""I"",""J"",""K"",""L"",""M"",""N"",""O"",""P"",""R"",""S"",""T"",""U"",""V"",""W"",""Y""]},{""position"":5,""characters"":[""A"",""B"",""C"",""D"",""E"",""F"",""G"",""H"",""I"",""L"",""M"",""N"",""O"",""P"",""R"",""S"",""T"",""U"",""W"",""X""]},{""position"":6,""characters"":[""I""]}]","true","false","A_TRUE_GAP","0","0","0","0","0","0","[]","[]","","false","false"
"13","ar_to_en","1","5","3","0","across","7","??????I","[{""position"":0,""characters"":[""A"",""D"",""E"",""I"",""K"",""N"",""O"",""T""]},{""position"":1,""characters"":[""A"",""C"",""D"",""H"",""I"",""L"",""M"",""N"",""O"",""P"",""R"",""S"",""T"",""U"",""V"",""W""]},{""position"":2,""characters"":[""D"",""S"",""T""]},{""position"":3,""characters"":[""A"",""C"",""E"",""H"",""I"",""L"",""N"",""O"",""P"",""R"",""S"",""T"",""U""]},{""position"":4,""characters"":[""B"",""C"",""D"",""E"",""F"",""G"",""H"",""L"",""M"",""N"",""P"",""R"",""S"",""T"",""W"",""Y""]},{""position"":5,""characters"":[""A"",""D"",""O"",""S""]},{""position"":6,""characters"":[""I""]}]","true","false","A_TRUE_GAP","0","0","0","0","0","0","[]","[]","","false","false"
"13","ar_to_en","1","5","8","2","across","5","????I","[{""position"":0,""characters"":[""A"",""F"",""M"",""N"",""R""]},{""position"":1,""characters"":[""A"",""B"",""C"",""D"",""E"",""F"",""G"",""H"",""I"",""L"",""M"",""N"",""O"",""R"",""S"",""T"",""W"",""X""]},{""position"":2,""characters"":[""A"",""B"",""C"",""D"",""E"",""F"",""G"",""H"",""I"",""J"",""K"",""L"",""M"",""N"",""O"",""P"",""R"",""S"",""T"",""U"",""Y""]},{""position"":3,""characters"":[""A"",""B"",""C"",""D"",""E"",""F"",""G"",""H"",""I"",""L"",""M"",""N"",""O"",""R"",""S"",""T"",""U"",""W"",""X"",""Y""]},{""position"":4,""characters"":[""I""]}]","true","false","A_TRUE_GAP","0","0","0","0","0","0","[]","[]","","false","false"
"13","ar_to_en","1","5","4","6","across","5","I????","[{""position"":0,""characters"":[""I""]},{""position"":1,""characters"":[""A"",""B"",""C"",""D"",""E"",""F"",""G"",""H"",""I"",""L"",""M"",""N"",""O"",""R"",""S"",""T"",""U"",""W"",""X"",""Y""]},{""position"":2,""characters"":[""A"",""B"",""C"",""D"",""E"",""F"",""G"",""H"",""I"",""J"",""K"",""L"",""M"",""N"",""O"",""P"",""R"",""S"",""T"",""U"",""Y""]},{""position"":3,""characters"":[""A"",""B"",""C"",""D"",""E"",""F"",""G"",""H"",""I"",""L"",""M"",""N"",""O"",""R"",""S"",""T"",""W"",""X""]},{""position"":4,""characters"":[""A"",""F"",""M"",""N"",""R""]}]","true","false","A_TRUE_GAP","0","0","0","0","0","0","[]","[]","","false","false"
"13","ar_to_en","1","5","9","6","across","7","T???S??","[{""position"":0,""characters"":[""T""]},{""position"":1,""characters"":[""A"",""E"",""I"",""O""]},{""position"":2,""characters"":[""A"",""E"",""F"",""G"",""L"",""S""]},{""position"":3,""characters"":[""A"",""C"",""D"",""E"",""F"",""H"",""I"",""M"",""N"",""P"",""R"",""S"",""T"",""U""]},{""position"":4,""characters"":[""S""]},{""position"":5,""characters"":[""A"",""E"",""H"",""I"",""N"",""O"",""R"",""S""]},{""position"":6,""characters"":[""B"",""C"",""E"",""G"",""I"",""P"",""R"",""T"",""W"",""Y""]}]","true","false","A_TRUE_GAP","0","0","0","0","0","0","[]","[]","","false","false"
"13","ar_to_en","1","5","3","0","across","7","??S???T","[{""position"":0,""characters"":[""B"",""C"",""E"",""G"",""I"",""P"",""R"",""T"",""W"",""Y""]},{""position"":1,""characters"":[""A"",""E"",""H"",""I"",""N"",""O"",""R"",""S""]},{""position"":2,""characters"":[""S""]},{""position"":3,""characters"":[""A"",""C"",""D"",""E"",""F"",""H"",""I"",""M"",""N"",""P"",""R"",""S"",""T"",""U""]},{""position"":4,""characters"":[""A"",""E"",""F"",""G"",""L"",""S""]},{""position"":5,""characters"":[""A"",""E"",""I"",""O""]},{""position"":6,""characters"":[""T""]}]","true","false","A_TRUE_GAP","0","0","0","0","0","0","[]","[]","","false","false"
"13","ar_to_en","1","5","0","2","down","13","??????????C??","[{""position"":0,""characters"":[""A"",""C"",""D"",""E"",""G"",""I"",""L"",""M"",""N"",""O"",""P"",""R"",""S"",""T"",""U"",""Y""]},{""position"":1,""characters"":[""A"",""E"",""I"",""L"",""N"",""O"",""R"",""U"",""V""]},{""position"":2,""characters"":[""A"",""C"",""E"",""G"",""M"",""O"",""T""]},{""position"":3,""characters"":[""A"",""C"",""E"",""I"",""N"",""O"",""R"",""S"",""T"",""U""]},{""position"":4,""characters"":[""A"",""C"",""E"",""F"",""I"",""N"",""O"",""R"",""T"",""U""]},{""position"":5,""characters"":[""A"",""C"",""D"",""E"",""F"",""G"",""I"",""M"",""N"",""O"",""P"",""R"",""S"",""T"",""U""]},{""position"":6,""characters"":[""A"",""B"",""C"",""H"",""I"",""L"",""N"",""O"",""S"",""T"",""U""]},{""position"":7,""characters"":[""A"",""C"",""E"",""F"",""G"",""I"",""L"",""M"",""N"",""O"",""P"",""R"",""S"",""T"",""U""]},{""position"":8,""characters"":[""A"",""E"",""O"",""R"",""T"",""U""]},{""position"":9,""characters"":[""A"",""C"",""D"",""E"",""F"",""I"",""N"",""O"",""P"",""R"",""S"",""T"",""U""]},{""position"":10,""characters"":[""C""]},{""position"":11,""characters"":[""A"",""C"",""D"",""E"",""I"",""L"",""N"",""O"",""R"",""T"",""U""]},{""position"":12,""characters"":[""A"",""C"",""D"",""E"",""G"",""I"",""L"",""M"",""N"",""O"",""P"",""R"",""S"",""U""]}]","true","false","A_TRUE_GAP","0","0","0","0","0","0","[]","[]","","false","false"
"13","ar_to_en","1","5","1","0","across","9","??U???U??","[{""position"":0,""characters"":[""A"",""B"",""C"",""D"",""E"",""F"",""G"",""H"",""I"",""K"",""M"",""N"",""O"",""P"",""R"",""S"",""T"",""U"",""Y""]},{""position"":1,""characters"":[""A"",""C"",""D"",""E"",""G"",""H"",""I"",""L"",""M"",""N"",""O"",""P"",""R"",""S"",""T"",""V"",""W""]},{""position"":2,""characters"":[""U""]},{""position"":3,""characters"":[""A"",""C"",""D"",""E"",""F"",""G"",""H"",""I"",""K"",""L"",""M"",""N"",""O"",""P"",""R"",""S"",""T"",""U"",""V"",""W""]},{""position"":4,""characters"":[""A"",""C"",""D"",""E"",""G"",""I"",""K"",""L"",""M"",""N"",""O"",""P"",""R"",""S"",""T"",""U"",""V"",""Y""]},{""position"":5,""characters"":[""A"",""C"",""D"",""E"",""F"",""G"",""H"",""I"",""L"",""M"",""N"",""O"",""P"",""R"",""S"",""T"",""U"",""W""]},{""position"":6,""characters"":[""U""]},{""position"":7,""characters"":[""A"",""C"",""D"",""E"",""G"",""H"",""I"",""L"",""N"",""O"",""P"",""R"",""S"",""T"",""U"",""W""]},{""position"":8,""characters"":[""A"",""C"",""D"",""E"",""F"",""G"",""H"",""I"",""L"",""N"",""O"",""P"",""R"",""S"",""T"",""U"",""W"",""Y""]}]","true","false","A_TRUE_GAP","0","0","0","0","0","0","[]","[]","","false","false"
"13","ar_to_en","1","5","9","6","across","7","O???E??","[{""position"":0,""characters"":[""O""]},{""position"":1,""characters"":[""A"",""B"",""C"",""D"",""E"",""F"",""G"",""H"",""I"",""L"",""M"",""N"",""O"",""P"",""R"",""S"",""T"",""U"",""W"",""X""]},{""position"":2,""characters"":[""A"",""B"",""C"",""D"",""E"",""F"",""G"",""H"",""I"",""J"",""K"",""L"",""M"",""N"",""O"",""P"",""R"",""S"",""T"",""U"",""V"",""W"",""Y""]},{""position"":3,""characters"":[""A"",""B"",""C"",""D"",""E"",""F"",""G"",""H"",""I"",""J"",""K"",""L"",""M"",""N"",""O"",""P"",""R"",""S"",""T"",""U"",""V"",""W""]},{""position"":4,""characters"":[""E""]},{""position"":5,""characters"":[""A"",""C"",""D"",""E"",""F"",""G"",""H"",""I"",""L"",""M"",""N"",""O"",""P"",""R"",""S"",""T"",""U"",""V"",""W""]},{""position"":6,""characters"":[""A"",""B"",""C"",""D"",""E"",""F"",""G"",""H"",""I"",""K"",""M"",""N"",""O"",""P"",""R"",""S"",""T"",""Y""]}]","true","false","A_TRUE_GAP","0","0","0","0","0","0","[]","[]","","false","false"
"13","ar_to_en","1","6","1","0","across","9","??U???U??","[{""position"":0,""characters"":[""A"",""B"",""C"",""D"",""E"",""F"",""G"",""H"",""I"",""K"",""M"",""N"",""O"",""P"",""R"",""S"",""T"",""U"",""Y""]},{""position"":1,""characters"":[""A"",""C"",""D"",""E"",""G"",""H"",""I"",""L"",""M"",""N"",""O"",""P"",""R"",""S"",""T"",""V"",""W""]},{""position"":2,""characters"":[""U""]},{""position"":3,""characters"":[""A"",""C"",""D"",""E"",""F"",""G"",""H"",""I"",""K"",""L"",""M"",""N"",""O"",""P"",""R"",""S"",""T"",""U"",""V"",""W""]},{""position"":4,""characters"":[""A"",""C"",""D"",""E"",""G"",""I"",""K"",""L"",""M"",""N"",""O"",""P"",""R"",""S"",""T"",""U"",""V"",""Y""]},{""position"":5,""characters"":[""A"",""C"",""D"",""E"",""F"",""G"",""H"",""I"",""L"",""M"",""N"",""O"",""P"",""R"",""S"",""T"",""U"",""W""]},{""position"":6,""characters"":[""U""]},{""position"":7,""characters"":[""A"",""C"",""D"",""E"",""G"",""H"",""I"",""L"",""N"",""O"",""P"",""R"",""S"",""T"",""U"",""W""]},{""position"":8,""characters"":[""A"",""C"",""D"",""E"",""F"",""G"",""H"",""I"",""L"",""N"",""O"",""P"",""R"",""S"",""T"",""U"",""W"",""Y""]}]","true","false","A_TRUE_GAP","0","0","0","0","0","0","[]","[]","","false","false"
"13","ar_to_en","1","6","9","6","across","7","O???E??","[{""position"":0,""characters"":[""O""]},{""position"":1,""characters"":[""A"",""B"",""C"",""D"",""E"",""F"",""G"",""H"",""I"",""L"",""M"",""N"",""O"",""P"",""R"",""S"",""T"",""U"",""W"",""X""]},{""position"":2,""characters"":[""A"",""B"",""C"",""D"",""E"",""F"",""G"",""H"",""I"",""J"",""K"",""L"",""M"",""N"",""O"",""P"",""R"",""S"",""T"",""U"",""V"",""W"",""Y""]},{""position"":3,""characters"":[""A"",""B"",""C"",""D"",""E"",""F"",""G"",""H"",""I"",""J"",""K"",""L"",""M"",""N"",""O"",""P"",""R"",""S"",""T"",""U"",""V"",""W""]},{""position"":4,""characters"":[""E""]},{""position"":5,""characters"":[""A"",""C"",""D"",""E"",""F"",""G"",""H"",""I"",""L"",""M"",""N"",""O"",""P"",""R"",""S"",""T"",""U"",""V"",""W""]},{""position"":6,""characters"":[""A"",""B"",""C"",""D"",""E"",""F"",""G"",""H"",""I"",""K"",""M"",""N"",""O"",""P"",""R"",""S"",""T"",""Y""]}]","true","false","A_TRUE_GAP","0","0","0","0","0","0","[]","[]","","false","false"
"13","ar_to_en","1","6","0","2","down","13","??????????C??","[{""position"":0,""characters"":[""A"",""C"",""D"",""E"",""G"",""I"",""L"",""M"",""N"",""O"",""P"",""R"",""S"",""T"",""U"",""Y""]},{""position"":1,""characters"":[""A"",""E"",""I"",""N"",""O"",""R""]},{""position"":2,""characters"":[""E"",""N"",""T""]},{""position"":3,""characters"":[""C"",""E"",""I"",""N"",""O"",""R"",""S"",""T""]},{""position"":4,""characters"":[""A"",""C"",""E"",""F"",""I"",""N"",""O"",""R"",""T"",""U""]},{""position"":5,""characters"":[""A"",""C"",""D"",""E"",""F"",""G"",""I"",""M"",""N"",""O"",""P"",""R"",""S"",""T"",""U""]},{""position"":6,""characters"":[""A"",""B"",""C"",""H"",""I"",""L"",""N"",""O"",""S"",""T"",""U""]},{""position"":7,""characters"":[""A"",""C"",""E"",""F"",""G"",""I"",""L"",""M"",""N"",""O"",""P"",""R"",""S"",""T"",""U""]},{""position"":8,""characters"":[""A"",""F"",""I"",""M"",""N"",""R"",""T"",""U""]},{""position"":9,""characters"":[""A"",""C"",""D"",""E"",""F"",""I"",""N"",""O"",""P"",""R"",""S"",""T"",""U""]},{""position"":10,""characters"":[""C""]},{""position"":11,""characters"":[""A"",""C"",""D"",""E"",""I"",""L"",""N"",""O"",""R"",""T"",""U""]},{""position"":12,""characters"":[""A"",""C"",""D"",""E"",""G"",""I"",""L"",""M"",""N"",""O"",""P"",""R"",""S"",""U""]}]","true","false","A_TRUE_GAP","0","0","0","0","0","0","[]","[]","","false","false"
"13","ar_to_en","1","6","0","2","down","13","?????????????","[{""position"":0,""characters"":[""A"",""C"",""D"",""E"",""G"",""I"",""L"",""M"",""N"",""O"",""P"",""R"",""S"",""T"",""U"",""Y""]},{""position"":1,""characters"":[""A"",""E"",""I"",""L"",""N"",""O"",""R"",""U""]},{""position"":2,""characters"":[""A"",""C"",""E"",""G"",""M"",""O"",""T""]},{""position"":3,""characters"":[""A"",""C"",""D"",""E"",""F"",""I"",""M"",""N"",""O"",""R"",""S"",""T"",""U""]},{""position"":4,""characters"":[""A"",""C"",""E"",""F"",""I"",""N"",""O"",""R"",""T"",""U""]},{""position"":5,""characters"":[""A"",""C"",""D"",""E"",""F"",""G"",""I"",""M"",""N"",""O"",""P"",""R"",""S"",""T"",""U""]},{""position"":6,""characters"":[""A"",""B"",""C"",""H"",""I"",""L"",""N"",""O"",""S"",""T"",""U""]},{""position"":7,""characters"":[""A"",""C"",""E"",""F"",""G"",""I"",""L"",""M"",""N"",""O"",""P"",""R"",""S"",""T"",""U""]},{""position"":8,""characters"":[""E"",""T""]},{""position"":9,""characters"":[""A"",""C"",""D"",""E"",""F"",""I"",""N"",""O"",""P"",""R"",""S"",""T"",""U""]},{""position"":10,""characters"":[""C"",""I"",""T""]},{""position"":11,""characters"":[""A"",""C"",""D"",""E"",""I"",""L"",""N"",""O"",""R"",""T"",""U""]},{""position"":12,""characters"":[""A"",""C"",""D"",""E"",""G"",""I"",""L"",""M"",""N"",""O"",""P"",""R"",""S"",""U""]}]","true","false","A_TRUE_GAP","0","0","0","0","0","0","[]","[]","","false","false"
"13","ar_to_en","1","6","1","0","across","9","??N???O??","[{""position"":0,""characters"":[""A"",""D"",""E"",""F"",""N"",""R"",""S"",""T""]},{""position"":1,""characters"":[""D"",""E"",""G"",""H"",""I"",""L"",""N"",""R""]},{""position"":2,""characters"":[""N""]},{""position"":3,""characters"":[""A"",""D"",""E"",""I"",""M"",""N"",""O"",""R"",""S"",""T"",""U""]},{""position"":4,""characters"":[""C"",""E"",""G"",""L"",""O"",""P"",""S"",""T"",""Y""]},{""position"":5,""characters"":[""C"",""F"",""H"",""N"",""P"",""T"",""W""]},{""position"":6,""characters"":[""O""]},{""position"":7,""characters"":[""N"",""P"",""R""]},{""position"":8,""characters"":[""E"",""P"",""T"",""Y""]}]","true","false","A_TRUE_GAP","0","0","0","0","0","0","[]","[]","","false","false"
"13","ar_to_en","1","6","1","0","across","9","??N???O??","[{""position"":0,""characters"":[""A"",""D"",""E"",""F"",""N"",""R"",""S"",""T""]},{""position"":1,""characters"":[""D"",""E"",""G"",""H"",""I"",""L"",""N"",""R""]},{""position"":2,""characters"":[""N""]},{""position"":3,""characters"":[""A"",""D"",""E"",""I"",""M"",""N"",""O"",""R"",""S"",""T"",""U""]},{""position"":4,""characters"":[""C"",""E"",""G"",""L"",""O"",""P"",""S"",""T"",""Y""]},{""position"":5,""characters"":[""F"",""I"",""N"",""P"",""T"",""U""]},{""position"":6,""characters"":[""O""]},{""position"":7,""characters"":[""H"",""N"",""P"",""R"",""U""]},{""position"":8,""characters"":[""E"",""K"",""P"",""Y""]}]","true","false","A_TRUE_GAP","0","0","0","0","0","0","[]","[]","","false","false"
"13","ar_to_en","1","6","3","0","across","7","??????T","[{""position"":0,""characters"":[""A"",""E"",""I"",""P"",""S"",""T"",""W"",""Y""]},{""position"":1,""characters"":[""A"",""D"",""E"",""I"",""N"",""O"",""R"",""S"",""U""]},{""position"":2,""characters"":[""D"",""I"",""M"",""R"",""S"",""T""]},{""position"":3,""characters"":[""A"",""C"",""D"",""G"",""H"",""I"",""K"",""M"",""N"",""P"",""R"",""S"",""T""]},{""position"":4,""characters"":[""E"",""L"",""S"",""W""]},{""position"":5,""characters"":[""A"",""E"",""I""]},{""position"":6,""characters"":[""T""]}]","true","false","A_TRUE_GAP","0","0","0","0","0","0","[]","[]","","false","false"
"13","ar_to_en","1","6","0","10","down","13","??????????I??","[{""position"":0,""characters"":[""A"",""C"",""D"",""E"",""G"",""I"",""L"",""M"",""N"",""O"",""P"",""R"",""S"",""U""]},{""position"":1,""characters"":[""A"",""C"",""D"",""E"",""I"",""L"",""N"",""O"",""R"",""T"",""U""]},{""position"":2,""characters"":[""C"",""I"",""T""]},{""position"":3,""characters"":[""A"",""C"",""D"",""E"",""F"",""I"",""N"",""O"",""P"",""R"",""S"",""T"",""U""]},{""position"":4,""characters"":[""A"",""E"",""F"",""M"",""N"",""O"",""T"",""U""]},{""position"":5,""characters"":[""A"",""C"",""E"",""F"",""G"",""I"",""L"",""M"",""N"",""O"",""P"",""R"",""S"",""T""]},{""position"":6,""characters"":[""A"",""C"",""H"",""I"",""L"",""N"",""O"",""S"",""T"",""U""]},{""position"":7,""characters"":[""A"",""C"",""D"",""E"",""F"",""G"",""I"",""M"",""N"",""O"",""P"",""R"",""S"",""T""]},{""position"":8,""characters"":[""A"",""C"",""E"",""F"",""I"",""N"",""O"",""R"",""T"",""U""]},{""position"":9,""characters"":[""A"",""E"",""I"",""N"",""O"",""U""]},{""position"":10,""characters"":[""I""]},{""position"":11,""characters"":[""A"",""E"",""I"",""L"",""N"",""O"",""R"",""U""]},{""position"":12,""characters"":[""A"",""C"",""D"",""E"",""G"",""I"",""L"",""M"",""N"",""O"",""P"",""R"",""S"",""T"",""U"",""Y""]}]","true","false","A_TRUE_GAP","0","0","0","0","0","0","[]","[]","","false","false"
"13","ar_to_en","1","6","0","2","down","13","??I??????????","[{""position"":0,""characters"":[""A"",""C"",""D"",""E"",""G"",""I"",""L"",""M"",""N"",""O"",""P"",""R"",""S"",""T"",""U"",""Y""]},{""position"":1,""characters"":[""A"",""E"",""I"",""L"",""N"",""O"",""R"",""U""]},{""position"":2,""characters"":[""I""]},{""position"":3,""characters"":[""A"",""E"",""I"",""N"",""O"",""U""]},{""position"":4,""characters"":[""A"",""C"",""E"",""F"",""I"",""N"",""O"",""R"",""T"",""U""]},{""position"":5,""characters"":[""A"",""C"",""D"",""E"",""F"",""G"",""I"",""M"",""N"",""O"",""P"",""R"",""S"",""T""]},{""position"":6,""characters"":[""A"",""C"",""H"",""I"",""L"",""N"",""O"",""S"",""T"",""U""]},{""position"":7,""characters"":[""A"",""C"",""E"",""F"",""G"",""I"",""L"",""M"",""N"",""O"",""P"",""R"",""S"",""T""]},{""position"":8,""characters"":[""A"",""E"",""F"",""M"",""N"",""O"",""T"",""U""]},{""position"":9,""characters"":[""A"",""C"",""D"",""E"",""F"",""I"",""N"",""O"",""P"",""R"",""S"",""T"",""U""]},{""position"":10,""characters"":[""C"",""I"",""T""]},{""position"":11,""characters"":[""A"",""C"",""D"",""E"",""I"",""L"",""N"",""O"",""R"",""T"",""U""]},{""position"":12,""characters"":[""A"",""C"",""D"",""E"",""G"",""I"",""L"",""M"",""N"",""O"",""P"",""R"",""S"",""U""]}]","true","false","A_TRUE_GAP","0","0","0","0","0","0","[]","[]","","false","false"
"13","ar_to_en","1","6","0","4","down","4","????","[{""position"":0,""characters"":[""A"",""B"",""C"",""D"",""E"",""F"",""G"",""H"",""I"",""J"",""K"",""L"",""M"",""N"",""O"",""P"",""R"",""S"",""T"",""U"",""W"",""Y""]},{""position"":1,""characters"":[""E"",""S"",""Y""]},{""position"":2,""characters"":[""F"",""M"",""T"",""U""]},{""position"":3,""characters"":[""D"",""G"",""K""]}]","true","false","A_TRUE_GAP","0","0","0","0","0","0","[]","[]","","false","false"
"13","ar_to_en","1","6","3","0","across","7","??T???I","[{""position"":0,""characters"":[""A"",""B"",""C"",""D"",""E"",""F"",""G"",""H"",""I"",""K"",""M"",""N"",""O"",""P"",""R"",""S"",""T"",""Y""]},{""position"":1,""characters"":[""A"",""C"",""D"",""E"",""F"",""G"",""H"",""I"",""L"",""M"",""N"",""O"",""P"",""R"",""S"",""T"",""U"",""V"",""W""]},{""position"":2,""characters"":[""T""]},{""position"":3,""characters"":[""A"",""B"",""C"",""D"",""E"",""F"",""G"",""H"",""I"",""J"",""K"",""L"",""M"",""N"",""O"",""P"",""R"",""S"",""T"",""U"",""V"",""W""]},{""position"":4,""characters"":[""A"",""B"",""C"",""D"",""E"",""F"",""G"",""H"",""I"",""J"",""K"",""L"",""M"",""N"",""O"",""P"",""R"",""S"",""T"",""U"",""V"",""W"",""Y""]},{""position"":5,""characters"":[""A"",""B"",""C"",""D"",""E"",""F"",""G"",""H"",""I"",""L"",""M"",""N"",""O"",""P"",""R"",""S"",""T"",""U"",""W"",""X""]},{""position"":6,""characters"":[""I""]}]","true","false","A_TRUE_GAP","0","0","0","0","0","0","[]","[]","","false","false"
"13","ar_to_en","1","6","3","0","across","7","??????I","[{""position"":0,""characters"":[""A"",""D"",""E"",""I"",""K"",""N"",""O"",""T""]},{""position"":1,""characters"":[""A"",""C"",""D"",""H"",""I"",""L"",""M"",""N"",""O"",""P"",""R"",""S"",""T"",""U"",""V"",""W""]},{""position"":2,""characters"":[""D"",""S"",""T""]},{""position"":3,""characters"":[""A"",""C"",""E"",""H"",""I"",""L"",""N"",""O"",""P"",""R"",""S"",""T"",""U""]},{""position"":4,""characters"":[""B"",""C"",""D"",""E"",""F"",""G"",""H"",""L"",""M"",""N"",""P"",""R"",""S"",""T"",""W"",""Y""]},{""position"":5,""characters"":[""A"",""D"",""O"",""S""]},{""position"":6,""characters"":[""I""]}]","true","false","A_TRUE_GAP","0","0","0","0","0","0","[]","[]","","false","false"
"13","ar_to_en","1","6","8","2","across","5","????I","[{""position"":0,""characters"":[""A"",""F"",""M"",""N"",""R""]},{""position"":1,""characters"":[""A"",""B"",""C"",""D"",""E"",""F"",""G"",""H"",""I"",""L"",""M"",""N"",""O"",""R"",""S"",""T"",""W"",""X""]},{""position"":2,""characters"":[""A"",""B"",""C"",""D"",""E"",""F"",""G"",""H"",""I"",""J"",""K"",""L"",""M"",""N"",""O"",""P"",""R"",""S"",""T"",""U"",""Y""]},{""position"":3,""characters"":[""A"",""B"",""C"",""D"",""E"",""F"",""G"",""H"",""I"",""L"",""M"",""N"",""O"",""R"",""S"",""T"",""U"",""W"",""X"",""Y""]},{""position"":4,""characters"":[""I""]}]","true","false","A_TRUE_GAP","0","0","0","0","0","0","[]","[]","","false","false"
"13","ar_to_en","1","6","4","6","across","5","I????","[{""position"":0,""characters"":[""I""]},{""position"":1,""characters"":[""A"",""B"",""C"",""D"",""E"",""F"",""G"",""H"",""I"",""L"",""M"",""N"",""O"",""R"",""S"",""T"",""U"",""W"",""X"",""Y""]},{""position"":2,""characters"":[""A"",""B"",""C"",""D"",""E"",""F"",""G"",""H"",""I"",""J"",""K"",""L"",""M"",""N"",""O"",""P"",""R"",""S"",""T"",""U"",""Y""]},{""position"":3,""characters"":[""A"",""B"",""C"",""D"",""E"",""F"",""G"",""H"",""I"",""L"",""M"",""N"",""O"",""R"",""S"",""T"",""W"",""X""]},{""position"":4,""characters"":[""A"",""F"",""M"",""N"",""R""]}]","true","false","A_TRUE_GAP","0","0","0","0","0","0","[]","[]","","false","false"
"13","ar_to_en","1","7","0","2","down","13","??????????C??","[{""position"":0,""characters"":[""A"",""C"",""D"",""E"",""G"",""I"",""L"",""M"",""N"",""O"",""P"",""R"",""S"",""T"",""U"",""Y""]},{""position"":1,""characters"":[""A"",""E"",""I"",""L"",""N"",""O"",""R"",""U"",""V""]},{""position"":2,""characters"":[""A"",""C"",""E"",""G"",""M"",""O"",""T""]},{""position"":3,""characters"":[""A"",""C"",""E"",""I"",""N"",""O"",""R"",""S"",""T"",""U""]},{""position"":4,""characters"":[""A"",""C"",""E"",""F"",""I"",""N"",""O"",""R"",""T"",""U""]},{""position"":5,""characters"":[""A"",""C"",""D"",""E"",""F"",""G"",""I"",""M"",""N"",""O"",""P"",""R"",""S"",""T"",""U""]},{""position"":6,""characters"":[""A"",""B"",""C"",""H"",""I"",""L"",""N"",""O"",""S"",""T"",""U""]},{""position"":7,""characters"":[""A"",""C"",""E"",""F"",""G"",""I"",""L"",""M"",""N"",""O"",""P"",""R"",""S"",""T"",""U""]},{""position"":8,""characters"":[""A"",""E"",""O"",""R"",""T"",""U""]},{""position"":9,""characters"":[""A"",""C"",""D"",""E"",""F"",""I"",""N"",""O"",""P"",""R"",""S"",""T"",""U""]},{""position"":10,""characters"":[""C""]},{""position"":11,""characters"":[""A"",""C"",""D"",""E"",""I"",""L"",""N"",""O"",""R"",""T"",""U""]},{""position"":12,""characters"":[""A"",""C"",""D"",""E"",""G"",""I"",""L"",""M"",""N"",""O"",""P"",""R"",""S"",""U""]}]","true","false","A_TRUE_GAP","0","0","0","0","0","0","[]","[]","","false","false"
"13","ar_to_en","1","7","1","0","across","9","??U???U??","[{""position"":0,""characters"":[""A"",""B"",""C"",""D"",""E"",""F"",""G"",""H"",""I"",""K"",""M"",""N"",""O"",""P"",""R"",""S"",""T"",""U"",""Y""]},{""position"":1,""characters"":[""A"",""C"",""D"",""E"",""G"",""H"",""I"",""L"",""M"",""N"",""O"",""P"",""R"",""S"",""T"",""V"",""W""]},{""position"":2,""characters"":[""U""]},{""position"":3,""characters"":[""A"",""C"",""D"",""E"",""F"",""G"",""H"",""I"",""K"",""L"",""M"",""N"",""O"",""P"",""R"",""S"",""T"",""U"",""V"",""W""]},{""position"":4,""characters"":[""A"",""C"",""D"",""E"",""G"",""I"",""K"",""L"",""M"",""N"",""O"",""P"",""R"",""S"",""T"",""U"",""V"",""Y""]},{""position"":5,""characters"":[""A"",""C"",""D"",""E"",""F"",""G"",""H"",""I"",""L"",""M"",""N"",""O"",""P"",""R"",""S"",""T"",""U"",""W""]},{""position"":6,""characters"":[""U""]},{""position"":7,""characters"":[""A"",""C"",""D"",""E"",""G"",""H"",""I"",""L"",""N"",""O"",""P"",""R"",""S"",""T"",""U"",""W""]},{""position"":8,""characters"":[""A"",""C"",""D"",""E"",""F"",""G"",""H"",""I"",""L"",""N"",""O"",""P"",""R"",""S"",""T"",""U"",""W"",""Y""]}]","true","false","A_TRUE_GAP","0","0","0","0","0","0","[]","[]","","false","false"
"13","ar_to_en","1","7","9","6","across","7","O???E??","[{""position"":0,""characters"":[""O""]},{""position"":1,""characters"":[""A"",""B"",""C"",""D"",""E"",""F"",""G"",""H"",""I"",""L"",""M"",""N"",""O"",""P"",""R"",""S"",""T"",""U"",""W"",""X""]},{""position"":2,""characters"":[""A"",""B"",""C"",""D"",""E"",""F"",""G"",""H"",""I"",""J"",""K"",""L"",""M"",""N"",""O"",""P"",""R"",""S"",""T"",""U"",""V"",""W"",""Y""]},{""position"":3,""characters"":[""A"",""B"",""C"",""D"",""E"",""F"",""G"",""H"",""I"",""J"",""K"",""L"",""M"",""N"",""O"",""P"",""R"",""S"",""T"",""U"",""V"",""W""]},{""position"":4,""characters"":[""E""]},{""position"":5,""characters"":[""A"",""C"",""D"",""E"",""F"",""G"",""H"",""I"",""L"",""M"",""N"",""O"",""P"",""R"",""S"",""T"",""U"",""V"",""W""]},{""position"":6,""characters"":[""A"",""B"",""C"",""D"",""E"",""F"",""G"",""H"",""I"",""K"",""M"",""N"",""O"",""P"",""R"",""S"",""T"",""Y""]}]","true","false","A_TRUE_GAP","0","0","0","0","0","0","[]","[]","","false","false"
"13","ar_to_en","1","7","0","2","down","13","??????????C??","[{""position"":0,""characters"":[""A"",""C"",""D"",""E"",""G"",""I"",""L"",""M"",""N"",""O"",""P"",""R"",""S"",""T"",""U"",""Y""]},{""position"":1,""characters"":[""A"",""E"",""I"",""N"",""O"",""R""]},{""position"":2,""characters"":[""E"",""N"",""T""]},{""position"":3,""characters"":[""C"",""E"",""I"",""N"",""O"",""R"",""S"",""T""]},{""position"":4,""characters"":[""A"",""C"",""E"",""F"",""I"",""N"",""O"",""R"",""T"",""U""]},{""position"":5,""characters"":[""A"",""C"",""D"",""E"",""F"",""G"",""I"",""M"",""N"",""O"",""P"",""R"",""S"",""T"",""U""]},{""position"":6,""characters"":[""A"",""B"",""C"",""H"",""I"",""L"",""N"",""O"",""S"",""T"",""U""]},{""position"":7,""characters"":[""A"",""C"",""E"",""F"",""G"",""I"",""L"",""M"",""N"",""O"",""P"",""R"",""S"",""T"",""U""]},{""position"":8,""characters"":[""A"",""F"",""I"",""M"",""N"",""R"",""T"",""U""]},{""position"":9,""characters"":[""A"",""C"",""D"",""E"",""F"",""I"",""N"",""O"",""P"",""R"",""S"",""T"",""U""]},{""position"":10,""characters"":[""C""]},{""position"":11,""characters"":[""A"",""C"",""D"",""E"",""I"",""L"",""N"",""O"",""R"",""T"",""U""]},{""position"":12,""characters"":[""A"",""C"",""D"",""E"",""G"",""I"",""L"",""M"",""N"",""O"",""P"",""R"",""S"",""U""]}]","true","false","A_TRUE_GAP","0","0","0","0","0","0","[]","[]","","false","false"
"13","ar_to_en","1","7","0","2","down","13","?????????????","[{""position"":0,""characters"":[""A"",""C"",""D"",""E"",""G"",""I"",""L"",""M"",""N"",""O"",""P"",""R"",""S"",""T"",""U"",""Y""]},{""position"":1,""characters"":[""A"",""E"",""I"",""L"",""N"",""O"",""R"",""U""]},{""position"":2,""characters"":[""A"",""C"",""E"",""G"",""M"",""O"",""T""]},{""position"":3,""characters"":[""A"",""C"",""D"",""E"",""F"",""I"",""M"",""N"",""O"",""R"",""S"",""T"",""U""]},{""position"":4,""characters"":[""A"",""C"",""E"",""F"",""I"",""N"",""O"",""R"",""T"",""U""]},{""position"":5,""characters"":[""A"",""C"",""D"",""E"",""F"",""G"",""I"",""M"",""N"",""O"",""P"",""R"",""S"",""T"",""U""]},{""position"":6,""characters"":[""A"",""B"",""C"",""H"",""I"",""L"",""N"",""O"",""S"",""T"",""U""]},{""position"":7,""characters"":[""A"",""C"",""E"",""F"",""G"",""I"",""L"",""M"",""N"",""O"",""P"",""R"",""S"",""T"",""U""]},{""position"":8,""characters"":[""E"",""T""]},{""position"":9,""characters"":[""A"",""C"",""D"",""E"",""F"",""I"",""N"",""O"",""P"",""R"",""S"",""T"",""U""]},{""position"":10,""characters"":[""C"",""I"",""T""]},{""position"":11,""characters"":[""A"",""C"",""D"",""E"",""I"",""L"",""N"",""O"",""R"",""T"",""U""]},{""position"":12,""characters"":[""A"",""C"",""D"",""E"",""G"",""I"",""L"",""M"",""N"",""O"",""P"",""R"",""S"",""U""]}]","true","false","A_TRUE_GAP","0","0","0","0","0","0","[]","[]","","false","false"
"13","ar_to_en","1","7","1","0","across","9","??N???O??","[{""position"":0,""characters"":[""A"",""D"",""E"",""F"",""N"",""R"",""S"",""T""]},{""position"":1,""characters"":[""D"",""E"",""G"",""H"",""I"",""L"",""N"",""R""]},{""position"":2,""characters"":[""N""]},{""position"":3,""characters"":[""A"",""D"",""E"",""I"",""M"",""N"",""O"",""R"",""S"",""T"",""U""]},{""position"":4,""characters"":[""C"",""E"",""G"",""L"",""O"",""P"",""S"",""T"",""Y""]},{""position"":5,""characters"":[""C"",""F"",""H"",""N"",""P"",""T"",""W""]},{""position"":6,""characters"":[""O""]},{""position"":7,""characters"":[""N"",""P"",""R""]},{""position"":8,""characters"":[""E"",""P"",""T"",""Y""]}]","true","false","A_TRUE_GAP","0","0","0","0","0","0","[]","[]","","false","false"
"13","ar_to_en","1","7","1","0","across","9","??N???O??","[{""position"":0,""characters"":[""A"",""D"",""E"",""F"",""N"",""R"",""S"",""T""]},{""position"":1,""characters"":[""D"",""E"",""G"",""H"",""I"",""L"",""N"",""R""]},{""position"":2,""characters"":[""N""]},{""position"":3,""characters"":[""A"",""D"",""E"",""I"",""M"",""N"",""O"",""R"",""S"",""T"",""U""]},{""position"":4,""characters"":[""C"",""E"",""G"",""L"",""O"",""P"",""S"",""T"",""Y""]},{""position"":5,""characters"":[""F"",""I"",""N"",""P"",""T"",""U""]},{""position"":6,""characters"":[""O""]},{""position"":7,""characters"":[""H"",""N"",""P"",""R"",""U""]},{""position"":8,""characters"":[""E"",""K"",""P"",""Y""]}]","true","false","A_TRUE_GAP","0","0","0","0","0","0","[]","[]","","false","false"
"13","ar_to_en","1","7","3","0","across","7","??????T","[{""position"":0,""characters"":[""A"",""E"",""I"",""P"",""S"",""T"",""W"",""Y""]},{""position"":1,""characters"":[""A"",""D"",""E"",""I"",""N"",""O"",""R"",""S"",""U""]},{""position"":2,""characters"":[""D"",""I"",""M"",""R"",""S"",""T""]},{""position"":3,""characters"":[""A"",""C"",""D"",""G"",""H"",""I"",""K"",""M"",""N"",""P"",""R"",""S"",""T""]},{""position"":4,""characters"":[""E"",""L"",""S"",""W""]},{""position"":5,""characters"":[""A"",""E"",""I""]},{""position"":6,""characters"":[""T""]}]","true","false","A_TRUE_GAP","0","0","0","0","0","0","[]","[]","","false","false"
"13","ar_to_en","1","7","0","10","down","13","??????????I??","[{""position"":0,""characters"":[""A"",""C"",""D"",""E"",""G"",""I"",""L"",""M"",""N"",""O"",""P"",""R"",""S"",""U""]},{""position"":1,""characters"":[""A"",""C"",""D"",""E"",""I"",""L"",""N"",""O"",""R"",""T"",""U""]},{""position"":2,""characters"":[""C"",""I"",""T""]},{""position"":3,""characters"":[""A"",""C"",""D"",""E"",""F"",""I"",""N"",""O"",""P"",""R"",""S"",""T"",""U""]},{""position"":4,""characters"":[""A"",""E"",""F"",""M"",""N"",""O"",""T"",""U""]},{""position"":5,""characters"":[""A"",""C"",""E"",""F"",""G"",""I"",""L"",""M"",""N"",""O"",""P"",""R"",""S"",""T""]},{""position"":6,""characters"":[""A"",""C"",""H"",""I"",""L"",""N"",""O"",""S"",""T"",""U""]},{""position"":7,""characters"":[""A"",""C"",""D"",""E"",""F"",""G"",""I"",""M"",""N"",""O"",""P"",""R"",""S"",""T""]},{""position"":8,""characters"":[""A"",""C"",""E"",""F"",""I"",""N"",""O"",""R"",""T"",""U""]},{""position"":9,""characters"":[""A"",""E"",""I"",""N"",""O"",""U""]},{""position"":10,""characters"":[""I""]},{""position"":11,""characters"":[""A"",""E"",""I"",""L"",""N"",""O"",""R"",""U""]},{""position"":12,""characters"":[""A"",""C"",""D"",""E"",""G"",""I"",""L"",""M"",""N"",""O"",""P"",""R"",""S"",""T"",""U"",""Y""]}]","true","false","A_TRUE_GAP","0","0","0","0","0","0","[]","[]","","false","false"
"13","ar_to_en","1","7","0","2","down","13","??I??????????","[{""position"":0,""characters"":[""A"",""C"",""D"",""E"",""G"",""I"",""L"",""M"",""N"",""O"",""P"",""R"",""S"",""T"",""U"",""Y""]},{""position"":1,""characters"":[""A"",""E"",""I"",""L"",""N"",""O"",""R"",""U""]},{""position"":2,""characters"":[""I""]},{""position"":3,""characters"":[""A"",""E"",""I"",""N"",""O"",""U""]},{""position"":4,""characters"":[""A"",""C"",""E"",""F"",""I"",""N"",""O"",""R"",""T"",""U""]},{""position"":5,""characters"":[""A"",""C"",""D"",""E"",""F"",""G"",""I"",""M"",""N"",""O"",""P"",""R"",""S"",""T""]},{""position"":6,""characters"":[""A"",""C"",""H"",""I"",""L"",""N"",""O"",""S"",""T"",""U""]},{""position"":7,""characters"":[""A"",""C"",""E"",""F"",""G"",""I"",""L"",""M"",""N"",""O"",""P"",""R"",""S"",""T""]},{""position"":8,""characters"":[""A"",""E"",""F"",""M"",""N"",""O"",""T"",""U""]},{""position"":9,""characters"":[""A"",""C"",""D"",""E"",""F"",""I"",""N"",""O"",""P"",""R"",""S"",""T"",""U""]},{""position"":10,""characters"":[""C"",""I"",""T""]},{""position"":11,""characters"":[""A"",""C"",""D"",""E"",""I"",""L"",""N"",""O"",""R"",""T"",""U""]},{""position"":12,""characters"":[""A"",""C"",""D"",""E"",""G"",""I"",""L"",""M"",""N"",""O"",""P"",""R"",""S"",""U""]}]","true","false","A_TRUE_GAP","0","0","0","0","0","0","[]","[]","","false","false"
"13","ar_to_en","1","7","0","4","down","4","????","[{""position"":0,""characters"":[""A"",""B"",""C"",""D"",""E"",""F"",""G"",""H"",""I"",""J"",""K"",""L"",""M"",""N"",""O"",""P"",""R"",""S"",""T"",""U"",""W"",""Y""]},{""position"":1,""characters"":[""E"",""S"",""Y""]},{""position"":2,""characters"":[""F"",""M"",""T"",""U""]},{""position"":3,""characters"":[""D"",""G"",""K""]}]","true","false","A_TRUE_GAP","0","0","0","0","0","0","[]","[]","","false","false"
"13","ar_to_en","1","7","3","0","across","7","??T???I","[{""position"":0,""characters"":[""A"",""B"",""C"",""D"",""E"",""F"",""G"",""H"",""I"",""K"",""M"",""N"",""O"",""P"",""R"",""S"",""T"",""Y""]},{""position"":1,""characters"":[""A"",""C"",""D"",""E"",""F"",""G"",""H"",""I"",""L"",""M"",""N"",""O"",""P"",""R"",""S"",""T"",""U"",""V"",""W""]},{""position"":2,""characters"":[""T""]},{""position"":3,""characters"":[""A"",""B"",""C"",""D"",""E"",""F"",""G"",""H"",""I"",""J"",""K"",""L"",""M"",""N"",""O"",""P"",""R"",""S"",""T"",""U"",""V"",""W""]},{""position"":4,""characters"":[""A"",""B"",""C"",""D"",""E"",""F"",""G"",""H"",""I"",""J"",""K"",""L"",""M"",""N"",""O"",""P"",""R"",""S"",""T"",""U"",""V"",""W"",""Y""]},{""position"":5,""characters"":[""A"",""B"",""C"",""D"",""E"",""F"",""G"",""H"",""I"",""L"",""M"",""N"",""O"",""P"",""R"",""S"",""T"",""U"",""W"",""X""]},{""position"":6,""characters"":[""I""]}]","true","false","A_TRUE_GAP","0","0","0","0","0","0","[]","[]","","false","false"
"13","ar_to_en","1","7","3","0","across","7","??????I","[{""position"":0,""characters"":[""A"",""D"",""E"",""I"",""K"",""N"",""O"",""T""]},{""position"":1,""characters"":[""A"",""C"",""D"",""H"",""I"",""L"",""M"",""N"",""O"",""P"",""R"",""S"",""T"",""U"",""V"",""W""]},{""position"":2,""characters"":[""D"",""S"",""T""]},{""position"":3,""characters"":[""A"",""C"",""E"",""H"",""I"",""L"",""N"",""O"",""P"",""R"",""S"",""T"",""U""]},{""position"":4,""characters"":[""B"",""C"",""D"",""E"",""F"",""G"",""H"",""L"",""M"",""N"",""P"",""R"",""S"",""T"",""W"",""Y""]},{""position"":5,""characters"":[""A"",""D"",""O"",""S""]},{""position"":6,""characters"":[""I""]}]","true","false","A_TRUE_GAP","0","0","0","0","0","0","[]","[]","","false","false"
"13","ar_to_en","1","7","8","2","across","5","????I","[{""position"":0,""characters"":[""A"",""F"",""M"",""N"",""R""]},{""position"":1,""characters"":[""A"",""B"",""C"",""D"",""E"",""F"",""G"",""H"",""I"",""L"",""M"",""N"",""O"",""R"",""S"",""T"",""W"",""X""]},{""position"":2,""characters"":[""A"",""B"",""C"",""D"",""E"",""F"",""G"",""H"",""I"",""J"",""K"",""L"",""M"",""N"",""O"",""P"",""R"",""S"",""T"",""U"",""Y""]},{""position"":3,""characters"":[""A"",""B"",""C"",""D"",""E"",""F"",""G"",""H"",""I"",""L"",""M"",""N"",""O"",""R"",""S"",""T"",""U"",""W"",""X"",""Y""]},{""position"":4,""characters"":[""I""]}]","true","false","A_TRUE_GAP","0","0","0","0","0","0","[]","[]","","false","false"
"13","ar_to_en","1","8","0","2","down","13","??????????C??","[{""position"":0,""characters"":[""A"",""C"",""D"",""E"",""G"",""I"",""L"",""M"",""N"",""O"",""P"",""R"",""S"",""T"",""U"",""Y""]},{""position"":1,""characters"":[""A"",""E"",""I"",""L"",""N"",""O"",""R"",""U"",""V""]},{""position"":2,""characters"":[""A"",""C"",""E"",""G"",""M"",""O"",""T""]},{""position"":3,""characters"":[""A"",""C"",""E"",""I"",""N"",""O"",""R"",""S"",""T"",""U""]},{""position"":4,""characters"":[""A"",""C"",""E"",""F"",""I"",""N"",""O"",""R"",""T"",""U""]},{""position"":5,""characters"":[""A"",""C"",""D"",""E"",""F"",""G"",""I"",""M"",""N"",""O"",""P"",""R"",""S"",""T"",""U""]},{""position"":6,""characters"":[""A"",""B"",""C"",""H"",""I"",""L"",""N"",""O"",""S"",""T"",""U""]},{""position"":7,""characters"":[""A"",""C"",""E"",""F"",""G"",""I"",""L"",""M"",""N"",""O"",""P"",""R"",""S"",""T"",""U""]},{""position"":8,""characters"":[""A"",""E"",""O"",""R"",""T"",""U""]},{""position"":9,""characters"":[""A"",""C"",""D"",""E"",""F"",""I"",""N"",""O"",""P"",""R"",""S"",""T"",""U""]},{""position"":10,""characters"":[""C""]},{""position"":11,""characters"":[""A"",""C"",""D"",""E"",""I"",""L"",""N"",""O"",""R"",""T"",""U""]},{""position"":12,""characters"":[""A"",""C"",""D"",""E"",""G"",""I"",""L"",""M"",""N"",""O"",""P"",""R"",""S"",""U""]}]","true","false","A_TRUE_GAP","0","0","0","0","0","0","[]","[]","","false","false"
"13","ar_to_en","1","8","1","0","across","9","??U???U??","[{""position"":0,""characters"":[""A"",""B"",""C"",""D"",""E"",""F"",""G"",""H"",""I"",""K"",""M"",""N"",""O"",""P"",""R"",""S"",""T"",""U"",""Y""]},{""position"":1,""characters"":[""A"",""C"",""D"",""E"",""G"",""H"",""I"",""L"",""M"",""N"",""O"",""P"",""R"",""S"",""T"",""V"",""W""]},{""position"":2,""characters"":[""U""]},{""position"":3,""characters"":[""A"",""C"",""D"",""E"",""F"",""G"",""H"",""I"",""K"",""L"",""M"",""N"",""O"",""P"",""R"",""S"",""T"",""U"",""V"",""W""]},{""position"":4,""characters"":[""A"",""C"",""D"",""E"",""G"",""I"",""K"",""L"",""M"",""N"",""O"",""P"",""R"",""S"",""T"",""U"",""V"",""Y""]},{""position"":5,""characters"":[""A"",""C"",""D"",""E"",""F"",""G"",""H"",""I"",""L"",""M"",""N"",""O"",""P"",""R"",""S"",""T"",""U"",""W""]},{""position"":6,""characters"":[""U""]},{""position"":7,""characters"":[""A"",""C"",""D"",""E"",""G"",""H"",""I"",""L"",""N"",""O"",""P"",""R"",""S"",""T"",""U"",""W""]},{""position"":8,""characters"":[""A"",""C"",""D"",""E"",""F"",""G"",""H"",""I"",""L"",""N"",""O"",""P"",""R"",""S"",""T"",""U"",""W"",""Y""]}]","true","false","A_TRUE_GAP","0","0","0","0","0","0","[]","[]","","false","false"
"13","ar_to_en","1","8","9","6","across","7","O???E??","[{""position"":0,""characters"":[""O""]},{""position"":1,""characters"":[""A"",""B"",""C"",""D"",""E"",""F"",""G"",""H"",""I"",""L"",""M"",""N"",""O"",""P"",""R"",""S"",""T"",""U"",""W"",""X""]},{""position"":2,""characters"":[""A"",""B"",""C"",""D"",""E"",""F"",""G"",""H"",""I"",""J"",""K"",""L"",""M"",""N"",""O"",""P"",""R"",""S"",""T"",""U"",""V"",""W"",""Y""]},{""position"":3,""characters"":[""A"",""B"",""C"",""D"",""E"",""F"",""G"",""H"",""I"",""J"",""K"",""L"",""M"",""N"",""O"",""P"",""R"",""S"",""T"",""U"",""V"",""W""]},{""position"":4,""characters"":[""E""]},{""position"":5,""characters"":[""A"",""C"",""D"",""E"",""F"",""G"",""H"",""I"",""L"",""M"",""N"",""O"",""P"",""R"",""S"",""T"",""U"",""V"",""W""]},{""position"":6,""characters"":[""A"",""B"",""C"",""D"",""E"",""F"",""G"",""H"",""I"",""K"",""M"",""N"",""O"",""P"",""R"",""S"",""T"",""Y""]}]","true","false","A_TRUE_GAP","0","0","0","0","0","0","[]","[]","","false","false"
"13","ar_to_en","1","8","0","2","down","13","??????????C??","[{""position"":0,""characters"":[""A"",""C"",""D"",""E"",""G"",""I"",""L"",""M"",""N"",""O"",""P"",""R"",""S"",""T"",""U"",""Y""]},{""position"":1,""characters"":[""A"",""E"",""I"",""N"",""O"",""R""]},{""position"":2,""characters"":[""E"",""N"",""T""]},{""position"":3,""characters"":[""C"",""E"",""I"",""N"",""O"",""R"",""S"",""T""]},{""position"":4,""characters"":[""A"",""C"",""E"",""F"",""I"",""N"",""O"",""R"",""T"",""U""]},{""position"":5,""characters"":[""A"",""C"",""D"",""E"",""F"",""G"",""I"",""M"",""N"",""O"",""P"",""R"",""S"",""T"",""U""]},{""position"":6,""characters"":[""A"",""B"",""C"",""H"",""I"",""L"",""N"",""O"",""S"",""T"",""U""]},{""position"":7,""characters"":[""A"",""C"",""E"",""F"",""G"",""I"",""L"",""M"",""N"",""O"",""P"",""R"",""S"",""T"",""U""]},{""position"":8,""characters"":[""A"",""F"",""I"",""M"",""N"",""R"",""T"",""U""]},{""position"":9,""characters"":[""A"",""C"",""D"",""E"",""F"",""I"",""N"",""O"",""P"",""R"",""S"",""T"",""U""]},{""position"":10,""characters"":[""C""]},{""position"":11,""characters"":[""A"",""C"",""D"",""E"",""I"",""L"",""N"",""O"",""R"",""T"",""U""]},{""position"":12,""characters"":[""A"",""C"",""D"",""E"",""G"",""I"",""L"",""M"",""N"",""O"",""P"",""R"",""S"",""U""]}]","true","false","A_TRUE_GAP","0","0","0","0","0","0","[]","[]","","false","false"
"13","ar_to_en","1","8","0","2","down","13","?????????????","[{""position"":0,""characters"":[""A"",""C"",""D"",""E"",""G"",""I"",""L"",""M"",""N"",""O"",""P"",""R"",""S"",""T"",""U"",""Y""]},{""position"":1,""characters"":[""A"",""E"",""I"",""L"",""N"",""O"",""R"",""U""]},{""position"":2,""characters"":[""A"",""C"",""E"",""G"",""M"",""O"",""T""]},{""position"":3,""characters"":[""A"",""C"",""D"",""E"",""F"",""I"",""M"",""N"",""O"",""R"",""S"",""T"",""U""]},{""position"":4,""characters"":[""A"",""C"",""E"",""F"",""I"",""N"",""O"",""R"",""T"",""U""]},{""position"":5,""characters"":[""A"",""C"",""D"",""E"",""F"",""G"",""I"",""M"",""N"",""O"",""P"",""R"",""S"",""T"",""U""]},{""position"":6,""characters"":[""A"",""B"",""C"",""H"",""I"",""L"",""N"",""O"",""S"",""T"",""U""]},{""position"":7,""characters"":[""A"",""C"",""E"",""F"",""G"",""I"",""L"",""M"",""N"",""O"",""P"",""R"",""S"",""T"",""U""]},{""position"":8,""characters"":[""E"",""T""]},{""position"":9,""characters"":[""A"",""C"",""D"",""E"",""F"",""I"",""N"",""O"",""P"",""R"",""S"",""T"",""U""]},{""position"":10,""characters"":[""C"",""I"",""T""]},{""position"":11,""characters"":[""A"",""C"",""D"",""E"",""I"",""L"",""N"",""O"",""R"",""T"",""U""]},{""position"":12,""characters"":[""A"",""C"",""D"",""E"",""G"",""I"",""L"",""M"",""N"",""O"",""P"",""R"",""S"",""U""]}]","true","false","A_TRUE_GAP","0","0","0","0","0","0","[]","[]","","false","false"
"13","ar_to_en","1","8","1","0","across","9","??N???O??","[{""position"":0,""characters"":[""A"",""D"",""E"",""F"",""N"",""R"",""S"",""T""]},{""position"":1,""characters"":[""D"",""E"",""G"",""H"",""I"",""L"",""N"",""R""]},{""position"":2,""characters"":[""N""]},{""position"":3,""characters"":[""A"",""D"",""E"",""I"",""M"",""N"",""O"",""R"",""S"",""T"",""U""]},{""position"":4,""characters"":[""C"",""E"",""G"",""L"",""O"",""P"",""S"",""T"",""Y""]},{""position"":5,""characters"":[""C"",""F"",""H"",""N"",""P"",""T"",""W""]},{""position"":6,""characters"":[""O""]},{""position"":7,""characters"":[""N"",""P"",""R""]},{""position"":8,""characters"":[""E"",""P"",""T"",""Y""]}]","true","false","A_TRUE_GAP","0","0","0","0","0","0","[]","[]","","false","false"
"13","ar_to_en","1","8","1","0","across","9","??N???O??","[{""position"":0,""characters"":[""A"",""D"",""E"",""F"",""N"",""R"",""S"",""T""]},{""position"":1,""characters"":[""D"",""E"",""G"",""H"",""I"",""L"",""N"",""R""]},{""position"":2,""characters"":[""N""]},{""position"":3,""characters"":[""A"",""D"",""E"",""I"",""M"",""N"",""O"",""R"",""S"",""T"",""U""]},{""position"":4,""characters"":[""C"",""E"",""G"",""L"",""O"",""P"",""S"",""T"",""Y""]},{""position"":5,""characters"":[""F"",""I"",""N"",""P"",""T"",""U""]},{""position"":6,""characters"":[""O""]},{""position"":7,""characters"":[""H"",""N"",""P"",""R"",""U""]},{""position"":8,""characters"":[""E"",""K"",""P"",""Y""]}]","true","false","A_TRUE_GAP","0","0","0","0","0","0","[]","[]","","false","false"
"13","ar_to_en","1","8","3","0","across","7","??????T","[{""position"":0,""characters"":[""A"",""E"",""I"",""P"",""S"",""T"",""W"",""Y""]},{""position"":1,""characters"":[""A"",""D"",""E"",""I"",""N"",""O"",""R"",""S"",""U""]},{""position"":2,""characters"":[""D"",""I"",""M"",""R"",""S"",""T""]},{""position"":3,""characters"":[""A"",""C"",""D"",""G"",""H"",""I"",""K"",""M"",""N"",""P"",""R"",""S"",""T""]},{""position"":4,""characters"":[""E"",""L"",""S"",""W""]},{""position"":5,""characters"":[""A"",""E"",""I""]},{""position"":6,""characters"":[""T""]}]","true","false","A_TRUE_GAP","0","0","0","0","0","0","[]","[]","","false","false"
"13","ar_to_en","1","8","0","10","down","13","??????????I??","[{""position"":0,""characters"":[""A"",""C"",""D"",""E"",""G"",""I"",""L"",""M"",""N"",""O"",""P"",""R"",""S"",""U""]},{""position"":1,""characters"":[""A"",""C"",""D"",""E"",""I"",""L"",""N"",""O"",""R"",""T"",""U""]},{""position"":2,""characters"":[""C"",""I"",""T""]},{""position"":3,""characters"":[""A"",""C"",""D"",""E"",""F"",""I"",""N"",""O"",""P"",""R"",""S"",""T"",""U""]},{""position"":4,""characters"":[""A"",""E"",""F"",""M"",""N"",""O"",""T"",""U""]},{""position"":5,""characters"":[""A"",""C"",""E"",""F"",""G"",""I"",""L"",""M"",""N"",""O"",""P"",""R"",""S"",""T""]},{""position"":6,""characters"":[""A"",""C"",""H"",""I"",""L"",""N"",""O"",""S"",""T"",""U""]},{""position"":7,""characters"":[""A"",""C"",""D"",""E"",""F"",""G"",""I"",""M"",""N"",""O"",""P"",""R"",""S"",""T""]},{""position"":8,""characters"":[""A"",""C"",""E"",""F"",""I"",""N"",""O"",""R"",""T"",""U""]},{""position"":9,""characters"":[""A"",""E"",""I"",""N"",""O"",""U""]},{""position"":10,""characters"":[""I""]},{""position"":11,""characters"":[""A"",""E"",""I"",""L"",""N"",""O"",""R"",""U""]},{""position"":12,""characters"":[""A"",""C"",""D"",""E"",""G"",""I"",""L"",""M"",""N"",""O"",""P"",""R"",""S"",""T"",""U"",""Y""]}]","true","false","A_TRUE_GAP","0","0","0","0","0","0","[]","[]","","false","false"
"13","ar_to_en","1","8","0","2","down","13","??I??????????","[{""position"":0,""characters"":[""A"",""C"",""D"",""E"",""G"",""I"",""L"",""M"",""N"",""O"",""P"",""R"",""S"",""T"",""U"",""Y""]},{""position"":1,""characters"":[""A"",""E"",""I"",""L"",""N"",""O"",""R"",""U""]},{""position"":2,""characters"":[""I""]},{""position"":3,""characters"":[""A"",""E"",""I"",""N"",""O"",""U""]},{""position"":4,""characters"":[""A"",""C"",""E"",""F"",""I"",""N"",""O"",""R"",""T"",""U""]},{""position"":5,""characters"":[""A"",""C"",""D"",""E"",""F"",""G"",""I"",""M"",""N"",""O"",""P"",""R"",""S"",""T""]},{""position"":6,""characters"":[""A"",""C"",""H"",""I"",""L"",""N"",""O"",""S"",""T"",""U""]},{""position"":7,""characters"":[""A"",""C"",""E"",""F"",""G"",""I"",""L"",""M"",""N"",""O"",""P"",""R"",""S"",""T""]},{""position"":8,""characters"":[""A"",""E"",""F"",""M"",""N"",""O"",""T"",""U""]},{""position"":9,""characters"":[""A"",""C"",""D"",""E"",""F"",""I"",""N"",""O"",""P"",""R"",""S"",""T"",""U""]},{""position"":10,""characters"":[""C"",""I"",""T""]},{""position"":11,""characters"":[""A"",""C"",""D"",""E"",""I"",""L"",""N"",""O"",""R"",""T"",""U""]},{""position"":12,""characters"":[""A"",""C"",""D"",""E"",""G"",""I"",""L"",""M"",""N"",""O"",""P"",""R"",""S"",""U""]}]","true","false","A_TRUE_GAP","0","0","0","0","0","0","[]","[]","","false","false"
"13","ar_to_en","1","8","0","4","down","4","????","[{""position"":0,""characters"":[""A"",""B"",""C"",""D"",""E"",""F"",""G"",""H"",""I"",""J"",""K"",""L"",""M"",""N"",""O"",""P"",""R"",""S"",""T"",""U"",""W"",""Y""]},{""position"":1,""characters"":[""E"",""S"",""Y""]},{""position"":2,""characters"":[""F"",""M"",""T"",""U""]},{""position"":3,""characters"":[""D"",""G"",""K""]}]","true","false","A_TRUE_GAP","0","0","0","0","0","0","[]","[]","","false","false"
"13","ar_to_en","1","8","3","0","across","7","??T???I","[{""position"":0,""characters"":[""A"",""B"",""C"",""D"",""E"",""F"",""G"",""H"",""I"",""K"",""M"",""N"",""O"",""P"",""R"",""S"",""T"",""Y""]},{""position"":1,""characters"":[""A"",""C"",""D"",""E"",""F"",""G"",""H"",""I"",""L"",""M"",""N"",""O"",""P"",""R"",""S"",""T"",""U"",""V"",""W""]},{""position"":2,""characters"":[""T""]},{""position"":3,""characters"":[""A"",""B"",""C"",""D"",""E"",""F"",""G"",""H"",""I"",""J"",""K"",""L"",""M"",""N"",""O"",""P"",""R"",""S"",""T"",""U"",""V"",""W""]},{""position"":4,""characters"":[""A"",""B"",""C"",""D"",""E"",""F"",""G"",""H"",""I"",""J"",""K"",""L"",""M"",""N"",""O"",""P"",""R"",""S"",""T"",""U"",""V"",""W"",""Y""]},{""position"":5,""characters"":[""A"",""B"",""C"",""D"",""E"",""F"",""G"",""H"",""I"",""L"",""M"",""N"",""O"",""P"",""R"",""S"",""T"",""U"",""W"",""X""]},{""position"":6,""characters"":[""I""]}]","true","false","A_TRUE_GAP","0","0","0","0","0","0","[]","[]","","false","false"
"13","ar_to_en","1","8","3","0","across","7","??????I","[{""position"":0,""characters"":[""A"",""D"",""E"",""I"",""K"",""N"",""O"",""T""]},{""position"":1,""characters"":[""A"",""C"",""D"",""H"",""I"",""L"",""M"",""N"",""O"",""P"",""R"",""S"",""T"",""U"",""V"",""W""]},{""position"":2,""characters"":[""D"",""S"",""T""]},{""position"":3,""characters"":[""A"",""C"",""E"",""H"",""I"",""L"",""N"",""O"",""P"",""R"",""S"",""T"",""U""]},{""position"":4,""characters"":[""B"",""C"",""D"",""E"",""F"",""G"",""H"",""L"",""M"",""N"",""P"",""R"",""S"",""T"",""W"",""Y""]},{""position"":5,""characters"":[""A"",""D"",""O"",""S""]},{""position"":6,""characters"":[""I""]}]","true","false","A_TRUE_GAP","0","0","0","0","0","0","[]","[]","","false","false"
"13","ar_to_en","1","8","8","2","across","5","????I","[{""position"":0,""characters"":[""A"",""F"",""M"",""N"",""R""]},{""position"":1,""characters"":[""A"",""B"",""C"",""D"",""E"",""F"",""G"",""H"",""I"",""L"",""M"",""N"",""O"",""R"",""S"",""T"",""W"",""X""]},{""position"":2,""characters"":[""A"",""B"",""C"",""D"",""E"",""F"",""G"",""H"",""I"",""J"",""K"",""L"",""M"",""N"",""O"",""P"",""R"",""S"",""T"",""U"",""Y""]},{""position"":3,""characters"":[""A"",""B"",""C"",""D"",""E"",""F"",""G"",""H"",""I"",""L"",""M"",""N"",""O"",""R"",""S"",""T"",""U"",""W"",""X"",""Y""]},{""position"":4,""characters"":[""I""]}]","true","false","A_TRUE_GAP","0","0","0","0","0","0","[]","[]","","false","false"
"13","ar_to_en","1","9","0","2","down","13","??????????C??","[{""position"":0,""characters"":[""A"",""C"",""D"",""E"",""G"",""I"",""L"",""M"",""N"",""O"",""P"",""R"",""S"",""T"",""U"",""Y""]},{""position"":1,""characters"":[""A"",""E"",""I"",""L"",""N"",""O"",""R"",""U"",""V""]},{""position"":2,""characters"":[""A"",""C"",""E"",""G"",""M"",""O"",""T""]},{""position"":3,""characters"":[""A"",""C"",""E"",""I"",""N"",""O"",""R"",""S"",""T"",""U""]},{""position"":4,""characters"":[""A"",""C"",""E"",""F"",""I"",""N"",""O"",""R"",""T"",""U""]},{""position"":5,""characters"":[""A"",""C"",""D"",""E"",""F"",""G"",""I"",""M"",""N"",""O"",""P"",""R"",""S"",""T"",""U""]},{""position"":6,""characters"":[""A"",""B"",""C"",""H"",""I"",""L"",""N"",""O"",""S"",""T"",""U""]},{""position"":7,""characters"":[""A"",""C"",""E"",""F"",""G"",""I"",""L"",""M"",""N"",""O"",""P"",""R"",""S"",""T"",""U""]},{""position"":8,""characters"":[""A"",""E"",""O"",""R"",""T"",""U""]},{""position"":9,""characters"":[""A"",""C"",""D"",""E"",""F"",""I"",""N"",""O"",""P"",""R"",""S"",""T"",""U""]},{""position"":10,""characters"":[""C""]},{""position"":11,""characters"":[""A"",""C"",""D"",""E"",""I"",""L"",""N"",""O"",""R"",""T"",""U""]},{""position"":12,""characters"":[""A"",""C"",""D"",""E"",""G"",""I"",""L"",""M"",""N"",""O"",""P"",""R"",""S"",""U""]}]","true","false","A_TRUE_GAP","0","0","0","0","0","0","[]","[]","","false","false"
"13","ar_to_en","1","9","1","0","across","9","??U???U??","[{""position"":0,""characters"":[""A"",""B"",""C"",""D"",""E"",""F"",""G"",""H"",""I"",""K"",""M"",""N"",""O"",""P"",""R"",""S"",""T"",""U"",""Y""]},{""position"":1,""characters"":[""A"",""C"",""D"",""E"",""G"",""H"",""I"",""L"",""M"",""N"",""O"",""P"",""R"",""S"",""T"",""V"",""W""]},{""position"":2,""characters"":[""U""]},{""position"":3,""characters"":[""A"",""C"",""D"",""E"",""F"",""G"",""H"",""I"",""K"",""L"",""M"",""N"",""O"",""P"",""R"",""S"",""T"",""U"",""V"",""W""]},{""position"":4,""characters"":[""A"",""C"",""D"",""E"",""G"",""I"",""K"",""L"",""M"",""N"",""O"",""P"",""R"",""S"",""T"",""U"",""V"",""Y""]},{""position"":5,""characters"":[""A"",""C"",""D"",""E"",""F"",""G"",""H"",""I"",""L"",""M"",""N"",""O"",""P"",""R"",""S"",""T"",""U"",""W""]},{""position"":6,""characters"":[""U""]},{""position"":7,""characters"":[""A"",""C"",""D"",""E"",""G"",""H"",""I"",""L"",""N"",""O"",""P"",""R"",""S"",""T"",""U"",""W""]},{""position"":8,""characters"":[""A"",""C"",""D"",""E"",""F"",""G"",""H"",""I"",""L"",""N"",""O"",""P"",""R"",""S"",""T"",""U"",""W"",""Y""]}]","true","false","A_TRUE_GAP","0","0","0","0","0","0","[]","[]","","false","false"
"13","ar_to_en","1","9","9","6","across","7","O???E??","[{""position"":0,""characters"":[""O""]},{""position"":1,""characters"":[""A"",""B"",""C"",""D"",""E"",""F"",""G"",""H"",""I"",""L"",""M"",""N"",""O"",""P"",""R"",""S"",""T"",""U"",""W"",""X""]},{""position"":2,""characters"":[""A"",""B"",""C"",""D"",""E"",""F"",""G"",""H"",""I"",""J"",""K"",""L"",""M"",""N"",""O"",""P"",""R"",""S"",""T"",""U"",""V"",""W"",""Y""]},{""position"":3,""characters"":[""A"",""B"",""C"",""D"",""E"",""F"",""G"",""H"",""I"",""J"",""K"",""L"",""M"",""N"",""O"",""P"",""R"",""S"",""T"",""U"",""V"",""W""]},{""position"":4,""characters"":[""E""]},{""position"":5,""characters"":[""A"",""C"",""D"",""E"",""F"",""G"",""H"",""I"",""L"",""M"",""N"",""O"",""P"",""R"",""S"",""T"",""U"",""V"",""W""]},{""position"":6,""characters"":[""A"",""B"",""C"",""D"",""E"",""F"",""G"",""H"",""I"",""K"",""M"",""N"",""O"",""P"",""R"",""S"",""T"",""Y""]}]","true","false","A_TRUE_GAP","0","0","0","0","0","0","[]","[]","","false","false"
"13","ar_to_en","1","9","0","2","down","13","??????????C??","[{""position"":0,""characters"":[""A"",""C"",""D"",""E"",""G"",""I"",""L"",""M"",""N"",""O"",""P"",""R"",""S"",""T"",""U"",""Y""]},{""position"":1,""characters"":[""A"",""E"",""I"",""N"",""O"",""R""]},{""position"":2,""characters"":[""E"",""N"",""T""]},{""position"":3,""characters"":[""C"",""E"",""I"",""N"",""O"",""R"",""S"",""T""]},{""position"":4,""characters"":[""A"",""C"",""E"",""F"",""I"",""N"",""O"",""R"",""T"",""U""]},{""position"":5,""characters"":[""A"",""C"",""D"",""E"",""F"",""G"",""I"",""M"",""N"",""O"",""P"",""R"",""S"",""T"",""U""]},{""position"":6,""characters"":[""A"",""B"",""C"",""H"",""I"",""L"",""N"",""O"",""S"",""T"",""U""]},{""position"":7,""characters"":[""A"",""C"",""E"",""F"",""G"",""I"",""L"",""M"",""N"",""O"",""P"",""R"",""S"",""T"",""U""]},{""position"":8,""characters"":[""A"",""F"",""I"",""M"",""N"",""R"",""T"",""U""]},{""position"":9,""characters"":[""A"",""C"",""D"",""E"",""F"",""I"",""N"",""O"",""P"",""R"",""S"",""T"",""U""]},{""position"":10,""characters"":[""C""]},{""position"":11,""characters"":[""A"",""C"",""D"",""E"",""I"",""L"",""N"",""O"",""R"",""T"",""U""]},{""position"":12,""characters"":[""A"",""C"",""D"",""E"",""G"",""I"",""L"",""M"",""N"",""O"",""P"",""R"",""S"",""U""]}]","true","false","A_TRUE_GAP","0","0","0","0","0","0","[]","[]","","false","false"
"13","ar_to_en","1","9","0","2","down","13","?????????????","[{""position"":0,""characters"":[""A"",""C"",""D"",""E"",""G"",""I"",""L"",""M"",""N"",""O"",""P"",""R"",""S"",""T"",""U"",""Y""]},{""position"":1,""characters"":[""A"",""E"",""I"",""L"",""N"",""O"",""R"",""U""]},{""position"":2,""characters"":[""A"",""C"",""E"",""G"",""M"",""O"",""T""]},{""position"":3,""characters"":[""A"",""C"",""D"",""E"",""F"",""I"",""M"",""N"",""O"",""R"",""S"",""T"",""U""]},{""position"":4,""characters"":[""A"",""C"",""E"",""F"",""I"",""N"",""O"",""R"",""T"",""U""]},{""position"":5,""characters"":[""A"",""C"",""D"",""E"",""F"",""G"",""I"",""M"",""N"",""O"",""P"",""R"",""S"",""T"",""U""]},{""position"":6,""characters"":[""A"",""B"",""C"",""H"",""I"",""L"",""N"",""O"",""S"",""T"",""U""]},{""position"":7,""characters"":[""A"",""C"",""E"",""F"",""G"",""I"",""L"",""M"",""N"",""O"",""P"",""R"",""S"",""T"",""U""]},{""position"":8,""characters"":[""E"",""T""]},{""position"":9,""characters"":[""A"",""C"",""D"",""E"",""F"",""I"",""N"",""O"",""P"",""R"",""S"",""T"",""U""]},{""position"":10,""characters"":[""C"",""I"",""T""]},{""position"":11,""characters"":[""A"",""C"",""D"",""E"",""I"",""L"",""N"",""O"",""R"",""T"",""U""]},{""position"":12,""characters"":[""A"",""C"",""D"",""E"",""G"",""I"",""L"",""M"",""N"",""O"",""P"",""R"",""S"",""U""]}]","true","false","A_TRUE_GAP","0","0","0","0","0","0","[]","[]","","false","false"
"13","ar_to_en","1","9","1","0","across","9","??N???O??","[{""position"":0,""characters"":[""A"",""D"",""E"",""F"",""N"",""R"",""S"",""T""]},{""position"":1,""characters"":[""D"",""E"",""G"",""H"",""I"",""L"",""N"",""R""]},{""position"":2,""characters"":[""N""]},{""position"":3,""characters"":[""A"",""D"",""E"",""I"",""M"",""N"",""O"",""R"",""S"",""T"",""U""]},{""position"":4,""characters"":[""C"",""E"",""G"",""L"",""O"",""P"",""S"",""T"",""Y""]},{""position"":5,""characters"":[""C"",""F"",""H"",""N"",""P"",""T"",""W""]},{""position"":6,""characters"":[""O""]},{""position"":7,""characters"":[""N"",""P"",""R""]},{""position"":8,""characters"":[""E"",""P"",""T"",""Y""]}]","true","false","A_TRUE_GAP","0","0","0","0","0","0","[]","[]","","false","false"
"13","ar_to_en","1","9","1","0","across","9","??N???O??","[{""position"":0,""characters"":[""A"",""D"",""E"",""F"",""N"",""R"",""S"",""T""]},{""position"":1,""characters"":[""D"",""E"",""G"",""H"",""I"",""L"",""N"",""R""]},{""position"":2,""characters"":[""N""]},{""position"":3,""characters"":[""A"",""D"",""E"",""I"",""M"",""N"",""O"",""R"",""S"",""T"",""U""]},{""position"":4,""characters"":[""C"",""E"",""G"",""L"",""O"",""P"",""S"",""T"",""Y""]},{""position"":5,""characters"":[""F"",""I"",""N"",""P"",""T"",""U""]},{""position"":6,""characters"":[""O""]},{""position"":7,""characters"":[""H"",""N"",""P"",""R"",""U""]},{""position"":8,""characters"":[""E"",""K"",""P"",""Y""]}]","true","false","A_TRUE_GAP","0","0","0","0","0","0","[]","[]","","false","false"
"13","ar_to_en","1","9","3","0","across","7","??????T","[{""position"":0,""characters"":[""A"",""E"",""I"",""P"",""S"",""T"",""W"",""Y""]},{""position"":1,""characters"":[""A"",""D"",""E"",""I"",""N"",""O"",""R"",""S"",""U""]},{""position"":2,""characters"":[""D"",""I"",""M"",""R"",""S"",""T""]},{""position"":3,""characters"":[""A"",""C"",""D"",""G"",""H"",""I"",""K"",""M"",""N"",""P"",""R"",""S"",""T""]},{""position"":4,""characters"":[""E"",""L"",""S"",""W""]},{""position"":5,""characters"":[""A"",""E"",""I""]},{""position"":6,""characters"":[""T""]}]","true","false","A_TRUE_GAP","0","0","0","0","0","0","[]","[]","","false","false"
"13","ar_to_en","1","9","0","10","down","13","??????????I??","[{""position"":0,""characters"":[""A"",""C"",""D"",""E"",""G"",""I"",""L"",""M"",""N"",""O"",""P"",""R"",""S"",""U""]},{""position"":1,""characters"":[""A"",""C"",""D"",""E"",""I"",""L"",""N"",""O"",""R"",""T"",""U""]},{""position"":2,""characters"":[""C"",""I"",""T""]},{""position"":3,""characters"":[""A"",""C"",""D"",""E"",""F"",""I"",""N"",""O"",""P"",""R"",""S"",""T"",""U""]},{""position"":4,""characters"":[""A"",""E"",""F"",""M"",""N"",""O"",""T"",""U""]},{""position"":5,""characters"":[""A"",""C"",""E"",""F"",""G"",""I"",""L"",""M"",""N"",""O"",""P"",""R"",""S"",""T""]},{""position"":6,""characters"":[""A"",""C"",""H"",""I"",""L"",""N"",""O"",""S"",""T"",""U""]},{""position"":7,""characters"":[""A"",""C"",""D"",""E"",""F"",""G"",""I"",""M"",""N"",""O"",""P"",""R"",""S"",""T""]},{""position"":8,""characters"":[""A"",""C"",""E"",""F"",""I"",""N"",""O"",""R"",""T"",""U""]},{""position"":9,""characters"":[""A"",""E"",""I"",""N"",""O"",""U""]},{""position"":10,""characters"":[""I""]},{""position"":11,""characters"":[""A"",""E"",""I"",""L"",""N"",""O"",""R"",""U""]},{""position"":12,""characters"":[""A"",""C"",""D"",""E"",""G"",""I"",""L"",""M"",""N"",""O"",""P"",""R"",""S"",""T"",""U"",""Y""]}]","true","false","A_TRUE_GAP","0","0","0","0","0","0","[]","[]","","false","false"
"13","ar_to_en","1","9","0","2","down","13","??I??????????","[{""position"":0,""characters"":[""A"",""C"",""D"",""E"",""G"",""I"",""L"",""M"",""N"",""O"",""P"",""R"",""S"",""T"",""U"",""Y""]},{""position"":1,""characters"":[""A"",""E"",""I"",""L"",""N"",""O"",""R"",""U""]},{""position"":2,""characters"":[""I""]},{""position"":3,""characters"":[""A"",""E"",""I"",""N"",""O"",""U""]},{""position"":4,""characters"":[""A"",""C"",""E"",""F"",""I"",""N"",""O"",""R"",""T"",""U""]},{""position"":5,""characters"":[""A"",""C"",""D"",""E"",""F"",""G"",""I"",""M"",""N"",""O"",""P"",""R"",""S"",""T""]},{""position"":6,""characters"":[""A"",""C"",""H"",""I"",""L"",""N"",""O"",""S"",""T"",""U""]},{""position"":7,""characters"":[""A"",""C"",""E"",""F"",""G"",""I"",""L"",""M"",""N"",""O"",""P"",""R"",""S"",""T""]},{""position"":8,""characters"":[""A"",""E"",""F"",""M"",""N"",""O"",""T"",""U""]},{""position"":9,""characters"":[""A"",""C"",""D"",""E"",""F"",""I"",""N"",""O"",""P"",""R"",""S"",""T"",""U""]},{""position"":10,""characters"":[""C"",""I"",""T""]},{""position"":11,""characters"":[""A"",""C"",""D"",""E"",""I"",""L"",""N"",""O"",""R"",""T"",""U""]},{""position"":12,""characters"":[""A"",""C"",""D"",""E"",""G"",""I"",""L"",""M"",""N"",""O"",""P"",""R"",""S"",""U""]}]","true","false","A_TRUE_GAP","0","0","0","0","0","0","[]","[]","","false","false"
"13","ar_to_en","1","9","0","4","down","4","????","[{""position"":0,""characters"":[""A"",""B"",""C"",""D"",""E"",""F"",""G"",""H"",""I"",""J"",""K"",""L"",""M"",""N"",""O"",""P"",""R"",""S"",""T"",""U"",""W"",""Y""]},{""position"":1,""characters"":[""E"",""S"",""Y""]},{""position"":2,""characters"":[""F"",""M"",""T"",""U""]},{""position"":3,""characters"":[""D"",""G"",""K""]}]","true","false","A_TRUE_GAP","0","0","0","0","0","0","[]","[]","","false","false"
"13","ar_to_en","1","9","3","0","across","7","??T???I","[{""position"":0,""characters"":[""A"",""B"",""C"",""D"",""E"",""F"",""G"",""H"",""I"",""K"",""M"",""N"",""O"",""P"",""R"",""S"",""T"",""Y""]},{""position"":1,""characters"":[""A"",""C"",""D"",""E"",""F"",""G"",""H"",""I"",""L"",""M"",""N"",""O"",""P"",""R"",""S"",""T"",""U"",""V"",""W""]},{""position"":2,""characters"":[""T""]},{""position"":3,""characters"":[""A"",""B"",""C"",""D"",""E"",""F"",""G"",""H"",""I"",""J"",""K"",""L"",""M"",""N"",""O"",""P"",""R"",""S"",""T"",""U"",""V"",""W""]},{""position"":4,""characters"":[""A"",""B"",""C"",""D"",""E"",""F"",""G"",""H"",""I"",""J"",""K"",""L"",""M"",""N"",""O"",""P"",""R"",""S"",""T"",""U"",""V"",""W"",""Y""]},{""position"":5,""characters"":[""A"",""B"",""C"",""D"",""E"",""F"",""G"",""H"",""I"",""L"",""M"",""N"",""O"",""P"",""R"",""S"",""T"",""U"",""W"",""X""]},{""position"":6,""characters"":[""I""]}]","true","false","A_TRUE_GAP","0","0","0","0","0","0","[]","[]","","false","false"
"13","ar_to_en","1","9","3","0","across","7","??????I","[{""position"":0,""characters"":[""A"",""D"",""E"",""I"",""K"",""N"",""O"",""T""]},{""position"":1,""characters"":[""A"",""C"",""D"",""H"",""I"",""L"",""M"",""N"",""O"",""P"",""R"",""S"",""T"",""U"",""V"",""W""]},{""position"":2,""characters"":[""D"",""S"",""T""]},{""position"":3,""characters"":[""A"",""C"",""E"",""H"",""I"",""L"",""N"",""O"",""P"",""R"",""S"",""T"",""U""]},{""position"":4,""characters"":[""B"",""C"",""D"",""E"",""F"",""G"",""H"",""L"",""M"",""N"",""P"",""R"",""S"",""T"",""W"",""Y""]},{""position"":5,""characters"":[""A"",""D"",""O"",""S""]},{""position"":6,""characters"":[""I""]}]","true","false","A_TRUE_GAP","0","0","0","0","0","0","[]","[]","","false","false"
"13","ar_to_en","1","9","8","2","across","5","????I","[{""position"":0,""characters"":[""A"",""F"",""M"",""N"",""R""]},{""position"":1,""characters"":[""A"",""B"",""C"",""D"",""E"",""F"",""G"",""H"",""I"",""L"",""M"",""N"",""O"",""R"",""S"",""T"",""W"",""X""]},{""position"":2,""characters"":[""A"",""B"",""C"",""D"",""E"",""F"",""G"",""H"",""I"",""J"",""K"",""L"",""M"",""N"",""O"",""P"",""R"",""S"",""T"",""U"",""Y""]},{""position"":3,""characters"":[""A"",""B"",""C"",""D"",""E"",""F"",""G"",""H"",""I"",""L"",""M"",""N"",""O"",""R"",""S"",""T"",""U"",""W"",""X"",""Y""]},{""position"":4,""characters"":[""I""]}]","true","false","A_TRUE_GAP","0","0","0","0","0","0","[]","[]","","false","false"
"13","ar_to_en","1","10","0","2","down","13","??????????C??","[{""position"":0,""characters"":[""A"",""C"",""D"",""E"",""G"",""I"",""L"",""M"",""N"",""O"",""P"",""R"",""S"",""T"",""U"",""Y""]},{""position"":1,""characters"":[""A"",""E"",""I"",""L"",""N"",""O"",""R"",""U"",""V""]},{""position"":2,""characters"":[""A"",""C"",""E"",""G"",""M"",""O"",""T""]},{""position"":3,""characters"":[""A"",""C"",""E"",""I"",""N"",""O"",""R"",""S"",""T"",""U""]},{""position"":4,""characters"":[""A"",""C"",""E"",""F"",""I"",""N"",""O"",""R"",""T"",""U""]},{""position"":5,""characters"":[""A"",""C"",""D"",""E"",""F"",""G"",""I"",""M"",""N"",""O"",""P"",""R"",""S"",""T"",""U""]},{""position"":6,""characters"":[""A"",""B"",""C"",""H"",""I"",""L"",""N"",""O"",""S"",""T"",""U""]},{""position"":7,""characters"":[""A"",""C"",""E"",""F"",""G"",""I"",""L"",""M"",""N"",""O"",""P"",""R"",""S"",""T"",""U""]},{""position"":8,""characters"":[""A"",""E"",""O"",""R"",""T"",""U""]},{""position"":9,""characters"":[""A"",""C"",""D"",""E"",""F"",""I"",""N"",""O"",""P"",""R"",""S"",""T"",""U""]},{""position"":10,""characters"":[""C""]},{""position"":11,""characters"":[""A"",""C"",""D"",""E"",""I"",""L"",""N"",""O"",""R"",""T"",""U""]},{""position"":12,""characters"":[""A"",""C"",""D"",""E"",""G"",""I"",""L"",""M"",""N"",""O"",""P"",""R"",""S"",""U""]}]","true","false","A_TRUE_GAP","0","0","0","0","0","0","[]","[]","","false","false"
"13","ar_to_en","1","10","1","0","across","9","??U???U??","[{""position"":0,""characters"":[""A"",""B"",""C"",""D"",""E"",""F"",""G"",""H"",""I"",""K"",""M"",""N"",""O"",""P"",""R"",""S"",""T"",""U"",""Y""]},{""position"":1,""characters"":[""A"",""C"",""D"",""E"",""G"",""H"",""I"",""L"",""M"",""N"",""O"",""P"",""R"",""S"",""T"",""V"",""W""]},{""position"":2,""characters"":[""U""]},{""position"":3,""characters"":[""A"",""C"",""D"",""E"",""F"",""G"",""H"",""I"",""K"",""L"",""M"",""N"",""O"",""P"",""R"",""S"",""T"",""U"",""V"",""W""]},{""position"":4,""characters"":[""A"",""C"",""D"",""E"",""G"",""I"",""K"",""L"",""M"",""N"",""O"",""P"",""R"",""S"",""T"",""U"",""V"",""Y""]},{""position"":5,""characters"":[""A"",""C"",""D"",""E"",""F"",""G"",""H"",""I"",""L"",""M"",""N"",""O"",""P"",""R"",""S"",""T"",""U"",""W""]},{""position"":6,""characters"":[""U""]},{""position"":7,""characters"":[""A"",""C"",""D"",""E"",""G"",""H"",""I"",""L"",""N"",""O"",""P"",""R"",""S"",""T"",""U"",""W""]},{""position"":8,""characters"":[""A"",""C"",""D"",""E"",""F"",""G"",""H"",""I"",""L"",""N"",""O"",""P"",""R"",""S"",""T"",""U"",""W"",""Y""]}]","true","false","A_TRUE_GAP","0","0","0","0","0","0","[]","[]","","false","false"
"13","ar_to_en","1","10","9","6","across","7","O???E??","[{""position"":0,""characters"":[""O""]},{""position"":1,""characters"":[""A"",""B"",""C"",""D"",""E"",""F"",""G"",""H"",""I"",""L"",""M"",""N"",""O"",""P"",""R"",""S"",""T"",""U"",""W"",""X""]},{""position"":2,""characters"":[""A"",""B"",""C"",""D"",""E"",""F"",""G"",""H"",""I"",""J"",""K"",""L"",""M"",""N"",""O"",""P"",""R"",""S"",""T"",""U"",""V"",""W"",""Y""]},{""position"":3,""characters"":[""A"",""B"",""C"",""D"",""E"",""F"",""G"",""H"",""I"",""J"",""K"",""L"",""M"",""N"",""O"",""P"",""R"",""S"",""T"",""U"",""V"",""W""]},{""position"":4,""characters"":[""E""]},{""position"":5,""characters"":[""A"",""C"",""D"",""E"",""F"",""G"",""H"",""I"",""L"",""M"",""N"",""O"",""P"",""R"",""S"",""T"",""U"",""V"",""W""]},{""position"":6,""characters"":[""A"",""B"",""C"",""D"",""E"",""F"",""G"",""H"",""I"",""K"",""M"",""N"",""O"",""P"",""R"",""S"",""T"",""Y""]}]","true","false","A_TRUE_GAP","0","0","0","0","0","0","[]","[]","","false","false"
"13","ar_to_en","1","10","0","2","down","13","??????????C??","[{""position"":0,""characters"":[""A"",""C"",""D"",""E"",""G"",""I"",""L"",""M"",""N"",""O"",""P"",""R"",""S"",""T"",""U"",""Y""]},{""position"":1,""characters"":[""A"",""E"",""I"",""N"",""O"",""R""]},{""position"":2,""characters"":[""E"",""N"",""T""]},{""position"":3,""characters"":[""C"",""E"",""I"",""N"",""O"",""R"",""S"",""T""]},{""position"":4,""characters"":[""A"",""C"",""E"",""F"",""I"",""N"",""O"",""R"",""T"",""U""]},{""position"":5,""characters"":[""A"",""C"",""D"",""E"",""F"",""G"",""I"",""M"",""N"",""O"",""P"",""R"",""S"",""T"",""U""]},{""position"":6,""characters"":[""A"",""B"",""C"",""H"",""I"",""L"",""N"",""O"",""S"",""T"",""U""]},{""position"":7,""characters"":[""A"",""C"",""E"",""F"",""G"",""I"",""L"",""M"",""N"",""O"",""P"",""R"",""S"",""T"",""U""]},{""position"":8,""characters"":[""A"",""F"",""I"",""M"",""N"",""R"",""T"",""U""]},{""position"":9,""characters"":[""A"",""C"",""D"",""E"",""F"",""I"",""N"",""O"",""P"",""R"",""S"",""T"",""U""]},{""position"":10,""characters"":[""C""]},{""position"":11,""characters"":[""A"",""C"",""D"",""E"",""I"",""L"",""N"",""O"",""R"",""T"",""U""]},{""position"":12,""characters"":[""A"",""C"",""D"",""E"",""G"",""I"",""L"",""M"",""N"",""O"",""P"",""R"",""S"",""U""]}]","true","false","A_TRUE_GAP","0","0","0","0","0","0","[]","[]","","false","false"
"13","ar_to_en","1","10","0","2","down","13","?????????????","[{""position"":0,""characters"":[""A"",""C"",""D"",""E"",""G"",""I"",""L"",""M"",""N"",""O"",""P"",""R"",""S"",""T"",""U"",""Y""]},{""position"":1,""characters"":[""A"",""E"",""I"",""L"",""N"",""O"",""R"",""U""]},{""position"":2,""characters"":[""A"",""C"",""E"",""G"",""M"",""O"",""T""]},{""position"":3,""characters"":[""A"",""C"",""D"",""E"",""F"",""I"",""M"",""N"",""O"",""R"",""S"",""T"",""U""]},{""position"":4,""characters"":[""A"",""C"",""E"",""F"",""I"",""N"",""O"",""R"",""T"",""U""]},{""position"":5,""characters"":[""A"",""C"",""D"",""E"",""F"",""G"",""I"",""M"",""N"",""O"",""P"",""R"",""S"",""T"",""U""]},{""position"":6,""characters"":[""A"",""B"",""C"",""H"",""I"",""L"",""N"",""O"",""S"",""T"",""U""]},{""position"":7,""characters"":[""A"",""C"",""E"",""F"",""G"",""I"",""L"",""M"",""N"",""O"",""P"",""R"",""S"",""T"",""U""]},{""position"":8,""characters"":[""E"",""T""]},{""position"":9,""characters"":[""A"",""C"",""D"",""E"",""F"",""I"",""N"",""O"",""P"",""R"",""S"",""T"",""U""]},{""position"":10,""characters"":[""C"",""I"",""T""]},{""position"":11,""characters"":[""A"",""C"",""D"",""E"",""I"",""L"",""N"",""O"",""R"",""T"",""U""]},{""position"":12,""characters"":[""A"",""C"",""D"",""E"",""G"",""I"",""L"",""M"",""N"",""O"",""P"",""R"",""S"",""U""]}]","true","false","A_TRUE_GAP","0","0","0","0","0","0","[]","[]","","false","false"
"13","ar_to_en","1","10","1","0","across","9","??N???O??","[{""position"":0,""characters"":[""A"",""D"",""E"",""F"",""N"",""R"",""S"",""T""]},{""position"":1,""characters"":[""D"",""E"",""G"",""H"",""I"",""L"",""N"",""R""]},{""position"":2,""characters"":[""N""]},{""position"":3,""characters"":[""A"",""D"",""E"",""I"",""M"",""N"",""O"",""R"",""S"",""T"",""U""]},{""position"":4,""characters"":[""C"",""E"",""G"",""L"",""O"",""P"",""S"",""T"",""Y""]},{""position"":5,""characters"":[""C"",""F"",""H"",""N"",""P"",""T"",""W""]},{""position"":6,""characters"":[""O""]},{""position"":7,""characters"":[""N"",""P"",""R""]},{""position"":8,""characters"":[""E"",""P"",""T"",""Y""]}]","true","false","A_TRUE_GAP","0","0","0","0","0","0","[]","[]","","false","false"
"13","ar_to_en","1","10","1","0","across","9","??N???O??","[{""position"":0,""characters"":[""A"",""D"",""E"",""F"",""N"",""R"",""S"",""T""]},{""position"":1,""characters"":[""D"",""E"",""G"",""H"",""I"",""L"",""N"",""R""]},{""position"":2,""characters"":[""N""]},{""position"":3,""characters"":[""A"",""D"",""E"",""I"",""M"",""N"",""O"",""R"",""S"",""T"",""U""]},{""position"":4,""characters"":[""C"",""E"",""G"",""L"",""O"",""P"",""S"",""T"",""Y""]},{""position"":5,""characters"":[""F"",""I"",""N"",""P"",""T"",""U""]},{""position"":6,""characters"":[""O""]},{""position"":7,""characters"":[""H"",""N"",""P"",""R"",""U""]},{""position"":8,""characters"":[""E"",""K"",""P"",""Y""]}]","true","false","A_TRUE_GAP","0","0","0","0","0","0","[]","[]","","false","false"
"13","ar_to_en","1","10","3","0","across","7","??????T","[{""position"":0,""characters"":[""A"",""E"",""I"",""P"",""S"",""T"",""W"",""Y""]},{""position"":1,""characters"":[""A"",""D"",""E"",""I"",""N"",""O"",""R"",""S"",""U""]},{""position"":2,""characters"":[""D"",""I"",""M"",""R"",""S"",""T""]},{""position"":3,""characters"":[""A"",""C"",""D"",""G"",""H"",""I"",""K"",""M"",""N"",""P"",""R"",""S"",""T""]},{""position"":4,""characters"":[""E"",""L"",""S"",""W""]},{""position"":5,""characters"":[""A"",""E"",""I""]},{""position"":6,""characters"":[""T""]}]","true","false","A_TRUE_GAP","0","0","0","0","0","0","[]","[]","","false","false"
"13","ar_to_en","1","10","0","10","down","13","??????????I??","[{""position"":0,""characters"":[""A"",""C"",""D"",""E"",""G"",""I"",""L"",""M"",""N"",""O"",""P"",""R"",""S"",""U""]},{""position"":1,""characters"":[""A"",""C"",""D"",""E"",""I"",""L"",""N"",""O"",""R"",""T"",""U""]},{""position"":2,""characters"":[""C"",""I"",""T""]},{""position"":3,""characters"":[""A"",""C"",""D"",""E"",""F"",""I"",""N"",""O"",""P"",""R"",""S"",""T"",""U""]},{""position"":4,""characters"":[""A"",""E"",""F"",""M"",""N"",""O"",""T"",""U""]},{""position"":5,""characters"":[""A"",""C"",""E"",""F"",""G"",""I"",""L"",""M"",""N"",""O"",""P"",""R"",""S"",""T""]},{""position"":6,""characters"":[""A"",""C"",""H"",""I"",""L"",""N"",""O"",""S"",""T"",""U""]},{""position"":7,""characters"":[""A"",""C"",""D"",""E"",""F"",""G"",""I"",""M"",""N"",""O"",""P"",""R"",""S"",""T""]},{""position"":8,""characters"":[""A"",""C"",""E"",""F"",""I"",""N"",""O"",""R"",""T"",""U""]},{""position"":9,""characters"":[""A"",""E"",""I"",""N"",""O"",""U""]},{""position"":10,""characters"":[""I""]},{""position"":11,""characters"":[""A"",""E"",""I"",""L"",""N"",""O"",""R"",""U""]},{""position"":12,""characters"":[""A"",""C"",""D"",""E"",""G"",""I"",""L"",""M"",""N"",""O"",""P"",""R"",""S"",""T"",""U"",""Y""]}]","true","false","A_TRUE_GAP","0","0","0","0","0","0","[]","[]","","false","false"
"13","ar_to_en","1","10","0","2","down","13","??I??????????","[{""position"":0,""characters"":[""A"",""C"",""D"",""E"",""G"",""I"",""L"",""M"",""N"",""O"",""P"",""R"",""S"",""T"",""U"",""Y""]},{""position"":1,""characters"":[""A"",""E"",""I"",""L"",""N"",""O"",""R"",""U""]},{""position"":2,""characters"":[""I""]},{""position"":3,""characters"":[""A"",""E"",""I"",""N"",""O"",""U""]},{""position"":4,""characters"":[""A"",""C"",""E"",""F"",""I"",""N"",""O"",""R"",""T"",""U""]},{""position"":5,""characters"":[""A"",""C"",""D"",""E"",""F"",""G"",""I"",""M"",""N"",""O"",""P"",""R"",""S"",""T""]},{""position"":6,""characters"":[""A"",""C"",""H"",""I"",""L"",""N"",""O"",""S"",""T"",""U""]},{""position"":7,""characters"":[""A"",""C"",""E"",""F"",""G"",""I"",""L"",""M"",""N"",""O"",""P"",""R"",""S"",""T""]},{""position"":8,""characters"":[""A"",""E"",""F"",""M"",""N"",""O"",""T"",""U""]},{""position"":9,""characters"":[""A"",""C"",""D"",""E"",""F"",""I"",""N"",""O"",""P"",""R"",""S"",""T"",""U""]},{""position"":10,""characters"":[""C"",""I"",""T""]},{""position"":11,""characters"":[""A"",""C"",""D"",""E"",""I"",""L"",""N"",""O"",""R"",""T"",""U""]},{""position"":12,""characters"":[""A"",""C"",""D"",""E"",""G"",""I"",""L"",""M"",""N"",""O"",""P"",""R"",""S"",""U""]}]","true","false","A_TRUE_GAP","0","0","0","0","0","0","[]","[]","","false","false"
"13","ar_to_en","1","10","0","4","down","4","????","[{""position"":0,""characters"":[""A"",""B"",""C"",""D"",""E"",""F"",""G"",""H"",""I"",""J"",""K"",""L"",""M"",""N"",""O"",""P"",""R"",""S"",""T"",""U"",""W"",""Y""]},{""position"":1,""characters"":[""E"",""S"",""Y""]},{""position"":2,""characters"":[""F"",""M"",""T"",""U""]},{""position"":3,""characters"":[""D"",""G"",""K""]}]","true","false","A_TRUE_GAP","0","0","0","0","0","0","[]","[]","","false","false"
"13","ar_to_en","1","10","3","0","across","7","??T???I","[{""position"":0,""characters"":[""A"",""B"",""C"",""D"",""E"",""F"",""G"",""H"",""I"",""K"",""M"",""N"",""O"",""P"",""R"",""S"",""T"",""Y""]},{""position"":1,""characters"":[""A"",""C"",""D"",""E"",""F"",""G"",""H"",""I"",""L"",""M"",""N"",""O"",""P"",""R"",""S"",""T"",""U"",""V"",""W""]},{""position"":2,""characters"":[""T""]},{""position"":3,""characters"":[""A"",""B"",""C"",""D"",""E"",""F"",""G"",""H"",""I"",""J"",""K"",""L"",""M"",""N"",""O"",""P"",""R"",""S"",""T"",""U"",""V"",""W""]},{""position"":4,""characters"":[""A"",""B"",""C"",""D"",""E"",""F"",""G"",""H"",""I"",""J"",""K"",""L"",""M"",""N"",""O"",""P"",""R"",""S"",""T"",""U"",""V"",""W"",""Y""]},{""position"":5,""characters"":[""A"",""B"",""C"",""D"",""E"",""F"",""G"",""H"",""I"",""L"",""M"",""N"",""O"",""P"",""R"",""S"",""T"",""U"",""W"",""X""]},{""position"":6,""characters"":[""I""]}]","true","false","A_TRUE_GAP","0","0","0","0","0","0","[]","[]","","false","false"
"13","ar_to_en","1","10","3","0","across","7","??????I","[{""position"":0,""characters"":[""A"",""D"",""E"",""I"",""K"",""N"",""O"",""T""]},{""position"":1,""characters"":[""A"",""C"",""D"",""H"",""I"",""L"",""M"",""N"",""O"",""P"",""R"",""S"",""T"",""U"",""V"",""W""]},{""position"":2,""characters"":[""D"",""S"",""T""]},{""position"":3,""characters"":[""A"",""C"",""E"",""H"",""I"",""L"",""N"",""O"",""P"",""R"",""S"",""T"",""U""]},{""position"":4,""characters"":[""B"",""C"",""D"",""E"",""F"",""G"",""H"",""L"",""M"",""N"",""P"",""R"",""S"",""T"",""W"",""Y""]},{""position"":5,""characters"":[""A"",""D"",""O"",""S""]},{""position"":6,""characters"":[""I""]}]","true","false","A_TRUE_GAP","0","0","0","0","0","0","[]","[]","","false","false"
"13","ar_to_en","1","10","8","2","across","5","????I","[{""position"":0,""characters"":[""A"",""F"",""M"",""N"",""R""]},{""position"":1,""characters"":[""A"",""B"",""C"",""D"",""E"",""F"",""G"",""H"",""I"",""L"",""M"",""N"",""O"",""R"",""S"",""T"",""W"",""X""]},{""position"":2,""characters"":[""A"",""B"",""C"",""D"",""E"",""F"",""G"",""H"",""I"",""J"",""K"",""L"",""M"",""N"",""O"",""P"",""R"",""S"",""T"",""U"",""Y""]},{""position"":3,""characters"":[""A"",""B"",""C"",""D"",""E"",""F"",""G"",""H"",""I"",""L"",""M"",""N"",""O"",""R"",""S"",""T"",""U"",""W"",""X"",""Y""]},{""position"":4,""characters"":[""I""]}]","true","false","A_TRUE_GAP","0","0","0","0","0","0","[]","[]","","false","false"
"13","ar_to_en","1","11","0","2","down","13","??????????C??","[{""position"":0,""characters"":[""A"",""C"",""D"",""E"",""G"",""I"",""L"",""M"",""N"",""O"",""P"",""R"",""S"",""T"",""U"",""Y""]},{""position"":1,""characters"":[""A"",""E"",""I"",""L"",""N"",""O"",""R"",""U"",""V""]},{""position"":2,""characters"":[""A"",""C"",""E"",""G"",""M"",""O"",""T""]},{""position"":3,""characters"":[""A"",""C"",""E"",""I"",""N"",""O"",""R"",""S"",""T"",""U""]},{""position"":4,""characters"":[""A"",""C"",""E"",""F"",""I"",""N"",""O"",""R"",""T"",""U""]},{""position"":5,""characters"":[""A"",""C"",""D"",""E"",""F"",""G"",""I"",""M"",""N"",""O"",""P"",""R"",""S"",""T"",""U""]},{""position"":6,""characters"":[""A"",""B"",""C"",""H"",""I"",""L"",""N"",""O"",""S"",""T"",""U""]},{""position"":7,""characters"":[""A"",""C"",""E"",""F"",""G"",""I"",""L"",""M"",""N"",""O"",""P"",""R"",""S"",""T"",""U""]},{""position"":8,""characters"":[""A"",""E"",""O"",""R"",""T"",""U""]},{""position"":9,""characters"":[""A"",""C"",""D"",""E"",""F"",""I"",""N"",""O"",""P"",""R"",""S"",""T"",""U""]},{""position"":10,""characters"":[""C""]},{""position"":11,""characters"":[""A"",""C"",""D"",""E"",""I"",""L"",""N"",""O"",""R"",""T"",""U""]},{""position"":12,""characters"":[""A"",""C"",""D"",""E"",""G"",""I"",""L"",""M"",""N"",""O"",""P"",""R"",""S"",""U""]}]","true","false","A_TRUE_GAP","0","0","0","0","0","0","[]","[]","","false","false"
"13","ar_to_en","1","11","1","0","across","9","??U???U??","[{""position"":0,""characters"":[""A"",""B"",""C"",""D"",""E"",""F"",""G"",""H"",""I"",""K"",""M"",""N"",""O"",""P"",""R"",""S"",""T"",""U"",""Y""]},{""position"":1,""characters"":[""A"",""C"",""D"",""E"",""G"",""H"",""I"",""L"",""M"",""N"",""O"",""P"",""R"",""S"",""T"",""V"",""W""]},{""position"":2,""characters"":[""U""]},{""position"":3,""characters"":[""A"",""C"",""D"",""E"",""F"",""G"",""H"",""I"",""K"",""L"",""M"",""N"",""O"",""P"",""R"",""S"",""T"",""U"",""V"",""W""]},{""position"":4,""characters"":[""A"",""C"",""D"",""E"",""G"",""I"",""K"",""L"",""M"",""N"",""O"",""P"",""R"",""S"",""T"",""U"",""V"",""Y""]},{""position"":5,""characters"":[""A"",""C"",""D"",""E"",""F"",""G"",""H"",""I"",""L"",""M"",""N"",""O"",""P"",""R"",""S"",""T"",""U"",""W""]},{""position"":6,""characters"":[""U""]},{""position"":7,""characters"":[""A"",""C"",""D"",""E"",""G"",""H"",""I"",""L"",""N"",""O"",""P"",""R"",""S"",""T"",""U"",""W""]},{""position"":8,""characters"":[""A"",""C"",""D"",""E"",""F"",""G"",""H"",""I"",""L"",""N"",""O"",""P"",""R"",""S"",""T"",""U"",""W"",""Y""]}]","true","false","A_TRUE_GAP","0","0","0","0","0","0","[]","[]","","false","false"
"13","ar_to_en","1","11","9","6","across","7","O???E??","[{""position"":0,""characters"":[""O""]},{""position"":1,""characters"":[""A"",""B"",""C"",""D"",""E"",""F"",""G"",""H"",""I"",""L"",""M"",""N"",""O"",""P"",""R"",""S"",""T"",""U"",""W"",""X""]},{""position"":2,""characters"":[""A"",""B"",""C"",""D"",""E"",""F"",""G"",""H"",""I"",""J"",""K"",""L"",""M"",""N"",""O"",""P"",""R"",""S"",""T"",""U"",""V"",""W"",""Y""]},{""position"":3,""characters"":[""A"",""B"",""C"",""D"",""E"",""F"",""G"",""H"",""I"",""J"",""K"",""L"",""M"",""N"",""O"",""P"",""R"",""S"",""T"",""U"",""V"",""W""]},{""position"":4,""characters"":[""E""]},{""position"":5,""characters"":[""A"",""C"",""D"",""E"",""F"",""G"",""H"",""I"",""L"",""M"",""N"",""O"",""P"",""R"",""S"",""T"",""U"",""V"",""W""]},{""position"":6,""characters"":[""A"",""B"",""C"",""D"",""E"",""F"",""G"",""H"",""I"",""K"",""M"",""N"",""O"",""P"",""R"",""S"",""T"",""Y""]}]","true","false","A_TRUE_GAP","0","0","0","0","0","0","[]","[]","","false","false"
"13","ar_to_en","1","11","0","2","down","13","??????????C??","[{""position"":0,""characters"":[""A"",""C"",""D"",""E"",""G"",""I"",""L"",""M"",""N"",""O"",""P"",""R"",""S"",""T"",""U"",""Y""]},{""position"":1,""characters"":[""A"",""E"",""I"",""N"",""O"",""R""]},{""position"":2,""characters"":[""E"",""N"",""T""]},{""position"":3,""characters"":[""C"",""E"",""I"",""N"",""O"",""R"",""S"",""T""]},{""position"":4,""characters"":[""A"",""C"",""E"",""F"",""I"",""N"",""O"",""R"",""T"",""U""]},{""position"":5,""characters"":[""A"",""C"",""D"",""E"",""F"",""G"",""I"",""M"",""N"",""O"",""P"",""R"",""S"",""T"",""U""]},{""position"":6,""characters"":[""A"",""B"",""C"",""H"",""I"",""L"",""N"",""O"",""S"",""T"",""U""]},{""position"":7,""characters"":[""A"",""C"",""E"",""F"",""G"",""I"",""L"",""M"",""N"",""O"",""P"",""R"",""S"",""T"",""U""]},{""position"":8,""characters"":[""A"",""F"",""I"",""M"",""N"",""R"",""T"",""U""]},{""position"":9,""characters"":[""A"",""C"",""D"",""E"",""F"",""I"",""N"",""O"",""P"",""R"",""S"",""T"",""U""]},{""position"":10,""characters"":[""C""]},{""position"":11,""characters"":[""A"",""C"",""D"",""E"",""I"",""L"",""N"",""O"",""R"",""T"",""U""]},{""position"":12,""characters"":[""A"",""C"",""D"",""E"",""G"",""I"",""L"",""M"",""N"",""O"",""P"",""R"",""S"",""U""]}]","true","false","A_TRUE_GAP","0","0","0","0","0","0","[]","[]","","false","false"
"13","ar_to_en","1","11","0","2","down","13","?????????????","[{""position"":0,""characters"":[""A"",""C"",""D"",""E"",""G"",""I"",""L"",""M"",""N"",""O"",""P"",""R"",""S"",""T"",""U"",""Y""]},{""position"":1,""characters"":[""A"",""E"",""I"",""L"",""N"",""O"",""R"",""U""]},{""position"":2,""characters"":[""A"",""C"",""E"",""G"",""M"",""O"",""T""]},{""position"":3,""characters"":[""A"",""C"",""D"",""E"",""F"",""I"",""M"",""N"",""O"",""R"",""S"",""T"",""U""]},{""position"":4,""characters"":[""A"",""C"",""E"",""F"",""I"",""N"",""O"",""R"",""T"",""U""]},{""position"":5,""characters"":[""A"",""C"",""D"",""E"",""F"",""G"",""I"",""M"",""N"",""O"",""P"",""R"",""S"",""T"",""U""]},{""position"":6,""characters"":[""A"",""B"",""C"",""H"",""I"",""L"",""N"",""O"",""S"",""T"",""U""]},{""position"":7,""characters"":[""A"",""C"",""E"",""F"",""G"",""I"",""L"",""M"",""N"",""O"",""P"",""R"",""S"",""T"",""U""]},{""position"":8,""characters"":[""E"",""T""]},{""position"":9,""characters"":[""A"",""C"",""D"",""E"",""F"",""I"",""N"",""O"",""P"",""R"",""S"",""T"",""U""]},{""position"":10,""characters"":[""C"",""I"",""T""]},{""position"":11,""characters"":[""A"",""C"",""D"",""E"",""I"",""L"",""N"",""O"",""R"",""T"",""U""]},{""position"":12,""characters"":[""A"",""C"",""D"",""E"",""G"",""I"",""L"",""M"",""N"",""O"",""P"",""R"",""S"",""U""]}]","true","false","A_TRUE_GAP","0","0","0","0","0","0","[]","[]","","false","false"
"13","ar_to_en","1","11","1","0","across","9","??N???O??","[{""position"":0,""characters"":[""A"",""D"",""E"",""F"",""N"",""R"",""S"",""T""]},{""position"":1,""characters"":[""D"",""E"",""G"",""H"",""I"",""L"",""N"",""R""]},{""position"":2,""characters"":[""N""]},{""position"":3,""characters"":[""A"",""D"",""E"",""I"",""M"",""N"",""O"",""R"",""S"",""T"",""U""]},{""position"":4,""characters"":[""C"",""E"",""G"",""L"",""O"",""P"",""S"",""T"",""Y""]},{""position"":5,""characters"":[""C"",""F"",""H"",""N"",""P"",""T"",""W""]},{""position"":6,""characters"":[""O""]},{""position"":7,""characters"":[""N"",""P"",""R""]},{""position"":8,""characters"":[""E"",""P"",""T"",""Y""]}]","true","false","A_TRUE_GAP","0","0","0","0","0","0","[]","[]","","false","false"
"13","ar_to_en","1","12","3","2","across","3","O??","[{""position"":0,""characters"":[""O""]},{""position"":1,""characters"":[""A"",""C"",""E"",""T"",""Y""]},{""position"":2,""characters"":[""B"",""F"",""I"",""L"",""N"",""P"",""R"",""U"",""W""]}]","true","false","A_TRUE_GAP","0","0","0","0","0","0","[]","[]","","false","false"
"13","ar_to_en","1","12","1","5","across","7","??E??P?","[{""position"":0,""characters"":[""A"",""E"",""I"",""R"",""U""]},{""position"":1,""characters"":[""C"",""L"",""N""]},{""position"":2,""characters"":[""E""]},{""position"":3,""characters"":[""B"",""C"",""D"",""F"",""G"",""H"",""J"",""L"",""N"",""O"",""P"",""R"",""S"",""T"",""U"",""W"",""Y""]},{""position"":4,""characters"":[""A"",""C"",""D"",""E"",""G"",""H"",""I"",""L"",""O"",""P"",""R"",""T"",""U""]},{""position"":5,""characters"":[""P""]},{""position"":6,""characters"":[""A"",""E"",""I"",""L"",""N"",""O"",""P"",""T"",""U"",""Y""]}]","true","false","A_TRUE_GAP","0","0","0","0","0","0","[]","[]","","false","false"
"13","ar_to_en","1","12","1","0","across","4","????","[{""position"":0,""characters"":[""A"",""O"",""R"",""U""]},{""position"":1,""characters"":[""A"",""C"",""E"",""G"",""H"",""I"",""N"",""R"",""S"",""T"",""U"",""Y""]},{""position"":2,""characters"":[""A"",""I""]},{""position"":3,""characters"":[""A"",""E""]}]","true","false","A_TRUE_GAP","0","0","0","0","0","0","[]","[]","","false","false"
"13","ar_to_en","1","12","10","0","across","13","??I???????I??","[{""position"":0,""characters"":[""A"",""C"",""D"",""E"",""G"",""I"",""L"",""M"",""N"",""O"",""P"",""R"",""S"",""T"",""U"",""Y""]},{""position"":1,""characters"":[""A"",""C"",""D"",""E"",""I"",""L"",""N"",""O"",""P"",""R"",""T"",""U""]},{""position"":2,""characters"":[""I""]},{""position"":3,""characters"":[""A"",""C"",""D"",""E"",""F"",""I"",""M"",""N"",""O"",""P"",""R"",""S"",""T"",""U""]},{""position"":4,""characters"":[""A"",""C"",""E"",""F"",""I"",""M"",""N"",""O"",""R"",""T"",""U""]},{""position"":5,""characters"":[""A"",""C"",""D"",""E"",""F"",""G"",""I"",""L"",""M"",""N"",""O"",""P"",""R"",""S"",""T"",""U"",""X""]},{""position"":6,""characters"":[""A"",""B"",""C"",""H"",""I"",""L"",""N"",""O"",""S"",""T"",""U""]},{""position"":7,""characters"":[""A"",""C"",""D"",""E"",""F"",""G"",""I"",""L"",""M"",""N"",""O"",""P"",""R"",""S"",""T"",""U"",""X""]},{""position"":8,""characters"":[""A"",""C"",""E"",""F"",""I"",""M"",""N"",""O"",""R"",""T"",""U""]},{""position"":9,""characters"":[""A"",""C"",""D"",""E"",""F"",""I"",""M"",""N"",""O"",""R"",""S"",""T"",""U""]},{""position"":10,""characters"":[""I""]},{""position"":11,""characters"":[""A"",""C"",""D"",""E"",""I"",""L"",""N"",""O"",""P"",""R"",""T"",""U"",""V""]},{""position"":12,""characters"":[""A"",""C"",""D"",""E"",""G"",""I"",""L"",""M"",""N"",""O"",""P"",""R"",""S"",""T"",""U"",""Y""]}]","true","false","A_TRUE_GAP","0","0","0","0","0","0","[]","[]","","false","false"
"13","ar_to_en","1","12","0","10","down","13","??G??????????","[{""position"":0,""characters"":[""A"",""C"",""D"",""E"",""G"",""I"",""L"",""N"",""O"",""P"",""R"",""S"",""T"",""U"",""Y""]},{""position"":1,""characters"":[""A"",""C"",""D"",""E"",""I"",""L"",""N"",""O"",""P"",""R"",""T"",""U"",""V""]},{""position"":2,""characters"":[""G""]},{""position"":3,""characters"":[""A"",""C"",""D"",""E"",""F"",""I"",""M"",""N"",""O"",""P"",""R"",""S"",""T"",""U""]},{""position"":4,""characters"":[""A"",""C"",""E"",""F"",""I"",""M"",""N"",""O"",""R"",""T"",""U""]},{""position"":5,""characters"":[""A"",""C"",""D"",""E"",""F"",""G"",""I"",""M"",""N"",""O"",""P"",""R"",""S"",""T"",""U"",""X""]},{""position"":6,""characters"":[""A"",""B"",""C"",""H"",""I"",""L"",""N"",""O"",""S"",""T"",""U""]},{""position"":7,""characters"":[""A"",""C"",""D"",""E"",""F"",""G"",""I"",""L"",""M"",""N"",""O"",""P"",""R"",""S"",""T"",""U"",""X""]},{""position"":8,""characters"":[""A"",""C"",""E"",""F"",""I"",""M"",""N"",""O"",""R"",""T"",""U""]},{""position"":9,""characters"":[""A"",""C"",""D"",""E"",""F"",""I"",""N"",""O"",""P"",""R"",""S"",""T"",""U""]},{""position"":10,""characters"":[""A"",""C"",""D"",""E"",""I"",""L"",""M"",""N"",""O"",""P"",""R"",""S"",""T"",""V""]},{""position"":11,""characters"":[""A"",""C"",""D"",""E"",""I"",""L"",""N"",""O"",""P"",""R"",""T"",""U"",""V""]},{""position"":12,""characters"":[""A"",""C"",""D"",""E"",""G"",""I"",""L"",""M"",""N"",""O"",""P"",""R"",""S"",""U"",""Y""]}]","true","false","B_USED_EXHAUSTION","1","1","1","0","0","0","[""ORGANISATIONS""]","[]","100","false","false"
"13","ar_to_en","1","12","0","10","down","13","??D??????????","[{""position"":0,""characters"":[""A"",""C"",""D"",""E"",""G"",""I"",""L"",""N"",""O"",""P"",""R"",""S"",""T"",""U"",""Y""]},{""position"":1,""characters"":[""A"",""C"",""D"",""E"",""I"",""L"",""N"",""O"",""P"",""R"",""T"",""U"",""V""]},{""position"":2,""characters"":[""D""]},{""position"":3,""characters"":[""A"",""C"",""D"",""E"",""F"",""I"",""M"",""N"",""O"",""P"",""R"",""S"",""T"",""U""]},{""position"":4,""characters"":[""A"",""C"",""E"",""F"",""I"",""M"",""N"",""O"",""R"",""T"",""U""]},{""position"":5,""characters"":[""A"",""C"",""D"",""E"",""F"",""G"",""I"",""M"",""N"",""O"",""P"",""R"",""S"",""T"",""U"",""X""]},{""position"":6,""characters"":[""A"",""B"",""C"",""H"",""I"",""L"",""N"",""O"",""S"",""T"",""U""]},{""position"":7,""characters"":[""A"",""C"",""D"",""E"",""F"",""G"",""I"",""L"",""M"",""N"",""O"",""P"",""R"",""S"",""T"",""U"",""X""]},{""position"":8,""characters"":[""A"",""C"",""E"",""F"",""I"",""M"",""N"",""O"",""R"",""T"",""U""]},{""position"":9,""characters"":[""A"",""C"",""D"",""E"",""F"",""I"",""N"",""O"",""P"",""R"",""S"",""T"",""U""]},{""position"":10,""characters"":[""A"",""C"",""D"",""E"",""G"",""I"",""L"",""M"",""N"",""O"",""P"",""R"",""S"",""T"",""V""]},{""position"":11,""characters"":[""A"",""C"",""D"",""E"",""I"",""L"",""N"",""O"",""P"",""R"",""T"",""U"",""V""]},{""position"":12,""characters"":[""A"",""C"",""D"",""E"",""G"",""I"",""L"",""M"",""N"",""O"",""P"",""R"",""S"",""U"",""Y""]}]","true","false","B_USED_EXHAUSTION","1","1","1","0","0","0","[""UNDERSTANDING""]","[]","100","false","false"
"13","ar_to_en","1","12","0","1","down","3","?AO","[{""position"":0,""characters"":[""A"",""D"",""E"",""L"",""N""]},{""position"":1,""characters"":[""A""]},{""position"":2,""characters"":[""O""]}]","true","false","A_TRUE_GAP","0","0","0","0","0","0","[]","[]","","false","false"
"13","ar_to_en","1","12","1","5","across","7","???????","[{""position"":0,""characters"":[""A"",""C"",""E"",""I"",""N"",""O"",""P"",""R"",""U"",""W""]},{""position"":1,""characters"":[""A"",""O"",""R"",""U""]},{""position"":2,""characters"":[""B"",""C"",""D"",""E"",""F"",""G"",""H"",""I"",""K"",""L"",""M"",""N"",""O"",""P"",""R"",""S"",""T"",""U"",""V"",""W"",""Y""]},{""position"":3,""characters"":[""F"",""O""]},{""position"":4,""characters"":[""A"",""C"",""D"",""E"",""G"",""H"",""L"",""M"",""N"",""O"",""P"",""R"",""S"",""T""]},{""position"":5,""characters"":[""A"",""N"",""O"",""T""]},{""position"":6,""characters"":[""C"",""D"",""E"",""F"",""G"",""H"",""I"",""L"",""M"",""N"",""O"",""P"",""R"",""S"",""T"",""U"",""V"",""W""]}]","true","false","A_TRUE_GAP","0","0","0","0","0","0","[]","[]","","false","false"
"13","ar_to_en","1","12","1","5","across","7","???????","[{""position"":0,""characters"":[""A"",""O"",""R"",""U""]},{""position"":1,""characters"":[""C"",""L"",""N""]},{""position"":2,""characters"":[""A"",""C"",""D"",""E"",""I"",""L"",""O"",""T"",""U""]},{""position"":3,""characters"":[""B"",""C"",""D"",""E"",""F"",""G"",""H"",""M"",""N"",""O"",""P"",""R"",""S"",""T"",""Y""]},{""position"":4,""characters"":[""A"",""E"",""I"",""L"",""O"",""U""]},{""position"":5,""characters"":[""D"",""E"",""O""]},{""position"":6,""characters"":[""B"",""C"",""D"",""E"",""G"",""H"",""I"",""K"",""L"",""M"",""N"",""O"",""P"",""R"",""S"",""T"",""U"",""V"",""W""]}]","true","false","A_TRUE_GAP","0","0","0","0","0","0","[]","[]","","false","false"
"13","ar_to_en","1","12","1","8","down","3","?R?","[{""position"":0,""characters"":[""E"",""T""]},{""position"":1,""characters"":[""R""]},{""position"":2,""characters"":[""C"",""T""]}]","true","false","A_TRUE_GAP","0","0","0","0","0","0","[]","[]","","false","false"
"13","ar_to_en","1","13","0","5","across","3","???","[{""position"":0,""characters"":[""G"",""N"",""T""]},{""position"":1,""characters"":[""K"",""L""]},{""position"":2,""characters"":[""F"",""K"",""L"",""M"",""N"",""P"",""R"",""S"",""T"",""W""]}]","true","false","A_TRUE_GAP","0","0","0","0","0","0","[]","[]","","false","false"
"13","ar_to_en","1","13","0","1","down","3","??O","[{""position"":0,""characters"":[""A"",""E"",""K"",""N"",""W""]},{""position"":1,""characters"":[""D"",""I"",""O""]},{""position"":2,""characters"":[""O""]}]","true","false","A_TRUE_GAP","0","0","0","0","0","0","[]","[]","","false","false"
"13","ar_to_en","1","13","1","5","across","7","?????N?","[{""position"":0,""characters"":[""C"",""D"",""E"",""G"",""I"",""L"",""N"",""P"",""R"",""S"",""T"",""Y""]},{""position"":1,""characters"":[""A"",""O"",""R"",""U""]},{""position"":2,""characters"":[""A"",""C"",""D"",""E"",""F"",""G"",""H"",""K"",""L"",""M"",""N"",""O"",""P"",""R"",""S"",""T"",""V""]},{""position"":3,""characters"":[""F"",""O""]},{""position"":4,""characters"":[""A"",""C"",""D"",""E"",""F"",""G"",""H"",""K"",""L"",""M"",""N"",""O"",""P"",""R"",""S"",""T"",""U"",""V"",""W""]},{""position"":5,""characters"":[""N""]},{""position"":6,""characters"":[""B"",""C"",""D"",""E"",""G"",""H"",""I"",""K"",""L"",""M"",""N"",""O"",""P"",""R"",""S"",""T"",""U"",""V"",""W""]}]","true","false","A_TRUE_GAP","0","0","0","0","0","0","[]","[]","","false","false"
"13","ar_to_en","1","13","0","1","down","3","??O","[{""position"":0,""characters"":[""A"",""E"",""K"",""N"",""W""]},{""position"":1,""characters"":[""D"",""I"",""O""]},{""position"":2,""characters"":[""O""]}]","true","false","A_TRUE_GAP","0","0","0","0","0","0","[]","[]","","false","false"
"13","ar_to_en","1","13","0","10","down","13","??V??????????","[{""position"":0,""characters"":[""A"",""C"",""D"",""E"",""G"",""I"",""L"",""N"",""O"",""P"",""R"",""S"",""T"",""U"",""Y""]},{""position"":1,""characters"":[""A"",""C"",""D"",""E"",""I"",""L"",""N"",""O"",""P"",""R"",""T"",""U"",""V""]},{""position"":2,""characters"":[""V""]},{""position"":3,""characters"":[""A"",""C"",""D"",""E"",""F"",""I"",""M"",""N"",""O"",""P"",""R"",""S"",""T"",""U""]},{""position"":4,""characters"":[""A"",""C"",""E"",""F"",""I"",""M"",""N"",""O"",""R"",""T"",""U""]},{""position"":5,""characters"":[""A"",""C"",""D"",""E"",""F"",""G"",""I"",""M"",""N"",""O"",""P"",""R"",""S"",""T"",""U"",""X""]},{""position"":6,""characters"":[""A"",""B"",""C"",""H"",""I"",""L"",""N"",""O"",""S"",""T"",""U""]},{""position"":7,""characters"":[""A"",""C"",""D"",""E"",""F"",""G"",""I"",""L"",""M"",""N"",""O"",""P"",""R"",""S"",""T"",""U"",""X""]},{""position"":8,""characters"":[""A"",""C"",""E"",""F"",""I"",""M"",""N"",""O"",""R"",""T"",""U""]},{""position"":9,""characters"":[""A"",""C"",""D"",""E"",""F"",""I"",""N"",""O"",""P"",""R"",""S"",""T"",""U""]},{""position"":10,""characters"":[""A"",""C"",""D"",""E"",""G"",""I"",""L"",""M"",""N"",""O"",""P"",""R"",""S"",""T"",""V""]},{""position"":11,""characters"":[""A"",""C"",""D"",""E"",""I"",""L"",""N"",""O"",""P"",""R"",""T"",""U"",""V""]},{""position"":12,""characters"":[""A"",""C"",""D"",""E"",""G"",""I"",""L"",""M"",""N"",""O"",""P"",""R"",""S"",""U"",""Y""]}]","true","false","B_USED_EXHAUSTION","1","1","1","0","0","0","[""ENVIRONMENTAL""]","[]","100","false","false"
"13","ar_to_en","1","13","0","1","down","3","??O","[{""position"":0,""characters"":[""A"",""E"",""K"",""N"",""W""]},{""position"":1,""characters"":[""D"",""I"",""O""]},{""position"":2,""characters"":[""O""]}]","true","false","A_TRUE_GAP","0","0","0","0","0","0","[]","[]","","false","false"
"13","ar_to_en","1","13","3","2","across","3","R??","[{""position"":0,""characters"":[""R""]},{""position"":1,""characters"":[""C"",""D"",""F"",""G"",""H"",""L"",""N"",""O"",""P"",""R"",""S"",""T"",""U"",""W"",""Y""]},{""position"":2,""characters"":[""A"",""E"",""I"",""O"",""U""]}]","true","false","A_TRUE_GAP","0","0","0","0","0","0","[]","[]","","false","false"
"13","ar_to_en","1","13","1","5","across","7","?????L?","[{""position"":0,""characters"":[""C"",""K"",""L"",""N""]},{""position"":1,""characters"":[""A"",""C"",""E"",""I"",""N"",""O"",""P"",""R"",""U"",""W""]},{""position"":2,""characters"":[""A"",""C"",""D"",""E"",""F"",""G"",""H"",""K"",""L"",""M"",""N"",""O"",""P"",""R"",""S"",""T"",""V""]},{""position"":3,""characters"":[""A"",""E""]},{""position"":4,""characters"":[""A"",""C"",""E"",""L"",""N"",""O""]},{""position"":5,""characters"":[""L""]},{""position"":6,""characters"":[""A"",""C"",""D"",""E"",""G"",""H"",""I"",""K"",""L"",""M"",""O"",""P"",""R"",""S"",""T"",""U""]}]","true","false","A_TRUE_GAP","0","0","0","0","0","0","[]","[]","","false","false"
"13","ar_to_en","1","13","1","5","across","7","???????","[{""position"":0,""characters"":[""A"",""C"",""E"",""I"",""N"",""O"",""P"",""R"",""U"",""W""]},{""position"":1,""characters"":[""A"",""O"",""R"",""U""]},{""position"":2,""characters"":[""B"",""C"",""D"",""E"",""F"",""G"",""H"",""I"",""K"",""L"",""M"",""N"",""O"",""P"",""R"",""S"",""T"",""U"",""V"",""W"",""Y""]},{""position"":3,""characters"":[""F"",""O""]},{""position"":4,""characters"":[""A"",""C"",""D"",""E"",""G"",""H"",""L"",""M"",""N"",""O"",""P"",""R"",""S"",""T""]},{""position"":5,""characters"":[""A"",""N"",""O"",""T""]},{""position"":6,""characters"":[""C"",""D"",""E"",""F"",""G"",""H"",""I"",""L"",""M"",""N"",""O"",""P"",""R"",""S"",""T"",""U"",""V"",""W""]}]","true","false","A_TRUE_GAP","0","0","0","0","0","0","[]","[]","","false","false"
"13","ar_to_en","1","14","1","5","across","7","???????","[{""position"":0,""characters"":[""A"",""O"",""R"",""U""]},{""position"":1,""characters"":[""C"",""L"",""N""]},{""position"":2,""characters"":[""A"",""C"",""D"",""E"",""I"",""L"",""O"",""T"",""U""]},{""position"":3,""characters"":[""B"",""C"",""D"",""E"",""F"",""G"",""H"",""M"",""N"",""O"",""P"",""R"",""S"",""T"",""Y""]},{""position"":4,""characters"":[""A"",""E"",""I"",""L"",""O"",""U""]},{""position"":5,""characters"":[""D"",""E"",""O""]},{""position"":6,""characters"":[""B"",""C"",""D"",""E"",""G"",""H"",""I"",""K"",""L"",""M"",""N"",""O"",""P"",""R"",""S"",""T"",""U"",""V"",""W""]}]","true","false","A_TRUE_GAP","0","0","0","0","0","0","[]","[]","","false","false"
"13","ar_to_en","1","14","1","8","down","3","?R?","[{""position"":0,""characters"":[""E"",""T""]},{""position"":1,""characters"":[""R""]},{""position"":2,""characters"":[""C"",""T""]}]","true","false","A_TRUE_GAP","0","0","0","0","0","0","[]","[]","","false","false"
"13","ar_to_en","1","14","0","5","across","3","???","[{""position"":0,""characters"":[""G"",""N"",""T""]},{""position"":1,""characters"":[""K"",""L""]},{""position"":2,""characters"":[""F"",""K"",""L"",""M"",""N"",""P"",""R"",""S"",""T"",""W""]}]","true","false","A_TRUE_GAP","0","0","0","0","0","0","[]","[]","","false","false"
"13","ar_to_en","1","14","0","1","down","3","??O","[{""position"":0,""characters"":[""A"",""E"",""K"",""N"",""W""]},{""position"":1,""characters"":[""D"",""I"",""O""]},{""position"":2,""characters"":[""O""]}]","true","false","A_TRUE_GAP","0","0","0","0","0","0","[]","[]","","false","false"
"13","ar_to_en","1","14","1","5","across","7","?????N?","[{""position"":0,""characters"":[""C"",""D"",""E"",""G"",""I"",""L"",""N"",""P"",""R"",""S"",""T"",""Y""]},{""position"":1,""characters"":[""A"",""O"",""R"",""U""]},{""position"":2,""characters"":[""A"",""C"",""D"",""E"",""F"",""G"",""H"",""K"",""L"",""M"",""N"",""O"",""P"",""R"",""S"",""T"",""V""]},{""position"":3,""characters"":[""F"",""O""]},{""position"":4,""characters"":[""A"",""C"",""D"",""E"",""F"",""G"",""H"",""K"",""L"",""M"",""N"",""O"",""P"",""R"",""S"",""T"",""U"",""V"",""W""]},{""position"":5,""characters"":[""N""]},{""position"":6,""characters"":[""B"",""C"",""D"",""E"",""G"",""H"",""I"",""K"",""L"",""M"",""N"",""O"",""P"",""R"",""S"",""T"",""U"",""V"",""W""]}]","true","false","A_TRUE_GAP","0","0","0","0","0","0","[]","[]","","false","false"
"13","ar_to_en","1","14","0","1","down","3","??O","[{""position"":0,""characters"":[""A"",""E"",""K"",""N"",""W""]},{""position"":1,""characters"":[""D"",""I"",""O""]},{""position"":2,""characters"":[""O""]}]","true","false","A_TRUE_GAP","0","0","0","0","0","0","[]","[]","","false","false"
"13","ar_to_en","1","14","0","10","down","13","??V??????????","[{""position"":0,""characters"":[""A"",""C"",""D"",""E"",""G"",""I"",""L"",""N"",""O"",""P"",""R"",""S"",""T"",""U"",""Y""]},{""position"":1,""characters"":[""A"",""C"",""D"",""E"",""I"",""L"",""N"",""O"",""P"",""R"",""T"",""U"",""V""]},{""position"":2,""characters"":[""V""]},{""position"":3,""characters"":[""A"",""C"",""D"",""E"",""F"",""I"",""M"",""N"",""O"",""P"",""R"",""S"",""T"",""U""]},{""position"":4,""characters"":[""A"",""C"",""E"",""F"",""I"",""M"",""N"",""O"",""R"",""T"",""U""]},{""position"":5,""characters"":[""A"",""C"",""D"",""E"",""F"",""G"",""I"",""M"",""N"",""O"",""P"",""R"",""S"",""T"",""U"",""X""]},{""position"":6,""characters"":[""A"",""B"",""C"",""H"",""I"",""L"",""N"",""O"",""S"",""T"",""U""]},{""position"":7,""characters"":[""A"",""C"",""D"",""E"",""F"",""G"",""I"",""L"",""M"",""N"",""O"",""P"",""R"",""S"",""T"",""U"",""X""]},{""position"":8,""characters"":[""A"",""C"",""E"",""F"",""I"",""M"",""N"",""O"",""R"",""T"",""U""]},{""position"":9,""characters"":[""A"",""C"",""D"",""E"",""F"",""I"",""N"",""O"",""P"",""R"",""S"",""T"",""U""]},{""position"":10,""characters"":[""A"",""C"",""D"",""E"",""G"",""I"",""L"",""M"",""N"",""O"",""P"",""R"",""S"",""T"",""V""]},{""position"":11,""characters"":[""A"",""C"",""D"",""E"",""I"",""L"",""N"",""O"",""P"",""R"",""T"",""U"",""V""]},{""position"":12,""characters"":[""A"",""C"",""D"",""E"",""G"",""I"",""L"",""M"",""N"",""O"",""P"",""R"",""S"",""U"",""Y""]}]","true","false","B_USED_EXHAUSTION","1","1","1","0","0","0","[""ENVIRONMENTAL""]","[]","100","false","false"
"13","ar_to_en","1","14","0","1","down","3","??O","[{""position"":0,""characters"":[""A"",""E"",""K"",""N"",""W""]},{""position"":1,""characters"":[""D"",""I"",""O""]},{""position"":2,""characters"":[""O""]}]","true","false","A_TRUE_GAP","0","0","0","0","0","0","[]","[]","","false","false"
"13","ar_to_en","1","14","3","2","across","3","R??","[{""position"":0,""characters"":[""R""]},{""position"":1,""characters"":[""C"",""D"",""F"",""G"",""H"",""L"",""N"",""O"",""P"",""R"",""S"",""T"",""U"",""W"",""Y""]},{""position"":2,""characters"":[""A"",""E"",""I"",""O"",""U""]}]","true","false","A_TRUE_GAP","0","0","0","0","0","0","[]","[]","","false","false"
"13","ar_to_en","1","16","0","0","down","4","??AE","[{""position"":0,""characters"":[""E"",""W""]},{""position"":1,""characters"":[""C"",""D"",""E"",""G"",""H"",""M"",""N"",""P"",""R"",""T"",""Y""]},{""position"":2,""characters"":[""A""]},{""position"":3,""characters"":[""E""]}]","true","false","A_TRUE_GAP","0","0","0","0","0","0","[]","[]","","false","false"
"13","ar_to_en","1","16","3","0","across","5","??T??","[{""position"":0,""characters"":[""A"",""E"",""H"",""I"",""K"",""T""]},{""position"":1,""characters"":[""A"",""B"",""C"",""D"",""E"",""F"",""G"",""H"",""K"",""L"",""M"",""N"",""P"",""R"",""S"",""T"",""V"",""W"",""Y""]},{""position"":2,""characters"":[""T""]},{""position"":3,""characters"":[""A"",""B"",""E"",""H"",""I"",""L"",""N"",""O"",""R"",""S"",""U"",""Y""]},{""position"":4,""characters"":[""C"",""K"",""L"",""N""]}]","true","false","A_TRUE_GAP","0","0","0","0","0","0","[]","[]","","false","false"
"13","ar_to_en","1","16","1","9","across","4","????","[{""position"":0,""characters"":[""A"",""E""]},{""position"":1,""characters"":[""A"",""I""]},{""position"":2,""characters"":[""A"",""C"",""E"",""G"",""H"",""I"",""N"",""R"",""S"",""T"",""U"",""Y""]},{""position"":3,""characters"":[""A"",""O"",""R"",""U""]}]","true","false","A_TRUE_GAP","0","0","0","0","0","0","[]","[]","","false","false"
"13","ar_to_en","1","16","10","0","across","13","??I???????I??","[{""position"":0,""characters"":[""A"",""C"",""D"",""E"",""G"",""I"",""L"",""M"",""N"",""O"",""P"",""R"",""S"",""U"",""Y""]},{""position"":1,""characters"":[""A"",""C"",""D"",""E"",""I"",""L"",""N"",""O"",""P"",""R"",""T"",""U""]},{""position"":2,""characters"":[""I""]},{""position"":3,""characters"":[""A"",""C"",""D"",""E"",""F"",""I"",""N"",""O"",""P"",""R"",""S"",""T"",""U""]},{""position"":4,""characters"":[""A"",""C"",""E"",""F"",""I"",""M"",""N"",""O"",""R"",""T"",""U""]},{""position"":5,""characters"":[""A"",""C"",""D"",""E"",""F"",""G"",""I"",""L"",""M"",""N"",""O"",""P"",""R"",""S"",""T"",""U""]},{""position"":6,""characters"":[""A"",""B"",""C"",""H"",""I"",""L"",""N"",""O"",""S"",""T"",""U""]},{""position"":7,""characters"":[""A"",""C"",""D"",""E"",""F"",""G"",""I"",""L"",""M"",""N"",""O"",""P"",""R"",""S"",""T"",""U"",""X""]},{""position"":8,""characters"":[""A"",""C"",""E"",""F"",""I"",""M"",""N"",""O"",""R"",""T"",""U""]},{""position"":9,""characters"":[""A"",""C"",""D"",""E"",""F"",""I"",""M"",""N"",""O"",""R"",""S"",""T"",""U""]},{""position"":10,""characters"":[""I""]},{""position"":11,""characters"":[""A"",""C"",""D"",""E"",""I"",""L"",""N"",""O"",""P"",""R"",""T"",""U"",""V""]},{""position"":12,""characters"":[""A"",""C"",""D"",""E"",""G"",""I"",""L"",""M"",""N"",""O"",""P"",""R"",""S"",""T"",""U"",""Y""]}]","true","false","A_TRUE_GAP","0","0","0","0","0","0","[]","[]","","false","false"
"13","ar_to_en","1","16","2","4","down","3","NE?","[{""position"":0,""characters"":[""N""]},{""position"":1,""characters"":[""E""]},{""position"":2,""characters"":[""F"",""R""]}]","true","false","A_TRUE_GAP","0","0","0","0","0","0","[]","[]","","false","false"
"13","ar_to_en","1","16","0","0","down","4","??U?","[{""position"":0,""characters"":[""D"",""N"",""T""]},{""position"":1,""characters"":[""L"",""T""]},{""position"":2,""characters"":[""U""]},{""position"":3,""characters"":[""G"",""N"",""R"",""S""]}]","true","false","A_TRUE_GAP","0","0","0","0","0","0","[]","[]","","false","false"
"13","ar_to_en","1","16","0","10","across","3","M??","[{""position"":0,""characters"":[""M""]},{""position"":1,""characters"":[""C"",""D"",""F"",""I"",""O"",""P"",""R"",""S"",""T"",""W"",""Y""]},{""position"":2,""characters"":[""E"",""Y""]}]","true","false","A_TRUE_GAP","0","0","0","0","0","0","[]","[]","","false","false"
"13","ar_to_en","1","17","2","4","down","3","NE?","[{""position"":0,""characters"":[""N""]},{""position"":1,""characters"":[""E""]},{""position"":2,""characters"":[""F"",""R""]}]","true","false","A_TRUE_GAP","0","0","0","0","0","0","[]","[]","","false","false"
"13","ar_to_en","1","17","0","0","down","4","??U?","[{""position"":0,""characters"":[""D"",""N"",""T""]},{""position"":1,""characters"":[""L"",""T""]},{""position"":2,""characters"":[""U""]},{""position"":3,""characters"":[""G"",""N"",""R"",""S""]}]","true","false","A_TRUE_GAP","0","0","0","0","0","0","[]","[]","","false","false"
"13","ar_to_en","1","17","0","10","across","3","M??","[{""position"":0,""characters"":[""M""]},{""position"":1,""characters"":[""C"",""D"",""F"",""I"",""O"",""P"",""R"",""S"",""T"",""W"",""Y""]},{""position"":2,""characters"":[""E"",""Y""]}]","true","false","A_TRUE_GAP","0","0","0","0","0","0","[]","[]","","false","false"
"13","ar_to_en","1","18","3","0","across","5","??T??","[{""position"":0,""characters"":[""A"",""E"",""H"",""I"",""K"",""T""]},{""position"":1,""characters"":[""A"",""B"",""C"",""D"",""E"",""F"",""G"",""H"",""K"",""L"",""M"",""N"",""P"",""R"",""S"",""T"",""V"",""W"",""Y""]},{""position"":2,""characters"":[""T""]},{""position"":3,""characters"":[""A"",""B"",""E"",""H"",""I"",""L"",""N"",""O"",""R"",""S"",""U"",""Y""]},{""position"":4,""characters"":[""C"",""K"",""L"",""N""]}]","true","false","A_TRUE_GAP","0","0","0","0","0","0","[]","[]","","false","false"
"13","ar_to_en","1","18","1","9","across","4","????","[{""position"":0,""characters"":[""A"",""E""]},{""position"":1,""characters"":[""A"",""I""]},{""position"":2,""characters"":[""A"",""C"",""E"",""G"",""H"",""I"",""N"",""R"",""S"",""T"",""U"",""Y""]},{""position"":3,""characters"":[""A"",""O"",""R"",""U""]}]","true","false","A_TRUE_GAP","0","0","0","0","0","0","[]","[]","","false","false"
"13","ar_to_en","1","18","10","0","across","13","??I???????I??","[{""position"":0,""characters"":[""A"",""C"",""D"",""E"",""G"",""I"",""L"",""M"",""N"",""O"",""P"",""R"",""S"",""U"",""Y""]},{""position"":1,""characters"":[""A"",""C"",""D"",""E"",""I"",""L"",""N"",""O"",""P"",""R"",""T"",""U""]},{""position"":2,""characters"":[""I""]},{""position"":3,""characters"":[""A"",""C"",""D"",""E"",""F"",""I"",""N"",""O"",""P"",""R"",""S"",""T"",""U""]},{""position"":4,""characters"":[""A"",""C"",""E"",""F"",""I"",""M"",""N"",""O"",""R"",""T"",""U""]},{""position"":5,""characters"":[""A"",""C"",""D"",""E"",""F"",""G"",""I"",""L"",""M"",""N"",""O"",""P"",""R"",""S"",""T"",""U""]},{""position"":6,""characters"":[""A"",""B"",""C"",""H"",""I"",""L"",""N"",""O"",""S"",""T"",""U""]},{""position"":7,""characters"":[""A"",""C"",""D"",""E"",""F"",""G"",""I"",""L"",""M"",""N"",""O"",""P"",""R"",""S"",""T"",""U"",""X""]},{""position"":8,""characters"":[""A"",""C"",""E"",""F"",""I"",""M"",""N"",""O"",""R"",""T"",""U""]},{""position"":9,""characters"":[""A"",""C"",""D"",""E"",""F"",""I"",""M"",""N"",""O"",""R"",""S"",""T"",""U""]},{""position"":10,""characters"":[""I""]},{""position"":11,""characters"":[""A"",""C"",""D"",""E"",""I"",""L"",""N"",""O"",""P"",""R"",""T"",""U"",""V""]},{""position"":12,""characters"":[""A"",""C"",""D"",""E"",""G"",""I"",""L"",""M"",""N"",""O"",""P"",""R"",""S"",""T"",""U"",""Y""]}]","true","false","A_TRUE_GAP","0","0","0","0","0","0","[]","[]","","false","false"
"13","ar_to_en","1","18","2","4","down","3","NE?","[{""position"":0,""characters"":[""N""]},{""position"":1,""characters"":[""E""]},{""position"":2,""characters"":[""F"",""R""]}]","true","false","A_TRUE_GAP","0","0","0","0","0","0","[]","[]","","false","false"
"13","ar_to_en","1","18","0","0","down","4","??U?","[{""position"":0,""characters"":[""D"",""N"",""T""]},{""position"":1,""characters"":[""L"",""T""]},{""position"":2,""characters"":[""U""]},{""position"":3,""characters"":[""G"",""N"",""R"",""S""]}]","true","false","A_TRUE_GAP","0","0","0","0","0","0","[]","[]","","false","false"
"13","ar_to_en","1","18","0","10","across","3","M??","[{""position"":0,""characters"":[""M""]},{""position"":1,""characters"":[""C"",""D"",""F"",""I"",""O"",""P"",""R"",""S"",""T"",""W"",""Y""]},{""position"":2,""characters"":[""E"",""Y""]}]","true","false","A_TRUE_GAP","0","0","0","0","0","0","[]","[]","","false","false"
"13","ar_to_en","1","19","11","0","across","6","??????","[{""position"":0,""characters"":[""A"",""E"",""I"",""T""]},{""position"":1,""characters"":[""A"",""D"",""E"",""F"",""G"",""H"",""K"",""L"",""M"",""N"",""P"",""R"",""S"",""T"",""W"",""Y""]},{""position"":2,""characters"":[""A"",""I""]},{""position"":3,""characters"":[""A"",""C"",""E"",""I"",""N"",""O"",""P"",""R"",""U"",""W""]},{""position"":4,""characters"":[""A"",""C"",""D"",""E"",""F"",""G"",""H"",""K"",""L"",""M"",""N"",""O"",""P"",""R"",""S"",""U"",""V"",""W""]},{""position"":5,""characters"":[""F"",""O""]}]","true","false","A_TRUE_GAP","0","0","0","0","0","0","[]","[]","","false","false"
"13","ar_to_en","1","19","2","0","across","13","??I???????I??","[{""position"":0,""characters"":[""A"",""C"",""D"",""E"",""G"",""I"",""L"",""M"",""N"",""O"",""P"",""R"",""S"",""T"",""U"",""Y""]},{""position"":1,""characters"":[""A"",""C"",""D"",""E"",""I"",""L"",""N"",""O"",""P"",""R"",""T"",""U"",""V""]},{""position"":2,""characters"":[""I""]},{""position"":3,""characters"":[""A"",""C"",""D"",""E"",""F"",""I"",""M"",""N"",""O"",""P"",""R"",""S"",""T"",""U""]},{""position"":4,""characters"":[""A"",""C"",""E"",""F"",""I"",""M"",""N"",""O"",""R"",""T"",""U""]},{""position"":5,""characters"":[""A"",""C"",""D"",""E"",""F"",""G"",""I"",""L"",""M"",""N"",""O"",""P"",""R"",""S"",""T"",""U"",""X""]},{""position"":6,""characters"":[""A"",""B"",""C"",""H"",""I"",""L"",""N"",""O"",""S"",""T"",""U"",""Z""]},{""position"":7,""characters"":[""A"",""C"",""D"",""E"",""F"",""G"",""I"",""M"",""N"",""O"",""P"",""R"",""S"",""T"",""U"",""X""]},{""position"":8,""characters"":[""A"",""C"",""E"",""F"",""I"",""M"",""N"",""O"",""R"",""T"",""U""]},{""position"":9,""characters"":[""A"",""C"",""D"",""E"",""F"",""I"",""M"",""N"",""O"",""P"",""R"",""S"",""T"",""U""]},{""position"":10,""characters"":[""I""]},{""position"":11,""characters"":[""A"",""C"",""D"",""E"",""L"",""N"",""O"",""P"",""R"",""T"",""U"",""V""]},{""position"":12,""characters"":[""A"",""C"",""D"",""E"",""G"",""I"",""L"",""N"",""O"",""P"",""R"",""S"",""T"",""U"",""Y""]}]","true","false","A_TRUE_GAP","0","0","0","0","0","0","[]","[]","","false","false"
"13","ar_to_en","1","19","11","0","across","6","??O???","[{""position"":0,""characters"":[""B"",""C"",""D"",""E"",""F"",""G"",""H"",""M"",""N"",""O"",""P"",""R"",""S"",""T"",""Y""]},{""position"":1,""characters"":[""A"",""D"",""E"",""I"",""K"",""N"",""O"",""T""]},{""position"":2,""characters"":[""O""]},{""position"":3,""characters"":[""A"",""C"",""E"",""G"",""H"",""I"",""N"",""R"",""S"",""T"",""U"",""Y""]},{""position"":4,""characters"":[""A"",""C"",""D"",""E"",""G"",""H"",""I"",""L"",""O"",""P"",""R"",""T"",""U""]},{""position"":5,""characters"":[""A"",""E"",""K"",""U""]}]","true","false","A_TRUE_GAP","0","0","0","0","0","0","[]","[]","","false","false"
"13","ar_to_en","1","19","7","10","across","3","I??","[{""position"":0,""characters"":[""I""]},{""position"":1,""characters"":[""A"",""D"",""G"",""I"",""R"",""S"",""T"",""U""]},{""position"":2,""characters"":[""A"",""E"",""I"",""L"",""N"",""O"",""R"",""T""]}]","true","false","A_TRUE_GAP","0","0","0","0","0","0","[]","[]","","false","false"
"13","ar_to_en","1","19","8","2","across","3","N?E","[{""position"":0,""characters"":[""N""]},{""position"":1,""characters"":[""A"",""C"",""D"",""E"",""G"",""I"",""K"",""L"",""N"",""O"",""P"",""R"",""T"",""U"",""W"",""Y""]},{""position"":2,""characters"":[""E""]}]","true","false","A_TRUE_GAP","0","0","0","0","0","0","[]","[]","","false","false"
"13","ar_to_en","1","19","5","11","down","6","S????O","[{""position"":0,""characters"":[""S""]},{""position"":1,""characters"":[""A"",""C"",""E"",""G"",""I"",""O"",""R"",""S"",""T"",""U""]},{""position"":2,""characters"":[""E"",""I"",""U""]},{""position"":3,""characters"":[""A"",""I""]},{""position"":4,""characters"":[""L"",""N"",""W""]},{""position"":5,""characters"":[""O""]}]","true","false","A_TRUE_GAP","0","0","0","0","0","0","[]","[]","","false","false"
"13","ar_to_en","1","19","0","1","down","7","??O????","[{""position"":0,""characters"":[""A"",""D"",""E"",""K"",""N"",""T""]},{""position"":1,""characters"":[""C"",""G"",""L"",""N"",""R"",""S"",""Y""]},{""position"":2,""characters"":[""O""]},{""position"":3,""characters"":[""A"",""E"",""F"",""I"",""L""]},{""position"":4,""characters"":[""C"",""H"",""I"",""L"",""N"",""R"",""T"",""Y""]},{""position"":5,""characters"":[""E"",""I"",""O"",""U""]},{""position"":6,""characters"":[""A"",""E"",""N"",""R""]}]","true","false","A_TRUE_GAP","0","0","0","0","0","0","[]","[]","","false","false"
"13","ar_to_en","1","20","11","0","across","6","??????","[{""position"":0,""characters"":[""A"",""E"",""I"",""T""]},{""position"":1,""characters"":[""A"",""D"",""E"",""F"",""G"",""H"",""K"",""L"",""M"",""N"",""P"",""R"",""S"",""T"",""W"",""Y""]},{""position"":2,""characters"":[""A"",""I""]},{""position"":3,""characters"":[""A"",""C"",""E"",""I"",""N"",""O"",""P"",""R"",""U"",""W""]},{""position"":4,""characters"":[""A"",""C"",""D"",""E"",""F"",""G"",""H"",""K"",""L"",""M"",""N"",""O"",""P"",""R"",""S"",""U"",""V"",""W""]},{""position"":5,""characters"":[""F"",""O""]}]","true","false","A_TRUE_GAP","0","0","0","0","0","0","[]","[]","","false","false"
"13","ar_to_en","1","20","2","0","across","13","??I???????I??","[{""position"":0,""characters"":[""A"",""C"",""D"",""E"",""G"",""I"",""L"",""M"",""N"",""O"",""P"",""R"",""S"",""T"",""U"",""Y""]},{""position"":1,""characters"":[""A"",""C"",""D"",""E"",""I"",""L"",""N"",""O"",""P"",""R"",""T"",""U"",""V""]},{""position"":2,""characters"":[""I""]},{""position"":3,""characters"":[""A"",""C"",""D"",""E"",""F"",""I"",""M"",""N"",""O"",""P"",""R"",""S"",""T"",""U""]},{""position"":4,""characters"":[""A"",""C"",""E"",""F"",""I"",""M"",""N"",""O"",""R"",""T"",""U""]},{""position"":5,""characters"":[""A"",""C"",""D"",""E"",""F"",""G"",""I"",""L"",""M"",""N"",""O"",""P"",""R"",""S"",""T"",""U"",""X""]},{""position"":6,""characters"":[""A"",""B"",""C"",""H"",""I"",""L"",""N"",""O"",""S"",""T"",""U"",""Z""]},{""position"":7,""characters"":[""A"",""C"",""D"",""E"",""F"",""G"",""I"",""M"",""N"",""O"",""P"",""R"",""S"",""T"",""U"",""X""]},{""position"":8,""characters"":[""A"",""C"",""E"",""F"",""I"",""M"",""N"",""O"",""R"",""T"",""U""]},{""position"":9,""characters"":[""A"",""C"",""D"",""E"",""F"",""I"",""M"",""N"",""O"",""P"",""R"",""S"",""T"",""U""]},{""position"":10,""characters"":[""I""]},{""position"":11,""characters"":[""A"",""C"",""D"",""E"",""L"",""N"",""O"",""P"",""R"",""T"",""U"",""V""]},{""position"":12,""characters"":[""A"",""C"",""D"",""E"",""G"",""I"",""L"",""N"",""O"",""P"",""R"",""S"",""T"",""U"",""Y""]}]","true","false","A_TRUE_GAP","0","0","0","0","0","0","[]","[]","","false","false"
"13","ar_to_en","1","20","11","0","across","6","??O???","[{""position"":0,""characters"":[""B"",""C"",""D"",""E"",""F"",""G"",""H"",""M"",""N"",""O"",""P"",""R"",""S"",""T"",""Y""]},{""position"":1,""characters"":[""A"",""D"",""E"",""I"",""K"",""N"",""O"",""T""]},{""position"":2,""characters"":[""O""]},{""position"":3,""characters"":[""A"",""C"",""E"",""G"",""H"",""I"",""N"",""R"",""S"",""T"",""U"",""Y""]},{""position"":4,""characters"":[""A"",""C"",""D"",""E"",""G"",""H"",""I"",""L"",""O"",""P"",""R"",""T"",""U""]},{""position"":5,""characters"":[""A"",""E"",""K"",""U""]}]","true","false","A_TRUE_GAP","0","0","0","0","0","0","[]","[]","","false","false"
"13","ar_to_en","1","20","7","10","across","3","I??","[{""position"":0,""characters"":[""I""]},{""position"":1,""characters"":[""A"",""D"",""G"",""I"",""R"",""S"",""T"",""U""]},{""position"":2,""characters"":[""A"",""E"",""I"",""L"",""N"",""O"",""R"",""T""]}]","true","false","A_TRUE_GAP","0","0","0","0","0","0","[]","[]","","false","false"
"13","ar_to_en","1","20","8","2","across","3","N?E","[{""position"":0,""characters"":[""N""]},{""position"":1,""characters"":[""A"",""C"",""D"",""E"",""G"",""I"",""K"",""L"",""N"",""O"",""P"",""R"",""T"",""U"",""W"",""Y""]},{""position"":2,""characters"":[""E""]}]","true","false","A_TRUE_GAP","0","0","0","0","0","0","[]","[]","","false","false"
"13","ar_to_en","1","21","11","0","across","6","??I???","[{""position"":0,""characters"":[""A"",""B"",""D"",""E"",""F"",""G"",""H"",""K"",""L"",""M"",""N"",""O"",""P"",""R"",""S"",""T"",""W""]},{""position"":1,""characters"":[""A"",""D"",""E"",""I"",""K"",""N"",""O"",""T""]},{""position"":2,""characters"":[""I""]},{""position"":3,""characters"":[""A"",""C"",""E"",""I"",""N"",""O"",""P"",""R"",""U"",""W""]},{""position"":4,""characters"":[""A"",""C"",""D"",""E"",""F"",""G"",""H"",""K"",""L"",""M"",""N"",""O"",""P"",""R"",""S"",""U"",""V"",""W""]},{""position"":5,""characters"":[""A"",""E""]}]","true","false","A_TRUE_GAP","0","0","0","0","0","0","[]","[]","","false","false"
"13","ar_to_en","1","21","7","10","across","3","L??","[{""position"":0,""characters"":[""L""]},{""position"":1,""characters"":[""A"",""D"",""G"",""I"",""R"",""S"",""T"",""U""]},{""position"":2,""characters"":[""A"",""G"",""M"",""U""]}]","true","false","A_TRUE_GAP","0","0","0","0","0","0","[]","[]","","false","false"
"13","ar_to_en","1","21","11","0","across","6","??????","[{""position"":0,""characters"":[""A"",""E"",""I"",""T""]},{""position"":1,""characters"":[""C"",""D"",""F"",""G"",""H"",""L"",""N"",""O"",""P"",""R"",""S"",""T"",""U"",""W"",""X"",""Y""]},{""position"":2,""characters"":[""D"",""E"",""O""]},{""position"":3,""characters"":[""A"",""E"",""I"",""R"",""U""]},{""position"":4,""characters"":[""A"",""C"",""D"",""E"",""F"",""G"",""H"",""K"",""L"",""M"",""N"",""O"",""P"",""R"",""S"",""U"",""V"",""W""]},{""position"":5,""characters"":[""A"",""E"",""K"",""U""]}]","true","false","A_TRUE_GAP","0","0","0","0","0","0","[]","[]","","false","false"
"13","ar_to_en","1","21","11","0","across","6","??????","[{""position"":0,""characters"":[""A"",""E"",""I"",""T""]},{""position"":1,""characters"":[""A"",""D"",""E"",""F"",""G"",""H"",""K"",""L"",""M"",""N"",""P"",""R"",""S"",""T"",""W"",""Y""]},{""position"":2,""characters"":[""A"",""I""]},{""position"":3,""characters"":[""A"",""C"",""E"",""I"",""N"",""O"",""P"",""R"",""U"",""W""]},{""position"":4,""characters"":[""A"",""C"",""D"",""E"",""F"",""G"",""H"",""K"",""L"",""M"",""N"",""O"",""P"",""R"",""S"",""U"",""V"",""W""]},{""position"":5,""characters"":[""F"",""O""]}]","true","false","A_TRUE_GAP","0","0","0","0","0","0","[]","[]","","false","false"
"13","ar_to_en","1","21","2","0","across","13","??I???????I??","[{""position"":0,""characters"":[""A"",""C"",""D"",""E"",""G"",""I"",""L"",""M"",""N"",""O"",""P"",""R"",""S"",""T"",""U"",""Y""]},{""position"":1,""characters"":[""A"",""C"",""D"",""E"",""I"",""L"",""N"",""O"",""P"",""R"",""T"",""U"",""V""]},{""position"":2,""characters"":[""I""]},{""position"":3,""characters"":[""A"",""C"",""D"",""E"",""F"",""I"",""M"",""N"",""O"",""P"",""R"",""S"",""T"",""U""]},{""position"":4,""characters"":[""A"",""C"",""E"",""F"",""I"",""M"",""N"",""O"",""R"",""T"",""U""]},{""position"":5,""characters"":[""A"",""C"",""D"",""E"",""F"",""G"",""I"",""L"",""M"",""N"",""O"",""P"",""R"",""S"",""T"",""U"",""X""]},{""position"":6,""characters"":[""A"",""B"",""C"",""H"",""I"",""L"",""N"",""O"",""S"",""T"",""U"",""Z""]},{""position"":7,""characters"":[""A"",""C"",""D"",""E"",""F"",""G"",""I"",""M"",""N"",""O"",""P"",""R"",""S"",""T"",""U"",""X""]},{""position"":8,""characters"":[""A"",""C"",""E"",""F"",""I"",""M"",""N"",""O"",""R"",""T"",""U""]},{""position"":9,""characters"":[""A"",""C"",""D"",""E"",""F"",""I"",""M"",""N"",""O"",""P"",""R"",""S"",""T"",""U""]},{""position"":10,""characters"":[""I""]},{""position"":11,""characters"":[""A"",""C"",""D"",""E"",""L"",""N"",""O"",""P"",""R"",""T"",""U"",""V""]},{""position"":12,""characters"":[""A"",""C"",""D"",""E"",""G"",""I"",""L"",""N"",""O"",""P"",""R"",""S"",""T"",""U"",""Y""]}]","true","false","A_TRUE_GAP","0","0","0","0","0","0","[]","[]","","false","false"
"13","ar_to_en","1","21","11","0","across","6","??O???","[{""position"":0,""characters"":[""B"",""C"",""D"",""E"",""F"",""G"",""H"",""M"",""N"",""O"",""P"",""R"",""S"",""T"",""Y""]},{""position"":1,""characters"":[""A"",""D"",""E"",""I"",""K"",""N"",""O"",""T""]},{""position"":2,""characters"":[""O""]},{""position"":3,""characters"":[""A"",""C"",""E"",""G"",""H"",""I"",""N"",""R"",""S"",""T"",""U"",""Y""]},{""position"":4,""characters"":[""A"",""C"",""D"",""E"",""G"",""H"",""I"",""L"",""O"",""P"",""R"",""T"",""U""]},{""position"":5,""characters"":[""A"",""E"",""K"",""U""]}]","true","false","A_TRUE_GAP","0","0","0","0","0","0","[]","[]","","false","false"
"13","ar_to_en","1","21","7","10","across","3","I??","[{""position"":0,""characters"":[""I""]},{""position"":1,""characters"":[""A"",""D"",""G"",""I"",""R"",""S"",""T"",""U""]},{""position"":2,""characters"":[""A"",""E"",""I"",""L"",""N"",""O"",""R"",""T""]}]","true","false","A_TRUE_GAP","0","0","0","0","0","0","[]","[]","","false","false"
"13","ar_to_en","1","22","12","2","across","5","O????","[{""position"":0,""characters"":[""O""]},{""position"":1,""characters"":[""A"",""C"",""D"",""E"",""F"",""G"",""H"",""L"",""M"",""N"",""P"",""S"",""T"",""Y""]},{""position"":2,""characters"":[""A"",""D"",""E"",""F"",""K"",""L"",""N"",""T"",""W""]},{""position"":3,""characters"":[""F"",""M"",""S"",""T""]},{""position"":4,""characters"":[""A"",""B"",""C"",""D"",""E"",""F"",""G"",""H"",""K"",""L"",""N"",""P"",""Q"",""R"",""S"",""T"",""U"",""V"",""W"",""Y""]}]","true","false","A_TRUE_GAP","0","0","0","0","0","0","[]","[]","","false","false"
"13","ar_to_en","1","22","1","5","down","3","?T?","[{""position"":0,""characters"":[""C"",""L"",""P"",""R"",""S"",""T"",""Y""]},{""position"":1,""characters"":[""T""]},{""position"":2,""characters"":[""A"",""B"",""C"",""D"",""E"",""F"",""G"",""H"",""I"",""J"",""K"",""L"",""M"",""N"",""O"",""P"",""R"",""S"",""T"",""U"",""W"",""X"",""Y""]}]","true","false","A_TRUE_GAP","0","0","0","0","0","0","[]","[]","","false","false"
"13","ar_to_en","1","22","2","0","across","13","??I???????I??","[{""position"":0,""characters"":[""A"",""C"",""D"",""E"",""G"",""I"",""L"",""M"",""N"",""O"",""P"",""R"",""S"",""T"",""U""]},{""position"":1,""characters"":[""A"",""D"",""E"",""I"",""L"",""N"",""O"",""P"",""R"",""T"",""U"",""V""]},{""position"":2,""characters"":[""I""]},{""position"":3,""characters"":[""A"",""C"",""D"",""E"",""F"",""I"",""M"",""N"",""O"",""P"",""R"",""S"",""T"",""U""]},{""position"":4,""characters"":[""A"",""E"",""F"",""I"",""M"",""N"",""O"",""R"",""T"",""U""]},{""position"":5,""characters"":[""A"",""C"",""D"",""E"",""F"",""G"",""I"",""L"",""N"",""O"",""P"",""R"",""S"",""T"",""U""]},{""position"":6,""characters"":[""A"",""B"",""C"",""H"",""I"",""L"",""N"",""O"",""S"",""T"",""U""]},{""position"":7,""characters"":[""A"",""C"",""E"",""F"",""G"",""I"",""L"",""M"",""N"",""P"",""R"",""S"",""T"",""U""]},{""position"":8,""characters"":[""A"",""C"",""E"",""F"",""I"",""M"",""N"",""O"",""R"",""T"",""U""]},{""position"":9,""characters"":[""A"",""C"",""D"",""E"",""F"",""I"",""M"",""N"",""O"",""P"",""R"",""S"",""T"",""U""]},{""position"":10,""characters"":[""I""]},{""position"":11,""characters"":[""A"",""C"",""D"",""E"",""I"",""L"",""N"",""O"",""P"",""R"",""T"",""U"",""V""]},{""position"":12,""characters"":[""A"",""C"",""D"",""E"",""G"",""I"",""L"",""M"",""N"",""O"",""P"",""R"",""S"",""T"",""U"",""Y""]}]","true","false","A_TRUE_GAP","0","0","0","0","0","0","[]","[]","","false","false"
"13","ar_to_en","1","22","0","2","down","13","??????????C??","[{""position"":0,""characters"":[""A"",""C"",""D"",""E"",""G"",""I"",""L"",""M"",""N"",""O"",""P"",""R"",""S"",""U"",""Y""]},{""position"":1,""characters"":[""A"",""C"",""D"",""E"",""I"",""L"",""N"",""O"",""P"",""R"",""T"",""U"",""V""]},{""position"":2,""characters"":[""A"",""C"",""D"",""E"",""G"",""I"",""M"",""N"",""O"",""P"",""R"",""S"",""T"",""V""]},{""position"":3,""characters"":[""A"",""C"",""D"",""E"",""F"",""I"",""N"",""O"",""P"",""R"",""S"",""T"",""U""]},{""position"":4,""characters"":[""A"",""E"",""F"",""I"",""M"",""N"",""O"",""R"",""T"",""U""]},{""position"":5,""characters"":[""A"",""C"",""E"",""F"",""G"",""I"",""L"",""M"",""N"",""O"",""P"",""R"",""S"",""T"",""U"",""X""]},{""position"":6,""characters"":[""A"",""B"",""C"",""H"",""I"",""L"",""N"",""O"",""S"",""T"",""U""]},{""position"":7,""characters"":[""A"",""C"",""D"",""E"",""F"",""G"",""I"",""L"",""M"",""N"",""O"",""P"",""R"",""S"",""T"",""U"",""X""]},{""position"":8,""characters"":[""A"",""E"",""F"",""I"",""N"",""O"",""R"",""T"",""U""]},{""position"":9,""characters"":[""A"",""C"",""D"",""E"",""F"",""I"",""M"",""N"",""O"",""P"",""R"",""S"",""T"",""U""]},{""position"":10,""characters"":[""C""]},{""position"":11,""characters"":[""A"",""D"",""E"",""I"",""L"",""N"",""O"",""P"",""R"",""U"",""V""]},{""position"":12,""characters"":[""A"",""C"",""D"",""E"",""G"",""I"",""L"",""M"",""N"",""O"",""P"",""R"",""S"",""T"",""U"",""Y""]}]","true","false","B_USED_EXHAUSTION","1","1","1","0","0","0","[""CIRCUMSTANCES""]","[]","100","false","false"
"13","ar_to_en","1","22","0","2","down","13","??????????G??","[{""position"":0,""characters"":[""A"",""C"",""D"",""E"",""G"",""I"",""L"",""M"",""N"",""O"",""P"",""R"",""S"",""U"",""Y""]},{""position"":1,""characters"":[""A"",""C"",""D"",""E"",""I"",""L"",""N"",""O"",""P"",""R"",""T"",""U"",""V""]},{""position"":2,""characters"":[""A"",""C"",""D"",""E"",""I"",""M"",""N"",""O"",""P"",""R"",""S"",""T"",""V""]},{""position"":3,""characters"":[""A"",""C"",""D"",""E"",""F"",""I"",""N"",""O"",""P"",""R"",""S"",""T"",""U""]},{""position"":4,""characters"":[""A"",""E"",""F"",""I"",""M"",""N"",""O"",""R"",""T"",""U""]},{""position"":5,""characters"":[""A"",""C"",""E"",""F"",""G"",""I"",""L"",""M"",""N"",""O"",""P"",""R"",""S"",""T"",""U"",""X""]},{""position"":6,""characters"":[""A"",""B"",""C"",""H"",""I"",""L"",""N"",""O"",""S"",""T"",""U""]},{""position"":7,""characters"":[""A"",""C"",""D"",""E"",""F"",""G"",""I"",""L"",""M"",""N"",""O"",""P"",""R"",""S"",""T"",""U"",""X""]},{""position"":8,""characters"":[""A"",""E"",""F"",""I"",""N"",""O"",""R"",""T"",""U""]},{""position"":9,""characters"":[""A"",""C"",""D"",""E"",""F"",""I"",""M"",""N"",""O"",""P"",""R"",""S"",""T"",""U""]},{""position"":10,""characters"":[""G""]},{""position"":11,""characters"":[""A"",""D"",""E"",""I"",""L"",""N"",""O"",""P"",""R"",""U"",""V""]},{""position"":12,""characters"":[""A"",""C"",""D"",""E"",""G"",""I"",""L"",""M"",""N"",""O"",""P"",""R"",""S"",""T"",""U"",""Y""]}]","true","false","B_USED_EXHAUSTION","1","1","1","0","0","0","[""ORGANISATIONS""]","[]","100","false","false"
"13","ar_to_en","1","22","0","10","down","13","??????????G??","[{""position"":0,""characters"":[""A"",""C"",""D"",""E"",""G"",""I"",""L"",""M"",""N"",""O"",""P"",""R"",""S"",""T"",""U"",""Y""]},{""position"":1,""characters"":[""A"",""C"",""D"",""E"",""I"",""L"",""N"",""O"",""P"",""R"",""T"",""U"",""V""]},{""position"":2,""characters"":[""A"",""C"",""D"",""E"",""I"",""L"",""M"",""N"",""O"",""P"",""R"",""S"",""T"",""V""]},{""position"":3,""characters"":[""A"",""C"",""D"",""E"",""F"",""I"",""M"",""N"",""O"",""P"",""R"",""S"",""T"",""U""]},{""position"":4,""characters"":[""A"",""C"",""E"",""F"",""I"",""M"",""N"",""O"",""R"",""T"",""U""]},{""position"":5,""characters"":[""A"",""C"",""D"",""E"",""F"",""G"",""I"",""L"",""M"",""N"",""O"",""P"",""R"",""S"",""T"",""U"",""X""]},{""position"":6,""characters"":[""A"",""B"",""C"",""H"",""I"",""L"",""N"",""O"",""S"",""T"",""U""]},{""position"":7,""characters"":[""A"",""C"",""D"",""E"",""F"",""G"",""I"",""M"",""N"",""O"",""P"",""R"",""S"",""T"",""U""]},{""position"":8,""characters"":[""A"",""C"",""E"",""F"",""I"",""M"",""N"",""O"",""R"",""T"",""U""]},{""position"":9,""characters"":[""A"",""C"",""D"",""E"",""F"",""I"",""M"",""N"",""O"",""P"",""R"",""S"",""T"",""U""]},{""position"":10,""characters"":[""G""]},{""position"":11,""characters"":[""A"",""C"",""D"",""E"",""I"",""L"",""N"",""O"",""P"",""R"",""T"",""U"",""V""]},{""position"":12,""characters"":[""A"",""C"",""D"",""E"",""G"",""I"",""L"",""N"",""O"",""P"",""R"",""S"",""T"",""U"",""Y""]}]","true","false","B_USED_EXHAUSTION","1","1","1","0","0","0","[""ORGANISATIONS""]","[]","100","false","false"
"13","ar_to_en","1","22","5","1","down","7","???O?ND","[{""position"":0,""characters"":[""C"",""D"",""E"",""G"",""I"",""L"",""N"",""P"",""R"",""S"",""T""]},{""position"":1,""characters"":[""A"",""O"",""R"",""U""]},{""position"":2,""characters"":[""A"",""C"",""D"",""E"",""H"",""L"",""M"",""N"",""O"",""P"",""R"",""S"",""T"",""U""]},{""position"":3,""characters"":[""O""]},{""position"":4,""characters"":[""A"",""C"",""E"",""G"",""H"",""K"",""N"",""R"",""S"",""T""]},{""position"":5,""characters"":[""N""]},{""position"":6,""characters"":[""D""]}]","true","false","A_TRUE_GAP","0","0","0","0","0","0","[]","[]","","false","false"
"13","ar_to_en","1","22","0","10","down","13","??????????D??","[{""position"":0,""characters"":[""A"",""C"",""D"",""E"",""G"",""I"",""L"",""M"",""N"",""O"",""P"",""R"",""S"",""T"",""U"",""Y""]},{""position"":1,""characters"":[""A"",""C"",""D"",""E"",""I"",""L"",""N"",""O"",""P"",""R"",""T"",""U"",""V""]},{""position"":2,""characters"":[""A"",""C"",""D"",""E"",""G"",""I"",""L"",""M"",""N"",""O"",""P"",""R"",""S"",""T"",""V""]},{""position"":3,""characters"":[""A"",""C"",""D"",""E"",""F"",""I"",""M"",""N"",""O"",""P"",""R"",""S"",""T"",""U""]},{""position"":4,""characters"":[""A"",""C"",""E"",""F"",""I"",""M"",""N"",""O"",""R"",""T"",""U""]},{""position"":5,""characters"":[""A"",""C"",""D"",""E"",""F"",""G"",""I"",""L"",""M"",""N"",""O"",""P"",""R"",""S"",""T"",""U"",""X""]},{""position"":6,""characters"":[""A"",""B"",""C"",""H"",""I"",""L"",""N"",""O"",""S"",""T"",""U""]},{""position"":7,""characters"":[""A"",""C"",""D"",""E"",""F"",""G"",""I"",""M"",""N"",""O"",""P"",""R"",""S"",""T"",""U""]},{""position"":8,""characters"":[""A"",""C"",""E"",""F"",""I"",""M"",""N"",""O"",""R"",""T"",""U""]},{""position"":9,""characters"":[""A"",""C"",""D"",""E"",""F"",""I"",""M"",""N"",""O"",""P"",""R"",""S"",""T"",""U""]},{""position"":10,""characters"":[""D""]},{""position"":11,""characters"":[""A"",""C"",""D"",""E"",""I"",""L"",""N"",""O"",""P"",""R"",""T"",""U"",""V""]},{""position"":12,""characters"":[""A"",""C"",""D"",""E"",""G"",""I"",""L"",""N"",""O"",""P"",""R"",""S"",""T"",""U"",""Y""]}]","true","false","B_USED_EXHAUSTION","1","1","1","0","0","0","[""UNDERSTANDING""]","[]","100","false","false"
"13","ar_to_en","1","22","11","0","across","7","???????","[{""position"":0,""characters"":[""A"",""E"",""K"",""U""]},{""position"":1,""characters"":[""A"",""D"",""E"",""G"",""I"",""S"",""T"",""U""]},{""position"":2,""characters"":[""N"",""R"",""U""]},{""position"":3,""characters"":[""A"",""C"",""D"",""E"",""F"",""G"",""H"",""K"",""L"",""M"",""N"",""O"",""P"",""R"",""S"",""T"",""U"",""V"",""W""]},{""position"":4,""characters"":[""A"",""C"",""E"",""I"",""N"",""O"",""P"",""R"",""U"",""W""]},{""position"":5,""characters"":[""O"",""S""]},{""position"":6,""characters"":[""A"",""E"",""I"",""L"",""R"",""U""]}]","true","false","A_TRUE_GAP","0","0","0","0","0","0","[]","[]","","false","false"
"13","ar_to_en","1","22","11","0","across","7","???????","[{""position"":0,""characters"":[""A"",""E"",""G"",""O""]},{""position"":1,""characters"":[""A"",""D"",""E"",""G"",""I"",""S"",""T"",""U""]},{""position"":2,""characters"":[""E"",""N"",""O"",""V""]},{""position"":3,""characters"":[""A"",""C"",""D"",""E"",""G"",""H"",""I"",""L"",""O"",""P"",""R"",""T"",""U""]},{""position"":4,""characters"":[""O"",""S""]},{""position"":5,""characters"":[""A"",""C"",""E"",""I"",""N"",""O"",""P"",""R"",""U"",""W""]},{""position"":6,""characters"":[""A"",""C"",""L"",""N"",""O"",""T"",""U"",""Y""]}]","true","false","A_TRUE_GAP","0","0","0","0","0","0","[]","[]","","false","false"
"13","ar_to_en","1","22","11","0","across","7","???????","[{""position"":0,""characters"":[""A"",""E"",""I"",""T""]},{""position"":1,""characters"":[""B"",""C"",""D"",""F"",""G"",""H"",""L"",""M"",""N"",""P"",""R"",""S"",""T"",""W""]},{""position"":2,""characters"":[""D"",""E"",""O""]},{""position"":3,""characters"":[""A"",""E"",""I"",""L"",""O"",""U""]},{""position"":4,""characters"":[""O"",""S""]},{""position"":5,""characters"":[""A"",""E"",""I"",""N"",""O"",""U"",""W""]},{""position"":6,""characters"":[""A"",""C"",""D"",""E"",""H"",""L"",""M"",""N"",""O"",""P"",""R"",""S"",""T"",""U"",""V""]}]","true","false","A_TRUE_GAP","0","0","0","0","0","0","[]","[]","","false","false"
"13","ar_to_en","1","22","11","0","across","7","???????","[{""position"":0,""characters"":[""B"",""C"",""D"",""E"",""F"",""G"",""H"",""J"",""K"",""L"",""M"",""N"",""O"",""P"",""R"",""S"",""T"",""W"",""Y""]},{""position"":1,""characters"":[""A"",""E"",""S""]},{""position"":2,""characters"":[""E"",""O""]},{""position"":3,""characters"":[""A"",""C"",""D"",""E"",""F"",""G"",""H"",""K"",""L"",""M"",""N"",""O"",""P"",""R"",""S"",""T"",""U"",""V"",""W""]},{""position"":4,""characters"":[""A"",""E"",""I"",""N"",""O"",""U"",""W""]},{""position"":5,""characters"":[""C"",""L"",""N""]},{""position"":6,""characters"":[""A"",""C"",""E"",""I"",""O"",""S"",""T"",""U""]}]","true","false","A_TRUE_GAP","0","0","0","0","0","0","[]","[]","","false","false"
"13","ar_to_en","1","22","10","9","down","3","I?S","[{""position"":0,""characters"":[""I""]},{""position"":1,""characters"":[""C"",""L"",""N""]},{""position"":2,""characters"":[""S""]}]","true","false","A_TRUE_GAP","0","0","0","0","0","0","[]","[]","","false","false"
"13","ar_to_en","1","22","9","6","across","3","???","[{""position"":0,""characters"":[""A"",""C"",""L"",""N"",""O"",""T"",""U"",""Y""]},{""position"":1,""characters"":[""C"",""D"",""N"",""R"",""T""]},{""position"":2,""characters"":[""F"",""O""]}]","true","false","A_TRUE_GAP","0","0","0","0","0","0","[]","[]","","false","false"
"13","ar_to_en","1","22","7","0","across","6","??M???","[{""position"":0,""characters"":[""A"",""B"",""C"",""D"",""E"",""F"",""G"",""H"",""I"",""L"",""M"",""N"",""O"",""P"",""R"",""S"",""T"",""U"",""W"",""Y""]},{""position"":1,""characters"":[""A"",""E"",""I"",""L"",""M"",""N"",""R"",""U""]},{""position"":2,""characters"":[""M""]},{""position"":3,""characters"":[""C"",""D"",""S"",""Y""]},{""position"":4,""characters"":[""A"",""C"",""D"",""E"",""F"",""G"",""H"",""I"",""L"",""N"",""O"",""P"",""R"",""S"",""T"",""U"",""V"",""W"",""Y""]},{""position"":5,""characters"":[""A"",""B"",""C"",""D"",""E"",""F"",""G"",""H"",""I"",""K"",""L"",""M"",""N"",""O"",""P"",""R"",""S"",""T"",""U"",""V"",""Y""]}]","true","false","A_TRUE_GAP","0","0","0","0","0","0","[]","[]","","false","false"
"13","ar_to_en","1","22","5","1","down","7","?????O?","[{""position"":0,""characters"":[""A"",""C"",""E"",""G"",""L"",""N"",""O"",""P"",""R"",""S"",""T"",""Y""]},{""position"":1,""characters"":[""C"",""E"",""I"",""N"",""O"",""P"",""R"",""S"",""U""]},{""position"":2,""characters"":[""A"",""C"",""E"",""I"",""L"",""N"",""O"",""R"",""S"",""T"",""U""]},{""position"":3,""characters"":[""C"",""D"",""N"",""P"",""R""]},{""position"":4,""characters"":[""A"",""N"",""R""]},{""position"":5,""characters"":[""O""]},{""position"":6,""characters"":[""R"",""S""]}]","true","false","A_TRUE_GAP","0","0","0","0","0","0","[]","[]","","false","false"
"13","ar_to_en","1","23","12","2","across","5","?????","[{""position"":0,""characters"":[""A"",""C"",""D""]},{""position"":1,""characters"":[""A"",""E"",""I"",""P"",""R"",""S"",""T"",""Y""]},{""position"":2,""characters"":[""A"",""B"",""C"",""D"",""F"",""G"",""H"",""N"",""P"",""S"",""T"",""W""]},{""position"":3,""characters"":[""A"",""B"",""D"",""E"",""F"",""G"",""I"",""L"",""O"",""P"",""S"",""T"",""U""]},{""position"":4,""characters"":[""O"",""R""]}]","true","false","A_TRUE_GAP","0","0","0","0","0","0","[]","[]","","false","false"
"13","ar_to_en","1","23","11","0","across","7","???????","[{""position"":0,""characters"":[""A"",""B"",""D"",""E"",""F"",""G"",""H"",""J"",""K"",""L"",""M"",""N"",""P"",""R"",""S"",""T"",""W"",""Y""]},{""position"":1,""characters"":[""A"",""E"",""O""]},{""position"":2,""characters"":[""E"",""N"",""O""]},{""position"":3,""characters"":[""A"",""E"",""I"",""N"",""O"",""S"",""T"",""U"",""Y""]},{""position"":4,""characters"":[""A"",""E"",""I"",""N"",""O"",""U"",""W""]},{""position"":5,""characters"":[""A"",""C"",""E"",""G"",""H"",""I"",""N"",""R"",""S"",""T"",""U"",""Y""]},{""position"":6,""characters"":[""E"",""T""]}]","true","false","A_TRUE_GAP","0","0","0","0","0","0","[]","[]","","false","false"
"13","ar_to_en","1","23","0","10","down","13","??????????L??","[{""position"":0,""characters"":[""A"",""C"",""D"",""E"",""G"",""I"",""L"",""M"",""N"",""O"",""P"",""R"",""S"",""T"",""U"",""Y""]},{""position"":1,""characters"":[""A"",""C"",""D"",""E"",""I"",""L"",""N"",""O"",""P"",""R"",""T"",""U"",""V""]},{""position"":2,""characters"":[""A"",""C"",""D"",""E"",""G"",""I"",""M"",""N"",""O"",""P"",""R"",""S"",""T"",""V""]},{""position"":3,""characters"":[""A"",""C"",""D"",""E"",""F"",""I"",""M"",""N"",""O"",""P"",""R"",""S"",""T"",""U""]},{""position"":4,""characters"":[""A"",""C"",""E"",""F"",""I"",""M"",""N"",""O"",""R"",""T"",""U""]},{""position"":5,""characters"":[""A"",""C"",""D"",""E"",""F"",""G"",""I"",""L"",""M"",""N"",""O"",""P"",""R"",""S"",""T"",""U"",""X""]},{""position"":6,""characters"":[""A"",""B"",""C"",""H"",""I"",""L"",""N"",""O"",""S"",""T"",""U""]},{""position"":7,""characters"":[""A"",""C"",""D"",""E"",""F"",""G"",""I"",""M"",""N"",""O"",""P"",""R"",""S"",""T"",""U""]},{""position"":8,""characters"":[""A"",""C"",""E"",""F"",""I"",""M"",""N"",""O"",""R"",""T"",""U""]},{""position"":9,""characters"":[""A"",""C"",""D"",""E"",""F"",""I"",""M"",""N"",""O"",""P"",""R"",""S"",""T"",""U""]},{""position"":10,""characters"":[""L""]},{""position"":11,""characters"":[""A"",""C"",""D"",""E"",""I"",""L"",""N"",""O"",""P"",""R"",""T"",""U"",""V""]},{""position"":12,""characters"":[""A"",""C"",""D"",""E"",""G"",""I"",""L"",""N"",""O"",""P"",""R"",""S"",""T"",""U"",""Y""]}]","true","false","B_USED_EXHAUSTION","1","1","1","0","0","0","[""AUTOMATICALLY""]","[]","100","false","false"
"13","ar_to_en","1","23","9","0","across","4","??C?","[{""position"":0,""characters"":[""A"",""E"",""K"",""U""]},{""position"":1,""characters"":[""A"",""B"",""C"",""E"",""I"",""L"",""O"",""R"",""U""]},{""position"":2,""characters"":[""C""]},{""position"":3,""characters"":[""A"",""C"",""D"",""E"",""G"",""I"",""N"",""O"",""R"",""T"",""U""]}]","true","false","A_TRUE_GAP","0","0","0","0","0","0","[]","[]","","false","false"
"13","ar_to_en","1","23","8","6","down","5","??U??","[{""position"":0,""characters"":[""A"",""C"",""D"",""E"",""F"",""G"",""H"",""R"",""S"",""T"",""Y""]},{""position"":1,""characters"":[""A"",""B"",""C"",""D"",""G"",""L"",""N"",""O"",""R"",""S"",""T""]},{""position"":2,""characters"":[""U""]},{""position"":3,""characters"":[""C"",""S""]},{""position"":4,""characters"":[""D"",""S"",""Y""]}]","true","false","A_TRUE_GAP","0","0","0","0","0","0","[]","[]","","false","false"
"13","ar_to_en","1","23","0","10","down","13","??????????S??","[{""position"":0,""characters"":[""A"",""C"",""D"",""E"",""G"",""I"",""L"",""M"",""N"",""O"",""P"",""R"",""S"",""T"",""U"",""Y""]},{""position"":1,""characters"":[""A"",""C"",""D"",""E"",""I"",""L"",""N"",""O"",""P"",""R"",""T"",""U"",""V""]},{""position"":2,""characters"":[""A"",""C"",""D"",""E"",""G"",""I"",""L"",""M"",""N"",""O"",""P"",""R"",""S"",""T"",""V""]},{""position"":3,""characters"":[""A"",""C"",""D"",""E"",""F"",""I"",""M"",""N"",""O"",""P"",""R"",""S"",""T"",""U""]},{""position"":4,""characters"":[""A"",""C"",""E"",""F"",""I"",""M"",""N"",""O"",""R"",""T"",""U""]},{""position"":5,""characters"":[""A"",""C"",""D"",""E"",""F"",""G"",""I"",""L"",""M"",""N"",""O"",""P"",""R"",""S"",""T"",""U"",""X""]},{""position"":6,""characters"":[""A"",""B"",""C"",""H"",""I"",""L"",""N"",""O"",""S"",""T"",""U""]},{""position"":7,""characters"":[""A"",""C"",""D"",""E"",""F"",""G"",""I"",""M"",""N"",""O"",""P"",""R"",""S"",""T"",""U""]},{""position"":8,""characters"":[""A"",""C"",""E"",""F"",""I"",""M"",""N"",""O"",""R"",""T"",""U""]},{""position"":9,""characters"":[""A"",""C"",""D"",""E"",""F"",""I"",""M"",""N"",""O"",""P"",""R"",""S"",""T"",""U""]},{""position"":10,""characters"":[""S""]},{""position"":11,""characters"":[""A"",""C"",""D"",""E"",""I"",""L"",""N"",""O"",""P"",""R"",""T"",""U"",""V""]},{""position"":12,""characters"":[""A"",""C"",""D"",""E"",""G"",""I"",""L"",""N"",""O"",""P"",""R"",""S"",""T"",""U"",""Y""]}]","true","false","B_USED_EXHAUSTION","1","1","1","0","0","0","[""INSTITUTIONAL""]","[]","100","false","false"
"13","ar_to_en","1","23","7","0","across","6","??M???","[{""position"":0,""characters"":[""C"",""D"",""E"",""F"",""G"",""H"",""L"",""M"",""N"",""O"",""P"",""R"",""S"",""T"",""W"",""Y""]},{""position"":1,""characters"":[""A"",""E"",""M"",""N"",""R"",""S"",""T""]},{""position"":2,""characters"":[""M""]},{""position"":3,""characters"":[""C"",""D"",""S""]},{""position"":4,""characters"":[""A"",""E"",""G"",""H"",""I"",""L"",""N"",""O"",""R"",""S"",""T"",""U""]},{""position"":5,""characters"":[""A"",""B"",""C"",""D"",""E"",""F"",""M"",""N"",""P"",""R"",""S"",""T"",""V"",""W"",""Y""]}]","true","false","A_TRUE_GAP","0","0","0","0","0","0","[]","[]","","false","false"
"13","ar_to_en","1","23","5","1","down","7","?????N?","[{""position"":0,""characters"":[""A"",""C"",""E"",""I"",""K"",""L"",""N"",""O""]},{""position"":1,""characters"":[""A"",""D"",""E"",""H"",""I"",""L"",""O"",""P"",""R"",""U""]},{""position"":2,""characters"":[""A"",""C"",""D"",""E"",""H"",""I"",""L"",""M"",""N"",""O"",""P"",""R"",""S"",""T"",""U"",""Y""]},{""position"":3,""characters"":[""A"",""B"",""D"",""E"",""G"",""H"",""I"",""K"",""L"",""M"",""N"",""O"",""P"",""R"",""S"",""T"",""W"",""Y""]},{""position"":4,""characters"":[""C"",""E"",""G"",""K"",""N"",""R"",""S"",""T""]},{""position"":5,""characters"":[""N""]},{""position"":6,""characters"":[""A"",""D"",""G"",""S""]}]","true","false","A_TRUE_GAP","0","0","0","0","0","0","[]","[]","","false","false"
"13","ar_to_en","1","23","12","2","across","5","O????","[{""position"":0,""characters"":[""O""]},{""position"":1,""characters"":[""A"",""C"",""D"",""E"",""F"",""G"",""H"",""L"",""M"",""N"",""P"",""S"",""T"",""Y""]},{""position"":2,""characters"":[""A"",""D"",""E"",""F"",""K"",""L"",""N"",""T"",""W""]},{""position"":3,""characters"":[""F"",""M"",""S"",""T""]},{""position"":4,""characters"":[""A"",""B"",""C"",""D"",""E"",""F"",""G"",""H"",""K"",""L"",""N"",""P"",""Q"",""R"",""S"",""T"",""U"",""V"",""W"",""Y""]}]","true","false","A_TRUE_GAP","0","0","0","0","0","0","[]","[]","","false","false"
"13","ar_to_en","1","23","1","5","down","3","?T?","[{""position"":0,""characters"":[""C"",""L"",""P"",""R"",""S"",""T"",""Y""]},{""position"":1,""characters"":[""T""]},{""position"":2,""characters"":[""A"",""B"",""C"",""D"",""E"",""F"",""G"",""H"",""I"",""J"",""K"",""L"",""M"",""N"",""O"",""P"",""R"",""S"",""T"",""U"",""W"",""X"",""Y""]}]","true","false","A_TRUE_GAP","0","0","0","0","0","0","[]","[]","","false","false"
"13","ar_to_en","1","23","2","0","across","13","??I???????I??","[{""position"":0,""characters"":[""A"",""C"",""D"",""E"",""G"",""I"",""L"",""M"",""N"",""O"",""P"",""R"",""S"",""T"",""U""]},{""position"":1,""characters"":[""A"",""D"",""E"",""I"",""L"",""N"",""O"",""P"",""R"",""T"",""U"",""V""]},{""position"":2,""characters"":[""I""]},{""position"":3,""characters"":[""A"",""C"",""D"",""E"",""F"",""I"",""M"",""N"",""O"",""P"",""R"",""S"",""T"",""U""]},{""position"":4,""characters"":[""A"",""E"",""F"",""I"",""M"",""N"",""O"",""R"",""T"",""U""]},{""position"":5,""characters"":[""A"",""C"",""D"",""E"",""F"",""G"",""I"",""L"",""N"",""O"",""P"",""R"",""S"",""T"",""U""]},{""position"":6,""characters"":[""A"",""B"",""C"",""H"",""I"",""L"",""N"",""O"",""S"",""T"",""U""]},{""position"":7,""characters"":[""A"",""C"",""E"",""F"",""G"",""I"",""L"",""M"",""N"",""P"",""R"",""S"",""T"",""U""]},{""position"":8,""characters"":[""A"",""C"",""E"",""F"",""I"",""M"",""N"",""O"",""R"",""T"",""U""]},{""position"":9,""characters"":[""A"",""C"",""D"",""E"",""F"",""I"",""M"",""N"",""O"",""P"",""R"",""S"",""T"",""U""]},{""position"":10,""characters"":[""I""]},{""position"":11,""characters"":[""A"",""C"",""D"",""E"",""I"",""L"",""N"",""O"",""P"",""R"",""T"",""U"",""V""]},{""position"":12,""characters"":[""A"",""C"",""D"",""E"",""G"",""I"",""L"",""M"",""N"",""O"",""P"",""R"",""S"",""T"",""U"",""Y""]}]","true","false","A_TRUE_GAP","0","0","0","0","0","0","[]","[]","","false","false"
"13","ar_to_en","1","23","0","2","down","13","??????????C??","[{""position"":0,""characters"":[""A"",""C"",""D"",""E"",""G"",""I"",""L"",""M"",""N"",""O"",""P"",""R"",""S"",""U"",""Y""]},{""position"":1,""characters"":[""A"",""C"",""D"",""E"",""I"",""L"",""N"",""O"",""P"",""R"",""T"",""U"",""V""]},{""position"":2,""characters"":[""A"",""C"",""D"",""E"",""G"",""I"",""M"",""N"",""O"",""P"",""R"",""S"",""T"",""V""]},{""position"":3,""characters"":[""A"",""C"",""D"",""E"",""F"",""I"",""N"",""O"",""P"",""R"",""S"",""T"",""U""]},{""position"":4,""characters"":[""A"",""E"",""F"",""I"",""M"",""N"",""O"",""R"",""T"",""U""]},{""position"":5,""characters"":[""A"",""C"",""E"",""F"",""G"",""I"",""L"",""M"",""N"",""O"",""P"",""R"",""S"",""T"",""U"",""X""]},{""position"":6,""characters"":[""A"",""B"",""C"",""H"",""I"",""L"",""N"",""O"",""S"",""T"",""U""]},{""position"":7,""characters"":[""A"",""C"",""D"",""E"",""F"",""G"",""I"",""L"",""M"",""N"",""O"",""P"",""R"",""S"",""T"",""U"",""X""]},{""position"":8,""characters"":[""A"",""E"",""F"",""I"",""N"",""O"",""R"",""T"",""U""]},{""position"":9,""characters"":[""A"",""C"",""D"",""E"",""F"",""I"",""M"",""N"",""O"",""P"",""R"",""S"",""T"",""U""]},{""position"":10,""characters"":[""C""]},{""position"":11,""characters"":[""A"",""D"",""E"",""I"",""L"",""N"",""O"",""P"",""R"",""U"",""V""]},{""position"":12,""characters"":[""A"",""C"",""D"",""E"",""G"",""I"",""L"",""M"",""N"",""O"",""P"",""R"",""S"",""T"",""U"",""Y""]}]","true","false","B_USED_EXHAUSTION","1","1","1","0","0","0","[""CIRCUMSTANCES""]","[]","100","false","false"
"13","ar_to_en","1","23","0","2","down","13","??????????G??","[{""position"":0,""characters"":[""A"",""C"",""D"",""E"",""G"",""I"",""L"",""M"",""N"",""O"",""P"",""R"",""S"",""U"",""Y""]},{""position"":1,""characters"":[""A"",""C"",""D"",""E"",""I"",""L"",""N"",""O"",""P"",""R"",""T"",""U"",""V""]},{""position"":2,""characters"":[""A"",""C"",""D"",""E"",""I"",""M"",""N"",""O"",""P"",""R"",""S"",""T"",""V""]},{""position"":3,""characters"":[""A"",""C"",""D"",""E"",""F"",""I"",""N"",""O"",""P"",""R"",""S"",""T"",""U""]},{""position"":4,""characters"":[""A"",""E"",""F"",""I"",""M"",""N"",""O"",""R"",""T"",""U""]},{""position"":5,""characters"":[""A"",""C"",""E"",""F"",""G"",""I"",""L"",""M"",""N"",""O"",""P"",""R"",""S"",""T"",""U"",""X""]},{""position"":6,""characters"":[""A"",""B"",""C"",""H"",""I"",""L"",""N"",""O"",""S"",""T"",""U""]},{""position"":7,""characters"":[""A"",""C"",""D"",""E"",""F"",""G"",""I"",""L"",""M"",""N"",""O"",""P"",""R"",""S"",""T"",""U"",""X""]},{""position"":8,""characters"":[""A"",""E"",""F"",""I"",""N"",""O"",""R"",""T"",""U""]},{""position"":9,""characters"":[""A"",""C"",""D"",""E"",""F"",""I"",""M"",""N"",""O"",""P"",""R"",""S"",""T"",""U""]},{""position"":10,""characters"":[""G""]},{""position"":11,""characters"":[""A"",""D"",""E"",""I"",""L"",""N"",""O"",""P"",""R"",""U"",""V""]},{""position"":12,""characters"":[""A"",""C"",""D"",""E"",""G"",""I"",""L"",""M"",""N"",""O"",""P"",""R"",""S"",""T"",""U"",""Y""]}]","true","false","B_USED_EXHAUSTION","1","1","1","0","0","0","[""ORGANISATIONS""]","[]","100","false","false"
"13","ar_to_en","1","23","0","10","down","13","??????????G??","[{""position"":0,""characters"":[""A"",""C"",""D"",""E"",""G"",""I"",""L"",""M"",""N"",""O"",""P"",""R"",""S"",""T"",""U"",""Y""]},{""position"":1,""characters"":[""A"",""C"",""D"",""E"",""I"",""L"",""N"",""O"",""P"",""R"",""T"",""U"",""V""]},{""position"":2,""characters"":[""A"",""C"",""D"",""E"",""I"",""L"",""M"",""N"",""O"",""P"",""R"",""S"",""T"",""V""]},{""position"":3,""characters"":[""A"",""C"",""D"",""E"",""F"",""I"",""M"",""N"",""O"",""P"",""R"",""S"",""T"",""U""]},{""position"":4,""characters"":[""A"",""C"",""E"",""F"",""I"",""M"",""N"",""O"",""R"",""T"",""U""]},{""position"":5,""characters"":[""A"",""C"",""D"",""E"",""F"",""G"",""I"",""L"",""M"",""N"",""O"",""P"",""R"",""S"",""T"",""U"",""X""]},{""position"":6,""characters"":[""A"",""B"",""C"",""H"",""I"",""L"",""N"",""O"",""S"",""T"",""U""]},{""position"":7,""characters"":[""A"",""C"",""D"",""E"",""F"",""G"",""I"",""M"",""N"",""O"",""P"",""R"",""S"",""T"",""U""]},{""position"":8,""characters"":[""A"",""C"",""E"",""F"",""I"",""M"",""N"",""O"",""R"",""T"",""U""]},{""position"":9,""characters"":[""A"",""C"",""D"",""E"",""F"",""I"",""M"",""N"",""O"",""P"",""R"",""S"",""T"",""U""]},{""position"":10,""characters"":[""G""]},{""position"":11,""characters"":[""A"",""C"",""D"",""E"",""I"",""L"",""N"",""O"",""P"",""R"",""T"",""U"",""V""]},{""position"":12,""characters"":[""A"",""C"",""D"",""E"",""G"",""I"",""L"",""N"",""O"",""P"",""R"",""S"",""T"",""U"",""Y""]}]","true","false","B_USED_EXHAUSTION","1","1","1","0","0","0","[""ORGANISATIONS""]","[]","100","false","false"
"13","ar_to_en","1","24","11","0","across","7","???????","[{""position"":0,""characters"":[""A"",""E"",""K"",""U""]},{""position"":1,""characters"":[""A"",""B"",""C"",""D"",""E"",""F"",""G"",""M"",""N"",""O"",""P"",""S"",""T"",""W""]},{""position"":2,""characters"":[""L"",""N"",""R""]},{""position"":3,""characters"":[""A"",""C"",""D"",""E"",""G"",""H"",""I"",""L"",""O"",""P"",""R"",""T"",""U""]},{""position"":4,""characters"":[""O"",""S""]},{""position"":5,""characters"":[""A"",""C"",""E"",""I"",""N"",""O"",""P"",""R"",""U"",""W""]},{""position"":6,""characters"":[""A"",""C"",""L"",""N"",""O"",""T"",""U"",""Y""]}]","true","false","A_TRUE_GAP","0","0","0","0","0","0","[]","[]","","false","false"
"13","ar_to_en","1","24","12","2","across","5","?????","[{""position"":0,""characters"":[""A"",""C"",""D""]},{""position"":1,""characters"":[""A"",""E"",""I"",""P"",""R"",""S"",""T"",""Y""]},{""position"":2,""characters"":[""A"",""B"",""C"",""D"",""F"",""G"",""H"",""N"",""P"",""S"",""T"",""W""]},{""position"":3,""characters"":[""A"",""B"",""D"",""E"",""F"",""G"",""I"",""L"",""O"",""P"",""S"",""T"",""U""]},{""position"":4,""characters"":[""O"",""R""]}]","true","false","A_TRUE_GAP","0","0","0","0","0","0","[]","[]","","false","false"
"13","ar_to_en","1","24","11","0","across","7","???????","[{""position"":0,""characters"":[""A"",""B"",""D"",""E"",""F"",""G"",""H"",""J"",""K"",""L"",""M"",""N"",""P"",""R"",""S"",""T"",""W"",""Y""]},{""position"":1,""characters"":[""A"",""E"",""O""]},{""position"":2,""characters"":[""E"",""N"",""O""]},{""position"":3,""characters"":[""A"",""E"",""I"",""N"",""O"",""S"",""T"",""U"",""Y""]},{""position"":4,""characters"":[""A"",""E"",""I"",""N"",""O"",""U"",""W""]},{""position"":5,""characters"":[""A"",""C"",""E"",""G"",""H"",""I"",""N"",""R"",""S"",""T"",""U"",""Y""]},{""position"":6,""characters"":[""E"",""T""]}]","true","false","A_TRUE_GAP","0","0","0","0","0","0","[]","[]","","false","false"
"13","ar_to_en","1","24","0","10","down","13","??????????L??","[{""position"":0,""characters"":[""A"",""C"",""D"",""E"",""G"",""I"",""L"",""M"",""N"",""O"",""P"",""R"",""S"",""T"",""U"",""Y""]},{""position"":1,""characters"":[""A"",""C"",""D"",""E"",""I"",""L"",""N"",""O"",""P"",""R"",""T"",""U"",""V""]},{""position"":2,""characters"":[""A"",""C"",""D"",""E"",""G"",""I"",""M"",""N"",""O"",""P"",""R"",""S"",""T"",""V""]},{""position"":3,""characters"":[""A"",""C"",""D"",""E"",""F"",""I"",""M"",""N"",""O"",""P"",""R"",""S"",""T"",""U""]},{""position"":4,""characters"":[""A"",""C"",""E"",""F"",""I"",""M"",""N"",""O"",""R"",""T"",""U""]},{""position"":5,""characters"":[""A"",""C"",""D"",""E"",""F"",""G"",""I"",""L"",""M"",""N"",""O"",""P"",""R"",""S"",""T"",""U"",""X""]},{""position"":6,""characters"":[""A"",""B"",""C"",""H"",""I"",""L"",""N"",""O"",""S"",""T"",""U""]},{""position"":7,""characters"":[""A"",""C"",""D"",""E"",""F"",""G"",""I"",""M"",""N"",""O"",""P"",""R"",""S"",""T"",""U""]},{""position"":8,""characters"":[""A"",""C"",""E"",""F"",""I"",""M"",""N"",""O"",""R"",""T"",""U""]},{""position"":9,""characters"":[""A"",""C"",""D"",""E"",""F"",""I"",""M"",""N"",""O"",""P"",""R"",""S"",""T"",""U""]},{""position"":10,""characters"":[""L""]},{""position"":11,""characters"":[""A"",""C"",""D"",""E"",""I"",""L"",""N"",""O"",""P"",""R"",""T"",""U"",""V""]},{""position"":12,""characters"":[""A"",""C"",""D"",""E"",""G"",""I"",""L"",""N"",""O"",""P"",""R"",""S"",""T"",""U"",""Y""]}]","true","false","B_USED_EXHAUSTION","1","1","1","0","0","0","[""AUTOMATICALLY""]","[]","100","false","false"
"13","ar_to_en","1","24","9","0","across","4","??C?","[{""position"":0,""characters"":[""A"",""E"",""K"",""U""]},{""position"":1,""characters"":[""A"",""B"",""C"",""E"",""I"",""L"",""O"",""R"",""U""]},{""position"":2,""characters"":[""C""]},{""position"":3,""characters"":[""A"",""C"",""D"",""E"",""G"",""I"",""N"",""O"",""R"",""T"",""U""]}]","true","false","A_TRUE_GAP","0","0","0","0","0","0","[]","[]","","false","false"
"13","ar_to_en","1","24","8","6","down","5","??U??","[{""position"":0,""characters"":[""A"",""C"",""D"",""E"",""F"",""G"",""H"",""R"",""S"",""T"",""Y""]},{""position"":1,""characters"":[""A"",""B"",""C"",""D"",""G"",""L"",""N"",""O"",""R"",""S"",""T""]},{""position"":2,""characters"":[""U""]},{""position"":3,""characters"":[""C"",""S""]},{""position"":4,""characters"":[""D"",""S"",""Y""]}]","true","false","A_TRUE_GAP","0","0","0","0","0","0","[]","[]","","false","false"
"13","ar_to_en","1","24","0","10","down","13","??????????S??","[{""position"":0,""characters"":[""A"",""C"",""D"",""E"",""G"",""I"",""L"",""M"",""N"",""O"",""P"",""R"",""S"",""T"",""U"",""Y""]},{""position"":1,""characters"":[""A"",""C"",""D"",""E"",""I"",""L"",""N"",""O"",""P"",""R"",""T"",""U"",""V""]},{""position"":2,""characters"":[""A"",""C"",""D"",""E"",""G"",""I"",""L"",""M"",""N"",""O"",""P"",""R"",""S"",""T"",""V""]},{""position"":3,""characters"":[""A"",""C"",""D"",""E"",""F"",""I"",""M"",""N"",""O"",""P"",""R"",""S"",""T"",""U""]},{""position"":4,""characters"":[""A"",""C"",""E"",""F"",""I"",""M"",""N"",""O"",""R"",""T"",""U""]},{""position"":5,""characters"":[""A"",""C"",""D"",""E"",""F"",""G"",""I"",""L"",""M"",""N"",""O"",""P"",""R"",""S"",""T"",""U"",""X""]},{""position"":6,""characters"":[""A"",""B"",""C"",""H"",""I"",""L"",""N"",""O"",""S"",""T"",""U""]},{""position"":7,""characters"":[""A"",""C"",""D"",""E"",""F"",""G"",""I"",""M"",""N"",""O"",""P"",""R"",""S"",""T"",""U""]},{""position"":8,""characters"":[""A"",""C"",""E"",""F"",""I"",""M"",""N"",""O"",""R"",""T"",""U""]},{""position"":9,""characters"":[""A"",""C"",""D"",""E"",""F"",""I"",""M"",""N"",""O"",""P"",""R"",""S"",""T"",""U""]},{""position"":10,""characters"":[""S""]},{""position"":11,""characters"":[""A"",""C"",""D"",""E"",""I"",""L"",""N"",""O"",""P"",""R"",""T"",""U"",""V""]},{""position"":12,""characters"":[""A"",""C"",""D"",""E"",""G"",""I"",""L"",""N"",""O"",""P"",""R"",""S"",""T"",""U"",""Y""]}]","true","false","B_USED_EXHAUSTION","1","1","1","0","0","0","[""INSTITUTIONAL""]","[]","100","false","false"
"13","ar_to_en","1","24","7","0","across","6","??M???","[{""position"":0,""characters"":[""C"",""D"",""E"",""F"",""G"",""H"",""L"",""M"",""N"",""O"",""P"",""R"",""S"",""T"",""W"",""Y""]},{""position"":1,""characters"":[""A"",""E"",""M"",""N"",""R"",""S"",""T""]},{""position"":2,""characters"":[""M""]},{""position"":3,""characters"":[""C"",""D"",""S""]},{""position"":4,""characters"":[""A"",""E"",""G"",""H"",""I"",""L"",""N"",""O"",""R"",""S"",""T"",""U""]},{""position"":5,""characters"":[""A"",""B"",""C"",""D"",""E"",""F"",""M"",""N"",""P"",""R"",""S"",""T"",""V"",""W"",""Y""]}]","true","false","A_TRUE_GAP","0","0","0","0","0","0","[]","[]","","false","false"
"13","ar_to_en","1","24","5","1","down","7","?????N?","[{""position"":0,""characters"":[""A"",""C"",""E"",""I"",""K"",""L"",""N"",""O""]},{""position"":1,""characters"":[""A"",""D"",""E"",""H"",""I"",""L"",""O"",""P"",""R"",""U""]},{""position"":2,""characters"":[""A"",""C"",""D"",""E"",""H"",""I"",""L"",""M"",""N"",""O"",""P"",""R"",""S"",""T"",""U"",""Y""]},{""position"":3,""characters"":[""A"",""B"",""D"",""E"",""G"",""H"",""I"",""K"",""L"",""M"",""N"",""O"",""P"",""R"",""S"",""T"",""W"",""Y""]},{""position"":4,""characters"":[""C"",""E"",""G"",""K"",""N"",""R"",""S"",""T""]},{""position"":5,""characters"":[""N""]},{""position"":6,""characters"":[""A"",""D"",""G"",""S""]}]","true","false","A_TRUE_GAP","0","0","0","0","0","0","[]","[]","","false","false"
"13","ar_to_en","1","24","12","2","across","5","O????","[{""position"":0,""characters"":[""O""]},{""position"":1,""characters"":[""A"",""C"",""D"",""E"",""F"",""G"",""H"",""L"",""M"",""N"",""P"",""S"",""T"",""Y""]},{""position"":2,""characters"":[""A"",""D"",""E"",""F"",""K"",""L"",""N"",""T"",""W""]},{""position"":3,""characters"":[""F"",""M"",""S"",""T""]},{""position"":4,""characters"":[""A"",""B"",""C"",""D"",""E"",""F"",""G"",""H"",""K"",""L"",""N"",""P"",""Q"",""R"",""S"",""T"",""U"",""V"",""W"",""Y""]}]","true","false","A_TRUE_GAP","0","0","0","0","0","0","[]","[]","","false","false"
"13","ar_to_en","1","24","1","5","down","3","?T?","[{""position"":0,""characters"":[""C"",""L"",""P"",""R"",""S"",""T"",""Y""]},{""position"":1,""characters"":[""T""]},{""position"":2,""characters"":[""A"",""B"",""C"",""D"",""E"",""F"",""G"",""H"",""I"",""J"",""K"",""L"",""M"",""N"",""O"",""P"",""R"",""S"",""T"",""U"",""W"",""X"",""Y""]}]","true","false","A_TRUE_GAP","0","0","0","0","0","0","[]","[]","","false","false"
"13","ar_to_en","1","25","0","10","down","13","??????????P??","[{""position"":0,""characters"":[""A"",""C"",""D"",""E"",""G"",""I"",""L"",""M"",""N"",""O"",""P"",""R"",""S"",""T"",""U"",""Y""]},{""position"":1,""characters"":[""A"",""C"",""D"",""E"",""I"",""L"",""N"",""O"",""P"",""R"",""T"",""U"",""V""]},{""position"":2,""characters"":[""A"",""C"",""D"",""E"",""G"",""I"",""L"",""M"",""N"",""O"",""R"",""S"",""T"",""V""]},{""position"":3,""characters"":[""A"",""C"",""D"",""E"",""F"",""I"",""M"",""N"",""O"",""P"",""R"",""S"",""T"",""U""]},{""position"":4,""characters"":[""A"",""C"",""E"",""F"",""I"",""M"",""N"",""O"",""R"",""T"",""U""]},{""position"":5,""characters"":[""A"",""C"",""D"",""E"",""F"",""G"",""I"",""L"",""M"",""N"",""O"",""P"",""R"",""S"",""T"",""U"",""X""]},{""position"":6,""characters"":[""A"",""B"",""C"",""H"",""I"",""L"",""N"",""O"",""S"",""T"",""U""]},{""position"":7,""characters"":[""A"",""C"",""D"",""E"",""F"",""G"",""I"",""M"",""N"",""O"",""P"",""R"",""S"",""T"",""U""]},{""position"":8,""characters"":[""A"",""C"",""E"",""F"",""I"",""M"",""N"",""O"",""R"",""T"",""U""]},{""position"":9,""characters"":[""A"",""C"",""D"",""E"",""F"",""I"",""M"",""N"",""O"",""P"",""R"",""S"",""T"",""U""]},{""position"":10,""characters"":[""P""]},{""position"":11,""characters"":[""A"",""C"",""D"",""E"",""I"",""L"",""N"",""O"",""P"",""R"",""T"",""U"",""V""]},{""position"":12,""characters"":[""A"",""C"",""D"",""E"",""G"",""I"",""L"",""N"",""O"",""P"",""R"",""S"",""T"",""U"",""Y""]}]","true","false","B_USED_EXHAUSTION","1","1","1","0","0","0","[""OPPORTUNITIES""]","[]","100","false","false"
"13","ar_to_en","1","26","10","0","across","13","??????????C??","[{""position"":0,""characters"":[""A"",""E"",""I"",""N"",""O"",""U""]},{""position"":1,""characters"":[""A"",""D"",""E"",""L"",""N"",""P"",""R"",""T"",""V""]},{""position"":2,""characters"":[""A"",""E"",""G"",""O""]},{""position"":3,""characters"":[""A"",""E"",""I"",""T""]},{""position"":4,""characters"":[""A"",""C"",""E"",""I"",""M"",""N"",""O"",""R"",""T""]},{""position"":5,""characters"":[""A"",""E"",""I"",""R""]},{""position"":6,""characters"":[""A"",""H"",""I"",""O"",""U""]},{""position"":7,""characters"":[""A"",""E""]},{""position"":8,""characters"":[""C"",""E"",""F"",""I"",""M"",""N"",""R"",""T"",""U""]},{""position"":9,""characters"":[""A"",""C"",""D"",""E"",""I"",""N"",""O"",""S"",""T"",""U""]},{""position"":10,""characters"":[""C""]},{""position"":11,""characters"":[""A"",""D"",""E"",""L"",""N"",""P"",""R"",""T""]},{""position"":12,""characters"":[""A"",""E"",""U""]}]","true","false","A_TRUE_GAP","0","0","0","0","0","0","[]","[]","","false","false"
"13","ar_to_en","1","26","0","2","down","13","???????????C?","[{""position"":0,""characters"":[""A"",""C"",""D"",""E"",""G"",""I"",""L"",""M"",""N"",""O"",""P"",""R"",""S"",""T"",""U"",""Y""]},{""position"":1,""characters"":[""A"",""C"",""D"",""E"",""I"",""L"",""N"",""O"",""P"",""R"",""T"",""U"",""V""]},{""position"":2,""characters"":[""A"",""C"",""D"",""E"",""G"",""I"",""M"",""N"",""O"",""P"",""R"",""S"",""T"",""V""]},{""position"":3,""characters"":[""A"",""C"",""D"",""E"",""F"",""I"",""M"",""N"",""O"",""P"",""R"",""S"",""T"",""U""]},{""position"":4,""characters"":[""A"",""E"",""F"",""I"",""M"",""N"",""O"",""R"",""T"",""U""]},{""position"":5,""characters"":[""A"",""C"",""D"",""E"",""F"",""G"",""I"",""M"",""N"",""O"",""P"",""R"",""S"",""T"",""U"",""X""]},{""position"":6,""characters"":[""A"",""B"",""C"",""H"",""I"",""L"",""N"",""O"",""S"",""T"",""U"",""Z""]},{""position"":7,""characters"":[""A"",""C"",""D"",""E"",""F"",""G"",""I"",""L"",""M"",""N"",""O"",""P"",""R"",""S"",""T"",""U"",""X""]},{""position"":8,""characters"":[""A"",""C"",""E"",""F"",""I"",""M"",""N"",""O"",""R"",""T"",""U""]},{""position"":9,""characters"":[""A"",""C"",""D"",""E"",""F"",""I"",""M"",""N"",""O"",""P"",""R"",""S"",""T"",""U""]},{""position"":10,""characters"":[""A"",""C"",""D"",""E"",""G"",""I"",""L"",""M"",""N"",""O"",""P"",""R"",""S"",""T"",""V""]},{""position"":11,""characters"":[""C""]},{""position"":12,""characters"":[""A"",""C"",""D"",""E"",""G"",""I"",""L"",""M"",""N"",""O"",""P"",""R"",""S"",""T"",""U"",""Y""]}]","true","false","B_USED_EXHAUSTION","1","1","1","0","0","0","[""ACCOMMODATION""]","[]","100","false","false"
"13","ar_to_en","1","26","10","0","across","13","?????????????","[{""position"":0,""characters"":[""A"",""C"",""E"",""G"",""L"",""N"",""O"",""R"",""S"",""T""]},{""position"":1,""characters"":[""A"",""D"",""E"",""I"",""L"",""O"",""T"",""U""]},{""position"":2,""characters"":[""M"",""V""]},{""position"":3,""characters"":[""A"",""E"",""F"",""M"",""N"",""R"",""S"",""T""]},{""position"":4,""characters"":[""A"",""E"",""I"",""N"",""O"",""R"",""T"",""U""]},{""position"":5,""characters"":[""A"",""D"",""E"",""I"",""O"",""P""]},{""position"":6,""characters"":[""A"",""C"",""I"",""N"",""O"",""U""]},{""position"":7,""characters"":[""C"",""E"",""F"",""G"",""L"",""M"",""N"",""P"",""R"",""S"",""T""]},{""position"":8,""characters"":[""A"",""C"",""E"",""I"",""N"",""O"",""T"",""U""]},{""position"":9,""characters"":[""E"",""I"",""N"",""R"",""U""]},{""position"":10,""characters"":[""R"",""S""]},{""position"":11,""characters"":[""A"",""D"",""E"",""I"",""N"",""O"",""T""]},{""position"":12,""characters"":[""A"",""E"",""G"",""O""]}]","true","false","A_TRUE_GAP","0","0","0","0","0","0","[]","[]","","false","false"
"13","ar_to_en","1","26","10","0","across","13","?????????????","[{""position"":0,""characters"":[""A"",""D"",""E"",""I"",""O""]},{""position"":1,""characters"":[""A"",""D"",""E"",""I"",""L"",""O"",""T"",""U""]},{""position"":2,""characters"":[""R"",""S""]},{""position"":3,""characters"":[""A"",""O"",""S""]},{""position"":4,""characters"":[""A"",""C"",""E"",""I"",""N"",""O"",""T"",""U""]},{""position"":5,""characters"":[""C"",""D"",""E"",""G"",""I"",""L"",""N"",""P"",""R"",""S"",""T""]},{""position"":6,""characters"":[""A"",""C"",""I"",""N"",""O"",""U""]},{""position"":7,""characters"":[""A"",""E""]},{""position"":8,""characters"":[""A"",""E"",""I"",""O"",""R"",""T"",""U""]},{""position"":9,""characters"":[""A"",""C"",""E"",""F"",""I"",""M"",""N"",""O"",""P"",""R"",""S"",""T"",""U""]},{""position"":10,""characters"":[""M"",""V""]},{""position"":11,""characters"":[""A"",""D"",""E"",""I"",""N"",""O"",""T""]},{""position"":12,""characters"":[""C"",""D"",""E"",""G"",""M"",""N"",""O"",""P"",""R"",""S"",""T"",""Y""]}]","true","false","A_TRUE_GAP","0","0","0","0","0","0","[]","[]","","false","false"
"13","ar_to_en","1","26","10","0","across","13","?????????????","[{""position"":0,""characters"":[""A"",""I"",""O"",""R"",""U""]},{""position"":1,""characters"":[""D"",""E"",""I"",""L"",""N"",""O"",""P"",""R"",""T"",""U"",""V""]},{""position"":2,""characters"":[""D"",""E"",""I"",""N"",""O"",""S"",""T"",""V""]},{""position"":3,""characters"":[""C"",""D"",""E"",""F"",""M"",""N"",""O"",""R"",""S"",""T""]},{""position"":4,""characters"":[""A"",""F"",""T""]},{""position"":5,""characters"":[""C"",""D"",""E"",""G"",""I"",""L"",""N"",""P"",""R"",""S"",""T""]},{""position"":6,""characters"":[""A"",""O"",""U""]},{""position"":7,""characters"":[""A"",""E""]},{""position"":8,""characters"":[""E"",""F"",""I"",""M"",""N"",""O"",""R"",""T""]},{""position"":9,""characters"":[""A"",""D"",""E"",""I"",""O"",""R"",""T"",""U""]},{""position"":10,""characters"":[""R"",""S""]},{""position"":11,""characters"":[""A"",""D"",""E"",""I"",""N"",""O"",""T""]},{""position"":12,""characters"":[""A"",""E"",""G"",""O""]}]","true","false","A_TRUE_GAP","0","0","0","0","0","0","[]","[]","","false","false"
"13","ar_to_en","1","26","10","0","across","13","??????????C??","[{""position"":0,""characters"":[""A"",""C"",""D"",""E"",""I"",""L"",""O"",""T"",""U""]},{""position"":1,""characters"":[""A"",""D"",""E"",""L"",""N"",""O"",""P"",""R"",""T"",""U"",""V""]},{""position"":2,""characters"":[""R"",""S""]},{""position"":3,""characters"":[""A"",""E""]},{""position"":4,""characters"":[""C"",""E"",""I"",""M"",""N"",""R"",""T"",""U""]},{""position"":5,""characters"":[""A"",""C"",""E"",""I"",""N"",""O"",""P"",""R""]},{""position"":6,""characters"":[""A"",""I"",""N"",""O"",""U""]},{""position"":7,""characters"":[""A"",""E"",""F"",""G"",""L"",""M"",""N"",""P"",""R"",""S"",""T""]},{""position"":8,""characters"":[""A"",""E"",""I"",""O"",""U""]},{""position"":9,""characters"":[""D"",""E"",""F"",""I"",""N"",""O"",""P"",""R"",""S"",""T""]},{""position"":10,""characters"":[""C""]},{""position"":11,""characters"":[""C"",""D"",""L"",""N"",""O"",""P"",""R"",""T"",""U""]},{""position"":12,""characters"":[""A"",""D"",""O"",""S""]}]","true","false","A_TRUE_GAP","0","0","0","0","0","0","[]","[]","","false","false"
"13","ar_to_en","1","26","10","0","across","13","??I??????????","[{""position"":0,""characters"":[""C"",""D"",""E"",""G"",""I"",""L"",""M"",""N"",""O"",""P"",""R"",""S"",""T"",""U"",""Y""]},{""position"":1,""characters"":[""A"",""D"",""E"",""I"",""N"",""O""]},{""position"":2,""characters"":[""I""]},{""position"":3,""characters"":[""A"",""D"",""E"",""F"",""M"",""N"",""R"",""S"",""T""]},{""position"":4,""characters"":[""A"",""E"",""I"",""N"",""O"",""R"",""T"",""U""]},{""position"":5,""characters"":[""A"",""C"",""E"",""I"",""N"",""O"",""P"",""R""]},{""position"":6,""characters"":[""C"",""L"",""N""]},{""position"":7,""characters"":[""A"",""E""]},{""position"":8,""characters"":[""A"",""C"",""E"",""F"",""I"",""M"",""N"",""O"",""R"",""T"",""U""]},{""position"":9,""characters"":[""A"",""E"",""I"",""O"",""P"",""U""]},{""position"":10,""characters"":[""C"",""I"",""M"",""R"",""T""]},{""position"":11,""characters"":[""A"",""D"",""E"",""I"",""N"",""O"",""T""]},{""position"":12,""characters"":[""A"",""E""]}]","true","false","A_TRUE_GAP","0","0","0","0","0","0","[]","[]","","false","false"
"13","ar_to_en","1","26","2","0","across","13","??N???????M??","[{""position"":0,""characters"":[""A"",""C"",""D"",""E"",""G"",""I"",""L"",""M"",""N"",""O"",""P"",""R"",""S"",""T"",""U"",""Y""]},{""position"":1,""characters"":[""A"",""C"",""D"",""E"",""I"",""L"",""N"",""O"",""P"",""R"",""T""]},{""position"":2,""characters"":[""N""]},{""position"":3,""characters"":[""A"",""C"",""D"",""E"",""F"",""I"",""M"",""N"",""O"",""R"",""S"",""T"",""U""]},{""position"":4,""characters"":[""A"",""E"",""F"",""I"",""M"",""N"",""O"",""R"",""T"",""U""]},{""position"":5,""characters"":[""A"",""C"",""D"",""E"",""F"",""G"",""I"",""L"",""M"",""N"",""P"",""R"",""S"",""T"",""U"",""X""]},{""position"":6,""characters"":[""A"",""B"",""C"",""I"",""L"",""N"",""O"",""S"",""T"",""U""]},{""position"":7,""characters"":[""A"",""C"",""D"",""E"",""F"",""G"",""I"",""M"",""N"",""P"",""R"",""S"",""T"",""U"",""X""]},{""position"":8,""characters"":[""A"",""E"",""F"",""I"",""M"",""N"",""O"",""R"",""T"",""U""]},{""position"":9,""characters"":[""A"",""C"",""D"",""E"",""F"",""I"",""M"",""N"",""O"",""R"",""S"",""T"",""U""]},{""position"":10,""characters"":[""M""]},{""position"":11,""characters"":[""A"",""C"",""D"",""E"",""I"",""L"",""N"",""O"",""P"",""R"",""T"",""U""]},{""position"":12,""characters"":[""A"",""C"",""D"",""E"",""G"",""I"",""L"",""N"",""O"",""P"",""R"",""S"",""T"",""U"",""Y""]}]","true","false","A_TRUE_GAP","0","0","0","0","0","0","[]","[]","","false","false"
"13","ar_to_en","1","26","10","0","across","13","?????????????","[{""position"":0,""characters"":[""A"",""E"",""I"",""O"",""Y""]},{""position"":1,""characters"":[""A"",""E"",""I"",""O"",""T"",""U""]},{""position"":2,""characters"":[""N"",""R"",""T""]},{""position"":3,""characters"":[""A"",""E"",""I"",""T""]},{""position"":4,""characters"":[""A"",""C"",""E"",""F"",""I"",""N"",""O"",""R"",""U""]},{""position"":5,""characters"":[""C"",""L"",""N""]},{""position"":6,""characters"":[""A"",""C"",""I"",""N"",""O"",""U""]},{""position"":7,""characters"":[""A"",""E"",""F"",""G"",""L"",""M"",""N"",""P"",""R"",""S"",""T""]},{""position"":8,""characters"":[""A"",""C"",""E"",""F"",""I"",""M"",""N"",""O"",""R"",""T"",""U""]},{""position"":9,""characters"":[""A"",""C"",""D"",""E"",""I"",""N"",""O"",""S"",""T"",""U""]},{""position"":10,""characters"":[""C"",""I"",""M"",""R"",""T""]},{""position"":11,""characters"":[""A"",""C"",""E"",""T""]},{""position"":12,""characters"":[""A"",""E"",""U""]}]","true","false","A_TRUE_GAP","0","0","0","0","0","0","[]","[]","","false","false"
"13","ar_to_en","1","26","12","0","across","5","????S","[{""position"":0,""characters"":[""S"",""T"",""U""]},{""position"":1,""characters"":[""I"",""O""]},{""position"":2,""characters"":[""E"",""I""]},{""position"":3,""characters"":[""B"",""S""]},{""position"":4,""characters"":[""S""]}]","true","false","A_TRUE_GAP","0","0","0","0","0","0","[]","[]","","false","false"
"13","ar_to_en","1","27","10","0","across","13","??I??????????","[{""position"":0,""characters"":[""C"",""D"",""E"",""G"",""I"",""L"",""M"",""N"",""O"",""P"",""R"",""S"",""T"",""U"",""Y""]},{""position"":1,""characters"":[""A"",""D"",""E"",""I"",""N"",""O""]},{""position"":2,""characters"":[""I""]},{""position"":3,""characters"":[""A"",""D"",""E"",""F"",""M"",""N"",""R"",""S"",""T""]},{""position"":4,""characters"":[""A"",""E"",""I"",""N"",""O"",""R"",""T"",""U""]},{""position"":5,""characters"":[""A"",""C"",""E"",""I"",""N"",""O"",""P"",""R""]},{""position"":6,""characters"":[""C"",""L"",""N""]},{""position"":7,""characters"":[""A"",""E""]},{""position"":8,""characters"":[""A"",""C"",""E"",""F"",""I"",""M"",""N"",""O"",""R"",""T"",""U""]},{""position"":9,""characters"":[""A"",""E"",""I"",""O"",""P"",""U""]},{""position"":10,""characters"":[""C"",""I"",""M"",""R"",""T""]},{""position"":11,""characters"":[""A"",""D"",""E"",""I"",""N"",""O"",""T""]},{""position"":12,""characters"":[""A"",""E""]}]","true","false","A_TRUE_GAP","0","0","0","0","0","0","[]","[]","","false","false"
"13","ar_to_en","1","27","2","0","across","13","??N???????M??","[{""position"":0,""characters"":[""A"",""C"",""D"",""E"",""G"",""I"",""L"",""M"",""N"",""O"",""P"",""R"",""S"",""T"",""U"",""Y""]},{""position"":1,""characters"":[""A"",""C"",""D"",""E"",""I"",""L"",""N"",""O"",""P"",""R"",""T""]},{""position"":2,""characters"":[""N""]},{""position"":3,""characters"":[""A"",""C"",""D"",""E"",""F"",""I"",""M"",""N"",""O"",""R"",""S"",""T"",""U""]},{""position"":4,""characters"":[""A"",""E"",""F"",""I"",""M"",""N"",""O"",""R"",""T"",""U""]},{""position"":5,""characters"":[""A"",""C"",""D"",""E"",""F"",""G"",""I"",""L"",""M"",""N"",""P"",""R"",""S"",""T"",""U"",""X""]},{""position"":6,""characters"":[""A"",""B"",""C"",""I"",""L"",""N"",""O"",""S"",""T"",""U""]},{""position"":7,""characters"":[""A"",""C"",""D"",""E"",""F"",""G"",""I"",""M"",""N"",""P"",""R"",""S"",""T"",""U"",""X""]},{""position"":8,""characters"":[""A"",""E"",""F"",""I"",""M"",""N"",""O"",""R"",""T"",""U""]},{""position"":9,""characters"":[""A"",""C"",""D"",""E"",""F"",""I"",""M"",""N"",""O"",""R"",""S"",""T"",""U""]},{""position"":10,""characters"":[""M""]},{""position"":11,""characters"":[""A"",""C"",""D"",""E"",""I"",""L"",""N"",""O"",""P"",""R"",""T"",""U""]},{""position"":12,""characters"":[""A"",""C"",""D"",""E"",""G"",""I"",""L"",""N"",""O"",""P"",""R"",""S"",""T"",""U"",""Y""]}]","true","false","A_TRUE_GAP","0","0","0","0","0","0","[]","[]","","false","false"
"13","ar_to_en","1","27","10","0","across","13","?????????????","[{""position"":0,""characters"":[""A"",""E"",""I"",""O"",""Y""]},{""position"":1,""characters"":[""A"",""E"",""I"",""O"",""T"",""U""]},{""position"":2,""characters"":[""N"",""R"",""T""]},{""position"":3,""characters"":[""A"",""E"",""I"",""T""]},{""position"":4,""characters"":[""A"",""C"",""E"",""F"",""I"",""N"",""O"",""R"",""U""]},{""position"":5,""characters"":[""C"",""L"",""N""]},{""position"":6,""characters"":[""A"",""C"",""I"",""N"",""O"",""U""]},{""position"":7,""characters"":[""A"",""E"",""F"",""G"",""L"",""M"",""N"",""P"",""R"",""S"",""T""]},{""position"":8,""characters"":[""A"",""C"",""E"",""F"",""I"",""M"",""N"",""O"",""R"",""T"",""U""]},{""position"":9,""characters"":[""A"",""C"",""D"",""E"",""I"",""N"",""O"",""S"",""T"",""U""]},{""position"":10,""characters"":[""C"",""I"",""M"",""R"",""T""]},{""position"":11,""characters"":[""A"",""C"",""E"",""T""]},{""position"":12,""characters"":[""A"",""E"",""U""]}]","true","false","A_TRUE_GAP","0","0","0","0","0","0","[]","[]","","false","false"
"13","ar_to_en","1","27","12","0","across","5","????S","[{""position"":0,""characters"":[""S"",""T"",""U""]},{""position"":1,""characters"":[""I"",""O""]},{""position"":2,""characters"":[""E"",""I""]},{""position"":3,""characters"":[""B"",""S""]},{""position"":4,""characters"":[""S""]}]","true","false","A_TRUE_GAP","0","0","0","0","0","0","[]","[]","","false","false"
"13","ar_to_en","1","27","10","0","across","13","??????????C??","[{""position"":0,""characters"":[""A"",""E"",""I"",""N"",""O"",""U""]},{""position"":1,""characters"":[""A"",""D"",""E"",""L"",""N"",""P"",""R"",""T"",""V""]},{""position"":2,""characters"":[""A"",""E"",""G"",""O""]},{""position"":3,""characters"":[""A"",""E"",""I"",""T""]},{""position"":4,""characters"":[""A"",""C"",""E"",""I"",""M"",""N"",""O"",""R"",""T""]},{""position"":5,""characters"":[""A"",""E"",""I"",""R""]},{""position"":6,""characters"":[""A"",""H"",""I"",""O"",""U""]},{""position"":7,""characters"":[""A"",""E""]},{""position"":8,""characters"":[""C"",""E"",""F"",""I"",""M"",""N"",""R"",""T"",""U""]},{""position"":9,""characters"":[""A"",""C"",""D"",""E"",""I"",""N"",""O"",""S"",""T"",""U""]},{""position"":10,""characters"":[""C""]},{""position"":11,""characters"":[""A"",""D"",""E"",""L"",""N"",""P"",""R"",""T""]},{""position"":12,""characters"":[""A"",""E"",""U""]}]","true","false","A_TRUE_GAP","0","0","0","0","0","0","[]","[]","","false","false"
"13","ar_to_en","1","27","0","2","down","13","???????????C?","[{""position"":0,""characters"":[""A"",""C"",""D"",""E"",""G"",""I"",""L"",""M"",""N"",""O"",""P"",""R"",""S"",""T"",""U"",""Y""]},{""position"":1,""characters"":[""A"",""C"",""D"",""E"",""I"",""L"",""N"",""O"",""P"",""R"",""T"",""U"",""V""]},{""position"":2,""characters"":[""A"",""C"",""D"",""E"",""G"",""I"",""M"",""N"",""O"",""P"",""R"",""S"",""T"",""V""]},{""position"":3,""characters"":[""A"",""C"",""D"",""E"",""F"",""I"",""M"",""N"",""O"",""P"",""R"",""S"",""T"",""U""]},{""position"":4,""characters"":[""A"",""E"",""F"",""I"",""M"",""N"",""O"",""R"",""T"",""U""]},{""position"":5,""characters"":[""A"",""C"",""D"",""E"",""F"",""G"",""I"",""M"",""N"",""O"",""P"",""R"",""S"",""T"",""U"",""X""]},{""position"":6,""characters"":[""A"",""B"",""C"",""H"",""I"",""L"",""N"",""O"",""S"",""T"",""U"",""Z""]},{""position"":7,""characters"":[""A"",""C"",""D"",""E"",""F"",""G"",""I"",""L"",""M"",""N"",""O"",""P"",""R"",""S"",""T"",""U"",""X""]},{""position"":8,""characters"":[""A"",""C"",""E"",""F"",""I"",""M"",""N"",""O"",""R"",""T"",""U""]},{""position"":9,""characters"":[""A"",""C"",""D"",""E"",""F"",""I"",""M"",""N"",""O"",""P"",""R"",""S"",""T"",""U""]},{""position"":10,""characters"":[""A"",""C"",""D"",""E"",""G"",""I"",""L"",""M"",""N"",""O"",""P"",""R"",""S"",""T"",""V""]},{""position"":11,""characters"":[""C""]},{""position"":12,""characters"":[""A"",""C"",""D"",""E"",""G"",""I"",""L"",""M"",""N"",""O"",""P"",""R"",""S"",""T"",""U"",""Y""]}]","true","false","B_USED_EXHAUSTION","1","1","1","0","0","0","[""ACCOMMODATION""]","[]","100","false","false"
"13","ar_to_en","1","27","10","0","across","13","?????????????","[{""position"":0,""characters"":[""A"",""C"",""E"",""G"",""L"",""N"",""O"",""R"",""S"",""T""]},{""position"":1,""characters"":[""A"",""D"",""E"",""I"",""L"",""O"",""T"",""U""]},{""position"":2,""characters"":[""M"",""V""]},{""position"":3,""characters"":[""A"",""E"",""F"",""M"",""N"",""R"",""S"",""T""]},{""position"":4,""characters"":[""A"",""E"",""I"",""N"",""O"",""R"",""T"",""U""]},{""position"":5,""characters"":[""A"",""D"",""E"",""I"",""O"",""P""]},{""position"":6,""characters"":[""A"",""C"",""I"",""N"",""O"",""U""]},{""position"":7,""characters"":[""C"",""E"",""F"",""G"",""L"",""M"",""N"",""P"",""R"",""S"",""T""]},{""position"":8,""characters"":[""A"",""C"",""E"",""I"",""N"",""O"",""T"",""U""]},{""position"":9,""characters"":[""E"",""I"",""N"",""R"",""U""]},{""position"":10,""characters"":[""R"",""S""]},{""position"":11,""characters"":[""A"",""D"",""E"",""I"",""N"",""O"",""T""]},{""position"":12,""characters"":[""A"",""E"",""G"",""O""]}]","true","false","A_TRUE_GAP","0","0","0","0","0","0","[]","[]","","false","false"
"13","ar_to_en","1","27","10","0","across","13","?????????????","[{""position"":0,""characters"":[""A"",""D"",""E"",""I"",""O""]},{""position"":1,""characters"":[""A"",""D"",""E"",""I"",""L"",""O"",""T"",""U""]},{""position"":2,""characters"":[""R"",""S""]},{""position"":3,""characters"":[""A"",""O"",""S""]},{""position"":4,""characters"":[""A"",""C"",""E"",""I"",""N"",""O"",""T"",""U""]},{""position"":5,""characters"":[""C"",""D"",""E"",""G"",""I"",""L"",""N"",""P"",""R"",""S"",""T""]},{""position"":6,""characters"":[""A"",""C"",""I"",""N"",""O"",""U""]},{""position"":7,""characters"":[""A"",""E""]},{""position"":8,""characters"":[""A"",""E"",""I"",""O"",""R"",""T"",""U""]},{""position"":9,""characters"":[""A"",""C"",""E"",""F"",""I"",""M"",""N"",""O"",""P"",""R"",""S"",""T"",""U""]},{""position"":10,""characters"":[""M"",""V""]},{""position"":11,""characters"":[""A"",""D"",""E"",""I"",""N"",""O"",""T""]},{""position"":12,""characters"":[""C"",""D"",""E"",""G"",""M"",""N"",""O"",""P"",""R"",""S"",""T"",""Y""]}]","true","false","A_TRUE_GAP","0","0","0","0","0","0","[]","[]","","false","false"
"13","ar_to_en","1","27","10","0","across","13","?????????????","[{""position"":0,""characters"":[""A"",""I"",""O"",""R"",""U""]},{""position"":1,""characters"":[""D"",""E"",""I"",""L"",""N"",""O"",""P"",""R"",""T"",""U"",""V""]},{""position"":2,""characters"":[""D"",""E"",""I"",""N"",""O"",""S"",""T"",""V""]},{""position"":3,""characters"":[""C"",""D"",""E"",""F"",""M"",""N"",""O"",""R"",""S"",""T""]},{""position"":4,""characters"":[""A"",""F"",""T""]},{""position"":5,""characters"":[""C"",""D"",""E"",""G"",""I"",""L"",""N"",""P"",""R"",""S"",""T""]},{""position"":6,""characters"":[""A"",""O"",""U""]},{""position"":7,""characters"":[""A"",""E""]},{""position"":8,""characters"":[""E"",""F"",""I"",""M"",""N"",""O"",""R"",""T""]},{""position"":9,""characters"":[""A"",""D"",""E"",""I"",""O"",""R"",""T"",""U""]},{""position"":10,""characters"":[""R"",""S""]},{""position"":11,""characters"":[""A"",""D"",""E"",""I"",""N"",""O"",""T""]},{""position"":12,""characters"":[""A"",""E"",""G"",""O""]}]","true","false","A_TRUE_GAP","0","0","0","0","0","0","[]","[]","","false","false"
"13","ar_to_en","1","27","10","0","across","13","??????????C??","[{""position"":0,""characters"":[""A"",""C"",""D"",""E"",""I"",""L"",""O"",""T"",""U""]},{""position"":1,""characters"":[""A"",""D"",""E"",""L"",""N"",""O"",""P"",""R"",""T"",""U"",""V""]},{""position"":2,""characters"":[""R"",""S""]},{""position"":3,""characters"":[""A"",""E""]},{""position"":4,""characters"":[""C"",""E"",""I"",""M"",""N"",""R"",""T"",""U""]},{""position"":5,""characters"":[""A"",""C"",""E"",""I"",""N"",""O"",""P"",""R""]},{""position"":6,""characters"":[""A"",""I"",""N"",""O"",""U""]},{""position"":7,""characters"":[""A"",""E"",""F"",""G"",""L"",""M"",""N"",""P"",""R"",""S"",""T""]},{""position"":8,""characters"":[""A"",""E"",""I"",""O"",""U""]},{""position"":9,""characters"":[""D"",""E"",""F"",""I"",""N"",""O"",""P"",""R"",""S"",""T""]},{""position"":10,""characters"":[""C""]},{""position"":11,""characters"":[""C"",""D"",""L"",""N"",""O"",""P"",""R"",""T"",""U""]},{""position"":12,""characters"":[""A"",""D"",""O"",""S""]}]","true","false","A_TRUE_GAP","0","0","0","0","0","0","[]","[]","","false","false"
"13","ar_to_en","1","28","10","0","across","13","??I??????????","[{""position"":0,""characters"":[""C"",""D"",""E"",""G"",""I"",""L"",""M"",""N"",""O"",""P"",""R"",""S"",""T"",""U"",""Y""]},{""position"":1,""characters"":[""A"",""D"",""E"",""I"",""N"",""O""]},{""position"":2,""characters"":[""I""]},{""position"":3,""characters"":[""A"",""D"",""E"",""F"",""M"",""N"",""R"",""S"",""T""]},{""position"":4,""characters"":[""A"",""E"",""I"",""N"",""O"",""R"",""T"",""U""]},{""position"":5,""characters"":[""A"",""C"",""E"",""I"",""N"",""O"",""P"",""R""]},{""position"":6,""characters"":[""C"",""L"",""N""]},{""position"":7,""characters"":[""A"",""E""]},{""position"":8,""characters"":[""A"",""C"",""E"",""F"",""I"",""M"",""N"",""O"",""R"",""T"",""U""]},{""position"":9,""characters"":[""A"",""E"",""I"",""O"",""P"",""U""]},{""position"":10,""characters"":[""C"",""I"",""M"",""R"",""T""]},{""position"":11,""characters"":[""A"",""D"",""E"",""I"",""N"",""O"",""T""]},{""position"":12,""characters"":[""A"",""E""]}]","true","false","A_TRUE_GAP","0","0","0","0","0","0","[]","[]","","false","false"
"13","ar_to_en","1","28","2","0","across","13","??N???????M??","[{""position"":0,""characters"":[""A"",""C"",""D"",""E"",""G"",""I"",""L"",""M"",""N"",""O"",""P"",""R"",""S"",""T"",""U"",""Y""]},{""position"":1,""characters"":[""A"",""C"",""D"",""E"",""I"",""L"",""N"",""O"",""P"",""R"",""T""]},{""position"":2,""characters"":[""N""]},{""position"":3,""characters"":[""A"",""C"",""D"",""E"",""F"",""I"",""M"",""N"",""O"",""R"",""S"",""T"",""U""]},{""position"":4,""characters"":[""A"",""E"",""F"",""I"",""M"",""N"",""O"",""R"",""T"",""U""]},{""position"":5,""characters"":[""A"",""C"",""D"",""E"",""F"",""G"",""I"",""L"",""M"",""N"",""P"",""R"",""S"",""T"",""U"",""X""]},{""position"":6,""characters"":[""A"",""B"",""C"",""I"",""L"",""N"",""O"",""S"",""T"",""U""]},{""position"":7,""characters"":[""A"",""C"",""D"",""E"",""F"",""G"",""I"",""M"",""N"",""P"",""R"",""S"",""T"",""U"",""X""]},{""position"":8,""characters"":[""A"",""E"",""F"",""I"",""M"",""N"",""O"",""R"",""T"",""U""]},{""position"":9,""characters"":[""A"",""C"",""D"",""E"",""F"",""I"",""M"",""N"",""O"",""R"",""S"",""T"",""U""]},{""position"":10,""characters"":[""M""]},{""position"":11,""characters"":[""A"",""C"",""D"",""E"",""I"",""L"",""N"",""O"",""P"",""R"",""T"",""U""]},{""position"":12,""characters"":[""A"",""C"",""D"",""E"",""G"",""I"",""L"",""N"",""O"",""P"",""R"",""S"",""T"",""U"",""Y""]}]","true","false","A_TRUE_GAP","0","0","0","0","0","0","[]","[]","","false","false"
"13","ar_to_en","1","28","10","0","across","13","?????????????","[{""position"":0,""characters"":[""A"",""E"",""I"",""O"",""Y""]},{""position"":1,""characters"":[""A"",""E"",""I"",""O"",""T"",""U""]},{""position"":2,""characters"":[""N"",""R"",""T""]},{""position"":3,""characters"":[""A"",""E"",""I"",""T""]},{""position"":4,""characters"":[""A"",""C"",""E"",""F"",""I"",""N"",""O"",""R"",""U""]},{""position"":5,""characters"":[""C"",""L"",""N""]},{""position"":6,""characters"":[""A"",""C"",""I"",""N"",""O"",""U""]},{""position"":7,""characters"":[""A"",""E"",""F"",""G"",""L"",""M"",""N"",""P"",""R"",""S"",""T""]},{""position"":8,""characters"":[""A"",""C"",""E"",""F"",""I"",""M"",""N"",""O"",""R"",""T"",""U""]},{""position"":9,""characters"":[""A"",""C"",""D"",""E"",""I"",""N"",""O"",""S"",""T"",""U""]},{""position"":10,""characters"":[""C"",""I"",""M"",""R"",""T""]},{""position"":11,""characters"":[""A"",""C"",""E"",""T""]},{""position"":12,""characters"":[""A"",""E"",""U""]}]","true","false","A_TRUE_GAP","0","0","0","0","0","0","[]","[]","","false","false"
"13","ar_to_en","1","28","12","0","across","5","????S","[{""position"":0,""characters"":[""S"",""T"",""U""]},{""position"":1,""characters"":[""I"",""O""]},{""position"":2,""characters"":[""E"",""I""]},{""position"":3,""characters"":[""B"",""S""]},{""position"":4,""characters"":[""S""]}]","true","false","A_TRUE_GAP","0","0","0","0","0","0","[]","[]","","false","false"
"13","ar_to_en","1","28","10","0","across","13","??????????C??","[{""position"":0,""characters"":[""A"",""E"",""I"",""N"",""O"",""U""]},{""position"":1,""characters"":[""A"",""D"",""E"",""L"",""N"",""P"",""R"",""T"",""V""]},{""position"":2,""characters"":[""A"",""E"",""G"",""O""]},{""position"":3,""characters"":[""A"",""E"",""I"",""T""]},{""position"":4,""characters"":[""A"",""C"",""E"",""I"",""M"",""N"",""O"",""R"",""T""]},{""position"":5,""characters"":[""A"",""E"",""I"",""R""]},{""position"":6,""characters"":[""A"",""H"",""I"",""O"",""U""]},{""position"":7,""characters"":[""A"",""E""]},{""position"":8,""characters"":[""C"",""E"",""F"",""I"",""M"",""N"",""R"",""T"",""U""]},{""position"":9,""characters"":[""A"",""C"",""D"",""E"",""I"",""N"",""O"",""S"",""T"",""U""]},{""position"":10,""characters"":[""C""]},{""position"":11,""characters"":[""A"",""D"",""E"",""L"",""N"",""P"",""R"",""T""]},{""position"":12,""characters"":[""A"",""E"",""U""]}]","true","false","A_TRUE_GAP","0","0","0","0","0","0","[]","[]","","false","false"
"13","ar_to_en","1","28","0","2","down","13","???????????C?","[{""position"":0,""characters"":[""A"",""C"",""D"",""E"",""G"",""I"",""L"",""M"",""N"",""O"",""P"",""R"",""S"",""T"",""U"",""Y""]},{""position"":1,""characters"":[""A"",""C"",""D"",""E"",""I"",""L"",""N"",""O"",""P"",""R"",""T"",""U"",""V""]},{""position"":2,""characters"":[""A"",""C"",""D"",""E"",""G"",""I"",""M"",""N"",""O"",""P"",""R"",""S"",""T"",""V""]},{""position"":3,""characters"":[""A"",""C"",""D"",""E"",""F"",""I"",""M"",""N"",""O"",""P"",""R"",""S"",""T"",""U""]},{""position"":4,""characters"":[""A"",""E"",""F"",""I"",""M"",""N"",""O"",""R"",""T"",""U""]},{""position"":5,""characters"":[""A"",""C"",""D"",""E"",""F"",""G"",""I"",""M"",""N"",""O"",""P"",""R"",""S"",""T"",""U"",""X""]},{""position"":6,""characters"":[""A"",""B"",""C"",""H"",""I"",""L"",""N"",""O"",""S"",""T"",""U"",""Z""]},{""position"":7,""characters"":[""A"",""C"",""D"",""E"",""F"",""G"",""I"",""L"",""M"",""N"",""O"",""P"",""R"",""S"",""T"",""U"",""X""]},{""position"":8,""characters"":[""A"",""C"",""E"",""F"",""I"",""M"",""N"",""O"",""R"",""T"",""U""]},{""position"":9,""characters"":[""A"",""C"",""D"",""E"",""F"",""I"",""M"",""N"",""O"",""P"",""R"",""S"",""T"",""U""]},{""position"":10,""characters"":[""A"",""C"",""D"",""E"",""G"",""I"",""L"",""M"",""N"",""O"",""P"",""R"",""S"",""T"",""V""]},{""position"":11,""characters"":[""C""]},{""position"":12,""characters"":[""A"",""C"",""D"",""E"",""G"",""I"",""L"",""M"",""N"",""O"",""P"",""R"",""S"",""T"",""U"",""Y""]}]","true","false","B_USED_EXHAUSTION","1","1","1","0","0","0","[""ACCOMMODATION""]","[]","100","false","false"
"13","ar_to_en","1","28","10","0","across","13","?????????????","[{""position"":0,""characters"":[""A"",""C"",""E"",""G"",""L"",""N"",""O"",""R"",""S"",""T""]},{""position"":1,""characters"":[""A"",""D"",""E"",""I"",""L"",""O"",""T"",""U""]},{""position"":2,""characters"":[""M"",""V""]},{""position"":3,""characters"":[""A"",""E"",""F"",""M"",""N"",""R"",""S"",""T""]},{""position"":4,""characters"":[""A"",""E"",""I"",""N"",""O"",""R"",""T"",""U""]},{""position"":5,""characters"":[""A"",""D"",""E"",""I"",""O"",""P""]},{""position"":6,""characters"":[""A"",""C"",""I"",""N"",""O"",""U""]},{""position"":7,""characters"":[""C"",""E"",""F"",""G"",""L"",""M"",""N"",""P"",""R"",""S"",""T""]},{""position"":8,""characters"":[""A"",""C"",""E"",""I"",""N"",""O"",""T"",""U""]},{""position"":9,""characters"":[""E"",""I"",""N"",""R"",""U""]},{""position"":10,""characters"":[""R"",""S""]},{""position"":11,""characters"":[""A"",""D"",""E"",""I"",""N"",""O"",""T""]},{""position"":12,""characters"":[""A"",""E"",""G"",""O""]}]","true","false","A_TRUE_GAP","0","0","0","0","0","0","[]","[]","","false","false"
"13","ar_to_en","1","28","10","0","across","13","?????????????","[{""position"":0,""characters"":[""A"",""D"",""E"",""I"",""O""]},{""position"":1,""characters"":[""A"",""D"",""E"",""I"",""L"",""O"",""T"",""U""]},{""position"":2,""characters"":[""R"",""S""]},{""position"":3,""characters"":[""A"",""O"",""S""]},{""position"":4,""characters"":[""A"",""C"",""E"",""I"",""N"",""O"",""T"",""U""]},{""position"":5,""characters"":[""C"",""D"",""E"",""G"",""I"",""L"",""N"",""P"",""R"",""S"",""T""]},{""position"":6,""characters"":[""A"",""C"",""I"",""N"",""O"",""U""]},{""position"":7,""characters"":[""A"",""E""]},{""position"":8,""characters"":[""A"",""E"",""I"",""O"",""R"",""T"",""U""]},{""position"":9,""characters"":[""A"",""C"",""E"",""F"",""I"",""M"",""N"",""O"",""P"",""R"",""S"",""T"",""U""]},{""position"":10,""characters"":[""M"",""V""]},{""position"":11,""characters"":[""A"",""D"",""E"",""I"",""N"",""O"",""T""]},{""position"":12,""characters"":[""C"",""D"",""E"",""G"",""M"",""N"",""O"",""P"",""R"",""S"",""T"",""Y""]}]","true","false","A_TRUE_GAP","0","0","0","0","0","0","[]","[]","","false","false"
"13","ar_to_en","1","28","10","0","across","13","?????????????","[{""position"":0,""characters"":[""A"",""I"",""O"",""R"",""U""]},{""position"":1,""characters"":[""D"",""E"",""I"",""L"",""N"",""O"",""P"",""R"",""T"",""U"",""V""]},{""position"":2,""characters"":[""D"",""E"",""I"",""N"",""O"",""S"",""T"",""V""]},{""position"":3,""characters"":[""C"",""D"",""E"",""F"",""M"",""N"",""O"",""R"",""S"",""T""]},{""position"":4,""characters"":[""A"",""F"",""T""]},{""position"":5,""characters"":[""C"",""D"",""E"",""G"",""I"",""L"",""N"",""P"",""R"",""S"",""T""]},{""position"":6,""characters"":[""A"",""O"",""U""]},{""position"":7,""characters"":[""A"",""E""]},{""position"":8,""characters"":[""E"",""F"",""I"",""M"",""N"",""O"",""R"",""T""]},{""position"":9,""characters"":[""A"",""D"",""E"",""I"",""O"",""R"",""T"",""U""]},{""position"":10,""characters"":[""R"",""S""]},{""position"":11,""characters"":[""A"",""D"",""E"",""I"",""N"",""O"",""T""]},{""position"":12,""characters"":[""A"",""E"",""G"",""O""]}]","true","false","A_TRUE_GAP","0","0","0","0","0","0","[]","[]","","false","false"
"13","ar_to_en","1","28","10","0","across","13","??????????C??","[{""position"":0,""characters"":[""A"",""C"",""D"",""E"",""I"",""L"",""O"",""T"",""U""]},{""position"":1,""characters"":[""A"",""D"",""E"",""L"",""N"",""O"",""P"",""R"",""T"",""U"",""V""]},{""position"":2,""characters"":[""R"",""S""]},{""position"":3,""characters"":[""A"",""E""]},{""position"":4,""characters"":[""C"",""E"",""I"",""M"",""N"",""R"",""T"",""U""]},{""position"":5,""characters"":[""A"",""C"",""E"",""I"",""N"",""O"",""P"",""R""]},{""position"":6,""characters"":[""A"",""I"",""N"",""O"",""U""]},{""position"":7,""characters"":[""A"",""E"",""F"",""G"",""L"",""M"",""N"",""P"",""R"",""S"",""T""]},{""position"":8,""characters"":[""A"",""E"",""I"",""O"",""U""]},{""position"":9,""characters"":[""D"",""E"",""F"",""I"",""N"",""O"",""P"",""R"",""S"",""T""]},{""position"":10,""characters"":[""C""]},{""position"":11,""characters"":[""C"",""D"",""L"",""N"",""O"",""P"",""R"",""T"",""U""]},{""position"":12,""characters"":[""A"",""D"",""O"",""S""]}]","true","false","A_TRUE_GAP","0","0","0","0","0","0","[]","[]","","false","false"
"13","ar_to_en","1","29","10","0","across","13","??I??????????","[{""position"":0,""characters"":[""C"",""D"",""E"",""G"",""I"",""L"",""M"",""N"",""O"",""P"",""R"",""S"",""T"",""U"",""Y""]},{""position"":1,""characters"":[""A"",""D"",""E"",""I"",""N"",""O""]},{""position"":2,""characters"":[""I""]},{""position"":3,""characters"":[""A"",""D"",""E"",""F"",""M"",""N"",""R"",""S"",""T""]},{""position"":4,""characters"":[""A"",""E"",""I"",""N"",""O"",""R"",""T"",""U""]},{""position"":5,""characters"":[""A"",""C"",""E"",""I"",""N"",""O"",""P"",""R""]},{""position"":6,""characters"":[""C"",""L"",""N""]},{""position"":7,""characters"":[""A"",""E""]},{""position"":8,""characters"":[""A"",""C"",""E"",""F"",""I"",""M"",""N"",""O"",""R"",""T"",""U""]},{""position"":9,""characters"":[""A"",""E"",""I"",""O"",""P"",""U""]},{""position"":10,""characters"":[""C"",""I"",""M"",""R"",""T""]},{""position"":11,""characters"":[""A"",""D"",""E"",""I"",""N"",""O"",""T""]},{""position"":12,""characters"":[""A"",""E""]}]","true","false","A_TRUE_GAP","0","0","0","0","0","0","[]","[]","","false","false"
"13","ar_to_en","1","29","2","0","across","13","??N???????M??","[{""position"":0,""characters"":[""A"",""C"",""D"",""E"",""G"",""I"",""L"",""M"",""N"",""O"",""P"",""R"",""S"",""T"",""U"",""Y""]},{""position"":1,""characters"":[""A"",""C"",""D"",""E"",""I"",""L"",""N"",""O"",""P"",""R"",""T""]},{""position"":2,""characters"":[""N""]},{""position"":3,""characters"":[""A"",""C"",""D"",""E"",""F"",""I"",""M"",""N"",""O"",""R"",""S"",""T"",""U""]},{""position"":4,""characters"":[""A"",""E"",""F"",""I"",""M"",""N"",""O"",""R"",""T"",""U""]},{""position"":5,""characters"":[""A"",""C"",""D"",""E"",""F"",""G"",""I"",""L"",""M"",""N"",""P"",""R"",""S"",""T"",""U"",""X""]},{""position"":6,""characters"":[""A"",""B"",""C"",""I"",""L"",""N"",""O"",""S"",""T"",""U""]},{""position"":7,""characters"":[""A"",""C"",""D"",""E"",""F"",""G"",""I"",""M"",""N"",""P"",""R"",""S"",""T"",""U"",""X""]},{""position"":8,""characters"":[""A"",""E"",""F"",""I"",""M"",""N"",""O"",""R"",""T"",""U""]},{""position"":9,""characters"":[""A"",""C"",""D"",""E"",""F"",""I"",""M"",""N"",""O"",""R"",""S"",""T"",""U""]},{""position"":10,""characters"":[""M""]},{""position"":11,""characters"":[""A"",""C"",""D"",""E"",""I"",""L"",""N"",""O"",""P"",""R"",""T"",""U""]},{""position"":12,""characters"":[""A"",""C"",""D"",""E"",""G"",""I"",""L"",""N"",""O"",""P"",""R"",""S"",""T"",""U"",""Y""]}]","true","false","A_TRUE_GAP","0","0","0","0","0","0","[]","[]","","false","false"
"13","ar_to_en","1","29","10","0","across","13","?????????????","[{""position"":0,""characters"":[""A"",""E"",""I"",""O"",""Y""]},{""position"":1,""characters"":[""A"",""E"",""I"",""O"",""T"",""U""]},{""position"":2,""characters"":[""N"",""R"",""T""]},{""position"":3,""characters"":[""A"",""E"",""I"",""T""]},{""position"":4,""characters"":[""A"",""C"",""E"",""F"",""I"",""N"",""O"",""R"",""U""]},{""position"":5,""characters"":[""C"",""L"",""N""]},{""position"":6,""characters"":[""A"",""C"",""I"",""N"",""O"",""U""]},{""position"":7,""characters"":[""A"",""E"",""F"",""G"",""L"",""M"",""N"",""P"",""R"",""S"",""T""]},{""position"":8,""characters"":[""A"",""C"",""E"",""F"",""I"",""M"",""N"",""O"",""R"",""T"",""U""]},{""position"":9,""characters"":[""A"",""C"",""D"",""E"",""I"",""N"",""O"",""S"",""T"",""U""]},{""position"":10,""characters"":[""C"",""I"",""M"",""R"",""T""]},{""position"":11,""characters"":[""A"",""C"",""E"",""T""]},{""position"":12,""characters"":[""A"",""E"",""U""]}]","true","false","A_TRUE_GAP","0","0","0","0","0","0","[]","[]","","false","false"
"13","ar_to_en","1","29","12","0","across","5","????S","[{""position"":0,""characters"":[""S"",""T"",""U""]},{""position"":1,""characters"":[""I"",""O""]},{""position"":2,""characters"":[""E"",""I""]},{""position"":3,""characters"":[""B"",""S""]},{""position"":4,""characters"":[""S""]}]","true","false","A_TRUE_GAP","0","0","0","0","0","0","[]","[]","","false","false"
"13","ar_to_en","1","29","10","0","across","13","??????????C??","[{""position"":0,""characters"":[""A"",""E"",""I"",""N"",""O"",""U""]},{""position"":1,""characters"":[""A"",""D"",""E"",""L"",""N"",""P"",""R"",""T"",""V""]},{""position"":2,""characters"":[""A"",""E"",""G"",""O""]},{""position"":3,""characters"":[""A"",""E"",""I"",""T""]},{""position"":4,""characters"":[""A"",""C"",""E"",""I"",""M"",""N"",""O"",""R"",""T""]},{""position"":5,""characters"":[""A"",""E"",""I"",""R""]},{""position"":6,""characters"":[""A"",""H"",""I"",""O"",""U""]},{""position"":7,""characters"":[""A"",""E""]},{""position"":8,""characters"":[""C"",""E"",""F"",""I"",""M"",""N"",""R"",""T"",""U""]},{""position"":9,""characters"":[""A"",""C"",""D"",""E"",""I"",""N"",""O"",""S"",""T"",""U""]},{""position"":10,""characters"":[""C""]},{""position"":11,""characters"":[""A"",""D"",""E"",""L"",""N"",""P"",""R"",""T""]},{""position"":12,""characters"":[""A"",""E"",""U""]}]","true","false","A_TRUE_GAP","0","0","0","0","0","0","[]","[]","","false","false"
"13","ar_to_en","1","29","0","2","down","13","???????????C?","[{""position"":0,""characters"":[""A"",""C"",""D"",""E"",""G"",""I"",""L"",""M"",""N"",""O"",""P"",""R"",""S"",""T"",""U"",""Y""]},{""position"":1,""characters"":[""A"",""C"",""D"",""E"",""I"",""L"",""N"",""O"",""P"",""R"",""T"",""U"",""V""]},{""position"":2,""characters"":[""A"",""C"",""D"",""E"",""G"",""I"",""M"",""N"",""O"",""P"",""R"",""S"",""T"",""V""]},{""position"":3,""characters"":[""A"",""C"",""D"",""E"",""F"",""I"",""M"",""N"",""O"",""P"",""R"",""S"",""T"",""U""]},{""position"":4,""characters"":[""A"",""E"",""F"",""I"",""M"",""N"",""O"",""R"",""T"",""U""]},{""position"":5,""characters"":[""A"",""C"",""D"",""E"",""F"",""G"",""I"",""M"",""N"",""O"",""P"",""R"",""S"",""T"",""U"",""X""]},{""position"":6,""characters"":[""A"",""B"",""C"",""H"",""I"",""L"",""N"",""O"",""S"",""T"",""U"",""Z""]},{""position"":7,""characters"":[""A"",""C"",""D"",""E"",""F"",""G"",""I"",""L"",""M"",""N"",""O"",""P"",""R"",""S"",""T"",""U"",""X""]},{""position"":8,""characters"":[""A"",""C"",""E"",""F"",""I"",""M"",""N"",""O"",""R"",""T"",""U""]},{""position"":9,""characters"":[""A"",""C"",""D"",""E"",""F"",""I"",""M"",""N"",""O"",""P"",""R"",""S"",""T"",""U""]},{""position"":10,""characters"":[""A"",""C"",""D"",""E"",""G"",""I"",""L"",""M"",""N"",""O"",""P"",""R"",""S"",""T"",""V""]},{""position"":11,""characters"":[""C""]},{""position"":12,""characters"":[""A"",""C"",""D"",""E"",""G"",""I"",""L"",""M"",""N"",""O"",""P"",""R"",""S"",""T"",""U"",""Y""]}]","true","false","B_USED_EXHAUSTION","1","1","1","0","0","0","[""ACCOMMODATION""]","[]","100","false","false"
"13","ar_to_en","1","29","10","0","across","13","?????????????","[{""position"":0,""characters"":[""A"",""C"",""E"",""G"",""L"",""N"",""O"",""R"",""S"",""T""]},{""position"":1,""characters"":[""A"",""D"",""E"",""I"",""L"",""O"",""T"",""U""]},{""position"":2,""characters"":[""M"",""V""]},{""position"":3,""characters"":[""A"",""E"",""F"",""M"",""N"",""R"",""S"",""T""]},{""position"":4,""characters"":[""A"",""E"",""I"",""N"",""O"",""R"",""T"",""U""]},{""position"":5,""characters"":[""A"",""D"",""E"",""I"",""O"",""P""]},{""position"":6,""characters"":[""A"",""C"",""I"",""N"",""O"",""U""]},{""position"":7,""characters"":[""C"",""E"",""F"",""G"",""L"",""M"",""N"",""P"",""R"",""S"",""T""]},{""position"":8,""characters"":[""A"",""C"",""E"",""I"",""N"",""O"",""T"",""U""]},{""position"":9,""characters"":[""E"",""I"",""N"",""R"",""U""]},{""position"":10,""characters"":[""R"",""S""]},{""position"":11,""characters"":[""A"",""D"",""E"",""I"",""N"",""O"",""T""]},{""position"":12,""characters"":[""A"",""E"",""G"",""O""]}]","true","false","A_TRUE_GAP","0","0","0","0","0","0","[]","[]","","false","false"
"13","ar_to_en","1","29","10","0","across","13","?????????????","[{""position"":0,""characters"":[""A"",""D"",""E"",""I"",""O""]},{""position"":1,""characters"":[""A"",""D"",""E"",""I"",""L"",""O"",""T"",""U""]},{""position"":2,""characters"":[""R"",""S""]},{""position"":3,""characters"":[""A"",""O"",""S""]},{""position"":4,""characters"":[""A"",""C"",""E"",""I"",""N"",""O"",""T"",""U""]},{""position"":5,""characters"":[""C"",""D"",""E"",""G"",""I"",""L"",""N"",""P"",""R"",""S"",""T""]},{""position"":6,""characters"":[""A"",""C"",""I"",""N"",""O"",""U""]},{""position"":7,""characters"":[""A"",""E""]},{""position"":8,""characters"":[""A"",""E"",""I"",""O"",""R"",""T"",""U""]},{""position"":9,""characters"":[""A"",""C"",""E"",""F"",""I"",""M"",""N"",""O"",""P"",""R"",""S"",""T"",""U""]},{""position"":10,""characters"":[""M"",""V""]},{""position"":11,""characters"":[""A"",""D"",""E"",""I"",""N"",""O"",""T""]},{""position"":12,""characters"":[""C"",""D"",""E"",""G"",""M"",""N"",""O"",""P"",""R"",""S"",""T"",""Y""]}]","true","false","A_TRUE_GAP","0","0","0","0","0","0","[]","[]","","false","false"
"13","ar_to_en","1","29","10","0","across","13","?????????????","[{""position"":0,""characters"":[""A"",""I"",""O"",""R"",""U""]},{""position"":1,""characters"":[""D"",""E"",""I"",""L"",""N"",""O"",""P"",""R"",""T"",""U"",""V""]},{""position"":2,""characters"":[""D"",""E"",""I"",""N"",""O"",""S"",""T"",""V""]},{""position"":3,""characters"":[""C"",""D"",""E"",""F"",""M"",""N"",""O"",""R"",""S"",""T""]},{""position"":4,""characters"":[""A"",""F"",""T""]},{""position"":5,""characters"":[""C"",""D"",""E"",""G"",""I"",""L"",""N"",""P"",""R"",""S"",""T""]},{""position"":6,""characters"":[""A"",""O"",""U""]},{""position"":7,""characters"":[""A"",""E""]},{""position"":8,""characters"":[""E"",""F"",""I"",""M"",""N"",""O"",""R"",""T""]},{""position"":9,""characters"":[""A"",""D"",""E"",""I"",""O"",""R"",""T"",""U""]},{""position"":10,""characters"":[""R"",""S""]},{""position"":11,""characters"":[""A"",""D"",""E"",""I"",""N"",""O"",""T""]},{""position"":12,""characters"":[""A"",""E"",""G"",""O""]}]","true","false","A_TRUE_GAP","0","0","0","0","0","0","[]","[]","","false","false"
"13","ar_to_en","1","30","10","0","across","13","??I??????????","[{""position"":0,""characters"":[""C"",""D"",""E"",""G"",""I"",""L"",""M"",""N"",""O"",""P"",""R"",""S"",""T"",""U"",""Y""]},{""position"":1,""characters"":[""A"",""D"",""E"",""I"",""N"",""O""]},{""position"":2,""characters"":[""I""]},{""position"":3,""characters"":[""A"",""D"",""E"",""F"",""M"",""N"",""R"",""S"",""T""]},{""position"":4,""characters"":[""A"",""E"",""I"",""N"",""O"",""R"",""T"",""U""]},{""position"":5,""characters"":[""A"",""C"",""E"",""I"",""N"",""O"",""P"",""R""]},{""position"":6,""characters"":[""C"",""L"",""N""]},{""position"":7,""characters"":[""A"",""E""]},{""position"":8,""characters"":[""A"",""C"",""E"",""F"",""I"",""M"",""N"",""O"",""R"",""T"",""U""]},{""position"":9,""characters"":[""A"",""E"",""I"",""O"",""P"",""U""]},{""position"":10,""characters"":[""C"",""I"",""M"",""R"",""T""]},{""position"":11,""characters"":[""A"",""D"",""E"",""I"",""N"",""O"",""T""]},{""position"":12,""characters"":[""A"",""E""]}]","true","false","A_TRUE_GAP","0","0","0","0","0","0","[]","[]","","false","false"
"13","ar_to_en","1","30","2","0","across","13","??N???????M??","[{""position"":0,""characters"":[""A"",""C"",""D"",""E"",""G"",""I"",""L"",""M"",""N"",""O"",""P"",""R"",""S"",""T"",""U"",""Y""]},{""position"":1,""characters"":[""A"",""C"",""D"",""E"",""I"",""L"",""N"",""O"",""P"",""R"",""T""]},{""position"":2,""characters"":[""N""]},{""position"":3,""characters"":[""A"",""C"",""D"",""E"",""F"",""I"",""M"",""N"",""O"",""R"",""S"",""T"",""U""]},{""position"":4,""characters"":[""A"",""E"",""F"",""I"",""M"",""N"",""O"",""R"",""T"",""U""]},{""position"":5,""characters"":[""A"",""C"",""D"",""E"",""F"",""G"",""I"",""L"",""M"",""N"",""P"",""R"",""S"",""T"",""U"",""X""]},{""position"":6,""characters"":[""A"",""B"",""C"",""I"",""L"",""N"",""O"",""S"",""T"",""U""]},{""position"":7,""characters"":[""A"",""C"",""D"",""E"",""F"",""G"",""I"",""M"",""N"",""P"",""R"",""S"",""T"",""U"",""X""]},{""position"":8,""characters"":[""A"",""E"",""F"",""I"",""M"",""N"",""O"",""R"",""T"",""U""]},{""position"":9,""characters"":[""A"",""C"",""D"",""E"",""F"",""I"",""M"",""N"",""O"",""R"",""S"",""T"",""U""]},{""position"":10,""characters"":[""M""]},{""position"":11,""characters"":[""A"",""C"",""D"",""E"",""I"",""L"",""N"",""O"",""P"",""R"",""T"",""U""]},{""position"":12,""characters"":[""A"",""C"",""D"",""E"",""G"",""I"",""L"",""N"",""O"",""P"",""R"",""S"",""T"",""U"",""Y""]}]","true","false","A_TRUE_GAP","0","0","0","0","0","0","[]","[]","","false","false"
"13","ar_to_en","1","30","10","0","across","13","?????????????","[{""position"":0,""characters"":[""A"",""E"",""I"",""O"",""Y""]},{""position"":1,""characters"":[""A"",""E"",""I"",""O"",""T"",""U""]},{""position"":2,""characters"":[""N"",""R"",""T""]},{""position"":3,""characters"":[""A"",""E"",""I"",""T""]},{""position"":4,""characters"":[""A"",""C"",""E"",""F"",""I"",""N"",""O"",""R"",""U""]},{""position"":5,""characters"":[""C"",""L"",""N""]},{""position"":6,""characters"":[""A"",""C"",""I"",""N"",""O"",""U""]},{""position"":7,""characters"":[""A"",""E"",""F"",""G"",""L"",""M"",""N"",""P"",""R"",""S"",""T""]},{""position"":8,""characters"":[""A"",""C"",""E"",""F"",""I"",""M"",""N"",""O"",""R"",""T"",""U""]},{""position"":9,""characters"":[""A"",""C"",""D"",""E"",""I"",""N"",""O"",""S"",""T"",""U""]},{""position"":10,""characters"":[""C"",""I"",""M"",""R"",""T""]},{""position"":11,""characters"":[""A"",""C"",""E"",""T""]},{""position"":12,""characters"":[""A"",""E"",""U""]}]","true","false","A_TRUE_GAP","0","0","0","0","0","0","[]","[]","","false","false"
"13","ar_to_en","1","30","12","0","across","5","????S","[{""position"":0,""characters"":[""S"",""T"",""U""]},{""position"":1,""characters"":[""I"",""O""]},{""position"":2,""characters"":[""E"",""I""]},{""position"":3,""characters"":[""B"",""S""]},{""position"":4,""characters"":[""S""]}]","true","false","A_TRUE_GAP","0","0","0","0","0","0","[]","[]","","false","false"
"13","ar_to_en","1","30","10","0","across","13","??????????C??","[{""position"":0,""characters"":[""A"",""E"",""I"",""N"",""O"",""U""]},{""position"":1,""characters"":[""A"",""D"",""E"",""L"",""N"",""P"",""R"",""T"",""V""]},{""position"":2,""characters"":[""A"",""E"",""G"",""O""]},{""position"":3,""characters"":[""A"",""E"",""I"",""T""]},{""position"":4,""characters"":[""A"",""C"",""E"",""I"",""M"",""N"",""O"",""R"",""T""]},{""position"":5,""characters"":[""A"",""E"",""I"",""R""]},{""position"":6,""characters"":[""A"",""H"",""I"",""O"",""U""]},{""position"":7,""characters"":[""A"",""E""]},{""position"":8,""characters"":[""C"",""E"",""F"",""I"",""M"",""N"",""R"",""T"",""U""]},{""position"":9,""characters"":[""A"",""C"",""D"",""E"",""I"",""N"",""O"",""S"",""T"",""U""]},{""position"":10,""characters"":[""C""]},{""position"":11,""characters"":[""A"",""D"",""E"",""L"",""N"",""P"",""R"",""T""]},{""position"":12,""characters"":[""A"",""E"",""U""]}]","true","false","A_TRUE_GAP","0","0","0","0","0","0","[]","[]","","false","false"
"13","ar_to_en","1","30","0","2","down","13","???????????C?","[{""position"":0,""characters"":[""A"",""C"",""D"",""E"",""G"",""I"",""L"",""M"",""N"",""O"",""P"",""R"",""S"",""T"",""U"",""Y""]},{""position"":1,""characters"":[""A"",""C"",""D"",""E"",""I"",""L"",""N"",""O"",""P"",""R"",""T"",""U"",""V""]},{""position"":2,""characters"":[""A"",""C"",""D"",""E"",""G"",""I"",""M"",""N"",""O"",""P"",""R"",""S"",""T"",""V""]},{""position"":3,""characters"":[""A"",""C"",""D"",""E"",""F"",""I"",""M"",""N"",""O"",""P"",""R"",""S"",""T"",""U""]},{""position"":4,""characters"":[""A"",""E"",""F"",""I"",""M"",""N"",""O"",""R"",""T"",""U""]},{""position"":5,""characters"":[""A"",""C"",""D"",""E"",""F"",""G"",""I"",""M"",""N"",""O"",""P"",""R"",""S"",""T"",""U"",""X""]},{""position"":6,""characters"":[""A"",""B"",""C"",""H"",""I"",""L"",""N"",""O"",""S"",""T"",""U"",""Z""]},{""position"":7,""characters"":[""A"",""C"",""D"",""E"",""F"",""G"",""I"",""L"",""M"",""N"",""O"",""P"",""R"",""S"",""T"",""U"",""X""]},{""position"":8,""characters"":[""A"",""C"",""E"",""F"",""I"",""M"",""N"",""O"",""R"",""T"",""U""]},{""position"":9,""characters"":[""A"",""C"",""D"",""E"",""F"",""I"",""M"",""N"",""O"",""P"",""R"",""S"",""T"",""U""]},{""position"":10,""characters"":[""A"",""C"",""D"",""E"",""G"",""I"",""L"",""M"",""N"",""O"",""P"",""R"",""S"",""T"",""V""]},{""position"":11,""characters"":[""C""]},{""position"":12,""characters"":[""A"",""C"",""D"",""E"",""G"",""I"",""L"",""M"",""N"",""O"",""P"",""R"",""S"",""T"",""U"",""Y""]}]","true","false","B_USED_EXHAUSTION","1","1","1","0","0","0","[""ACCOMMODATION""]","[]","100","false","false"
"13","ar_to_en","1","30","10","0","across","13","?????????????","[{""position"":0,""characters"":[""A"",""C"",""E"",""G"",""L"",""N"",""O"",""R"",""S"",""T""]},{""position"":1,""characters"":[""A"",""D"",""E"",""I"",""L"",""O"",""T"",""U""]},{""position"":2,""characters"":[""M"",""V""]},{""position"":3,""characters"":[""A"",""E"",""F"",""M"",""N"",""R"",""S"",""T""]},{""position"":4,""characters"":[""A"",""E"",""I"",""N"",""O"",""R"",""T"",""U""]},{""position"":5,""characters"":[""A"",""D"",""E"",""I"",""O"",""P""]},{""position"":6,""characters"":[""A"",""C"",""I"",""N"",""O"",""U""]},{""position"":7,""characters"":[""C"",""E"",""F"",""G"",""L"",""M"",""N"",""P"",""R"",""S"",""T""]},{""position"":8,""characters"":[""A"",""C"",""E"",""I"",""N"",""O"",""T"",""U""]},{""position"":9,""characters"":[""E"",""I"",""N"",""R"",""U""]},{""position"":10,""characters"":[""R"",""S""]},{""position"":11,""characters"":[""A"",""D"",""E"",""I"",""N"",""O"",""T""]},{""position"":12,""characters"":[""A"",""E"",""G"",""O""]}]","true","false","A_TRUE_GAP","0","0","0","0","0","0","[]","[]","","false","false"
"13","ar_to_en","1","30","10","0","across","13","?????????????","[{""position"":0,""characters"":[""A"",""D"",""E"",""I"",""O""]},{""position"":1,""characters"":[""A"",""D"",""E"",""I"",""L"",""O"",""T"",""U""]},{""position"":2,""characters"":[""R"",""S""]},{""position"":3,""characters"":[""A"",""O"",""S""]},{""position"":4,""characters"":[""A"",""C"",""E"",""I"",""N"",""O"",""T"",""U""]},{""position"":5,""characters"":[""C"",""D"",""E"",""G"",""I"",""L"",""N"",""P"",""R"",""S"",""T""]},{""position"":6,""characters"":[""A"",""C"",""I"",""N"",""O"",""U""]},{""position"":7,""characters"":[""A"",""E""]},{""position"":8,""characters"":[""A"",""E"",""I"",""O"",""R"",""T"",""U""]},{""position"":9,""characters"":[""A"",""C"",""E"",""F"",""I"",""M"",""N"",""O"",""P"",""R"",""S"",""T"",""U""]},{""position"":10,""characters"":[""M"",""V""]},{""position"":11,""characters"":[""A"",""D"",""E"",""I"",""N"",""O"",""T""]},{""position"":12,""characters"":[""C"",""D"",""E"",""G"",""M"",""N"",""O"",""P"",""R"",""S"",""T"",""Y""]}]","true","false","A_TRUE_GAP","0","0","0","0","0","0","[]","[]","","false","false"
"13","ar_to_en","1","30","10","0","across","13","?????????????","[{""position"":0,""characters"":[""A"",""I"",""O"",""R"",""U""]},{""position"":1,""characters"":[""D"",""E"",""I"",""L"",""N"",""O"",""P"",""R"",""T"",""U"",""V""]},{""position"":2,""characters"":[""D"",""E"",""I"",""N"",""O"",""S"",""T"",""V""]},{""position"":3,""characters"":[""C"",""D"",""E"",""F"",""M"",""N"",""O"",""R"",""S"",""T""]},{""position"":4,""characters"":[""A"",""F"",""T""]},{""position"":5,""characters"":[""C"",""D"",""E"",""G"",""I"",""L"",""N"",""P"",""R"",""S"",""T""]},{""position"":6,""characters"":[""A"",""O"",""U""]},{""position"":7,""characters"":[""A"",""E""]},{""position"":8,""characters"":[""E"",""F"",""I"",""M"",""N"",""O"",""R"",""T""]},{""position"":9,""characters"":[""A"",""D"",""E"",""I"",""O"",""R"",""T"",""U""]},{""position"":10,""characters"":[""R"",""S""]},{""position"":11,""characters"":[""A"",""D"",""E"",""I"",""N"",""O"",""T""]},{""position"":12,""characters"":[""A"",""E"",""G"",""O""]}]","true","false","A_TRUE_GAP","0","0","0","0","0","0","[]","[]","","false","false"
"13","ar_to_en","1","31","10","0","across","13","??????????C??","[{""position"":0,""characters"":[""A"",""C"",""D"",""E"",""I"",""L"",""O"",""T"",""U""]},{""position"":1,""characters"":[""A"",""D"",""E"",""L"",""N"",""O"",""P"",""R"",""T"",""U"",""V""]},{""position"":2,""characters"":[""R"",""S""]},{""position"":3,""characters"":[""A"",""E""]},{""position"":4,""characters"":[""C"",""E"",""I"",""M"",""N"",""R"",""T"",""U""]},{""position"":5,""characters"":[""A"",""C"",""E"",""I"",""N"",""O"",""P"",""R""]},{""position"":6,""characters"":[""A"",""I"",""N"",""O"",""U""]},{""position"":7,""characters"":[""A"",""E"",""F"",""G"",""L"",""M"",""N"",""P"",""R"",""S"",""T""]},{""position"":8,""characters"":[""A"",""E"",""I"",""O"",""U""]},{""position"":9,""characters"":[""D"",""E"",""F"",""I"",""N"",""O"",""P"",""R"",""S"",""T""]},{""position"":10,""characters"":[""C""]},{""position"":11,""characters"":[""C"",""D"",""L"",""N"",""O"",""P"",""R"",""T"",""U""]},{""position"":12,""characters"":[""A"",""D"",""O"",""S""]}]","true","false","A_TRUE_GAP","0","0","0","0","0","0","[]","[]","","false","false"
"13","ar_to_en","1","31","10","0","across","13","??I??????????","[{""position"":0,""characters"":[""C"",""D"",""E"",""G"",""I"",""L"",""M"",""N"",""O"",""P"",""R"",""S"",""T"",""U"",""Y""]},{""position"":1,""characters"":[""A"",""D"",""E"",""I"",""N"",""O""]},{""position"":2,""characters"":[""I""]},{""position"":3,""characters"":[""A"",""D"",""E"",""F"",""M"",""N"",""R"",""S"",""T""]},{""position"":4,""characters"":[""A"",""E"",""I"",""N"",""O"",""R"",""T"",""U""]},{""position"":5,""characters"":[""A"",""C"",""E"",""I"",""N"",""O"",""P"",""R""]},{""position"":6,""characters"":[""C"",""L"",""N""]},{""position"":7,""characters"":[""A"",""E""]},{""position"":8,""characters"":[""A"",""C"",""E"",""F"",""I"",""M"",""N"",""O"",""R"",""T"",""U""]},{""position"":9,""characters"":[""A"",""E"",""I"",""O"",""P"",""U""]},{""position"":10,""characters"":[""C"",""I"",""M"",""R"",""T""]},{""position"":11,""characters"":[""A"",""D"",""E"",""I"",""N"",""O"",""T""]},{""position"":12,""characters"":[""A"",""E""]}]","true","false","A_TRUE_GAP","0","0","0","0","0","0","[]","[]","","false","false"
"13","ar_to_en","1","31","2","0","across","13","??N???????M??","[{""position"":0,""characters"":[""A"",""C"",""D"",""E"",""G"",""I"",""L"",""M"",""N"",""O"",""P"",""R"",""S"",""T"",""U"",""Y""]},{""position"":1,""characters"":[""A"",""C"",""D"",""E"",""I"",""L"",""N"",""O"",""P"",""R"",""T""]},{""position"":2,""characters"":[""N""]},{""position"":3,""characters"":[""A"",""C"",""D"",""E"",""F"",""I"",""M"",""N"",""O"",""R"",""S"",""T"",""U""]},{""position"":4,""characters"":[""A"",""E"",""F"",""I"",""M"",""N"",""O"",""R"",""T"",""U""]},{""position"":5,""characters"":[""A"",""C"",""D"",""E"",""F"",""G"",""I"",""L"",""M"",""N"",""P"",""R"",""S"",""T"",""U"",""X""]},{""position"":6,""characters"":[""A"",""B"",""C"",""I"",""L"",""N"",""O"",""S"",""T"",""U""]},{""position"":7,""characters"":[""A"",""C"",""D"",""E"",""F"",""G"",""I"",""M"",""N"",""P"",""R"",""S"",""T"",""U"",""X""]},{""position"":8,""characters"":[""A"",""E"",""F"",""I"",""M"",""N"",""O"",""R"",""T"",""U""]},{""position"":9,""characters"":[""A"",""C"",""D"",""E"",""F"",""I"",""M"",""N"",""O"",""R"",""S"",""T"",""U""]},{""position"":10,""characters"":[""M""]},{""position"":11,""characters"":[""A"",""C"",""D"",""E"",""I"",""L"",""N"",""O"",""P"",""R"",""T"",""U""]},{""position"":12,""characters"":[""A"",""C"",""D"",""E"",""G"",""I"",""L"",""N"",""O"",""P"",""R"",""S"",""T"",""U"",""Y""]}]","true","false","A_TRUE_GAP","0","0","0","0","0","0","[]","[]","","false","false"
"13","ar_to_en","1","31","10","0","across","13","?????????????","[{""position"":0,""characters"":[""A"",""E"",""I"",""O"",""Y""]},{""position"":1,""characters"":[""A"",""E"",""I"",""O"",""T"",""U""]},{""position"":2,""characters"":[""N"",""R"",""T""]},{""position"":3,""characters"":[""A"",""E"",""I"",""T""]},{""position"":4,""characters"":[""A"",""C"",""E"",""F"",""I"",""N"",""O"",""R"",""U""]},{""position"":5,""characters"":[""C"",""L"",""N""]},{""position"":6,""characters"":[""A"",""C"",""I"",""N"",""O"",""U""]},{""position"":7,""characters"":[""A"",""E"",""F"",""G"",""L"",""M"",""N"",""P"",""R"",""S"",""T""]},{""position"":8,""characters"":[""A"",""C"",""E"",""F"",""I"",""M"",""N"",""O"",""R"",""T"",""U""]},{""position"":9,""characters"":[""A"",""C"",""D"",""E"",""I"",""N"",""O"",""S"",""T"",""U""]},{""position"":10,""characters"":[""C"",""I"",""M"",""R"",""T""]},{""position"":11,""characters"":[""A"",""C"",""E"",""T""]},{""position"":12,""characters"":[""A"",""E"",""U""]}]","true","false","A_TRUE_GAP","0","0","0","0","0","0","[]","[]","","false","false"
"13","ar_to_en","1","31","12","0","across","5","????S","[{""position"":0,""characters"":[""S"",""T"",""U""]},{""position"":1,""characters"":[""I"",""O""]},{""position"":2,""characters"":[""E"",""I""]},{""position"":3,""characters"":[""B"",""S""]},{""position"":4,""characters"":[""S""]}]","true","false","A_TRUE_GAP","0","0","0","0","0","0","[]","[]","","false","false"
"13","ar_to_en","1","31","10","0","across","13","??????????C??","[{""position"":0,""characters"":[""A"",""E"",""I"",""N"",""O"",""U""]},{""position"":1,""characters"":[""A"",""D"",""E"",""L"",""N"",""P"",""R"",""T"",""V""]},{""position"":2,""characters"":[""A"",""E"",""G"",""O""]},{""position"":3,""characters"":[""A"",""E"",""I"",""T""]},{""position"":4,""characters"":[""A"",""C"",""E"",""I"",""M"",""N"",""O"",""R"",""T""]},{""position"":5,""characters"":[""A"",""E"",""I"",""R""]},{""position"":6,""characters"":[""A"",""H"",""I"",""O"",""U""]},{""position"":7,""characters"":[""A"",""E""]},{""position"":8,""characters"":[""C"",""E"",""F"",""I"",""M"",""N"",""R"",""T"",""U""]},{""position"":9,""characters"":[""A"",""C"",""D"",""E"",""I"",""N"",""O"",""S"",""T"",""U""]},{""position"":10,""characters"":[""C""]},{""position"":11,""characters"":[""A"",""D"",""E"",""L"",""N"",""P"",""R"",""T""]},{""position"":12,""characters"":[""A"",""E"",""U""]}]","true","false","A_TRUE_GAP","0","0","0","0","0","0","[]","[]","","false","false"
"13","ar_to_en","1","31","0","2","down","13","???????????C?","[{""position"":0,""characters"":[""A"",""C"",""D"",""E"",""G"",""I"",""L"",""M"",""N"",""O"",""P"",""R"",""S"",""T"",""U"",""Y""]},{""position"":1,""characters"":[""A"",""C"",""D"",""E"",""I"",""L"",""N"",""O"",""P"",""R"",""T"",""U"",""V""]},{""position"":2,""characters"":[""A"",""C"",""D"",""E"",""G"",""I"",""M"",""N"",""O"",""P"",""R"",""S"",""T"",""V""]},{""position"":3,""characters"":[""A"",""C"",""D"",""E"",""F"",""I"",""M"",""N"",""O"",""P"",""R"",""S"",""T"",""U""]},{""position"":4,""characters"":[""A"",""E"",""F"",""I"",""M"",""N"",""O"",""R"",""T"",""U""]},{""position"":5,""characters"":[""A"",""C"",""D"",""E"",""F"",""G"",""I"",""M"",""N"",""O"",""P"",""R"",""S"",""T"",""U"",""X""]},{""position"":6,""characters"":[""A"",""B"",""C"",""H"",""I"",""L"",""N"",""O"",""S"",""T"",""U"",""Z""]},{""position"":7,""characters"":[""A"",""C"",""D"",""E"",""F"",""G"",""I"",""L"",""M"",""N"",""O"",""P"",""R"",""S"",""T"",""U"",""X""]},{""position"":8,""characters"":[""A"",""C"",""E"",""F"",""I"",""M"",""N"",""O"",""R"",""T"",""U""]},{""position"":9,""characters"":[""A"",""C"",""D"",""E"",""F"",""I"",""M"",""N"",""O"",""P"",""R"",""S"",""T"",""U""]},{""position"":10,""characters"":[""A"",""C"",""D"",""E"",""G"",""I"",""L"",""M"",""N"",""O"",""P"",""R"",""S"",""T"",""V""]},{""position"":11,""characters"":[""C""]},{""position"":12,""characters"":[""A"",""C"",""D"",""E"",""G"",""I"",""L"",""M"",""N"",""O"",""P"",""R"",""S"",""T"",""U"",""Y""]}]","true","false","B_USED_EXHAUSTION","1","1","1","0","0","0","[""ACCOMMODATION""]","[]","100","false","false"
"13","ar_to_en","1","31","10","0","across","13","?????????????","[{""position"":0,""characters"":[""A"",""C"",""E"",""G"",""L"",""N"",""O"",""R"",""S"",""T""]},{""position"":1,""characters"":[""A"",""D"",""E"",""I"",""L"",""O"",""T"",""U""]},{""position"":2,""characters"":[""M"",""V""]},{""position"":3,""characters"":[""A"",""E"",""F"",""M"",""N"",""R"",""S"",""T""]},{""position"":4,""characters"":[""A"",""E"",""I"",""N"",""O"",""R"",""T"",""U""]},{""position"":5,""characters"":[""A"",""D"",""E"",""I"",""O"",""P""]},{""position"":6,""characters"":[""A"",""C"",""I"",""N"",""O"",""U""]},{""position"":7,""characters"":[""C"",""E"",""F"",""G"",""L"",""M"",""N"",""P"",""R"",""S"",""T""]},{""position"":8,""characters"":[""A"",""C"",""E"",""I"",""N"",""O"",""T"",""U""]},{""position"":9,""characters"":[""E"",""I"",""N"",""R"",""U""]},{""position"":10,""characters"":[""R"",""S""]},{""position"":11,""characters"":[""A"",""D"",""E"",""I"",""N"",""O"",""T""]},{""position"":12,""characters"":[""A"",""E"",""G"",""O""]}]","true","false","A_TRUE_GAP","0","0","0","0","0","0","[]","[]","","false","false"
"13","ar_to_en","1","32","10","0","across","13","?????????????","[{""position"":0,""characters"":[""A"",""I"",""O"",""R"",""U""]},{""position"":1,""characters"":[""D"",""E"",""I"",""L"",""N"",""O"",""P"",""R"",""T"",""U"",""V""]},{""position"":2,""characters"":[""D"",""E"",""I"",""N"",""O"",""S"",""T"",""V""]},{""position"":3,""characters"":[""C"",""D"",""E"",""F"",""M"",""N"",""O"",""R"",""S"",""T""]},{""position"":4,""characters"":[""A"",""F"",""T""]},{""position"":5,""characters"":[""C"",""D"",""E"",""G"",""I"",""L"",""N"",""P"",""R"",""S"",""T""]},{""position"":6,""characters"":[""A"",""O"",""U""]},{""position"":7,""characters"":[""A"",""E""]},{""position"":8,""characters"":[""E"",""F"",""I"",""M"",""N"",""O"",""R"",""T""]},{""position"":9,""characters"":[""A"",""D"",""E"",""I"",""O"",""R"",""T"",""U""]},{""position"":10,""characters"":[""R"",""S""]},{""position"":11,""characters"":[""A"",""D"",""E"",""I"",""N"",""O"",""T""]},{""position"":12,""characters"":[""A"",""E"",""G"",""O""]}]","true","false","A_TRUE_GAP","0","0","0","0","0","0","[]","[]","","false","false"
"13","ar_to_en","1","32","10","0","across","13","??????????C??","[{""position"":0,""characters"":[""A"",""C"",""D"",""E"",""I"",""L"",""O"",""T"",""U""]},{""position"":1,""characters"":[""A"",""D"",""E"",""L"",""N"",""O"",""P"",""R"",""T"",""U"",""V""]},{""position"":2,""characters"":[""R"",""S""]},{""position"":3,""characters"":[""A"",""E""]},{""position"":4,""characters"":[""C"",""E"",""I"",""M"",""N"",""R"",""T"",""U""]},{""position"":5,""characters"":[""A"",""C"",""E"",""I"",""N"",""O"",""P"",""R""]},{""position"":6,""characters"":[""A"",""I"",""N"",""O"",""U""]},{""position"":7,""characters"":[""A"",""E"",""F"",""G"",""L"",""M"",""N"",""P"",""R"",""S"",""T""]},{""position"":8,""characters"":[""A"",""E"",""I"",""O"",""U""]},{""position"":9,""characters"":[""D"",""E"",""F"",""I"",""N"",""O"",""P"",""R"",""S"",""T""]},{""position"":10,""characters"":[""C""]},{""position"":11,""characters"":[""C"",""D"",""L"",""N"",""O"",""P"",""R"",""T"",""U""]},{""position"":12,""characters"":[""A"",""D"",""O"",""S""]}]","true","false","A_TRUE_GAP","0","0","0","0","0","0","[]","[]","","false","false"
"13","ar_to_en","1","33","9","2","across","6","??????","[{""position"":0,""characters"":[""C"",""T""]},{""position"":1,""characters"":[""E"",""H"",""N"",""R""]},{""position"":2,""characters"":[""A"",""B"",""C"",""D"",""E"",""F"",""G"",""H"",""K"",""L"",""M"",""N"",""P"",""R"",""S"",""T"",""U"",""V"",""W"",""Y""]},{""position"":3,""characters"":[""I"",""S""]},{""position"":4,""characters"":[""A"",""C"",""D"",""E"",""H"",""L"",""M"",""N"",""O"",""P"",""R"",""S"",""T"",""U"",""V""]},{""position"":5,""characters"":[""A"",""E"",""I"",""T""]}]","true","false","A_TRUE_GAP","0","0","0","0","0","0","[]","[]","","false","false"
"13","ar_to_en","1","33","2","0","across","13","??I???????I??","[{""position"":0,""characters"":[""A"",""C"",""D"",""E"",""G"",""I"",""L"",""N"",""O"",""P"",""R"",""S"",""T"",""U"",""Y""]},{""position"":1,""characters"":[""A"",""C"",""D"",""E"",""L"",""N"",""O"",""P"",""R"",""T"",""U"",""V""]},{""position"":2,""characters"":[""I""]},{""position"":3,""characters"":[""A"",""C"",""E"",""I"",""O"",""T""]},{""position"":4,""characters"":[""A"",""C"",""E"",""F"",""I"",""M"",""N"",""O"",""R"",""T"",""U""]},{""position"":5,""characters"":[""A"",""C"",""D"",""E"",""F"",""G"",""I"",""M"",""N"",""O"",""P"",""R"",""S"",""T"",""U"",""X""]},{""position"":6,""characters"":[""A"",""B"",""C"",""H"",""I"",""L"",""N"",""O"",""S"",""T"",""U"",""Z""]},{""position"":7,""characters"":[""A"",""C"",""D"",""E"",""F"",""G"",""I"",""L"",""M"",""N"",""O"",""P"",""R"",""S"",""T"",""U"",""X""]},{""position"":8,""characters"":[""A"",""C"",""E"",""F"",""I"",""M"",""N"",""O"",""R"",""T"",""U""]},{""position"":9,""characters"":[""A"",""C"",""D"",""E"",""F"",""I"",""M"",""N"",""O"",""P"",""R"",""S"",""T"",""U""]},{""position"":10,""characters"":[""I""]},{""position"":11,""characters"":[""A"",""C"",""D"",""E"",""I"",""L"",""N"",""O"",""P"",""R"",""T"",""U""]},{""position"":12,""characters"":[""A"",""C"",""D"",""E"",""G"",""I"",""L"",""M"",""N"",""O"",""P"",""R"",""S"",""T"",""U"",""Y""]}]","true","false","A_TRUE_GAP","0","0","0","0","0","0","[]","[]","","false","false"
"13","ar_to_en","1","33","0","2","down","13","??????????G??","[{""position"":0,""characters"":[""A"",""C"",""D"",""E"",""G"",""I"",""L"",""M"",""N"",""O"",""P"",""R"",""S"",""T"",""U"",""Y""]},{""position"":1,""characters"":[""A"",""D"",""E"",""I"",""L"",""N"",""O"",""P"",""R"",""U"",""V""]},{""position"":2,""characters"":[""A"",""C"",""D"",""E"",""G"",""I"",""L"",""M"",""N"",""O"",""P"",""R"",""S"",""T"",""V""]},{""position"":3,""characters"":[""A"",""C"",""D"",""E"",""F"",""I"",""M"",""N"",""O"",""R"",""S"",""T"",""U""]},{""position"":4,""characters"":[""A"",""C"",""E"",""F"",""I"",""N"",""O"",""R"",""T"",""U""]},{""position"":5,""characters"":[""A"",""C"",""D"",""E"",""F"",""G"",""I"",""L"",""N"",""O"",""P"",""R"",""S"",""T"",""U""]},{""position"":6,""characters"":[""A"",""B"",""C"",""H"",""I"",""L"",""N"",""O"",""S"",""T"",""U""]},{""position"":7,""characters"":[""A"",""C"",""E"",""F"",""G"",""I"",""L"",""M"",""N"",""P"",""R"",""S"",""T"",""U""]},{""position"":8,""characters"":[""A"",""E"",""F"",""I"",""M"",""N"",""O"",""R"",""T"",""U""]},{""position"":9,""characters"":[""A"",""C"",""D"",""E"",""F"",""I"",""M"",""N"",""O"",""P"",""R"",""S"",""T"",""U""]},{""position"":10,""characters"":[""G""]},{""position"":11,""characters"":[""A"",""C"",""D"",""E"",""I"",""L"",""N"",""O"",""P"",""R"",""T"",""U""]},{""position"":12,""characters"":[""A"",""C"",""D"",""E"",""G"",""I"",""L"",""M"",""N"",""O"",""P"",""R"",""S"",""T"",""U""]}]","true","false","B_USED_EXHAUSTION","1","1","1","0","0","0","[""ORGANISATIONS""]","[]","100","false","false"
"13","ar_to_en","1","33","0","10","down","13","??????????G??","[{""position"":0,""characters"":[""A"",""C"",""D"",""E"",""G"",""I"",""L"",""M"",""N"",""O"",""P"",""R"",""S"",""T"",""U"",""Y""]},{""position"":1,""characters"":[""A"",""C"",""D"",""E"",""I"",""L"",""N"",""O"",""P"",""R"",""T"",""U""]},{""position"":2,""characters"":[""A"",""C"",""D"",""E"",""G"",""I"",""L"",""M"",""N"",""O"",""P"",""R"",""S"",""T"",""V""]},{""position"":3,""characters"":[""A"",""C"",""D"",""E"",""F"",""I"",""M"",""N"",""O"",""P"",""R"",""S"",""T"",""U""]},{""position"":4,""characters"":[""A"",""C"",""E"",""F"",""I"",""M"",""N"",""O"",""R"",""T"",""U""]},{""position"":5,""characters"":[""A"",""C"",""D"",""E"",""F"",""G"",""I"",""L"",""M"",""N"",""O"",""P"",""R"",""S"",""T"",""U""]},{""position"":6,""characters"":[""A"",""B"",""C"",""H"",""I"",""L"",""N"",""O"",""S"",""T"",""U""]},{""position"":7,""characters"":[""A"",""C"",""D"",""E"",""F"",""G"",""I"",""L"",""M"",""N"",""O"",""P"",""R"",""S"",""T"",""U"",""X""]},{""position"":8,""characters"":[""A"",""C"",""E"",""F"",""I"",""M"",""N"",""O"",""R"",""T"",""U""]},{""position"":9,""characters"":[""A"",""C"",""D"",""E"",""F"",""I"",""N"",""O"",""R"",""S"",""T"",""U""]},{""position"":10,""characters"":[""G""]},{""position"":11,""characters"":[""A"",""C"",""D"",""E"",""I"",""L"",""N"",""O"",""P"",""R"",""T"",""U"",""V""]},{""position"":12,""characters"":[""A"",""C"",""D"",""E"",""G"",""I"",""L"",""M"",""N"",""O"",""P"",""R"",""S"",""U"",""Y""]}]","true","false","B_USED_EXHAUSTION","1","1","1","0","0","0","[""ORGANISATIONS""]","[]","100","false","false"
"13","ar_to_en","1","33","0","2","across","4","N???","[{""position"":0,""characters"":[""N""]},{""position"":1,""characters"":[""N"",""Y""]},{""position"":2,""characters"":[""A"",""B"",""C"",""D"",""E"",""F"",""G"",""H"",""I"",""K"",""L"",""M"",""N"",""O"",""P"",""R"",""S"",""T"",""U"",""V"",""W"",""Y"",""Z""]},{""position"":3,""characters"":[""A"",""B"",""C"",""D"",""E"",""F"",""G"",""H"",""I"",""J"",""K"",""L"",""M"",""N"",""O"",""P"",""R"",""S"",""T"",""U"",""W"",""Y""]}]","true","false","A_TRUE_GAP","0","0","0","0","0","0","[]","[]","","false","false"
"13","ar_to_en","1","33","11","0","across","3","??O","[{""position"":0,""characters"":[""O"",""S""]},{""position"":1,""characters"":[""A"",""E"",""I"",""N"",""O"",""U"",""W""]},{""position"":2,""characters"":[""O""]}]","true","false","A_TRUE_GAP","0","0","0","0","0","0","[]","[]","","false","false"
"13","ar_to_en","1","33","6","4","down","7","????R??","[{""position"":0,""characters"":[""A"",""C"",""E"",""G"",""N"",""O"",""P"",""R"",""S"",""T""]},{""position"":1,""characters"":[""A"",""E"",""I"",""L"",""N"",""O"",""P"",""R"",""S"",""U""]},{""position"":2,""characters"":[""A"",""E"",""N"",""O"",""U""]},{""position"":3,""characters"":[""D"",""I"",""M"",""O"",""R"",""T"",""U""]},{""position"":4,""characters"":[""R""]},{""position"":5,""characters"":[""N"",""T""]},{""position"":6,""characters"":[""A"",""B"",""C"",""D"",""E"",""F"",""G"",""L"",""M"",""N"",""P"",""S"",""T"",""W"",""Y""]}]","true","false","A_TRUE_GAP","0","0","0","0","0","0","[]","[]","","false","false"
"13","ar_to_en","1","33","6","4","down","7","????U??","[{""position"":0,""characters"":[""A"",""C"",""E"",""I"",""L"",""R"",""T""]},{""position"":1,""characters"":[""A"",""C"",""E"",""H"",""I"",""L"",""N"",""O"",""R"",""S"",""U""]},{""position"":2,""characters"":[""A"",""E"",""I"",""L"",""N"",""O"",""P"",""R"",""S"",""T""]},{""position"":3,""characters"":[""C"",""L"",""M"",""N"",""S"",""T""]},{""position"":4,""characters"":[""U""]},{""position"":5,""characters"":[""C"",""D""]},{""position"":6,""characters"":[""A"",""C"",""E"",""H"",""L"",""R"",""S"",""T"",""U"",""Y""]}]","true","false","A_TRUE_GAP","0","0","0","0","0","0","[]","[]","","false","false"
"13","ar_to_en","1","33","5","9","down","8","?????IL?","[{""position"":0,""characters"":[""A"",""C"",""E"",""F"",""G"",""L"",""M"",""N"",""O"",""P"",""R"",""S"",""T""]},{""position"":1,""characters"":[""A"",""C"",""D"",""E"",""F"",""G"",""H"",""I"",""L"",""N"",""O"",""R"",""T"",""U""]},{""position"":2,""characters"":[""A"",""C"",""D"",""E"",""F"",""I"",""L"",""M"",""N"",""O"",""P"",""R"",""S"",""T"",""V""]},{""position"":3,""characters"":[""A"",""C"",""D"",""E"",""H"",""I"",""K"",""N"",""O"",""P"",""R"",""S"",""T""]},{""position"":4,""characters"":[""A"",""C"",""D"",""E"",""F"",""G"",""H"",""K"",""L"",""N"",""P"",""R"",""S"",""T""]},{""position"":5,""characters"":[""I""]},{""position"":6,""characters"":[""L""]},{""position"":7,""characters"":[""C"",""D"",""E"",""G"",""L"",""N"",""O"",""S"",""T""]}]","true","false","A_TRUE_GAP","0","0","0","0","0","0","[]","[]","","false","false"
"13","ar_to_en","1","33","1","1","down","8","?N??????","[{""position"":0,""characters"":[""A"",""C"",""E"",""G"",""H"",""I"",""O"",""R"",""S"",""T""]},{""position"":1,""characters"":[""N""]},{""position"":2,""characters"":[""A"",""C"",""E"",""H"",""I"",""L"",""M"",""N"",""O"",""R"",""S"",""T"",""U"",""W""]},{""position"":3,""characters"":[""D"",""E"",""M"",""R""]},{""position"":4,""characters"":[""A"",""B"",""C"",""P"",""Y""]},{""position"":5,""characters"":[""A"",""E"",""L"",""O""]},{""position"":6,""characters"":[""C"",""D"",""E"",""L"",""O"",""P"",""R"",""S"",""T"",""V"",""X""]},{""position"":7,""characters"":[""A"",""E"",""F"",""I"",""N"",""O"",""T""]}]","true","false","A_TRUE_GAP","0","0","0","0","0","0","[]","[]","","false","false"
"13","ar_to_en","1","33","11","4","across","9","?????????","[{""position"":0,""characters"":[""A"",""D"",""E"",""H"",""I"",""L"",""N"",""O"",""R"",""S"",""T"",""U"",""V""]},{""position"":1,""characters"":[""A"",""E"",""I"",""O""]},{""position"":2,""characters"":[""A"",""C"",""D"",""E"",""L"",""M"",""N"",""O"",""P"",""R"",""S"",""T"",""U"",""V""]},{""position"":3,""characters"":[""A"",""D"",""E"",""I"",""K"",""N"",""O"",""T""]},{""position"":4,""characters"":[""C"",""D"",""E"",""G"",""I"",""L"",""N"",""P"",""R"",""S"",""T"",""Y""]},{""position"":5,""characters"":[""A"",""C"",""E"",""L"",""N"",""O"",""P"",""R""]},{""position"":6,""characters"":[""E"",""N"",""O"",""V""]},{""position"":7,""characters"":[""C"",""D"",""E"",""H"",""L"",""M"",""N"",""O"",""P"",""R"",""S"",""T"",""U"",""V"",""W""]},{""position"":8,""characters"":[""A"",""E"",""I"",""N"",""O"",""U"",""W""]}]","true","false","A_TRUE_GAP","0","0","0","0","0","0","[]","[]","","false","false"
"13","ar_to_en","1","33","0","2","down","13","??????????V??","[{""position"":0,""characters"":[""A"",""C"",""D"",""E"",""G"",""I"",""L"",""M"",""N"",""O"",""P"",""R"",""S"",""T"",""U"",""Y""]},{""position"":1,""characters"":[""A"",""D"",""E"",""I"",""L"",""N"",""O"",""P"",""R"",""U"",""V""]},{""position"":2,""characters"":[""A"",""C"",""D"",""E"",""G"",""I"",""L"",""M"",""N"",""O"",""P"",""R"",""S"",""T"",""V""]},{""position"":3,""characters"":[""A"",""C"",""D"",""E"",""F"",""I"",""M"",""N"",""O"",""R"",""S"",""T"",""U""]},{""position"":4,""characters"":[""A"",""C"",""E"",""F"",""I"",""N"",""O"",""R"",""T"",""U""]},{""position"":5,""characters"":[""A"",""C"",""D"",""E"",""F"",""G"",""I"",""L"",""N"",""O"",""P"",""R"",""S"",""T"",""U""]},{""position"":6,""characters"":[""A"",""B"",""C"",""H"",""I"",""L"",""N"",""O"",""S"",""T"",""U""]},{""position"":7,""characters"":[""A"",""C"",""E"",""F"",""G"",""I"",""L"",""M"",""N"",""P"",""R"",""S"",""T"",""U""]},{""position"":8,""characters"":[""A"",""E"",""F"",""I"",""M"",""N"",""O"",""R"",""T"",""U""]},{""position"":9,""characters"":[""A"",""C"",""D"",""E"",""F"",""I"",""M"",""N"",""O"",""P"",""R"",""S"",""T"",""U""]},{""position"":10,""characters"":[""V""]},{""position"":11,""characters"":[""A"",""C"",""D"",""E"",""I"",""L"",""N"",""O"",""P"",""R"",""T"",""U""]},{""position"":12,""characters"":[""A"",""C"",""D"",""E"",""G"",""I"",""L"",""M"",""N"",""O"",""P"",""R"",""S"",""T"",""U""]}]","true","false","B_USED_EXHAUSTION","1","1","1","0","0","0","[""ADVERTISEMENT""]","[]","100","false","false"
"13","ar_to_en","1","33","11","4","across","9","??????N??","[{""position"":0,""characters"":[""A"",""C"",""E"",""G"",""H"",""I"",""L"",""M"",""N"",""P"",""R"",""S"",""T"",""U"",""V"",""W""]},{""position"":1,""characters"":[""A"",""E"",""I"",""O"",""U""]},{""position"":2,""characters"":[""A"",""C"",""D"",""E"",""L"",""M"",""N"",""O"",""P"",""R"",""S"",""T"",""U"",""V""]},{""position"":3,""characters"":[""A"",""E""]},{""position"":4,""characters"":[""A"",""E"",""I"",""O"",""U""]},{""position"":5,""characters"":[""A"",""E"",""G"",""H"",""L"",""M"",""N"",""P"",""R"",""S"",""T"",""V""]},{""position"":6,""characters"":[""N""]},{""position"":7,""characters"":[""A"",""D"",""E"",""O"",""P"",""R""]},{""position"":8,""characters"":[""C"",""D"",""E"",""G"",""I"",""L"",""N"",""P"",""R"",""S"",""T"",""Y""]}]","true","false","A_TRUE_GAP","0","0","0","0","0","0","[]","[]","","false","false"
"13","ar_to_en","1","34","2","0","across","13","??I???????I??","[{""position"":0,""characters"":[""A"",""C"",""D"",""E"",""G"",""I"",""L"",""N"",""O"",""P"",""R"",""S"",""T"",""U"",""Y""]},{""position"":1,""characters"":[""A"",""C"",""D"",""E"",""L"",""N"",""O"",""P"",""R"",""T"",""U"",""V""]},{""position"":2,""characters"":[""I""]},{""position"":3,""characters"":[""A"",""C"",""E"",""I"",""O"",""T""]},{""position"":4,""characters"":[""A"",""C"",""E"",""F"",""I"",""M"",""N"",""O"",""R"",""T"",""U""]},{""position"":5,""characters"":[""A"",""C"",""D"",""E"",""F"",""G"",""I"",""M"",""N"",""O"",""P"",""R"",""S"",""T"",""U"",""X""]},{""position"":6,""characters"":[""A"",""B"",""C"",""H"",""I"",""L"",""N"",""O"",""S"",""T"",""U"",""Z""]},{""position"":7,""characters"":[""A"",""C"",""D"",""E"",""F"",""G"",""I"",""L"",""M"",""N"",""O"",""P"",""R"",""S"",""T"",""U"",""X""]},{""position"":8,""characters"":[""A"",""C"",""E"",""F"",""I"",""M"",""N"",""O"",""R"",""T"",""U""]},{""position"":9,""characters"":[""A"",""C"",""D"",""E"",""F"",""I"",""M"",""N"",""O"",""P"",""R"",""S"",""T"",""U""]},{""position"":10,""characters"":[""I""]},{""position"":11,""characters"":[""A"",""C"",""D"",""E"",""I"",""L"",""N"",""O"",""P"",""R"",""T"",""U""]},{""position"":12,""characters"":[""A"",""C"",""D"",""E"",""G"",""I"",""L"",""M"",""N"",""O"",""P"",""R"",""S"",""T"",""U"",""Y""]}]","true","false","A_TRUE_GAP","0","0","0","0","0","0","[]","[]","","false","false"
"13","ar_to_en","1","34","0","2","down","13","??????????G??","[{""position"":0,""characters"":[""A"",""C"",""D"",""E"",""G"",""I"",""L"",""M"",""N"",""O"",""P"",""R"",""S"",""T"",""U"",""Y""]},{""position"":1,""characters"":[""A"",""D"",""E"",""I"",""L"",""N"",""O"",""P"",""R"",""U"",""V""]},{""position"":2,""characters"":[""A"",""C"",""D"",""E"",""G"",""I"",""L"",""M"",""N"",""O"",""P"",""R"",""S"",""T"",""V""]},{""position"":3,""characters"":[""A"",""C"",""D"",""E"",""F"",""I"",""M"",""N"",""O"",""R"",""S"",""T"",""U""]},{""position"":4,""characters"":[""A"",""C"",""E"",""F"",""I"",""N"",""O"",""R"",""T"",""U""]},{""position"":5,""characters"":[""A"",""C"",""D"",""E"",""F"",""G"",""I"",""L"",""N"",""O"",""P"",""R"",""S"",""T"",""U""]},{""position"":6,""characters"":[""A"",""B"",""C"",""H"",""I"",""L"",""N"",""O"",""S"",""T"",""U""]},{""position"":7,""characters"":[""A"",""C"",""E"",""F"",""G"",""I"",""L"",""M"",""N"",""P"",""R"",""S"",""T"",""U""]},{""position"":8,""characters"":[""A"",""E"",""F"",""I"",""M"",""N"",""O"",""R"",""T"",""U""]},{""position"":9,""characters"":[""A"",""C"",""D"",""E"",""F"",""I"",""M"",""N"",""O"",""P"",""R"",""S"",""T"",""U""]},{""position"":10,""characters"":[""G""]},{""position"":11,""characters"":[""A"",""C"",""D"",""E"",""I"",""L"",""N"",""O"",""P"",""R"",""T"",""U""]},{""position"":12,""characters"":[""A"",""C"",""D"",""E"",""G"",""I"",""L"",""M"",""N"",""O"",""P"",""R"",""S"",""T"",""U""]}]","true","false","B_USED_EXHAUSTION","1","1","1","0","0","0","[""ORGANISATIONS""]","[]","100","false","false"
"13","ar_to_en","1","34","0","10","down","13","??????????G??","[{""position"":0,""characters"":[""A"",""C"",""D"",""E"",""G"",""I"",""L"",""M"",""N"",""O"",""P"",""R"",""S"",""T"",""U"",""Y""]},{""position"":1,""characters"":[""A"",""C"",""D"",""E"",""I"",""L"",""N"",""O"",""P"",""R"",""T"",""U""]},{""position"":2,""characters"":[""A"",""C"",""D"",""E"",""G"",""I"",""L"",""M"",""N"",""O"",""P"",""R"",""S"",""T"",""V""]},{""position"":3,""characters"":[""A"",""C"",""D"",""E"",""F"",""I"",""M"",""N"",""O"",""P"",""R"",""S"",""T"",""U""]},{""position"":4,""characters"":[""A"",""C"",""E"",""F"",""I"",""M"",""N"",""O"",""R"",""T"",""U""]},{""position"":5,""characters"":[""A"",""C"",""D"",""E"",""F"",""G"",""I"",""L"",""M"",""N"",""O"",""P"",""R"",""S"",""T"",""U""]},{""position"":6,""characters"":[""A"",""B"",""C"",""H"",""I"",""L"",""N"",""O"",""S"",""T"",""U""]},{""position"":7,""characters"":[""A"",""C"",""D"",""E"",""F"",""G"",""I"",""L"",""M"",""N"",""O"",""P"",""R"",""S"",""T"",""U"",""X""]},{""position"":8,""characters"":[""A"",""C"",""E"",""F"",""I"",""M"",""N"",""O"",""R"",""T"",""U""]},{""position"":9,""characters"":[""A"",""C"",""D"",""E"",""F"",""I"",""N"",""O"",""R"",""S"",""T"",""U""]},{""position"":10,""characters"":[""G""]},{""position"":11,""characters"":[""A"",""C"",""D"",""E"",""I"",""L"",""N"",""O"",""P"",""R"",""T"",""U"",""V""]},{""position"":12,""characters"":[""A"",""C"",""D"",""E"",""G"",""I"",""L"",""M"",""N"",""O"",""P"",""R"",""S"",""U"",""Y""]}]","true","false","B_USED_EXHAUSTION","1","1","1","0","0","0","[""ORGANISATIONS""]","[]","100","false","false"
"13","ar_to_en","1","34","0","2","across","4","N???","[{""position"":0,""characters"":[""N""]},{""position"":1,""characters"":[""N"",""Y""]},{""position"":2,""characters"":[""A"",""B"",""C"",""D"",""E"",""F"",""G"",""H"",""I"",""K"",""L"",""M"",""N"",""O"",""P"",""R"",""S"",""T"",""U"",""V"",""W"",""Y"",""Z""]},{""position"":3,""characters"":[""A"",""B"",""C"",""D"",""E"",""F"",""G"",""H"",""I"",""J"",""K"",""L"",""M"",""N"",""O"",""P"",""R"",""S"",""T"",""U"",""W"",""Y""]}]","true","false","A_TRUE_GAP","0","0","0","0","0","0","[]","[]","","false","false"
"13","ar_to_en","1","34","11","0","across","3","??O","[{""position"":0,""characters"":[""O"",""S""]},{""position"":1,""characters"":[""A"",""E"",""I"",""N"",""O"",""U"",""W""]},{""position"":2,""characters"":[""O""]}]","true","false","A_TRUE_GAP","0","0","0","0","0","0","[]","[]","","false","false"
"13","ar_to_en","1","34","6","4","down","7","????R??","[{""position"":0,""characters"":[""A"",""C"",""E"",""G"",""N"",""O"",""P"",""R"",""S"",""T""]},{""position"":1,""characters"":[""A"",""E"",""I"",""L"",""N"",""O"",""P"",""R"",""S"",""U""]},{""position"":2,""characters"":[""A"",""E"",""N"",""O"",""U""]},{""position"":3,""characters"":[""D"",""I"",""M"",""O"",""R"",""T"",""U""]},{""position"":4,""characters"":[""R""]},{""position"":5,""characters"":[""N"",""T""]},{""position"":6,""characters"":[""A"",""B"",""C"",""D"",""E"",""F"",""G"",""L"",""M"",""N"",""P"",""S"",""T"",""W"",""Y""]}]","true","false","A_TRUE_GAP","0","0","0","0","0","0","[]","[]","","false","false"
"13","ar_to_en","1","34","6","4","down","7","????U??","[{""position"":0,""characters"":[""A"",""C"",""E"",""I"",""L"",""R"",""T""]},{""position"":1,""characters"":[""A"",""C"",""E"",""H"",""I"",""L"",""N"",""O"",""R"",""S"",""U""]},{""position"":2,""characters"":[""A"",""E"",""I"",""L"",""N"",""O"",""P"",""R"",""S"",""T""]},{""position"":3,""characters"":[""C"",""L"",""M"",""N"",""S"",""T""]},{""position"":4,""characters"":[""U""]},{""position"":5,""characters"":[""C"",""D""]},{""position"":6,""characters"":[""A"",""C"",""E"",""H"",""L"",""R"",""S"",""T"",""U"",""Y""]}]","true","false","A_TRUE_GAP","0","0","0","0","0","0","[]","[]","","false","false"
"13","ar_to_en","1","34","5","9","down","8","?????IL?","[{""position"":0,""characters"":[""A"",""C"",""E"",""F"",""G"",""L"",""M"",""N"",""O"",""P"",""R"",""S"",""T""]},{""position"":1,""characters"":[""A"",""C"",""D"",""E"",""F"",""G"",""H"",""I"",""L"",""N"",""O"",""R"",""T"",""U""]},{""position"":2,""characters"":[""A"",""C"",""D"",""E"",""F"",""I"",""L"",""M"",""N"",""O"",""P"",""R"",""S"",""T"",""V""]},{""position"":3,""characters"":[""A"",""C"",""D"",""E"",""H"",""I"",""K"",""N"",""O"",""P"",""R"",""S"",""T""]},{""position"":4,""characters"":[""A"",""C"",""D"",""E"",""F"",""G"",""H"",""K"",""L"",""N"",""P"",""R"",""S"",""T""]},{""position"":5,""characters"":[""I""]},{""position"":6,""characters"":[""L""]},{""position"":7,""characters"":[""C"",""D"",""E"",""G"",""L"",""N"",""O"",""S"",""T""]}]","true","false","A_TRUE_GAP","0","0","0","0","0","0","[]","[]","","false","false"
"13","ar_to_en","1","34","1","1","down","8","?N??????","[{""position"":0,""characters"":[""A"",""C"",""E"",""G"",""H"",""I"",""O"",""R"",""S"",""T""]},{""position"":1,""characters"":[""N""]},{""position"":2,""characters"":[""A"",""C"",""E"",""H"",""I"",""L"",""M"",""N"",""O"",""R"",""S"",""T"",""U"",""W""]},{""position"":3,""characters"":[""D"",""E"",""M"",""R""]},{""position"":4,""characters"":[""A"",""B"",""C"",""P"",""Y""]},{""position"":5,""characters"":[""A"",""E"",""L"",""O""]},{""position"":6,""characters"":[""C"",""D"",""E"",""L"",""O"",""P"",""R"",""S"",""T"",""V"",""X""]},{""position"":7,""characters"":[""A"",""E"",""F"",""I"",""N"",""O"",""T""]}]","true","false","A_TRUE_GAP","0","0","0","0","0","0","[]","[]","","false","false"
"13","ar_to_en","1","34","11","4","across","9","?????????","[{""position"":0,""characters"":[""A"",""D"",""E"",""H"",""I"",""L"",""N"",""O"",""R"",""S"",""T"",""U"",""V""]},{""position"":1,""characters"":[""A"",""E"",""I"",""O""]},{""position"":2,""characters"":[""A"",""C"",""D"",""E"",""L"",""M"",""N"",""O"",""P"",""R"",""S"",""T"",""U"",""V""]},{""position"":3,""characters"":[""A"",""D"",""E"",""I"",""K"",""N"",""O"",""T""]},{""position"":4,""characters"":[""C"",""D"",""E"",""G"",""I"",""L"",""N"",""P"",""R"",""S"",""T"",""Y""]},{""position"":5,""characters"":[""A"",""C"",""E"",""L"",""N"",""O"",""P"",""R""]},{""position"":6,""characters"":[""E"",""N"",""O"",""V""]},{""position"":7,""characters"":[""C"",""D"",""E"",""H"",""L"",""M"",""N"",""O"",""P"",""R"",""S"",""T"",""U"",""V"",""W""]},{""position"":8,""characters"":[""A"",""E"",""I"",""N"",""O"",""U"",""W""]}]","true","false","A_TRUE_GAP","0","0","0","0","0","0","[]","[]","","false","false"
"13","ar_to_en","1","34","0","2","down","13","??????????V??","[{""position"":0,""characters"":[""A"",""C"",""D"",""E"",""G"",""I"",""L"",""M"",""N"",""O"",""P"",""R"",""S"",""T"",""U"",""Y""]},{""position"":1,""characters"":[""A"",""D"",""E"",""I"",""L"",""N"",""O"",""P"",""R"",""U"",""V""]},{""position"":2,""characters"":[""A"",""C"",""D"",""E"",""G"",""I"",""L"",""M"",""N"",""O"",""P"",""R"",""S"",""T"",""V""]},{""position"":3,""characters"":[""A"",""C"",""D"",""E"",""F"",""I"",""M"",""N"",""O"",""R"",""S"",""T"",""U""]},{""position"":4,""characters"":[""A"",""C"",""E"",""F"",""I"",""N"",""O"",""R"",""T"",""U""]},{""position"":5,""characters"":[""A"",""C"",""D"",""E"",""F"",""G"",""I"",""L"",""N"",""O"",""P"",""R"",""S"",""T"",""U""]},{""position"":6,""characters"":[""A"",""B"",""C"",""H"",""I"",""L"",""N"",""O"",""S"",""T"",""U""]},{""position"":7,""characters"":[""A"",""C"",""E"",""F"",""G"",""I"",""L"",""M"",""N"",""P"",""R"",""S"",""T"",""U""]},{""position"":8,""characters"":[""A"",""E"",""F"",""I"",""M"",""N"",""O"",""R"",""T"",""U""]},{""position"":9,""characters"":[""A"",""C"",""D"",""E"",""F"",""I"",""M"",""N"",""O"",""P"",""R"",""S"",""T"",""U""]},{""position"":10,""characters"":[""V""]},{""position"":11,""characters"":[""A"",""C"",""D"",""E"",""I"",""L"",""N"",""O"",""P"",""R"",""T"",""U""]},{""position"":12,""characters"":[""A"",""C"",""D"",""E"",""G"",""I"",""L"",""M"",""N"",""O"",""P"",""R"",""S"",""T"",""U""]}]","true","false","B_USED_EXHAUSTION","1","1","1","0","0","0","[""ADVERTISEMENT""]","[]","100","false","false"
"13","ar_to_en","1","34","11","4","across","9","??????N??","[{""position"":0,""characters"":[""A"",""C"",""E"",""G"",""H"",""I"",""L"",""M"",""N"",""P"",""R"",""S"",""T"",""U"",""V"",""W""]},{""position"":1,""characters"":[""A"",""E"",""I"",""O"",""U""]},{""position"":2,""characters"":[""A"",""C"",""D"",""E"",""L"",""M"",""N"",""O"",""P"",""R"",""S"",""T"",""U"",""V""]},{""position"":3,""characters"":[""A"",""E""]},{""position"":4,""characters"":[""A"",""E"",""I"",""O"",""U""]},{""position"":5,""characters"":[""A"",""E"",""G"",""H"",""L"",""M"",""N"",""P"",""R"",""S"",""T"",""V""]},{""position"":6,""characters"":[""N""]},{""position"":7,""characters"":[""A"",""D"",""E"",""O"",""P"",""R""]},{""position"":8,""characters"":[""C"",""D"",""E"",""G"",""I"",""L"",""N"",""P"",""R"",""S"",""T"",""Y""]}]","true","false","A_TRUE_GAP","0","0","0","0","0","0","[]","[]","","false","false"
"13","ar_to_en","1","34","2","0","across","13","???I?????????","[{""position"":0,""characters"":[""A"",""C"",""D"",""E"",""G"",""I"",""L"",""N"",""O"",""P"",""R"",""S"",""T"",""U"",""Y""]},{""position"":1,""characters"":[""A"",""C"",""D"",""E"",""I"",""L"",""N"",""O"",""P"",""R"",""T"",""U"",""V""]},{""position"":2,""characters"":[""E"",""I"",""T""]},{""position"":3,""characters"":[""I""]},{""position"":4,""characters"":[""A"",""C"",""E"",""F"",""I"",""M"",""N"",""O"",""R"",""T"",""U""]},{""position"":5,""characters"":[""A"",""C"",""D"",""E"",""F"",""G"",""I"",""M"",""N"",""O"",""P"",""R"",""S"",""T"",""U"",""X""]},{""position"":6,""characters"":[""A"",""B"",""C"",""H"",""I"",""L"",""N"",""O"",""S"",""T"",""U"",""Z""]},{""position"":7,""characters"":[""A"",""C"",""D"",""E"",""F"",""G"",""I"",""L"",""M"",""N"",""O"",""P"",""R"",""S"",""T"",""U"",""X""]},{""position"":8,""characters"":[""A"",""C"",""E"",""F"",""I"",""M"",""N"",""O"",""R"",""T"",""U""]},{""position"":9,""characters"":[""A"",""C"",""D"",""E"",""F"",""I"",""M"",""N"",""O"",""P"",""R"",""S"",""T"",""U""]},{""position"":10,""characters"":[""C"",""D"",""M"",""N"",""P"",""R"",""T""]},{""position"":11,""characters"":[""A"",""C"",""D"",""E"",""I"",""L"",""N"",""O"",""P"",""R"",""T"",""U""]},{""position"":12,""characters"":[""A"",""C"",""D"",""E"",""G"",""I"",""L"",""M"",""N"",""O"",""P"",""R"",""S"",""T"",""U"",""Y""]}]","true","false","A_TRUE_GAP","0","0","0","0","0","0","[]","[]","","false","false"
"13","ar_to_en","1","34","0","2","down","13","??????????P??","[{""position"":0,""characters"":[""A"",""C"",""D"",""E"",""G"",""I"",""L"",""M"",""N"",""O"",""P"",""R"",""S"",""T"",""U"",""Y""]},{""position"":1,""characters"":[""A"",""D"",""E"",""I"",""L"",""N"",""O"",""P"",""R"",""U"",""V""]},{""position"":2,""characters"":[""A"",""C"",""D"",""E"",""G"",""I"",""L"",""M"",""N"",""O"",""P"",""R"",""S"",""T"",""V""]},{""position"":3,""characters"":[""A"",""C"",""D"",""E"",""F"",""I"",""M"",""N"",""O"",""R"",""S"",""T"",""U""]},{""position"":4,""characters"":[""A"",""C"",""E"",""F"",""I"",""N"",""O"",""R"",""T"",""U""]},{""position"":5,""characters"":[""A"",""C"",""D"",""E"",""F"",""G"",""I"",""L"",""N"",""O"",""P"",""R"",""S"",""T"",""U""]},{""position"":6,""characters"":[""A"",""B"",""C"",""H"",""I"",""L"",""N"",""O"",""S"",""T"",""U""]},{""position"":7,""characters"":[""A"",""C"",""E"",""F"",""G"",""I"",""L"",""M"",""N"",""P"",""R"",""S"",""T"",""U""]},{""position"":8,""characters"":[""A"",""E"",""F"",""I"",""M"",""N"",""O"",""R"",""T"",""U""]},{""position"":9,""characters"":[""A"",""C"",""D"",""E"",""F"",""I"",""M"",""N"",""O"",""P"",""R"",""S"",""T"",""U""]},{""position"":10,""characters"":[""P""]},{""position"":11,""characters"":[""A"",""C"",""D"",""E"",""I"",""L"",""N"",""O"",""P"",""R"",""T"",""U""]},{""position"":12,""characters"":[""A"",""C"",""D"",""E"",""G"",""I"",""L"",""M"",""N"",""O"",""P"",""R"",""S"",""T"",""U""]}]","true","false","B_USED_EXHAUSTION","1","1","1","0","0","0","[""OPPORTUNITIES""]","[]","100","false","false"
"13","ar_to_en","1","35","9","2","across","6","??????","[{""position"":0,""characters"":[""C"",""T""]},{""position"":1,""characters"":[""E"",""H"",""N"",""R""]},{""position"":2,""characters"":[""A"",""B"",""C"",""D"",""E"",""F"",""G"",""H"",""K"",""L"",""M"",""N"",""P"",""R"",""S"",""T"",""U"",""V"",""W"",""Y""]},{""position"":3,""characters"":[""I"",""S""]},{""position"":4,""characters"":[""A"",""C"",""D"",""E"",""H"",""L"",""M"",""N"",""O"",""P"",""R"",""S"",""T"",""U"",""V""]},{""position"":5,""characters"":[""A"",""E"",""I"",""T""]}]","true","false","A_TRUE_GAP","0","0","0","0","0","0","[]","[]","","false","false"
"13","ar_to_en","1","35","2","0","across","13","??I???????I??","[{""position"":0,""characters"":[""A"",""C"",""D"",""E"",""G"",""I"",""L"",""N"",""O"",""P"",""R"",""S"",""T"",""U"",""Y""]},{""position"":1,""characters"":[""A"",""C"",""D"",""E"",""L"",""N"",""O"",""P"",""R"",""T"",""U"",""V""]},{""position"":2,""characters"":[""I""]},{""position"":3,""characters"":[""A"",""C"",""E"",""I"",""O"",""T""]},{""position"":4,""characters"":[""A"",""C"",""E"",""F"",""I"",""M"",""N"",""O"",""R"",""T"",""U""]},{""position"":5,""characters"":[""A"",""C"",""D"",""E"",""F"",""G"",""I"",""M"",""N"",""O"",""P"",""R"",""S"",""T"",""U"",""X""]},{""position"":6,""characters"":[""A"",""B"",""C"",""H"",""I"",""L"",""N"",""O"",""S"",""T"",""U"",""Z""]},{""position"":7,""characters"":[""A"",""C"",""D"",""E"",""F"",""G"",""I"",""L"",""M"",""N"",""O"",""P"",""R"",""S"",""T"",""U"",""X""]},{""position"":8,""characters"":[""A"",""C"",""E"",""F"",""I"",""M"",""N"",""O"",""R"",""T"",""U""]},{""position"":9,""characters"":[""A"",""C"",""D"",""E"",""F"",""I"",""M"",""N"",""O"",""P"",""R"",""S"",""T"",""U""]},{""position"":10,""characters"":[""I""]},{""position"":11,""characters"":[""A"",""C"",""D"",""E"",""I"",""L"",""N"",""O"",""P"",""R"",""T"",""U""]},{""position"":12,""characters"":[""A"",""C"",""D"",""E"",""G"",""I"",""L"",""M"",""N"",""O"",""P"",""R"",""S"",""T"",""U"",""Y""]}]","true","false","A_TRUE_GAP","0","0","0","0","0","0","[]","[]","","false","false"
"13","ar_to_en","1","35","0","2","down","13","??????????G??","[{""position"":0,""characters"":[""A"",""C"",""D"",""E"",""G"",""I"",""L"",""M"",""N"",""O"",""P"",""R"",""S"",""T"",""U"",""Y""]},{""position"":1,""characters"":[""A"",""D"",""E"",""I"",""L"",""N"",""O"",""P"",""R"",""U"",""V""]},{""position"":2,""characters"":[""A"",""C"",""D"",""E"",""G"",""I"",""L"",""M"",""N"",""O"",""P"",""R"",""S"",""T"",""V""]},{""position"":3,""characters"":[""A"",""C"",""D"",""E"",""F"",""I"",""M"",""N"",""O"",""R"",""S"",""T"",""U""]},{""position"":4,""characters"":[""A"",""C"",""E"",""F"",""I"",""N"",""O"",""R"",""T"",""U""]},{""position"":5,""characters"":[""A"",""C"",""D"",""E"",""F"",""G"",""I"",""L"",""N"",""O"",""P"",""R"",""S"",""T"",""U""]},{""position"":6,""characters"":[""A"",""B"",""C"",""H"",""I"",""L"",""N"",""O"",""S"",""T"",""U""]},{""position"":7,""characters"":[""A"",""C"",""E"",""F"",""G"",""I"",""L"",""M"",""N"",""P"",""R"",""S"",""T"",""U""]},{""position"":8,""characters"":[""A"",""E"",""F"",""I"",""M"",""N"",""O"",""R"",""T"",""U""]},{""position"":9,""characters"":[""A"",""C"",""D"",""E"",""F"",""I"",""M"",""N"",""O"",""P"",""R"",""S"",""T"",""U""]},{""position"":10,""characters"":[""G""]},{""position"":11,""characters"":[""A"",""C"",""D"",""E"",""I"",""L"",""N"",""O"",""P"",""R"",""T"",""U""]},{""position"":12,""characters"":[""A"",""C"",""D"",""E"",""G"",""I"",""L"",""M"",""N"",""O"",""P"",""R"",""S"",""T"",""U""]}]","true","false","B_USED_EXHAUSTION","1","1","1","0","0","0","[""ORGANISATIONS""]","[]","100","false","false"
"13","ar_to_en","1","35","0","10","down","13","??????????G??","[{""position"":0,""characters"":[""A"",""C"",""D"",""E"",""G"",""I"",""L"",""M"",""N"",""O"",""P"",""R"",""S"",""T"",""U"",""Y""]},{""position"":1,""characters"":[""A"",""C"",""D"",""E"",""I"",""L"",""N"",""O"",""P"",""R"",""T"",""U""]},{""position"":2,""characters"":[""A"",""C"",""D"",""E"",""G"",""I"",""L"",""M"",""N"",""O"",""P"",""R"",""S"",""T"",""V""]},{""position"":3,""characters"":[""A"",""C"",""D"",""E"",""F"",""I"",""M"",""N"",""O"",""P"",""R"",""S"",""T"",""U""]},{""position"":4,""characters"":[""A"",""C"",""E"",""F"",""I"",""M"",""N"",""O"",""R"",""T"",""U""]},{""position"":5,""characters"":[""A"",""C"",""D"",""E"",""F"",""G"",""I"",""L"",""M"",""N"",""O"",""P"",""R"",""S"",""T"",""U""]},{""position"":6,""characters"":[""A"",""B"",""C"",""H"",""I"",""L"",""N"",""O"",""S"",""T"",""U""]},{""position"":7,""characters"":[""A"",""C"",""D"",""E"",""F"",""G"",""I"",""L"",""M"",""N"",""O"",""P"",""R"",""S"",""T"",""U"",""X""]},{""position"":8,""characters"":[""A"",""C"",""E"",""F"",""I"",""M"",""N"",""O"",""R"",""T"",""U""]},{""position"":9,""characters"":[""A"",""C"",""D"",""E"",""F"",""I"",""N"",""O"",""R"",""S"",""T"",""U""]},{""position"":10,""characters"":[""G""]},{""position"":11,""characters"":[""A"",""C"",""D"",""E"",""I"",""L"",""N"",""O"",""P"",""R"",""T"",""U"",""V""]},{""position"":12,""characters"":[""A"",""C"",""D"",""E"",""G"",""I"",""L"",""M"",""N"",""O"",""P"",""R"",""S"",""U"",""Y""]}]","true","false","B_USED_EXHAUSTION","1","1","1","0","0","0","[""ORGANISATIONS""]","[]","100","false","false"
"13","ar_to_en","1","35","0","2","across","4","N???","[{""position"":0,""characters"":[""N""]},{""position"":1,""characters"":[""N"",""Y""]},{""position"":2,""characters"":[""A"",""B"",""C"",""D"",""E"",""F"",""G"",""H"",""I"",""K"",""L"",""M"",""N"",""O"",""P"",""R"",""S"",""T"",""U"",""V"",""W"",""Y"",""Z""]},{""position"":3,""characters"":[""A"",""B"",""C"",""D"",""E"",""F"",""G"",""H"",""I"",""J"",""K"",""L"",""M"",""N"",""O"",""P"",""R"",""S"",""T"",""U"",""W"",""Y""]}]","true","false","A_TRUE_GAP","0","0","0","0","0","0","[]","[]","","false","false"
"13","ar_to_en","1","35","11","0","across","3","??O","[{""position"":0,""characters"":[""O"",""S""]},{""position"":1,""characters"":[""A"",""E"",""I"",""N"",""O"",""U"",""W""]},{""position"":2,""characters"":[""O""]}]","true","false","A_TRUE_GAP","0","0","0","0","0","0","[]","[]","","false","false"
"13","ar_to_en","1","35","6","4","down","7","????R??","[{""position"":0,""characters"":[""A"",""C"",""E"",""G"",""N"",""O"",""P"",""R"",""S"",""T""]},{""position"":1,""characters"":[""A"",""E"",""I"",""L"",""N"",""O"",""P"",""R"",""S"",""U""]},{""position"":2,""characters"":[""A"",""E"",""N"",""O"",""U""]},{""position"":3,""characters"":[""D"",""I"",""M"",""O"",""R"",""T"",""U""]},{""position"":4,""characters"":[""R""]},{""position"":5,""characters"":[""N"",""T""]},{""position"":6,""characters"":[""A"",""B"",""C"",""D"",""E"",""F"",""G"",""L"",""M"",""N"",""P"",""S"",""T"",""W"",""Y""]}]","true","false","A_TRUE_GAP","0","0","0","0","0","0","[]","[]","","false","false"
"13","ar_to_en","1","35","6","4","down","7","????U??","[{""position"":0,""characters"":[""A"",""C"",""E"",""I"",""L"",""R"",""T""]},{""position"":1,""characters"":[""A"",""C"",""E"",""H"",""I"",""L"",""N"",""O"",""R"",""S"",""U""]},{""position"":2,""characters"":[""A"",""E"",""I"",""L"",""N"",""O"",""P"",""R"",""S"",""T""]},{""position"":3,""characters"":[""C"",""L"",""M"",""N"",""S"",""T""]},{""position"":4,""characters"":[""U""]},{""position"":5,""characters"":[""C"",""D""]},{""position"":6,""characters"":[""A"",""C"",""E"",""H"",""L"",""R"",""S"",""T"",""U"",""Y""]}]","true","false","A_TRUE_GAP","0","0","0","0","0","0","[]","[]","","false","false"
"13","ar_to_en","1","35","5","9","down","8","?????IL?","[{""position"":0,""characters"":[""A"",""C"",""E"",""F"",""G"",""L"",""M"",""N"",""O"",""P"",""R"",""S"",""T""]},{""position"":1,""characters"":[""A"",""C"",""D"",""E"",""F"",""G"",""H"",""I"",""L"",""N"",""O"",""R"",""T"",""U""]},{""position"":2,""characters"":[""A"",""C"",""D"",""E"",""F"",""I"",""L"",""M"",""N"",""O"",""P"",""R"",""S"",""T"",""V""]},{""position"":3,""characters"":[""A"",""C"",""D"",""E"",""H"",""I"",""K"",""N"",""O"",""P"",""R"",""S"",""T""]},{""position"":4,""characters"":[""A"",""C"",""D"",""E"",""F"",""G"",""H"",""K"",""L"",""N"",""P"",""R"",""S"",""T""]},{""position"":5,""characters"":[""I""]},{""position"":6,""characters"":[""L""]},{""position"":7,""characters"":[""C"",""D"",""E"",""G"",""L"",""N"",""O"",""S"",""T""]}]","true","false","A_TRUE_GAP","0","0","0","0","0","0","[]","[]","","false","false"
"13","ar_to_en","1","35","1","1","down","8","?N??????","[{""position"":0,""characters"":[""A"",""C"",""E"",""G"",""H"",""I"",""O"",""R"",""S"",""T""]},{""position"":1,""characters"":[""N""]},{""position"":2,""characters"":[""A"",""C"",""E"",""H"",""I"",""L"",""M"",""N"",""O"",""R"",""S"",""T"",""U"",""W""]},{""position"":3,""characters"":[""D"",""E"",""M"",""R""]},{""position"":4,""characters"":[""A"",""B"",""C"",""P"",""Y""]},{""position"":5,""characters"":[""A"",""E"",""L"",""O""]},{""position"":6,""characters"":[""C"",""D"",""E"",""L"",""O"",""P"",""R"",""S"",""T"",""V"",""X""]},{""position"":7,""characters"":[""A"",""E"",""F"",""I"",""N"",""O"",""T""]}]","true","false","A_TRUE_GAP","0","0","0","0","0","0","[]","[]","","false","false"
"13","ar_to_en","1","35","11","4","across","9","?????????","[{""position"":0,""characters"":[""A"",""D"",""E"",""H"",""I"",""L"",""N"",""O"",""R"",""S"",""T"",""U"",""V""]},{""position"":1,""characters"":[""A"",""E"",""I"",""O""]},{""position"":2,""characters"":[""A"",""C"",""D"",""E"",""L"",""M"",""N"",""O"",""P"",""R"",""S"",""T"",""U"",""V""]},{""position"":3,""characters"":[""A"",""D"",""E"",""I"",""K"",""N"",""O"",""T""]},{""position"":4,""characters"":[""C"",""D"",""E"",""G"",""I"",""L"",""N"",""P"",""R"",""S"",""T"",""Y""]},{""position"":5,""characters"":[""A"",""C"",""E"",""L"",""N"",""O"",""P"",""R""]},{""position"":6,""characters"":[""E"",""N"",""O"",""V""]},{""position"":7,""characters"":[""C"",""D"",""E"",""H"",""L"",""M"",""N"",""O"",""P"",""R"",""S"",""T"",""U"",""V"",""W""]},{""position"":8,""characters"":[""A"",""E"",""I"",""N"",""O"",""U"",""W""]}]","true","false","A_TRUE_GAP","0","0","0","0","0","0","[]","[]","","false","false"
"13","ar_to_en","1","35","0","2","down","13","??????????V??","[{""position"":0,""characters"":[""A"",""C"",""D"",""E"",""G"",""I"",""L"",""M"",""N"",""O"",""P"",""R"",""S"",""T"",""U"",""Y""]},{""position"":1,""characters"":[""A"",""D"",""E"",""I"",""L"",""N"",""O"",""P"",""R"",""U"",""V""]},{""position"":2,""characters"":[""A"",""C"",""D"",""E"",""G"",""I"",""L"",""M"",""N"",""O"",""P"",""R"",""S"",""T"",""V""]},{""position"":3,""characters"":[""A"",""C"",""D"",""E"",""F"",""I"",""M"",""N"",""O"",""R"",""S"",""T"",""U""]},{""position"":4,""characters"":[""A"",""C"",""E"",""F"",""I"",""N"",""O"",""R"",""T"",""U""]},{""position"":5,""characters"":[""A"",""C"",""D"",""E"",""F"",""G"",""I"",""L"",""N"",""O"",""P"",""R"",""S"",""T"",""U""]},{""position"":6,""characters"":[""A"",""B"",""C"",""H"",""I"",""L"",""N"",""O"",""S"",""T"",""U""]},{""position"":7,""characters"":[""A"",""C"",""E"",""F"",""G"",""I"",""L"",""M"",""N"",""P"",""R"",""S"",""T"",""U""]},{""position"":8,""characters"":[""A"",""E"",""F"",""I"",""M"",""N"",""O"",""R"",""T"",""U""]},{""position"":9,""characters"":[""A"",""C"",""D"",""E"",""F"",""I"",""M"",""N"",""O"",""P"",""R"",""S"",""T"",""U""]},{""position"":10,""characters"":[""V""]},{""position"":11,""characters"":[""A"",""C"",""D"",""E"",""I"",""L"",""N"",""O"",""P"",""R"",""T"",""U""]},{""position"":12,""characters"":[""A"",""C"",""D"",""E"",""G"",""I"",""L"",""M"",""N"",""O"",""P"",""R"",""S"",""T"",""U""]}]","true","false","B_USED_EXHAUSTION","1","1","1","0","0","0","[""ADVERTISEMENT""]","[]","100","false","false"
"13","ar_to_en","1","35","11","4","across","9","??????N??","[{""position"":0,""characters"":[""A"",""C"",""E"",""G"",""H"",""I"",""L"",""M"",""N"",""P"",""R"",""S"",""T"",""U"",""V"",""W""]},{""position"":1,""characters"":[""A"",""E"",""I"",""O"",""U""]},{""position"":2,""characters"":[""A"",""C"",""D"",""E"",""L"",""M"",""N"",""O"",""P"",""R"",""S"",""T"",""U"",""V""]},{""position"":3,""characters"":[""A"",""E""]},{""position"":4,""characters"":[""A"",""E"",""I"",""O"",""U""]},{""position"":5,""characters"":[""A"",""E"",""G"",""H"",""L"",""M"",""N"",""P"",""R"",""S"",""T"",""V""]},{""position"":6,""characters"":[""N""]},{""position"":7,""characters"":[""A"",""D"",""E"",""O"",""P"",""R""]},{""position"":8,""characters"":[""C"",""D"",""E"",""G"",""I"",""L"",""N"",""P"",""R"",""S"",""T"",""Y""]}]","true","false","A_TRUE_GAP","0","0","0","0","0","0","[]","[]","","false","false"
"13","ar_to_en","1","36","5","9","down","8","?????I??","[{""position"":0,""characters"":[""A"",""E"",""G"",""M"",""N"",""O"",""S""]},{""position"":1,""characters"":[""A"",""E"",""H"",""I"",""L"",""N"",""O"",""R"",""T"",""U""]},{""position"":2,""characters"":[""A"",""C"",""D"",""E"",""F"",""I"",""L"",""M"",""N"",""O"",""P"",""R"",""S"",""T"",""V""]},{""position"":3,""characters"":[""A"",""C"",""D"",""E"",""H"",""I"",""K"",""N"",""O"",""P"",""R"",""S"",""T"",""U""]},{""position"":4,""characters"":[""A"",""D"",""E"",""F"",""G"",""H"",""K"",""L"",""N"",""P"",""R"",""S"",""T""]},{""position"":5,""characters"":[""I""]},{""position"":6,""characters"":[""C"",""E"",""N"",""O"",""S""]},{""position"":7,""characters"":[""E"",""L"",""T""]}]","true","false","A_TRUE_GAP","0","0","0","0","0","0","[]","[]","","false","false"
"13","ar_to_en","1","36","9","2","across","6","??????","[{""position"":0,""characters"":[""C"",""T""]},{""position"":1,""characters"":[""E"",""H"",""N"",""R""]},{""position"":2,""characters"":[""A"",""B"",""C"",""D"",""E"",""F"",""G"",""H"",""K"",""L"",""M"",""N"",""P"",""R"",""S"",""T"",""U"",""V"",""W"",""Y""]},{""position"":3,""characters"":[""I"",""S""]},{""position"":4,""characters"":[""A"",""C"",""D"",""E"",""H"",""L"",""M"",""N"",""O"",""P"",""R"",""S"",""T"",""U"",""V""]},{""position"":5,""characters"":[""A"",""E"",""I"",""T""]}]","true","false","A_TRUE_GAP","0","0","0","0","0","0","[]","[]","","false","false"
"13","ar_to_en","1","36","2","0","across","13","??I???????I??","[{""position"":0,""characters"":[""A"",""C"",""D"",""E"",""G"",""I"",""L"",""N"",""O"",""P"",""R"",""S"",""T"",""U"",""Y""]},{""position"":1,""characters"":[""A"",""C"",""D"",""E"",""L"",""N"",""O"",""P"",""R"",""T"",""U"",""V""]},{""position"":2,""characters"":[""I""]},{""position"":3,""characters"":[""A"",""C"",""E"",""I"",""O"",""T""]},{""position"":4,""characters"":[""A"",""C"",""E"",""F"",""I"",""M"",""N"",""O"",""R"",""T"",""U""]},{""position"":5,""characters"":[""A"",""C"",""D"",""E"",""F"",""G"",""I"",""M"",""N"",""O"",""P"",""R"",""S"",""T"",""U"",""X""]},{""position"":6,""characters"":[""A"",""B"",""C"",""H"",""I"",""L"",""N"",""O"",""S"",""T"",""U"",""Z""]},{""position"":7,""characters"":[""A"",""C"",""D"",""E"",""F"",""G"",""I"",""L"",""M"",""N"",""O"",""P"",""R"",""S"",""T"",""U"",""X""]},{""position"":8,""characters"":[""A"",""C"",""E"",""F"",""I"",""M"",""N"",""O"",""R"",""T"",""U""]},{""position"":9,""characters"":[""A"",""C"",""D"",""E"",""F"",""I"",""M"",""N"",""O"",""P"",""R"",""S"",""T"",""U""]},{""position"":10,""characters"":[""I""]},{""position"":11,""characters"":[""A"",""C"",""D"",""E"",""I"",""L"",""N"",""O"",""P"",""R"",""T"",""U""]},{""position"":12,""characters"":[""A"",""C"",""D"",""E"",""G"",""I"",""L"",""M"",""N"",""O"",""P"",""R"",""S"",""T"",""U"",""Y""]}]","true","false","A_TRUE_GAP","0","0","0","0","0","0","[]","[]","","false","false"
"13","ar_to_en","1","36","0","2","down","13","??????????G??","[{""position"":0,""characters"":[""A"",""C"",""D"",""E"",""G"",""I"",""L"",""M"",""N"",""O"",""P"",""R"",""S"",""T"",""U"",""Y""]},{""position"":1,""characters"":[""A"",""D"",""E"",""I"",""L"",""N"",""O"",""P"",""R"",""U"",""V""]},{""position"":2,""characters"":[""A"",""C"",""D"",""E"",""G"",""I"",""L"",""M"",""N"",""O"",""P"",""R"",""S"",""T"",""V""]},{""position"":3,""characters"":[""A"",""C"",""D"",""E"",""F"",""I"",""M"",""N"",""O"",""R"",""S"",""T"",""U""]},{""position"":4,""characters"":[""A"",""C"",""E"",""F"",""I"",""N"",""O"",""R"",""T"",""U""]},{""position"":5,""characters"":[""A"",""C"",""D"",""E"",""F"",""G"",""I"",""L"",""N"",""O"",""P"",""R"",""S"",""T"",""U""]},{""position"":6,""characters"":[""A"",""B"",""C"",""H"",""I"",""L"",""N"",""O"",""S"",""T"",""U""]},{""position"":7,""characters"":[""A"",""C"",""E"",""F"",""G"",""I"",""L"",""M"",""N"",""P"",""R"",""S"",""T"",""U""]},{""position"":8,""characters"":[""A"",""E"",""F"",""I"",""M"",""N"",""O"",""R"",""T"",""U""]},{""position"":9,""characters"":[""A"",""C"",""D"",""E"",""F"",""I"",""M"",""N"",""O"",""P"",""R"",""S"",""T"",""U""]},{""position"":10,""characters"":[""G""]},{""position"":11,""characters"":[""A"",""C"",""D"",""E"",""I"",""L"",""N"",""O"",""P"",""R"",""T"",""U""]},{""position"":12,""characters"":[""A"",""C"",""D"",""E"",""G"",""I"",""L"",""M"",""N"",""O"",""P"",""R"",""S"",""T"",""U""]}]","true","false","B_USED_EXHAUSTION","1","1","1","0","0","0","[""ORGANISATIONS""]","[]","100","false","false"
"13","ar_to_en","1","36","0","10","down","13","??????????G??","[{""position"":0,""characters"":[""A"",""C"",""D"",""E"",""G"",""I"",""L"",""M"",""N"",""O"",""P"",""R"",""S"",""T"",""U"",""Y""]},{""position"":1,""characters"":[""A"",""C"",""D"",""E"",""I"",""L"",""N"",""O"",""P"",""R"",""T"",""U""]},{""position"":2,""characters"":[""A"",""C"",""D"",""E"",""G"",""I"",""L"",""M"",""N"",""O"",""P"",""R"",""S"",""T"",""V""]},{""position"":3,""characters"":[""A"",""C"",""D"",""E"",""F"",""I"",""M"",""N"",""O"",""P"",""R"",""S"",""T"",""U""]},{""position"":4,""characters"":[""A"",""C"",""E"",""F"",""I"",""M"",""N"",""O"",""R"",""T"",""U""]},{""position"":5,""characters"":[""A"",""C"",""D"",""E"",""F"",""G"",""I"",""L"",""M"",""N"",""O"",""P"",""R"",""S"",""T"",""U""]},{""position"":6,""characters"":[""A"",""B"",""C"",""H"",""I"",""L"",""N"",""O"",""S"",""T"",""U""]},{""position"":7,""characters"":[""A"",""C"",""D"",""E"",""F"",""G"",""I"",""L"",""M"",""N"",""O"",""P"",""R"",""S"",""T"",""U"",""X""]},{""position"":8,""characters"":[""A"",""C"",""E"",""F"",""I"",""M"",""N"",""O"",""R"",""T"",""U""]},{""position"":9,""characters"":[""A"",""C"",""D"",""E"",""F"",""I"",""N"",""O"",""R"",""S"",""T"",""U""]},{""position"":10,""characters"":[""G""]},{""position"":11,""characters"":[""A"",""C"",""D"",""E"",""I"",""L"",""N"",""O"",""P"",""R"",""T"",""U"",""V""]},{""position"":12,""characters"":[""A"",""C"",""D"",""E"",""G"",""I"",""L"",""M"",""N"",""O"",""P"",""R"",""S"",""U"",""Y""]}]","true","false","B_USED_EXHAUSTION","1","1","1","0","0","0","[""ORGANISATIONS""]","[]","100","false","false"
"13","ar_to_en","1","36","0","2","across","4","N???","[{""position"":0,""characters"":[""N""]},{""position"":1,""characters"":[""N"",""Y""]},{""position"":2,""characters"":[""A"",""B"",""C"",""D"",""E"",""F"",""G"",""H"",""I"",""K"",""L"",""M"",""N"",""O"",""P"",""R"",""S"",""T"",""U"",""V"",""W"",""Y"",""Z""]},{""position"":3,""characters"":[""A"",""B"",""C"",""D"",""E"",""F"",""G"",""H"",""I"",""J"",""K"",""L"",""M"",""N"",""O"",""P"",""R"",""S"",""T"",""U"",""W"",""Y""]}]","true","false","A_TRUE_GAP","0","0","0","0","0","0","[]","[]","","false","false"
"13","ar_to_en","1","36","11","0","across","3","??O","[{""position"":0,""characters"":[""O"",""S""]},{""position"":1,""characters"":[""A"",""E"",""I"",""N"",""O"",""U"",""W""]},{""position"":2,""characters"":[""O""]}]","true","false","A_TRUE_GAP","0","0","0","0","0","0","[]","[]","","false","false"
"13","ar_to_en","1","36","6","4","down","7","????R??","[{""position"":0,""characters"":[""A"",""C"",""E"",""G"",""N"",""O"",""P"",""R"",""S"",""T""]},{""position"":1,""characters"":[""A"",""E"",""I"",""L"",""N"",""O"",""P"",""R"",""S"",""U""]},{""position"":2,""characters"":[""A"",""E"",""N"",""O"",""U""]},{""position"":3,""characters"":[""D"",""I"",""M"",""O"",""R"",""T"",""U""]},{""position"":4,""characters"":[""R""]},{""position"":5,""characters"":[""N"",""T""]},{""position"":6,""characters"":[""A"",""B"",""C"",""D"",""E"",""F"",""G"",""L"",""M"",""N"",""P"",""S"",""T"",""W"",""Y""]}]","true","false","A_TRUE_GAP","0","0","0","0","0","0","[]","[]","","false","false"
"13","ar_to_en","1","36","6","4","down","7","????U??","[{""position"":0,""characters"":[""A"",""C"",""E"",""I"",""L"",""R"",""T""]},{""position"":1,""characters"":[""A"",""C"",""E"",""H"",""I"",""L"",""N"",""O"",""R"",""S"",""U""]},{""position"":2,""characters"":[""A"",""E"",""I"",""L"",""N"",""O"",""P"",""R"",""S"",""T""]},{""position"":3,""characters"":[""C"",""L"",""M"",""N"",""S"",""T""]},{""position"":4,""characters"":[""U""]},{""position"":5,""characters"":[""C"",""D""]},{""position"":6,""characters"":[""A"",""C"",""E"",""H"",""L"",""R"",""S"",""T"",""U"",""Y""]}]","true","false","A_TRUE_GAP","0","0","0","0","0","0","[]","[]","","false","false"
"13","ar_to_en","1","36","5","9","down","8","?????IL?","[{""position"":0,""characters"":[""A"",""C"",""E"",""F"",""G"",""L"",""M"",""N"",""O"",""P"",""R"",""S"",""T""]},{""position"":1,""characters"":[""A"",""C"",""D"",""E"",""F"",""G"",""H"",""I"",""L"",""N"",""O"",""R"",""T"",""U""]},{""position"":2,""characters"":[""A"",""C"",""D"",""E"",""F"",""I"",""L"",""M"",""N"",""O"",""P"",""R"",""S"",""T"",""V""]},{""position"":3,""characters"":[""A"",""C"",""D"",""E"",""H"",""I"",""K"",""N"",""O"",""P"",""R"",""S"",""T""]},{""position"":4,""characters"":[""A"",""C"",""D"",""E"",""F"",""G"",""H"",""K"",""L"",""N"",""P"",""R"",""S"",""T""]},{""position"":5,""characters"":[""I""]},{""position"":6,""characters"":[""L""]},{""position"":7,""characters"":[""C"",""D"",""E"",""G"",""L"",""N"",""O"",""S"",""T""]}]","true","false","A_TRUE_GAP","0","0","0","0","0","0","[]","[]","","false","false"
"13","ar_to_en","1","36","1","1","down","8","?N??????","[{""position"":0,""characters"":[""A"",""C"",""E"",""G"",""H"",""I"",""O"",""R"",""S"",""T""]},{""position"":1,""characters"":[""N""]},{""position"":2,""characters"":[""A"",""C"",""E"",""H"",""I"",""L"",""M"",""N"",""O"",""R"",""S"",""T"",""U"",""W""]},{""position"":3,""characters"":[""D"",""E"",""M"",""R""]},{""position"":4,""characters"":[""A"",""B"",""C"",""P"",""Y""]},{""position"":5,""characters"":[""A"",""E"",""L"",""O""]},{""position"":6,""characters"":[""C"",""D"",""E"",""L"",""O"",""P"",""R"",""S"",""T"",""V"",""X""]},{""position"":7,""characters"":[""A"",""E"",""F"",""I"",""N"",""O"",""T""]}]","true","false","A_TRUE_GAP","0","0","0","0","0","0","[]","[]","","false","false"
"13","ar_to_en","1","36","11","4","across","9","?????????","[{""position"":0,""characters"":[""A"",""D"",""E"",""H"",""I"",""L"",""N"",""O"",""R"",""S"",""T"",""U"",""V""]},{""position"":1,""characters"":[""A"",""E"",""I"",""O""]},{""position"":2,""characters"":[""A"",""C"",""D"",""E"",""L"",""M"",""N"",""O"",""P"",""R"",""S"",""T"",""U"",""V""]},{""position"":3,""characters"":[""A"",""D"",""E"",""I"",""K"",""N"",""O"",""T""]},{""position"":4,""characters"":[""C"",""D"",""E"",""G"",""I"",""L"",""N"",""P"",""R"",""S"",""T"",""Y""]},{""position"":5,""characters"":[""A"",""C"",""E"",""L"",""N"",""O"",""P"",""R""]},{""position"":6,""characters"":[""E"",""N"",""O"",""V""]},{""position"":7,""characters"":[""C"",""D"",""E"",""H"",""L"",""M"",""N"",""O"",""P"",""R"",""S"",""T"",""U"",""V"",""W""]},{""position"":8,""characters"":[""A"",""E"",""I"",""N"",""O"",""U"",""W""]}]","true","false","A_TRUE_GAP","0","0","0","0","0","0","[]","[]","","false","false"
"13","ar_to_en","1","37","2","0","across","13","?????????????","[{""position"":0,""characters"":[""A"",""C"",""D"",""E"",""G"",""I"",""L"",""N"",""O"",""P"",""R"",""S"",""T"",""U"",""Y""]},{""position"":1,""characters"":[""A"",""C"",""D"",""E"",""I"",""L"",""N"",""O"",""P"",""R"",""T"",""U"",""V""]},{""position"":2,""characters"":[""D"",""M"",""N"",""P"",""R""]},{""position"":3,""characters"":[""A"",""C"",""D"",""F"",""N"",""U""]},{""position"":4,""characters"":[""A"",""C"",""E"",""F"",""I"",""M"",""N"",""O"",""R"",""T"",""U""]},{""position"":5,""characters"":[""A"",""C"",""D"",""E"",""F"",""I"",""M"",""N"",""O"",""P"",""R"",""S"",""T"",""U"",""X""]},{""position"":6,""characters"":[""A"",""B"",""C"",""H"",""I"",""L"",""N"",""O"",""S"",""T"",""U"",""Z""]},{""position"":7,""characters"":[""A"",""C"",""D"",""E"",""F"",""I"",""L"",""M"",""N"",""O"",""P"",""R"",""S"",""T"",""U"",""X""]},{""position"":8,""characters"":[""A"",""C"",""E"",""F"",""I"",""M"",""N"",""O"",""R"",""T"",""U""]},{""position"":9,""characters"":[""A"",""C"",""D"",""E"",""F"",""I"",""M"",""N"",""O"",""P"",""R"",""S"",""T"",""U""]},{""position"":10,""characters"":[""E"",""I"",""N"",""O"",""S"",""T""]},{""position"":11,""characters"":[""A"",""C"",""D"",""E"",""I"",""L"",""N"",""O"",""P"",""R"",""T"",""U""]},{""position"":12,""characters"":[""A"",""C"",""D"",""E"",""G"",""I"",""L"",""M"",""N"",""O"",""P"",""R"",""S"",""T"",""U"",""Y""]}]","true","false","A_TRUE_GAP","0","0","0","0","0","0","[]","[]","","false","false"
"13","ar_to_en","1","37","5","9","down","8","?????I??","[{""position"":0,""characters"":[""A"",""E"",""G"",""M"",""N"",""O"",""S""]},{""position"":1,""characters"":[""A"",""E"",""H"",""I"",""L"",""N"",""O"",""R"",""T"",""U""]},{""position"":2,""characters"":[""A"",""C"",""D"",""E"",""F"",""I"",""L"",""M"",""N"",""O"",""P"",""R"",""S"",""T"",""V""]},{""position"":3,""characters"":[""A"",""C"",""D"",""E"",""H"",""I"",""K"",""N"",""O"",""P"",""R"",""S"",""T"",""U""]},{""position"":4,""characters"":[""A"",""D"",""E"",""F"",""G"",""H"",""K"",""L"",""N"",""P"",""R"",""S"",""T""]},{""position"":5,""characters"":[""I""]},{""position"":6,""characters"":[""C"",""E"",""N"",""O"",""S""]},{""position"":7,""characters"":[""E"",""L"",""T""]}]","true","false","A_TRUE_GAP","0","0","0","0","0","0","[]","[]","","false","false"
"13","ar_to_en","1","37","9","2","across","6","??????","[{""position"":0,""characters"":[""C"",""T""]},{""position"":1,""characters"":[""E"",""H"",""N"",""R""]},{""position"":2,""characters"":[""A"",""B"",""C"",""D"",""E"",""F"",""G"",""H"",""K"",""L"",""M"",""N"",""P"",""R"",""S"",""T"",""U"",""V"",""W"",""Y""]},{""position"":3,""characters"":[""I"",""S""]},{""position"":4,""characters"":[""A"",""C"",""D"",""E"",""H"",""L"",""M"",""N"",""O"",""P"",""R"",""S"",""T"",""U"",""V""]},{""position"":5,""characters"":[""A"",""E"",""I"",""T""]}]","true","false","A_TRUE_GAP","0","0","0","0","0","0","[]","[]","","false","false"
"13","ar_to_en","1","37","2","0","across","13","??I???????I??","[{""position"":0,""characters"":[""A"",""C"",""D"",""E"",""G"",""I"",""L"",""N"",""O"",""P"",""R"",""S"",""T"",""U"",""Y""]},{""position"":1,""characters"":[""A"",""C"",""D"",""E"",""L"",""N"",""O"",""P"",""R"",""T"",""U"",""V""]},{""position"":2,""characters"":[""I""]},{""position"":3,""characters"":[""A"",""C"",""E"",""I"",""O"",""T""]},{""position"":4,""characters"":[""A"",""C"",""E"",""F"",""I"",""M"",""N"",""O"",""R"",""T"",""U""]},{""position"":5,""characters"":[""A"",""C"",""D"",""E"",""F"",""G"",""I"",""M"",""N"",""O"",""P"",""R"",""S"",""T"",""U"",""X""]},{""position"":6,""characters"":[""A"",""B"",""C"",""H"",""I"",""L"",""N"",""O"",""S"",""T"",""U"",""Z""]},{""position"":7,""characters"":[""A"",""C"",""D"",""E"",""F"",""G"",""I"",""L"",""M"",""N"",""O"",""P"",""R"",""S"",""T"",""U"",""X""]},{""position"":8,""characters"":[""A"",""C"",""E"",""F"",""I"",""M"",""N"",""O"",""R"",""T"",""U""]},{""position"":9,""characters"":[""A"",""C"",""D"",""E"",""F"",""I"",""M"",""N"",""O"",""P"",""R"",""S"",""T"",""U""]},{""position"":10,""characters"":[""I""]},{""position"":11,""characters"":[""A"",""C"",""D"",""E"",""I"",""L"",""N"",""O"",""P"",""R"",""T"",""U""]},{""position"":12,""characters"":[""A"",""C"",""D"",""E"",""G"",""I"",""L"",""M"",""N"",""O"",""P"",""R"",""S"",""T"",""U"",""Y""]}]","true","false","A_TRUE_GAP","0","0","0","0","0","0","[]","[]","","false","false"
"13","ar_to_en","1","37","0","2","down","13","??????????G??","[{""position"":0,""characters"":[""A"",""C"",""D"",""E"",""G"",""I"",""L"",""M"",""N"",""O"",""P"",""R"",""S"",""T"",""U"",""Y""]},{""position"":1,""characters"":[""A"",""D"",""E"",""I"",""L"",""N"",""O"",""P"",""R"",""U"",""V""]},{""position"":2,""characters"":[""A"",""C"",""D"",""E"",""G"",""I"",""L"",""M"",""N"",""O"",""P"",""R"",""S"",""T"",""V""]},{""position"":3,""characters"":[""A"",""C"",""D"",""E"",""F"",""I"",""M"",""N"",""O"",""R"",""S"",""T"",""U""]},{""position"":4,""characters"":[""A"",""C"",""E"",""F"",""I"",""N"",""O"",""R"",""T"",""U""]},{""position"":5,""characters"":[""A"",""C"",""D"",""E"",""F"",""G"",""I"",""L"",""N"",""O"",""P"",""R"",""S"",""T"",""U""]},{""position"":6,""characters"":[""A"",""B"",""C"",""H"",""I"",""L"",""N"",""O"",""S"",""T"",""U""]},{""position"":7,""characters"":[""A"",""C"",""E"",""F"",""G"",""I"",""L"",""M"",""N"",""P"",""R"",""S"",""T"",""U""]},{""position"":8,""characters"":[""A"",""E"",""F"",""I"",""M"",""N"",""O"",""R"",""T"",""U""]},{""position"":9,""characters"":[""A"",""C"",""D"",""E"",""F"",""I"",""M"",""N"",""O"",""P"",""R"",""S"",""T"",""U""]},{""position"":10,""characters"":[""G""]},{""position"":11,""characters"":[""A"",""C"",""D"",""E"",""I"",""L"",""N"",""O"",""P"",""R"",""T"",""U""]},{""position"":12,""characters"":[""A"",""C"",""D"",""E"",""G"",""I"",""L"",""M"",""N"",""O"",""P"",""R"",""S"",""T"",""U""]}]","true","false","B_USED_EXHAUSTION","1","1","1","0","0","0","[""ORGANISATIONS""]","[]","100","false","false"
"13","ar_to_en","1","37","0","10","down","13","??????????G??","[{""position"":0,""characters"":[""A"",""C"",""D"",""E"",""G"",""I"",""L"",""M"",""N"",""O"",""P"",""R"",""S"",""T"",""U"",""Y""]},{""position"":1,""characters"":[""A"",""C"",""D"",""E"",""I"",""L"",""N"",""O"",""P"",""R"",""T"",""U""]},{""position"":2,""characters"":[""A"",""C"",""D"",""E"",""G"",""I"",""L"",""M"",""N"",""O"",""P"",""R"",""S"",""T"",""V""]},{""position"":3,""characters"":[""A"",""C"",""D"",""E"",""F"",""I"",""M"",""N"",""O"",""P"",""R"",""S"",""T"",""U""]},{""position"":4,""characters"":[""A"",""C"",""E"",""F"",""I"",""M"",""N"",""O"",""R"",""T"",""U""]},{""position"":5,""characters"":[""A"",""C"",""D"",""E"",""F"",""G"",""I"",""L"",""M"",""N"",""O"",""P"",""R"",""S"",""T"",""U""]},{""position"":6,""characters"":[""A"",""B"",""C"",""H"",""I"",""L"",""N"",""O"",""S"",""T"",""U""]},{""position"":7,""characters"":[""A"",""C"",""D"",""E"",""F"",""G"",""I"",""L"",""M"",""N"",""O"",""P"",""R"",""S"",""T"",""U"",""X""]},{""position"":8,""characters"":[""A"",""C"",""E"",""F"",""I"",""M"",""N"",""O"",""R"",""T"",""U""]},{""position"":9,""characters"":[""A"",""C"",""D"",""E"",""F"",""I"",""N"",""O"",""R"",""S"",""T"",""U""]},{""position"":10,""characters"":[""G""]},{""position"":11,""characters"":[""A"",""C"",""D"",""E"",""I"",""L"",""N"",""O"",""P"",""R"",""T"",""U"",""V""]},{""position"":12,""characters"":[""A"",""C"",""D"",""E"",""G"",""I"",""L"",""M"",""N"",""O"",""P"",""R"",""S"",""U"",""Y""]}]","true","false","B_USED_EXHAUSTION","1","1","1","0","0","0","[""ORGANISATIONS""]","[]","100","false","false"
"13","ar_to_en","1","37","0","2","across","4","N???","[{""position"":0,""characters"":[""N""]},{""position"":1,""characters"":[""N"",""Y""]},{""position"":2,""characters"":[""A"",""B"",""C"",""D"",""E"",""F"",""G"",""H"",""I"",""K"",""L"",""M"",""N"",""O"",""P"",""R"",""S"",""T"",""U"",""V"",""W"",""Y"",""Z""]},{""position"":3,""characters"":[""A"",""B"",""C"",""D"",""E"",""F"",""G"",""H"",""I"",""J"",""K"",""L"",""M"",""N"",""O"",""P"",""R"",""S"",""T"",""U"",""W"",""Y""]}]","true","false","A_TRUE_GAP","0","0","0","0","0","0","[]","[]","","false","false"
"13","ar_to_en","1","37","11","0","across","3","??O","[{""position"":0,""characters"":[""O"",""S""]},{""position"":1,""characters"":[""A"",""E"",""I"",""N"",""O"",""U"",""W""]},{""position"":2,""characters"":[""O""]}]","true","false","A_TRUE_GAP","0","0","0","0","0","0","[]","[]","","false","false"
"13","ar_to_en","1","37","6","4","down","7","????R??","[{""position"":0,""characters"":[""A"",""C"",""E"",""G"",""N"",""O"",""P"",""R"",""S"",""T""]},{""position"":1,""characters"":[""A"",""E"",""I"",""L"",""N"",""O"",""P"",""R"",""S"",""U""]},{""position"":2,""characters"":[""A"",""E"",""N"",""O"",""U""]},{""position"":3,""characters"":[""D"",""I"",""M"",""O"",""R"",""T"",""U""]},{""position"":4,""characters"":[""R""]},{""position"":5,""characters"":[""N"",""T""]},{""position"":6,""characters"":[""A"",""B"",""C"",""D"",""E"",""F"",""G"",""L"",""M"",""N"",""P"",""S"",""T"",""W"",""Y""]}]","true","false","A_TRUE_GAP","0","0","0","0","0","0","[]","[]","","false","false"
"13","ar_to_en","1","37","6","4","down","7","????U??","[{""position"":0,""characters"":[""A"",""C"",""E"",""I"",""L"",""R"",""T""]},{""position"":1,""characters"":[""A"",""C"",""E"",""H"",""I"",""L"",""N"",""O"",""R"",""S"",""U""]},{""position"":2,""characters"":[""A"",""E"",""I"",""L"",""N"",""O"",""P"",""R"",""S"",""T""]},{""position"":3,""characters"":[""C"",""L"",""M"",""N"",""S"",""T""]},{""position"":4,""characters"":[""U""]},{""position"":5,""characters"":[""C"",""D""]},{""position"":6,""characters"":[""A"",""C"",""E"",""H"",""L"",""R"",""S"",""T"",""U"",""Y""]}]","true","false","A_TRUE_GAP","0","0","0","0","0","0","[]","[]","","false","false"
"13","ar_to_en","1","37","5","9","down","8","?????IL?","[{""position"":0,""characters"":[""A"",""C"",""E"",""F"",""G"",""L"",""M"",""N"",""O"",""P"",""R"",""S"",""T""]},{""position"":1,""characters"":[""A"",""C"",""D"",""E"",""F"",""G"",""H"",""I"",""L"",""N"",""O"",""R"",""T"",""U""]},{""position"":2,""characters"":[""A"",""C"",""D"",""E"",""F"",""I"",""L"",""M"",""N"",""O"",""P"",""R"",""S"",""T"",""V""]},{""position"":3,""characters"":[""A"",""C"",""D"",""E"",""H"",""I"",""K"",""N"",""O"",""P"",""R"",""S"",""T""]},{""position"":4,""characters"":[""A"",""C"",""D"",""E"",""F"",""G"",""H"",""K"",""L"",""N"",""P"",""R"",""S"",""T""]},{""position"":5,""characters"":[""I""]},{""position"":6,""characters"":[""L""]},{""position"":7,""characters"":[""C"",""D"",""E"",""G"",""L"",""N"",""O"",""S"",""T""]}]","true","false","A_TRUE_GAP","0","0","0","0","0","0","[]","[]","","false","false"
"13","ar_to_en","1","38","2","3","down","3","O??","[{""position"":0,""characters"":[""O""]},{""position"":1,""characters"":[""A"",""C"",""E"",""T"",""Y""]},{""position"":2,""characters"":[""F"",""I"",""L"",""N"",""P"",""R"",""U"",""W""]}]","true","false","A_TRUE_GAP","0","0","0","0","0","0","[]","[]","","false","false"
"13","ar_to_en","1","38","0","1","down","4","????","[{""position"":0,""characters"":[""A"",""O"",""R"",""U""]},{""position"":1,""characters"":[""A"",""C"",""E"",""G"",""H"",""I"",""N"",""R"",""S"",""T"",""U"",""Y""]},{""position"":2,""characters"":[""A"",""I""]},{""position"":3,""characters"":[""A"",""E""]}]","true","false","A_TRUE_GAP","0","0","0","0","0","0","[]","[]","","false","false"
"13","ar_to_en","1","38","0","10","down","13","??I???????I??","[{""position"":0,""characters"":[""A"",""C"",""D"",""E"",""G"",""I"",""L"",""M"",""N"",""O"",""P"",""R"",""S"",""T"",""U"",""Y""]},{""position"":1,""characters"":[""A"",""C"",""D"",""E"",""I"",""L"",""N"",""O"",""P"",""R"",""T"",""U""]},{""position"":2,""characters"":[""I""]},{""position"":3,""characters"":[""A"",""C"",""D"",""E"",""F"",""I"",""M"",""N"",""O"",""P"",""R"",""S"",""T"",""U""]},{""position"":4,""characters"":[""A"",""C"",""E"",""F"",""I"",""M"",""N"",""O"",""R"",""T"",""U""]},{""position"":5,""characters"":[""A"",""C"",""D"",""E"",""F"",""G"",""I"",""L"",""M"",""N"",""O"",""P"",""R"",""S"",""T"",""U""]},{""position"":6,""characters"":[""A"",""B"",""C"",""H"",""I"",""L"",""N"",""O"",""S"",""T"",""U"",""Z""]},{""position"":7,""characters"":[""A"",""C"",""D"",""E"",""F"",""G"",""I"",""L"",""M"",""N"",""O"",""P"",""R"",""S"",""T"",""U""]},{""position"":8,""characters"":[""A"",""C"",""E"",""F"",""I"",""M"",""N"",""O"",""R"",""T"",""U""]},{""position"":9,""characters"":[""A"",""C"",""D"",""E"",""F"",""I"",""M"",""N"",""O"",""R"",""S"",""T"",""U""]},{""position"":10,""characters"":[""I""]},{""position"":11,""characters"":[""A"",""C"",""D"",""E"",""I"",""L"",""N"",""O"",""P"",""R"",""T"",""U"",""V""]},{""position"":12,""characters"":[""A"",""C"",""D"",""E"",""G"",""I"",""L"",""M"",""N"",""O"",""P"",""R"",""S"",""T"",""U"",""Y""]}]","true","false","A_TRUE_GAP","0","0","0","0","0","0","[]","[]","","false","false"
"13","ar_to_en","1","38","4","2","across","6","N???R?","[{""position"":0,""characters"":[""N""]},{""position"":1,""characters"":[""E"",""O""]},{""position"":2,""characters"":[""A"",""E"",""G"",""H"",""I"",""M"",""R"",""S"",""T"",""U""]},{""position"":3,""characters"":[""A"",""G"",""I"",""R"",""S"",""T"",""U""]},{""position"":4,""characters"":[""R""]},{""position"":5,""characters"":[""C"",""E"",""G"",""L"",""M"",""N"",""O"",""P"",""R"",""S"",""V"",""W"",""Y""]}]","true","false","A_TRUE_GAP","0","0","0","0","0","0","[]","[]","","false","false"
"13","ar_to_en","1","38","10","0","across","13","??G??????????","[{""position"":0,""characters"":[""A"",""C"",""D"",""E"",""G"",""I"",""L"",""M"",""N"",""O"",""P"",""R"",""S"",""T"",""U"",""Y""]},{""position"":1,""characters"":[""A"",""C"",""D"",""E"",""I"",""L"",""N"",""O"",""P"",""R"",""T"",""U"",""V""]},{""position"":2,""characters"":[""G""]},{""position"":3,""characters"":[""A"",""C"",""D"",""E"",""F"",""I"",""M"",""N"",""O"",""R"",""S"",""T"",""U""]},{""position"":4,""characters"":[""A"",""C"",""E"",""F"",""I"",""M"",""N"",""O"",""R"",""T"",""U""]},{""position"":5,""characters"":[""A"",""C"",""D"",""E"",""F"",""G"",""I"",""L"",""M"",""N"",""O"",""P"",""R"",""S"",""T"",""X""]},{""position"":6,""characters"":[""A"",""C"",""H"",""I"",""L"",""N"",""O"",""S"",""T"",""U""]},{""position"":7,""characters"":[""A"",""C"",""D"",""E"",""F"",""G"",""I"",""M"",""N"",""O"",""P"",""R"",""S"",""T"",""X""]},{""position"":8,""characters"":[""A"",""C"",""E"",""F"",""I"",""M"",""N"",""O"",""R"",""T"",""U""]},{""position"":9,""characters"":[""A"",""C"",""D"",""E"",""F"",""I"",""M"",""N"",""O"",""P"",""R"",""S"",""T"",""U""]},{""position"":10,""characters"":[""A"",""C"",""D"",""E"",""G"",""I"",""L"",""M"",""N"",""O"",""P"",""R"",""S"",""T"",""V""]},{""position"":11,""characters"":[""A"",""C"",""D"",""E"",""I"",""L"",""N"",""O"",""P"",""R"",""T"",""U""]},{""position"":12,""characters"":[""A"",""C"",""D"",""E"",""G"",""I"",""L"",""N"",""O"",""P"",""R"",""S"",""T"",""U"",""Y""]}]","true","false","B_USED_EXHAUSTION","1","1","1","0","0","0","[""ORGANISATIONS""]","[]","100","false","false"
"13","ar_to_en","1","38","1","0","across","3","??O","[{""position"":0,""characters"":[""A"",""E"",""K"",""N"",""W""]},{""position"":1,""characters"":[""D"",""I"",""O""]},{""position"":2,""characters"":[""O""]}]","true","false","A_TRUE_GAP","0","0","0","0","0","0","[]","[]","","false","false"
"13","ar_to_en","1","38","11","0","across","5","??NN?","[{""position"":0,""characters"":[""E"",""R""]},{""position"":1,""characters"":[""A"",""E"",""G"",""I"",""N"",""O"",""R"",""S"",""U"",""W""]},{""position"":2,""characters"":[""N""]},{""position"":3,""characters"":[""N""]},{""position"":4,""characters"":[""E"",""L"",""O""]}]","true","false","A_TRUE_GAP","0","0","0","0","0","0","[]","[]","","false","false"
"13","ar_to_en","1","38","1","0","across","3","?AO","[{""position"":0,""characters"":[""A"",""D"",""E"",""L"",""N""]},{""position"":1,""characters"":[""A""]},{""position"":2,""characters"":[""O""]}]","true","false","A_TRUE_GAP","0","0","0","0","0","0","[]","[]","","false","false"
"13","ar_to_en","1","38","11","0","across","5","??NN?","[{""position"":0,""characters"":[""D"",""E"",""G"",""H"",""O"",""R"",""Y""]},{""position"":1,""characters"":[""A"",""C"",""D"",""E"",""G"",""N"",""O"",""R"",""W""]},{""position"":2,""characters"":[""N""]},{""position"":3,""characters"":[""N""]},{""position"":4,""characters"":[""D"",""E"",""L"",""O"",""P"",""R""]}]","true","false","A_TRUE_GAP","0","0","0","0","0","0","[]","[]","","false","false"
"13","ar_to_en","1","38","1","0","across","3","??O","[{""position"":0,""characters"":[""A"",""E"",""K"",""N"",""W""]},{""position"":1,""characters"":[""D"",""I"",""O""]},{""position"":2,""characters"":[""O""]}]","true","false","A_TRUE_GAP","0","0","0","0","0","0","[]","[]","","false","false"
"13","ar_to_en","1","39","10","0","across","13","??L??????????","[{""position"":0,""characters"":[""A"",""C"",""D"",""E"",""G"",""I"",""L"",""M"",""N"",""O"",""P"",""R"",""S"",""T"",""U"",""Y""]},{""position"":1,""characters"":[""A"",""C"",""D"",""E"",""I"",""L"",""N"",""O"",""P"",""R"",""T"",""U"",""V""]},{""position"":2,""characters"":[""L""]},{""position"":3,""characters"":[""A"",""C"",""D"",""E"",""F"",""I"",""M"",""N"",""O"",""R"",""S"",""T"",""U""]},{""position"":4,""characters"":[""A"",""C"",""E"",""F"",""I"",""M"",""N"",""O"",""R"",""T"",""U""]},{""position"":5,""characters"":[""A"",""C"",""D"",""E"",""F"",""G"",""I"",""L"",""M"",""N"",""O"",""P"",""R"",""S"",""T"",""X""]},{""position"":6,""characters"":[""A"",""C"",""H"",""I"",""L"",""N"",""O"",""S"",""T"",""U""]},{""position"":7,""characters"":[""A"",""C"",""D"",""E"",""F"",""G"",""I"",""M"",""N"",""O"",""P"",""R"",""S"",""T"",""X""]},{""position"":8,""characters"":[""A"",""C"",""E"",""F"",""I"",""M"",""N"",""O"",""R"",""T"",""U""]},{""position"":9,""characters"":[""A"",""C"",""D"",""E"",""F"",""I"",""M"",""N"",""O"",""P"",""R"",""S"",""T"",""U""]},{""position"":10,""characters"":[""A"",""C"",""D"",""E"",""G"",""I"",""M"",""N"",""O"",""P"",""R"",""S"",""T"",""V""]},{""position"":11,""characters"":[""A"",""C"",""D"",""E"",""I"",""L"",""N"",""O"",""P"",""R"",""T"",""U""]},{""position"":12,""characters"":[""A"",""C"",""D"",""E"",""G"",""I"",""L"",""N"",""O"",""P"",""R"",""S"",""T"",""U"",""Y""]}]","true","false","B_USED_EXHAUSTION","1","1","1","0","0","0","[""AUTOMATICALLY""]","[]","100","false","false"
"13","ar_to_en","1","39","2","0","across","13","??L??????????","[{""position"":0,""characters"":[""A"",""C"",""D"",""E"",""G"",""I"",""L"",""M"",""N"",""O"",""P"",""R"",""S"",""T"",""U"",""Y""]},{""position"":1,""characters"":[""A"",""C"",""D"",""E"",""I"",""L"",""N"",""O"",""P"",""R"",""T"",""U"",""V""]},{""position"":2,""characters"":[""L""]},{""position"":3,""characters"":[""A"",""C"",""D"",""E"",""F"",""I"",""M"",""N"",""O"",""P"",""R"",""S"",""T"",""U""]},{""position"":4,""characters"":[""A"",""C"",""E"",""F"",""I"",""M"",""N"",""O"",""R"",""T"",""U""]},{""position"":5,""characters"":[""A"",""C"",""D"",""E"",""F"",""G"",""I"",""L"",""M"",""N"",""O"",""P"",""R"",""S"",""T"",""U"",""X""]},{""position"":6,""characters"":[""A"",""B"",""C"",""H"",""I"",""L"",""N"",""O"",""S"",""T"",""U"",""Z""]},{""position"":7,""characters"":[""A"",""C"",""D"",""E"",""F"",""G"",""I"",""L"",""M"",""N"",""O"",""P"",""R"",""S"",""T"",""U""]},{""position"":8,""characters"":[""A"",""C"",""E"",""F"",""I"",""M"",""N"",""O"",""R"",""T"",""U""]},{""position"":9,""characters"":[""A"",""C"",""D"",""E"",""F"",""I"",""M"",""N"",""O"",""P"",""R"",""S"",""T"",""U""]},{""position"":10,""characters"":[""A"",""C"",""D"",""E"",""G"",""I"",""M"",""N"",""O"",""P"",""R"",""S"",""T"",""V""]},{""position"":11,""characters"":[""A"",""C"",""D"",""E"",""I"",""L"",""N"",""O"",""P"",""R"",""T"",""U"",""V""]},{""position"":12,""characters"":[""A"",""C"",""D"",""E"",""G"",""I"",""L"",""M"",""N"",""O"",""P"",""R"",""S"",""T"",""U"",""Y""]}]","true","false","B_USED_EXHAUSTION","1","1","1","0","0","0","[""AUTOMATICALLY""]","[]","100","false","false"
"13","ar_to_en","1","39","11","0","across","5","??N??","[{""position"":0,""characters"":[""E"",""L"",""O"",""R""]},{""position"":1,""characters"":[""A"",""C"",""D"",""E"",""G"",""I"",""K"",""N"",""O"",""R"",""S"",""U"",""W""]},{""position"":2,""characters"":[""N""]},{""position"":3,""characters"":[""C"",""N""]},{""position"":4,""characters"":[""E"",""L"",""O""]}]","true","false","A_TRUE_GAP","0","0","0","0","0","0","[]","[]","","false","false"
"13","ar_to_en","1","39","9","1","down","4","?I??","[{""position"":0,""characters"":[""A"",""E""]},{""position"":1,""characters"":[""I""]},{""position"":2,""characters"":[""A"",""C"",""D"",""E"",""G"",""I"",""K"",""N"",""O"",""R"",""S"",""U"",""W""]},{""position"":3,""characters"":[""A"",""C"",""D"",""E"",""H"",""L"",""M"",""N"",""O"",""P"",""R"",""S"",""T"",""U"",""V""]}]","true","false","A_TRUE_GAP","0","0","0","0","0","0","[]","[]","","false","false"
"13","ar_to_en","1","39","2","7","down","6","N?F???","[{""position"":0,""characters"":[""N""]},{""position"":1,""characters"":[""A"",""C"",""E"",""F"",""G"",""H"",""I"",""L"",""M"",""N"",""O"",""P"",""R"",""S"",""T"",""W"",""X""]},{""position"":2,""characters"":[""F""]},{""position"":3,""characters"":[""A"",""C"",""D"",""E"",""F"",""G"",""H"",""I"",""L"",""M"",""N"",""O"",""P"",""R"",""S"",""T"",""U"",""V""]},{""position"":4,""characters"":[""A"",""C"",""D"",""E"",""F"",""G"",""H"",""I"",""L"",""N"",""O"",""P"",""R"",""S"",""T"",""U"",""V"",""X""]},{""position"":5,""characters"":[""A"",""B"",""C"",""D"",""E"",""F"",""G"",""H"",""I"",""L"",""M"",""N"",""O"",""P"",""R"",""S"",""T"",""Y""]}]","true","false","A_TRUE_GAP","0","0","0","0","0","0","[]","[]","","false","false"
"13","ar_to_en","1","39","10","4","down","3","TYS","[{""position"":0,""characters"":[""T""]},{""position"":1,""characters"":[""Y""]},{""position"":2,""characters"":[""S""]}]","true","false","A_TRUE_GAP","0","0","0","0","0","0","[]","[]","","false","false"
"13","ar_to_en","1","39","2","3","down","3","O??","[{""position"":0,""characters"":[""O""]},{""position"":1,""characters"":[""A"",""C"",""E"",""T"",""Y""]},{""position"":2,""characters"":[""F"",""I"",""L"",""N"",""P"",""R"",""U"",""W""]}]","true","false","A_TRUE_GAP","0","0","0","0","0","0","[]","[]","","false","false"
"13","ar_to_en","1","39","0","1","down","4","????","[{""position"":0,""characters"":[""A"",""O"",""R"",""U""]},{""position"":1,""characters"":[""A"",""C"",""E"",""G"",""H"",""I"",""N"",""R"",""S"",""T"",""U"",""Y""]},{""position"":2,""characters"":[""A"",""I""]},{""position"":3,""characters"":[""A"",""E""]}]","true","false","A_TRUE_GAP","0","0","0","0","0","0","[]","[]","","false","false"
"13","ar_to_en","1","39","0","10","down","13","??I???????I??","[{""position"":0,""characters"":[""A"",""C"",""D"",""E"",""G"",""I"",""L"",""M"",""N"",""O"",""P"",""R"",""S"",""T"",""U"",""Y""]},{""position"":1,""characters"":[""A"",""C"",""D"",""E"",""I"",""L"",""N"",""O"",""P"",""R"",""T"",""U""]},{""position"":2,""characters"":[""I""]},{""position"":3,""characters"":[""A"",""C"",""D"",""E"",""F"",""I"",""M"",""N"",""O"",""P"",""R"",""S"",""T"",""U""]},{""position"":4,""characters"":[""A"",""C"",""E"",""F"",""I"",""M"",""N"",""O"",""R"",""T"",""U""]},{""position"":5,""characters"":[""A"",""C"",""D"",""E"",""F"",""G"",""I"",""L"",""M"",""N"",""O"",""P"",""R"",""S"",""T"",""U""]},{""position"":6,""characters"":[""A"",""B"",""C"",""H"",""I"",""L"",""N"",""O"",""S"",""T"",""U"",""Z""]},{""position"":7,""characters"":[""A"",""C"",""D"",""E"",""F"",""G"",""I"",""L"",""M"",""N"",""O"",""P"",""R"",""S"",""T"",""U""]},{""position"":8,""characters"":[""A"",""C"",""E"",""F"",""I"",""M"",""N"",""O"",""R"",""T"",""U""]},{""position"":9,""characters"":[""A"",""C"",""D"",""E"",""F"",""I"",""M"",""N"",""O"",""R"",""S"",""T"",""U""]},{""position"":10,""characters"":[""I""]},{""position"":11,""characters"":[""A"",""C"",""D"",""E"",""I"",""L"",""N"",""O"",""P"",""R"",""T"",""U"",""V""]},{""position"":12,""characters"":[""A"",""C"",""D"",""E"",""G"",""I"",""L"",""M"",""N"",""O"",""P"",""R"",""S"",""T"",""U"",""Y""]}]","true","false","A_TRUE_GAP","0","0","0","0","0","0","[]","[]","","false","false"
"13","ar_to_en","1","39","4","2","across","6","N???R?","[{""position"":0,""characters"":[""N""]},{""position"":1,""characters"":[""E"",""O""]},{""position"":2,""characters"":[""A"",""E"",""G"",""H"",""I"",""M"",""R"",""S"",""T"",""U""]},{""position"":3,""characters"":[""A"",""G"",""I"",""R"",""S"",""T"",""U""]},{""position"":4,""characters"":[""R""]},{""position"":5,""characters"":[""C"",""E"",""G"",""L"",""M"",""N"",""O"",""P"",""R"",""S"",""V"",""W"",""Y""]}]","true","false","A_TRUE_GAP","0","0","0","0","0","0","[]","[]","","false","false"
"13","ar_to_en","1","39","10","0","across","13","??G??????????","[{""position"":0,""characters"":[""A"",""C"",""D"",""E"",""G"",""I"",""L"",""M"",""N"",""O"",""P"",""R"",""S"",""T"",""U"",""Y""]},{""position"":1,""characters"":[""A"",""C"",""D"",""E"",""I"",""L"",""N"",""O"",""P"",""R"",""T"",""U"",""V""]},{""position"":2,""characters"":[""G""]},{""position"":3,""characters"":[""A"",""C"",""D"",""E"",""F"",""I"",""M"",""N"",""O"",""R"",""S"",""T"",""U""]},{""position"":4,""characters"":[""A"",""C"",""E"",""F"",""I"",""M"",""N"",""O"",""R"",""T"",""U""]},{""position"":5,""characters"":[""A"",""C"",""D"",""E"",""F"",""G"",""I"",""L"",""M"",""N"",""O"",""P"",""R"",""S"",""T"",""X""]},{""position"":6,""characters"":[""A"",""C"",""H"",""I"",""L"",""N"",""O"",""S"",""T"",""U""]},{""position"":7,""characters"":[""A"",""C"",""D"",""E"",""F"",""G"",""I"",""M"",""N"",""O"",""P"",""R"",""S"",""T"",""X""]},{""position"":8,""characters"":[""A"",""C"",""E"",""F"",""I"",""M"",""N"",""O"",""R"",""T"",""U""]},{""position"":9,""characters"":[""A"",""C"",""D"",""E"",""F"",""I"",""M"",""N"",""O"",""P"",""R"",""S"",""T"",""U""]},{""position"":10,""characters"":[""A"",""C"",""D"",""E"",""G"",""I"",""L"",""M"",""N"",""O"",""P"",""R"",""S"",""T"",""V""]},{""position"":11,""characters"":[""A"",""C"",""D"",""E"",""I"",""L"",""N"",""O"",""P"",""R"",""T"",""U""]},{""position"":12,""characters"":[""A"",""C"",""D"",""E"",""G"",""I"",""L"",""N"",""O"",""P"",""R"",""S"",""T"",""U"",""Y""]}]","true","false","B_USED_EXHAUSTION","1","1","1","0","0","0","[""ORGANISATIONS""]","[]","100","false","false"
"13","ar_to_en","1","39","1","0","across","3","??O","[{""position"":0,""characters"":[""A"",""E"",""K"",""N"",""W""]},{""position"":1,""characters"":[""D"",""I"",""O""]},{""position"":2,""characters"":[""O""]}]","true","false","A_TRUE_GAP","0","0","0","0","0","0","[]","[]","","false","false"
"13","ar_to_en","1","40","10","0","across","13","??L??????????","[{""position"":0,""characters"":[""A"",""C"",""D"",""E"",""G"",""I"",""L"",""M"",""N"",""O"",""P"",""R"",""S"",""T"",""U"",""Y""]},{""position"":1,""characters"":[""A"",""C"",""D"",""E"",""I"",""L"",""N"",""O"",""P"",""R"",""T"",""U"",""V""]},{""position"":2,""characters"":[""L""]},{""position"":3,""characters"":[""A"",""C"",""D"",""E"",""F"",""I"",""M"",""N"",""O"",""R"",""S"",""T"",""U""]},{""position"":4,""characters"":[""A"",""C"",""E"",""F"",""I"",""M"",""N"",""O"",""R"",""T"",""U""]},{""position"":5,""characters"":[""A"",""C"",""D"",""E"",""F"",""G"",""I"",""L"",""M"",""N"",""O"",""P"",""R"",""S"",""T"",""X""]},{""position"":6,""characters"":[""A"",""C"",""H"",""I"",""L"",""N"",""O"",""S"",""T"",""U""]},{""position"":7,""characters"":[""A"",""C"",""D"",""E"",""F"",""G"",""I"",""M"",""N"",""O"",""P"",""R"",""S"",""T"",""X""]},{""position"":8,""characters"":[""A"",""C"",""E"",""F"",""I"",""M"",""N"",""O"",""R"",""T"",""U""]},{""position"":9,""characters"":[""A"",""C"",""D"",""E"",""F"",""I"",""M"",""N"",""O"",""P"",""R"",""S"",""T"",""U""]},{""position"":10,""characters"":[""A"",""C"",""D"",""E"",""G"",""I"",""M"",""N"",""O"",""P"",""R"",""S"",""T"",""V""]},{""position"":11,""characters"":[""A"",""C"",""D"",""E"",""I"",""L"",""N"",""O"",""P"",""R"",""T"",""U""]},{""position"":12,""characters"":[""A"",""C"",""D"",""E"",""G"",""I"",""L"",""N"",""O"",""P"",""R"",""S"",""T"",""U"",""Y""]}]","true","false","B_USED_EXHAUSTION","1","1","1","0","0","0","[""AUTOMATICALLY""]","[]","100","false","false"
"13","ar_to_en","1","40","2","0","across","13","??L??????????","[{""position"":0,""characters"":[""A"",""C"",""D"",""E"",""G"",""I"",""L"",""M"",""N"",""O"",""P"",""R"",""S"",""T"",""U"",""Y""]},{""position"":1,""characters"":[""A"",""C"",""D"",""E"",""I"",""L"",""N"",""O"",""P"",""R"",""T"",""U"",""V""]},{""position"":2,""characters"":[""L""]},{""position"":3,""characters"":[""A"",""C"",""D"",""E"",""F"",""I"",""M"",""N"",""O"",""P"",""R"",""S"",""T"",""U""]},{""position"":4,""characters"":[""A"",""C"",""E"",""F"",""I"",""M"",""N"",""O"",""R"",""T"",""U""]},{""position"":5,""characters"":[""A"",""C"",""D"",""E"",""F"",""G"",""I"",""L"",""M"",""N"",""O"",""P"",""R"",""S"",""T"",""U"",""X""]},{""position"":6,""characters"":[""A"",""B"",""C"",""H"",""I"",""L"",""N"",""O"",""S"",""T"",""U"",""Z""]},{""position"":7,""characters"":[""A"",""C"",""D"",""E"",""F"",""G"",""I"",""L"",""M"",""N"",""O"",""P"",""R"",""S"",""T"",""U""]},{""position"":8,""characters"":[""A"",""C"",""E"",""F"",""I"",""M"",""N"",""O"",""R"",""T"",""U""]},{""position"":9,""characters"":[""A"",""C"",""D"",""E"",""F"",""I"",""M"",""N"",""O"",""P"",""R"",""S"",""T"",""U""]},{""position"":10,""characters"":[""A"",""C"",""D"",""E"",""G"",""I"",""M"",""N"",""O"",""P"",""R"",""S"",""T"",""V""]},{""position"":11,""characters"":[""A"",""C"",""D"",""E"",""I"",""L"",""N"",""O"",""P"",""R"",""T"",""U"",""V""]},{""position"":12,""characters"":[""A"",""C"",""D"",""E"",""G"",""I"",""L"",""M"",""N"",""O"",""P"",""R"",""S"",""T"",""U"",""Y""]}]","true","false","B_USED_EXHAUSTION","1","1","1","0","0","0","[""AUTOMATICALLY""]","[]","100","false","false"
"13","ar_to_en","1","40","11","0","across","5","??N??","[{""position"":0,""characters"":[""E"",""L"",""O"",""R""]},{""position"":1,""characters"":[""A"",""C"",""D"",""E"",""G"",""I"",""K"",""N"",""O"",""R"",""S"",""U"",""W""]},{""position"":2,""characters"":[""N""]},{""position"":3,""characters"":[""C"",""N""]},{""position"":4,""characters"":[""E"",""L"",""O""]}]","true","false","A_TRUE_GAP","0","0","0","0","0","0","[]","[]","","false","false"
"13","ar_to_en","1","40","9","1","down","4","?I??","[{""position"":0,""characters"":[""A"",""E""]},{""position"":1,""characters"":[""I""]},{""position"":2,""characters"":[""A"",""C"",""D"",""E"",""G"",""I"",""K"",""N"",""O"",""R"",""S"",""U"",""W""]},{""position"":3,""characters"":[""A"",""C"",""D"",""E"",""H"",""L"",""M"",""N"",""O"",""P"",""R"",""S"",""T"",""U"",""V""]}]","true","false","A_TRUE_GAP","0","0","0","0","0","0","[]","[]","","false","false"
"13","ar_to_en","1","40","2","7","down","6","N?F???","[{""position"":0,""characters"":[""N""]},{""position"":1,""characters"":[""A"",""C"",""E"",""F"",""G"",""H"",""I"",""L"",""M"",""N"",""O"",""P"",""R"",""S"",""T"",""W"",""X""]},{""position"":2,""characters"":[""F""]},{""position"":3,""characters"":[""A"",""C"",""D"",""E"",""F"",""G"",""H"",""I"",""L"",""M"",""N"",""O"",""P"",""R"",""S"",""T"",""U"",""V""]},{""position"":4,""characters"":[""A"",""C"",""D"",""E"",""F"",""G"",""H"",""I"",""L"",""N"",""O"",""P"",""R"",""S"",""T"",""U"",""V"",""X""]},{""position"":5,""characters"":[""A"",""B"",""C"",""D"",""E"",""F"",""G"",""H"",""I"",""L"",""M"",""N"",""O"",""P"",""R"",""S"",""T"",""Y""]}]","true","false","A_TRUE_GAP","0","0","0","0","0","0","[]","[]","","false","false"
"13","ar_to_en","1","40","10","4","down","3","TYS","[{""position"":0,""characters"":[""T""]},{""position"":1,""characters"":[""Y""]},{""position"":2,""characters"":[""S""]}]","true","false","A_TRUE_GAP","0","0","0","0","0","0","[]","[]","","false","false"
"13","ar_to_en","1","40","2","3","down","3","O??","[{""position"":0,""characters"":[""O""]},{""position"":1,""characters"":[""A"",""C"",""E"",""T"",""Y""]},{""position"":2,""characters"":[""F"",""I"",""L"",""N"",""P"",""R"",""U"",""W""]}]","true","false","A_TRUE_GAP","0","0","0","0","0","0","[]","[]","","false","false"
"13","ar_to_en","1","40","0","1","down","4","????","[{""position"":0,""characters"":[""A"",""O"",""R"",""U""]},{""position"":1,""characters"":[""A"",""C"",""E"",""G"",""H"",""I"",""N"",""R"",""S"",""T"",""U"",""Y""]},{""position"":2,""characters"":[""A"",""I""]},{""position"":3,""characters"":[""A"",""E""]}]","true","false","A_TRUE_GAP","0","0","0","0","0","0","[]","[]","","false","false"
"13","ar_to_en","1","40","0","10","down","13","??I???????I??","[{""position"":0,""characters"":[""A"",""C"",""D"",""E"",""G"",""I"",""L"",""M"",""N"",""O"",""P"",""R"",""S"",""T"",""U"",""Y""]},{""position"":1,""characters"":[""A"",""C"",""D"",""E"",""I"",""L"",""N"",""O"",""P"",""R"",""T"",""U""]},{""position"":2,""characters"":[""I""]},{""position"":3,""characters"":[""A"",""C"",""D"",""E"",""F"",""I"",""M"",""N"",""O"",""P"",""R"",""S"",""T"",""U""]},{""position"":4,""characters"":[""A"",""C"",""E"",""F"",""I"",""M"",""N"",""O"",""R"",""T"",""U""]},{""position"":5,""characters"":[""A"",""C"",""D"",""E"",""F"",""G"",""I"",""L"",""M"",""N"",""O"",""P"",""R"",""S"",""T"",""U""]},{""position"":6,""characters"":[""A"",""B"",""C"",""H"",""I"",""L"",""N"",""O"",""S"",""T"",""U"",""Z""]},{""position"":7,""characters"":[""A"",""C"",""D"",""E"",""F"",""G"",""I"",""L"",""M"",""N"",""O"",""P"",""R"",""S"",""T"",""U""]},{""position"":8,""characters"":[""A"",""C"",""E"",""F"",""I"",""M"",""N"",""O"",""R"",""T"",""U""]},{""position"":9,""characters"":[""A"",""C"",""D"",""E"",""F"",""I"",""M"",""N"",""O"",""R"",""S"",""T"",""U""]},{""position"":10,""characters"":[""I""]},{""position"":11,""characters"":[""A"",""C"",""D"",""E"",""I"",""L"",""N"",""O"",""P"",""R"",""T"",""U"",""V""]},{""position"":12,""characters"":[""A"",""C"",""D"",""E"",""G"",""I"",""L"",""M"",""N"",""O"",""P"",""R"",""S"",""T"",""U"",""Y""]}]","true","false","A_TRUE_GAP","0","0","0","0","0","0","[]","[]","","false","false"
"13","ar_to_en","1","42","0","7","across","6","??YR??","[{""position"":0,""characters"":[""A"",""B"",""C"",""D"",""E"",""F"",""G"",""H"",""I"",""K"",""L"",""M"",""N"",""O"",""P"",""R"",""S"",""T"",""U"",""V"",""W"",""Y""]},{""position"":1,""characters"":[""A"",""C"",""D"",""E"",""F"",""G"",""H"",""I"",""K"",""L"",""M"",""N"",""O"",""P"",""R"",""S"",""T"",""V"",""W"",""Y""]},{""position"":2,""characters"":[""Y""]},{""position"":3,""characters"":[""R""]},{""position"":4,""characters"":[""A"",""C"",""D"",""E"",""F"",""G"",""H"",""I"",""K"",""L"",""M"",""N"",""O"",""P"",""R"",""S"",""T"",""U"",""W"",""X"",""Y""]},{""position"":5,""characters"":[""A"",""B"",""C"",""D"",""E"",""F"",""G"",""H"",""I"",""K"",""L"",""M"",""N"",""O"",""P"",""R"",""S"",""T"",""U"",""W"",""Y""]}]","true","false","A_TRUE_GAP","0","0","0","0","0","0","[]","[]","","false","false"
"13","ar_to_en","1","42","3","5","across","6","????CN","[{""position"":0,""characters"":[""A"",""B"",""C"",""D"",""E"",""F"",""G"",""H"",""I"",""L"",""M"",""N"",""O"",""P"",""R"",""T"",""U"",""V"",""W""]},{""position"":1,""characters"":[""A"",""D"",""E"",""H"",""I"",""L"",""M"",""N"",""O"",""R"",""S"",""T"",""Y""]},{""position"":2,""characters"":[""A"",""C"",""E"",""F"",""I"",""L"",""N"",""O"",""R"",""U""]},{""position"":3,""characters"":[""B"",""C"",""D"",""E"",""F"",""G"",""H"",""K"",""L"",""M"",""N"",""P"",""R"",""S"",""T"",""V"",""W"",""Y""]},{""position"":4,""characters"":[""C""]},{""position"":5,""characters"":[""N""]}]","true","false","A_TRUE_GAP","0","0","0","0","0","0","[]","[]","","false","false"
"13","ar_to_en","1","42","0","7","across","6","??SP??","[{""position"":0,""characters"":[""A"",""B"",""C"",""D"",""E"",""F"",""G"",""H"",""K"",""L"",""M"",""N"",""O"",""P"",""Q"",""R"",""S"",""T"",""U"",""V"",""W"",""Y""]},{""position"":1,""characters"":[""A"",""C"",""D"",""E"",""F"",""G"",""H"",""I"",""K"",""L"",""M"",""N"",""O"",""P"",""R"",""S"",""T"",""U"",""V"",""W"",""Y""]},{""position"":2,""characters"":[""S""]},{""position"":3,""characters"":[""P""]},{""position"":4,""characters"":[""A"",""C"",""D"",""E"",""F"",""G"",""H"",""K"",""L"",""N"",""P"",""S"",""T"",""W""]},{""position"":5,""characters"":[""A"",""B"",""C"",""D"",""E"",""G"",""H"",""J"",""M"",""N"",""P"",""R"",""S"",""T"",""Y""]}]","true","false","A_TRUE_GAP","0","0","0","0","0","0","[]","[]","","false","false"
"13","ar_to_en","1","42","0","7","across","6","??N???","[{""position"":0,""characters"":[""A"",""B"",""C"",""D"",""E"",""F"",""G"",""H"",""I"",""K"",""L"",""M"",""N"",""O"",""P"",""Q"",""R"",""S"",""T"",""U"",""V"",""W"",""Y""]},{""position"":1,""characters"":[""A"",""C"",""D"",""E"",""F"",""G"",""H"",""I"",""K"",""L"",""M"",""N"",""O"",""P"",""R"",""S"",""T"",""V"",""W"",""Y""]},{""position"":2,""characters"":[""N""]},{""position"":3,""characters"":[""P"",""S""]},{""position"":4,""characters"":[""A"",""C"",""D"",""E"",""F"",""G"",""I"",""K"",""L"",""M"",""N"",""O"",""P"",""R"",""S"",""T"",""W"",""Y""]},{""position"":5,""characters"":[""A"",""B"",""C"",""D"",""E"",""F"",""G"",""H"",""I"",""J"",""K"",""L"",""M"",""N"",""O"",""P"",""R"",""S"",""T"",""U"",""W"",""Y""]}]","true","false","A_TRUE_GAP","0","0","0","0","0","0","[]","[]","","false","false"
"13","ar_to_en","1","42","2","0","across","13","?????????D???","[{""position"":0,""characters"":[""A"",""C"",""D"",""E"",""G"",""I"",""L"",""M"",""N"",""O"",""P"",""R"",""S"",""T"",""U"",""Y""]},{""position"":1,""characters"":[""A"",""C"",""D"",""E"",""I"",""L"",""N"",""O"",""P"",""R"",""T"",""U"",""V""]},{""position"":2,""characters"":[""A"",""C"",""D"",""E"",""G"",""I"",""L"",""M"",""N"",""O"",""P"",""R"",""S"",""T"",""V""]},{""position"":3,""characters"":[""A"",""C"",""D"",""E"",""F"",""I"",""M"",""N"",""O"",""R"",""S"",""T"",""U""]},{""position"":4,""characters"":[""A"",""C"",""E"",""F"",""I"",""M"",""N"",""O"",""R"",""T"",""U""]},{""position"":5,""characters"":[""A"",""C"",""D"",""E"",""F"",""G"",""I"",""L"",""M"",""N"",""O"",""P"",""R"",""S"",""T"",""U"",""X""]},{""position"":6,""characters"":[""A"",""B"",""C"",""H"",""I"",""L"",""N"",""O"",""S"",""T"",""U""]},{""position"":7,""characters"":[""A"",""C"",""D"",""E"",""F"",""I"",""L"",""M"",""N"",""O"",""P"",""R"",""S"",""T"",""U"",""X""]},{""position"":8,""characters"":[""A"",""C"",""E"",""F"",""I"",""M"",""N"",""O"",""R"",""T"",""U""]},{""position"":9,""characters"":[""D""]},{""position"":10,""characters"":[""A"",""C"",""D"",""E"",""G"",""I"",""L"",""M"",""N"",""O"",""P"",""R"",""S"",""T"",""V""]},{""position"":11,""characters"":[""A"",""C"",""D"",""E"",""I"",""L"",""N"",""O"",""P"",""R"",""T"",""U""]},{""position"":12,""characters"":[""A"",""C"",""D"",""E"",""G"",""I"",""L"",""M"",""N"",""O"",""P"",""R"",""S"",""T"",""U"",""Y""]}]","true","false","B_USED_EXHAUSTION","1","1","1","0","0","0","[""UNDERSTANDING""]","[]","100","false","false"
"13","ar_to_en","1","42","10","0","across","13","?????????D???","[{""position"":0,""characters"":[""A"",""C"",""D"",""E"",""G"",""I"",""L"",""M"",""N"",""O"",""P"",""R"",""S"",""T"",""U"",""Y""]},{""position"":1,""characters"":[""A"",""C"",""D"",""E"",""I"",""L"",""N"",""O"",""P"",""R"",""T"",""U"",""V""]},{""position"":2,""characters"":[""A"",""C"",""D"",""E"",""G"",""I"",""L"",""M"",""N"",""O"",""P"",""R"",""S"",""T"",""V""]},{""position"":3,""characters"":[""A"",""C"",""D"",""E"",""F"",""I"",""M"",""N"",""O"",""P"",""R"",""S"",""T"",""U""]},{""position"":4,""characters"":[""A"",""C"",""E"",""F"",""I"",""M"",""N"",""O"",""R"",""T"",""U""]},{""position"":5,""characters"":[""A"",""C"",""D"",""E"",""F"",""G"",""I"",""L"",""M"",""N"",""O"",""P"",""R"",""S"",""T"",""U"",""X""]},{""position"":6,""characters"":[""A"",""B"",""C"",""H"",""I"",""L"",""N"",""O"",""S"",""T"",""U"",""Z""]},{""position"":7,""characters"":[""A"",""C"",""D"",""E"",""F"",""I"",""L"",""M"",""N"",""O"",""P"",""R"",""S"",""T"",""U""]},{""position"":8,""characters"":[""A"",""E"",""F"",""I"",""M"",""N"",""O"",""R"",""T"",""U""]},{""position"":9,""characters"":[""D""]},{""position"":10,""characters"":[""A"",""C"",""D"",""E"",""G"",""I"",""M"",""N"",""O"",""P"",""R"",""S"",""T"",""V""]},{""position"":11,""characters"":[""A"",""C"",""D"",""E"",""I"",""L"",""N"",""O"",""P"",""R"",""T"",""U"",""V""]},{""position"":12,""characters"":[""A"",""C"",""D"",""E"",""G"",""I"",""L"",""M"",""N"",""O"",""P"",""R"",""S"",""T"",""U"",""Y""]}]","true","false","B_USED_EXHAUSTION","1","1","1","0","0","0","[""UNDERSTANDING""]","[]","100","false","false"
"13","ar_to_en","1","42","6","8","across","5","?B???","[{""position"":0,""characters"":[""A"",""B"",""C"",""D"",""E"",""F"",""G"",""H"",""I"",""K"",""L"",""M"",""N"",""O"",""P"",""R"",""S"",""T"",""U"",""W"",""Y""]},{""position"":1,""characters"":[""B""]},{""position"":2,""characters"":[""A"",""C"",""I"",""S""]},{""position"":3,""characters"":[""A"",""B"",""C"",""D"",""E"",""F"",""G"",""H"",""I"",""K"",""L"",""M"",""N"",""O"",""P"",""R"",""S"",""T"",""U"",""V"",""W"",""Y""]},{""position"":4,""characters"":[""A"",""C"",""D"",""E"",""F"",""G"",""H"",""I"",""K"",""L"",""N"",""O"",""P"",""R"",""S"",""T"",""U"",""W"",""Y""]}]","true","false","A_TRUE_GAP","0","0","0","0","0","0","[]","[]","","false","false"
"13","ar_to_en","1","42","10","8","down","3","???","[{""position"":0,""characters"":[""F"",""N"",""R"",""T""]},{""position"":1,""characters"":[""U"",""Y""]},{""position"":2,""characters"":[""A"",""E""]}]","true","false","A_TRUE_GAP","0","0","0","0","0","0","[]","[]","","false","false"
"13","ar_to_en","1","42","4","9","across","3","U??","[{""position"":0,""characters"":[""U""]},{""position"":1,""characters"":[""E"",""I"",""N"",""R"",""T""]},{""position"":2,""characters"":[""A"",""B"",""C"",""D"",""E"",""F"",""G"",""H"",""I"",""J"",""K"",""L"",""M"",""N"",""O"",""P"",""R"",""S"",""T"",""W"",""Y""]}]","true","false","A_TRUE_GAP","0","0","0","0","0","0","[]","[]","","false","false"
"13","ar_to_en","1","42","0","7","across","6","??D???","[{""position"":0,""characters"":[""A"",""B"",""C"",""D"",""E"",""F"",""G"",""H"",""K"",""L"",""M"",""N"",""O"",""P"",""Q"",""R"",""S"",""T"",""U"",""V"",""W"",""Y""]},{""position"":1,""characters"":[""A"",""C"",""D"",""E"",""F"",""G"",""H"",""I"",""K"",""L"",""M"",""N"",""O"",""P"",""R"",""S"",""T"",""U"",""V"",""W"",""Y""]},{""position"":2,""characters"":[""D""]},{""position"":3,""characters"":[""M"",""S""]},{""position"":4,""characters"":[""A"",""C"",""D"",""E"",""F"",""G"",""H"",""K"",""L"",""N"",""P"",""S"",""T"",""W""]},{""position"":5,""characters"":[""A"",""B"",""C"",""D"",""E"",""G"",""H"",""J"",""L"",""M"",""N"",""P"",""R"",""S"",""T"",""W"",""Y""]}]","true","false","A_TRUE_GAP","0","0","0","0","0","0","[]","[]","","false","false"
"13","ar_to_en","1","42","0","7","across","6","??N???","[{""position"":0,""characters"":[""A"",""B"",""C"",""D"",""E"",""F"",""G"",""H"",""I"",""K"",""L"",""M"",""N"",""O"",""P"",""Q"",""R"",""S"",""T"",""U"",""V"",""W"",""Y""]},{""position"":1,""characters"":[""A"",""C"",""D"",""E"",""F"",""G"",""H"",""I"",""K"",""L"",""M"",""N"",""O"",""P"",""R"",""S"",""T"",""V"",""W"",""Y""]},{""position"":2,""characters"":[""N""]},{""position"":3,""characters"":[""P"",""S""]},{""position"":4,""characters"":[""A"",""C"",""D"",""E"",""F"",""G"",""I"",""K"",""L"",""M"",""N"",""O"",""P"",""R"",""S"",""T"",""W"",""Y""]},{""position"":5,""characters"":[""A"",""B"",""C"",""D"",""E"",""F"",""G"",""H"",""I"",""J"",""K"",""L"",""M"",""N"",""O"",""P"",""R"",""S"",""T"",""U"",""W"",""Y""]}]","true","false","A_TRUE_GAP","0","0","0","0","0","0","[]","[]","","false","false"
"13","ar_to_en","1","42","4","9","across","3","U??","[{""position"":0,""characters"":[""U""]},{""position"":1,""characters"":[""E"",""N""]},{""position"":2,""characters"":[""A"",""B"",""C"",""D"",""E"",""F"",""G"",""H"",""I"",""J"",""K"",""L"",""M"",""N"",""O"",""P"",""R"",""S"",""T"",""W"",""Y""]}]","true","false","A_TRUE_GAP","0","0","0","0","0","0","[]","[]","","false","false"
"13","ar_to_en","1","42","0","7","down","5","?????","[{""position"":0,""characters"":[""C"",""D"",""R""]},{""position"":1,""characters"":[""C"",""E"",""P""]},{""position"":2,""characters"":[""A"",""I"",""U""]},{""position"":3,""characters"":[""A"",""E""]},{""position"":4,""characters"":[""A"",""B"",""C"",""D"",""E"",""F"",""G"",""H"",""I"",""K"",""L"",""M"",""N"",""O"",""P"",""R"",""S"",""T"",""U"",""W"",""X"",""Y""]}]","true","false","A_TRUE_GAP","0","0","0","0","0","0","[]","[]","","false","false"
"13","ar_to_en","1","42","0","12","down","3","???","[{""position"":0,""characters"":[""B"",""D"",""L"",""N"",""R"",""S"",""U"",""W""]},{""position"":1,""characters"":[""C"",""D"",""N"",""R"",""S"",""T""]},{""position"":2,""characters"":[""C"",""T""]}]","true","false","A_TRUE_GAP","0","0","0","0","0","0","[]","[]","","false","false"
"13","ar_to_en","1","42","6","8","across","5","?S???","[{""position"":0,""characters"":[""A"",""B"",""C"",""D"",""E"",""F"",""G"",""H"",""I"",""K"",""L"",""M"",""N"",""O"",""P"",""R"",""S"",""T"",""U"",""W"",""Y""]},{""position"":1,""characters"":[""S""]},{""position"":2,""characters"":[""C"",""H"",""T""]},{""position"":3,""characters"":[""A"",""B"",""C"",""D"",""E"",""F"",""G"",""H"",""I"",""K"",""L"",""M"",""N"",""O"",""P"",""R"",""S"",""T"",""U"",""V"",""W"",""Y""]},{""position"":4,""characters"":[""A"",""C"",""D"",""E"",""F"",""G"",""H"",""I"",""K"",""L"",""N"",""O"",""P"",""R"",""S"",""T"",""U"",""W"",""Y""]}]","true","false","A_TRUE_GAP","0","0","0","0","0","0","[]","[]","","false","false"
"13","ar_to_en","1","42","8","7","across","4","??F?","[{""position"":0,""characters"":[""A"",""B"",""C"",""D"",""E"",""G"",""H"",""I"",""K"",""L"",""M"",""N"",""O"",""P"",""R"",""S"",""T"",""U"",""V"",""W"",""Y""]},{""position"":1,""characters"":[""A"",""C"",""D"",""E"",""G"",""H"",""I"",""K"",""L"",""M"",""N"",""O"",""P"",""R"",""S"",""T"",""U"",""W"",""X""]},{""position"":2,""characters"":[""F""]},{""position"":3,""characters"":[""A"",""I"",""M"",""N"",""O"",""U""]}]","true","false","A_TRUE_GAP","0","0","0","0","0","0","[]","[]","","false","false"
"13","ar_to_en","1","42","0","7","across","6","??L???","[{""position"":0,""characters"":[""A"",""B"",""C"",""D"",""E"",""F"",""G"",""H"",""K"",""L"",""M"",""N"",""O"",""P"",""Q"",""R"",""S"",""T"",""U"",""V"",""W"",""Y""]},{""position"":1,""characters"":[""A"",""C"",""D"",""E"",""F"",""G"",""H"",""I"",""K"",""L"",""M"",""N"",""O"",""P"",""R"",""S"",""T"",""U"",""V"",""W"",""Y""]},{""position"":2,""characters"":[""L""]},{""position"":3,""characters"":[""D"",""P"",""S""]},{""position"":4,""characters"":[""A"",""C"",""D"",""E"",""F"",""G"",""H"",""I"",""K"",""L"",""M"",""N"",""O"",""P"",""R"",""S"",""T"",""U"",""W"",""Y""]},{""position"":5,""characters"":[""A"",""B"",""C"",""D"",""E"",""G"",""H"",""I"",""M"",""N"",""O"",""R"",""T"",""W"",""Y""]}]","true","false","A_TRUE_GAP","0","0","0","0","0","0","[]","[]","","false","false"
"13","ar_to_en","1","42","9","9","across","3","I??","[{""position"":0,""characters"":[""I""]},{""position"":1,""characters"":[""E"",""F"",""O"",""P"",""U""]},{""position"":2,""characters"":[""A"",""B"",""C"",""D"",""E"",""F"",""G"",""H"",""I"",""J"",""K"",""L"",""M"",""N"",""O"",""P"",""R"",""S"",""T"",""U"",""W"",""Y""]}]","true","false","A_TRUE_GAP","0","0","0","0","0","0","[]","[]","","false","false"
"13","ar_to_en","1","42","8","7","across","4","??F?","[{""position"":0,""characters"":[""A"",""D"",""E"",""I"",""L"",""M"",""O"",""R"",""S"",""T""]},{""position"":1,""characters"":[""A"",""C"",""D"",""E"",""G"",""H"",""I"",""K"",""L"",""M"",""N"",""O"",""P"",""R"",""S"",""T"",""U"",""W"",""X""]},{""position"":2,""characters"":[""F""]},{""position"":3,""characters"":[""A"",""I"",""N"",""U""]}]","true","false","A_TRUE_GAP","0","0","0","0","0","0","[]","[]","","false","false"
"13","ar_to_en","1","43","0","7","down","5","?????","[{""position"":0,""characters"":[""C"",""D"",""R""]},{""position"":1,""characters"":[""C"",""E"",""P""]},{""position"":2,""characters"":[""A"",""I"",""U""]},{""position"":3,""characters"":[""A"",""E""]},{""position"":4,""characters"":[""A"",""B"",""C"",""D"",""E"",""F"",""G"",""H"",""I"",""K"",""L"",""M"",""N"",""O"",""P"",""R"",""S"",""T"",""U"",""W"",""X"",""Y""]}]","true","false","A_TRUE_GAP","0","0","0","0","0","0","[]","[]","","false","false"
"13","ar_to_en","1","43","0","7","across","6","??OA??","[{""position"":0,""characters"":[""A"",""B"",""C"",""D"",""E"",""F"",""G"",""H"",""I"",""K"",""L"",""M"",""N"",""O"",""P"",""R"",""S"",""T"",""U"",""V"",""W"",""Y""]},{""position"":1,""characters"":[""A"",""C"",""D"",""E"",""F"",""G"",""H"",""L"",""M"",""N"",""O"",""P"",""R"",""S"",""T"",""V"",""W"",""Y""]},{""position"":2,""characters"":[""O""]},{""position"":3,""characters"":[""A""]},{""position"":4,""characters"":[""A"",""D"",""E"",""F"",""K"",""L"",""N"",""T"",""W""]},{""position"":5,""characters"":[""A"",""B"",""L"",""N"",""P"",""R"",""T"",""W""]}]","true","false","A_TRUE_GAP","0","0","0","0","0","0","[]","[]","","false","false"
"13","ar_to_en","1","43","2","0","across","13","?????????IT??","[{""position"":0,""characters"":[""C"",""L"",""M"",""N"",""O"",""P"",""R"",""S""]},{""position"":1,""characters"":[""A"",""N"",""O"",""R""]},{""position"":2,""characters"":[""D"",""N"",""T""]},{""position"":3,""characters"":[""A"",""I"",""N"",""S"",""T""]},{""position"":4,""characters"":[""E"",""F"",""N"",""R"",""T""]},{""position"":5,""characters"":[""A"",""I"",""M"",""N"",""T""]},{""position"":6,""characters"":[""B"",""C"",""N"",""S"",""T""]},{""position"":7,""characters"":[""A"",""I"",""O"",""U""]},{""position"":8,""characters"":[""F"",""N"",""R"",""T""]},{""position"":9,""characters"":[""I""]},{""position"":10,""characters"":[""T""]},{""position"":11,""characters"":[""D"",""N"",""O""]},{""position"":12,""characters"":[""A"",""E"",""M"",""N"",""S""]}]","true","false","A_TRUE_GAP","0","0","0","0","0","0","[]","[]","","false","false"
"13","ar_to_en","1","43","1","7","across","6","??AR??","[{""position"":0,""characters"":[""A"",""E"",""H"",""O"",""T""]},{""position"":1,""characters"":[""C"",""G"",""L"",""R"",""T""]},{""position"":2,""characters"":[""A""]},{""position"":3,""characters"":[""R""]},{""position"":4,""characters"":[""A"",""L"",""O""]},{""position"":5,""characters"":[""D"",""E"",""H"",""I"",""P""]}]","true","false","A_TRUE_GAP","0","0","0","0","0","0","[]","[]","","false","false"
"13","ar_to_en","1","43","4","9","across","3","U??","[{""position"":0,""characters"":[""U""]},{""position"":1,""characters"":[""E"",""I"",""R"",""T""]},{""position"":2,""characters"":[""A"",""B"",""C"",""D"",""E"",""F"",""G"",""H"",""I"",""J"",""K"",""L"",""M"",""N"",""O"",""P"",""R"",""S"",""T"",""W"",""Y""]}]","true","false","A_TRUE_GAP","0","0","0","0","0","0","[]","[]","","false","false"
"13","ar_to_en","1","43","0","7","across","6","??M???","[{""position"":0,""characters"":[""A"",""D"",""E"",""F"",""G"",""H"",""L"",""M"",""O"",""P"",""R"",""S"",""Y""]},{""position"":1,""characters"":[""A"",""D"",""E"",""F"",""G"",""I"",""K"",""L"",""M"",""N"",""O"",""P"",""R"",""S"",""T"",""U"",""V"",""W"",""Y""]},{""position"":2,""characters"":[""M""]},{""position"":3,""characters"":[""S"",""T"",""Y""]},{""position"":4,""characters"":[""A"",""C"",""D"",""F"",""G"",""H"",""N"",""P"",""S"",""T"",""W""]},{""position"":5,""characters"":[""A"",""B"",""C"",""D"",""E"",""G"",""H"",""M"",""N"",""P"",""R"",""T"",""Y""]}]","true","false","A_TRUE_GAP","0","0","0","0","0","0","[]","[]","","false","false"
"13","ar_to_en","1","43","0","7","down","5","?????","[{""position"":0,""characters"":[""D"",""M"",""N"",""R""]},{""position"":1,""characters"":[""C"",""D"",""H"",""S""]},{""position"":2,""characters"":[""N"",""S"",""T""]},{""position"":3,""characters"":[""A"",""B"",""D"",""E"",""F"",""G"",""H"",""I"",""L"",""M"",""N"",""O"",""P"",""R"",""S"",""T"",""U""]},{""position"":4,""characters"":[""A"",""B"",""C"",""D"",""E"",""F"",""G"",""H"",""I"",""K"",""L"",""M"",""N"",""O"",""P"",""R"",""S"",""T"",""U"",""W"",""X"",""Y""]}]","true","false","A_TRUE_GAP","0","0","0","0","0","0","[]","[]","","false","false"
"13","ar_to_en","1","43","1","7","across","6","??V???","[{""position"":0,""characters"":[""A"",""B"",""C"",""D"",""E"",""F"",""G"",""H"",""I"",""K"",""L"",""M"",""N"",""O"",""P"",""R"",""S"",""T"",""U"",""V"",""W""]},{""position"":1,""characters"":[""A"",""C"",""D"",""E"",""I"",""L"",""M"",""N"",""O"",""R"",""T"",""U""]},{""position"":2,""characters"":[""V""]},{""position"":3,""characters"":[""N"",""O""]},{""position"":4,""characters"":[""A"",""D"",""E"",""F"",""G"",""H"",""I"",""L"",""N"",""O"",""U"",""W""]},{""position"":5,""characters"":[""A"",""C"",""D"",""E"",""G"",""H"",""I"",""K"",""L"",""N"",""O"",""P"",""R"",""S"",""T"",""U"",""W"",""Y""]}]","true","false","A_TRUE_GAP","0","0","0","0","0","0","[]","[]","","false","false"
"13","ar_to_en","1","43","8","7","across","4","??M?","[{""position"":0,""characters"":[""A"",""C"",""D"",""E"",""G"",""H"",""I"",""K"",""L"",""M"",""N"",""O"",""P"",""R"",""S"",""T"",""U"",""V"",""W""]},{""position"":1,""characters"":[""A"",""C"",""D"",""E"",""G"",""H"",""I"",""K"",""L"",""M"",""N"",""O"",""P"",""R"",""S"",""T"",""U"",""W"",""X""]},{""position"":2,""characters"":[""M""]},{""position"":3,""characters"":[""O"",""R"",""T""]}]","true","false","A_TRUE_GAP","0","0","0","0","0","0","[]","[]","","false","false"
"13","ar_to_en","1","43","4","9","across","3","M??","[{""position"":0,""characters"":[""M""]},{""position"":1,""characters"":[""N"",""O"",""T""]},{""position"":2,""characters"":[""A"",""B"",""C"",""D"",""E"",""F"",""G"",""H"",""I"",""J"",""K"",""L"",""M"",""N"",""O"",""P"",""R"",""S"",""T"",""W"",""Y""]}]","true","false","A_TRUE_GAP","0","0","0","0","0","0","[]","[]","","false","false"
"13","ar_to_en","1","43","0","11","down","3","???","[{""position"":0,""characters"":[""C"",""I""]},{""position"":1,""characters"":[""E"",""G"",""H"",""W""]},{""position"":2,""characters"":[""A"",""E"",""N""]}]","true","false","A_TRUE_GAP","0","0","0","0","0","0","[]","[]","","false","false"
"13","ar_to_en","1","43","4","9","across","3","O??","[{""position"":0,""characters"":[""O""]},{""position"":1,""characters"":[""C"",""R""]},{""position"":2,""characters"":[""A"",""B"",""C"",""D"",""E"",""F"",""G"",""H"",""I"",""J"",""K"",""L"",""M"",""N"",""O"",""P"",""R"",""S"",""T"",""W"",""Y""]}]","true","false","A_TRUE_GAP","0","0","0","0","0","0","[]","[]","","false","false"
"13","ar_to_en","1","43","3","5","across","6","????T?","[{""position"":0,""characters"":[""B"",""C"",""D"",""F"",""G"",""H"",""I"",""L"",""M"",""N"",""P"",""R"",""T"",""U"",""V"",""W""]},{""position"":1,""characters"":[""A"",""E"",""H"",""I"",""L"",""N"",""O"",""R"",""S"",""U"",""Y""]},{""position"":2,""characters"":[""A"",""C"",""D"",""E"",""G"",""I"",""K"",""N"",""O"",""R"",""S"",""T"",""U"",""W""]},{""position"":3,""characters"":[""A"",""B"",""C"",""D"",""E"",""F"",""G"",""H"",""K"",""L"",""M"",""N"",""P"",""R"",""S"",""T"",""V"",""W"",""Y""]},{""position"":4,""characters"":[""T""]},{""position"":5,""characters"":[""M"",""N""]}]","true","false","A_TRUE_GAP","0","0","0","0","0","0","[]","[]","","false","false"
"13","ar_to_en","1","43","0","7","across","6","??L???","[{""position"":0,""characters"":[""A"",""B"",""C"",""D"",""E"",""F"",""G"",""H"",""K"",""L"",""M"",""N"",""O"",""P"",""Q"",""R"",""S"",""T"",""U"",""V"",""W"",""Y""]},{""position"":1,""characters"":[""A"",""C"",""D"",""E"",""F"",""G"",""H"",""I"",""K"",""L"",""M"",""N"",""O"",""P"",""R"",""S"",""T"",""U"",""V"",""W"",""Y""]},{""position"":2,""characters"":[""L""]},{""position"":3,""characters"":[""D"",""P""]},{""position"":4,""characters"":[""A"",""C"",""D"",""E"",""F"",""G"",""H"",""I"",""K"",""L"",""M"",""N"",""O"",""P"",""R"",""S"",""T"",""U"",""W"",""Y""]},{""position"":5,""characters"":[""A"",""B"",""C"",""D"",""E"",""G"",""H"",""I"",""M"",""N"",""O"",""R"",""T"",""W"",""Y""]}]","true","false","A_TRUE_GAP","0","0","0","0","0","0","[]","[]","","false","false"
"13","ar_to_en","1","43","3","5","across","6","????F?","[{""position"":0,""characters"":[""A"",""B"",""C"",""D"",""E"",""F"",""G"",""H"",""I"",""K"",""L"",""M"",""N"",""O"",""P"",""R"",""S"",""T"",""U"",""W""]},{""position"":1,""characters"":[""A"",""C"",""D"",""E"",""G"",""H"",""I"",""L"",""M"",""N"",""O"",""P"",""R"",""S"",""T"",""U"",""W"",""Y""]},{""position"":2,""characters"":[""A"",""C"",""D"",""E"",""F"",""H"",""I"",""L"",""M"",""N"",""O"",""P"",""R"",""S"",""T"",""U"",""V""]},{""position"":3,""characters"":[""A"",""B"",""C"",""D"",""E"",""F"",""G"",""H"",""K"",""L"",""M"",""N"",""P"",""R"",""S"",""T"",""V"",""W"",""Y""]},{""position"":4,""characters"":[""F""]},{""position"":5,""characters"":[""A"",""I"",""M"",""N"",""S""]}]","true","false","A_TRUE_GAP","0","0","0","0","0","0","[]","[]","","false","false"
"13","ar_to_en","1","43","11","8","across","5","?NN??","[{""position"":0,""characters"":[""E"",""U""]},{""position"":1,""characters"":[""N""]},{""position"":2,""characters"":[""N""]},{""position"":3,""characters"":[""C"",""E"",""G"",""H"",""I"",""L"",""O"",""P"",""R"",""T"",""U"",""V""]},{""position"":4,""characters"":[""A"",""C"",""E"",""G"",""L"",""N"",""O"",""P"",""R"",""S"",""T"",""Y""]}]","true","false","A_TRUE_GAP","0","0","0","0","0","0","[]","[]","","false","false"
"13","ar_to_en","1","44","0","7","down","5","?????","[{""position"":0,""characters"":[""C"",""D"",""R""]},{""position"":1,""characters"":[""C"",""E"",""P""]},{""position"":2,""characters"":[""A"",""I"",""U""]},{""position"":3,""characters"":[""A"",""E""]},{""position"":4,""characters"":[""A"",""B"",""C"",""D"",""E"",""F"",""G"",""H"",""I"",""K"",""L"",""M"",""N"",""O"",""P"",""R"",""S"",""T"",""U"",""W"",""X"",""Y""]}]","true","false","A_TRUE_GAP","0","0","0","0","0","0","[]","[]","","false","false"
"13","ar_to_en","1","44","0","7","across","6","??OA??","[{""position"":0,""characters"":[""A"",""B"",""C"",""D"",""E"",""F"",""G"",""H"",""I"",""K"",""L"",""M"",""N"",""O"",""P"",""R"",""S"",""T"",""U"",""V"",""W"",""Y""]},{""position"":1,""characters"":[""A"",""C"",""D"",""E"",""F"",""G"",""H"",""L"",""M"",""N"",""O"",""P"",""R"",""S"",""T"",""V"",""W"",""Y""]},{""position"":2,""characters"":[""O""]},{""position"":3,""characters"":[""A""]},{""position"":4,""characters"":[""A"",""D"",""E"",""F"",""K"",""L"",""N"",""T"",""W""]},{""position"":5,""characters"":[""A"",""B"",""L"",""N"",""P"",""R"",""T"",""W""]}]","true","false","A_TRUE_GAP","0","0","0","0","0","0","[]","[]","","false","false"
"13","ar_to_en","1","44","2","0","across","13","?????????IT??","[{""position"":0,""characters"":[""C"",""L"",""M"",""N"",""O"",""P"",""R"",""S""]},{""position"":1,""characters"":[""A"",""N"",""O"",""R""]},{""position"":2,""characters"":[""D"",""N"",""T""]},{""position"":3,""characters"":[""A"",""I"",""N"",""S"",""T""]},{""position"":4,""characters"":[""E"",""F"",""N"",""R"",""T""]},{""position"":5,""characters"":[""A"",""I"",""M"",""N"",""T""]},{""position"":6,""characters"":[""B"",""C"",""N"",""S"",""T""]},{""position"":7,""characters"":[""A"",""I"",""O"",""U""]},{""position"":8,""characters"":[""F"",""N"",""R"",""T""]},{""position"":9,""characters"":[""I""]},{""position"":10,""characters"":[""T""]},{""position"":11,""characters"":[""D"",""N"",""O""]},{""position"":12,""characters"":[""A"",""E"",""M"",""N"",""S""]}]","true","false","A_TRUE_GAP","0","0","0","0","0","0","[]","[]","","false","false"
"13","ar_to_en","1","44","1","7","across","6","??AR??","[{""position"":0,""characters"":[""A"",""E"",""H"",""O"",""T""]},{""position"":1,""characters"":[""C"",""G"",""L"",""R"",""T""]},{""position"":2,""characters"":[""A""]},{""position"":3,""characters"":[""R""]},{""position"":4,""characters"":[""A"",""L"",""O""]},{""position"":5,""characters"":[""D"",""E"",""H"",""I"",""P""]}]","true","false","A_TRUE_GAP","0","0","0","0","0","0","[]","[]","","false","false"
"13","ar_to_en","1","44","4","9","across","3","U??","[{""position"":0,""characters"":[""U""]},{""position"":1,""characters"":[""E"",""I"",""R"",""T""]},{""position"":2,""characters"":[""A"",""B"",""C"",""D"",""E"",""F"",""G"",""H"",""I"",""J"",""K"",""L"",""M"",""N"",""O"",""P"",""R"",""S"",""T"",""W"",""Y""]}]","true","false","A_TRUE_GAP","0","0","0","0","0","0","[]","[]","","false","false"
"13","ar_to_en","1","44","0","7","across","6","??M???","[{""position"":0,""characters"":[""A"",""D"",""E"",""F"",""G"",""H"",""L"",""M"",""O"",""P"",""R"",""S"",""Y""]},{""position"":1,""characters"":[""A"",""D"",""E"",""F"",""G"",""I"",""K"",""L"",""M"",""N"",""O"",""P"",""R"",""S"",""T"",""U"",""V"",""W"",""Y""]},{""position"":2,""characters"":[""M""]},{""position"":3,""characters"":[""S"",""T"",""Y""]},{""position"":4,""characters"":[""A"",""C"",""D"",""F"",""G"",""H"",""N"",""P"",""S"",""T"",""W""]},{""position"":5,""characters"":[""A"",""B"",""C"",""D"",""E"",""G"",""H"",""M"",""N"",""P"",""R"",""T"",""Y""]}]","true","false","A_TRUE_GAP","0","0","0","0","0","0","[]","[]","","false","false"
"13","ar_to_en","1","44","0","7","down","5","?????","[{""position"":0,""characters"":[""D"",""M"",""N"",""R""]},{""position"":1,""characters"":[""C"",""D"",""H"",""S""]},{""position"":2,""characters"":[""N"",""S"",""T""]},{""position"":3,""characters"":[""A"",""B"",""D"",""E"",""F"",""G"",""H"",""I"",""L"",""M"",""N"",""O"",""P"",""R"",""S"",""T"",""U""]},{""position"":4,""characters"":[""A"",""B"",""C"",""D"",""E"",""F"",""G"",""H"",""I"",""K"",""L"",""M"",""N"",""O"",""P"",""R"",""S"",""T"",""U"",""W"",""X"",""Y""]}]","true","false","A_TRUE_GAP","0","0","0","0","0","0","[]","[]","","false","false"
"13","ar_to_en","1","44","1","7","across","6","??V???","[{""position"":0,""characters"":[""A"",""B"",""C"",""D"",""E"",""F"",""G"",""H"",""I"",""K"",""L"",""M"",""N"",""O"",""P"",""R"",""S"",""T"",""U"",""V"",""W""]},{""position"":1,""characters"":[""A"",""C"",""D"",""E"",""I"",""L"",""M"",""N"",""O"",""R"",""T"",""U""]},{""position"":2,""characters"":[""V""]},{""position"":3,""characters"":[""N"",""O""]},{""position"":4,""characters"":[""A"",""D"",""E"",""F"",""G"",""H"",""I"",""L"",""N"",""O"",""U"",""W""]},{""position"":5,""characters"":[""A"",""C"",""D"",""E"",""G"",""H"",""I"",""K"",""L"",""N"",""O"",""P"",""R"",""S"",""T"",""U"",""W"",""Y""]}]","true","false","A_TRUE_GAP","0","0","0","0","0","0","[]","[]","","false","false"
"13","ar_to_en","1","44","8","7","across","4","??M?","[{""position"":0,""characters"":[""A"",""C"",""D"",""E"",""G"",""H"",""I"",""K"",""L"",""M"",""N"",""O"",""P"",""R"",""S"",""T"",""U"",""V"",""W""]},{""position"":1,""characters"":[""A"",""C"",""D"",""E"",""G"",""H"",""I"",""K"",""L"",""M"",""N"",""O"",""P"",""R"",""S"",""T"",""U"",""W"",""X""]},{""position"":2,""characters"":[""M""]},{""position"":3,""characters"":[""O"",""R"",""T""]}]","true","false","A_TRUE_GAP","0","0","0","0","0","0","[]","[]","","false","false"
"13","ar_to_en","1","44","4","9","across","3","M??","[{""position"":0,""characters"":[""M""]},{""position"":1,""characters"":[""N"",""O"",""T""]},{""position"":2,""characters"":[""A"",""B"",""C"",""D"",""E"",""F"",""G"",""H"",""I"",""J"",""K"",""L"",""M"",""N"",""O"",""P"",""R"",""S"",""T"",""W"",""Y""]}]","true","false","A_TRUE_GAP","0","0","0","0","0","0","[]","[]","","false","false"
"13","ar_to_en","1","44","0","11","down","3","???","[{""position"":0,""characters"":[""C"",""I""]},{""position"":1,""characters"":[""E"",""G"",""H"",""W""]},{""position"":2,""characters"":[""A"",""E"",""N""]}]","true","false","A_TRUE_GAP","0","0","0","0","0","0","[]","[]","","false","false"
"13","ar_to_en","1","44","4","9","across","3","O??","[{""position"":0,""characters"":[""O""]},{""position"":1,""characters"":[""C"",""R""]},{""position"":2,""characters"":[""A"",""B"",""C"",""D"",""E"",""F"",""G"",""H"",""I"",""J"",""K"",""L"",""M"",""N"",""O"",""P"",""R"",""S"",""T"",""W"",""Y""]}]","true","false","A_TRUE_GAP","0","0","0","0","0","0","[]","[]","","false","false"
"13","ar_to_en","1","44","3","5","across","6","????T?","[{""position"":0,""characters"":[""B"",""C"",""D"",""F"",""G"",""H"",""I"",""L"",""M"",""N"",""P"",""R"",""T"",""U"",""V"",""W""]},{""position"":1,""characters"":[""A"",""E"",""H"",""I"",""L"",""N"",""O"",""R"",""S"",""U"",""Y""]},{""position"":2,""characters"":[""A"",""C"",""D"",""E"",""G"",""I"",""K"",""N"",""O"",""R"",""S"",""T"",""U"",""W""]},{""position"":3,""characters"":[""A"",""B"",""C"",""D"",""E"",""F"",""G"",""H"",""K"",""L"",""M"",""N"",""P"",""R"",""S"",""T"",""V"",""W"",""Y""]},{""position"":4,""characters"":[""T""]},{""position"":5,""characters"":[""M"",""N""]}]","true","false","A_TRUE_GAP","0","0","0","0","0","0","[]","[]","","false","false"
"13","ar_to_en","1","44","0","7","across","6","??L???","[{""position"":0,""characters"":[""A"",""B"",""C"",""D"",""E"",""F"",""G"",""H"",""K"",""L"",""M"",""N"",""O"",""P"",""Q"",""R"",""S"",""T"",""U"",""V"",""W"",""Y""]},{""position"":1,""characters"":[""A"",""C"",""D"",""E"",""F"",""G"",""H"",""I"",""K"",""L"",""M"",""N"",""O"",""P"",""R"",""S"",""T"",""U"",""V"",""W"",""Y""]},{""position"":2,""characters"":[""L""]},{""position"":3,""characters"":[""D"",""P""]},{""position"":4,""characters"":[""A"",""C"",""D"",""E"",""F"",""G"",""H"",""I"",""K"",""L"",""M"",""N"",""O"",""P"",""R"",""S"",""T"",""U"",""W"",""Y""]},{""position"":5,""characters"":[""A"",""B"",""C"",""D"",""E"",""G"",""H"",""I"",""M"",""N"",""O"",""R"",""T"",""W"",""Y""]}]","true","false","A_TRUE_GAP","0","0","0","0","0","0","[]","[]","","false","false"
"13","ar_to_en","1","44","3","5","across","6","????F?","[{""position"":0,""characters"":[""A"",""B"",""C"",""D"",""E"",""F"",""G"",""H"",""I"",""K"",""L"",""M"",""N"",""O"",""P"",""R"",""S"",""T"",""U"",""W""]},{""position"":1,""characters"":[""A"",""C"",""D"",""E"",""G"",""H"",""I"",""L"",""M"",""N"",""O"",""P"",""R"",""S"",""T"",""U"",""W"",""Y""]},{""position"":2,""characters"":[""A"",""C"",""D"",""E"",""F"",""H"",""I"",""L"",""M"",""N"",""O"",""P"",""R"",""S"",""T"",""U"",""V""]},{""position"":3,""characters"":[""A"",""B"",""C"",""D"",""E"",""F"",""G"",""H"",""K"",""L"",""M"",""N"",""P"",""R"",""S"",""T"",""V"",""W"",""Y""]},{""position"":4,""characters"":[""F""]},{""position"":5,""characters"":[""A"",""I"",""M"",""N"",""S""]}]","true","false","A_TRUE_GAP","0","0","0","0","0","0","[]","[]","","false","false"
"13","ar_to_en","1","45","9","9","across","3","I??","[{""position"":0,""characters"":[""I""]},{""position"":1,""characters"":[""E"",""F"",""O"",""P"",""U""]},{""position"":2,""characters"":[""A"",""B"",""C"",""D"",""E"",""F"",""G"",""H"",""I"",""J"",""K"",""L"",""M"",""N"",""O"",""P"",""R"",""S"",""T"",""U"",""W"",""Y""]}]","true","false","A_TRUE_GAP","0","0","0","0","0","0","[]","[]","","false","false"
"13","ar_to_en","1","45","8","7","across","4","??F?","[{""position"":0,""characters"":[""A"",""D"",""E"",""I"",""L"",""M"",""O"",""R"",""S"",""T""]},{""position"":1,""characters"":[""A"",""C"",""D"",""E"",""G"",""H"",""I"",""K"",""L"",""M"",""N"",""O"",""P"",""R"",""S"",""T"",""U"",""W"",""X""]},{""position"":2,""characters"":[""F""]},{""position"":3,""characters"":[""A"",""I"",""N"",""U""]}]","true","false","A_TRUE_GAP","0","0","0","0","0","0","[]","[]","","false","false"
"13","ar_to_en","1","45","0","7","down","5","?????","[{""position"":0,""characters"":[""C"",""D"",""R""]},{""position"":1,""characters"":[""C"",""E"",""P""]},{""position"":2,""characters"":[""A"",""I"",""U""]},{""position"":3,""characters"":[""A"",""E""]},{""position"":4,""characters"":[""A"",""B"",""C"",""D"",""E"",""F"",""G"",""H"",""I"",""K"",""L"",""M"",""N"",""O"",""P"",""R"",""S"",""T"",""U"",""W"",""X"",""Y""]}]","true","false","A_TRUE_GAP","0","0","0","0","0","0","[]","[]","","false","false"
"13","ar_to_en","1","45","0","7","across","6","??OA??","[{""position"":0,""characters"":[""A"",""B"",""C"",""D"",""E"",""F"",""G"",""H"",""I"",""K"",""L"",""M"",""N"",""O"",""P"",""R"",""S"",""T"",""U"",""V"",""W"",""Y""]},{""position"":1,""characters"":[""A"",""C"",""D"",""E"",""F"",""G"",""H"",""L"",""M"",""N"",""O"",""P"",""R"",""S"",""T"",""V"",""W"",""Y""]},{""position"":2,""characters"":[""O""]},{""position"":3,""characters"":[""A""]},{""position"":4,""characters"":[""A"",""D"",""E"",""F"",""K"",""L"",""N"",""T"",""W""]},{""position"":5,""characters"":[""A"",""B"",""L"",""N"",""P"",""R"",""T"",""W""]}]","true","false","A_TRUE_GAP","0","0","0","0","0","0","[]","[]","","false","false"
"13","ar_to_en","1","45","2","0","across","13","?????????IT??","[{""position"":0,""characters"":[""C"",""L"",""M"",""N"",""O"",""P"",""R"",""S""]},{""position"":1,""characters"":[""A"",""N"",""O"",""R""]},{""position"":2,""characters"":[""D"",""N"",""T""]},{""position"":3,""characters"":[""A"",""I"",""N"",""S"",""T""]},{""position"":4,""characters"":[""E"",""F"",""N"",""R"",""T""]},{""position"":5,""characters"":[""A"",""I"",""M"",""N"",""T""]},{""position"":6,""characters"":[""B"",""C"",""N"",""S"",""T""]},{""position"":7,""characters"":[""A"",""I"",""O"",""U""]},{""position"":8,""characters"":[""F"",""N"",""R"",""T""]},{""position"":9,""characters"":[""I""]},{""position"":10,""characters"":[""T""]},{""position"":11,""characters"":[""D"",""N"",""O""]},{""position"":12,""characters"":[""A"",""E"",""M"",""N"",""S""]}]","true","false","A_TRUE_GAP","0","0","0","0","0","0","[]","[]","","false","false"
"13","ar_to_en","1","45","1","7","across","6","??AR??","[{""position"":0,""characters"":[""A"",""E"",""H"",""O"",""T""]},{""position"":1,""characters"":[""C"",""G"",""L"",""R"",""T""]},{""position"":2,""characters"":[""A""]},{""position"":3,""characters"":[""R""]},{""position"":4,""characters"":[""A"",""L"",""O""]},{""position"":5,""characters"":[""D"",""E"",""H"",""I"",""P""]}]","true","false","A_TRUE_GAP","0","0","0","0","0","0","[]","[]","","false","false"
"13","ar_to_en","1","45","4","9","across","3","U??","[{""position"":0,""characters"":[""U""]},{""position"":1,""characters"":[""E"",""I"",""R"",""T""]},{""position"":2,""characters"":[""A"",""B"",""C"",""D"",""E"",""F"",""G"",""H"",""I"",""J"",""K"",""L"",""M"",""N"",""O"",""P"",""R"",""S"",""T"",""W"",""Y""]}]","true","false","A_TRUE_GAP","0","0","0","0","0","0","[]","[]","","false","false"
"13","ar_to_en","1","45","0","7","across","6","??M???","[{""position"":0,""characters"":[""A"",""D"",""E"",""F"",""G"",""H"",""L"",""M"",""O"",""P"",""R"",""S"",""Y""]},{""position"":1,""characters"":[""A"",""D"",""E"",""F"",""G"",""I"",""K"",""L"",""M"",""N"",""O"",""P"",""R"",""S"",""T"",""U"",""V"",""W"",""Y""]},{""position"":2,""characters"":[""M""]},{""position"":3,""characters"":[""S"",""T"",""Y""]},{""position"":4,""characters"":[""A"",""C"",""D"",""F"",""G"",""H"",""N"",""P"",""S"",""T"",""W""]},{""position"":5,""characters"":[""A"",""B"",""C"",""D"",""E"",""G"",""H"",""M"",""N"",""P"",""R"",""T"",""Y""]}]","true","false","A_TRUE_GAP","0","0","0","0","0","0","[]","[]","","false","false"
"13","ar_to_en","1","45","0","7","down","5","?????","[{""position"":0,""characters"":[""D"",""M"",""N"",""R""]},{""position"":1,""characters"":[""C"",""D"",""H"",""S""]},{""position"":2,""characters"":[""N"",""S"",""T""]},{""position"":3,""characters"":[""A"",""B"",""D"",""E"",""F"",""G"",""H"",""I"",""L"",""M"",""N"",""O"",""P"",""R"",""S"",""T"",""U""]},{""position"":4,""characters"":[""A"",""B"",""C"",""D"",""E"",""F"",""G"",""H"",""I"",""K"",""L"",""M"",""N"",""O"",""P"",""R"",""S"",""T"",""U"",""W"",""X"",""Y""]}]","true","false","A_TRUE_GAP","0","0","0","0","0","0","[]","[]","","false","false"
"13","ar_to_en","1","45","1","7","across","6","??V???","[{""position"":0,""characters"":[""A"",""B"",""C"",""D"",""E"",""F"",""G"",""H"",""I"",""K"",""L"",""M"",""N"",""O"",""P"",""R"",""S"",""T"",""U"",""V"",""W""]},{""position"":1,""characters"":[""A"",""C"",""D"",""E"",""I"",""L"",""M"",""N"",""O"",""R"",""T"",""U""]},{""position"":2,""characters"":[""V""]},{""position"":3,""characters"":[""N"",""O""]},{""position"":4,""characters"":[""A"",""D"",""E"",""F"",""G"",""H"",""I"",""L"",""N"",""O"",""U"",""W""]},{""position"":5,""characters"":[""A"",""C"",""D"",""E"",""G"",""H"",""I"",""K"",""L"",""N"",""O"",""P"",""R"",""S"",""T"",""U"",""W"",""Y""]}]","true","false","A_TRUE_GAP","0","0","0","0","0","0","[]","[]","","false","false"
"13","ar_to_en","1","45","8","7","across","4","??M?","[{""position"":0,""characters"":[""A"",""C"",""D"",""E"",""G"",""H"",""I"",""K"",""L"",""M"",""N"",""O"",""P"",""R"",""S"",""T"",""U"",""V"",""W""]},{""position"":1,""characters"":[""A"",""C"",""D"",""E"",""G"",""H"",""I"",""K"",""L"",""M"",""N"",""O"",""P"",""R"",""S"",""T"",""U"",""W"",""X""]},{""position"":2,""characters"":[""M""]},{""position"":3,""characters"":[""O"",""R"",""T""]}]","true","false","A_TRUE_GAP","0","0","0","0","0","0","[]","[]","","false","false"
"13","ar_to_en","1","45","4","9","across","3","M??","[{""position"":0,""characters"":[""M""]},{""position"":1,""characters"":[""N"",""O"",""T""]},{""position"":2,""characters"":[""A"",""B"",""C"",""D"",""E"",""F"",""G"",""H"",""I"",""J"",""K"",""L"",""M"",""N"",""O"",""P"",""R"",""S"",""T"",""W"",""Y""]}]","true","false","A_TRUE_GAP","0","0","0","0","0","0","[]","[]","","false","false"
"13","ar_to_en","1","45","0","11","down","3","???","[{""position"":0,""characters"":[""C"",""I""]},{""position"":1,""characters"":[""E"",""G"",""H"",""W""]},{""position"":2,""characters"":[""A"",""E"",""N""]}]","true","false","A_TRUE_GAP","0","0","0","0","0","0","[]","[]","","false","false"
"13","ar_to_en","1","45","4","9","across","3","O??","[{""position"":0,""characters"":[""O""]},{""position"":1,""characters"":[""C"",""R""]},{""position"":2,""characters"":[""A"",""B"",""C"",""D"",""E"",""F"",""G"",""H"",""I"",""J"",""K"",""L"",""M"",""N"",""O"",""P"",""R"",""S"",""T"",""W"",""Y""]}]","true","false","A_TRUE_GAP","0","0","0","0","0","0","[]","[]","","false","false"
"13","ar_to_en","1","45","3","5","across","6","????T?","[{""position"":0,""characters"":[""B"",""C"",""D"",""F"",""G"",""H"",""I"",""L"",""M"",""N"",""P"",""R"",""T"",""U"",""V"",""W""]},{""position"":1,""characters"":[""A"",""E"",""H"",""I"",""L"",""N"",""O"",""R"",""S"",""U"",""Y""]},{""position"":2,""characters"":[""A"",""C"",""D"",""E"",""G"",""I"",""K"",""N"",""O"",""R"",""S"",""T"",""U"",""W""]},{""position"":3,""characters"":[""A"",""B"",""C"",""D"",""E"",""F"",""G"",""H"",""K"",""L"",""M"",""N"",""P"",""R"",""S"",""T"",""V"",""W"",""Y""]},{""position"":4,""characters"":[""T""]},{""position"":5,""characters"":[""M"",""N""]}]","true","false","A_TRUE_GAP","0","0","0","0","0","0","[]","[]","","false","false"
"13","ar_to_en","1","45","0","7","across","6","??L???","[{""position"":0,""characters"":[""A"",""B"",""C"",""D"",""E"",""F"",""G"",""H"",""K"",""L"",""M"",""N"",""O"",""P"",""Q"",""R"",""S"",""T"",""U"",""V"",""W"",""Y""]},{""position"":1,""characters"":[""A"",""C"",""D"",""E"",""F"",""G"",""H"",""I"",""K"",""L"",""M"",""N"",""O"",""P"",""R"",""S"",""T"",""U"",""V"",""W"",""Y""]},{""position"":2,""characters"":[""L""]},{""position"":3,""characters"":[""D"",""P""]},{""position"":4,""characters"":[""A"",""C"",""D"",""E"",""F"",""G"",""H"",""I"",""K"",""L"",""M"",""N"",""O"",""P"",""R"",""S"",""T"",""U"",""W"",""Y""]},{""position"":5,""characters"":[""A"",""B"",""C"",""D"",""E"",""G"",""H"",""I"",""M"",""N"",""O"",""R"",""T"",""W"",""Y""]}]","true","false","A_TRUE_GAP","0","0","0","0","0","0","[]","[]","","false","false"
"13","ar_to_en","1","46","8","7","across","4","??F?","[{""position"":0,""characters"":[""A"",""B"",""C"",""D"",""E"",""G"",""H"",""I"",""K"",""L"",""M"",""N"",""O"",""P"",""R"",""S"",""T"",""U"",""V"",""W"",""Y""]},{""position"":1,""characters"":[""A"",""C"",""D"",""E"",""G"",""H"",""I"",""K"",""L"",""M"",""N"",""O"",""P"",""R"",""S"",""T"",""U"",""W"",""X""]},{""position"":2,""characters"":[""F""]},{""position"":3,""characters"":[""A"",""I"",""M"",""N"",""O"",""U""]}]","true","false","A_TRUE_GAP","0","0","0","0","0","0","[]","[]","","false","false"
"13","ar_to_en","1","46","0","7","across","6","??L???","[{""position"":0,""characters"":[""A"",""B"",""C"",""D"",""E"",""F"",""G"",""H"",""K"",""L"",""M"",""N"",""O"",""P"",""Q"",""R"",""S"",""T"",""U"",""V"",""W"",""Y""]},{""position"":1,""characters"":[""A"",""C"",""D"",""E"",""F"",""G"",""H"",""I"",""K"",""L"",""M"",""N"",""O"",""P"",""R"",""S"",""T"",""U"",""V"",""W"",""Y""]},{""position"":2,""characters"":[""L""]},{""position"":3,""characters"":[""D"",""P"",""S""]},{""position"":4,""characters"":[""A"",""C"",""D"",""E"",""F"",""G"",""H"",""I"",""K"",""L"",""M"",""N"",""O"",""P"",""R"",""S"",""T"",""U"",""W"",""Y""]},{""position"":5,""characters"":[""A"",""B"",""C"",""D"",""E"",""G"",""H"",""I"",""M"",""N"",""O"",""R"",""T"",""W"",""Y""]}]","true","false","A_TRUE_GAP","0","0","0","0","0","0","[]","[]","","false","false"
"13","ar_to_en","1","46","9","9","across","3","I??","[{""position"":0,""characters"":[""I""]},{""position"":1,""characters"":[""E"",""F"",""O"",""P"",""U""]},{""position"":2,""characters"":[""A"",""B"",""C"",""D"",""E"",""F"",""G"",""H"",""I"",""J"",""K"",""L"",""M"",""N"",""O"",""P"",""R"",""S"",""T"",""U"",""W"",""Y""]}]","true","false","A_TRUE_GAP","0","0","0","0","0","0","[]","[]","","false","false"
"13","ar_to_en","1","46","8","7","across","4","??F?","[{""position"":0,""characters"":[""A"",""D"",""E"",""I"",""L"",""M"",""O"",""R"",""S"",""T""]},{""position"":1,""characters"":[""A"",""C"",""D"",""E"",""G"",""H"",""I"",""K"",""L"",""M"",""N"",""O"",""P"",""R"",""S"",""T"",""U"",""W"",""X""]},{""position"":2,""characters"":[""F""]},{""position"":3,""characters"":[""A"",""I"",""N"",""U""]}]","true","false","A_TRUE_GAP","0","0","0","0","0","0","[]","[]","","false","false"
"13","ar_to_en","1","46","0","7","down","5","?????","[{""position"":0,""characters"":[""C"",""D"",""R""]},{""position"":1,""characters"":[""C"",""E"",""P""]},{""position"":2,""characters"":[""A"",""I"",""U""]},{""position"":3,""characters"":[""A"",""E""]},{""position"":4,""characters"":[""A"",""B"",""C"",""D"",""E"",""F"",""G"",""H"",""I"",""K"",""L"",""M"",""N"",""O"",""P"",""R"",""S"",""T"",""U"",""W"",""X"",""Y""]}]","true","false","A_TRUE_GAP","0","0","0","0","0","0","[]","[]","","false","false"
"13","ar_to_en","1","46","0","7","across","6","??OA??","[{""position"":0,""characters"":[""A"",""B"",""C"",""D"",""E"",""F"",""G"",""H"",""I"",""K"",""L"",""M"",""N"",""O"",""P"",""R"",""S"",""T"",""U"",""V"",""W"",""Y""]},{""position"":1,""characters"":[""A"",""C"",""D"",""E"",""F"",""G"",""H"",""L"",""M"",""N"",""O"",""P"",""R"",""S"",""T"",""V"",""W"",""Y""]},{""position"":2,""characters"":[""O""]},{""position"":3,""characters"":[""A""]},{""position"":4,""characters"":[""A"",""D"",""E"",""F"",""K"",""L"",""N"",""T"",""W""]},{""position"":5,""characters"":[""A"",""B"",""L"",""N"",""P"",""R"",""T"",""W""]}]","true","false","A_TRUE_GAP","0","0","0","0","0","0","[]","[]","","false","false"
"13","ar_to_en","1","46","2","0","across","13","?????????IT??","[{""position"":0,""characters"":[""C"",""L"",""M"",""N"",""O"",""P"",""R"",""S""]},{""position"":1,""characters"":[""A"",""N"",""O"",""R""]},{""position"":2,""characters"":[""D"",""N"",""T""]},{""position"":3,""characters"":[""A"",""I"",""N"",""S"",""T""]},{""position"":4,""characters"":[""E"",""F"",""N"",""R"",""T""]},{""position"":5,""characters"":[""A"",""I"",""M"",""N"",""T""]},{""position"":6,""characters"":[""B"",""C"",""N"",""S"",""T""]},{""position"":7,""characters"":[""A"",""I"",""O"",""U""]},{""position"":8,""characters"":[""F"",""N"",""R"",""T""]},{""position"":9,""characters"":[""I""]},{""position"":10,""characters"":[""T""]},{""position"":11,""characters"":[""D"",""N"",""O""]},{""position"":12,""characters"":[""A"",""E"",""M"",""N"",""S""]}]","true","false","A_TRUE_GAP","0","0","0","0","0","0","[]","[]","","false","false"
"13","ar_to_en","1","46","1","7","across","6","??AR??","[{""position"":0,""characters"":[""A"",""E"",""H"",""O"",""T""]},{""position"":1,""characters"":[""C"",""G"",""L"",""R"",""T""]},{""position"":2,""characters"":[""A""]},{""position"":3,""characters"":[""R""]},{""position"":4,""characters"":[""A"",""L"",""O""]},{""position"":5,""characters"":[""D"",""E"",""H"",""I"",""P""]}]","true","false","A_TRUE_GAP","0","0","0","0","0","0","[]","[]","","false","false"
"13","ar_to_en","1","46","4","9","across","3","U??","[{""position"":0,""characters"":[""U""]},{""position"":1,""characters"":[""E"",""I"",""R"",""T""]},{""position"":2,""characters"":[""A"",""B"",""C"",""D"",""E"",""F"",""G"",""H"",""I"",""J"",""K"",""L"",""M"",""N"",""O"",""P"",""R"",""S"",""T"",""W"",""Y""]}]","true","false","A_TRUE_GAP","0","0","0","0","0","0","[]","[]","","false","false"
"13","ar_to_en","1","46","0","7","across","6","??M???","[{""position"":0,""characters"":[""A"",""D"",""E"",""F"",""G"",""H"",""L"",""M"",""O"",""P"",""R"",""S"",""Y""]},{""position"":1,""characters"":[""A"",""D"",""E"",""F"",""G"",""I"",""K"",""L"",""M"",""N"",""O"",""P"",""R"",""S"",""T"",""U"",""V"",""W"",""Y""]},{""position"":2,""characters"":[""M""]},{""position"":3,""characters"":[""S"",""T"",""Y""]},{""position"":4,""characters"":[""A"",""C"",""D"",""F"",""G"",""H"",""N"",""P"",""S"",""T"",""W""]},{""position"":5,""characters"":[""A"",""B"",""C"",""D"",""E"",""G"",""H"",""M"",""N"",""P"",""R"",""T"",""Y""]}]","true","false","A_TRUE_GAP","0","0","0","0","0","0","[]","[]","","false","false"
"13","ar_to_en","1","46","0","7","down","5","?????","[{""position"":0,""characters"":[""D"",""M"",""N"",""R""]},{""position"":1,""characters"":[""C"",""D"",""H"",""S""]},{""position"":2,""characters"":[""N"",""S"",""T""]},{""position"":3,""characters"":[""A"",""B"",""D"",""E"",""F"",""G"",""H"",""I"",""L"",""M"",""N"",""O"",""P"",""R"",""S"",""T"",""U""]},{""position"":4,""characters"":[""A"",""B"",""C"",""D"",""E"",""F"",""G"",""H"",""I"",""K"",""L"",""M"",""N"",""O"",""P"",""R"",""S"",""T"",""U"",""W"",""X"",""Y""]}]","true","false","A_TRUE_GAP","0","0","0","0","0","0","[]","[]","","false","false"
"13","ar_to_en","1","46","1","7","across","6","??V???","[{""position"":0,""characters"":[""A"",""B"",""C"",""D"",""E"",""F"",""G"",""H"",""I"",""K"",""L"",""M"",""N"",""O"",""P"",""R"",""S"",""T"",""U"",""V"",""W""]},{""position"":1,""characters"":[""A"",""C"",""D"",""E"",""I"",""L"",""M"",""N"",""O"",""R"",""T"",""U""]},{""position"":2,""characters"":[""V""]},{""position"":3,""characters"":[""N"",""O""]},{""position"":4,""characters"":[""A"",""D"",""E"",""F"",""G"",""H"",""I"",""L"",""N"",""O"",""U"",""W""]},{""position"":5,""characters"":[""A"",""C"",""D"",""E"",""G"",""H"",""I"",""K"",""L"",""N"",""O"",""P"",""R"",""S"",""T"",""U"",""W"",""Y""]}]","true","false","A_TRUE_GAP","0","0","0","0","0","0","[]","[]","","false","false"
"13","ar_to_en","1","46","8","7","across","4","??M?","[{""position"":0,""characters"":[""A"",""C"",""D"",""E"",""G"",""H"",""I"",""K"",""L"",""M"",""N"",""O"",""P"",""R"",""S"",""T"",""U"",""V"",""W""]},{""position"":1,""characters"":[""A"",""C"",""D"",""E"",""G"",""H"",""I"",""K"",""L"",""M"",""N"",""O"",""P"",""R"",""S"",""T"",""U"",""W"",""X""]},{""position"":2,""characters"":[""M""]},{""position"":3,""characters"":[""O"",""R"",""T""]}]","true","false","A_TRUE_GAP","0","0","0","0","0","0","[]","[]","","false","false"
"13","ar_to_en","1","46","4","9","across","3","M??","[{""position"":0,""characters"":[""M""]},{""position"":1,""characters"":[""N"",""O"",""T""]},{""position"":2,""characters"":[""A"",""B"",""C"",""D"",""E"",""F"",""G"",""H"",""I"",""J"",""K"",""L"",""M"",""N"",""O"",""P"",""R"",""S"",""T"",""W"",""Y""]}]","true","false","A_TRUE_GAP","0","0","0","0","0","0","[]","[]","","false","false"
"13","ar_to_en","1","46","0","11","down","3","???","[{""position"":0,""characters"":[""C"",""I""]},{""position"":1,""characters"":[""E"",""G"",""H"",""W""]},{""position"":2,""characters"":[""A"",""E"",""N""]}]","true","false","A_TRUE_GAP","0","0","0","0","0","0","[]","[]","","false","false"
"13","ar_to_en","1","46","4","9","across","3","O??","[{""position"":0,""characters"":[""O""]},{""position"":1,""characters"":[""C"",""R""]},{""position"":2,""characters"":[""A"",""B"",""C"",""D"",""E"",""F"",""G"",""H"",""I"",""J"",""K"",""L"",""M"",""N"",""O"",""P"",""R"",""S"",""T"",""W"",""Y""]}]","true","false","A_TRUE_GAP","0","0","0","0","0","0","[]","[]","","false","false"
"13","ar_to_en","1","46","3","5","across","6","????T?","[{""position"":0,""characters"":[""B"",""C"",""D"",""F"",""G"",""H"",""I"",""L"",""M"",""N"",""P"",""R"",""T"",""U"",""V"",""W""]},{""position"":1,""characters"":[""A"",""E"",""H"",""I"",""L"",""N"",""O"",""R"",""S"",""U"",""Y""]},{""position"":2,""characters"":[""A"",""C"",""D"",""E"",""G"",""I"",""K"",""N"",""O"",""R"",""S"",""T"",""U"",""W""]},{""position"":3,""characters"":[""A"",""B"",""C"",""D"",""E"",""F"",""G"",""H"",""K"",""L"",""M"",""N"",""P"",""R"",""S"",""T"",""V"",""W"",""Y""]},{""position"":4,""characters"":[""T""]},{""position"":5,""characters"":[""M"",""N""]}]","true","false","A_TRUE_GAP","0","0","0","0","0","0","[]","[]","","false","false"
"13","ar_to_en","1","46","0","7","across","6","??L???","[{""position"":0,""characters"":[""A"",""B"",""C"",""D"",""E"",""F"",""G"",""H"",""K"",""L"",""M"",""N"",""O"",""P"",""Q"",""R"",""S"",""T"",""U"",""V"",""W"",""Y""]},{""position"":1,""characters"":[""A"",""C"",""D"",""E"",""F"",""G"",""H"",""I"",""K"",""L"",""M"",""N"",""O"",""P"",""R"",""S"",""T"",""U"",""V"",""W"",""Y""]},{""position"":2,""characters"":[""L""]},{""position"":3,""characters"":[""D"",""P""]},{""position"":4,""characters"":[""A"",""C"",""D"",""E"",""F"",""G"",""H"",""I"",""K"",""L"",""M"",""N"",""O"",""P"",""R"",""S"",""T"",""U"",""W"",""Y""]},{""position"":5,""characters"":[""A"",""B"",""C"",""D"",""E"",""G"",""H"",""I"",""M"",""N"",""O"",""R"",""T"",""W"",""Y""]}]","true","false","A_TRUE_GAP","0","0","0","0","0","0","[]","[]","","false","false"
"13","ar_to_en","1","47","7","3","down","6","E??O??","[{""position"":0,""characters"":[""E""]},{""position"":1,""characters"":[""C"",""D"",""E"",""F"",""H"",""I"",""K"",""L"",""M"",""N"",""O"",""P"",""R"",""S"",""T"",""U"",""W"",""Y""]},{""position"":2,""characters"":[""A"",""C"",""D"",""E"",""G"",""H"",""I"",""K"",""L"",""M"",""O"",""P"",""R"",""S"",""T"",""U""]},{""position"":3,""characters"":[""O""]},{""position"":4,""characters"":[""A"",""P"",""S"",""T"",""Y""]},{""position"":5,""characters"":[""B"",""C"",""D"",""E"",""F"",""G"",""H"",""J"",""K"",""L"",""M"",""N"",""O"",""P"",""R"",""S"",""T"",""W"",""Y""]}]","true","false","A_TRUE_GAP","0","0","0","0","0","0","[]","[]","","false","false"
"13","ar_to_en","1","47","0","10","down","13","??I???????I??","[{""position"":0,""characters"":[""A"",""C"",""D"",""E"",""G"",""I"",""L"",""N"",""O"",""P"",""R"",""S"",""T"",""U"",""Y""]},{""position"":1,""characters"":[""A"",""C"",""D"",""E"",""I"",""L"",""N"",""O"",""P"",""R"",""T"",""U""]},{""position"":2,""characters"":[""I""]},{""position"":3,""characters"":[""A"",""C"",""D"",""E"",""F"",""I"",""M"",""N"",""O"",""R"",""S"",""T"",""U""]},{""position"":4,""characters"":[""A"",""C"",""E"",""F"",""I"",""M"",""N"",""O"",""R"",""T"",""U""]},{""position"":5,""characters"":[""A"",""C"",""D"",""E"",""F"",""G"",""I"",""M"",""N"",""O"",""P"",""R"",""S"",""T"",""U"",""X""]},{""position"":6,""characters"":[""A"",""B"",""C"",""I"",""L"",""N"",""O"",""S"",""T"",""U""]},{""position"":7,""characters"":[""A"",""C"",""D"",""E"",""F"",""G"",""I"",""L"",""M"",""N"",""O"",""P"",""R"",""S"",""T"",""U"",""X""]},{""position"":8,""characters"":[""A"",""C"",""E"",""F"",""I"",""M"",""N"",""O"",""R"",""T"",""U""]},{""position"":9,""characters"":[""A"",""C"",""D"",""E"",""F"",""I"",""M"",""N"",""O"",""R"",""S"",""T"",""U""]},{""position"":10,""characters"":[""I""]},{""position"":11,""characters"":[""A"",""C"",""D"",""E"",""I"",""L"",""N"",""O"",""P"",""R"",""T"",""U""]},{""position"":12,""characters"":[""A"",""C"",""D"",""E"",""G"",""I"",""L"",""M"",""N"",""O"",""P"",""R"",""S"",""T"",""U"",""Y""]}]","true","false","A_TRUE_GAP","0","0","0","0","0","0","[]","[]","","false","false"
"13","ar_to_en","1","47","2","0","across","13","??G??????????","[{""position"":0,""characters"":[""A"",""C"",""D"",""E"",""G"",""I"",""L"",""M"",""N"",""O"",""P"",""R"",""S"",""T"",""U"",""Y""]},{""position"":1,""characters"":[""A"",""C"",""D"",""E"",""I"",""L"",""N"",""O"",""P"",""R"",""T"",""U""]},{""position"":2,""characters"":[""G""]},{""position"":3,""characters"":[""A"",""C"",""D"",""E"",""F"",""I"",""M"",""N"",""O"",""P"",""R"",""S"",""T"",""U""]},{""position"":4,""characters"":[""A"",""C"",""E"",""F"",""I"",""M"",""N"",""O"",""R"",""T"",""U""]},{""position"":5,""characters"":[""A"",""C"",""D"",""E"",""F"",""G"",""I"",""L"",""M"",""N"",""O"",""P"",""R"",""S"",""T"",""U"",""X""]},{""position"":6,""characters"":[""A"",""B"",""C"",""H"",""I"",""L"",""N"",""O"",""S"",""T"",""U""]},{""position"":7,""characters"":[""A"",""C"",""D"",""E"",""F"",""G"",""I"",""L"",""M"",""N"",""O"",""P"",""R"",""S"",""T"",""U"",""X""]},{""position"":8,""characters"":[""A"",""C"",""E"",""F"",""I"",""M"",""N"",""O"",""R"",""T"",""U""]},{""position"":9,""characters"":[""A"",""C"",""D"",""E"",""F"",""I"",""M"",""N"",""O"",""R"",""S"",""T"",""U""]},{""position"":10,""characters"":[""A"",""C"",""D"",""E"",""I"",""L"",""M"",""N"",""O"",""P"",""R"",""S"",""T"",""V""]},{""position"":11,""characters"":[""A"",""C"",""D"",""E"",""I"",""L"",""N"",""O"",""P"",""R"",""T"",""U"",""V""]},{""position"":12,""characters"":[""A"",""C"",""D"",""E"",""G"",""I"",""L"",""M"",""N"",""O"",""P"",""R"",""S"",""T"",""U"",""Y""]}]","true","false","B_USED_EXHAUSTION","1","1","1","0","0","0","[""ORGANISATIONS""]","[]","100","false","false"
"13","ar_to_en","1","47","10","0","across","13","??G??????????","[{""position"":0,""characters"":[""A"",""C"",""D"",""E"",""G"",""I"",""L"",""M"",""N"",""O"",""P"",""R"",""S"",""T"",""U"",""Y""]},{""position"":1,""characters"":[""A"",""C"",""D"",""E"",""I"",""L"",""N"",""O"",""P"",""R"",""T"",""U"",""V""]},{""position"":2,""characters"":[""G""]},{""position"":3,""characters"":[""A"",""C"",""D"",""E"",""F"",""I"",""M"",""N"",""O"",""R"",""S"",""T"",""U""]},{""position"":4,""characters"":[""A"",""C"",""E"",""F"",""I"",""M"",""N"",""O"",""R"",""T"",""U""]},{""position"":5,""characters"":[""A"",""C"",""D"",""E"",""F"",""G"",""I"",""L"",""M"",""N"",""O"",""P"",""R"",""S"",""T"",""U"",""X""]},{""position"":6,""characters"":[""A"",""B"",""C"",""H"",""I"",""L"",""N"",""O"",""S"",""T"",""U""]},{""position"":7,""characters"":[""A"",""C"",""D"",""E"",""F"",""G"",""I"",""L"",""M"",""N"",""O"",""P"",""R"",""S"",""T"",""U"",""X""]},{""position"":8,""characters"":[""A"",""C"",""E"",""F"",""I"",""M"",""N"",""O"",""R"",""T"",""U""]},{""position"":9,""characters"":[""A"",""C"",""D"",""E"",""F"",""I"",""M"",""N"",""O"",""P"",""R"",""S"",""T"",""U""]},{""position"":10,""characters"":[""A"",""C"",""D"",""E"",""I"",""L"",""M"",""N"",""O"",""P"",""R"",""S"",""T"",""V""]},{""position"":11,""characters"":[""A"",""C"",""D"",""E"",""I"",""L"",""N"",""O"",""P"",""R"",""T"",""U""]},{""position"":12,""characters"":[""A"",""C"",""D"",""E"",""G"",""I"",""L"",""M"",""N"",""O"",""P"",""R"",""S"",""T"",""U"",""Y""]}]","true","false","B_USED_EXHAUSTION","1","1","1","0","0","0","[""ORGANISATIONS""]","[]","100","false","false"
"13","ar_to_en","1","47","5","0","across","4","??M?","[{""position"":0,""characters"":[""A"",""C"",""G"",""H"",""N""]},{""position"":1,""characters"":[""I"",""R""]},{""position"":2,""characters"":[""M""]},{""position"":3,""characters"":[""E"",""P""]}]","true","false","A_TRUE_GAP","0","0","0","0","0","0","[]","[]","","false","false"
"13","ar_to_en","1","47","0","1","down","3","??O","[{""position"":0,""characters"":[""O"",""S""]},{""position"":1,""characters"":[""A"",""E"",""I"",""N"",""O"",""U"",""W""]},{""position"":2,""characters"":[""O""]}]","true","false","A_TRUE_GAP","0","0","0","0","0","0","[]","[]","","false","false"
"13","ar_to_en","1","47","8","0","across","6","??TO??","[{""position"":0,""characters"":[""A"",""B"",""C"",""D"",""E"",""H"",""I"",""M"",""N"",""R"",""T"",""W"",""Y""]},{""position"":1,""characters"":[""A"",""H"",""T"",""X""]},{""position"":2,""characters"":[""T""]},{""position"":3,""characters"":[""O""]},{""position"":4,""characters"":[""A"",""D"",""E"",""H"",""I"",""L"",""N"",""O"",""R"",""S"",""U"",""V"",""Y""]},{""position"":5,""characters"":[""B"",""C"",""D"",""E"",""F"",""G"",""H"",""K"",""L"",""M"",""N"",""P"",""R"",""S"",""T"",""U"",""W""]}]","true","false","A_TRUE_GAP","0","0","0","0","0","0","[]","[]","","false","false"
"13","ar_to_en","1","47","8","1","down","5","?T???","[{""position"":0,""characters"":[""A"",""M""]},{""position"":1,""characters"":[""T""]},{""position"":2,""characters"":[""E"",""N"",""O"",""V""]},{""position"":3,""characters"":[""I"",""N"",""T""]},{""position"":4,""characters"":[""A"",""G""]}]","true","false","A_TRUE_GAP","0","0","0","0","0","0","[]","[]","","false","false"
"13","ar_to_en","1","47","2","3","down","4","????","[{""position"":0,""characters"":[""N"",""O""]},{""position"":1,""characters"":[""N"",""S""]},{""position"":2,""characters"":[""A"",""E"",""I"",""O"",""U""]},{""position"":3,""characters"":[""A"",""B"",""C"",""D"",""E"",""F"",""G"",""H"",""K"",""L"",""M"",""N"",""P"",""R"",""S"",""T"",""V"",""W"",""Y""]}]","true","false","A_TRUE_GAP","0","0","0","0","0","0","[]","[]","","false","false"
"13","ar_to_en","1","48","8","1","down","5","?T???","[{""position"":0,""characters"":[""A"",""M""]},{""position"":1,""characters"":[""T""]},{""position"":2,""characters"":[""E"",""N"",""O"",""V""]},{""position"":3,""characters"":[""I"",""N"",""T""]},{""position"":4,""characters"":[""A"",""G""]}]","true","false","A_TRUE_GAP","0","0","0","0","0","0","[]","[]","","false","false"
"13","ar_to_en","1","48","2","3","down","4","????","[{""position"":0,""characters"":[""N"",""O""]},{""position"":1,""characters"":[""N"",""S""]},{""position"":2,""characters"":[""A"",""E"",""I"",""O"",""U""]},{""position"":3,""characters"":[""A"",""B"",""C"",""D"",""E"",""F"",""G"",""H"",""K"",""L"",""M"",""N"",""P"",""R"",""S"",""T"",""V"",""W"",""Y""]}]","true","false","A_TRUE_GAP","0","0","0","0","0","0","[]","[]","","false","false"
"13","ar_to_en","1","48","2","0","across","13","??T??????????","[{""position"":0,""characters"":[""A"",""D"",""E"",""I"",""L"",""R""]},{""position"":1,""characters"":[""A"",""E"",""N"",""O""]},{""position"":2,""characters"":[""T""]},{""position"":3,""characters"":[""A"",""E"",""O""]},{""position"":4,""characters"":[""E"",""M""]},{""position"":5,""characters"":[""A"",""N"",""T""]},{""position"":6,""characters"":[""A"",""I"",""N"",""S"",""T""]},{""position"":7,""characters"":[""I"",""N"",""O"",""T""]},{""position"":8,""characters"":[""A"",""C"",""I"",""N"",""R""]},{""position"":9,""characters"":[""A"",""I"",""M"",""O"",""T""]},{""position"":10,""characters"":[""E"",""I"",""M"",""N"",""V""]},{""position"":11,""characters"":[""A"",""D"",""L"",""N"",""O""]},{""position"":12,""characters"":[""A"",""E"",""L"",""N"",""T"",""Y""]}]","true","false","A_TRUE_GAP","0","0","0","0","0","0","[]","[]","","false","false"
"13","ar_to_en","1","48","1","0","across","3","?NE","[{""position"":0,""characters"":[""A"",""E"",""G"",""L""]},{""position"":1,""characters"":[""N""]},{""position"":2,""characters"":[""E""]}]","true","false","A_TRUE_GAP","0","0","0","0","0","0","[]","[]","","false","false"
"13","ar_to_en","1","49","0","1","down","3","??O","[{""position"":0,""characters"":[""O"",""S""]},{""position"":1,""characters"":[""A"",""E"",""I"",""N"",""O"",""U"",""W""]},{""position"":2,""characters"":[""O""]}]","true","false","A_TRUE_GAP","0","0","0","0","0","0","[]","[]","","false","false"
"13","ar_to_en","1","49","8","0","across","6","??TO??","[{""position"":0,""characters"":[""A"",""B"",""C"",""D"",""E"",""H"",""I"",""M"",""N"",""R"",""T"",""W"",""Y""]},{""position"":1,""characters"":[""A"",""H"",""T"",""X""]},{""position"":2,""characters"":[""T""]},{""position"":3,""characters"":[""O""]},{""position"":4,""characters"":[""A"",""D"",""E"",""H"",""I"",""L"",""N"",""O"",""R"",""S"",""U"",""V"",""Y""]},{""position"":5,""characters"":[""B"",""C"",""D"",""E"",""F"",""G"",""H"",""K"",""L"",""M"",""N"",""P"",""R"",""S"",""T"",""U"",""W""]}]","true","false","A_TRUE_GAP","0","0","0","0","0","0","[]","[]","","false","false"
"13","ar_to_en","1","49","8","1","down","5","?T???","[{""position"":0,""characters"":[""A"",""M""]},{""position"":1,""characters"":[""T""]},{""position"":2,""characters"":[""E"",""N"",""O"",""V""]},{""position"":3,""characters"":[""I"",""N"",""T""]},{""position"":4,""characters"":[""A"",""G""]}]","true","false","A_TRUE_GAP","0","0","0","0","0","0","[]","[]","","false","false"
"13","ar_to_en","1","49","2","3","down","4","????","[{""position"":0,""characters"":[""N"",""O""]},{""position"":1,""characters"":[""N"",""S""]},{""position"":2,""characters"":[""A"",""E"",""I"",""O"",""U""]},{""position"":3,""characters"":[""A"",""B"",""C"",""D"",""E"",""F"",""G"",""H"",""K"",""L"",""M"",""N"",""P"",""R"",""S"",""T"",""V"",""W"",""Y""]}]","true","false","A_TRUE_GAP","0","0","0","0","0","0","[]","[]","","false","false"
"13","ar_to_en","1","49","2","0","across","13","??T??????????","[{""position"":0,""characters"":[""A"",""D"",""E"",""I"",""L"",""R""]},{""position"":1,""characters"":[""A"",""E"",""N"",""O""]},{""position"":2,""characters"":[""T""]},{""position"":3,""characters"":[""A"",""E"",""O""]},{""position"":4,""characters"":[""E"",""M""]},{""position"":5,""characters"":[""A"",""N"",""T""]},{""position"":6,""characters"":[""A"",""I"",""N"",""S"",""T""]},{""position"":7,""characters"":[""I"",""N"",""O"",""T""]},{""position"":8,""characters"":[""A"",""C"",""I"",""N"",""R""]},{""position"":9,""characters"":[""A"",""I"",""M"",""O"",""T""]},{""position"":10,""characters"":[""E"",""I"",""M"",""N"",""V""]},{""position"":11,""characters"":[""A"",""D"",""L"",""N"",""O""]},{""position"":12,""characters"":[""A"",""E"",""L"",""N"",""T"",""Y""]}]","true","false","A_TRUE_GAP","0","0","0","0","0","0","[]","[]","","false","false"
"13","ar_to_en","1","50","0","0","across","6","?SA???","[{""position"":0,""characters"":[""K"",""L""]},{""position"":1,""characters"":[""S""]},{""position"":2,""characters"":[""A""]},{""position"":3,""characters"":[""R"",""T""]},{""position"":4,""characters"":[""A"",""C"",""D"",""G"",""P"",""S"",""T""]},{""position"":5,""characters"":[""A"",""D"",""H"",""L"",""P"",""Y""]}]","true","false","A_TRUE_GAP","0","0","0","0","0","0","[]","[]","","false","false"
"13","ar_to_en","1","50","0","10","down","13","??I???????I??","[{""position"":0,""characters"":[""A"",""C"",""D"",""E"",""G"",""I"",""L"",""M"",""N"",""O"",""P"",""R"",""S"",""T"",""U"",""Y""]},{""position"":1,""characters"":[""A"",""C"",""D"",""E"",""I"",""L"",""N"",""O"",""P"",""R"",""T"",""U"",""V""]},{""position"":2,""characters"":[""I""]},{""position"":3,""characters"":[""A"",""C"",""D"",""E"",""F"",""I"",""M"",""N"",""O"",""P"",""R"",""S"",""T"",""U""]},{""position"":4,""characters"":[""A"",""E"",""F"",""I"",""M"",""N"",""O"",""R"",""T"",""U""]},{""position"":5,""characters"":[""A"",""C"",""E"",""F"",""G"",""I"",""L"",""M"",""N"",""O"",""P"",""R"",""S"",""T"",""U""]},{""position"":6,""characters"":[""A"",""B"",""C"",""H"",""I"",""L"",""N"",""O"",""S"",""T"",""U""]},{""position"":7,""characters"":[""A"",""C"",""D"",""E"",""F"",""G"",""I"",""L"",""M"",""N"",""O"",""P"",""R"",""S"",""T"",""U"",""X""]},{""position"":8,""characters"":[""A"",""C"",""E"",""F"",""I"",""N"",""O"",""R"",""T"",""U""]},{""position"":9,""characters"":[""A"",""C"",""D"",""E"",""F"",""I"",""N"",""O"",""P"",""R"",""S"",""T"",""U""]},{""position"":10,""characters"":[""I""]},{""position"":11,""characters"":[""A"",""D"",""E"",""I"",""L"",""N"",""O"",""P"",""R"",""U"",""V""]},{""position"":12,""characters"":[""A"",""C"",""D"",""E"",""G"",""I"",""L"",""M"",""N"",""O"",""P"",""R"",""S"",""U"",""Y""]}]","true","false","A_TRUE_GAP","0","0","0","0","0","0","[]","[]","","false","false"
"13","ar_to_en","1","50","0","0","across","6","?PO???","[{""position"":0,""characters"":[""A"",""D"",""E""]},{""position"":1,""characters"":[""P""]},{""position"":2,""characters"":[""O""]},{""position"":3,""characters"":[""B"",""C"",""E"",""H"",""I"",""K"",""L"",""N"",""P"",""S""]},{""position"":4,""characters"":[""C"",""F"",""I"",""M"",""O"",""P"",""R"",""S"",""T""]},{""position"":5,""characters"":[""E"",""L""]}]","true","false","A_TRUE_GAP","0","0","0","0","0","0","[]","[]","","false","false"
"13","ar_to_en","1","50","12","0","across","5","??DR?","[{""position"":0,""characters"":[""A"",""C"",""D"",""H"",""L"",""M"",""O"",""S"",""T"",""W"",""Y""]},{""position"":1,""characters"":[""A"",""D"",""E"",""I"",""O"",""T"",""U""]},{""position"":2,""characters"":[""D""]},{""position"":3,""characters"":[""R""]},{""position"":4,""characters"":[""A"",""D"",""L""]}]","true","false","A_TRUE_GAP","0","0","0","0","0","0","[]","[]","","false","false"
"13","ar_to_en","1","51","0","10","down","13","??I???????I??","[{""position"":0,""characters"":[""A"",""C"",""D"",""E"",""G"",""I"",""L"",""M"",""N"",""O"",""P"",""R"",""S"",""T"",""U"",""Y""]},{""position"":1,""characters"":[""A"",""C"",""D"",""E"",""I"",""L"",""N"",""O"",""P"",""R"",""T"",""U"",""V""]},{""position"":2,""characters"":[""I""]},{""position"":3,""characters"":[""A"",""C"",""D"",""E"",""F"",""I"",""M"",""N"",""O"",""P"",""R"",""S"",""T"",""U""]},{""position"":4,""characters"":[""A"",""E"",""F"",""I"",""M"",""N"",""O"",""R"",""T"",""U""]},{""position"":5,""characters"":[""A"",""C"",""E"",""F"",""G"",""I"",""L"",""M"",""N"",""O"",""P"",""R"",""S"",""T"",""U""]},{""position"":6,""characters"":[""A"",""B"",""C"",""H"",""I"",""L"",""N"",""O"",""S"",""T"",""U""]},{""position"":7,""characters"":[""A"",""C"",""D"",""E"",""F"",""G"",""I"",""L"",""M"",""N"",""O"",""P"",""R"",""S"",""T"",""U"",""X""]},{""position"":8,""characters"":[""A"",""C"",""E"",""F"",""I"",""N"",""O"",""R"",""T"",""U""]},{""position"":9,""characters"":[""A"",""C"",""D"",""E"",""F"",""I"",""N"",""O"",""P"",""R"",""S"",""T"",""U""]},{""position"":10,""characters"":[""I""]},{""position"":11,""characters"":[""A"",""D"",""E"",""I"",""L"",""N"",""O"",""P"",""R"",""U"",""V""]},{""position"":12,""characters"":[""A"",""C"",""D"",""E"",""G"",""I"",""L"",""M"",""N"",""O"",""P"",""R"",""S"",""U"",""Y""]}]","true","false","A_TRUE_GAP","0","0","0","0","0","0","[]","[]","","false","false"
"13","ar_to_en","1","51","0","0","across","6","?PO???","[{""position"":0,""characters"":[""A"",""D"",""E""]},{""position"":1,""characters"":[""P""]},{""position"":2,""characters"":[""O""]},{""position"":3,""characters"":[""B"",""C"",""E"",""H"",""I"",""K"",""L"",""N"",""P"",""S""]},{""position"":4,""characters"":[""C"",""F"",""I"",""M"",""O"",""P"",""R"",""S"",""T""]},{""position"":5,""characters"":[""E"",""L""]}]","true","false","A_TRUE_GAP","0","0","0","0","0","0","[]","[]","","false","false"
"13","ar_to_en","1","51","12","0","across","5","??DR?","[{""position"":0,""characters"":[""A"",""C"",""D"",""H"",""L"",""M"",""O"",""S"",""T"",""W"",""Y""]},{""position"":1,""characters"":[""A"",""D"",""E"",""I"",""O"",""T"",""U""]},{""position"":2,""characters"":[""D""]},{""position"":3,""characters"":[""R""]},{""position"":4,""characters"":[""A"",""D"",""L""]}]","true","false","A_TRUE_GAP","0","0","0","0","0","0","[]","[]","","false","false"
"13","ar_to_en","1","51","0","1","down","8","????????","[{""position"":0,""characters"":[""A"",""C"",""D"",""E"",""G"",""I"",""K"",""N"",""O"",""T"",""W""]},{""position"":1,""characters"":[""E"",""H"",""L"",""M"",""N"",""O"",""P"",""R"",""S"",""T"",""U"",""V""]},{""position"":2,""characters"":[""E"",""N"",""O""]},{""position"":3,""characters"":[""A"",""B"",""D"",""E"",""F"",""G"",""H"",""K"",""L"",""M"",""N"",""O"",""P"",""R"",""S"",""T"",""W""]},{""position"":4,""characters"":[""F"",""O""]},{""position"":5,""characters"":[""C"",""L"",""N""]},{""position"":6,""characters"":[""A"",""C"",""E"",""L"",""N"",""O"",""X""]},{""position"":7,""characters"":[""C"",""D"",""E"",""G"",""H"",""L"",""N"",""P"",""R"",""S"",""T"",""U"",""V"",""W""]}]","true","false","A_TRUE_GAP","0","0","0","0","0","0","[]","[]","","false","false"
"13","ar_to_en","1","52","0","0","across","6","?TS???","[{""position"":0,""characters"":[""A"",""D"",""E"",""H"",""M"",""N"",""R""]},{""position"":1,""characters"":[""T""]},{""position"":2,""characters"":[""S""]},{""position"":3,""characters"":[""A"",""C"",""R"",""S"",""T"",""W""]},{""position"":4,""characters"":[""A"",""D"",""E"",""G"",""L"",""N"",""O"",""R"",""S"",""T"",""U""]},{""position"":5,""characters"":[""C"",""D"",""E"",""L"",""M"",""N"",""P"",""S"",""T"",""Y""]}]","true","false","A_TRUE_GAP","0","0","0","0","0","0","[]","[]","","false","false"
"13","ar_to_en","1","52","0","0","across","6","?SA???","[{""position"":0,""characters"":[""K"",""L""]},{""position"":1,""characters"":[""S""]},{""position"":2,""characters"":[""A""]},{""position"":3,""characters"":[""R"",""T""]},{""position"":4,""characters"":[""A"",""C"",""D"",""G"",""P"",""S"",""T""]},{""position"":5,""characters"":[""A"",""D"",""H"",""L"",""P"",""Y""]}]","true","false","A_TRUE_GAP","0","0","0","0","0","0","[]","[]","","false","false"
"13","ar_to_en","1","52","0","10","down","13","??I???????I??","[{""position"":0,""characters"":[""A"",""C"",""D"",""E"",""G"",""I"",""L"",""M"",""N"",""O"",""P"",""R"",""S"",""T"",""U"",""Y""]},{""position"":1,""characters"":[""A"",""C"",""D"",""E"",""I"",""L"",""N"",""O"",""P"",""R"",""T"",""U"",""V""]},{""position"":2,""characters"":[""I""]},{""position"":3,""characters"":[""A"",""C"",""D"",""E"",""F"",""I"",""M"",""N"",""O"",""P"",""R"",""S"",""T"",""U""]},{""position"":4,""characters"":[""A"",""E"",""F"",""I"",""M"",""N"",""O"",""R"",""T"",""U""]},{""position"":5,""characters"":[""A"",""C"",""E"",""F"",""G"",""I"",""L"",""M"",""N"",""O"",""P"",""R"",""S"",""T"",""U""]},{""position"":6,""characters"":[""A"",""B"",""C"",""H"",""I"",""L"",""N"",""O"",""S"",""T"",""U""]},{""position"":7,""characters"":[""A"",""C"",""D"",""E"",""F"",""G"",""I"",""L"",""M"",""N"",""O"",""P"",""R"",""S"",""T"",""U"",""X""]},{""position"":8,""characters"":[""A"",""C"",""E"",""F"",""I"",""N"",""O"",""R"",""T"",""U""]},{""position"":9,""characters"":[""A"",""C"",""D"",""E"",""F"",""I"",""N"",""O"",""P"",""R"",""S"",""T"",""U""]},{""position"":10,""characters"":[""I""]},{""position"":11,""characters"":[""A"",""D"",""E"",""I"",""L"",""N"",""O"",""P"",""R"",""U"",""V""]},{""position"":12,""characters"":[""A"",""C"",""D"",""E"",""G"",""I"",""L"",""M"",""N"",""O"",""P"",""R"",""S"",""U"",""Y""]}]","true","false","A_TRUE_GAP","0","0","0","0","0","0","[]","[]","","false","false"
"13","ar_to_en","1","52","0","0","across","6","?PO???","[{""position"":0,""characters"":[""A"",""D"",""E""]},{""position"":1,""characters"":[""P""]},{""position"":2,""characters"":[""O""]},{""position"":3,""characters"":[""B"",""C"",""E"",""H"",""I"",""K"",""L"",""N"",""P"",""S""]},{""position"":4,""characters"":[""C"",""F"",""I"",""M"",""O"",""P"",""R"",""S"",""T""]},{""position"":5,""characters"":[""E"",""L""]}]","true","false","A_TRUE_GAP","0","0","0","0","0","0","[]","[]","","false","false"
"13","ar_to_en","1","52","12","0","across","5","??DR?","[{""position"":0,""characters"":[""A"",""C"",""D"",""H"",""L"",""M"",""O"",""S"",""T"",""W"",""Y""]},{""position"":1,""characters"":[""A"",""D"",""E"",""I"",""O"",""T"",""U""]},{""position"":2,""characters"":[""D""]},{""position"":3,""characters"":[""R""]},{""position"":4,""characters"":[""A"",""D"",""L""]}]","true","false","A_TRUE_GAP","0","0","0","0","0","0","[]","[]","","false","false"
"13","ar_to_en","1","53","0","0","across","6","?TS???","[{""position"":0,""characters"":[""A"",""D"",""E"",""H"",""M"",""N"",""R""]},{""position"":1,""characters"":[""T""]},{""position"":2,""characters"":[""S""]},{""position"":3,""characters"":[""A"",""C"",""R"",""S"",""T"",""W""]},{""position"":4,""characters"":[""A"",""D"",""E"",""G"",""L"",""N"",""O"",""R"",""S"",""T"",""U""]},{""position"":5,""characters"":[""C"",""D"",""E"",""L"",""M"",""N"",""P"",""S"",""T"",""Y""]}]","true","false","A_TRUE_GAP","0","0","0","0","0","0","[]","[]","","false","false"
"13","ar_to_en","1","53","0","0","across","6","?SA???","[{""position"":0,""characters"":[""K"",""L""]},{""position"":1,""characters"":[""S""]},{""position"":2,""characters"":[""A""]},{""position"":3,""characters"":[""R"",""T""]},{""position"":4,""characters"":[""A"",""C"",""D"",""G"",""P"",""S"",""T""]},{""position"":5,""characters"":[""A"",""D"",""H"",""L"",""P"",""Y""]}]","true","false","A_TRUE_GAP","0","0","0","0","0","0","[]","[]","","false","false"
"13","ar_to_en","1","53","0","10","down","13","??I???????I??","[{""position"":0,""characters"":[""A"",""C"",""D"",""E"",""G"",""I"",""L"",""M"",""N"",""O"",""P"",""R"",""S"",""T"",""U"",""Y""]},{""position"":1,""characters"":[""A"",""C"",""D"",""E"",""I"",""L"",""N"",""O"",""P"",""R"",""T"",""U"",""V""]},{""position"":2,""characters"":[""I""]},{""position"":3,""characters"":[""A"",""C"",""D"",""E"",""F"",""I"",""M"",""N"",""O"",""P"",""R"",""S"",""T"",""U""]},{""position"":4,""characters"":[""A"",""E"",""F"",""I"",""M"",""N"",""O"",""R"",""T"",""U""]},{""position"":5,""characters"":[""A"",""C"",""E"",""F"",""G"",""I"",""L"",""M"",""N"",""O"",""P"",""R"",""S"",""T"",""U""]},{""position"":6,""characters"":[""A"",""B"",""C"",""H"",""I"",""L"",""N"",""O"",""S"",""T"",""U""]},{""position"":7,""characters"":[""A"",""C"",""D"",""E"",""F"",""G"",""I"",""L"",""M"",""N"",""O"",""P"",""R"",""S"",""T"",""U"",""X""]},{""position"":8,""characters"":[""A"",""C"",""E"",""F"",""I"",""N"",""O"",""R"",""T"",""U""]},{""position"":9,""characters"":[""A"",""C"",""D"",""E"",""F"",""I"",""N"",""O"",""P"",""R"",""S"",""T"",""U""]},{""position"":10,""characters"":[""I""]},{""position"":11,""characters"":[""A"",""D"",""E"",""I"",""L"",""N"",""O"",""P"",""R"",""U"",""V""]},{""position"":12,""characters"":[""A"",""C"",""D"",""E"",""G"",""I"",""L"",""M"",""N"",""O"",""P"",""R"",""S"",""U"",""Y""]}]","true","false","A_TRUE_GAP","0","0","0","0","0","0","[]","[]","","false","false"
"13","ar_to_en","1","53","0","0","across","6","?PO???","[{""position"":0,""characters"":[""A"",""D"",""E""]},{""position"":1,""characters"":[""P""]},{""position"":2,""characters"":[""O""]},{""position"":3,""characters"":[""B"",""C"",""E"",""H"",""I"",""K"",""L"",""N"",""P"",""S""]},{""position"":4,""characters"":[""C"",""F"",""I"",""M"",""O"",""P"",""R"",""S"",""T""]},{""position"":5,""characters"":[""E"",""L""]}]","true","false","A_TRUE_GAP","0","0","0","0","0","0","[]","[]","","false","false"
"13","ar_to_en","1","53","12","0","across","5","??DR?","[{""position"":0,""characters"":[""A"",""C"",""D"",""H"",""L"",""M"",""O"",""S"",""T"",""W"",""Y""]},{""position"":1,""characters"":[""A"",""D"",""E"",""I"",""O"",""T"",""U""]},{""position"":2,""characters"":[""D""]},{""position"":3,""characters"":[""R""]},{""position"":4,""characters"":[""A"",""D"",""L""]}]","true","false","A_TRUE_GAP","0","0","0","0","0","0","[]","[]","","false","false"
"13","ar_to_en","1","55","10","0","across","13","?????????????","[{""position"":0,""characters"":[""A"",""O"",""R"",""U""]},{""position"":1,""characters"":[""A"",""E"",""N"",""R"",""T""]},{""position"":2,""characters"":[""A"",""E"",""G"",""O""]},{""position"":3,""characters"":[""A"",""E"",""I"",""N"",""O"",""S"",""T"",""U""]},{""position"":4,""characters"":[""A"",""E"",""F"",""M"",""N"",""R"",""T""]},{""position"":5,""characters"":[""A"",""E"",""I"",""O""]},{""position"":6,""characters"":[""C"",""N""]},{""position"":7,""characters"":[""A"",""C"",""I"",""N""]},{""position"":8,""characters"":[""E"",""F"",""M"",""N"",""O"",""R"",""T""]},{""position"":9,""characters"":[""A"",""E""]},{""position"":10,""characters"":[""R"",""S""]},{""position"":11,""characters"":[""A"",""D"",""I"",""L"",""N"",""O""]},{""position"":12,""characters"":[""A"",""E"",""I"",""N"",""O"",""U""]}]","true","false","A_TRUE_GAP","0","0","0","0","0","0","[]","[]","","false","false"
"13","ar_to_en","1","55","10","0","across","13","??????????C??","[{""position"":0,""characters"":[""A"",""O"",""R"",""U""]},{""position"":1,""characters"":[""L"",""N""]},{""position"":2,""characters"":[""A"",""E"",""G"",""O""]},{""position"":3,""characters"":[""A"",""C"",""E"",""I"",""N"",""T"",""U""]},{""position"":4,""characters"":[""E"",""F"",""I"",""M"",""O"",""R"",""T""]},{""position"":5,""characters"":[""A"",""E"",""I"",""R""]},{""position"":6,""characters"":[""A"",""I"",""O"",""U""]},{""position"":7,""characters"":[""A"",""I"",""N"",""T""]},{""position"":8,""characters"":[""E"",""F"",""M"",""N"",""O"",""R"",""T""]},{""position"":9,""characters"":[""A"",""D"",""E"",""I"",""N"",""O"",""T""]},{""position"":10,""characters"":[""C""]},{""position"":11,""characters"":[""A"",""C"",""E"",""N"",""R"",""T""]},{""position"":12,""characters"":[""A"",""D"",""E"",""I"",""O"",""P"",""U""]}]","true","false","A_TRUE_GAP","0","0","0","0","0","0","[]","[]","","false","false"
"13","ar_to_en","1","55","0","2","down","13","???????????C?","[{""position"":0,""characters"":[""A"",""C"",""D"",""E"",""G"",""I"",""L"",""M"",""N"",""O"",""P"",""R"",""S"",""T"",""U"",""Y""]},{""position"":1,""characters"":[""A"",""C"",""D"",""E"",""I"",""L"",""N"",""O"",""P"",""R"",""T"",""U""]},{""position"":2,""characters"":[""A"",""C"",""D"",""E"",""G"",""I"",""M"",""N"",""O"",""P"",""R"",""S"",""T"",""V""]},{""position"":3,""characters"":[""A"",""C"",""D"",""E"",""F"",""I"",""M"",""N"",""O"",""P"",""R"",""S"",""T"",""U""]},{""position"":4,""characters"":[""A"",""E"",""F"",""I"",""M"",""N"",""O"",""R"",""T"",""U""]},{""position"":5,""characters"":[""A"",""C"",""D"",""E"",""F"",""G"",""I"",""M"",""N"",""O"",""P"",""R"",""S"",""T"",""U""]},{""position"":6,""characters"":[""A"",""B"",""C"",""H"",""I"",""L"",""N"",""O"",""S"",""T"",""U""]},{""position"":7,""characters"":[""A"",""C"",""D"",""E"",""F"",""G"",""I"",""L"",""M"",""N"",""O"",""P"",""R"",""S"",""T"",""U"",""X""]},{""position"":8,""characters"":[""A"",""E"",""F"",""I"",""M"",""N"",""O"",""R"",""T"",""U""]},{""position"":9,""characters"":[""A"",""C"",""D"",""E"",""F"",""I"",""M"",""N"",""O"",""R"",""S"",""T"",""U""]},{""position"":10,""characters"":[""A"",""C"",""D"",""E"",""G"",""I"",""M"",""N"",""O"",""P"",""R"",""S"",""T"",""V""]},{""position"":11,""characters"":[""C""]},{""position"":12,""characters"":[""A"",""C"",""D"",""E"",""G"",""I"",""L"",""M"",""N"",""O"",""P"",""R"",""S"",""T"",""U""]}]","true","false","B_USED_EXHAUSTION","1","1","1","0","0","0","[""ACCOMMODATION""]","[]","100","false","false"
"13","ar_to_en","1","55","10","0","across","13","?????????????","[{""position"":0,""characters"":[""O"",""S""]},{""position"":1,""characters"":[""A"",""E"",""N"",""O""]},{""position"":2,""characters"":[""M"",""V""]},{""position"":3,""characters"":[""A"",""C"",""E"",""F"",""I"",""M"",""N"",""O"",""S"",""T"",""U""]},{""position"":4,""characters"":[""A"",""E"",""I"",""O"",""R"",""T"",""U""]},{""position"":5,""characters"":[""A"",""D"",""E"",""I"",""O"",""P""]},{""position"":6,""characters"":[""A"",""C"",""I"",""N"",""O"",""U""]},{""position"":7,""characters"":[""C"",""I"",""N"",""R""]},{""position"":8,""characters"":[""A"",""E"",""I"",""N"",""O"",""T""]},{""position"":9,""characters"":[""A"",""O"",""S""]},{""position"":10,""characters"":[""R"",""S""]},{""position"":11,""characters"":[""A"",""E"",""I"",""N"",""O""]},{""position"":12,""characters"":[""A"",""E"",""I"",""O""]}]","true","false","A_TRUE_GAP","0","0","0","0","0","0","[]","[]","","false","false"
"13","ar_to_en","1","55","9","0","across","8","???????G","[{""position"":0,""characters"":[""A"",""B"",""L"",""N"",""P"",""R"",""T"",""W""]},{""position"":1,""characters"":[""D"",""E"",""K"",""T""]},{""position"":2,""characters"":[""D"",""E"",""I"",""M"",""O"",""R"",""T""]},{""position"":3,""characters"":[""A"",""C"",""D"",""E"",""F"",""I"",""L"",""M"",""N"",""R"",""S"",""T"",""U"",""V"",""Y""]},{""position"":4,""characters"":[""A"",""C"",""D"",""E"",""F"",""G"",""I"",""M"",""N"",""O"",""P"",""R"",""S"",""T"",""U"",""V"",""W""]},{""position"":5,""characters"":[""E"",""N""]},{""position"":6,""characters"":[""C"",""D"",""G"",""H"",""L"",""N"",""P"",""R"",""S"",""T""]},{""position"":7,""characters"":[""G""]}]","true","false","A_TRUE_GAP","0","0","0","0","0","0","[]","[]","","false","false"
"13","ar_to_en","1","55","2","0","across","13","??N??????????","[{""position"":0,""characters"":[""A"",""C"",""D"",""E"",""G"",""I"",""L"",""M"",""N"",""O"",""P"",""R"",""S"",""T"",""U""]},{""position"":1,""characters"":[""A"",""C"",""D"",""E"",""I"",""L"",""N"",""O"",""P"",""R"",""T"",""U""]},{""position"":2,""characters"":[""N""]},{""position"":3,""characters"":[""A"",""C"",""D"",""E"",""F"",""I"",""M"",""N"",""O"",""P"",""R"",""S"",""T"",""U""]},{""position"":4,""characters"":[""A"",""E"",""F"",""I"",""M"",""N"",""O"",""R"",""T"",""U""]},{""position"":5,""characters"":[""A"",""C"",""D"",""E"",""F"",""G"",""I"",""L"",""M"",""N"",""O"",""P"",""R"",""S"",""T"",""U""]},{""position"":6,""characters"":[""A"",""B"",""C"",""H"",""I"",""L"",""N"",""O"",""S"",""T"",""U"",""Z""]},{""position"":7,""characters"":[""A"",""D"",""E"",""G"",""I"",""M"",""N"",""P"",""R"",""S"",""T""]},{""position"":8,""characters"":[""A"",""E"",""F"",""I"",""M"",""N"",""O"",""R"",""T"",""U""]},{""position"":9,""characters"":[""A"",""C"",""D"",""E"",""F"",""I"",""M"",""N"",""O"",""R"",""S"",""T"",""U""]},{""position"":10,""characters"":[""C"",""O""]},{""position"":11,""characters"":[""A"",""C"",""D"",""E"",""I"",""L"",""N"",""O"",""P"",""R"",""T"",""U"",""V""]},{""position"":12,""characters"":[""A"",""C"",""D"",""E"",""G"",""I"",""L"",""M"",""N"",""O"",""P"",""R"",""S"",""T"",""U""]}]","true","false","A_TRUE_GAP","0","0","0","0","0","0","[]","[]","","false","false"
"13","ar_to_en","1","55","10","0","across","13","???????E?????","[{""position"":0,""characters"":[""A"",""E"",""I"",""O"",""P"",""U""]},{""position"":1,""characters"":[""D"",""E"",""L"",""N"",""P"",""R"",""T""]},{""position"":2,""characters"":[""A"",""E"",""G"",""O""]},{""position"":3,""characters"":[""A"",""E"",""I"",""N"",""O"",""S"",""T"",""U""]},{""position"":4,""characters"":[""A"",""E"",""F"",""M"",""N"",""R"",""T""]},{""position"":5,""characters"":[""A"",""O"",""R""]},{""position"":6,""characters"":[""C"",""N""]},{""position"":7,""characters"":[""E""]},{""position"":8,""characters"":[""E"",""F"",""M"",""N"",""O"",""R"",""T""]},{""position"":9,""characters"":[""A"",""E""]},{""position"":10,""characters"":[""R"",""S""]},{""position"":11,""characters"":[""A"",""D"",""I"",""L"",""N"",""O""]},{""position"":12,""characters"":[""A"",""E"",""I"",""N"",""O"",""U""]}]","true","false","A_TRUE_GAP","0","0","0","0","0","0","[]","[]","","false","false"
"13","ar_to_en","1","55","2","0","across","13","??M???????N??","[{""position"":0,""characters"":[""A"",""C"",""D"",""E"",""G"",""I"",""L"",""M"",""N"",""O"",""P"",""R"",""S"",""T"",""U""]},{""position"":1,""characters"":[""A"",""C"",""D"",""E"",""I"",""L"",""N"",""O"",""P"",""R"",""T"",""U""]},{""position"":2,""characters"":[""M""]},{""position"":3,""characters"":[""A"",""C"",""D"",""E"",""F"",""I"",""M"",""N"",""O"",""P"",""R"",""S"",""T"",""U""]},{""position"":4,""characters"":[""A"",""E"",""F"",""I"",""M"",""N"",""O"",""R"",""T"",""U""]},{""position"":5,""characters"":[""A"",""C"",""D"",""E"",""F"",""G"",""I"",""L"",""M"",""N"",""P"",""R"",""S"",""T"",""U""]},{""position"":6,""characters"":[""A"",""B"",""C"",""H"",""I"",""L"",""N"",""O"",""S"",""T"",""U"",""Z""]},{""position"":7,""characters"":[""D"",""T""]},{""position"":8,""characters"":[""A"",""E"",""F"",""I"",""M"",""N"",""O"",""R"",""T"",""U""]},{""position"":9,""characters"":[""A"",""C"",""D"",""E"",""F"",""I"",""M"",""N"",""O"",""R"",""S"",""T"",""U""]},{""position"":10,""characters"":[""N""]},{""position"":11,""characters"":[""A"",""C"",""D"",""E"",""I"",""L"",""N"",""O"",""P"",""R"",""T"",""U"",""V""]},{""position"":12,""characters"":[""A"",""C"",""D"",""E"",""G"",""I"",""L"",""M"",""N"",""O"",""P"",""R"",""S"",""T"",""U""]}]","true","false","A_TRUE_GAP","0","0","0","0","0","0","[]","[]","","false","false"
"13","ar_to_en","1","55","2","0","across","13","??N???????M??","[{""position"":0,""characters"":[""A"",""C"",""D"",""E"",""G"",""I"",""L"",""M"",""N"",""O"",""P"",""R"",""S"",""T"",""U""]},{""position"":1,""characters"":[""A"",""C"",""D"",""E"",""I"",""L"",""N"",""O"",""P"",""R"",""T"",""U""]},{""position"":2,""characters"":[""N""]},{""position"":3,""characters"":[""A"",""C"",""D"",""E"",""F"",""I"",""M"",""N"",""O"",""P"",""R"",""S"",""T"",""U""]},{""position"":4,""characters"":[""A"",""E"",""F"",""I"",""M"",""N"",""O"",""R"",""T"",""U""]},{""position"":5,""characters"":[""A"",""C"",""D"",""E"",""F"",""G"",""I"",""L"",""M"",""N"",""P"",""R"",""S"",""T"",""U""]},{""position"":6,""characters"":[""A"",""B"",""C"",""H"",""I"",""L"",""N"",""O"",""S"",""T"",""U"",""Z""]},{""position"":7,""characters"":[""A"",""C"",""D"",""E"",""I"",""N"",""P"",""R"",""S""]},{""position"":8,""characters"":[""A"",""E"",""F"",""I"",""M"",""N"",""O"",""R"",""T"",""U""]},{""position"":9,""characters"":[""A"",""C"",""D"",""E"",""F"",""I"",""M"",""N"",""O"",""R"",""S"",""T"",""U""]},{""position"":10,""characters"":[""M""]},{""position"":11,""characters"":[""A"",""C"",""D"",""E"",""I"",""L"",""N"",""O"",""P"",""R"",""T"",""U"",""V""]},{""position"":12,""characters"":[""A"",""C"",""D"",""E"",""G"",""I"",""L"",""M"",""N"",""O"",""P"",""R"",""S"",""T"",""U""]}]","true","false","A_TRUE_GAP","0","0","0","0","0","0","[]","[]","","false","false"
"13","ar_to_en","1","55","0","10","down","13","???????????P?","[{""position"":0,""characters"":[""A"",""C"",""D"",""E"",""G"",""I"",""L"",""M"",""N"",""O"",""P"",""R"",""S"",""U""]},{""position"":1,""characters"":[""A"",""C"",""D"",""E"",""I"",""L"",""N"",""O"",""P"",""R"",""T"",""U"",""V""]},{""position"":2,""characters"":[""A"",""C"",""D"",""E"",""G"",""I"",""M"",""N"",""O"",""R"",""S"",""T"",""V""]},{""position"":3,""characters"":[""A"",""C"",""D"",""E"",""F"",""I"",""N"",""O"",""P"",""R"",""S"",""T"",""U""]},{""position"":4,""characters"":[""A"",""E"",""F"",""I"",""M"",""N"",""O"",""R"",""T"",""U""]},{""position"":5,""characters"":[""A"",""C"",""D"",""E"",""F"",""G"",""I"",""M"",""N"",""O"",""P"",""R"",""S"",""T"",""U""]},{""position"":6,""characters"":[""A"",""B"",""C"",""H"",""I"",""L"",""N"",""O"",""S"",""T"",""U""]},{""position"":7,""characters"":[""A"",""C"",""D"",""E"",""F"",""G"",""I"",""L"",""M"",""N"",""O"",""P"",""R"",""S"",""T"",""U""]},{""position"":8,""characters"":[""A"",""E"",""F"",""I"",""M"",""N"",""O"",""R"",""T"",""U""]},{""position"":9,""characters"":[""A"",""C"",""D"",""E"",""F"",""I"",""M"",""N"",""O"",""P"",""R"",""S"",""T"",""U""]},{""position"":10,""characters"":[""A"",""C"",""D"",""E"",""G"",""I"",""M"",""N"",""O"",""R"",""S"",""T"",""V""]},{""position"":11,""characters"":[""P""]},{""position"":12,""characters"":[""A"",""C"",""D"",""E"",""G"",""I"",""L"",""M"",""N"",""O"",""P"",""R"",""S"",""T"",""U""]}]","true","false","A_TRUE_GAP","0","0","0","0","0","0","[]","[]","","false","false"
"13","ar_to_en","1","56","10","0","across","13","?????????????","[{""position"":0,""characters"":[""A"",""O"",""R"",""U""]},{""position"":1,""characters"":[""A"",""E"",""N"",""R"",""T""]},{""position"":2,""characters"":[""A"",""E"",""G"",""O""]},{""position"":3,""characters"":[""A"",""E"",""I"",""N"",""O"",""S"",""T"",""U""]},{""position"":4,""characters"":[""A"",""E"",""F"",""M"",""N"",""R"",""T""]},{""position"":5,""characters"":[""A"",""E"",""I"",""O""]},{""position"":6,""characters"":[""C"",""N""]},{""position"":7,""characters"":[""A"",""C"",""I"",""N""]},{""position"":8,""characters"":[""E"",""F"",""M"",""N"",""O"",""R"",""T""]},{""position"":9,""characters"":[""A"",""E""]},{""position"":10,""characters"":[""R"",""S""]},{""position"":11,""characters"":[""A"",""D"",""I"",""L"",""N"",""O""]},{""position"":12,""characters"":[""A"",""E"",""I"",""N"",""O"",""U""]}]","true","false","A_TRUE_GAP","0","0","0","0","0","0","[]","[]","","false","false"
"13","ar_to_en","1","56","10","0","across","13","??????????C??","[{""position"":0,""characters"":[""A"",""O"",""R"",""U""]},{""position"":1,""characters"":[""L"",""N""]},{""position"":2,""characters"":[""A"",""E"",""G"",""O""]},{""position"":3,""characters"":[""A"",""C"",""E"",""I"",""N"",""T"",""U""]},{""position"":4,""characters"":[""E"",""F"",""I"",""M"",""O"",""R"",""T""]},{""position"":5,""characters"":[""A"",""E"",""I"",""R""]},{""position"":6,""characters"":[""A"",""I"",""O"",""U""]},{""position"":7,""characters"":[""A"",""I"",""N"",""T""]},{""position"":8,""characters"":[""E"",""F"",""M"",""N"",""O"",""R"",""T""]},{""position"":9,""characters"":[""A"",""D"",""E"",""I"",""N"",""O"",""T""]},{""position"":10,""characters"":[""C""]},{""position"":11,""characters"":[""A"",""C"",""E"",""N"",""R"",""T""]},{""position"":12,""characters"":[""A"",""D"",""E"",""I"",""O"",""P"",""U""]}]","true","false","A_TRUE_GAP","0","0","0","0","0","0","[]","[]","","false","false"
"13","ar_to_en","1","56","0","2","down","13","???????????C?","[{""position"":0,""characters"":[""A"",""C"",""D"",""E"",""G"",""I"",""L"",""M"",""N"",""O"",""P"",""R"",""S"",""T"",""U"",""Y""]},{""position"":1,""characters"":[""A"",""C"",""D"",""E"",""I"",""L"",""N"",""O"",""P"",""R"",""T"",""U""]},{""position"":2,""characters"":[""A"",""C"",""D"",""E"",""G"",""I"",""M"",""N"",""O"",""P"",""R"",""S"",""T"",""V""]},{""position"":3,""characters"":[""A"",""C"",""D"",""E"",""F"",""I"",""M"",""N"",""O"",""P"",""R"",""S"",""T"",""U""]},{""position"":4,""characters"":[""A"",""E"",""F"",""I"",""M"",""N"",""O"",""R"",""T"",""U""]},{""position"":5,""characters"":[""A"",""C"",""D"",""E"",""F"",""G"",""I"",""M"",""N"",""O"",""P"",""R"",""S"",""T"",""U""]},{""position"":6,""characters"":[""A"",""B"",""C"",""H"",""I"",""L"",""N"",""O"",""S"",""T"",""U""]},{""position"":7,""characters"":[""A"",""C"",""D"",""E"",""F"",""G"",""I"",""L"",""M"",""N"",""O"",""P"",""R"",""S"",""T"",""U"",""X""]},{""position"":8,""characters"":[""A"",""E"",""F"",""I"",""M"",""N"",""O"",""R"",""T"",""U""]},{""position"":9,""characters"":[""A"",""C"",""D"",""E"",""F"",""I"",""M"",""N"",""O"",""R"",""S"",""T"",""U""]},{""position"":10,""characters"":[""A"",""C"",""D"",""E"",""G"",""I"",""M"",""N"",""O"",""P"",""R"",""S"",""T"",""V""]},{""position"":11,""characters"":[""C""]},{""position"":12,""characters"":[""A"",""C"",""D"",""E"",""G"",""I"",""L"",""M"",""N"",""O"",""P"",""R"",""S"",""T"",""U""]}]","true","false","B_USED_EXHAUSTION","1","1","1","0","0","0","[""ACCOMMODATION""]","[]","100","false","false"
"13","ar_to_en","1","56","10","0","across","13","?????????????","[{""position"":0,""characters"":[""O"",""S""]},{""position"":1,""characters"":[""A"",""E"",""N"",""O""]},{""position"":2,""characters"":[""M"",""V""]},{""position"":3,""characters"":[""A"",""C"",""E"",""F"",""I"",""M"",""N"",""O"",""S"",""T"",""U""]},{""position"":4,""characters"":[""A"",""E"",""I"",""O"",""R"",""T"",""U""]},{""position"":5,""characters"":[""A"",""D"",""E"",""I"",""O"",""P""]},{""position"":6,""characters"":[""A"",""C"",""I"",""N"",""O"",""U""]},{""position"":7,""characters"":[""C"",""I"",""N"",""R""]},{""position"":8,""characters"":[""A"",""E"",""I"",""N"",""O"",""T""]},{""position"":9,""characters"":[""A"",""O"",""S""]},{""position"":10,""characters"":[""R"",""S""]},{""position"":11,""characters"":[""A"",""E"",""I"",""N"",""O""]},{""position"":12,""characters"":[""A"",""E"",""I"",""O""]}]","true","false","A_TRUE_GAP","0","0","0","0","0","0","[]","[]","","false","false"
"13","ar_to_en","1","56","9","0","across","8","???????G","[{""position"":0,""characters"":[""A"",""B"",""L"",""N"",""P"",""R"",""T"",""W""]},{""position"":1,""characters"":[""D"",""E"",""K"",""T""]},{""position"":2,""characters"":[""D"",""E"",""I"",""M"",""O"",""R"",""T""]},{""position"":3,""characters"":[""A"",""C"",""D"",""E"",""F"",""I"",""L"",""M"",""N"",""R"",""S"",""T"",""U"",""V"",""Y""]},{""position"":4,""characters"":[""A"",""C"",""D"",""E"",""F"",""G"",""I"",""M"",""N"",""O"",""P"",""R"",""S"",""T"",""U"",""V"",""W""]},{""position"":5,""characters"":[""E"",""N""]},{""position"":6,""characters"":[""C"",""D"",""G"",""H"",""L"",""N"",""P"",""R"",""S"",""T""]},{""position"":7,""characters"":[""G""]}]","true","false","A_TRUE_GAP","0","0","0","0","0","0","[]","[]","","false","false"
"13","ar_to_en","1","56","2","0","across","13","??N??????????","[{""position"":0,""characters"":[""A"",""C"",""D"",""E"",""G"",""I"",""L"",""M"",""N"",""O"",""P"",""R"",""S"",""T"",""U""]},{""position"":1,""characters"":[""A"",""C"",""D"",""E"",""I"",""L"",""N"",""O"",""P"",""R"",""T"",""U""]},{""position"":2,""characters"":[""N""]},{""position"":3,""characters"":[""A"",""C"",""D"",""E"",""F"",""I"",""M"",""N"",""O"",""P"",""R"",""S"",""T"",""U""]},{""position"":4,""characters"":[""A"",""E"",""F"",""I"",""M"",""N"",""O"",""R"",""T"",""U""]},{""position"":5,""characters"":[""A"",""C"",""D"",""E"",""F"",""G"",""I"",""L"",""M"",""N"",""O"",""P"",""R"",""S"",""T"",""U""]},{""position"":6,""characters"":[""A"",""B"",""C"",""H"",""I"",""L"",""N"",""O"",""S"",""T"",""U"",""Z""]},{""position"":7,""characters"":[""A"",""D"",""E"",""G"",""I"",""M"",""N"",""P"",""R"",""S"",""T""]},{""position"":8,""characters"":[""A"",""E"",""F"",""I"",""M"",""N"",""O"",""R"",""T"",""U""]},{""position"":9,""characters"":[""A"",""C"",""D"",""E"",""F"",""I"",""M"",""N"",""O"",""R"",""S"",""T"",""U""]},{""position"":10,""characters"":[""C"",""O""]},{""position"":11,""characters"":[""A"",""C"",""D"",""E"",""I"",""L"",""N"",""O"",""P"",""R"",""T"",""U"",""V""]},{""position"":12,""characters"":[""A"",""C"",""D"",""E"",""G"",""I"",""L"",""M"",""N"",""O"",""P"",""R"",""S"",""T"",""U""]}]","true","false","A_TRUE_GAP","0","0","0","0","0","0","[]","[]","","false","false"
"13","ar_to_en","1","56","10","0","across","13","???????E?????","[{""position"":0,""characters"":[""A"",""E"",""I"",""O"",""P"",""U""]},{""position"":1,""characters"":[""D"",""E"",""L"",""N"",""P"",""R"",""T""]},{""position"":2,""characters"":[""A"",""E"",""G"",""O""]},{""position"":3,""characters"":[""A"",""E"",""I"",""N"",""O"",""S"",""T"",""U""]},{""position"":4,""characters"":[""A"",""E"",""F"",""M"",""N"",""R"",""T""]},{""position"":5,""characters"":[""A"",""O"",""R""]},{""position"":6,""characters"":[""C"",""N""]},{""position"":7,""characters"":[""E""]},{""position"":8,""characters"":[""E"",""F"",""M"",""N"",""O"",""R"",""T""]},{""position"":9,""characters"":[""A"",""E""]},{""position"":10,""characters"":[""R"",""S""]},{""position"":11,""characters"":[""A"",""D"",""I"",""L"",""N"",""O""]},{""position"":12,""characters"":[""A"",""E"",""I"",""N"",""O"",""U""]}]","true","false","A_TRUE_GAP","0","0","0","0","0","0","[]","[]","","false","false"
"13","ar_to_en","1","57","10","0","across","13","?????????????","[{""position"":0,""characters"":[""A"",""O"",""R"",""U""]},{""position"":1,""characters"":[""A"",""E"",""N"",""R"",""T""]},{""position"":2,""characters"":[""A"",""E"",""G"",""O""]},{""position"":3,""characters"":[""A"",""E"",""I"",""N"",""O"",""S"",""T"",""U""]},{""position"":4,""characters"":[""A"",""E"",""F"",""M"",""N"",""R"",""T""]},{""position"":5,""characters"":[""A"",""E"",""I"",""O""]},{""position"":6,""characters"":[""C"",""N""]},{""position"":7,""characters"":[""A"",""C"",""I"",""N""]},{""position"":8,""characters"":[""E"",""F"",""M"",""N"",""O"",""R"",""T""]},{""position"":9,""characters"":[""A"",""E""]},{""position"":10,""characters"":[""R"",""S""]},{""position"":11,""characters"":[""A"",""D"",""I"",""L"",""N"",""O""]},{""position"":12,""characters"":[""A"",""E"",""I"",""N"",""O"",""U""]}]","true","false","A_TRUE_GAP","0","0","0","0","0","0","[]","[]","","false","false"
"13","ar_to_en","1","57","10","0","across","13","??????????C??","[{""position"":0,""characters"":[""A"",""O"",""R"",""U""]},{""position"":1,""characters"":[""L"",""N""]},{""position"":2,""characters"":[""A"",""E"",""G"",""O""]},{""position"":3,""characters"":[""A"",""C"",""E"",""I"",""N"",""T"",""U""]},{""position"":4,""characters"":[""E"",""F"",""I"",""M"",""O"",""R"",""T""]},{""position"":5,""characters"":[""A"",""E"",""I"",""R""]},{""position"":6,""characters"":[""A"",""I"",""O"",""U""]},{""position"":7,""characters"":[""A"",""I"",""N"",""T""]},{""position"":8,""characters"":[""E"",""F"",""M"",""N"",""O"",""R"",""T""]},{""position"":9,""characters"":[""A"",""D"",""E"",""I"",""N"",""O"",""T""]},{""position"":10,""characters"":[""C""]},{""position"":11,""characters"":[""A"",""C"",""E"",""N"",""R"",""T""]},{""position"":12,""characters"":[""A"",""D"",""E"",""I"",""O"",""P"",""U""]}]","true","false","A_TRUE_GAP","0","0","0","0","0","0","[]","[]","","false","false"
"13","ar_to_en","1","57","0","2","down","13","???????????C?","[{""position"":0,""characters"":[""A"",""C"",""D"",""E"",""G"",""I"",""L"",""M"",""N"",""O"",""P"",""R"",""S"",""T"",""U"",""Y""]},{""position"":1,""characters"":[""A"",""C"",""D"",""E"",""I"",""L"",""N"",""O"",""P"",""R"",""T"",""U""]},{""position"":2,""characters"":[""A"",""C"",""D"",""E"",""G"",""I"",""M"",""N"",""O"",""P"",""R"",""S"",""T"",""V""]},{""position"":3,""characters"":[""A"",""C"",""D"",""E"",""F"",""I"",""M"",""N"",""O"",""P"",""R"",""S"",""T"",""U""]},{""position"":4,""characters"":[""A"",""E"",""F"",""I"",""M"",""N"",""O"",""R"",""T"",""U""]},{""position"":5,""characters"":[""A"",""C"",""D"",""E"",""F"",""G"",""I"",""M"",""N"",""O"",""P"",""R"",""S"",""T"",""U""]},{""position"":6,""characters"":[""A"",""B"",""C"",""H"",""I"",""L"",""N"",""O"",""S"",""T"",""U""]},{""position"":7,""characters"":[""A"",""C"",""D"",""E"",""F"",""G"",""I"",""L"",""M"",""N"",""O"",""P"",""R"",""S"",""T"",""U"",""X""]},{""position"":8,""characters"":[""A"",""E"",""F"",""I"",""M"",""N"",""O"",""R"",""T"",""U""]},{""position"":9,""characters"":[""A"",""C"",""D"",""E"",""F"",""I"",""M"",""N"",""O"",""R"",""S"",""T"",""U""]},{""position"":10,""characters"":[""A"",""C"",""D"",""E"",""G"",""I"",""M"",""N"",""O"",""P"",""R"",""S"",""T"",""V""]},{""position"":11,""characters"":[""C""]},{""position"":12,""characters"":[""A"",""C"",""D"",""E"",""G"",""I"",""L"",""M"",""N"",""O"",""P"",""R"",""S"",""T"",""U""]}]","true","false","B_USED_EXHAUSTION","1","1","1","0","0","0","[""ACCOMMODATION""]","[]","100","false","false"
"13","ar_to_en","1","57","10","0","across","13","?????????????","[{""position"":0,""characters"":[""O"",""S""]},{""position"":1,""characters"":[""A"",""E"",""N"",""O""]},{""position"":2,""characters"":[""M"",""V""]},{""position"":3,""characters"":[""A"",""C"",""E"",""F"",""I"",""M"",""N"",""O"",""S"",""T"",""U""]},{""position"":4,""characters"":[""A"",""E"",""I"",""O"",""R"",""T"",""U""]},{""position"":5,""characters"":[""A"",""D"",""E"",""I"",""O"",""P""]},{""position"":6,""characters"":[""A"",""C"",""I"",""N"",""O"",""U""]},{""position"":7,""characters"":[""C"",""I"",""N"",""R""]},{""position"":8,""characters"":[""A"",""E"",""I"",""N"",""O"",""T""]},{""position"":9,""characters"":[""A"",""O"",""S""]},{""position"":10,""characters"":[""R"",""S""]},{""position"":11,""characters"":[""A"",""E"",""I"",""N"",""O""]},{""position"":12,""characters"":[""A"",""E"",""I"",""O""]}]","true","false","A_TRUE_GAP","0","0","0","0","0","0","[]","[]","","false","false"
"13","ar_to_en","1","57","9","0","across","8","???????G","[{""position"":0,""characters"":[""A"",""B"",""L"",""N"",""P"",""R"",""T"",""W""]},{""position"":1,""characters"":[""D"",""E"",""K"",""T""]},{""position"":2,""characters"":[""D"",""E"",""I"",""M"",""O"",""R"",""T""]},{""position"":3,""characters"":[""A"",""C"",""D"",""E"",""F"",""I"",""L"",""M"",""N"",""R"",""S"",""T"",""U"",""V"",""Y""]},{""position"":4,""characters"":[""A"",""C"",""D"",""E"",""F"",""G"",""I"",""M"",""N"",""O"",""P"",""R"",""S"",""T"",""U"",""V"",""W""]},{""position"":5,""characters"":[""E"",""N""]},{""position"":6,""characters"":[""C"",""D"",""G"",""H"",""L"",""N"",""P"",""R"",""S"",""T""]},{""position"":7,""characters"":[""G""]}]","true","false","A_TRUE_GAP","0","0","0","0","0","0","[]","[]","","false","false"
"13","ar_to_en","1","57","2","0","across","13","??N??????????","[{""position"":0,""characters"":[""A"",""C"",""D"",""E"",""G"",""I"",""L"",""M"",""N"",""O"",""P"",""R"",""S"",""T"",""U""]},{""position"":1,""characters"":[""A"",""C"",""D"",""E"",""I"",""L"",""N"",""O"",""P"",""R"",""T"",""U""]},{""position"":2,""characters"":[""N""]},{""position"":3,""characters"":[""A"",""C"",""D"",""E"",""F"",""I"",""M"",""N"",""O"",""P"",""R"",""S"",""T"",""U""]},{""position"":4,""characters"":[""A"",""E"",""F"",""I"",""M"",""N"",""O"",""R"",""T"",""U""]},{""position"":5,""characters"":[""A"",""C"",""D"",""E"",""F"",""G"",""I"",""L"",""M"",""N"",""O"",""P"",""R"",""S"",""T"",""U""]},{""position"":6,""characters"":[""A"",""B"",""C"",""H"",""I"",""L"",""N"",""O"",""S"",""T"",""U"",""Z""]},{""position"":7,""characters"":[""A"",""D"",""E"",""G"",""I"",""M"",""N"",""P"",""R"",""S"",""T""]},{""position"":8,""characters"":[""A"",""E"",""F"",""I"",""M"",""N"",""O"",""R"",""T"",""U""]},{""position"":9,""characters"":[""A"",""C"",""D"",""E"",""F"",""I"",""M"",""N"",""O"",""R"",""S"",""T"",""U""]},{""position"":10,""characters"":[""C"",""O""]},{""position"":11,""characters"":[""A"",""C"",""D"",""E"",""I"",""L"",""N"",""O"",""P"",""R"",""T"",""U"",""V""]},{""position"":12,""characters"":[""A"",""C"",""D"",""E"",""G"",""I"",""L"",""M"",""N"",""O"",""P"",""R"",""S"",""T"",""U""]}]","true","false","A_TRUE_GAP","0","0","0","0","0","0","[]","[]","","false","false"
"13","ar_to_en","1","57","10","0","across","13","???????E?????","[{""position"":0,""characters"":[""A"",""E"",""I"",""O"",""P"",""U""]},{""position"":1,""characters"":[""D"",""E"",""L"",""N"",""P"",""R"",""T""]},{""position"":2,""characters"":[""A"",""E"",""G"",""O""]},{""position"":3,""characters"":[""A"",""E"",""I"",""N"",""O"",""S"",""T"",""U""]},{""position"":4,""characters"":[""A"",""E"",""F"",""M"",""N"",""R"",""T""]},{""position"":5,""characters"":[""A"",""O"",""R""]},{""position"":6,""characters"":[""C"",""N""]},{""position"":7,""characters"":[""E""]},{""position"":8,""characters"":[""E"",""F"",""M"",""N"",""O"",""R"",""T""]},{""position"":9,""characters"":[""A"",""E""]},{""position"":10,""characters"":[""R"",""S""]},{""position"":11,""characters"":[""A"",""D"",""I"",""L"",""N"",""O""]},{""position"":12,""characters"":[""A"",""E"",""I"",""N"",""O"",""U""]}]","true","false","A_TRUE_GAP","0","0","0","0","0","0","[]","[]","","false","false"
"13","ar_to_en","1","58","0","10","down","13","???????????P?","[{""position"":0,""characters"":[""A"",""C"",""D"",""E"",""G"",""I"",""L"",""M"",""N"",""O"",""P"",""R"",""S"",""U""]},{""position"":1,""characters"":[""A"",""C"",""D"",""E"",""I"",""L"",""N"",""O"",""P"",""R"",""T"",""U"",""V""]},{""position"":2,""characters"":[""A"",""C"",""D"",""E"",""G"",""I"",""M"",""N"",""O"",""R"",""S"",""T"",""V""]},{""position"":3,""characters"":[""A"",""C"",""D"",""E"",""F"",""I"",""N"",""O"",""P"",""R"",""S"",""T"",""U""]},{""position"":4,""characters"":[""A"",""E"",""F"",""I"",""M"",""N"",""O"",""R"",""T"",""U""]},{""position"":5,""characters"":[""A"",""C"",""D"",""E"",""F"",""G"",""I"",""M"",""N"",""O"",""P"",""R"",""S"",""T"",""U""]},{""position"":6,""characters"":[""A"",""B"",""C"",""H"",""I"",""L"",""N"",""O"",""S"",""T"",""U""]},{""position"":7,""characters"":[""A"",""C"",""D"",""E"",""F"",""G"",""I"",""L"",""M"",""N"",""O"",""P"",""R"",""S"",""T"",""U""]},{""position"":8,""characters"":[""A"",""E"",""F"",""I"",""M"",""N"",""O"",""R"",""T"",""U""]},{""position"":9,""characters"":[""A"",""C"",""D"",""E"",""F"",""I"",""M"",""N"",""O"",""P"",""R"",""S"",""T"",""U""]},{""position"":10,""characters"":[""A"",""C"",""D"",""E"",""G"",""I"",""M"",""N"",""O"",""R"",""S"",""T"",""V""]},{""position"":11,""characters"":[""P""]},{""position"":12,""characters"":[""A"",""C"",""D"",""E"",""G"",""I"",""L"",""M"",""N"",""O"",""P"",""R"",""S"",""T"",""U""]}]","true","false","A_TRUE_GAP","0","0","0","0","0","0","[]","[]","","false","false"
"13","ar_to_en","1","58","10","0","across","13","?????????????","[{""position"":0,""characters"":[""A"",""O"",""R"",""U""]},{""position"":1,""characters"":[""A"",""E"",""N"",""R"",""T""]},{""position"":2,""characters"":[""A"",""E"",""G"",""O""]},{""position"":3,""characters"":[""A"",""E"",""I"",""N"",""O"",""S"",""T"",""U""]},{""position"":4,""characters"":[""A"",""E"",""F"",""M"",""N"",""R"",""T""]},{""position"":5,""characters"":[""A"",""E"",""I"",""O""]},{""position"":6,""characters"":[""C"",""N""]},{""position"":7,""characters"":[""A"",""C"",""I"",""N""]},{""position"":8,""characters"":[""E"",""F"",""M"",""N"",""O"",""R"",""T""]},{""position"":9,""characters"":[""A"",""E""]},{""position"":10,""characters"":[""R"",""S""]},{""position"":11,""characters"":[""A"",""D"",""I"",""L"",""N"",""O""]},{""position"":12,""characters"":[""A"",""E"",""I"",""N"",""O"",""U""]}]","true","false","A_TRUE_GAP","0","0","0","0","0","0","[]","[]","","false","false"
"13","ar_to_en","1","58","10","0","across","13","??????????C??","[{""position"":0,""characters"":[""A"",""O"",""R"",""U""]},{""position"":1,""characters"":[""L"",""N""]},{""position"":2,""characters"":[""A"",""E"",""G"",""O""]},{""position"":3,""characters"":[""A"",""C"",""E"",""I"",""N"",""T"",""U""]},{""position"":4,""characters"":[""E"",""F"",""I"",""M"",""O"",""R"",""T""]},{""position"":5,""characters"":[""A"",""E"",""I"",""R""]},{""position"":6,""characters"":[""A"",""I"",""O"",""U""]},{""position"":7,""characters"":[""A"",""I"",""N"",""T""]},{""position"":8,""characters"":[""E"",""F"",""M"",""N"",""O"",""R"",""T""]},{""position"":9,""characters"":[""A"",""D"",""E"",""I"",""N"",""O"",""T""]},{""position"":10,""characters"":[""C""]},{""position"":11,""characters"":[""A"",""C"",""E"",""N"",""R"",""T""]},{""position"":12,""characters"":[""A"",""D"",""E"",""I"",""O"",""P"",""U""]}]","true","false","A_TRUE_GAP","0","0","0","0","0","0","[]","[]","","false","false"
"13","ar_to_en","1","58","0","2","down","13","???????????C?","[{""position"":0,""characters"":[""A"",""C"",""D"",""E"",""G"",""I"",""L"",""M"",""N"",""O"",""P"",""R"",""S"",""T"",""U"",""Y""]},{""position"":1,""characters"":[""A"",""C"",""D"",""E"",""I"",""L"",""N"",""O"",""P"",""R"",""T"",""U""]},{""position"":2,""characters"":[""A"",""C"",""D"",""E"",""G"",""I"",""M"",""N"",""O"",""P"",""R"",""S"",""T"",""V""]},{""position"":3,""characters"":[""A"",""C"",""D"",""E"",""F"",""I"",""M"",""N"",""O"",""P"",""R"",""S"",""T"",""U""]},{""position"":4,""characters"":[""A"",""E"",""F"",""I"",""M"",""N"",""O"",""R"",""T"",""U""]},{""position"":5,""characters"":[""A"",""C"",""D"",""E"",""F"",""G"",""I"",""M"",""N"",""O"",""P"",""R"",""S"",""T"",""U""]},{""position"":6,""characters"":[""A"",""B"",""C"",""H"",""I"",""L"",""N"",""O"",""S"",""T"",""U""]},{""position"":7,""characters"":[""A"",""C"",""D"",""E"",""F"",""G"",""I"",""L"",""M"",""N"",""O"",""P"",""R"",""S"",""T"",""U"",""X""]},{""position"":8,""characters"":[""A"",""E"",""F"",""I"",""M"",""N"",""O"",""R"",""T"",""U""]},{""position"":9,""characters"":[""A"",""C"",""D"",""E"",""F"",""I"",""M"",""N"",""O"",""R"",""S"",""T"",""U""]},{""position"":10,""characters"":[""A"",""C"",""D"",""E"",""G"",""I"",""M"",""N"",""O"",""P"",""R"",""S"",""T"",""V""]},{""position"":11,""characters"":[""C""]},{""position"":12,""characters"":[""A"",""C"",""D"",""E"",""G"",""I"",""L"",""M"",""N"",""O"",""P"",""R"",""S"",""T"",""U""]}]","true","false","B_USED_EXHAUSTION","1","1","1","0","0","0","[""ACCOMMODATION""]","[]","100","false","false"
"13","ar_to_en","1","58","10","0","across","13","?????????????","[{""position"":0,""characters"":[""O"",""S""]},{""position"":1,""characters"":[""A"",""E"",""N"",""O""]},{""position"":2,""characters"":[""M"",""V""]},{""position"":3,""characters"":[""A"",""C"",""E"",""F"",""I"",""M"",""N"",""O"",""S"",""T"",""U""]},{""position"":4,""characters"":[""A"",""E"",""I"",""O"",""R"",""T"",""U""]},{""position"":5,""characters"":[""A"",""D"",""E"",""I"",""O"",""P""]},{""position"":6,""characters"":[""A"",""C"",""I"",""N"",""O"",""U""]},{""position"":7,""characters"":[""C"",""I"",""N"",""R""]},{""position"":8,""characters"":[""A"",""E"",""I"",""N"",""O"",""T""]},{""position"":9,""characters"":[""A"",""O"",""S""]},{""position"":10,""characters"":[""R"",""S""]},{""position"":11,""characters"":[""A"",""E"",""I"",""N"",""O""]},{""position"":12,""characters"":[""A"",""E"",""I"",""O""]}]","true","false","A_TRUE_GAP","0","0","0","0","0","0","[]","[]","","false","false"
"13","ar_to_en","1","58","9","0","across","8","???????G","[{""position"":0,""characters"":[""A"",""B"",""L"",""N"",""P"",""R"",""T"",""W""]},{""position"":1,""characters"":[""D"",""E"",""K"",""T""]},{""position"":2,""characters"":[""D"",""E"",""I"",""M"",""O"",""R"",""T""]},{""position"":3,""characters"":[""A"",""C"",""D"",""E"",""F"",""I"",""L"",""M"",""N"",""R"",""S"",""T"",""U"",""V"",""Y""]},{""position"":4,""characters"":[""A"",""C"",""D"",""E"",""F"",""G"",""I"",""M"",""N"",""O"",""P"",""R"",""S"",""T"",""U"",""V"",""W""]},{""position"":5,""characters"":[""E"",""N""]},{""position"":6,""characters"":[""C"",""D"",""G"",""H"",""L"",""N"",""P"",""R"",""S"",""T""]},{""position"":7,""characters"":[""G""]}]","true","false","A_TRUE_GAP","0","0","0","0","0","0","[]","[]","","false","false"
"13","ar_to_en","1","58","2","0","across","13","??N??????????","[{""position"":0,""characters"":[""A"",""C"",""D"",""E"",""G"",""I"",""L"",""M"",""N"",""O"",""P"",""R"",""S"",""T"",""U""]},{""position"":1,""characters"":[""A"",""C"",""D"",""E"",""I"",""L"",""N"",""O"",""P"",""R"",""T"",""U""]},{""position"":2,""characters"":[""N""]},{""position"":3,""characters"":[""A"",""C"",""D"",""E"",""F"",""I"",""M"",""N"",""O"",""P"",""R"",""S"",""T"",""U""]},{""position"":4,""characters"":[""A"",""E"",""F"",""I"",""M"",""N"",""O"",""R"",""T"",""U""]},{""position"":5,""characters"":[""A"",""C"",""D"",""E"",""F"",""G"",""I"",""L"",""M"",""N"",""O"",""P"",""R"",""S"",""T"",""U""]},{""position"":6,""characters"":[""A"",""B"",""C"",""H"",""I"",""L"",""N"",""O"",""S"",""T"",""U"",""Z""]},{""position"":7,""characters"":[""A"",""D"",""E"",""G"",""I"",""M"",""N"",""P"",""R"",""S"",""T""]},{""position"":8,""characters"":[""A"",""E"",""F"",""I"",""M"",""N"",""O"",""R"",""T"",""U""]},{""position"":9,""characters"":[""A"",""C"",""D"",""E"",""F"",""I"",""M"",""N"",""O"",""R"",""S"",""T"",""U""]},{""position"":10,""characters"":[""C"",""O""]},{""position"":11,""characters"":[""A"",""C"",""D"",""E"",""I"",""L"",""N"",""O"",""P"",""R"",""T"",""U"",""V""]},{""position"":12,""characters"":[""A"",""C"",""D"",""E"",""G"",""I"",""L"",""M"",""N"",""O"",""P"",""R"",""S"",""T"",""U""]}]","true","false","A_TRUE_GAP","0","0","0","0","0","0","[]","[]","","false","false"
"13","ar_to_en","1","59","0","10","down","13","???????????P?","[{""position"":0,""characters"":[""A"",""C"",""D"",""E"",""G"",""I"",""L"",""M"",""N"",""O"",""P"",""R"",""S"",""U""]},{""position"":1,""characters"":[""A"",""C"",""D"",""E"",""I"",""L"",""N"",""O"",""P"",""R"",""T"",""U"",""V""]},{""position"":2,""characters"":[""A"",""C"",""D"",""E"",""G"",""I"",""M"",""N"",""O"",""R"",""S"",""T"",""V""]},{""position"":3,""characters"":[""A"",""C"",""D"",""E"",""F"",""I"",""N"",""O"",""P"",""R"",""S"",""T"",""U""]},{""position"":4,""characters"":[""A"",""E"",""F"",""I"",""M"",""N"",""O"",""R"",""T"",""U""]},{""position"":5,""characters"":[""A"",""C"",""D"",""E"",""F"",""G"",""I"",""M"",""N"",""O"",""P"",""R"",""S"",""T"",""U""]},{""position"":6,""characters"":[""A"",""B"",""C"",""H"",""I"",""L"",""N"",""O"",""S"",""T"",""U""]},{""position"":7,""characters"":[""A"",""C"",""D"",""E"",""F"",""G"",""I"",""L"",""M"",""N"",""O"",""P"",""R"",""S"",""T"",""U""]},{""position"":8,""characters"":[""A"",""E"",""F"",""I"",""M"",""N"",""O"",""R"",""T"",""U""]},{""position"":9,""characters"":[""A"",""C"",""D"",""E"",""F"",""I"",""M"",""N"",""O"",""P"",""R"",""S"",""T"",""U""]},{""position"":10,""characters"":[""A"",""C"",""D"",""E"",""G"",""I"",""M"",""N"",""O"",""R"",""S"",""T"",""V""]},{""position"":11,""characters"":[""P""]},{""position"":12,""characters"":[""A"",""C"",""D"",""E"",""G"",""I"",""L"",""M"",""N"",""O"",""P"",""R"",""S"",""T"",""U""]}]","true","false","A_TRUE_GAP","0","0","0","0","0","0","[]","[]","","false","false"
"13","ar_to_en","1","59","10","0","across","13","?????????????","[{""position"":0,""characters"":[""A"",""O"",""R"",""U""]},{""position"":1,""characters"":[""A"",""E"",""N"",""R"",""T""]},{""position"":2,""characters"":[""A"",""E"",""G"",""O""]},{""position"":3,""characters"":[""A"",""E"",""I"",""N"",""O"",""S"",""T"",""U""]},{""position"":4,""characters"":[""A"",""E"",""F"",""M"",""N"",""R"",""T""]},{""position"":5,""characters"":[""A"",""E"",""I"",""O""]},{""position"":6,""characters"":[""C"",""N""]},{""position"":7,""characters"":[""A"",""C"",""I"",""N""]},{""position"":8,""characters"":[""E"",""F"",""M"",""N"",""O"",""R"",""T""]},{""position"":9,""characters"":[""A"",""E""]},{""position"":10,""characters"":[""R"",""S""]},{""position"":11,""characters"":[""A"",""D"",""I"",""L"",""N"",""O""]},{""position"":12,""characters"":[""A"",""E"",""I"",""N"",""O"",""U""]}]","true","false","A_TRUE_GAP","0","0","0","0","0","0","[]","[]","","false","false"
"13","ar_to_en","1","59","10","0","across","13","??????????C??","[{""position"":0,""characters"":[""A"",""O"",""R"",""U""]},{""position"":1,""characters"":[""L"",""N""]},{""position"":2,""characters"":[""A"",""E"",""G"",""O""]},{""position"":3,""characters"":[""A"",""C"",""E"",""I"",""N"",""T"",""U""]},{""position"":4,""characters"":[""E"",""F"",""I"",""M"",""O"",""R"",""T""]},{""position"":5,""characters"":[""A"",""E"",""I"",""R""]},{""position"":6,""characters"":[""A"",""I"",""O"",""U""]},{""position"":7,""characters"":[""A"",""I"",""N"",""T""]},{""position"":8,""characters"":[""E"",""F"",""M"",""N"",""O"",""R"",""T""]},{""position"":9,""characters"":[""A"",""D"",""E"",""I"",""N"",""O"",""T""]},{""position"":10,""characters"":[""C""]},{""position"":11,""characters"":[""A"",""C"",""E"",""N"",""R"",""T""]},{""position"":12,""characters"":[""A"",""D"",""E"",""I"",""O"",""P"",""U""]}]","true","false","A_TRUE_GAP","0","0","0","0","0","0","[]","[]","","false","false"
"13","ar_to_en","1","59","0","2","down","13","???????????C?","[{""position"":0,""characters"":[""A"",""C"",""D"",""E"",""G"",""I"",""L"",""M"",""N"",""O"",""P"",""R"",""S"",""T"",""U"",""Y""]},{""position"":1,""characters"":[""A"",""C"",""D"",""E"",""I"",""L"",""N"",""O"",""P"",""R"",""T"",""U""]},{""position"":2,""characters"":[""A"",""C"",""D"",""E"",""G"",""I"",""M"",""N"",""O"",""P"",""R"",""S"",""T"",""V""]},{""position"":3,""characters"":[""A"",""C"",""D"",""E"",""F"",""I"",""M"",""N"",""O"",""P"",""R"",""S"",""T"",""U""]},{""position"":4,""characters"":[""A"",""E"",""F"",""I"",""M"",""N"",""O"",""R"",""T"",""U""]},{""position"":5,""characters"":[""A"",""C"",""D"",""E"",""F"",""G"",""I"",""M"",""N"",""O"",""P"",""R"",""S"",""T"",""U""]},{""position"":6,""characters"":[""A"",""B"",""C"",""H"",""I"",""L"",""N"",""O"",""S"",""T"",""U""]},{""position"":7,""characters"":[""A"",""C"",""D"",""E"",""F"",""G"",""I"",""L"",""M"",""N"",""O"",""P"",""R"",""S"",""T"",""U"",""X""]},{""position"":8,""characters"":[""A"",""E"",""F"",""I"",""M"",""N"",""O"",""R"",""T"",""U""]},{""position"":9,""characters"":[""A"",""C"",""D"",""E"",""F"",""I"",""M"",""N"",""O"",""R"",""S"",""T"",""U""]},{""position"":10,""characters"":[""A"",""C"",""D"",""E"",""G"",""I"",""M"",""N"",""O"",""P"",""R"",""S"",""T"",""V""]},{""position"":11,""characters"":[""C""]},{""position"":12,""characters"":[""A"",""C"",""D"",""E"",""G"",""I"",""L"",""M"",""N"",""O"",""P"",""R"",""S"",""T"",""U""]}]","true","false","B_USED_EXHAUSTION","1","1","1","0","0","0","[""ACCOMMODATION""]","[]","100","false","false"
"13","ar_to_en","1","59","10","0","across","13","?????????????","[{""position"":0,""characters"":[""O"",""S""]},{""position"":1,""characters"":[""A"",""E"",""N"",""O""]},{""position"":2,""characters"":[""M"",""V""]},{""position"":3,""characters"":[""A"",""C"",""E"",""F"",""I"",""M"",""N"",""O"",""S"",""T"",""U""]},{""position"":4,""characters"":[""A"",""E"",""I"",""O"",""R"",""T"",""U""]},{""position"":5,""characters"":[""A"",""D"",""E"",""I"",""O"",""P""]},{""position"":6,""characters"":[""A"",""C"",""I"",""N"",""O"",""U""]},{""position"":7,""characters"":[""C"",""I"",""N"",""R""]},{""position"":8,""characters"":[""A"",""E"",""I"",""N"",""O"",""T""]},{""position"":9,""characters"":[""A"",""O"",""S""]},{""position"":10,""characters"":[""R"",""S""]},{""position"":11,""characters"":[""A"",""E"",""I"",""N"",""O""]},{""position"":12,""characters"":[""A"",""E"",""I"",""O""]}]","true","false","A_TRUE_GAP","0","0","0","0","0","0","[]","[]","","false","false"
"13","ar_to_en","1","59","9","0","across","8","???????G","[{""position"":0,""characters"":[""A"",""B"",""L"",""N"",""P"",""R"",""T"",""W""]},{""position"":1,""characters"":[""D"",""E"",""K"",""T""]},{""position"":2,""characters"":[""D"",""E"",""I"",""M"",""O"",""R"",""T""]},{""position"":3,""characters"":[""A"",""C"",""D"",""E"",""F"",""I"",""L"",""M"",""N"",""R"",""S"",""T"",""U"",""V"",""Y""]},{""position"":4,""characters"":[""A"",""C"",""D"",""E"",""F"",""G"",""I"",""M"",""N"",""O"",""P"",""R"",""S"",""T"",""U"",""V"",""W""]},{""position"":5,""characters"":[""E"",""N""]},{""position"":6,""characters"":[""C"",""D"",""G"",""H"",""L"",""N"",""P"",""R"",""S"",""T""]},{""position"":7,""characters"":[""G""]}]","true","false","A_TRUE_GAP","0","0","0","0","0","0","[]","[]","","false","false"
"13","ar_to_en","1","59","2","0","across","13","??N??????????","[{""position"":0,""characters"":[""A"",""C"",""D"",""E"",""G"",""I"",""L"",""M"",""N"",""O"",""P"",""R"",""S"",""T"",""U""]},{""position"":1,""characters"":[""A"",""C"",""D"",""E"",""I"",""L"",""N"",""O"",""P"",""R"",""T"",""U""]},{""position"":2,""characters"":[""N""]},{""position"":3,""characters"":[""A"",""C"",""D"",""E"",""F"",""I"",""M"",""N"",""O"",""P"",""R"",""S"",""T"",""U""]},{""position"":4,""characters"":[""A"",""E"",""F"",""I"",""M"",""N"",""O"",""R"",""T"",""U""]},{""position"":5,""characters"":[""A"",""C"",""D"",""E"",""F"",""G"",""I"",""L"",""M"",""N"",""O"",""P"",""R"",""S"",""T"",""U""]},{""position"":6,""characters"":[""A"",""B"",""C"",""H"",""I"",""L"",""N"",""O"",""S"",""T"",""U"",""Z""]},{""position"":7,""characters"":[""A"",""D"",""E"",""G"",""I"",""M"",""N"",""P"",""R"",""S"",""T""]},{""position"":8,""characters"":[""A"",""E"",""F"",""I"",""M"",""N"",""O"",""R"",""T"",""U""]},{""position"":9,""characters"":[""A"",""C"",""D"",""E"",""F"",""I"",""M"",""N"",""O"",""R"",""S"",""T"",""U""]},{""position"":10,""characters"":[""C"",""O""]},{""position"":11,""characters"":[""A"",""C"",""D"",""E"",""I"",""L"",""N"",""O"",""P"",""R"",""T"",""U"",""V""]},{""position"":12,""characters"":[""A"",""C"",""D"",""E"",""G"",""I"",""L"",""M"",""N"",""O"",""P"",""R"",""S"",""T"",""U""]}]","true","false","A_TRUE_GAP","0","0","0","0","0","0","[]","[]","","false","false"
"13","ar_to_en","1","60","2","0","across","13","??M???????N??","[{""position"":0,""characters"":[""A"",""C"",""D"",""E"",""G"",""I"",""L"",""M"",""N"",""O"",""P"",""R"",""S"",""T"",""U""]},{""position"":1,""characters"":[""A"",""C"",""D"",""E"",""I"",""L"",""N"",""O"",""P"",""R"",""T"",""U""]},{""position"":2,""characters"":[""M""]},{""position"":3,""characters"":[""A"",""C"",""D"",""E"",""F"",""I"",""M"",""N"",""O"",""P"",""R"",""S"",""T"",""U""]},{""position"":4,""characters"":[""A"",""E"",""F"",""I"",""M"",""N"",""O"",""R"",""T"",""U""]},{""position"":5,""characters"":[""A"",""C"",""D"",""E"",""F"",""G"",""I"",""L"",""M"",""N"",""P"",""R"",""S"",""T"",""U""]},{""position"":6,""characters"":[""A"",""B"",""C"",""H"",""I"",""L"",""N"",""O"",""S"",""T"",""U"",""Z""]},{""position"":7,""characters"":[""D"",""T""]},{""position"":8,""characters"":[""A"",""E"",""F"",""I"",""M"",""N"",""O"",""R"",""T"",""U""]},{""position"":9,""characters"":[""A"",""C"",""D"",""E"",""F"",""I"",""M"",""N"",""O"",""R"",""S"",""T"",""U""]},{""position"":10,""characters"":[""N""]},{""position"":11,""characters"":[""A"",""C"",""D"",""E"",""I"",""L"",""N"",""O"",""P"",""R"",""T"",""U"",""V""]},{""position"":12,""characters"":[""A"",""C"",""D"",""E"",""G"",""I"",""L"",""M"",""N"",""O"",""P"",""R"",""S"",""T"",""U""]}]","true","false","A_TRUE_GAP","0","0","0","0","0","0","[]","[]","","false","false"
"13","ar_to_en","1","60","2","0","across","13","??N???????M??","[{""position"":0,""characters"":[""A"",""C"",""D"",""E"",""G"",""I"",""L"",""M"",""N"",""O"",""P"",""R"",""S"",""T"",""U""]},{""position"":1,""characters"":[""A"",""C"",""D"",""E"",""I"",""L"",""N"",""O"",""P"",""R"",""T"",""U""]},{""position"":2,""characters"":[""N""]},{""position"":3,""characters"":[""A"",""C"",""D"",""E"",""F"",""I"",""M"",""N"",""O"",""P"",""R"",""S"",""T"",""U""]},{""position"":4,""characters"":[""A"",""E"",""F"",""I"",""M"",""N"",""O"",""R"",""T"",""U""]},{""position"":5,""characters"":[""A"",""C"",""D"",""E"",""F"",""G"",""I"",""L"",""M"",""N"",""P"",""R"",""S"",""T"",""U""]},{""position"":6,""characters"":[""A"",""B"",""C"",""H"",""I"",""L"",""N"",""O"",""S"",""T"",""U"",""Z""]},{""position"":7,""characters"":[""A"",""C"",""D"",""E"",""I"",""N"",""P"",""R"",""S""]},{""position"":8,""characters"":[""A"",""E"",""F"",""I"",""M"",""N"",""O"",""R"",""T"",""U""]},{""position"":9,""characters"":[""A"",""C"",""D"",""E"",""F"",""I"",""M"",""N"",""O"",""R"",""S"",""T"",""U""]},{""position"":10,""characters"":[""M""]},{""position"":11,""characters"":[""A"",""C"",""D"",""E"",""I"",""L"",""N"",""O"",""P"",""R"",""T"",""U"",""V""]},{""position"":12,""characters"":[""A"",""C"",""D"",""E"",""G"",""I"",""L"",""M"",""N"",""O"",""P"",""R"",""S"",""T"",""U""]}]","true","false","A_TRUE_GAP","0","0","0","0","0","0","[]","[]","","false","false"
"13","ar_to_en","1","60","0","10","down","13","???????????P?","[{""position"":0,""characters"":[""A"",""C"",""D"",""E"",""G"",""I"",""L"",""M"",""N"",""O"",""P"",""R"",""S"",""U""]},{""position"":1,""characters"":[""A"",""C"",""D"",""E"",""I"",""L"",""N"",""O"",""P"",""R"",""T"",""U"",""V""]},{""position"":2,""characters"":[""A"",""C"",""D"",""E"",""G"",""I"",""M"",""N"",""O"",""R"",""S"",""T"",""V""]},{""position"":3,""characters"":[""A"",""C"",""D"",""E"",""F"",""I"",""N"",""O"",""P"",""R"",""S"",""T"",""U""]},{""position"":4,""characters"":[""A"",""E"",""F"",""I"",""M"",""N"",""O"",""R"",""T"",""U""]},{""position"":5,""characters"":[""A"",""C"",""D"",""E"",""F"",""G"",""I"",""M"",""N"",""O"",""P"",""R"",""S"",""T"",""U""]},{""position"":6,""characters"":[""A"",""B"",""C"",""H"",""I"",""L"",""N"",""O"",""S"",""T"",""U""]},{""position"":7,""characters"":[""A"",""C"",""D"",""E"",""F"",""G"",""I"",""L"",""M"",""N"",""O"",""P"",""R"",""S"",""T"",""U""]},{""position"":8,""characters"":[""A"",""E"",""F"",""I"",""M"",""N"",""O"",""R"",""T"",""U""]},{""position"":9,""characters"":[""A"",""C"",""D"",""E"",""F"",""I"",""M"",""N"",""O"",""P"",""R"",""S"",""T"",""U""]},{""position"":10,""characters"":[""A"",""C"",""D"",""E"",""G"",""I"",""M"",""N"",""O"",""R"",""S"",""T"",""V""]},{""position"":11,""characters"":[""P""]},{""position"":12,""characters"":[""A"",""C"",""D"",""E"",""G"",""I"",""L"",""M"",""N"",""O"",""P"",""R"",""S"",""T"",""U""]}]","true","false","A_TRUE_GAP","0","0","0","0","0","0","[]","[]","","false","false"
"13","ar_to_en","1","60","10","0","across","13","?????????????","[{""position"":0,""characters"":[""A"",""O"",""R"",""U""]},{""position"":1,""characters"":[""A"",""E"",""N"",""R"",""T""]},{""position"":2,""characters"":[""A"",""E"",""G"",""O""]},{""position"":3,""characters"":[""A"",""E"",""I"",""N"",""O"",""S"",""T"",""U""]},{""position"":4,""characters"":[""A"",""E"",""F"",""M"",""N"",""R"",""T""]},{""position"":5,""characters"":[""A"",""E"",""I"",""O""]},{""position"":6,""characters"":[""C"",""N""]},{""position"":7,""characters"":[""A"",""C"",""I"",""N""]},{""position"":8,""characters"":[""E"",""F"",""M"",""N"",""O"",""R"",""T""]},{""position"":9,""characters"":[""A"",""E""]},{""position"":10,""characters"":[""R"",""S""]},{""position"":11,""characters"":[""A"",""D"",""I"",""L"",""N"",""O""]},{""position"":12,""characters"":[""A"",""E"",""I"",""N"",""O"",""U""]}]","true","false","A_TRUE_GAP","0","0","0","0","0","0","[]","[]","","false","false"
"13","ar_to_en","1","60","10","0","across","13","??????????C??","[{""position"":0,""characters"":[""A"",""O"",""R"",""U""]},{""position"":1,""characters"":[""L"",""N""]},{""position"":2,""characters"":[""A"",""E"",""G"",""O""]},{""position"":3,""characters"":[""A"",""C"",""E"",""I"",""N"",""T"",""U""]},{""position"":4,""characters"":[""E"",""F"",""I"",""M"",""O"",""R"",""T""]},{""position"":5,""characters"":[""A"",""E"",""I"",""R""]},{""position"":6,""characters"":[""A"",""I"",""O"",""U""]},{""position"":7,""characters"":[""A"",""I"",""N"",""T""]},{""position"":8,""characters"":[""E"",""F"",""M"",""N"",""O"",""R"",""T""]},{""position"":9,""characters"":[""A"",""D"",""E"",""I"",""N"",""O"",""T""]},{""position"":10,""characters"":[""C""]},{""position"":11,""characters"":[""A"",""C"",""E"",""N"",""R"",""T""]},{""position"":12,""characters"":[""A"",""D"",""E"",""I"",""O"",""P"",""U""]}]","true","false","A_TRUE_GAP","0","0","0","0","0","0","[]","[]","","false","false"
"13","ar_to_en","1","60","0","2","down","13","???????????C?","[{""position"":0,""characters"":[""A"",""C"",""D"",""E"",""G"",""I"",""L"",""M"",""N"",""O"",""P"",""R"",""S"",""T"",""U"",""Y""]},{""position"":1,""characters"":[""A"",""C"",""D"",""E"",""I"",""L"",""N"",""O"",""P"",""R"",""T"",""U""]},{""position"":2,""characters"":[""A"",""C"",""D"",""E"",""G"",""I"",""M"",""N"",""O"",""P"",""R"",""S"",""T"",""V""]},{""position"":3,""characters"":[""A"",""C"",""D"",""E"",""F"",""I"",""M"",""N"",""O"",""P"",""R"",""S"",""T"",""U""]},{""position"":4,""characters"":[""A"",""E"",""F"",""I"",""M"",""N"",""O"",""R"",""T"",""U""]},{""position"":5,""characters"":[""A"",""C"",""D"",""E"",""F"",""G"",""I"",""M"",""N"",""O"",""P"",""R"",""S"",""T"",""U""]},{""position"":6,""characters"":[""A"",""B"",""C"",""H"",""I"",""L"",""N"",""O"",""S"",""T"",""U""]},{""position"":7,""characters"":[""A"",""C"",""D"",""E"",""F"",""G"",""I"",""L"",""M"",""N"",""O"",""P"",""R"",""S"",""T"",""U"",""X""]},{""position"":8,""characters"":[""A"",""E"",""F"",""I"",""M"",""N"",""O"",""R"",""T"",""U""]},{""position"":9,""characters"":[""A"",""C"",""D"",""E"",""F"",""I"",""M"",""N"",""O"",""R"",""S"",""T"",""U""]},{""position"":10,""characters"":[""A"",""C"",""D"",""E"",""G"",""I"",""M"",""N"",""O"",""P"",""R"",""S"",""T"",""V""]},{""position"":11,""characters"":[""C""]},{""position"":12,""characters"":[""A"",""C"",""D"",""E"",""G"",""I"",""L"",""M"",""N"",""O"",""P"",""R"",""S"",""T"",""U""]}]","true","false","B_USED_EXHAUSTION","1","1","1","0","0","0","[""ACCOMMODATION""]","[]","100","false","false"
"13","ar_to_en","1","60","10","0","across","13","?????????????","[{""position"":0,""characters"":[""O"",""S""]},{""position"":1,""characters"":[""A"",""E"",""N"",""O""]},{""position"":2,""characters"":[""M"",""V""]},{""position"":3,""characters"":[""A"",""C"",""E"",""F"",""I"",""M"",""N"",""O"",""S"",""T"",""U""]},{""position"":4,""characters"":[""A"",""E"",""I"",""O"",""R"",""T"",""U""]},{""position"":5,""characters"":[""A"",""D"",""E"",""I"",""O"",""P""]},{""position"":6,""characters"":[""A"",""C"",""I"",""N"",""O"",""U""]},{""position"":7,""characters"":[""C"",""I"",""N"",""R""]},{""position"":8,""characters"":[""A"",""E"",""I"",""N"",""O"",""T""]},{""position"":9,""characters"":[""A"",""O"",""S""]},{""position"":10,""characters"":[""R"",""S""]},{""position"":11,""characters"":[""A"",""E"",""I"",""N"",""O""]},{""position"":12,""characters"":[""A"",""E"",""I"",""O""]}]","true","false","A_TRUE_GAP","0","0","0","0","0","0","[]","[]","","false","false"
"13","ar_to_en","1","60","9","0","across","8","???????G","[{""position"":0,""characters"":[""A"",""B"",""L"",""N"",""P"",""R"",""T"",""W""]},{""position"":1,""characters"":[""D"",""E"",""K"",""T""]},{""position"":2,""characters"":[""D"",""E"",""I"",""M"",""O"",""R"",""T""]},{""position"":3,""characters"":[""A"",""C"",""D"",""E"",""F"",""I"",""L"",""M"",""N"",""R"",""S"",""T"",""U"",""V"",""Y""]},{""position"":4,""characters"":[""A"",""C"",""D"",""E"",""F"",""G"",""I"",""M"",""N"",""O"",""P"",""R"",""S"",""T"",""U"",""V"",""W""]},{""position"":5,""characters"":[""E"",""N""]},{""position"":6,""characters"":[""C"",""D"",""G"",""H"",""L"",""N"",""P"",""R"",""S"",""T""]},{""position"":7,""characters"":[""G""]}]","true","false","A_TRUE_GAP","0","0","0","0","0","0","[]","[]","","false","false"
"13","ar_to_en","1","61","10","0","across","13","???????E?????","[{""position"":0,""characters"":[""A"",""E"",""I"",""O"",""P"",""U""]},{""position"":1,""characters"":[""D"",""E"",""L"",""N"",""P"",""R"",""T""]},{""position"":2,""characters"":[""A"",""E"",""G"",""O""]},{""position"":3,""characters"":[""A"",""E"",""I"",""N"",""O"",""S"",""T"",""U""]},{""position"":4,""characters"":[""A"",""E"",""F"",""M"",""N"",""R"",""T""]},{""position"":5,""characters"":[""A"",""O"",""R""]},{""position"":6,""characters"":[""C"",""N""]},{""position"":7,""characters"":[""E""]},{""position"":8,""characters"":[""E"",""F"",""M"",""N"",""O"",""R"",""T""]},{""position"":9,""characters"":[""A"",""E""]},{""position"":10,""characters"":[""R"",""S""]},{""position"":11,""characters"":[""A"",""D"",""I"",""L"",""N"",""O""]},{""position"":12,""characters"":[""A"",""E"",""I"",""N"",""O"",""U""]}]","true","false","A_TRUE_GAP","0","0","0","0","0","0","[]","[]","","false","false"
"13","ar_to_en","1","61","2","0","across","13","??M???????N??","[{""position"":0,""characters"":[""A"",""C"",""D"",""E"",""G"",""I"",""L"",""M"",""N"",""O"",""P"",""R"",""S"",""T"",""U""]},{""position"":1,""characters"":[""A"",""C"",""D"",""E"",""I"",""L"",""N"",""O"",""P"",""R"",""T"",""U""]},{""position"":2,""characters"":[""M""]},{""position"":3,""characters"":[""A"",""C"",""D"",""E"",""F"",""I"",""M"",""N"",""O"",""P"",""R"",""S"",""T"",""U""]},{""position"":4,""characters"":[""A"",""E"",""F"",""I"",""M"",""N"",""O"",""R"",""T"",""U""]},{""position"":5,""characters"":[""A"",""C"",""D"",""E"",""F"",""G"",""I"",""L"",""M"",""N"",""P"",""R"",""S"",""T"",""U""]},{""position"":6,""characters"":[""A"",""B"",""C"",""H"",""I"",""L"",""N"",""O"",""S"",""T"",""U"",""Z""]},{""position"":7,""characters"":[""D"",""T""]},{""position"":8,""characters"":[""A"",""E"",""F"",""I"",""M"",""N"",""O"",""R"",""T"",""U""]},{""position"":9,""characters"":[""A"",""C"",""D"",""E"",""F"",""I"",""M"",""N"",""O"",""R"",""S"",""T"",""U""]},{""position"":10,""characters"":[""N""]},{""position"":11,""characters"":[""A"",""C"",""D"",""E"",""I"",""L"",""N"",""O"",""P"",""R"",""T"",""U"",""V""]},{""position"":12,""characters"":[""A"",""C"",""D"",""E"",""G"",""I"",""L"",""M"",""N"",""O"",""P"",""R"",""S"",""T"",""U""]}]","true","false","A_TRUE_GAP","0","0","0","0","0","0","[]","[]","","false","false"
"13","ar_to_en","1","61","2","0","across","13","??N???????M??","[{""position"":0,""characters"":[""A"",""C"",""D"",""E"",""G"",""I"",""L"",""M"",""N"",""O"",""P"",""R"",""S"",""T"",""U""]},{""position"":1,""characters"":[""A"",""C"",""D"",""E"",""I"",""L"",""N"",""O"",""P"",""R"",""T"",""U""]},{""position"":2,""characters"":[""N""]},{""position"":3,""characters"":[""A"",""C"",""D"",""E"",""F"",""I"",""M"",""N"",""O"",""P"",""R"",""S"",""T"",""U""]},{""position"":4,""characters"":[""A"",""E"",""F"",""I"",""M"",""N"",""O"",""R"",""T"",""U""]},{""position"":5,""characters"":[""A"",""C"",""D"",""E"",""F"",""G"",""I"",""L"",""M"",""N"",""P"",""R"",""S"",""T"",""U""]},{""position"":6,""characters"":[""A"",""B"",""C"",""H"",""I"",""L"",""N"",""O"",""S"",""T"",""U"",""Z""]},{""position"":7,""characters"":[""A"",""C"",""D"",""E"",""I"",""N"",""P"",""R"",""S""]},{""position"":8,""characters"":[""A"",""E"",""F"",""I"",""M"",""N"",""O"",""R"",""T"",""U""]},{""position"":9,""characters"":[""A"",""C"",""D"",""E"",""F"",""I"",""M"",""N"",""O"",""R"",""S"",""T"",""U""]},{""position"":10,""characters"":[""M""]},{""position"":11,""characters"":[""A"",""C"",""D"",""E"",""I"",""L"",""N"",""O"",""P"",""R"",""T"",""U"",""V""]},{""position"":12,""characters"":[""A"",""C"",""D"",""E"",""G"",""I"",""L"",""M"",""N"",""O"",""P"",""R"",""S"",""T"",""U""]}]","true","false","A_TRUE_GAP","0","0","0","0","0","0","[]","[]","","false","false"
"13","ar_to_en","1","61","0","10","down","13","???????????P?","[{""position"":0,""characters"":[""A"",""C"",""D"",""E"",""G"",""I"",""L"",""M"",""N"",""O"",""P"",""R"",""S"",""U""]},{""position"":1,""characters"":[""A"",""C"",""D"",""E"",""I"",""L"",""N"",""O"",""P"",""R"",""T"",""U"",""V""]},{""position"":2,""characters"":[""A"",""C"",""D"",""E"",""G"",""I"",""M"",""N"",""O"",""R"",""S"",""T"",""V""]},{""position"":3,""characters"":[""A"",""C"",""D"",""E"",""F"",""I"",""N"",""O"",""P"",""R"",""S"",""T"",""U""]},{""position"":4,""characters"":[""A"",""E"",""F"",""I"",""M"",""N"",""O"",""R"",""T"",""U""]},{""position"":5,""characters"":[""A"",""C"",""D"",""E"",""F"",""G"",""I"",""M"",""N"",""O"",""P"",""R"",""S"",""T"",""U""]},{""position"":6,""characters"":[""A"",""B"",""C"",""H"",""I"",""L"",""N"",""O"",""S"",""T"",""U""]},{""position"":7,""characters"":[""A"",""C"",""D"",""E"",""F"",""G"",""I"",""L"",""M"",""N"",""O"",""P"",""R"",""S"",""T"",""U""]},{""position"":8,""characters"":[""A"",""E"",""F"",""I"",""M"",""N"",""O"",""R"",""T"",""U""]},{""position"":9,""characters"":[""A"",""C"",""D"",""E"",""F"",""I"",""M"",""N"",""O"",""P"",""R"",""S"",""T"",""U""]},{""position"":10,""characters"":[""A"",""C"",""D"",""E"",""G"",""I"",""M"",""N"",""O"",""R"",""S"",""T"",""V""]},{""position"":11,""characters"":[""P""]},{""position"":12,""characters"":[""A"",""C"",""D"",""E"",""G"",""I"",""L"",""M"",""N"",""O"",""P"",""R"",""S"",""T"",""U""]}]","true","false","A_TRUE_GAP","0","0","0","0","0","0","[]","[]","","false","false"
"13","ar_to_en","1","61","10","0","across","13","?????????????","[{""position"":0,""characters"":[""A"",""O"",""R"",""U""]},{""position"":1,""characters"":[""A"",""E"",""N"",""R"",""T""]},{""position"":2,""characters"":[""A"",""E"",""G"",""O""]},{""position"":3,""characters"":[""A"",""E"",""I"",""N"",""O"",""S"",""T"",""U""]},{""position"":4,""characters"":[""A"",""E"",""F"",""M"",""N"",""R"",""T""]},{""position"":5,""characters"":[""A"",""E"",""I"",""O""]},{""position"":6,""characters"":[""C"",""N""]},{""position"":7,""characters"":[""A"",""C"",""I"",""N""]},{""position"":8,""characters"":[""E"",""F"",""M"",""N"",""O"",""R"",""T""]},{""position"":9,""characters"":[""A"",""E""]},{""position"":10,""characters"":[""R"",""S""]},{""position"":11,""characters"":[""A"",""D"",""I"",""L"",""N"",""O""]},{""position"":12,""characters"":[""A"",""E"",""I"",""N"",""O"",""U""]}]","true","false","A_TRUE_GAP","0","0","0","0","0","0","[]","[]","","false","false"
"13","ar_to_en","1","61","10","0","across","13","??????????C??","[{""position"":0,""characters"":[""A"",""O"",""R"",""U""]},{""position"":1,""characters"":[""L"",""N""]},{""position"":2,""characters"":[""A"",""E"",""G"",""O""]},{""position"":3,""characters"":[""A"",""C"",""E"",""I"",""N"",""T"",""U""]},{""position"":4,""characters"":[""E"",""F"",""I"",""M"",""O"",""R"",""T""]},{""position"":5,""characters"":[""A"",""E"",""I"",""R""]},{""position"":6,""characters"":[""A"",""I"",""O"",""U""]},{""position"":7,""characters"":[""A"",""I"",""N"",""T""]},{""position"":8,""characters"":[""E"",""F"",""M"",""N"",""O"",""R"",""T""]},{""position"":9,""characters"":[""A"",""D"",""E"",""I"",""N"",""O"",""T""]},{""position"":10,""characters"":[""C""]},{""position"":11,""characters"":[""A"",""C"",""E"",""N"",""R"",""T""]},{""position"":12,""characters"":[""A"",""D"",""E"",""I"",""O"",""P"",""U""]}]","true","false","A_TRUE_GAP","0","0","0","0","0","0","[]","[]","","false","false"
"13","ar_to_en","1","61","0","2","down","13","???????????C?","[{""position"":0,""characters"":[""A"",""C"",""D"",""E"",""G"",""I"",""L"",""M"",""N"",""O"",""P"",""R"",""S"",""T"",""U"",""Y""]},{""position"":1,""characters"":[""A"",""C"",""D"",""E"",""I"",""L"",""N"",""O"",""P"",""R"",""T"",""U""]},{""position"":2,""characters"":[""A"",""C"",""D"",""E"",""G"",""I"",""M"",""N"",""O"",""P"",""R"",""S"",""T"",""V""]},{""position"":3,""characters"":[""A"",""C"",""D"",""E"",""F"",""I"",""M"",""N"",""O"",""P"",""R"",""S"",""T"",""U""]},{""position"":4,""characters"":[""A"",""E"",""F"",""I"",""M"",""N"",""O"",""R"",""T"",""U""]},{""position"":5,""characters"":[""A"",""C"",""D"",""E"",""F"",""G"",""I"",""M"",""N"",""O"",""P"",""R"",""S"",""T"",""U""]},{""position"":6,""characters"":[""A"",""B"",""C"",""H"",""I"",""L"",""N"",""O"",""S"",""T"",""U""]},{""position"":7,""characters"":[""A"",""C"",""D"",""E"",""F"",""G"",""I"",""L"",""M"",""N"",""O"",""P"",""R"",""S"",""T"",""U"",""X""]},{""position"":8,""characters"":[""A"",""E"",""F"",""I"",""M"",""N"",""O"",""R"",""T"",""U""]},{""position"":9,""characters"":[""A"",""C"",""D"",""E"",""F"",""I"",""M"",""N"",""O"",""R"",""S"",""T"",""U""]},{""position"":10,""characters"":[""A"",""C"",""D"",""E"",""G"",""I"",""M"",""N"",""O"",""P"",""R"",""S"",""T"",""V""]},{""position"":11,""characters"":[""C""]},{""position"":12,""characters"":[""A"",""C"",""D"",""E"",""G"",""I"",""L"",""M"",""N"",""O"",""P"",""R"",""S"",""T"",""U""]}]","true","false","B_USED_EXHAUSTION","1","1","1","0","0","0","[""ACCOMMODATION""]","[]","100","false","false"
"13","ar_to_en","1","61","10","0","across","13","?????????????","[{""position"":0,""characters"":[""O"",""S""]},{""position"":1,""characters"":[""A"",""E"",""N"",""O""]},{""position"":2,""characters"":[""M"",""V""]},{""position"":3,""characters"":[""A"",""C"",""E"",""F"",""I"",""M"",""N"",""O"",""S"",""T"",""U""]},{""position"":4,""characters"":[""A"",""E"",""I"",""O"",""R"",""T"",""U""]},{""position"":5,""characters"":[""A"",""D"",""E"",""I"",""O"",""P""]},{""position"":6,""characters"":[""A"",""C"",""I"",""N"",""O"",""U""]},{""position"":7,""characters"":[""C"",""I"",""N"",""R""]},{""position"":8,""characters"":[""A"",""E"",""I"",""N"",""O"",""T""]},{""position"":9,""characters"":[""A"",""O"",""S""]},{""position"":10,""characters"":[""R"",""S""]},{""position"":11,""characters"":[""A"",""E"",""I"",""N"",""O""]},{""position"":12,""characters"":[""A"",""E"",""I"",""O""]}]","true","false","A_TRUE_GAP","0","0","0","0","0","0","[]","[]","","false","false"
"13","ar_to_en","1","61","9","0","across","8","???????G","[{""position"":0,""characters"":[""A"",""B"",""L"",""N"",""P"",""R"",""T"",""W""]},{""position"":1,""characters"":[""D"",""E"",""K"",""T""]},{""position"":2,""characters"":[""D"",""E"",""I"",""M"",""O"",""R"",""T""]},{""position"":3,""characters"":[""A"",""C"",""D"",""E"",""F"",""I"",""L"",""M"",""N"",""R"",""S"",""T"",""U"",""V"",""Y""]},{""position"":4,""characters"":[""A"",""C"",""D"",""E"",""F"",""G"",""I"",""M"",""N"",""O"",""P"",""R"",""S"",""T"",""U"",""V"",""W""]},{""position"":5,""characters"":[""E"",""N""]},{""position"":6,""characters"":[""C"",""D"",""G"",""H"",""L"",""N"",""P"",""R"",""S"",""T""]},{""position"":7,""characters"":[""G""]}]","true","false","A_TRUE_GAP","0","0","0","0","0","0","[]","[]","","false","false"
"13","ar_to_en","1","62","2","0","across","13","??N??????????","[{""position"":0,""characters"":[""A"",""C"",""D"",""E"",""G"",""I"",""L"",""M"",""N"",""O"",""P"",""R"",""S"",""T"",""U""]},{""position"":1,""characters"":[""A"",""C"",""D"",""E"",""I"",""L"",""N"",""O"",""P"",""R"",""T"",""U""]},{""position"":2,""characters"":[""N""]},{""position"":3,""characters"":[""A"",""C"",""D"",""E"",""F"",""I"",""M"",""N"",""O"",""P"",""R"",""S"",""T"",""U""]},{""position"":4,""characters"":[""A"",""E"",""F"",""I"",""M"",""N"",""O"",""R"",""T"",""U""]},{""position"":5,""characters"":[""A"",""C"",""D"",""E"",""F"",""G"",""I"",""L"",""M"",""N"",""O"",""P"",""R"",""S"",""T"",""U""]},{""position"":6,""characters"":[""A"",""B"",""C"",""H"",""I"",""L"",""N"",""O"",""S"",""T"",""U"",""Z""]},{""position"":7,""characters"":[""A"",""D"",""E"",""G"",""I"",""M"",""N"",""P"",""R"",""S"",""T""]},{""position"":8,""characters"":[""A"",""E"",""F"",""I"",""M"",""N"",""O"",""R"",""T"",""U""]},{""position"":9,""characters"":[""A"",""C"",""D"",""E"",""F"",""I"",""M"",""N"",""O"",""R"",""S"",""T"",""U""]},{""position"":10,""characters"":[""C"",""O""]},{""position"":11,""characters"":[""A"",""C"",""D"",""E"",""I"",""L"",""N"",""O"",""P"",""R"",""T"",""U"",""V""]},{""position"":12,""characters"":[""A"",""C"",""D"",""E"",""G"",""I"",""L"",""M"",""N"",""O"",""P"",""R"",""S"",""T"",""U""]}]","true","false","A_TRUE_GAP","0","0","0","0","0","0","[]","[]","","false","false"
"13","ar_to_en","1","62","10","0","across","13","???????E?????","[{""position"":0,""characters"":[""A"",""E"",""I"",""O"",""P"",""U""]},{""position"":1,""characters"":[""D"",""E"",""L"",""N"",""P"",""R"",""T""]},{""position"":2,""characters"":[""A"",""E"",""G"",""O""]},{""position"":3,""characters"":[""A"",""E"",""I"",""N"",""O"",""S"",""T"",""U""]},{""position"":4,""characters"":[""A"",""E"",""F"",""M"",""N"",""R"",""T""]},{""position"":5,""characters"":[""A"",""O"",""R""]},{""position"":6,""characters"":[""C"",""N""]},{""position"":7,""characters"":[""E""]},{""position"":8,""characters"":[""E"",""F"",""M"",""N"",""O"",""R"",""T""]},{""position"":9,""characters"":[""A"",""E""]},{""position"":10,""characters"":[""R"",""S""]},{""position"":11,""characters"":[""A"",""D"",""I"",""L"",""N"",""O""]},{""position"":12,""characters"":[""A"",""E"",""I"",""N"",""O"",""U""]}]","true","false","A_TRUE_GAP","0","0","0","0","0","0","[]","[]","","false","false"
"13","ar_to_en","1","62","2","0","across","13","??M???????N??","[{""position"":0,""characters"":[""A"",""C"",""D"",""E"",""G"",""I"",""L"",""M"",""N"",""O"",""P"",""R"",""S"",""T"",""U""]},{""position"":1,""characters"":[""A"",""C"",""D"",""E"",""I"",""L"",""N"",""O"",""P"",""R"",""T"",""U""]},{""position"":2,""characters"":[""M""]},{""position"":3,""characters"":[""A"",""C"",""D"",""E"",""F"",""I"",""M"",""N"",""O"",""P"",""R"",""S"",""T"",""U""]},{""position"":4,""characters"":[""A"",""E"",""F"",""I"",""M"",""N"",""O"",""R"",""T"",""U""]},{""position"":5,""characters"":[""A"",""C"",""D"",""E"",""F"",""G"",""I"",""L"",""M"",""N"",""P"",""R"",""S"",""T"",""U""]},{""position"":6,""characters"":[""A"",""B"",""C"",""H"",""I"",""L"",""N"",""O"",""S"",""T"",""U"",""Z""]},{""position"":7,""characters"":[""D"",""T""]},{""position"":8,""characters"":[""A"",""E"",""F"",""I"",""M"",""N"",""O"",""R"",""T"",""U""]},{""position"":9,""characters"":[""A"",""C"",""D"",""E"",""F"",""I"",""M"",""N"",""O"",""R"",""S"",""T"",""U""]},{""position"":10,""characters"":[""N""]},{""position"":11,""characters"":[""A"",""C"",""D"",""E"",""I"",""L"",""N"",""O"",""P"",""R"",""T"",""U"",""V""]},{""position"":12,""characters"":[""A"",""C"",""D"",""E"",""G"",""I"",""L"",""M"",""N"",""O"",""P"",""R"",""S"",""T"",""U""]}]","true","false","A_TRUE_GAP","0","0","0","0","0","0","[]","[]","","false","false"
"13","ar_to_en","1","62","2","0","across","13","??N???????M??","[{""position"":0,""characters"":[""A"",""C"",""D"",""E"",""G"",""I"",""L"",""M"",""N"",""O"",""P"",""R"",""S"",""T"",""U""]},{""position"":1,""characters"":[""A"",""C"",""D"",""E"",""I"",""L"",""N"",""O"",""P"",""R"",""T"",""U""]},{""position"":2,""characters"":[""N""]},{""position"":3,""characters"":[""A"",""C"",""D"",""E"",""F"",""I"",""M"",""N"",""O"",""P"",""R"",""S"",""T"",""U""]},{""position"":4,""characters"":[""A"",""E"",""F"",""I"",""M"",""N"",""O"",""R"",""T"",""U""]},{""position"":5,""characters"":[""A"",""C"",""D"",""E"",""F"",""G"",""I"",""L"",""M"",""N"",""P"",""R"",""S"",""T"",""U""]},{""position"":6,""characters"":[""A"",""B"",""C"",""H"",""I"",""L"",""N"",""O"",""S"",""T"",""U"",""Z""]},{""position"":7,""characters"":[""A"",""C"",""D"",""E"",""I"",""N"",""P"",""R"",""S""]},{""position"":8,""characters"":[""A"",""E"",""F"",""I"",""M"",""N"",""O"",""R"",""T"",""U""]},{""position"":9,""characters"":[""A"",""C"",""D"",""E"",""F"",""I"",""M"",""N"",""O"",""R"",""S"",""T"",""U""]},{""position"":10,""characters"":[""M""]},{""position"":11,""characters"":[""A"",""C"",""D"",""E"",""I"",""L"",""N"",""O"",""P"",""R"",""T"",""U"",""V""]},{""position"":12,""characters"":[""A"",""C"",""D"",""E"",""G"",""I"",""L"",""M"",""N"",""O"",""P"",""R"",""S"",""T"",""U""]}]","true","false","A_TRUE_GAP","0","0","0","0","0","0","[]","[]","","false","false"
"13","ar_to_en","1","62","0","10","down","13","???????????P?","[{""position"":0,""characters"":[""A"",""C"",""D"",""E"",""G"",""I"",""L"",""M"",""N"",""O"",""P"",""R"",""S"",""U""]},{""position"":1,""characters"":[""A"",""C"",""D"",""E"",""I"",""L"",""N"",""O"",""P"",""R"",""T"",""U"",""V""]},{""position"":2,""characters"":[""A"",""C"",""D"",""E"",""G"",""I"",""M"",""N"",""O"",""R"",""S"",""T"",""V""]},{""position"":3,""characters"":[""A"",""C"",""D"",""E"",""F"",""I"",""N"",""O"",""P"",""R"",""S"",""T"",""U""]},{""position"":4,""characters"":[""A"",""E"",""F"",""I"",""M"",""N"",""O"",""R"",""T"",""U""]},{""position"":5,""characters"":[""A"",""C"",""D"",""E"",""F"",""G"",""I"",""M"",""N"",""O"",""P"",""R"",""S"",""T"",""U""]},{""position"":6,""characters"":[""A"",""B"",""C"",""H"",""I"",""L"",""N"",""O"",""S"",""T"",""U""]},{""position"":7,""characters"":[""A"",""C"",""D"",""E"",""F"",""G"",""I"",""L"",""M"",""N"",""O"",""P"",""R"",""S"",""T"",""U""]},{""position"":8,""characters"":[""A"",""E"",""F"",""I"",""M"",""N"",""O"",""R"",""T"",""U""]},{""position"":9,""characters"":[""A"",""C"",""D"",""E"",""F"",""I"",""M"",""N"",""O"",""P"",""R"",""S"",""T"",""U""]},{""position"":10,""characters"":[""A"",""C"",""D"",""E"",""G"",""I"",""M"",""N"",""O"",""R"",""S"",""T"",""V""]},{""position"":11,""characters"":[""P""]},{""position"":12,""characters"":[""A"",""C"",""D"",""E"",""G"",""I"",""L"",""M"",""N"",""O"",""P"",""R"",""S"",""T"",""U""]}]","true","false","A_TRUE_GAP","0","0","0","0","0","0","[]","[]","","false","false"
"13","ar_to_en","1","63","0","10","down","13","??C??????????","[{""position"":0,""characters"":[""A"",""C"",""D"",""E"",""G"",""I"",""L"",""M"",""N"",""O"",""P"",""R"",""S"",""T"",""U"",""Y""]},{""position"":1,""characters"":[""A"",""D"",""E"",""I"",""L"",""N"",""O"",""P"",""R"",""U"",""V""]},{""position"":2,""characters"":[""C""]},{""position"":3,""characters"":[""A"",""C"",""D"",""E"",""F"",""I"",""M"",""N"",""O"",""P"",""R"",""S"",""T"",""U""]},{""position"":4,""characters"":[""A"",""C"",""E"",""F"",""I"",""N"",""O"",""R"",""T"",""U""]},{""position"":5,""characters"":[""A"",""C"",""D"",""E"",""F"",""G"",""I"",""L"",""M"",""N"",""O"",""P"",""R"",""S"",""T"",""U"",""X""]},{""position"":6,""characters"":[""A"",""B"",""C"",""H"",""I"",""L"",""N"",""O"",""S"",""T"",""U""]},{""position"":7,""characters"":[""A"",""C"",""E"",""F"",""G"",""I"",""L"",""M"",""N"",""O"",""P"",""R"",""S"",""T"",""U"",""X""]},{""position"":8,""characters"":[""A"",""E"",""F"",""I"",""M"",""N"",""O"",""R"",""T"",""U""]},{""position"":9,""characters"":[""A"",""C"",""D"",""E"",""F"",""I"",""N"",""O"",""P"",""R"",""S"",""T"",""U""]},{""position"":10,""characters"":[""A"",""C"",""D"",""E"",""G"",""I"",""M"",""N"",""O"",""P"",""R"",""S"",""T"",""V""]},{""position"":11,""characters"":[""A"",""C"",""D"",""E"",""I"",""L"",""N"",""O"",""P"",""R"",""T"",""U"",""V""]},{""position"":12,""characters"":[""A"",""C"",""D"",""E"",""G"",""I"",""L"",""M"",""N"",""O"",""P"",""R"",""S"",""U"",""Y""]}]","true","false","B_USED_EXHAUSTION","1","1","1","0","0","0","[""CIRCUMSTANCES""]","[]","100","false","false"
"13","ar_to_en","1","63","10","0","across","13","??I???????I??","[{""position"":0,""characters"":[""A"",""C"",""D"",""E"",""G"",""I"",""L"",""M"",""N"",""O"",""P"",""R"",""S"",""T"",""U"",""Y""]},{""position"":1,""characters"":[""A"",""C"",""D"",""E"",""I"",""L"",""N"",""O"",""P"",""R"",""T"",""U""]},{""position"":2,""characters"":[""I""]},{""position"":3,""characters"":[""A"",""C"",""D"",""E"",""F"",""I"",""M"",""N"",""O"",""P"",""R"",""S"",""T"",""U""]},{""position"":4,""characters"":[""A"",""C"",""E"",""F"",""I"",""M"",""N"",""O"",""R"",""T"",""U""]},{""position"":5,""characters"":[""A"",""C"",""D"",""E"",""F"",""G"",""I"",""L"",""M"",""N"",""O"",""P"",""R"",""S"",""T"",""U""]},{""position"":6,""characters"":[""A"",""B"",""C"",""H"",""I"",""L"",""N"",""O"",""S"",""T"",""U""]},{""position"":7,""characters"":[""A"",""C"",""D"",""E"",""F"",""G"",""I"",""L"",""M"",""N"",""O"",""P"",""R"",""S"",""T"",""U"",""X""]},{""position"":8,""characters"":[""A"",""E"",""F"",""I"",""M"",""N"",""O"",""R"",""T"",""U""]},{""position"":9,""characters"":[""A"",""C"",""D"",""E"",""F"",""I"",""M"",""N"",""O"",""R"",""S"",""T"",""U""]},{""position"":10,""characters"":[""I""]},{""position"":11,""characters"":[""A"",""C"",""D"",""E"",""I"",""L"",""N"",""O"",""P"",""R"",""T"",""U"",""V""]},{""position"":12,""characters"":[""A"",""C"",""D"",""E"",""G"",""I"",""L"",""M"",""N"",""O"",""P"",""R"",""S"",""T"",""U""]}]","true","false","A_TRUE_GAP","0","0","0","0","0","0","[]","[]","","false","false"
"13","ar_to_en","1","63","0","2","down","13","??G??????????","[{""position"":0,""characters"":[""A"",""C"",""D"",""E"",""G"",""I"",""L"",""M"",""N"",""O"",""P"",""R"",""S"",""T"",""U"",""Y""]},{""position"":1,""characters"":[""A"",""C"",""D"",""E"",""I"",""L"",""N"",""O"",""P"",""R"",""T"",""U"",""V""]},{""position"":2,""characters"":[""G""]},{""position"":3,""characters"":[""A"",""C"",""D"",""E"",""F"",""I"",""M"",""N"",""O"",""R"",""S"",""T"",""U""]},{""position"":4,""characters"":[""A"",""C"",""E"",""F"",""I"",""M"",""N"",""O"",""R"",""T"",""U""]},{""position"":5,""characters"":[""A"",""C"",""D"",""E"",""F"",""G"",""I"",""L"",""M"",""N"",""O"",""P"",""R"",""S"",""T"",""U"",""X""]},{""position"":6,""characters"":[""A"",""B"",""C"",""H"",""I"",""L"",""N"",""O"",""S"",""T"",""U""]},{""position"":7,""characters"":[""A"",""C"",""D"",""E"",""F"",""G"",""I"",""L"",""M"",""N"",""O"",""P"",""R"",""S"",""T"",""U""]},{""position"":8,""characters"":[""A"",""C"",""E"",""F"",""I"",""M"",""N"",""O"",""R"",""T"",""U""]},{""position"":9,""characters"":[""A"",""C"",""D"",""E"",""F"",""I"",""M"",""N"",""O"",""P"",""R"",""S"",""T"",""U""]},{""position"":10,""characters"":[""A"",""C"",""D"",""E"",""I"",""L"",""M"",""N"",""O"",""P"",""R"",""S"",""T"",""V""]},{""position"":11,""characters"":[""A"",""C"",""D"",""E"",""I"",""L"",""N"",""O"",""P"",""R"",""T"",""U""]},{""position"":12,""characters"":[""A"",""C"",""D"",""E"",""G"",""I"",""L"",""M"",""N"",""O"",""P"",""R"",""S"",""T"",""U"",""Y""]}]","true","false","B_USED_EXHAUSTION","1","1","1","0","0","0","[""ORGANISATIONS""]","[]","100","false","false"
"13","ar_to_en","1","63","0","10","down","13","??G??????????","[{""position"":0,""characters"":[""A"",""C"",""D"",""E"",""G"",""I"",""L"",""M"",""N"",""O"",""P"",""R"",""S"",""T"",""U"",""Y""]},{""position"":1,""characters"":[""A"",""D"",""E"",""I"",""L"",""N"",""O"",""P"",""R"",""U"",""V""]},{""position"":2,""characters"":[""G""]},{""position"":3,""characters"":[""A"",""C"",""D"",""E"",""F"",""I"",""M"",""N"",""O"",""P"",""R"",""S"",""T"",""U""]},{""position"":4,""characters"":[""A"",""C"",""E"",""F"",""I"",""N"",""O"",""R"",""T"",""U""]},{""position"":5,""characters"":[""A"",""C"",""D"",""E"",""F"",""G"",""I"",""L"",""M"",""N"",""O"",""P"",""R"",""S"",""T"",""U"",""X""]},{""position"":6,""characters"":[""A"",""B"",""C"",""H"",""I"",""L"",""N"",""O"",""S"",""T"",""U""]},{""position"":7,""characters"":[""A"",""C"",""E"",""F"",""G"",""I"",""L"",""M"",""N"",""O"",""P"",""R"",""S"",""T"",""U"",""X""]},{""position"":8,""characters"":[""A"",""E"",""F"",""I"",""M"",""N"",""O"",""R"",""T"",""U""]},{""position"":9,""characters"":[""A"",""C"",""D"",""E"",""F"",""I"",""N"",""O"",""P"",""R"",""S"",""T"",""U""]},{""position"":10,""characters"":[""A"",""C"",""D"",""E"",""I"",""M"",""N"",""O"",""P"",""R"",""S"",""T"",""V""]},{""position"":11,""characters"":[""A"",""C"",""D"",""E"",""I"",""L"",""N"",""O"",""P"",""R"",""T"",""U"",""V""]},{""position"":12,""characters"":[""A"",""C"",""D"",""E"",""G"",""I"",""L"",""M"",""N"",""O"",""P"",""R"",""S"",""U"",""Y""]}]","true","false","B_USED_EXHAUSTION","1","1","1","0","0","0","[""ORGANISATIONS""]","[]","100","false","false"
"13","ar_to_en","1","63","5","0","across","5","?????","[{""position"":0,""characters"":[""B"",""C"",""D"",""F"",""P""]},{""position"":1,""characters"":[""C"",""D"",""S"",""T""]},{""position"":2,""characters"":[""E"",""T""]},{""position"":3,""characters"":[""A"",""D"",""E"",""F"",""H"",""I"",""K"",""L"",""M"",""N"",""O"",""P"",""R"",""S"",""T"",""X""]},{""position"":4,""characters"":[""R"",""S"",""T"",""U""]}]","true","false","A_TRUE_GAP","0","0","0","0","0","0","[]","[]","","false","false"
"13","ar_to_en","1","63","1","5","across","8","?????E??","[{""position"":0,""characters"":[""A"",""D"",""E"",""I"",""N"",""O"",""R"",""T"",""U""]},{""position"":1,""characters"":[""E"",""H"",""L"",""M"",""N"",""O"",""P"",""R"",""S"",""T"",""U"",""V""]},{""position"":2,""characters"":[""A"",""E"",""I"",""R"",""U""]},{""position"":3,""characters"":[""A"",""E"",""I"",""R"",""U""]},{""position"":4,""characters"":[""B"",""C"",""D"",""E"",""G"",""H"",""I"",""K"",""L"",""M"",""N"",""O"",""P"",""R"",""S"",""T"",""U"",""V"",""W""]},{""position"":5,""characters"":[""E""]},{""position"":6,""characters"":[""A"",""E"",""S"",""T""]},{""position"":7,""characters"":[""B"",""C"",""D"",""E"",""F"",""G"",""H"",""J"",""K"",""L"",""M"",""N"",""O"",""P"",""R"",""S"",""T"",""W"",""Y""]}]","true","false","A_TRUE_GAP","0","0","0","0","0","0","[]","[]","","false","false"
"13","ar_to_en","1","63","1","5","across","8","????????","[{""position"":0,""characters"":[""A"",""C"",""E"",""I"",""O"",""S"",""T"",""U""]},{""position"":1,""characters"":[""A"",""C"",""E"",""H"",""I"",""L"",""N"",""O"",""P"",""R"",""S"",""T"",""U"",""X""]},{""position"":2,""characters"":[""C"",""D"",""E"",""G"",""I"",""L"",""N"",""P"",""R"",""S"",""T"",""Y""]},{""position"":3,""characters"":[""A"",""E"",""I"",""N"",""O"",""U"",""W""]},{""position"":4,""characters"":[""A"",""D"",""E"",""I"",""N"",""O"",""R"",""T"",""U""]},{""position"":5,""characters"":[""E"",""N"",""O"",""V""]},{""position"":6,""characters"":[""A"",""D"",""E"",""G"",""I"",""S"",""T"",""U""]},{""position"":7,""characters"":[""A"",""E"",""G"",""O""]}]","true","false","A_TRUE_GAP","0","0","0","0","0","0","[]","[]","","false","false"
"13","ar_to_en","1","63","1","5","across","8","????????","[{""position"":0,""characters"":[""A"",""D"",""L"",""N"",""R"",""S""]},{""position"":1,""characters"":[""A"",""O"",""T""]},{""position"":2,""characters"":[""C"",""N"",""P"",""R""]},{""position"":3,""characters"":[""A"",""E"",""I"",""O"",""U""]},{""position"":4,""characters"":[""M"",""R"",""T"",""V""]},{""position"":5,""characters"":[""A"",""N""]},{""position"":6,""characters"":[""C"",""H"",""L"",""M"",""N"",""R""]},{""position"":7,""characters"":[""A"",""C"",""E"",""T"",""Y""]}]","true","false","A_TRUE_GAP","0","0","0","0","0","0","[]","[]","","false","false"
"13","ar_to_en","1","63","3","0","across","7","??????E","[{""position"":0,""characters"":[""A"",""E"",""R"",""S"",""T""]},{""position"":1,""characters"":[""A"",""E"",""I"",""R"",""U""]},{""position"":2,""characters"":[""E"",""I""]},{""position"":3,""characters"":[""D"",""E"",""F"",""G"",""K"",""L"",""M"",""P"",""T"",""W""]},{""position"":4,""characters"":[""A"",""C"",""E"",""I"",""L"",""N"",""P"",""S""]},{""position"":5,""characters"":[""C"",""E"",""L"",""M"",""N"",""R"",""T"",""U""]},{""position"":6,""characters"":[""E""]}]","true","false","A_TRUE_GAP","0","0","0","0","0","0","[]","[]","","false","false"
"13","ar_to_en","1","63","0","5","across","6","?E?N?L","[{""position"":0,""characters"":[""E"",""S""]},{""position"":1,""characters"":[""E""]},{""position"":2,""characters"":[""C"",""E"",""G"",""L"",""N"",""R""]},{""position"":3,""characters"":[""N""]},{""position"":4,""characters"":[""E"",""S"",""Y""]},{""position"":5,""characters"":[""L""]}]","true","false","A_TRUE_GAP","0","0","0","0","0","0","[]","[]","","false","false"
"13","ar_to_en","1","63","0","6","down","6","?VI???","[{""position"":0,""characters"":[""A"",""C"",""E"",""N"",""O"",""P"",""R"",""T"",""U""]},{""position"":1,""characters"":[""V""]},{""position"":2,""characters"":[""I""]},{""position"":3,""characters"":[""B"",""C"",""D"",""F"",""H"",""K"",""L"",""M"",""N"",""R"",""S""]},{""position"":4,""characters"":[""A"",""C"",""D"",""E"",""F"",""G"",""I"",""L"",""N"",""O"",""S"",""T"",""U""]},{""position"":5,""characters"":[""A"",""B"",""C"",""D"",""E"",""F"",""G"",""I"",""L"",""M"",""N"",""O"",""P"",""R"",""S"",""T"",""Y""]}]","true","false","A_TRUE_GAP","0","0","0","0","0","0","[]","[]","","false","false"
"13","ar_to_en","1","64","1","5","across","8","????????","[{""position"":0,""characters"":[""A"",""D"",""L"",""N"",""R"",""S""]},{""position"":1,""characters"":[""A"",""O"",""T""]},{""position"":2,""characters"":[""C"",""N"",""P"",""R""]},{""position"":3,""characters"":[""A"",""E"",""I"",""O"",""U""]},{""position"":4,""characters"":[""M"",""R"",""T"",""V""]},{""position"":5,""characters"":[""A"",""N""]},{""position"":6,""characters"":[""C"",""H"",""L"",""M"",""N"",""R""]},{""position"":7,""characters"":[""A"",""C"",""E"",""T"",""Y""]}]","true","false","A_TRUE_GAP","0","0","0","0","0","0","[]","[]","","false","false"
"13","ar_to_en","1","64","3","0","across","7","??????E","[{""position"":0,""characters"":[""A"",""E"",""R"",""S"",""T""]},{""position"":1,""characters"":[""A"",""E"",""I"",""R"",""U""]},{""position"":2,""characters"":[""E"",""I""]},{""position"":3,""characters"":[""D"",""E"",""F"",""G"",""K"",""L"",""M"",""P"",""T"",""W""]},{""position"":4,""characters"":[""A"",""C"",""E"",""I"",""L"",""N"",""P"",""S""]},{""position"":5,""characters"":[""C"",""E"",""L"",""M"",""N"",""R"",""T"",""U""]},{""position"":6,""characters"":[""E""]}]","true","false","A_TRUE_GAP","0","0","0","0","0","0","[]","[]","","false","false"
"13","ar_to_en","1","64","0","5","across","6","?E?N?L","[{""position"":0,""characters"":[""E"",""S""]},{""position"":1,""characters"":[""E""]},{""position"":2,""characters"":[""C"",""E"",""G"",""L"",""N"",""R""]},{""position"":3,""characters"":[""N""]},{""position"":4,""characters"":[""E"",""S"",""Y""]},{""position"":5,""characters"":[""L""]}]","true","false","A_TRUE_GAP","0","0","0","0","0","0","[]","[]","","false","false"
"13","ar_to_en","1","64","0","6","down","6","?VI???","[{""position"":0,""characters"":[""A"",""C"",""E"",""N"",""O"",""P"",""R"",""T"",""U""]},{""position"":1,""characters"":[""V""]},{""position"":2,""characters"":[""I""]},{""position"":3,""characters"":[""B"",""C"",""D"",""F"",""H"",""K"",""L"",""M"",""N"",""R"",""S""]},{""position"":4,""characters"":[""A"",""C"",""D"",""E"",""F"",""G"",""I"",""L"",""N"",""O"",""S"",""T"",""U""]},{""position"":5,""characters"":[""A"",""B"",""C"",""D"",""E"",""F"",""G"",""I"",""L"",""M"",""N"",""O"",""P"",""R"",""S"",""T"",""Y""]}]","true","false","A_TRUE_GAP","0","0","0","0","0","0","[]","[]","","false","false"
"13","ar_to_en","1","64","1","5","across","8","????????","[{""position"":0,""characters"":[""A"",""C"",""E"",""F"",""I"",""L"",""N"",""O"",""R"",""U""]},{""position"":1,""characters"":[""A"",""C"",""D"",""E"",""F"",""G"",""H"",""L"",""M"",""N"",""O"",""P"",""R"",""S"",""T"",""U"",""V""]},{""position"":2,""characters"":[""A"",""D"",""E"",""H"",""I"",""O"",""P"",""U""]},{""position"":3,""characters"":[""A"",""C"",""E"",""G"",""H"",""I"",""N"",""R"",""S"",""T"",""U"",""Y""]},{""position"":4,""characters"":[""A"",""E"",""I"",""O"",""U""]},{""position"":5,""characters"":[""L"",""N"",""R""]},{""position"":6,""characters"":[""A"",""D"",""E"",""G"",""I"",""S"",""T"",""U""]},{""position"":7,""characters"":[""A"",""E""]}]","true","false","A_TRUE_GAP","0","0","0","0","0","0","[]","[]","","false","false"
"13","ar_to_en","1","64","0","10","down","13","??V??????????","[{""position"":0,""characters"":[""A"",""C"",""D"",""E"",""G"",""I"",""L"",""M"",""N"",""O"",""P"",""R"",""S"",""T"",""U"",""Y""]},{""position"":1,""characters"":[""A"",""D"",""E"",""I"",""L"",""N"",""O"",""P"",""R"",""U"",""V""]},{""position"":2,""characters"":[""V""]},{""position"":3,""characters"":[""A"",""C"",""D"",""E"",""F"",""I"",""M"",""N"",""O"",""P"",""R"",""S"",""T"",""U""]},{""position"":4,""characters"":[""A"",""C"",""E"",""F"",""I"",""N"",""O"",""R"",""T"",""U""]},{""position"":5,""characters"":[""A"",""C"",""D"",""E"",""F"",""G"",""I"",""L"",""M"",""N"",""O"",""P"",""R"",""S"",""T"",""U"",""X""]},{""position"":6,""characters"":[""A"",""B"",""C"",""H"",""I"",""L"",""N"",""O"",""S"",""T"",""U""]},{""position"":7,""characters"":[""A"",""C"",""E"",""F"",""G"",""I"",""L"",""M"",""N"",""O"",""P"",""R"",""S"",""T"",""U"",""X""]},{""position"":8,""characters"":[""A"",""E"",""F"",""I"",""M"",""N"",""O"",""R"",""T"",""U""]},{""position"":9,""characters"":[""A"",""C"",""D"",""E"",""F"",""I"",""N"",""O"",""P"",""R"",""S"",""T"",""U""]},{""position"":10,""characters"":[""A"",""C"",""D"",""E"",""G"",""I"",""M"",""N"",""O"",""P"",""R"",""S"",""T"",""V""]},{""position"":11,""characters"":[""A"",""C"",""D"",""E"",""I"",""L"",""N"",""O"",""P"",""R"",""T"",""U"",""V""]},{""position"":12,""characters"":[""A"",""C"",""D"",""E"",""G"",""I"",""L"",""M"",""N"",""O"",""P"",""R"",""S"",""U"",""Y""]}]","true","false","B_USED_EXHAUSTION","1","1","1","0","0","0","[""ENVIRONMENTAL""]","[]","100","false","false"
"13","ar_to_en","1","64","0","6","down","6","?ET???","[{""position"":0,""characters"":[""A"",""C"",""E"",""H"",""I"",""L"",""N"",""O"",""T""]},{""position"":1,""characters"":[""E""]},{""position"":2,""characters"":[""T""]},{""position"":3,""characters"":[""C"",""E"",""H"",""L"",""N"",""P"",""R""]},{""position"":4,""characters"":[""A"",""C"",""D"",""E"",""F"",""H"",""I"",""L"",""N"",""O"",""R"",""S"",""T"",""U"",""W"",""Y""]},{""position"":5,""characters"":[""B"",""C"",""D"",""E"",""F"",""G"",""H"",""K"",""L"",""M"",""N"",""P"",""R"",""S"",""T"",""U"",""W"",""Y""]}]","true","false","A_TRUE_GAP","0","0","0","0","0","0","[]","[]","","false","false"
"13","ar_to_en","1","64","1","5","across","8","????????","[{""position"":0,""characters"":[""A"",""C"",""E"",""F"",""I"",""L"",""N"",""O"",""R"",""U""]},{""position"":1,""characters"":[""A"",""C"",""D"",""E"",""G"",""H"",""L"",""M"",""N"",""O"",""P"",""R"",""S"",""T""]},{""position"":2,""characters"":[""A"",""E"",""I"",""N"",""O"",""U"",""W""]},{""position"":3,""characters"":[""C"",""K"",""L"",""N""]},{""position"":4,""characters"":[""A"",""C"",""E"",""F"",""I"",""L"",""N"",""O"",""R"",""U""]},{""position"":5,""characters"":[""N"",""O"",""V""]},{""position"":6,""characters"":[""C"",""D"",""G"",""H"",""K"",""L"",""M"",""N"",""P"",""R"",""S"",""T"",""V""]},{""position"":7,""characters"":[""A"",""E"",""K"",""U""]}]","true","false","A_TRUE_GAP","0","0","0","0","0","0","[]","[]","","false","false"
"13","ar_to_en","1","64","1","5","across","8","?????L??","[{""position"":0,""characters"":[""A"",""C"",""D"",""E"",""H"",""L"",""M"",""N"",""O"",""P"",""R"",""S"",""T"",""U"",""V""]},{""position"":1,""characters"":[""A"",""C"",""E"",""H"",""I"",""L"",""N"",""O"",""P"",""R"",""S"",""T"",""U"",""X""]},{""position"":2,""characters"":[""C"",""L"",""N""]},{""position"":3,""characters"":[""A"",""C"",""E"",""I"",""N"",""O"",""P"",""R"",""U"",""W""]},{""position"":4,""characters"":[""A"",""C"",""L"",""N"",""O"",""T"",""U"",""Y""]},{""position"":5,""characters"":[""L""]},{""position"":6,""characters"":[""A"",""C"",""D"",""E"",""G"",""K"",""M"",""N"",""O"",""P"",""S"",""T"",""Y""]},{""position"":7,""characters"":[""A"",""P"",""S"",""T"",""Y""]}]","true","false","A_TRUE_GAP","0","0","0","0","0","0","[]","[]","","false","false"
"13","ar_to_en","1","65","1","5","across","8","????????","[{""position"":0,""characters"":[""A"",""D"",""L"",""N"",""R"",""S""]},{""position"":1,""characters"":[""A"",""O"",""T""]},{""position"":2,""characters"":[""C"",""N"",""P"",""R""]},{""position"":3,""characters"":[""A"",""E"",""I"",""O"",""U""]},{""position"":4,""characters"":[""M"",""R"",""T"",""V""]},{""position"":5,""characters"":[""A"",""N""]},{""position"":6,""characters"":[""C"",""H"",""L"",""M"",""N"",""R""]},{""position"":7,""characters"":[""A"",""C"",""E"",""T"",""Y""]}]","true","false","A_TRUE_GAP","0","0","0","0","0","0","[]","[]","","false","false"
"13","ar_to_en","1","65","3","0","across","7","??????E","[{""position"":0,""characters"":[""A"",""E"",""R"",""S"",""T""]},{""position"":1,""characters"":[""A"",""E"",""I"",""R"",""U""]},{""position"":2,""characters"":[""E"",""I""]},{""position"":3,""characters"":[""D"",""E"",""F"",""G"",""K"",""L"",""M"",""P"",""T"",""W""]},{""position"":4,""characters"":[""A"",""C"",""E"",""I"",""L"",""N"",""P"",""S""]},{""position"":5,""characters"":[""C"",""E"",""L"",""M"",""N"",""R"",""T"",""U""]},{""position"":6,""characters"":[""E""]}]","true","false","A_TRUE_GAP","0","0","0","0","0","0","[]","[]","","false","false"
"13","ar_to_en","1","65","0","5","across","6","?E?N?L","[{""position"":0,""characters"":[""E"",""S""]},{""position"":1,""characters"":[""E""]},{""position"":2,""characters"":[""C"",""E"",""G"",""L"",""N"",""R""]},{""position"":3,""characters"":[""N""]},{""position"":4,""characters"":[""E"",""S"",""Y""]},{""position"":5,""characters"":[""L""]}]","true","false","A_TRUE_GAP","0","0","0","0","0","0","[]","[]","","false","false"
"13","ar_to_en","1","65","0","6","down","6","?VI???","[{""position"":0,""characters"":[""A"",""C"",""E"",""N"",""O"",""P"",""R"",""T"",""U""]},{""position"":1,""characters"":[""V""]},{""position"":2,""characters"":[""I""]},{""position"":3,""characters"":[""B"",""C"",""D"",""F"",""H"",""K"",""L"",""M"",""N"",""R"",""S""]},{""position"":4,""characters"":[""A"",""C"",""D"",""E"",""F"",""G"",""I"",""L"",""N"",""O"",""S"",""T"",""U""]},{""position"":5,""characters"":[""A"",""B"",""C"",""D"",""E"",""F"",""G"",""I"",""L"",""M"",""N"",""O"",""P"",""R"",""S"",""T"",""Y""]}]","true","false","A_TRUE_GAP","0","0","0","0","0","0","[]","[]","","false","false"
"13","ar_to_en","1","65","1","5","across","8","????????","[{""position"":0,""characters"":[""A"",""C"",""E"",""F"",""I"",""L"",""N"",""O"",""R"",""U""]},{""position"":1,""characters"":[""A"",""C"",""D"",""E"",""F"",""G"",""H"",""L"",""M"",""N"",""O"",""P"",""R"",""S"",""T"",""U"",""V""]},{""position"":2,""characters"":[""A"",""D"",""E"",""H"",""I"",""O"",""P"",""U""]},{""position"":3,""characters"":[""A"",""C"",""E"",""G"",""H"",""I"",""N"",""R"",""S"",""T"",""U"",""Y""]},{""position"":4,""characters"":[""A"",""E"",""I"",""O"",""U""]},{""position"":5,""characters"":[""L"",""N"",""R""]},{""position"":6,""characters"":[""A"",""D"",""E"",""G"",""I"",""S"",""T"",""U""]},{""position"":7,""characters"":[""A"",""E""]}]","true","false","A_TRUE_GAP","0","0","0","0","0","0","[]","[]","","false","false"
"13","ar_to_en","1","65","0","10","down","13","??V??????????","[{""position"":0,""characters"":[""A"",""C"",""D"",""E"",""G"",""I"",""L"",""M"",""N"",""O"",""P"",""R"",""S"",""T"",""U"",""Y""]},{""position"":1,""characters"":[""A"",""D"",""E"",""I"",""L"",""N"",""O"",""P"",""R"",""U"",""V""]},{""position"":2,""characters"":[""V""]},{""position"":3,""characters"":[""A"",""C"",""D"",""E"",""F"",""I"",""M"",""N"",""O"",""P"",""R"",""S"",""T"",""U""]},{""position"":4,""characters"":[""A"",""C"",""E"",""F"",""I"",""N"",""O"",""R"",""T"",""U""]},{""position"":5,""characters"":[""A"",""C"",""D"",""E"",""F"",""G"",""I"",""L"",""M"",""N"",""O"",""P"",""R"",""S"",""T"",""U"",""X""]},{""position"":6,""characters"":[""A"",""B"",""C"",""H"",""I"",""L"",""N"",""O"",""S"",""T"",""U""]},{""position"":7,""characters"":[""A"",""C"",""E"",""F"",""G"",""I"",""L"",""M"",""N"",""O"",""P"",""R"",""S"",""T"",""U"",""X""]},{""position"":8,""characters"":[""A"",""E"",""F"",""I"",""M"",""N"",""O"",""R"",""T"",""U""]},{""position"":9,""characters"":[""A"",""C"",""D"",""E"",""F"",""I"",""N"",""O"",""P"",""R"",""S"",""T"",""U""]},{""position"":10,""characters"":[""A"",""C"",""D"",""E"",""G"",""I"",""M"",""N"",""O"",""P"",""R"",""S"",""T"",""V""]},{""position"":11,""characters"":[""A"",""C"",""D"",""E"",""I"",""L"",""N"",""O"",""P"",""R"",""T"",""U"",""V""]},{""position"":12,""characters"":[""A"",""C"",""D"",""E"",""G"",""I"",""L"",""M"",""N"",""O"",""P"",""R"",""S"",""U"",""Y""]}]","true","false","B_USED_EXHAUSTION","1","1","1","0","0","0","[""ENVIRONMENTAL""]","[]","100","false","false"
"13","ar_to_en","1","65","0","6","down","6","?ET???","[{""position"":0,""characters"":[""A"",""C"",""E"",""H"",""I"",""L"",""N"",""O"",""T""]},{""position"":1,""characters"":[""E""]},{""position"":2,""characters"":[""T""]},{""position"":3,""characters"":[""C"",""E"",""H"",""L"",""N"",""P"",""R""]},{""position"":4,""characters"":[""A"",""C"",""D"",""E"",""F"",""H"",""I"",""L"",""N"",""O"",""R"",""S"",""T"",""U"",""W"",""Y""]},{""position"":5,""characters"":[""B"",""C"",""D"",""E"",""F"",""G"",""H"",""K"",""L"",""M"",""N"",""P"",""R"",""S"",""T"",""U"",""W"",""Y""]}]","true","false","A_TRUE_GAP","0","0","0","0","0","0","[]","[]","","false","false"
"13","ar_to_en","1","65","1","5","across","8","????????","[{""position"":0,""characters"":[""A"",""C"",""E"",""F"",""I"",""L"",""N"",""O"",""R"",""U""]},{""position"":1,""characters"":[""A"",""C"",""D"",""E"",""G"",""H"",""L"",""M"",""N"",""O"",""P"",""R"",""S"",""T""]},{""position"":2,""characters"":[""A"",""E"",""I"",""N"",""O"",""U"",""W""]},{""position"":3,""characters"":[""C"",""K"",""L"",""N""]},{""position"":4,""characters"":[""A"",""C"",""E"",""F"",""I"",""L"",""N"",""O"",""R"",""U""]},{""position"":5,""characters"":[""N"",""O"",""V""]},{""position"":6,""characters"":[""C"",""D"",""G"",""H"",""K"",""L"",""M"",""N"",""P"",""R"",""S"",""T"",""V""]},{""position"":7,""characters"":[""A"",""E"",""K"",""U""]}]","true","false","A_TRUE_GAP","0","0","0","0","0","0","[]","[]","","false","false"
"13","ar_to_en","1","66","5","0","across","5","?????","[{""position"":0,""characters"":[""B"",""C"",""D"",""F"",""P""]},{""position"":1,""characters"":[""C"",""D"",""S"",""T""]},{""position"":2,""characters"":[""E"",""T""]},{""position"":3,""characters"":[""A"",""D"",""E"",""F"",""H"",""I"",""K"",""L"",""M"",""N"",""O"",""P"",""R"",""S"",""T"",""X""]},{""position"":4,""characters"":[""R"",""S"",""T"",""U""]}]","true","false","A_TRUE_GAP","0","0","0","0","0","0","[]","[]","","false","false"
"13","ar_to_en","1","66","1","5","across","8","?????E??","[{""position"":0,""characters"":[""A"",""D"",""E"",""I"",""N"",""O"",""R"",""T"",""U""]},{""position"":1,""characters"":[""E"",""H"",""L"",""M"",""N"",""O"",""P"",""R"",""S"",""T"",""U"",""V""]},{""position"":2,""characters"":[""A"",""E"",""I"",""R"",""U""]},{""position"":3,""characters"":[""A"",""E"",""I"",""R"",""U""]},{""position"":4,""characters"":[""B"",""C"",""D"",""E"",""G"",""H"",""I"",""K"",""L"",""M"",""N"",""O"",""P"",""R"",""S"",""T"",""U"",""V"",""W""]},{""position"":5,""characters"":[""E""]},{""position"":6,""characters"":[""A"",""E"",""S"",""T""]},{""position"":7,""characters"":[""B"",""C"",""D"",""E"",""F"",""G"",""H"",""J"",""K"",""L"",""M"",""N"",""O"",""P"",""R"",""S"",""T"",""W"",""Y""]}]","true","false","A_TRUE_GAP","0","0","0","0","0","0","[]","[]","","false","false"
"13","ar_to_en","1","66","1","5","across","8","????????","[{""position"":0,""characters"":[""A"",""C"",""E"",""I"",""O"",""S"",""T"",""U""]},{""position"":1,""characters"":[""A"",""C"",""E"",""H"",""I"",""L"",""N"",""O"",""P"",""R"",""S"",""T"",""U"",""X""]},{""position"":2,""characters"":[""C"",""D"",""E"",""G"",""I"",""L"",""N"",""P"",""R"",""S"",""T"",""Y""]},{""position"":3,""characters"":[""A"",""E"",""I"",""N"",""O"",""U"",""W""]},{""position"":4,""characters"":[""A"",""D"",""E"",""I"",""N"",""O"",""R"",""T"",""U""]},{""position"":5,""characters"":[""E"",""N"",""O"",""V""]},{""position"":6,""characters"":[""A"",""D"",""E"",""G"",""I"",""S"",""T"",""U""]},{""position"":7,""characters"":[""A"",""E"",""G"",""O""]}]","true","false","A_TRUE_GAP","0","0","0","0","0","0","[]","[]","","false","false"
"13","ar_to_en","1","66","1","5","across","8","????????","[{""position"":0,""characters"":[""A"",""D"",""L"",""N"",""R"",""S""]},{""position"":1,""characters"":[""A"",""O"",""T""]},{""position"":2,""characters"":[""C"",""N"",""P"",""R""]},{""position"":3,""characters"":[""A"",""E"",""I"",""O"",""U""]},{""position"":4,""characters"":[""M"",""R"",""T"",""V""]},{""position"":5,""characters"":[""A"",""N""]},{""position"":6,""characters"":[""C"",""H"",""L"",""M"",""N"",""R""]},{""position"":7,""characters"":[""A"",""C"",""E"",""T"",""Y""]}]","true","false","A_TRUE_GAP","0","0","0","0","0","0","[]","[]","","false","false"
"13","ar_to_en","1","66","3","0","across","7","??????E","[{""position"":0,""characters"":[""A"",""E"",""R"",""S"",""T""]},{""position"":1,""characters"":[""A"",""E"",""I"",""R"",""U""]},{""position"":2,""characters"":[""E"",""I""]},{""position"":3,""characters"":[""D"",""E"",""F"",""G"",""K"",""L"",""M"",""P"",""T"",""W""]},{""position"":4,""characters"":[""A"",""C"",""E"",""I"",""L"",""N"",""P"",""S""]},{""position"":5,""characters"":[""C"",""E"",""L"",""M"",""N"",""R"",""T"",""U""]},{""position"":6,""characters"":[""E""]}]","true","false","A_TRUE_GAP","0","0","0","0","0","0","[]","[]","","false","false"
"13","ar_to_en","1","66","0","5","across","6","?E?N?L","[{""position"":0,""characters"":[""E"",""S""]},{""position"":1,""characters"":[""E""]},{""position"":2,""characters"":[""C"",""E"",""G"",""L"",""N"",""R""]},{""position"":3,""characters"":[""N""]},{""position"":4,""characters"":[""E"",""S"",""Y""]},{""position"":5,""characters"":[""L""]}]","true","false","A_TRUE_GAP","0","0","0","0","0","0","[]","[]","","false","false"
"13","ar_to_en","1","66","0","6","down","6","?VI???","[{""position"":0,""characters"":[""A"",""C"",""E"",""N"",""O"",""P"",""R"",""T"",""U""]},{""position"":1,""characters"":[""V""]},{""position"":2,""characters"":[""I""]},{""position"":3,""characters"":[""B"",""C"",""D"",""F"",""H"",""K"",""L"",""M"",""N"",""R"",""S""]},{""position"":4,""characters"":[""A"",""C"",""D"",""E"",""F"",""G"",""I"",""L"",""N"",""O"",""S"",""T"",""U""]},{""position"":5,""characters"":[""A"",""B"",""C"",""D"",""E"",""F"",""G"",""I"",""L"",""M"",""N"",""O"",""P"",""R"",""S"",""T"",""Y""]}]","true","false","A_TRUE_GAP","0","0","0","0","0","0","[]","[]","","false","false"
"13","ar_to_en","1","66","1","5","across","8","????????","[{""position"":0,""characters"":[""A"",""C"",""E"",""F"",""I"",""L"",""N"",""O"",""R"",""U""]},{""position"":1,""characters"":[""A"",""C"",""D"",""E"",""F"",""G"",""H"",""L"",""M"",""N"",""O"",""P"",""R"",""S"",""T"",""U"",""V""]},{""position"":2,""characters"":[""A"",""D"",""E"",""H"",""I"",""O"",""P"",""U""]},{""position"":3,""characters"":[""A"",""C"",""E"",""G"",""H"",""I"",""N"",""R"",""S"",""T"",""U"",""Y""]},{""position"":4,""characters"":[""A"",""E"",""I"",""O"",""U""]},{""position"":5,""characters"":[""L"",""N"",""R""]},{""position"":6,""characters"":[""A"",""D"",""E"",""G"",""I"",""S"",""T"",""U""]},{""position"":7,""characters"":[""A"",""E""]}]","true","false","A_TRUE_GAP","0","0","0","0","0","0","[]","[]","","false","false"
"13","ar_to_en","1","66","0","10","down","13","??V??????????","[{""position"":0,""characters"":[""A"",""C"",""D"",""E"",""G"",""I"",""L"",""M"",""N"",""O"",""P"",""R"",""S"",""T"",""U"",""Y""]},{""position"":1,""characters"":[""A"",""D"",""E"",""I"",""L"",""N"",""O"",""P"",""R"",""U"",""V""]},{""position"":2,""characters"":[""V""]},{""position"":3,""characters"":[""A"",""C"",""D"",""E"",""F"",""I"",""M"",""N"",""O"",""P"",""R"",""S"",""T"",""U""]},{""position"":4,""characters"":[""A"",""C"",""E"",""F"",""I"",""N"",""O"",""R"",""T"",""U""]},{""position"":5,""characters"":[""A"",""C"",""D"",""E"",""F"",""G"",""I"",""L"",""M"",""N"",""O"",""P"",""R"",""S"",""T"",""U"",""X""]},{""position"":6,""characters"":[""A"",""B"",""C"",""H"",""I"",""L"",""N"",""O"",""S"",""T"",""U""]},{""position"":7,""characters"":[""A"",""C"",""E"",""F"",""G"",""I"",""L"",""M"",""N"",""O"",""P"",""R"",""S"",""T"",""U"",""X""]},{""position"":8,""characters"":[""A"",""E"",""F"",""I"",""M"",""N"",""O"",""R"",""T"",""U""]},{""position"":9,""characters"":[""A"",""C"",""D"",""E"",""F"",""I"",""N"",""O"",""P"",""R"",""S"",""T"",""U""]},{""position"":10,""characters"":[""A"",""C"",""D"",""E"",""G"",""I"",""M"",""N"",""O"",""P"",""R"",""S"",""T"",""V""]},{""position"":11,""characters"":[""A"",""C"",""D"",""E"",""I"",""L"",""N"",""O"",""P"",""R"",""T"",""U"",""V""]},{""position"":12,""characters"":[""A"",""C"",""D"",""E"",""G"",""I"",""L"",""M"",""N"",""O"",""P"",""R"",""S"",""U"",""Y""]}]","true","false","B_USED_EXHAUSTION","1","1","1","0","0","0","[""ENVIRONMENTAL""]","[]","100","false","false"
"13","ar_to_en","1","66","0","6","down","6","?ET???","[{""position"":0,""characters"":[""A"",""C"",""E"",""H"",""I"",""L"",""N"",""O"",""T""]},{""position"":1,""characters"":[""E""]},{""position"":2,""characters"":[""T""]},{""position"":3,""characters"":[""C"",""E"",""H"",""L"",""N"",""P"",""R""]},{""position"":4,""characters"":[""A"",""C"",""D"",""E"",""F"",""H"",""I"",""L"",""N"",""O"",""R"",""S"",""T"",""U"",""W"",""Y""]},{""position"":5,""characters"":[""B"",""C"",""D"",""E"",""F"",""G"",""H"",""K"",""L"",""M"",""N"",""P"",""R"",""S"",""T"",""U"",""W"",""Y""]}]","true","false","A_TRUE_GAP","0","0","0","0","0","0","[]","[]","","false","false"
"13","ar_to_en","1","66","1","5","across","8","????????","[{""position"":0,""characters"":[""A"",""C"",""E"",""F"",""I"",""L"",""N"",""O"",""R"",""U""]},{""position"":1,""characters"":[""A"",""C"",""D"",""E"",""G"",""H"",""L"",""M"",""N"",""O"",""P"",""R"",""S"",""T""]},{""position"":2,""characters"":[""A"",""E"",""I"",""N"",""O"",""U"",""W""]},{""position"":3,""characters"":[""C"",""K"",""L"",""N""]},{""position"":4,""characters"":[""A"",""C"",""E"",""F"",""I"",""L"",""N"",""O"",""R"",""U""]},{""position"":5,""characters"":[""N"",""O"",""V""]},{""position"":6,""characters"":[""C"",""D"",""G"",""H"",""K"",""L"",""M"",""N"",""P"",""R"",""S"",""T"",""V""]},{""position"":7,""characters"":[""A"",""E"",""K"",""U""]}]","true","false","A_TRUE_GAP","0","0","0","0","0","0","[]","[]","","false","false"
"13","ar_to_en","1","67","1","9","across","4","?E??","[{""position"":0,""characters"":[""C"",""F"",""L"",""N"",""R""]},{""position"":1,""characters"":[""E""]},{""position"":2,""characters"":[""C"",""G"",""N"",""R"",""T"",""Y""]},{""position"":3,""characters"":[""A"",""E"",""I"",""O"",""U""]}]","true","false","A_TRUE_GAP","0","0","0","0","0","0","[]","[]","","false","false"
"13","ar_to_en","1","67","4","11","down","9","??????A??","[{""position"":0,""characters"":[""C"",""E"",""G"",""H"",""I"",""L"",""M"",""N"",""O"",""R"",""S"",""T"",""W"",""Y""]},{""position"":1,""characters"":[""A"",""O"",""R"",""U""]},{""position"":2,""characters"":[""C"",""L"",""N""]},{""position"":3,""characters"":[""F"",""O""]},{""position"":4,""characters"":[""A"",""D"",""E"",""G"",""L"",""M"",""N"",""O"",""P"",""R"",""S"",""T""]},{""position"":5,""characters"":[""A"",""C"",""E"",""H"",""I"",""L"",""N"",""O"",""P"",""R"",""S"",""T"",""U""]},{""position"":6,""characters"":[""A""]},{""position"":7,""characters"":[""A"",""C"",""E"",""G"",""H"",""I"",""N"",""R"",""S"",""T"",""U"",""Y""]},{""position"":8,""characters"":[""A"",""O"",""R"",""U""]}]","true","false","A_TRUE_GAP","0","0","0","0","0","0","[]","[]","","false","false"
"13","ar_to_en","1","67","10","0","across","13","??????????C??","[{""position"":0,""characters"":[""A"",""C"",""D"",""E"",""G"",""I"",""L"",""M"",""N"",""O"",""P"",""R"",""S"",""T"",""U"",""Y""]},{""position"":1,""characters"":[""A"",""C"",""D"",""E"",""I"",""L"",""N"",""O"",""P"",""R"",""T"",""U"",""V""]},{""position"":2,""characters"":[""A"",""C"",""D"",""E"",""G"",""I"",""M"",""N"",""O"",""P"",""R"",""S"",""T"",""V""]},{""position"":3,""characters"":[""A"",""C"",""D"",""E"",""F"",""I"",""M"",""N"",""O"",""P"",""R"",""S"",""T"",""U""]},{""position"":4,""characters"":[""A"",""E"",""F"",""I"",""M"",""N"",""O"",""R"",""T"",""U""]},{""position"":5,""characters"":[""A"",""C"",""E"",""F"",""G"",""I"",""L"",""M"",""N"",""O"",""P"",""R"",""S"",""T"",""U"",""X""]},{""position"":6,""characters"":[""A"",""B"",""C"",""H"",""I"",""L"",""N"",""O"",""S"",""T"",""U""]},{""position"":7,""characters"":[""A"",""C"",""D"",""E"",""F"",""G"",""I"",""L"",""M"",""N"",""O"",""P"",""R"",""S"",""T"",""U"",""X""]},{""position"":8,""characters"":[""A"",""C"",""E"",""F"",""I"",""N"",""O"",""R"",""T"",""U""]},{""position"":9,""characters"":[""A"",""C"",""D"",""E"",""F"",""I"",""M"",""N"",""O"",""P"",""R"",""S"",""T"",""U""]},{""position"":10,""characters"":[""C""]},{""position"":11,""characters"":[""A"",""D"",""E"",""I"",""L"",""N"",""O"",""P"",""R"",""U"",""V""]},{""position"":12,""characters"":[""A"",""C"",""D"",""E"",""G"",""I"",""L"",""M"",""N"",""O"",""P"",""R"",""S"",""T"",""U"",""Y""]}]","true","false","B_USED_EXHAUSTION","1","1","1","0","0","0","[""CIRCUMSTANCES""]","[]","100","false","false"
"13","ar_to_en","1","67","2","0","across","13","??????????G??","[{""position"":0,""characters"":[""A"",""C"",""D"",""E"",""G"",""I"",""L"",""N"",""O"",""P"",""R"",""S"",""T"",""U"",""Y""]},{""position"":1,""characters"":[""A"",""C"",""D"",""E"",""I"",""L"",""N"",""O"",""P"",""R"",""T"",""U""]},{""position"":2,""characters"":[""A"",""C"",""D"",""E"",""G"",""I"",""L"",""M"",""N"",""O"",""P"",""R"",""S"",""T"",""V""]},{""position"":3,""characters"":[""A"",""C"",""D"",""E"",""F"",""I"",""M"",""N"",""O"",""R"",""S"",""T"",""U""]},{""position"":4,""characters"":[""A"",""C"",""E"",""F"",""I"",""M"",""N"",""O"",""R"",""T"",""U""]},{""position"":5,""characters"":[""A"",""C"",""D"",""E"",""F"",""G"",""I"",""M"",""N"",""O"",""P"",""R"",""S"",""T"",""U"",""X""]},{""position"":6,""characters"":[""A"",""B"",""C"",""I"",""L"",""N"",""O"",""S"",""T"",""U""]},{""position"":7,""characters"":[""A"",""C"",""D"",""E"",""F"",""G"",""I"",""L"",""M"",""N"",""O"",""P"",""R"",""S"",""T"",""U"",""X""]},{""position"":8,""characters"":[""A"",""E"",""F"",""I"",""M"",""N"",""O"",""R"",""T"",""U""]},{""position"":9,""characters"":[""A"",""C"",""D"",""E"",""F"",""I"",""M"",""N"",""O"",""R"",""S"",""T"",""U""]},{""position"":10,""characters"":[""G""]},{""position"":11,""characters"":[""A"",""C"",""D"",""E"",""I"",""L"",""N"",""O"",""P"",""R"",""T"",""U""]},{""position"":12,""characters"":[""A"",""C"",""D"",""E"",""G"",""I"",""L"",""M"",""N"",""O"",""P"",""R"",""S"",""T"",""U"",""Y""]}]","true","false","B_USED_EXHAUSTION","1","1","1","0","0","0","[""ORGANISATIONS""]","[]","100","false","false"
"13","ar_to_en","1","67","10","0","across","13","??????????G??","[{""position"":0,""characters"":[""A"",""C"",""D"",""E"",""G"",""I"",""L"",""M"",""N"",""O"",""P"",""R"",""S"",""T"",""U"",""Y""]},{""position"":1,""characters"":[""A"",""C"",""D"",""E"",""I"",""L"",""N"",""O"",""P"",""R"",""T"",""U"",""V""]},{""position"":2,""characters"":[""A"",""C"",""D"",""E"",""G"",""I"",""M"",""N"",""O"",""P"",""R"",""S"",""T"",""V""]},{""position"":3,""characters"":[""A"",""C"",""D"",""E"",""F"",""I"",""M"",""N"",""O"",""P"",""R"",""S"",""T"",""U""]},{""position"":4,""characters"":[""A"",""E"",""F"",""I"",""M"",""N"",""O"",""R"",""T"",""U""]},{""position"":5,""characters"":[""A"",""C"",""E"",""F"",""G"",""I"",""L"",""M"",""N"",""O"",""P"",""R"",""S"",""T"",""U"",""X""]},{""position"":6,""characters"":[""A"",""B"",""C"",""H"",""I"",""L"",""N"",""O"",""S"",""T"",""U""]},{""position"":7,""characters"":[""A"",""C"",""D"",""E"",""F"",""G"",""I"",""L"",""M"",""N"",""O"",""P"",""R"",""S"",""T"",""U"",""X""]},{""position"":8,""characters"":[""A"",""C"",""E"",""F"",""I"",""N"",""O"",""R"",""T"",""U""]},{""position"":9,""characters"":[""A"",""C"",""D"",""E"",""F"",""I"",""M"",""N"",""O"",""P"",""R"",""S"",""T"",""U""]},{""position"":10,""characters"":[""G""]},{""position"":11,""characters"":[""A"",""D"",""E"",""I"",""L"",""N"",""O"",""P"",""R"",""U"",""V""]},{""position"":12,""characters"":[""A"",""C"",""D"",""E"",""G"",""I"",""L"",""M"",""N"",""O"",""P"",""R"",""S"",""T"",""U"",""Y""]}]","true","false","B_USED_EXHAUSTION","1","1","1","0","0","0","[""ORGANISATIONS""]","[]","100","false","false"
"13","ar_to_en","1","67","4","11","down","9","?????????","[{""position"":0,""characters"":[""A"",""C"",""D"",""E"",""G"",""H"",""I"",""L"",""O"",""P"",""R"",""T"",""U""]},{""position"":1,""characters"":[""A"",""D"",""E"",""H"",""I"",""O"",""P"",""U""]},{""position"":2,""characters"":[""A"",""C"",""E"",""I"",""N"",""O"",""P"",""R"",""U"",""W""]},{""position"":3,""characters"":[""C"",""D"",""E"",""F"",""G"",""H"",""K"",""L"",""M"",""N"",""O"",""P"",""R"",""S"",""T"",""W""]},{""position"":4,""characters"":[""A"",""D"",""E"",""I"",""N"",""O"",""T""]},{""position"":5,""characters"":[""A"",""E"",""I"",""L"",""N"",""O"",""P"",""R"",""U""]},{""position"":6,""characters"":[""N"",""O""]},{""position"":7,""characters"":[""A"",""E"",""I"",""N"",""O"",""U"",""W""]},{""position"":8,""characters"":[""A"",""E"",""G"",""I"",""O"",""U""]}]","true","false","A_TRUE_GAP","0","0","0","0","0","0","[]","[]","","false","false"
"13","ar_to_en","1","67","9","7","across","6","???IM?","[{""position"":0,""characters"":[""B"",""C"",""D"",""E"",""F"",""G"",""H"",""L"",""M"",""N"",""O"",""P"",""R"",""S"",""T"",""Y""]},{""position"":1,""characters"":[""A"",""D"",""E"",""F"",""G"",""H"",""I"",""L"",""N"",""O"",""P"",""R"",""S"",""T""]},{""position"":2,""characters"":[""C"",""D"",""E"",""F"",""G"",""K"",""L"",""M"",""N"",""P"",""R"",""S"",""T"",""V"",""Y""]},{""position"":3,""characters"":[""I""]},{""position"":4,""characters"":[""M""]},{""position"":5,""characters"":[""C"",""E"",""S"",""T""]}]","true","false","A_TRUE_GAP","0","0","0","0","0","0","[]","[]","","false","false"
"13","ar_to_en","1","67","7","9","down","4","?F??","[{""position"":0,""characters"":[""B"",""C"",""D"",""E"",""F"",""G"",""H"",""J"",""K"",""L"",""M"",""N"",""O"",""P"",""R"",""S"",""T"",""W"",""Y""]},{""position"":1,""characters"":[""F""]},{""position"":2,""characters"":[""A"",""B"",""C"",""D"",""G"",""L"",""N"",""O"",""P"",""R"",""S"",""T"",""X""]},{""position"":3,""characters"":[""F"",""O"",""T"",""U""]}]","true","false","A_TRUE_GAP","0","0","0","0","0","0","[]","[]","","false","false"
"13","ar_to_en","1","67","4","11","down","9","?????????","[{""position"":0,""characters"":[""A"",""E"",""I"",""L"",""O"",""U""]},{""position"":1,""characters"":[""A"",""C"",""E"",""G"",""H"",""I"",""N"",""R"",""S"",""T"",""U"",""Y""]},{""position"":2,""characters"":[""A"",""E"",""I"",""N"",""O"",""U"",""W""]},{""position"":3,""characters"":[""A"",""E""]},{""position"":4,""characters"":[""C"",""D"",""E"",""G"",""L"",""M"",""N"",""O"",""P"",""R"",""S"",""T"",""Y""]},{""position"":5,""characters"":[""A"",""C"",""E"",""H"",""I"",""L"",""N"",""O"",""P"",""R"",""S"",""T"",""U""]},{""position"":6,""characters"":[""E"",""N"",""O"",""V""]},{""position"":7,""characters"":[""A"",""D"",""G"",""H"",""I"",""L"",""N"",""O"",""U"",""W""]},{""position"":8,""characters"":[""A"",""E"",""I"",""N"",""O"",""U"",""W""]}]","true","false","A_TRUE_GAP","0","0","0","0","0","0","[]","[]","","false","false"
"13","ar_to_en","1","67","4","11","down","9","?????????","[{""position"":0,""characters"":[""A"",""C"",""D"",""E"",""G"",""I"",""K"",""N"",""O"",""T"",""U"",""W""]},{""position"":1,""characters"":[""C"",""L"",""N""]},{""position"":2,""characters"":[""A"",""D"",""E"",""H"",""I"",""O"",""P"",""U""]},{""position"":3,""characters"":[""A"",""E""]},{""position"":4,""characters"":[""A"",""C"",""E"",""M"",""T"",""Y""]},{""position"":5,""characters"":[""C"",""E"",""G"",""H"",""I"",""L"",""M"",""N"",""O"",""R"",""S"",""T"",""W"",""Y""]},{""position"":6,""characters"":[""A"",""N"",""O""]},{""position"":7,""characters"":[""A"",""D"",""G"",""H"",""I"",""L"",""N"",""O"",""U"",""W""]},{""position"":8,""characters"":[""A"",""E"",""I"",""O"",""U""]}]","true","false","A_TRUE_GAP","0","0","0","0","0","0","[]","[]","","false","false"
"13","ar_to_en","1","67","7","9","down","4","?F??","[{""position"":0,""characters"":[""A"",""B"",""D"",""E"",""F"",""G"",""H"",""K"",""L"",""M"",""N"",""O"",""P"",""R"",""S"",""T"",""W""]},{""position"":1,""characters"":[""F""]},{""position"":2,""characters"":[""A"",""B"",""C"",""D"",""E"",""F"",""G"",""H"",""K"",""L"",""M"",""N"",""O"",""P"",""R"",""S"",""T"",""V"",""Y""]},{""position"":3,""characters"":[""A"",""E"",""N""]}]","true","false","A_TRUE_GAP","0","0","0","0","0","0","[]","[]","","false","false"
"13","ar_to_en","1","67","9","12","down","4","CCT?","[{""position"":0,""characters"":[""C""]},{""position"":1,""characters"":[""C""]},{""position"":2,""characters"":[""T""]},{""position"":3,""characters"":[""D"",""G"",""T""]}]","true","false","A_TRUE_GAP","0","0","0","0","0","0","[]","[]","","false","false"
"13","ar_to_en","1","67","4","7","across","6","???RT?","[{""position"":0,""characters"":[""A"",""B"",""D"",""E"",""G"",""L"",""M"",""R"",""S"",""T""]},{""position"":1,""characters"":[""A"",""C"",""E"",""G"",""H"",""I"",""L"",""M"",""N"",""O"",""P"",""R"",""S"",""T"",""W""]},{""position"":2,""characters"":[""A"",""C"",""D"",""E"",""G"",""I"",""K"",""L"",""N"",""O"",""S"",""T"",""U""]},{""position"":3,""characters"":[""R""]},{""position"":4,""characters"":[""T""]},{""position"":5,""characters"":[""A"",""C"",""D"",""E"",""F"",""G"",""M"",""T"",""Y""]}]","true","false","A_TRUE_GAP","0","0","0","0","0","0","[]","[]","","false","false"
"13","ar_to_en","1","67","7","9","down","4","?F?E","[{""position"":0,""characters"":[""A"",""B"",""D"",""E"",""F"",""G"",""H"",""K"",""L"",""M"",""N"",""O"",""P"",""R"",""S"",""T"",""W""]},{""position"":1,""characters"":[""F""]},{""position"":2,""characters"":[""A"",""B"",""C"",""D"",""E"",""F"",""G"",""H"",""K"",""L"",""M"",""N"",""O"",""P"",""R"",""S"",""T"",""V"",""Y""]},{""position"":3,""characters"":[""E""]}]","true","false","A_TRUE_GAP","0","0","0","0","0","0","[]","[]","","false","false"
"13","ar_to_en","1","68","1","9","across","4","?E??","[{""position"":0,""characters"":[""C"",""F"",""L"",""N"",""R""]},{""position"":1,""characters"":[""E""]},{""position"":2,""characters"":[""C"",""G"",""N"",""R"",""T"",""Y""]},{""position"":3,""characters"":[""A"",""E"",""I"",""O"",""U""]}]","true","false","A_TRUE_GAP","0","0","0","0","0","0","[]","[]","","false","false"
"13","ar_to_en","1","68","4","11","down","9","??????A??","[{""position"":0,""characters"":[""C"",""E"",""G"",""H"",""I"",""L"",""M"",""N"",""O"",""R"",""S"",""T"",""W"",""Y""]},{""position"":1,""characters"":[""A"",""O"",""R"",""U""]},{""position"":2,""characters"":[""C"",""L"",""N""]},{""position"":3,""characters"":[""F"",""O""]},{""position"":4,""characters"":[""A"",""D"",""E"",""G"",""L"",""M"",""N"",""O"",""P"",""R"",""S"",""T""]},{""position"":5,""characters"":[""A"",""C"",""E"",""H"",""I"",""L"",""N"",""O"",""P"",""R"",""S"",""T"",""U""]},{""position"":6,""characters"":[""A""]},{""position"":7,""characters"":[""A"",""C"",""E"",""G"",""H"",""I"",""N"",""R"",""S"",""T"",""U"",""Y""]},{""position"":8,""characters"":[""A"",""O"",""R"",""U""]}]","true","false","A_TRUE_GAP","0","0","0","0","0","0","[]","[]","","false","false"
"13","ar_to_en","1","68","10","0","across","13","??????????C??","[{""position"":0,""characters"":[""A"",""C"",""D"",""E"",""G"",""I"",""L"",""M"",""N"",""O"",""P"",""R"",""S"",""T"",""U"",""Y""]},{""position"":1,""characters"":[""A"",""C"",""D"",""E"",""I"",""L"",""N"",""O"",""P"",""R"",""T"",""U"",""V""]},{""position"":2,""characters"":[""A"",""C"",""D"",""E"",""G"",""I"",""M"",""N"",""O"",""P"",""R"",""S"",""T"",""V""]},{""position"":3,""characters"":[""A"",""C"",""D"",""E"",""F"",""I"",""M"",""N"",""O"",""P"",""R"",""S"",""T"",""U""]},{""position"":4,""characters"":[""A"",""E"",""F"",""I"",""M"",""N"",""O"",""R"",""T"",""U""]},{""position"":5,""characters"":[""A"",""C"",""E"",""F"",""G"",""I"",""L"",""M"",""N"",""O"",""P"",""R"",""S"",""T"",""U"",""X""]},{""position"":6,""characters"":[""A"",""B"",""C"",""H"",""I"",""L"",""N"",""O"",""S"",""T"",""U""]},{""position"":7,""characters"":[""A"",""C"",""D"",""E"",""F"",""G"",""I"",""L"",""M"",""N"",""O"",""P"",""R"",""S"",""T"",""U"",""X""]},{""position"":8,""characters"":[""A"",""C"",""E"",""F"",""I"",""N"",""O"",""R"",""T"",""U""]},{""position"":9,""characters"":[""A"",""C"",""D"",""E"",""F"",""I"",""M"",""N"",""O"",""P"",""R"",""S"",""T"",""U""]},{""position"":10,""characters"":[""C""]},{""position"":11,""characters"":[""A"",""D"",""E"",""I"",""L"",""N"",""O"",""P"",""R"",""U"",""V""]},{""position"":12,""characters"":[""A"",""C"",""D"",""E"",""G"",""I"",""L"",""M"",""N"",""O"",""P"",""R"",""S"",""T"",""U"",""Y""]}]","true","false","B_USED_EXHAUSTION","1","1","1","0","0","0","[""CIRCUMSTANCES""]","[]","100","false","false"
"13","ar_to_en","1","68","2","0","across","13","??????????G??","[{""position"":0,""characters"":[""A"",""C"",""D"",""E"",""G"",""I"",""L"",""N"",""O"",""P"",""R"",""S"",""T"",""U"",""Y""]},{""position"":1,""characters"":[""A"",""C"",""D"",""E"",""I"",""L"",""N"",""O"",""P"",""R"",""T"",""U""]},{""position"":2,""characters"":[""A"",""C"",""D"",""E"",""G"",""I"",""L"",""M"",""N"",""O"",""P"",""R"",""S"",""T"",""V""]},{""position"":3,""characters"":[""A"",""C"",""D"",""E"",""F"",""I"",""M"",""N"",""O"",""R"",""S"",""T"",""U""]},{""position"":4,""characters"":[""A"",""C"",""E"",""F"",""I"",""M"",""N"",""O"",""R"",""T"",""U""]},{""position"":5,""characters"":[""A"",""C"",""D"",""E"",""F"",""G"",""I"",""M"",""N"",""O"",""P"",""R"",""S"",""T"",""U"",""X""]},{""position"":6,""characters"":[""A"",""B"",""C"",""I"",""L"",""N"",""O"",""S"",""T"",""U""]},{""position"":7,""characters"":[""A"",""C"",""D"",""E"",""F"",""G"",""I"",""L"",""M"",""N"",""O"",""P"",""R"",""S"",""T"",""U"",""X""]},{""position"":8,""characters"":[""A"",""E"",""F"",""I"",""M"",""N"",""O"",""R"",""T"",""U""]},{""position"":9,""characters"":[""A"",""C"",""D"",""E"",""F"",""I"",""M"",""N"",""O"",""R"",""S"",""T"",""U""]},{""position"":10,""characters"":[""G""]},{""position"":11,""characters"":[""A"",""C"",""D"",""E"",""I"",""L"",""N"",""O"",""P"",""R"",""T"",""U""]},{""position"":12,""characters"":[""A"",""C"",""D"",""E"",""G"",""I"",""L"",""M"",""N"",""O"",""P"",""R"",""S"",""T"",""U"",""Y""]}]","true","false","B_USED_EXHAUSTION","1","1","1","0","0","0","[""ORGANISATIONS""]","[]","100","false","false"
"13","ar_to_en","1","68","10","0","across","13","??????????G??","[{""position"":0,""characters"":[""A"",""C"",""D"",""E"",""G"",""I"",""L"",""M"",""N"",""O"",""P"",""R"",""S"",""T"",""U"",""Y""]},{""position"":1,""characters"":[""A"",""C"",""D"",""E"",""I"",""L"",""N"",""O"",""P"",""R"",""T"",""U"",""V""]},{""position"":2,""characters"":[""A"",""C"",""D"",""E"",""G"",""I"",""M"",""N"",""O"",""P"",""R"",""S"",""T"",""V""]},{""position"":3,""characters"":[""A"",""C"",""D"",""E"",""F"",""I"",""M"",""N"",""O"",""P"",""R"",""S"",""T"",""U""]},{""position"":4,""characters"":[""A"",""E"",""F"",""I"",""M"",""N"",""O"",""R"",""T"",""U""]},{""position"":5,""characters"":[""A"",""C"",""E"",""F"",""G"",""I"",""L"",""M"",""N"",""O"",""P"",""R"",""S"",""T"",""U"",""X""]},{""position"":6,""characters"":[""A"",""B"",""C"",""H"",""I"",""L"",""N"",""O"",""S"",""T"",""U""]},{""position"":7,""characters"":[""A"",""C"",""D"",""E"",""F"",""G"",""I"",""L"",""M"",""N"",""O"",""P"",""R"",""S"",""T"",""U"",""X""]},{""position"":8,""characters"":[""A"",""C"",""E"",""F"",""I"",""N"",""O"",""R"",""T"",""U""]},{""position"":9,""characters"":[""A"",""C"",""D"",""E"",""F"",""I"",""M"",""N"",""O"",""P"",""R"",""S"",""T"",""U""]},{""position"":10,""characters"":[""G""]},{""position"":11,""characters"":[""A"",""D"",""E"",""I"",""L"",""N"",""O"",""P"",""R"",""U"",""V""]},{""position"":12,""characters"":[""A"",""C"",""D"",""E"",""G"",""I"",""L"",""M"",""N"",""O"",""P"",""R"",""S"",""T"",""U"",""Y""]}]","true","false","B_USED_EXHAUSTION","1","1","1","0","0","0","[""ORGANISATIONS""]","[]","100","false","false"
"13","ar_to_en","1","68","4","11","down","9","?????????","[{""position"":0,""characters"":[""A"",""C"",""D"",""E"",""G"",""H"",""I"",""L"",""O"",""P"",""R"",""T"",""U""]},{""position"":1,""characters"":[""A"",""D"",""E"",""H"",""I"",""O"",""P"",""U""]},{""position"":2,""characters"":[""A"",""C"",""E"",""I"",""N"",""O"",""P"",""R"",""U"",""W""]},{""position"":3,""characters"":[""C"",""D"",""E"",""F"",""G"",""H"",""K"",""L"",""M"",""N"",""O"",""P"",""R"",""S"",""T"",""W""]},{""position"":4,""characters"":[""A"",""D"",""E"",""I"",""N"",""O"",""T""]},{""position"":5,""characters"":[""A"",""E"",""I"",""L"",""N"",""O"",""P"",""R"",""U""]},{""position"":6,""characters"":[""N"",""O""]},{""position"":7,""characters"":[""A"",""E"",""I"",""N"",""O"",""U"",""W""]},{""position"":8,""characters"":[""A"",""E"",""G"",""I"",""O"",""U""]}]","true","false","A_TRUE_GAP","0","0","0","0","0","0","[]","[]","","false","false"
"13","ar_to_en","1","68","9","7","across","6","???IM?","[{""position"":0,""characters"":[""B"",""C"",""D"",""E"",""F"",""G"",""H"",""L"",""M"",""N"",""O"",""P"",""R"",""S"",""T"",""Y""]},{""position"":1,""characters"":[""A"",""D"",""E"",""F"",""G"",""H"",""I"",""L"",""N"",""O"",""P"",""R"",""S"",""T""]},{""position"":2,""characters"":[""C"",""D"",""E"",""F"",""G"",""K"",""L"",""M"",""N"",""P"",""R"",""S"",""T"",""V"",""Y""]},{""position"":3,""characters"":[""I""]},{""position"":4,""characters"":[""M""]},{""position"":5,""characters"":[""C"",""E"",""S"",""T""]}]","true","false","A_TRUE_GAP","0","0","0","0","0","0","[]","[]","","false","false"
"13","ar_to_en","1","68","7","9","down","4","?F??","[{""position"":0,""characters"":[""B"",""C"",""D"",""E"",""F"",""G"",""H"",""J"",""K"",""L"",""M"",""N"",""O"",""P"",""R"",""S"",""T"",""W"",""Y""]},{""position"":1,""characters"":[""F""]},{""position"":2,""characters"":[""A"",""B"",""C"",""D"",""G"",""L"",""N"",""O"",""P"",""R"",""S"",""T"",""X""]},{""position"":3,""characters"":[""F"",""O"",""T"",""U""]}]","true","false","A_TRUE_GAP","0","0","0","0","0","0","[]","[]","","false","false"
"13","ar_to_en","1","68","4","11","down","9","?????????","[{""position"":0,""characters"":[""A"",""E"",""I"",""L"",""O"",""U""]},{""position"":1,""characters"":[""A"",""C"",""E"",""G"",""H"",""I"",""N"",""R"",""S"",""T"",""U"",""Y""]},{""position"":2,""characters"":[""A"",""E"",""I"",""N"",""O"",""U"",""W""]},{""position"":3,""characters"":[""A"",""E""]},{""position"":4,""characters"":[""C"",""D"",""E"",""G"",""L"",""M"",""N"",""O"",""P"",""R"",""S"",""T"",""Y""]},{""position"":5,""characters"":[""A"",""C"",""E"",""H"",""I"",""L"",""N"",""O"",""P"",""R"",""S"",""T"",""U""]},{""position"":6,""characters"":[""E"",""N"",""O"",""V""]},{""position"":7,""characters"":[""A"",""D"",""G"",""H"",""I"",""L"",""N"",""O"",""U"",""W""]},{""position"":8,""characters"":[""A"",""E"",""I"",""N"",""O"",""U"",""W""]}]","true","false","A_TRUE_GAP","0","0","0","0","0","0","[]","[]","","false","false"
"13","ar_to_en","1","68","4","11","down","9","?????????","[{""position"":0,""characters"":[""A"",""C"",""D"",""E"",""G"",""I"",""K"",""N"",""O"",""T"",""U"",""W""]},{""position"":1,""characters"":[""C"",""L"",""N""]},{""position"":2,""characters"":[""A"",""D"",""E"",""H"",""I"",""O"",""P"",""U""]},{""position"":3,""characters"":[""A"",""E""]},{""position"":4,""characters"":[""A"",""C"",""E"",""M"",""T"",""Y""]},{""position"":5,""characters"":[""C"",""E"",""G"",""H"",""I"",""L"",""M"",""N"",""O"",""R"",""S"",""T"",""W"",""Y""]},{""position"":6,""characters"":[""A"",""N"",""O""]},{""position"":7,""characters"":[""A"",""D"",""G"",""H"",""I"",""L"",""N"",""O"",""U"",""W""]},{""position"":8,""characters"":[""A"",""E"",""I"",""O"",""U""]}]","true","false","A_TRUE_GAP","0","0","0","0","0","0","[]","[]","","false","false"
"13","ar_to_en","1","68","7","9","down","4","?F??","[{""position"":0,""characters"":[""A"",""B"",""D"",""E"",""F"",""G"",""H"",""K"",""L"",""M"",""N"",""O"",""P"",""R"",""S"",""T"",""W""]},{""position"":1,""characters"":[""F""]},{""position"":2,""characters"":[""A"",""B"",""C"",""D"",""E"",""F"",""G"",""H"",""K"",""L"",""M"",""N"",""O"",""P"",""R"",""S"",""T"",""V"",""Y""]},{""position"":3,""characters"":[""A"",""E"",""N""]}]","true","false","A_TRUE_GAP","0","0","0","0","0","0","[]","[]","","false","false"
"13","ar_to_en","1","68","9","12","down","4","CCT?","[{""position"":0,""characters"":[""C""]},{""position"":1,""characters"":[""C""]},{""position"":2,""characters"":[""T""]},{""position"":3,""characters"":[""D"",""G"",""T""]}]","true","false","A_TRUE_GAP","0","0","0","0","0","0","[]","[]","","false","false"
"13","ar_to_en","1","68","4","7","across","6","???RT?","[{""position"":0,""characters"":[""A"",""B"",""D"",""E"",""G"",""L"",""M"",""R"",""S"",""T""]},{""position"":1,""characters"":[""A"",""C"",""E"",""G"",""H"",""I"",""L"",""M"",""N"",""O"",""P"",""R"",""S"",""T"",""W""]},{""position"":2,""characters"":[""A"",""C"",""D"",""E"",""G"",""I"",""K"",""L"",""N"",""O"",""S"",""T"",""U""]},{""position"":3,""characters"":[""R""]},{""position"":4,""characters"":[""T""]},{""position"":5,""characters"":[""A"",""C"",""D"",""E"",""F"",""G"",""M"",""T"",""Y""]}]","true","false","A_TRUE_GAP","0","0","0","0","0","0","[]","[]","","false","false"
"13","ar_to_en","1","68","7","9","down","4","?F?E","[{""position"":0,""characters"":[""A"",""B"",""D"",""E"",""F"",""G"",""H"",""K"",""L"",""M"",""N"",""O"",""P"",""R"",""S"",""T"",""W""]},{""position"":1,""characters"":[""F""]},{""position"":2,""characters"":[""A"",""B"",""C"",""D"",""E"",""F"",""G"",""H"",""K"",""L"",""M"",""N"",""O"",""P"",""R"",""S"",""T"",""V"",""Y""]},{""position"":3,""characters"":[""E""]}]","true","false","A_TRUE_GAP","0","0","0","0","0","0","[]","[]","","false","false"
"13","ar_to_en","1","69","9","7","across","6","???IM?","[{""position"":0,""characters"":[""B"",""C"",""D"",""E"",""F"",""G"",""H"",""L"",""M"",""N"",""O"",""P"",""R"",""S"",""T"",""Y""]},{""position"":1,""characters"":[""A"",""D"",""E"",""F"",""G"",""H"",""I"",""L"",""N"",""O"",""P"",""R"",""S"",""T""]},{""position"":2,""characters"":[""C"",""D"",""E"",""F"",""G"",""K"",""L"",""M"",""N"",""P"",""R"",""S"",""T"",""V"",""Y""]},{""position"":3,""characters"":[""I""]},{""position"":4,""characters"":[""M""]},{""position"":5,""characters"":[""C"",""E"",""S"",""T""]}]","true","false","A_TRUE_GAP","0","0","0","0","0","0","[]","[]","","false","false"
"13","ar_to_en","1","69","4","11","down","9","?????????","[{""position"":0,""characters"":[""A"",""C"",""E"",""H"",""I"",""L"",""N"",""O"",""P"",""R"",""S"",""T"",""U""]},{""position"":1,""characters"":[""C"",""D"",""E"",""G"",""I"",""L"",""N"",""P"",""R"",""S"",""T"",""Y""]},{""position"":2,""characters"":[""A"",""C"",""E"",""I"",""N"",""O"",""P"",""R"",""U"",""W""]},{""position"":3,""characters"":[""A"",""D"",""E"",""I"",""K"",""N"",""O"",""T""]},{""position"":4,""characters"":[""A"",""D"",""E"",""G"",""L"",""M"",""N"",""P"",""R"",""S"",""T"",""Y""]},{""position"":5,""characters"":[""A"",""E"",""I"",""N"",""O"",""S"",""T"",""U"",""Y""]},{""position"":6,""characters"":[""N"",""R""]},{""position"":7,""characters"":[""A"",""E"",""I"",""O"",""U""]},{""position"":8,""characters"":[""A"",""E"",""I"",""O"",""P"",""U""]}]","true","false","A_TRUE_GAP","0","0","0","0","0","0","[]","[]","","false","false"
"13","ar_to_en","1","69","1","9","across","4","?E??","[{""position"":0,""characters"":[""C"",""F"",""L"",""N"",""R""]},{""position"":1,""characters"":[""E""]},{""position"":2,""characters"":[""C"",""G"",""N"",""R"",""T"",""Y""]},{""position"":3,""characters"":[""A"",""E"",""I"",""O"",""U""]}]","true","false","A_TRUE_GAP","0","0","0","0","0","0","[]","[]","","false","false"
"13","ar_to_en","1","69","4","11","down","9","??????A??","[{""position"":0,""characters"":[""C"",""E"",""G"",""H"",""I"",""L"",""M"",""N"",""O"",""R"",""S"",""T"",""W"",""Y""]},{""position"":1,""characters"":[""A"",""O"",""R"",""U""]},{""position"":2,""characters"":[""C"",""L"",""N""]},{""position"":3,""characters"":[""F"",""O""]},{""position"":4,""characters"":[""A"",""D"",""E"",""G"",""L"",""M"",""N"",""O"",""P"",""R"",""S"",""T""]},{""position"":5,""characters"":[""A"",""C"",""E"",""H"",""I"",""L"",""N"",""O"",""P"",""R"",""S"",""T"",""U""]},{""position"":6,""characters"":[""A""]},{""position"":7,""characters"":[""A"",""C"",""E"",""G"",""H"",""I"",""N"",""R"",""S"",""T"",""U"",""Y""]},{""position"":8,""characters"":[""A"",""O"",""R"",""U""]}]","true","false","A_TRUE_GAP","0","0","0","0","0","0","[]","[]","","false","false"
"13","ar_to_en","1","69","10","0","across","13","??????????C??","[{""position"":0,""characters"":[""A"",""C"",""D"",""E"",""G"",""I"",""L"",""M"",""N"",""O"",""P"",""R"",""S"",""T"",""U"",""Y""]},{""position"":1,""characters"":[""A"",""C"",""D"",""E"",""I"",""L"",""N"",""O"",""P"",""R"",""T"",""U"",""V""]},{""position"":2,""characters"":[""A"",""C"",""D"",""E"",""G"",""I"",""M"",""N"",""O"",""P"",""R"",""S"",""T"",""V""]},{""position"":3,""characters"":[""A"",""C"",""D"",""E"",""F"",""I"",""M"",""N"",""O"",""P"",""R"",""S"",""T"",""U""]},{""position"":4,""characters"":[""A"",""E"",""F"",""I"",""M"",""N"",""O"",""R"",""T"",""U""]},{""position"":5,""characters"":[""A"",""C"",""E"",""F"",""G"",""I"",""L"",""M"",""N"",""O"",""P"",""R"",""S"",""T"",""U"",""X""]},{""position"":6,""characters"":[""A"",""B"",""C"",""H"",""I"",""L"",""N"",""O"",""S"",""T"",""U""]},{""position"":7,""characters"":[""A"",""C"",""D"",""E"",""F"",""G"",""I"",""L"",""M"",""N"",""O"",""P"",""R"",""S"",""T"",""U"",""X""]},{""position"":8,""characters"":[""A"",""C"",""E"",""F"",""I"",""N"",""O"",""R"",""T"",""U""]},{""position"":9,""characters"":[""A"",""C"",""D"",""E"",""F"",""I"",""M"",""N"",""O"",""P"",""R"",""S"",""T"",""U""]},{""position"":10,""characters"":[""C""]},{""position"":11,""characters"":[""A"",""D"",""E"",""I"",""L"",""N"",""O"",""P"",""R"",""U"",""V""]},{""position"":12,""characters"":[""A"",""C"",""D"",""E"",""G"",""I"",""L"",""M"",""N"",""O"",""P"",""R"",""S"",""T"",""U"",""Y""]}]","true","false","B_USED_EXHAUSTION","1","1","1","0","0","0","[""CIRCUMSTANCES""]","[]","100","false","false"
"13","ar_to_en","1","69","2","0","across","13","??????????G??","[{""position"":0,""characters"":[""A"",""C"",""D"",""E"",""G"",""I"",""L"",""N"",""O"",""P"",""R"",""S"",""T"",""U"",""Y""]},{""position"":1,""characters"":[""A"",""C"",""D"",""E"",""I"",""L"",""N"",""O"",""P"",""R"",""T"",""U""]},{""position"":2,""characters"":[""A"",""C"",""D"",""E"",""G"",""I"",""L"",""M"",""N"",""O"",""P"",""R"",""S"",""T"",""V""]},{""position"":3,""characters"":[""A"",""C"",""D"",""E"",""F"",""I"",""M"",""N"",""O"",""R"",""S"",""T"",""U""]},{""position"":4,""characters"":[""A"",""C"",""E"",""F"",""I"",""M"",""N"",""O"",""R"",""T"",""U""]},{""position"":5,""characters"":[""A"",""C"",""D"",""E"",""F"",""G"",""I"",""M"",""N"",""O"",""P"",""R"",""S"",""T"",""U"",""X""]},{""position"":6,""characters"":[""A"",""B"",""C"",""I"",""L"",""N"",""O"",""S"",""T"",""U""]},{""position"":7,""characters"":[""A"",""C"",""D"",""E"",""F"",""G"",""I"",""L"",""M"",""N"",""O"",""P"",""R"",""S"",""T"",""U"",""X""]},{""position"":8,""characters"":[""A"",""E"",""F"",""I"",""M"",""N"",""O"",""R"",""T"",""U""]},{""position"":9,""characters"":[""A"",""C"",""D"",""E"",""F"",""I"",""M"",""N"",""O"",""R"",""S"",""T"",""U""]},{""position"":10,""characters"":[""G""]},{""position"":11,""characters"":[""A"",""C"",""D"",""E"",""I"",""L"",""N"",""O"",""P"",""R"",""T"",""U""]},{""position"":12,""characters"":[""A"",""C"",""D"",""E"",""G"",""I"",""L"",""M"",""N"",""O"",""P"",""R"",""S"",""T"",""U"",""Y""]}]","true","false","B_USED_EXHAUSTION","1","1","1","0","0","0","[""ORGANISATIONS""]","[]","100","false","false"
"13","ar_to_en","1","69","10","0","across","13","??????????G??","[{""position"":0,""characters"":[""A"",""C"",""D"",""E"",""G"",""I"",""L"",""M"",""N"",""O"",""P"",""R"",""S"",""T"",""U"",""Y""]},{""position"":1,""characters"":[""A"",""C"",""D"",""E"",""I"",""L"",""N"",""O"",""P"",""R"",""T"",""U"",""V""]},{""position"":2,""characters"":[""A"",""C"",""D"",""E"",""G"",""I"",""M"",""N"",""O"",""P"",""R"",""S"",""T"",""V""]},{""position"":3,""characters"":[""A"",""C"",""D"",""E"",""F"",""I"",""M"",""N"",""O"",""P"",""R"",""S"",""T"",""U""]},{""position"":4,""characters"":[""A"",""E"",""F"",""I"",""M"",""N"",""O"",""R"",""T"",""U""]},{""position"":5,""characters"":[""A"",""C"",""E"",""F"",""G"",""I"",""L"",""M"",""N"",""O"",""P"",""R"",""S"",""T"",""U"",""X""]},{""position"":6,""characters"":[""A"",""B"",""C"",""H"",""I"",""L"",""N"",""O"",""S"",""T"",""U""]},{""position"":7,""characters"":[""A"",""C"",""D"",""E"",""F"",""G"",""I"",""L"",""M"",""N"",""O"",""P"",""R"",""S"",""T"",""U"",""X""]},{""position"":8,""characters"":[""A"",""C"",""E"",""F"",""I"",""N"",""O"",""R"",""T"",""U""]},{""position"":9,""characters"":[""A"",""C"",""D"",""E"",""F"",""I"",""M"",""N"",""O"",""P"",""R"",""S"",""T"",""U""]},{""position"":10,""characters"":[""G""]},{""position"":11,""characters"":[""A"",""D"",""E"",""I"",""L"",""N"",""O"",""P"",""R"",""U"",""V""]},{""position"":12,""characters"":[""A"",""C"",""D"",""E"",""G"",""I"",""L"",""M"",""N"",""O"",""P"",""R"",""S"",""T"",""U"",""Y""]}]","true","false","B_USED_EXHAUSTION","1","1","1","0","0","0","[""ORGANISATIONS""]","[]","100","false","false"
"13","ar_to_en","1","69","4","11","down","9","?????????","[{""position"":0,""characters"":[""A"",""C"",""D"",""E"",""G"",""H"",""I"",""L"",""O"",""P"",""R"",""T"",""U""]},{""position"":1,""characters"":[""A"",""D"",""E"",""H"",""I"",""O"",""P"",""U""]},{""position"":2,""characters"":[""A"",""C"",""E"",""I"",""N"",""O"",""P"",""R"",""U"",""W""]},{""position"":3,""characters"":[""C"",""D"",""E"",""F"",""G"",""H"",""K"",""L"",""M"",""N"",""O"",""P"",""R"",""S"",""T"",""W""]},{""position"":4,""characters"":[""A"",""D"",""E"",""I"",""N"",""O"",""T""]},{""position"":5,""characters"":[""A"",""E"",""I"",""L"",""N"",""O"",""P"",""R"",""U""]},{""position"":6,""characters"":[""N"",""O""]},{""position"":7,""characters"":[""A"",""E"",""I"",""N"",""O"",""U"",""W""]},{""position"":8,""characters"":[""A"",""E"",""G"",""I"",""O"",""U""]}]","true","false","A_TRUE_GAP","0","0","0","0","0","0","[]","[]","","false","false"
"13","ar_to_en","1","69","9","7","across","6","???IM?","[{""position"":0,""characters"":[""B"",""C"",""D"",""E"",""F"",""G"",""H"",""L"",""M"",""N"",""O"",""P"",""R"",""S"",""T"",""Y""]},{""position"":1,""characters"":[""A"",""D"",""E"",""F"",""G"",""H"",""I"",""L"",""N"",""O"",""P"",""R"",""S"",""T""]},{""position"":2,""characters"":[""C"",""D"",""E"",""F"",""G"",""K"",""L"",""M"",""N"",""P"",""R"",""S"",""T"",""V"",""Y""]},{""position"":3,""characters"":[""I""]},{""position"":4,""characters"":[""M""]},{""position"":5,""characters"":[""C"",""E"",""S"",""T""]}]","true","false","A_TRUE_GAP","0","0","0","0","0","0","[]","[]","","false","false"
"13","ar_to_en","1","69","7","9","down","4","?F??","[{""position"":0,""characters"":[""B"",""C"",""D"",""E"",""F"",""G"",""H"",""J"",""K"",""L"",""M"",""N"",""O"",""P"",""R"",""S"",""T"",""W"",""Y""]},{""position"":1,""characters"":[""F""]},{""position"":2,""characters"":[""A"",""B"",""C"",""D"",""G"",""L"",""N"",""O"",""P"",""R"",""S"",""T"",""X""]},{""position"":3,""characters"":[""F"",""O"",""T"",""U""]}]","true","false","A_TRUE_GAP","0","0","0","0","0","0","[]","[]","","false","false"
"13","ar_to_en","1","69","4","11","down","9","?????????","[{""position"":0,""characters"":[""A"",""E"",""I"",""L"",""O"",""U""]},{""position"":1,""characters"":[""A"",""C"",""E"",""G"",""H"",""I"",""N"",""R"",""S"",""T"",""U"",""Y""]},{""position"":2,""characters"":[""A"",""E"",""I"",""N"",""O"",""U"",""W""]},{""position"":3,""characters"":[""A"",""E""]},{""position"":4,""characters"":[""C"",""D"",""E"",""G"",""L"",""M"",""N"",""O"",""P"",""R"",""S"",""T"",""Y""]},{""position"":5,""characters"":[""A"",""C"",""E"",""H"",""I"",""L"",""N"",""O"",""P"",""R"",""S"",""T"",""U""]},{""position"":6,""characters"":[""E"",""N"",""O"",""V""]},{""position"":7,""characters"":[""A"",""D"",""G"",""H"",""I"",""L"",""N"",""O"",""U"",""W""]},{""position"":8,""characters"":[""A"",""E"",""I"",""N"",""O"",""U"",""W""]}]","true","false","A_TRUE_GAP","0","0","0","0","0","0","[]","[]","","false","false"
"13","ar_to_en","1","69","4","11","down","9","?????????","[{""position"":0,""characters"":[""A"",""C"",""D"",""E"",""G"",""I"",""K"",""N"",""O"",""T"",""U"",""W""]},{""position"":1,""characters"":[""C"",""L"",""N""]},{""position"":2,""characters"":[""A"",""D"",""E"",""H"",""I"",""O"",""P"",""U""]},{""position"":3,""characters"":[""A"",""E""]},{""position"":4,""characters"":[""A"",""C"",""E"",""M"",""T"",""Y""]},{""position"":5,""characters"":[""C"",""E"",""G"",""H"",""I"",""L"",""M"",""N"",""O"",""R"",""S"",""T"",""W"",""Y""]},{""position"":6,""characters"":[""A"",""N"",""O""]},{""position"":7,""characters"":[""A"",""D"",""G"",""H"",""I"",""L"",""N"",""O"",""U"",""W""]},{""position"":8,""characters"":[""A"",""E"",""I"",""O"",""U""]}]","true","false","A_TRUE_GAP","0","0","0","0","0","0","[]","[]","","false","false"
"13","ar_to_en","1","69","7","9","down","4","?F??","[{""position"":0,""characters"":[""A"",""B"",""D"",""E"",""F"",""G"",""H"",""K"",""L"",""M"",""N"",""O"",""P"",""R"",""S"",""T"",""W""]},{""position"":1,""characters"":[""F""]},{""position"":2,""characters"":[""A"",""B"",""C"",""D"",""E"",""F"",""G"",""H"",""K"",""L"",""M"",""N"",""O"",""P"",""R"",""S"",""T"",""V"",""Y""]},{""position"":3,""characters"":[""A"",""E"",""N""]}]","true","false","A_TRUE_GAP","0","0","0","0","0","0","[]","[]","","false","false"
"13","ar_to_en","1","69","9","12","down","4","CCT?","[{""position"":0,""characters"":[""C""]},{""position"":1,""characters"":[""C""]},{""position"":2,""characters"":[""T""]},{""position"":3,""characters"":[""D"",""G"",""T""]}]","true","false","A_TRUE_GAP","0","0","0","0","0","0","[]","[]","","false","false"
"13","ar_to_en","1","69","4","7","across","6","???RT?","[{""position"":0,""characters"":[""A"",""B"",""D"",""E"",""G"",""L"",""M"",""R"",""S"",""T""]},{""position"":1,""characters"":[""A"",""C"",""E"",""G"",""H"",""I"",""L"",""M"",""N"",""O"",""P"",""R"",""S"",""T"",""W""]},{""position"":2,""characters"":[""A"",""C"",""D"",""E"",""G"",""I"",""K"",""L"",""N"",""O"",""S"",""T"",""U""]},{""position"":3,""characters"":[""R""]},{""position"":4,""characters"":[""T""]},{""position"":5,""characters"":[""A"",""C"",""D"",""E"",""F"",""G"",""M"",""T"",""Y""]}]","true","false","A_TRUE_GAP","0","0","0","0","0","0","[]","[]","","false","false"
"13","ar_to_en","1","70","9","12","down","4","????","[{""position"":0,""characters"":[""H"",""S"",""T""]},{""position"":1,""characters"":[""P"",""S""]},{""position"":2,""characters"":[""A"",""N"",""P""]},{""position"":3,""characters"":[""A"",""Y""]}]","true","false","A_TRUE_GAP","0","0","0","0","0","0","[]","[]","","false","false"
"13","ar_to_en","1","70","7","9","down","4","A??T","[{""position"":0,""characters"":[""A""]},{""position"":1,""characters"":[""B"",""D"",""L"",""M"",""P"",""S""]},{""position"":2,""characters"":[""E"",""I""]},{""position"":3,""characters"":[""T""]}]","true","false","A_TRUE_GAP","0","0","0","0","0","0","[]","[]","","false","false"
"13","ar_to_en","1","70","9","7","across","6","???IM?","[{""position"":0,""characters"":[""B"",""C"",""D"",""E"",""F"",""G"",""H"",""L"",""M"",""N"",""O"",""P"",""R"",""S"",""T"",""Y""]},{""position"":1,""characters"":[""A"",""D"",""E"",""F"",""G"",""H"",""I"",""L"",""N"",""O"",""P"",""R"",""S"",""T""]},{""position"":2,""characters"":[""C"",""D"",""E"",""F"",""G"",""K"",""L"",""M"",""N"",""P"",""R"",""S"",""T"",""V"",""Y""]},{""position"":3,""characters"":[""I""]},{""position"":4,""characters"":[""M""]},{""position"":5,""characters"":[""C"",""E"",""S"",""T""]}]","true","false","A_TRUE_GAP","0","0","0","0","0","0","[]","[]","","false","false"
"13","ar_to_en","1","70","4","11","down","9","?????????","[{""position"":0,""characters"":[""A"",""C"",""E"",""H"",""I"",""L"",""N"",""O"",""P"",""R"",""S"",""T"",""U""]},{""position"":1,""characters"":[""C"",""D"",""E"",""G"",""I"",""L"",""N"",""P"",""R"",""S"",""T"",""Y""]},{""position"":2,""characters"":[""A"",""C"",""E"",""I"",""N"",""O"",""P"",""R"",""U"",""W""]},{""position"":3,""characters"":[""A"",""D"",""E"",""I"",""K"",""N"",""O"",""T""]},{""position"":4,""characters"":[""A"",""D"",""E"",""G"",""L"",""M"",""N"",""P"",""R"",""S"",""T"",""Y""]},{""position"":5,""characters"":[""A"",""E"",""I"",""N"",""O"",""S"",""T"",""U"",""Y""]},{""position"":6,""characters"":[""N"",""R""]},{""position"":7,""characters"":[""A"",""E"",""I"",""O"",""U""]},{""position"":8,""characters"":[""A"",""E"",""I"",""O"",""P"",""U""]}]","true","false","A_TRUE_GAP","0","0","0","0","0","0","[]","[]","","false","false"
"13","ar_to_en","1","70","1","9","across","4","?E??","[{""position"":0,""characters"":[""C"",""F"",""L"",""N"",""R""]},{""position"":1,""characters"":[""E""]},{""position"":2,""characters"":[""C"",""G"",""N"",""R"",""T"",""Y""]},{""position"":3,""characters"":[""A"",""E"",""I"",""O"",""U""]}]","true","false","A_TRUE_GAP","0","0","0","0","0","0","[]","[]","","false","false"
"13","ar_to_en","1","70","4","11","down","9","??????A??","[{""position"":0,""characters"":[""C"",""E"",""G"",""H"",""I"",""L"",""M"",""N"",""O"",""R"",""S"",""T"",""W"",""Y""]},{""position"":1,""characters"":[""A"",""O"",""R"",""U""]},{""position"":2,""characters"":[""C"",""L"",""N""]},{""position"":3,""characters"":[""F"",""O""]},{""position"":4,""characters"":[""A"",""D"",""E"",""G"",""L"",""M"",""N"",""O"",""P"",""R"",""S"",""T""]},{""position"":5,""characters"":[""A"",""C"",""E"",""H"",""I"",""L"",""N"",""O"",""P"",""R"",""S"",""T"",""U""]},{""position"":6,""characters"":[""A""]},{""position"":7,""characters"":[""A"",""C"",""E"",""G"",""H"",""I"",""N"",""R"",""S"",""T"",""U"",""Y""]},{""position"":8,""characters"":[""A"",""O"",""R"",""U""]}]","true","false","A_TRUE_GAP","0","0","0","0","0","0","[]","[]","","false","false"
"13","ar_to_en","1","70","10","0","across","13","??????????C??","[{""position"":0,""characters"":[""A"",""C"",""D"",""E"",""G"",""I"",""L"",""M"",""N"",""O"",""P"",""R"",""S"",""T"",""U"",""Y""]},{""position"":1,""characters"":[""A"",""C"",""D"",""E"",""I"",""L"",""N"",""O"",""P"",""R"",""T"",""U"",""V""]},{""position"":2,""characters"":[""A"",""C"",""D"",""E"",""G"",""I"",""M"",""N"",""O"",""P"",""R"",""S"",""T"",""V""]},{""position"":3,""characters"":[""A"",""C"",""D"",""E"",""F"",""I"",""M"",""N"",""O"",""P"",""R"",""S"",""T"",""U""]},{""position"":4,""characters"":[""A"",""E"",""F"",""I"",""M"",""N"",""O"",""R"",""T"",""U""]},{""position"":5,""characters"":[""A"",""C"",""E"",""F"",""G"",""I"",""L"",""M"",""N"",""O"",""P"",""R"",""S"",""T"",""U"",""X""]},{""position"":6,""characters"":[""A"",""B"",""C"",""H"",""I"",""L"",""N"",""O"",""S"",""T"",""U""]},{""position"":7,""characters"":[""A"",""C"",""D"",""E"",""F"",""G"",""I"",""L"",""M"",""N"",""O"",""P"",""R"",""S"",""T"",""U"",""X""]},{""position"":8,""characters"":[""A"",""C"",""E"",""F"",""I"",""N"",""O"",""R"",""T"",""U""]},{""position"":9,""characters"":[""A"",""C"",""D"",""E"",""F"",""I"",""M"",""N"",""O"",""P"",""R"",""S"",""T"",""U""]},{""position"":10,""characters"":[""C""]},{""position"":11,""characters"":[""A"",""D"",""E"",""I"",""L"",""N"",""O"",""P"",""R"",""U"",""V""]},{""position"":12,""characters"":[""A"",""C"",""D"",""E"",""G"",""I"",""L"",""M"",""N"",""O"",""P"",""R"",""S"",""T"",""U"",""Y""]}]","true","false","B_USED_EXHAUSTION","1","1","1","0","0","0","[""CIRCUMSTANCES""]","[]","100","false","false"
"13","ar_to_en","1","70","2","0","across","13","??????????G??","[{""position"":0,""characters"":[""A"",""C"",""D"",""E"",""G"",""I"",""L"",""N"",""O"",""P"",""R"",""S"",""T"",""U"",""Y""]},{""position"":1,""characters"":[""A"",""C"",""D"",""E"",""I"",""L"",""N"",""O"",""P"",""R"",""T"",""U""]},{""position"":2,""characters"":[""A"",""C"",""D"",""E"",""G"",""I"",""L"",""M"",""N"",""O"",""P"",""R"",""S"",""T"",""V""]},{""position"":3,""characters"":[""A"",""C"",""D"",""E"",""F"",""I"",""M"",""N"",""O"",""R"",""S"",""T"",""U""]},{""position"":4,""characters"":[""A"",""C"",""E"",""F"",""I"",""M"",""N"",""O"",""R"",""T"",""U""]},{""position"":5,""characters"":[""A"",""C"",""D"",""E"",""F"",""G"",""I"",""M"",""N"",""O"",""P"",""R"",""S"",""T"",""U"",""X""]},{""position"":6,""characters"":[""A"",""B"",""C"",""I"",""L"",""N"",""O"",""S"",""T"",""U""]},{""position"":7,""characters"":[""A"",""C"",""D"",""E"",""F"",""G"",""I"",""L"",""M"",""N"",""O"",""P"",""R"",""S"",""T"",""U"",""X""]},{""position"":8,""characters"":[""A"",""E"",""F"",""I"",""M"",""N"",""O"",""R"",""T"",""U""]},{""position"":9,""characters"":[""A"",""C"",""D"",""E"",""F"",""I"",""M"",""N"",""O"",""R"",""S"",""T"",""U""]},{""position"":10,""characters"":[""G""]},{""position"":11,""characters"":[""A"",""C"",""D"",""E"",""I"",""L"",""N"",""O"",""P"",""R"",""T"",""U""]},{""position"":12,""characters"":[""A"",""C"",""D"",""E"",""G"",""I"",""L"",""M"",""N"",""O"",""P"",""R"",""S"",""T"",""U"",""Y""]}]","true","false","B_USED_EXHAUSTION","1","1","1","0","0","0","[""ORGANISATIONS""]","[]","100","false","false"
"13","ar_to_en","1","70","10","0","across","13","??????????G??","[{""position"":0,""characters"":[""A"",""C"",""D"",""E"",""G"",""I"",""L"",""M"",""N"",""O"",""P"",""R"",""S"",""T"",""U"",""Y""]},{""position"":1,""characters"":[""A"",""C"",""D"",""E"",""I"",""L"",""N"",""O"",""P"",""R"",""T"",""U"",""V""]},{""position"":2,""characters"":[""A"",""C"",""D"",""E"",""G"",""I"",""M"",""N"",""O"",""P"",""R"",""S"",""T"",""V""]},{""position"":3,""characters"":[""A"",""C"",""D"",""E"",""F"",""I"",""M"",""N"",""O"",""P"",""R"",""S"",""T"",""U""]},{""position"":4,""characters"":[""A"",""E"",""F"",""I"",""M"",""N"",""O"",""R"",""T"",""U""]},{""position"":5,""characters"":[""A"",""C"",""E"",""F"",""G"",""I"",""L"",""M"",""N"",""O"",""P"",""R"",""S"",""T"",""U"",""X""]},{""position"":6,""characters"":[""A"",""B"",""C"",""H"",""I"",""L"",""N"",""O"",""S"",""T"",""U""]},{""position"":7,""characters"":[""A"",""C"",""D"",""E"",""F"",""G"",""I"",""L"",""M"",""N"",""O"",""P"",""R"",""S"",""T"",""U"",""X""]},{""position"":8,""characters"":[""A"",""C"",""E"",""F"",""I"",""N"",""O"",""R"",""T"",""U""]},{""position"":9,""characters"":[""A"",""C"",""D"",""E"",""F"",""I"",""M"",""N"",""O"",""P"",""R"",""S"",""T"",""U""]},{""position"":10,""characters"":[""G""]},{""position"":11,""characters"":[""A"",""D"",""E"",""I"",""L"",""N"",""O"",""P"",""R"",""U"",""V""]},{""position"":12,""characters"":[""A"",""C"",""D"",""E"",""G"",""I"",""L"",""M"",""N"",""O"",""P"",""R"",""S"",""T"",""U"",""Y""]}]","true","false","B_USED_EXHAUSTION","1","1","1","0","0","0","[""ORGANISATIONS""]","[]","100","false","false"
"13","ar_to_en","1","70","4","11","down","9","?????????","[{""position"":0,""characters"":[""A"",""C"",""D"",""E"",""G"",""H"",""I"",""L"",""O"",""P"",""R"",""T"",""U""]},{""position"":1,""characters"":[""A"",""D"",""E"",""H"",""I"",""O"",""P"",""U""]},{""position"":2,""characters"":[""A"",""C"",""E"",""I"",""N"",""O"",""P"",""R"",""U"",""W""]},{""position"":3,""characters"":[""C"",""D"",""E"",""F"",""G"",""H"",""K"",""L"",""M"",""N"",""O"",""P"",""R"",""S"",""T"",""W""]},{""position"":4,""characters"":[""A"",""D"",""E"",""I"",""N"",""O"",""T""]},{""position"":5,""characters"":[""A"",""E"",""I"",""L"",""N"",""O"",""P"",""R"",""U""]},{""position"":6,""characters"":[""N"",""O""]},{""position"":7,""characters"":[""A"",""E"",""I"",""N"",""O"",""U"",""W""]},{""position"":8,""characters"":[""A"",""E"",""G"",""I"",""O"",""U""]}]","true","false","A_TRUE_GAP","0","0","0","0","0","0","[]","[]","","false","false"
"13","ar_to_en","1","70","9","7","across","6","???IM?","[{""position"":0,""characters"":[""B"",""C"",""D"",""E"",""F"",""G"",""H"",""L"",""M"",""N"",""O"",""P"",""R"",""S"",""T"",""Y""]},{""position"":1,""characters"":[""A"",""D"",""E"",""F"",""G"",""H"",""I"",""L"",""N"",""O"",""P"",""R"",""S"",""T""]},{""position"":2,""characters"":[""C"",""D"",""E"",""F"",""G"",""K"",""L"",""M"",""N"",""P"",""R"",""S"",""T"",""V"",""Y""]},{""position"":3,""characters"":[""I""]},{""position"":4,""characters"":[""M""]},{""position"":5,""characters"":[""C"",""E"",""S"",""T""]}]","true","false","A_TRUE_GAP","0","0","0","0","0","0","[]","[]","","false","false"
"13","ar_to_en","1","70","7","9","down","4","?F??","[{""position"":0,""characters"":[""B"",""C"",""D"",""E"",""F"",""G"",""H"",""J"",""K"",""L"",""M"",""N"",""O"",""P"",""R"",""S"",""T"",""W"",""Y""]},{""position"":1,""characters"":[""F""]},{""position"":2,""characters"":[""A"",""B"",""C"",""D"",""G"",""L"",""N"",""O"",""P"",""R"",""S"",""T"",""X""]},{""position"":3,""characters"":[""F"",""O"",""T"",""U""]}]","true","false","A_TRUE_GAP","0","0","0","0","0","0","[]","[]","","false","false"
"13","ar_to_en","1","70","4","11","down","9","?????????","[{""position"":0,""characters"":[""A"",""E"",""I"",""L"",""O"",""U""]},{""position"":1,""characters"":[""A"",""C"",""E"",""G"",""H"",""I"",""N"",""R"",""S"",""T"",""U"",""Y""]},{""position"":2,""characters"":[""A"",""E"",""I"",""N"",""O"",""U"",""W""]},{""position"":3,""characters"":[""A"",""E""]},{""position"":4,""characters"":[""C"",""D"",""E"",""G"",""L"",""M"",""N"",""O"",""P"",""R"",""S"",""T"",""Y""]},{""position"":5,""characters"":[""A"",""C"",""E"",""H"",""I"",""L"",""N"",""O"",""P"",""R"",""S"",""T"",""U""]},{""position"":6,""characters"":[""E"",""N"",""O"",""V""]},{""position"":7,""characters"":[""A"",""D"",""G"",""H"",""I"",""L"",""N"",""O"",""U"",""W""]},{""position"":8,""characters"":[""A"",""E"",""I"",""N"",""O"",""U"",""W""]}]","true","false","A_TRUE_GAP","0","0","0","0","0","0","[]","[]","","false","false"
"13","ar_to_en","1","70","4","11","down","9","?????????","[{""position"":0,""characters"":[""A"",""C"",""D"",""E"",""G"",""I"",""K"",""N"",""O"",""T"",""U"",""W""]},{""position"":1,""characters"":[""C"",""L"",""N""]},{""position"":2,""characters"":[""A"",""D"",""E"",""H"",""I"",""O"",""P"",""U""]},{""position"":3,""characters"":[""A"",""E""]},{""position"":4,""characters"":[""A"",""C"",""E"",""M"",""T"",""Y""]},{""position"":5,""characters"":[""C"",""E"",""G"",""H"",""I"",""L"",""M"",""N"",""O"",""R"",""S"",""T"",""W"",""Y""]},{""position"":6,""characters"":[""A"",""N"",""O""]},{""position"":7,""characters"":[""A"",""D"",""G"",""H"",""I"",""L"",""N"",""O"",""U"",""W""]},{""position"":8,""characters"":[""A"",""E"",""I"",""O"",""U""]}]","true","false","A_TRUE_GAP","0","0","0","0","0","0","[]","[]","","false","false"
"13","ar_to_en","1","70","7","9","down","4","?F??","[{""position"":0,""characters"":[""A"",""B"",""D"",""E"",""F"",""G"",""H"",""K"",""L"",""M"",""N"",""O"",""P"",""R"",""S"",""T"",""W""]},{""position"":1,""characters"":[""F""]},{""position"":2,""characters"":[""A"",""B"",""C"",""D"",""E"",""F"",""G"",""H"",""K"",""L"",""M"",""N"",""O"",""P"",""R"",""S"",""T"",""V"",""Y""]},{""position"":3,""characters"":[""A"",""E"",""N""]}]","true","false","A_TRUE_GAP","0","0","0","0","0","0","[]","[]","","false","false"
"13","ar_to_en","1","70","9","12","down","4","CCT?","[{""position"":0,""characters"":[""C""]},{""position"":1,""characters"":[""C""]},{""position"":2,""characters"":[""T""]},{""position"":3,""characters"":[""D"",""G"",""T""]}]","true","false","A_TRUE_GAP","0","0","0","0","0","0","[]","[]","","false","false"
"13","ar_to_en","1","71","10","0","across","13","??I???????I??","[{""position"":0,""characters"":[""A"",""C"",""D"",""E"",""G"",""I"",""L"",""M"",""N"",""O"",""P"",""R"",""S"",""U"",""Y""]},{""position"":1,""characters"":[""A"",""C"",""D"",""E"",""I"",""L"",""N"",""O"",""P"",""R"",""T"",""U"",""V""]},{""position"":2,""characters"":[""I""]},{""position"":3,""characters"":[""A"",""C"",""D"",""E"",""F"",""I"",""N"",""O"",""R"",""S"",""T"",""U""]},{""position"":4,""characters"":[""A"",""C"",""E"",""F"",""I"",""M"",""N"",""O"",""R"",""T"",""U""]},{""position"":5,""characters"":[""A"",""C"",""D"",""E"",""F"",""G"",""I"",""L"",""M"",""N"",""O"",""P"",""R"",""S"",""T"",""U"",""X""]},{""position"":6,""characters"":[""A"",""B"",""C"",""H"",""I"",""L"",""N"",""O"",""S"",""T"",""U"",""Z""]},{""position"":7,""characters"":[""A"",""C"",""D"",""E"",""F"",""G"",""I"",""L"",""M"",""N"",""O"",""P"",""R"",""S"",""T"",""U"",""X""]},{""position"":8,""characters"":[""A"",""C"",""E"",""F"",""I"",""M"",""N"",""O"",""R"",""T"",""U""]},{""position"":9,""characters"":[""A"",""C"",""D"",""E"",""F"",""I"",""M"",""N"",""O"",""P"",""R"",""S"",""T"",""U""]},{""position"":10,""characters"":[""I""]},{""position"":11,""characters"":[""A"",""C"",""D"",""E"",""I"",""L"",""N"",""O"",""P"",""R"",""T"",""U""]},{""position"":12,""characters"":[""A"",""C"",""D"",""E"",""G"",""I"",""L"",""M"",""N"",""O"",""P"",""R"",""S"",""T"",""U"",""Y""]}]","true","false","A_TRUE_GAP","0","0","0","0","0","0","[]","[]","","false","false"
"13","ar_to_en","1","71","0","2","down","13","??G??????????","[{""position"":0,""characters"":[""A"",""C"",""D"",""E"",""G"",""I"",""L"",""N"",""O"",""P"",""R"",""S"",""T"",""U"",""Y""]},{""position"":1,""characters"":[""A"",""C"",""D"",""E"",""I"",""L"",""N"",""O"",""P"",""R"",""T"",""U"",""V""]},{""position"":2,""characters"":[""G""]},{""position"":3,""characters"":[""A"",""C"",""D"",""E"",""F"",""I"",""M"",""N"",""O"",""P"",""R"",""S"",""T"",""U""]},{""position"":4,""characters"":[""A"",""C"",""E"",""F"",""I"",""M"",""N"",""O"",""R"",""T"",""U""]},{""position"":5,""characters"":[""A"",""C"",""D"",""E"",""F"",""G"",""I"",""M"",""N"",""O"",""P"",""R"",""S"",""T"",""U"",""X""]},{""position"":6,""characters"":[""A"",""B"",""C"",""H"",""I"",""L"",""N"",""O"",""S"",""T"",""U""]},{""position"":7,""characters"":[""A"",""C"",""D"",""E"",""F"",""G"",""I"",""L"",""M"",""N"",""O"",""P"",""R"",""S"",""T"",""U"",""X""]},{""position"":8,""characters"":[""A"",""C"",""E"",""F"",""I"",""M"",""N"",""O"",""R"",""T"",""U""]},{""position"":9,""characters"":[""A"",""C"",""D"",""E"",""F"",""I"",""M"",""N"",""O"",""P"",""R"",""S"",""T"",""U""]},{""position"":10,""characters"":[""A"",""C"",""D"",""E"",""G"",""I"",""L"",""M"",""N"",""O"",""P"",""R"",""S"",""T"",""V""]},{""position"":11,""characters"":[""A"",""C"",""D"",""E"",""I"",""L"",""N"",""O"",""P"",""R"",""T"",""U"",""V""]},{""position"":12,""characters"":[""A"",""C"",""D"",""E"",""G"",""I"",""L"",""M"",""N"",""O"",""P"",""R"",""S"",""T"",""U"",""Y""]}]","true","false","B_USED_EXHAUSTION","1","1","1","0","0","0","[""ORGANISATIONS""]","[]","100","false","false"
"13","ar_to_en","1","71","3","7","across","6","??????","[{""position"":0,""characters"":[""A"",""E"",""I"",""O"",""U""]},{""position"":1,""characters"":[""B"",""E"",""P"",""Y""]},{""position"":2,""characters"":[""B"",""C"",""D"",""F"",""G"",""H"",""J"",""K"",""L"",""M"",""N"",""P"",""R"",""S"",""T"",""V"",""W"",""Y""]},{""position"":3,""characters"":[""N"",""U""]},{""position"":4,""characters"":[""A"",""E"",""H"",""I"",""L"",""O"",""R"",""U""]},{""position"":5,""characters"":[""C"",""D"",""G"",""L"",""M"",""N"",""P"",""R"",""S"",""T"",""U"",""V"",""W""]}]","true","false","A_TRUE_GAP","0","0","0","0","0","0","[]","[]","","false","false"
"13","ar_to_en","1","71","0","2","down","13","??D??????????","[{""position"":0,""characters"":[""A"",""C"",""D"",""E"",""G"",""I"",""L"",""N"",""O"",""P"",""R"",""S"",""T"",""U"",""Y""]},{""position"":1,""characters"":[""A"",""C"",""D"",""E"",""I"",""L"",""N"",""O"",""P"",""R"",""T"",""U"",""V""]},{""position"":2,""characters"":[""D""]},{""position"":3,""characters"":[""A"",""C"",""D"",""E"",""F"",""I"",""M"",""N"",""O"",""P"",""R"",""S"",""T"",""U""]},{""position"":4,""characters"":[""A"",""C"",""E"",""F"",""I"",""M"",""N"",""O"",""R"",""T"",""U""]},{""position"":5,""characters"":[""A"",""C"",""D"",""E"",""F"",""G"",""I"",""M"",""N"",""O"",""P"",""R"",""S"",""T"",""U"",""X""]},{""position"":6,""characters"":[""A"",""B"",""C"",""H"",""I"",""L"",""N"",""O"",""S"",""T"",""U""]},{""position"":7,""characters"":[""A"",""C"",""D"",""E"",""F"",""G"",""I"",""L"",""M"",""N"",""O"",""P"",""R"",""S"",""T"",""U"",""X""]},{""position"":8,""characters"":[""A"",""C"",""E"",""F"",""I"",""M"",""N"",""O"",""R"",""T"",""U""]},{""position"":9,""characters"":[""A"",""C"",""D"",""E"",""F"",""I"",""M"",""N"",""O"",""P"",""R"",""S"",""T"",""U""]},{""position"":10,""characters"":[""A"",""C"",""D"",""E"",""G"",""I"",""L"",""M"",""N"",""O"",""P"",""R"",""S"",""T"",""V""]},{""position"":11,""characters"":[""A"",""C"",""D"",""E"",""I"",""L"",""N"",""O"",""P"",""R"",""T"",""U"",""V""]},{""position"":12,""characters"":[""A"",""C"",""D"",""E"",""G"",""I"",""L"",""M"",""N"",""O"",""P"",""R"",""S"",""T"",""U"",""Y""]}]","true","false","B_USED_EXHAUSTION","1","1","1","0","0","0","[""UNDERSTANDING""]","[]","100","false","false"
"13","ar_to_en","1","71","0","9","down","4","??E?","[{""position"":0,""characters"":[""A"",""E"",""I"",""O"",""U""]},{""position"":1,""characters"":[""C"",""F"",""I""]},{""position"":2,""characters"":[""E""]},{""position"":3,""characters"":[""C"",""E"",""N"",""R"",""T""]}]","true","false","A_TRUE_GAP","0","0","0","0","0","0","[]","[]","","false","false"
"13","ar_to_en","1","71","0","1","down","5","??AU?","[{""position"":0,""characters"":[""A"",""B"",""C"",""D"",""E"",""F"",""G"",""H"",""I"",""K"",""L"",""M"",""N"",""P"",""R"",""S"",""T"",""Y""]},{""position"":1,""characters"":[""D"",""E"",""G"",""H"",""I"",""L"",""M"",""O"",""S"",""T"",""U"",""W""]},{""position"":2,""characters"":[""A""]},{""position"":3,""characters"":[""U""]},{""position"":4,""characters"":[""A"",""E"",""F"",""G"",""H"",""I"",""K"",""L"",""M"",""N"",""P"",""R"",""S"",""T""]}]","true","false","A_TRUE_GAP","0","0","0","0","0","0","[]","[]","","false","false"
"13","ar_to_en","1","71","3","7","across","6","??????","[{""position"":0,""characters"":[""A"",""C"",""D"",""E"",""G"",""H"",""I"",""K"",""L"",""M"",""N"",""P"",""R"",""S"",""T"",""U"",""V"",""W""]},{""position"":1,""characters"":[""B"",""E"",""P"",""Y""]},{""position"":2,""characters"":[""B"",""C"",""D"",""E"",""F"",""G"",""H"",""J"",""L"",""M"",""N"",""P"",""R"",""S"",""T""]},{""position"":3,""characters"":[""N"",""O""]},{""position"":4,""characters"":[""F"",""I"",""L"",""N"",""P"",""R"",""U"",""W""]},{""position"":5,""characters"":[""A"",""E"",""I"",""L"",""N"",""O"",""R"",""U""]}]","true","false","A_TRUE_GAP","0","0","0","0","0","0","[]","[]","","false","false"
"13","ar_to_en","1","71","1","6","across","5","?????","[{""position"":0,""characters"":[""C"",""K"",""L"",""N""]},{""position"":1,""characters"":[""A"",""C"",""D"",""E"",""G"",""I"",""K"",""N"",""O"",""R"",""S"",""T"",""U"",""W""]},{""position"":2,""characters"":[""A"",""C"",""E"",""G"",""H"",""L"",""N"",""O"",""R"",""S"",""T""]},{""position"":3,""characters"":[""A"",""I"",""O"",""R""]},{""position"":4,""characters"":[""D"",""E"",""O""]}]","true","false","A_TRUE_GAP","0","0","0","0","0","0","[]","[]","","false","false"
"13","ar_to_en","1","71","5","9","across","4","?N??","[{""position"":0,""characters"":[""B"",""C"",""D"",""E"",""F"",""G"",""L"",""M"",""N"",""O"",""P"",""R"",""S"",""T"",""Y""]},{""position"":1,""characters"":[""N""]},{""position"":2,""characters"":[""G"",""N"",""S""]},{""position"":3,""characters"":[""A"",""C"",""D"",""E"",""H"",""I"",""L"",""M"",""N"",""O"",""R"",""S"",""T"",""U""]}]","true","false","A_TRUE_GAP","0","0","0","0","0","0","[]","[]","","false","false"
"13","ar_to_en","1","71","0","1","down","5","??N??","[{""position"":0,""characters"":[""A"",""P"",""S"",""Y""]},{""position"":1,""characters"":[""A"",""C"",""K"",""N"",""O"",""R"",""S"",""T""]},{""position"":2,""characters"":[""N""]},{""position"":3,""characters"":[""N"",""R""]},{""position"":4,""characters"":[""A"",""D"",""E"",""F"",""G"",""H"",""L"",""O"",""R"",""S"",""X"",""Y""]}]","true","false","A_TRUE_GAP","0","0","0","0","0","0","[]","[]","","false","false"
"13","ar_to_en","1","71","5","9","across","4","?M??","[{""position"":0,""characters"":[""F"",""H"",""R"",""S"",""T"",""Y""]},{""position"":1,""characters"":[""M""]},{""position"":2,""characters"":[""D"",""G"",""M"",""S"",""T""]},{""position"":3,""characters"":[""E"",""H""]}]","true","false","A_TRUE_GAP","0","0","0","0","0","0","[]","[]","","false","false"
"13","ar_to_en","1","71","3","0","across","6","??E???","[{""position"":0,""characters"":[""A"",""E"",""I"",""R"",""U""]},{""position"":1,""characters"":[""C"",""D"",""E"",""G"",""H"",""I"",""K"",""L"",""M"",""N"",""O"",""P"",""R"",""S"",""T"",""U"",""V"",""W""]},{""position"":2,""characters"":[""E""]},{""position"":3,""characters"":[""A"",""B"",""C"",""D"",""E"",""F"",""G"",""H"",""K"",""L"",""M"",""N"",""P"",""R"",""S"",""T"",""V"",""W"",""Y""]},{""position"":4,""characters"":[""F"",""O""]},{""position"":5,""characters"":[""C"",""D"",""N"",""R"",""T""]}]","true","false","A_TRUE_GAP","0","0","0","0","0","0","[]","[]","","false","false"
"13","ar_to_en","1","72","0","2","down","13","??L??????????","[{""position"":0,""characters"":[""A"",""C"",""D"",""E"",""G"",""I"",""L"",""N"",""O"",""P"",""R"",""S"",""T"",""U"",""Y""]},{""position"":1,""characters"":[""A"",""C"",""D"",""E"",""I"",""L"",""N"",""O"",""P"",""R"",""T"",""U"",""V""]},{""position"":2,""characters"":[""L""]},{""position"":3,""characters"":[""A"",""C"",""D"",""E"",""F"",""I"",""M"",""N"",""O"",""P"",""R"",""S"",""T"",""U""]},{""position"":4,""characters"":[""A"",""C"",""E"",""F"",""I"",""M"",""N"",""O"",""R"",""T"",""U""]},{""position"":5,""characters"":[""A"",""C"",""D"",""E"",""F"",""G"",""I"",""M"",""N"",""O"",""P"",""R"",""S"",""T"",""U"",""X""]},{""position"":6,""characters"":[""A"",""B"",""C"",""H"",""I"",""L"",""N"",""O"",""S"",""T"",""U""]},{""position"":7,""characters"":[""A"",""C"",""D"",""E"",""F"",""G"",""I"",""L"",""M"",""N"",""O"",""P"",""R"",""S"",""T"",""U"",""X""]},{""position"":8,""characters"":[""A"",""C"",""E"",""F"",""I"",""M"",""N"",""O"",""R"",""T"",""U""]},{""position"":9,""characters"":[""A"",""C"",""D"",""E"",""F"",""I"",""M"",""N"",""O"",""P"",""R"",""S"",""T"",""U""]},{""position"":10,""characters"":[""A"",""C"",""D"",""E"",""G"",""I"",""M"",""N"",""O"",""P"",""R"",""S"",""T"",""V""]},{""position"":11,""characters"":[""A"",""C"",""D"",""E"",""I"",""L"",""N"",""O"",""P"",""R"",""T"",""U"",""V""]},{""position"":12,""characters"":[""A"",""C"",""D"",""E"",""G"",""I"",""L"",""M"",""N"",""O"",""P"",""R"",""S"",""T"",""U"",""Y""]}]","true","false","B_USED_EXHAUSTION","1","1","1","0","0","0","[""AUTOMATICALLY""]","[]","100","false","false"
"13","ar_to_en","1","72","1","6","across","5","?????","[{""position"":0,""characters"":[""A"",""O"",""R"",""U""]},{""position"":1,""characters"":[""A"",""C"",""D"",""E"",""G"",""H"",""I"",""K"",""L"",""M"",""N"",""P"",""R"",""S"",""T"",""U"",""V""]},{""position"":2,""characters"":[""A"",""I"",""O"",""R"",""U""]},{""position"":3,""characters"":[""A"",""B"",""C"",""D"",""E"",""F"",""G"",""H"",""I"",""L"",""N"",""O"",""P"",""R"",""S"",""T"",""U"",""V"",""X"",""Y""]},{""position"":4,""characters"":[""A"",""O""]}]","true","false","A_TRUE_GAP","0","0","0","0","0","0","[]","[]","","false","false"
"13","ar_to_en","1","72","0","2","down","13","??S??????????","[{""position"":0,""characters"":[""A"",""C"",""D"",""E"",""G"",""I"",""L"",""N"",""O"",""P"",""R"",""S"",""T"",""U"",""Y""]},{""position"":1,""characters"":[""A"",""C"",""D"",""E"",""I"",""L"",""N"",""O"",""P"",""R"",""T"",""U"",""V""]},{""position"":2,""characters"":[""S""]},{""position"":3,""characters"":[""A"",""C"",""D"",""E"",""F"",""I"",""M"",""N"",""O"",""P"",""R"",""S"",""T"",""U""]},{""position"":4,""characters"":[""A"",""C"",""E"",""F"",""I"",""M"",""N"",""O"",""R"",""T"",""U""]},{""position"":5,""characters"":[""A"",""C"",""D"",""E"",""F"",""G"",""I"",""M"",""N"",""O"",""P"",""R"",""S"",""T"",""U"",""X""]},{""position"":6,""characters"":[""A"",""B"",""C"",""H"",""I"",""L"",""N"",""O"",""S"",""T"",""U""]},{""position"":7,""characters"":[""A"",""C"",""D"",""E"",""F"",""G"",""I"",""L"",""M"",""N"",""O"",""P"",""R"",""S"",""T"",""U"",""X""]},{""position"":8,""characters"":[""A"",""C"",""E"",""F"",""I"",""M"",""N"",""O"",""R"",""T"",""U""]},{""position"":9,""characters"":[""A"",""C"",""D"",""E"",""F"",""I"",""M"",""N"",""O"",""P"",""R"",""S"",""T"",""U""]},{""position"":10,""characters"":[""A"",""C"",""D"",""E"",""G"",""I"",""L"",""M"",""N"",""O"",""P"",""R"",""S"",""T"",""V""]},{""position"":11,""characters"":[""A"",""C"",""D"",""E"",""I"",""L"",""N"",""O"",""P"",""R"",""T"",""U"",""V""]},{""position"":12,""characters"":[""A"",""C"",""D"",""E"",""G"",""I"",""L"",""M"",""N"",""O"",""P"",""R"",""S"",""T"",""U"",""Y""]}]","true","false","B_USED_EXHAUSTION","1","1","1","0","0","0","[""INSTITUTIONAL""]","[]","100","false","false"
"13","ar_to_en","1","72","1","1","across","4","?DO?","[{""position"":0,""characters"":[""H"",""N""]},{""position"":1,""characters"":[""D""]},{""position"":2,""characters"":[""O""]},{""position"":3,""characters"":[""A"",""B"",""D"",""F"",""H"",""K"",""L"",""M"",""N"",""P"",""R"",""S"",""T""]}]","true","false","A_TRUE_GAP","0","0","0","0","0","0","[]","[]","","false","false"
"13","ar_to_en","1","72","0","1","down","5","??N??","[{""position"":0,""characters"":[""A"",""P"",""S"",""Y""]},{""position"":1,""characters"":[""A"",""C"",""K"",""N"",""O"",""R"",""S"",""T""]},{""position"":2,""characters"":[""N""]},{""position"":3,""characters"":[""N"",""R""]},{""position"":4,""characters"":[""A"",""D"",""E"",""F"",""G"",""H"",""L"",""O"",""R"",""S"",""X"",""Y""]}]","true","false","A_TRUE_GAP","0","0","0","0","0","0","[]","[]","","false","false"
"13","ar_to_en","1","72","10","0","across","13","??I???????I??","[{""position"":0,""characters"":[""A"",""C"",""D"",""E"",""G"",""I"",""L"",""M"",""N"",""O"",""P"",""R"",""S"",""U"",""Y""]},{""position"":1,""characters"":[""A"",""C"",""D"",""E"",""I"",""L"",""N"",""O"",""P"",""R"",""T"",""U"",""V""]},{""position"":2,""characters"":[""I""]},{""position"":3,""characters"":[""A"",""C"",""D"",""E"",""F"",""I"",""N"",""O"",""R"",""S"",""T"",""U""]},{""position"":4,""characters"":[""A"",""C"",""E"",""F"",""I"",""M"",""N"",""O"",""R"",""T"",""U""]},{""position"":5,""characters"":[""A"",""C"",""D"",""E"",""F"",""G"",""I"",""L"",""M"",""N"",""O"",""P"",""R"",""S"",""T"",""U"",""X""]},{""position"":6,""characters"":[""A"",""B"",""C"",""H"",""I"",""L"",""N"",""O"",""S"",""T"",""U"",""Z""]},{""position"":7,""characters"":[""A"",""C"",""D"",""E"",""F"",""G"",""I"",""L"",""M"",""N"",""O"",""P"",""R"",""S"",""T"",""U"",""X""]},{""position"":8,""characters"":[""A"",""C"",""E"",""F"",""I"",""M"",""N"",""O"",""R"",""T"",""U""]},{""position"":9,""characters"":[""A"",""C"",""D"",""E"",""F"",""I"",""M"",""N"",""O"",""P"",""R"",""S"",""T"",""U""]},{""position"":10,""characters"":[""I""]},{""position"":11,""characters"":[""A"",""C"",""D"",""E"",""I"",""L"",""N"",""O"",""P"",""R"",""T"",""U""]},{""position"":12,""characters"":[""A"",""C"",""D"",""E"",""G"",""I"",""L"",""M"",""N"",""O"",""P"",""R"",""S"",""T"",""U"",""Y""]}]","true","false","A_TRUE_GAP","0","0","0","0","0","0","[]","[]","","false","false"
"13","ar_to_en","1","72","0","2","down","13","??G??????????","[{""position"":0,""characters"":[""A"",""C"",""D"",""E"",""G"",""I"",""L"",""N"",""O"",""P"",""R"",""S"",""T"",""U"",""Y""]},{""position"":1,""characters"":[""A"",""C"",""D"",""E"",""I"",""L"",""N"",""O"",""P"",""R"",""T"",""U"",""V""]},{""position"":2,""characters"":[""G""]},{""position"":3,""characters"":[""A"",""C"",""D"",""E"",""F"",""I"",""M"",""N"",""O"",""P"",""R"",""S"",""T"",""U""]},{""position"":4,""characters"":[""A"",""C"",""E"",""F"",""I"",""M"",""N"",""O"",""R"",""T"",""U""]},{""position"":5,""characters"":[""A"",""C"",""D"",""E"",""F"",""G"",""I"",""M"",""N"",""O"",""P"",""R"",""S"",""T"",""U"",""X""]},{""position"":6,""characters"":[""A"",""B"",""C"",""H"",""I"",""L"",""N"",""O"",""S"",""T"",""U""]},{""position"":7,""characters"":[""A"",""C"",""D"",""E"",""F"",""G"",""I"",""L"",""M"",""N"",""O"",""P"",""R"",""S"",""T"",""U"",""X""]},{""position"":8,""characters"":[""A"",""C"",""E"",""F"",""I"",""M"",""N"",""O"",""R"",""T"",""U""]},{""position"":9,""characters"":[""A"",""C"",""D"",""E"",""F"",""I"",""M"",""N"",""O"",""P"",""R"",""S"",""T"",""U""]},{""position"":10,""characters"":[""A"",""C"",""D"",""E"",""G"",""I"",""L"",""M"",""N"",""O"",""P"",""R"",""S"",""T"",""V""]},{""position"":11,""characters"":[""A"",""C"",""D"",""E"",""I"",""L"",""N"",""O"",""P"",""R"",""T"",""U"",""V""]},{""position"":12,""characters"":[""A"",""C"",""D"",""E"",""G"",""I"",""L"",""M"",""N"",""O"",""P"",""R"",""S"",""T"",""U"",""Y""]}]","true","false","B_USED_EXHAUSTION","1","1","1","0","0","0","[""ORGANISATIONS""]","[]","100","false","false"
"13","ar_to_en","1","72","3","7","across","6","??????","[{""position"":0,""characters"":[""A"",""E"",""I"",""O"",""U""]},{""position"":1,""characters"":[""B"",""E"",""P"",""Y""]},{""position"":2,""characters"":[""B"",""C"",""D"",""F"",""G"",""H"",""J"",""K"",""L"",""M"",""N"",""P"",""R"",""S"",""T"",""V"",""W"",""Y""]},{""position"":3,""characters"":[""N"",""U""]},{""position"":4,""characters"":[""A"",""E"",""H"",""I"",""L"",""O"",""R"",""U""]},{""position"":5,""characters"":[""C"",""D"",""G"",""L"",""M"",""N"",""P"",""R"",""S"",""T"",""U"",""V"",""W""]}]","true","false","A_TRUE_GAP","0","0","0","0","0","0","[]","[]","","false","false"
"13","ar_to_en","1","72","0","2","down","13","??D??????????","[{""position"":0,""characters"":[""A"",""C"",""D"",""E"",""G"",""I"",""L"",""N"",""O"",""P"",""R"",""S"",""T"",""U"",""Y""]},{""position"":1,""characters"":[""A"",""C"",""D"",""E"",""I"",""L"",""N"",""O"",""P"",""R"",""T"",""U"",""V""]},{""position"":2,""characters"":[""D""]},{""position"":3,""characters"":[""A"",""C"",""D"",""E"",""F"",""I"",""M"",""N"",""O"",""P"",""R"",""S"",""T"",""U""]},{""position"":4,""characters"":[""A"",""C"",""E"",""F"",""I"",""M"",""N"",""O"",""R"",""T"",""U""]},{""position"":5,""characters"":[""A"",""C"",""D"",""E"",""F"",""G"",""I"",""M"",""N"",""O"",""P"",""R"",""S"",""T"",""U"",""X""]},{""position"":6,""characters"":[""A"",""B"",""C"",""H"",""I"",""L"",""N"",""O"",""S"",""T"",""U""]},{""position"":7,""characters"":[""A"",""C"",""D"",""E"",""F"",""G"",""I"",""L"",""M"",""N"",""O"",""P"",""R"",""S"",""T"",""U"",""X""]},{""position"":8,""characters"":[""A"",""C"",""E"",""F"",""I"",""M"",""N"",""O"",""R"",""T"",""U""]},{""position"":9,""characters"":[""A"",""C"",""D"",""E"",""F"",""I"",""M"",""N"",""O"",""P"",""R"",""S"",""T"",""U""]},{""position"":10,""characters"":[""A"",""C"",""D"",""E"",""G"",""I"",""L"",""M"",""N"",""O"",""P"",""R"",""S"",""T"",""V""]},{""position"":11,""characters"":[""A"",""C"",""D"",""E"",""I"",""L"",""N"",""O"",""P"",""R"",""T"",""U"",""V""]},{""position"":12,""characters"":[""A"",""C"",""D"",""E"",""G"",""I"",""L"",""M"",""N"",""O"",""P"",""R"",""S"",""T"",""U"",""Y""]}]","true","false","B_USED_EXHAUSTION","1","1","1","0","0","0","[""UNDERSTANDING""]","[]","100","false","false"
"13","ar_to_en","1","72","0","9","down","4","??E?","[{""position"":0,""characters"":[""A"",""E"",""I"",""O"",""U""]},{""position"":1,""characters"":[""C"",""F"",""I""]},{""position"":2,""characters"":[""E""]},{""position"":3,""characters"":[""C"",""E"",""N"",""R"",""T""]}]","true","false","A_TRUE_GAP","0","0","0","0","0","0","[]","[]","","false","false"
"13","ar_to_en","1","72","0","1","down","5","??AU?","[{""position"":0,""characters"":[""A"",""B"",""C"",""D"",""E"",""F"",""G"",""H"",""I"",""K"",""L"",""M"",""N"",""P"",""R"",""S"",""T"",""Y""]},{""position"":1,""characters"":[""D"",""E"",""G"",""H"",""I"",""L"",""M"",""O"",""S"",""T"",""U"",""W""]},{""position"":2,""characters"":[""A""]},{""position"":3,""characters"":[""U""]},{""position"":4,""characters"":[""A"",""E"",""F"",""G"",""H"",""I"",""K"",""L"",""M"",""N"",""P"",""R"",""S"",""T""]}]","true","false","A_TRUE_GAP","0","0","0","0","0","0","[]","[]","","false","false"
"13","ar_to_en","1","72","3","7","across","6","??????","[{""position"":0,""characters"":[""A"",""C"",""D"",""E"",""G"",""H"",""I"",""K"",""L"",""M"",""N"",""P"",""R"",""S"",""T"",""U"",""V"",""W""]},{""position"":1,""characters"":[""B"",""E"",""P"",""Y""]},{""position"":2,""characters"":[""B"",""C"",""D"",""E"",""F"",""G"",""H"",""J"",""L"",""M"",""N"",""P"",""R"",""S"",""T""]},{""position"":3,""characters"":[""N"",""O""]},{""position"":4,""characters"":[""F"",""I"",""L"",""N"",""P"",""R"",""U"",""W""]},{""position"":5,""characters"":[""A"",""E"",""I"",""L"",""N"",""O"",""R"",""U""]}]","true","false","A_TRUE_GAP","0","0","0","0","0","0","[]","[]","","false","false"
"13","ar_to_en","1","72","1","6","across","5","?????","[{""position"":0,""characters"":[""C"",""K"",""L"",""N""]},{""position"":1,""characters"":[""A"",""C"",""D"",""E"",""G"",""I"",""K"",""N"",""O"",""R"",""S"",""T"",""U"",""W""]},{""position"":2,""characters"":[""A"",""C"",""E"",""G"",""H"",""L"",""N"",""O"",""R"",""S"",""T""]},{""position"":3,""characters"":[""A"",""I"",""O"",""R""]},{""position"":4,""characters"":[""D"",""E"",""O""]}]","true","false","A_TRUE_GAP","0","0","0","0","0","0","[]","[]","","false","false"
"13","ar_to_en","1","73","0","2","down","13","??L??????????","[{""position"":0,""characters"":[""A"",""C"",""D"",""E"",""G"",""I"",""L"",""N"",""O"",""P"",""R"",""S"",""T"",""U"",""Y""]},{""position"":1,""characters"":[""A"",""C"",""D"",""E"",""I"",""L"",""N"",""O"",""P"",""R"",""T"",""U"",""V""]},{""position"":2,""characters"":[""L""]},{""position"":3,""characters"":[""A"",""C"",""D"",""E"",""F"",""I"",""M"",""N"",""O"",""P"",""R"",""S"",""T"",""U""]},{""position"":4,""characters"":[""A"",""C"",""E"",""F"",""I"",""M"",""N"",""O"",""R"",""T"",""U""]},{""position"":5,""characters"":[""A"",""C"",""D"",""E"",""F"",""G"",""I"",""M"",""N"",""O"",""P"",""R"",""S"",""T"",""U"",""X""]},{""position"":6,""characters"":[""A"",""B"",""C"",""H"",""I"",""L"",""N"",""O"",""S"",""T"",""U""]},{""position"":7,""characters"":[""A"",""C"",""D"",""E"",""F"",""G"",""I"",""L"",""M"",""N"",""O"",""P"",""R"",""S"",""T"",""U"",""X""]},{""position"":8,""characters"":[""A"",""C"",""E"",""F"",""I"",""M"",""N"",""O"",""R"",""T"",""U""]},{""position"":9,""characters"":[""A"",""C"",""D"",""E"",""F"",""I"",""M"",""N"",""O"",""P"",""R"",""S"",""T"",""U""]},{""position"":10,""characters"":[""A"",""C"",""D"",""E"",""G"",""I"",""M"",""N"",""O"",""P"",""R"",""S"",""T"",""V""]},{""position"":11,""characters"":[""A"",""C"",""D"",""E"",""I"",""L"",""N"",""O"",""P"",""R"",""T"",""U"",""V""]},{""position"":12,""characters"":[""A"",""C"",""D"",""E"",""G"",""I"",""L"",""M"",""N"",""O"",""P"",""R"",""S"",""T"",""U"",""Y""]}]","true","false","B_USED_EXHAUSTION","1","1","1","0","0","0","[""AUTOMATICALLY""]","[]","100","false","false"
"13","ar_to_en","1","73","1","6","across","5","?????","[{""position"":0,""characters"":[""A"",""O"",""R"",""U""]},{""position"":1,""characters"":[""A"",""C"",""D"",""E"",""G"",""H"",""I"",""K"",""L"",""M"",""N"",""P"",""R"",""S"",""T"",""U"",""V""]},{""position"":2,""characters"":[""A"",""I"",""O"",""R"",""U""]},{""position"":3,""characters"":[""A"",""B"",""C"",""D"",""E"",""F"",""G"",""H"",""I"",""L"",""N"",""O"",""P"",""R"",""S"",""T"",""U"",""V"",""X"",""Y""]},{""position"":4,""characters"":[""A"",""O""]}]","true","false","A_TRUE_GAP","0","0","0","0","0","0","[]","[]","","false","false"
"13","ar_to_en","1","73","0","2","down","13","??S??????????","[{""position"":0,""characters"":[""A"",""C"",""D"",""E"",""G"",""I"",""L"",""N"",""O"",""P"",""R"",""S"",""T"",""U"",""Y""]},{""position"":1,""characters"":[""A"",""C"",""D"",""E"",""I"",""L"",""N"",""O"",""P"",""R"",""T"",""U"",""V""]},{""position"":2,""characters"":[""S""]},{""position"":3,""characters"":[""A"",""C"",""D"",""E"",""F"",""I"",""M"",""N"",""O"",""P"",""R"",""S"",""T"",""U""]},{""position"":4,""characters"":[""A"",""C"",""E"",""F"",""I"",""M"",""N"",""O"",""R"",""T"",""U""]},{""position"":5,""characters"":[""A"",""C"",""D"",""E"",""F"",""G"",""I"",""M"",""N"",""O"",""P"",""R"",""S"",""T"",""U"",""X""]},{""position"":6,""characters"":[""A"",""B"",""C"",""H"",""I"",""L"",""N"",""O"",""S"",""T"",""U""]},{""position"":7,""characters"":[""A"",""C"",""D"",""E"",""F"",""G"",""I"",""L"",""M"",""N"",""O"",""P"",""R"",""S"",""T"",""U"",""X""]},{""position"":8,""characters"":[""A"",""C"",""E"",""F"",""I"",""M"",""N"",""O"",""R"",""T"",""U""]},{""position"":9,""characters"":[""A"",""C"",""D"",""E"",""F"",""I"",""M"",""N"",""O"",""P"",""R"",""S"",""T"",""U""]},{""position"":10,""characters"":[""A"",""C"",""D"",""E"",""G"",""I"",""L"",""M"",""N"",""O"",""P"",""R"",""S"",""T"",""V""]},{""position"":11,""characters"":[""A"",""C"",""D"",""E"",""I"",""L"",""N"",""O"",""P"",""R"",""T"",""U"",""V""]},{""position"":12,""characters"":[""A"",""C"",""D"",""E"",""G"",""I"",""L"",""M"",""N"",""O"",""P"",""R"",""S"",""T"",""U"",""Y""]}]","true","false","B_USED_EXHAUSTION","1","1","1","0","0","0","[""INSTITUTIONAL""]","[]","100","false","false"
"13","ar_to_en","1","73","1","1","across","4","?DO?","[{""position"":0,""characters"":[""H"",""N""]},{""position"":1,""characters"":[""D""]},{""position"":2,""characters"":[""O""]},{""position"":3,""characters"":[""A"",""B"",""D"",""F"",""H"",""K"",""L"",""M"",""N"",""P"",""R"",""S"",""T""]}]","true","false","A_TRUE_GAP","0","0","0","0","0","0","[]","[]","","false","false"
"13","ar_to_en","1","73","0","1","down","5","??N??","[{""position"":0,""characters"":[""A"",""P"",""S"",""Y""]},{""position"":1,""characters"":[""A"",""C"",""K"",""N"",""O"",""R"",""S"",""T""]},{""position"":2,""characters"":[""N""]},{""position"":3,""characters"":[""N"",""R""]},{""position"":4,""characters"":[""A"",""D"",""E"",""F"",""G"",""H"",""L"",""O"",""R"",""S"",""X"",""Y""]}]","true","false","A_TRUE_GAP","0","0","0","0","0","0","[]","[]","","false","false"
"13","ar_to_en","1","73","10","0","across","13","??I???????I??","[{""position"":0,""characters"":[""A"",""C"",""D"",""E"",""G"",""I"",""L"",""M"",""N"",""O"",""P"",""R"",""S"",""U"",""Y""]},{""position"":1,""characters"":[""A"",""C"",""D"",""E"",""I"",""L"",""N"",""O"",""P"",""R"",""T"",""U"",""V""]},{""position"":2,""characters"":[""I""]},{""position"":3,""characters"":[""A"",""C"",""D"",""E"",""F"",""I"",""N"",""O"",""R"",""S"",""T"",""U""]},{""position"":4,""characters"":[""A"",""C"",""E"",""F"",""I"",""M"",""N"",""O"",""R"",""T"",""U""]},{""position"":5,""characters"":[""A"",""C"",""D"",""E"",""F"",""G"",""I"",""L"",""M"",""N"",""O"",""P"",""R"",""S"",""T"",""U"",""X""]},{""position"":6,""characters"":[""A"",""B"",""C"",""H"",""I"",""L"",""N"",""O"",""S"",""T"",""U"",""Z""]},{""position"":7,""characters"":[""A"",""C"",""D"",""E"",""F"",""G"",""I"",""L"",""M"",""N"",""O"",""P"",""R"",""S"",""T"",""U"",""X""]},{""position"":8,""characters"":[""A"",""C"",""E"",""F"",""I"",""M"",""N"",""O"",""R"",""T"",""U""]},{""position"":9,""characters"":[""A"",""C"",""D"",""E"",""F"",""I"",""M"",""N"",""O"",""P"",""R"",""S"",""T"",""U""]},{""position"":10,""characters"":[""I""]},{""position"":11,""characters"":[""A"",""C"",""D"",""E"",""I"",""L"",""N"",""O"",""P"",""R"",""T"",""U""]},{""position"":12,""characters"":[""A"",""C"",""D"",""E"",""G"",""I"",""L"",""M"",""N"",""O"",""P"",""R"",""S"",""T"",""U"",""Y""]}]","true","false","A_TRUE_GAP","0","0","0","0","0","0","[]","[]","","false","false"
"13","ar_to_en","1","73","0","2","down","13","??G??????????","[{""position"":0,""characters"":[""A"",""C"",""D"",""E"",""G"",""I"",""L"",""N"",""O"",""P"",""R"",""S"",""T"",""U"",""Y""]},{""position"":1,""characters"":[""A"",""C"",""D"",""E"",""I"",""L"",""N"",""O"",""P"",""R"",""T"",""U"",""V""]},{""position"":2,""characters"":[""G""]},{""position"":3,""characters"":[""A"",""C"",""D"",""E"",""F"",""I"",""M"",""N"",""O"",""P"",""R"",""S"",""T"",""U""]},{""position"":4,""characters"":[""A"",""C"",""E"",""F"",""I"",""M"",""N"",""O"",""R"",""T"",""U""]},{""position"":5,""characters"":[""A"",""C"",""D"",""E"",""F"",""G"",""I"",""M"",""N"",""O"",""P"",""R"",""S"",""T"",""U"",""X""]},{""position"":6,""characters"":[""A"",""B"",""C"",""H"",""I"",""L"",""N"",""O"",""S"",""T"",""U""]},{""position"":7,""characters"":[""A"",""C"",""D"",""E"",""F"",""G"",""I"",""L"",""M"",""N"",""O"",""P"",""R"",""S"",""T"",""U"",""X""]},{""position"":8,""characters"":[""A"",""C"",""E"",""F"",""I"",""M"",""N"",""O"",""R"",""T"",""U""]},{""position"":9,""characters"":[""A"",""C"",""D"",""E"",""F"",""I"",""M"",""N"",""O"",""P"",""R"",""S"",""T"",""U""]},{""position"":10,""characters"":[""A"",""C"",""D"",""E"",""G"",""I"",""L"",""M"",""N"",""O"",""P"",""R"",""S"",""T"",""V""]},{""position"":11,""characters"":[""A"",""C"",""D"",""E"",""I"",""L"",""N"",""O"",""P"",""R"",""T"",""U"",""V""]},{""position"":12,""characters"":[""A"",""C"",""D"",""E"",""G"",""I"",""L"",""M"",""N"",""O"",""P"",""R"",""S"",""T"",""U"",""Y""]}]","true","false","B_USED_EXHAUSTION","1","1","1","0","0","0","[""ORGANISATIONS""]","[]","100","false","false"
"13","ar_to_en","1","73","3","7","across","6","??????","[{""position"":0,""characters"":[""A"",""E"",""I"",""O"",""U""]},{""position"":1,""characters"":[""B"",""E"",""P"",""Y""]},{""position"":2,""characters"":[""B"",""C"",""D"",""F"",""G"",""H"",""J"",""K"",""L"",""M"",""N"",""P"",""R"",""S"",""T"",""V"",""W"",""Y""]},{""position"":3,""characters"":[""N"",""U""]},{""position"":4,""characters"":[""A"",""E"",""H"",""I"",""L"",""O"",""R"",""U""]},{""position"":5,""characters"":[""C"",""D"",""G"",""L"",""M"",""N"",""P"",""R"",""S"",""T"",""U"",""V"",""W""]}]","true","false","A_TRUE_GAP","0","0","0","0","0","0","[]","[]","","false","false"
"13","ar_to_en","1","73","0","2","down","13","??D??????????","[{""position"":0,""characters"":[""A"",""C"",""D"",""E"",""G"",""I"",""L"",""N"",""O"",""P"",""R"",""S"",""T"",""U"",""Y""]},{""position"":1,""characters"":[""A"",""C"",""D"",""E"",""I"",""L"",""N"",""O"",""P"",""R"",""T"",""U"",""V""]},{""position"":2,""characters"":[""D""]},{""position"":3,""characters"":[""A"",""C"",""D"",""E"",""F"",""I"",""M"",""N"",""O"",""P"",""R"",""S"",""T"",""U""]},{""position"":4,""characters"":[""A"",""C"",""E"",""F"",""I"",""M"",""N"",""O"",""R"",""T"",""U""]},{""position"":5,""characters"":[""A"",""C"",""D"",""E"",""F"",""G"",""I"",""M"",""N"",""O"",""P"",""R"",""S"",""T"",""U"",""X""]},{""position"":6,""characters"":[""A"",""B"",""C"",""H"",""I"",""L"",""N"",""O"",""S"",""T"",""U""]},{""position"":7,""characters"":[""A"",""C"",""D"",""E"",""F"",""G"",""I"",""L"",""M"",""N"",""O"",""P"",""R"",""S"",""T"",""U"",""X""]},{""position"":8,""characters"":[""A"",""C"",""E"",""F"",""I"",""M"",""N"",""O"",""R"",""T"",""U""]},{""position"":9,""characters"":[""A"",""C"",""D"",""E"",""F"",""I"",""M"",""N"",""O"",""P"",""R"",""S"",""T"",""U""]},{""position"":10,""characters"":[""A"",""C"",""D"",""E"",""G"",""I"",""L"",""M"",""N"",""O"",""P"",""R"",""S"",""T"",""V""]},{""position"":11,""characters"":[""A"",""C"",""D"",""E"",""I"",""L"",""N"",""O"",""P"",""R"",""T"",""U"",""V""]},{""position"":12,""characters"":[""A"",""C"",""D"",""E"",""G"",""I"",""L"",""M"",""N"",""O"",""P"",""R"",""S"",""T"",""U"",""Y""]}]","true","false","B_USED_EXHAUSTION","1","1","1","0","0","0","[""UNDERSTANDING""]","[]","100","false","false"
"13","ar_to_en","1","74","12","2","across","5","O????","[{""position"":0,""characters"":[""O""]},{""position"":1,""characters"":[""A"",""C"",""D"",""E"",""F"",""G"",""H"",""L"",""M"",""N"",""P"",""S"",""T"",""Y""]},{""position"":2,""characters"":[""A"",""B"",""C"",""D"",""E"",""F"",""G"",""K"",""M"",""N"",""P"",""R"",""S"",""T"",""Y""]},{""position"":3,""characters"":[""F"",""M"",""S"",""T""]},{""position"":4,""characters"":[""E"",""K"",""L"",""N"",""S""]}]","true","false","A_TRUE_GAP","0","0","0","0","0","0","[]","[]","","false","false"
"13","ar_to_en","1","74","11","0","across","7","???????","[{""position"":0,""characters"":[""A"",""E"",""I"",""T""]},{""position"":1,""characters"":[""A"",""B"",""D"",""E"",""F"",""G"",""H"",""L"",""M"",""N"",""P"",""R"",""S"",""T"",""W"",""Y""]},{""position"":2,""characters"":[""A"",""I""]},{""position"":3,""characters"":[""A"",""C"",""E"",""H"",""I"",""L"",""N"",""O"",""P"",""R"",""S"",""T"",""U""]},{""position"":4,""characters"":[""A"",""B"",""C"",""D"",""E"",""F"",""L"",""N"",""O"",""P"",""R"",""S"",""T"",""U"",""V""]},{""position"":5,""characters"":[""A"",""E"",""F"",""I"",""L"",""O"",""U""]},{""position"":6,""characters"":[""C"",""K"",""L"",""N""]}]","true","false","A_TRUE_GAP","0","0","0","0","0","0","[]","[]","","false","false"
"13","ar_to_en","1","74","2","0","across","13","??I???????I??","[{""position"":0,""characters"":[""A"",""C"",""D"",""E"",""G"",""I"",""L"",""M"",""N"",""O"",""P"",""R"",""S"",""T"",""U"",""Y""]},{""position"":1,""characters"":[""A"",""C"",""D"",""E"",""I"",""L"",""N"",""O"",""P"",""R"",""T"",""U""]},{""position"":2,""characters"":[""I""]},{""position"":3,""characters"":[""A"",""C"",""D"",""E"",""F"",""I"",""M"",""N"",""O"",""P"",""R"",""S"",""T"",""U""]},{""position"":4,""characters"":[""A"",""C"",""E"",""F"",""I"",""M"",""N"",""O"",""R"",""T"",""U""]},{""position"":5,""characters"":[""A"",""C"",""D"",""E"",""F"",""G"",""I"",""L"",""M"",""N"",""O"",""P"",""R"",""S"",""T"",""U"",""X""]},{""position"":6,""characters"":[""A"",""B"",""C"",""H"",""I"",""L"",""N"",""O"",""S"",""T"",""U""]},{""position"":7,""characters"":[""A"",""C"",""D"",""E"",""F"",""G"",""I"",""L"",""M"",""N"",""O"",""P"",""R"",""S"",""T"",""U"",""X""]},{""position"":8,""characters"":[""A"",""C"",""E"",""F"",""I"",""M"",""N"",""O"",""R"",""T"",""U""]},{""position"":9,""characters"":[""A"",""C"",""D"",""E"",""F"",""I"",""M"",""N"",""O"",""R"",""S"",""T"",""U""]},{""position"":10,""characters"":[""I""]},{""position"":11,""characters"":[""A"",""C"",""D"",""E"",""I"",""L"",""N"",""O"",""P"",""R"",""T"",""U"",""V""]},{""position"":12,""characters"":[""A"",""C"",""D"",""E"",""G"",""I"",""L"",""M"",""N"",""O"",""P"",""R"",""S"",""T"",""U"",""Y""]}]","true","false","A_TRUE_GAP","0","0","0","0","0","0","[]","[]","","false","false"
"13","ar_to_en","1","74","0","2","down","13","??????????G??","[{""position"":0,""characters"":[""A"",""C"",""D"",""E"",""G"",""I"",""L"",""M"",""N"",""O"",""P"",""R"",""S"",""T"",""U"",""Y""]},{""position"":1,""characters"":[""A"",""D"",""E"",""I"",""L"",""N"",""O"",""P"",""R"",""U"",""V""]},{""position"":2,""characters"":[""A"",""C"",""D"",""E"",""I"",""L"",""M"",""N"",""O"",""P"",""R"",""S"",""T"",""V""]},{""position"":3,""characters"":[""A"",""C"",""D"",""E"",""F"",""I"",""M"",""N"",""O"",""P"",""R"",""S"",""T"",""U""]},{""position"":4,""characters"":[""A"",""C"",""E"",""F"",""I"",""N"",""O"",""R"",""T"",""U""]},{""position"":5,""characters"":[""A"",""C"",""D"",""E"",""F"",""G"",""I"",""L"",""M"",""N"",""O"",""P"",""R"",""S"",""T"",""U"",""X""]},{""position"":6,""characters"":[""A"",""B"",""C"",""H"",""I"",""L"",""N"",""O"",""S"",""T"",""U""]},{""position"":7,""characters"":[""A"",""C"",""E"",""F"",""G"",""I"",""L"",""M"",""N"",""O"",""P"",""R"",""S"",""T"",""U"",""X""]},{""position"":8,""characters"":[""A"",""E"",""F"",""I"",""M"",""N"",""O"",""R"",""T"",""U""]},{""position"":9,""characters"":[""A"",""C"",""D"",""E"",""F"",""I"",""M"",""N"",""O"",""P"",""R"",""S"",""T"",""U""]},{""position"":10,""characters"":[""G""]},{""position"":11,""characters"":[""A"",""C"",""D"",""E"",""I"",""L"",""N"",""O"",""P"",""R"",""T"",""U"",""V""]},{""position"":12,""characters"":[""A"",""C"",""D"",""E"",""G"",""I"",""L"",""M"",""N"",""O"",""P"",""R"",""S"",""T"",""U"",""Y""]}]","true","false","B_USED_EXHAUSTION","1","1","1","0","0","0","[""ORGANISATIONS""]","[]","100","false","false"
"13","ar_to_en","1","74","0","10","down","13","??????????G??","[{""position"":0,""characters"":[""A"",""C"",""D"",""E"",""G"",""I"",""L"",""M"",""N"",""O"",""P"",""R"",""S"",""T"",""U"",""Y""]},{""position"":1,""characters"":[""A"",""C"",""D"",""E"",""I"",""L"",""N"",""O"",""P"",""R"",""T"",""U"",""V""]},{""position"":2,""characters"":[""A"",""C"",""D"",""E"",""I"",""L"",""M"",""N"",""O"",""P"",""R"",""S"",""T"",""V""]},{""position"":3,""characters"":[""A"",""C"",""D"",""E"",""F"",""I"",""M"",""N"",""O"",""P"",""R"",""S"",""T"",""U""]},{""position"":4,""characters"":[""A"",""C"",""E"",""F"",""I"",""M"",""N"",""O"",""R"",""T"",""U""]},{""position"":5,""characters"":[""A"",""C"",""E"",""F"",""G"",""I"",""L"",""M"",""N"",""P"",""R"",""S"",""T"",""U""]},{""position"":6,""characters"":[""A"",""B"",""C"",""H"",""I"",""L"",""N"",""O"",""S"",""T"",""U""]},{""position"":7,""characters"":[""A"",""C"",""D"",""E"",""F"",""G"",""I"",""L"",""N"",""O"",""P"",""R"",""S"",""T"",""U""]},{""position"":8,""characters"":[""A"",""C"",""E"",""F"",""I"",""M"",""N"",""O"",""R"",""T"",""U""]},{""position"":9,""characters"":[""A"",""C"",""D"",""E"",""F"",""I"",""M"",""N"",""O"",""P"",""R"",""S"",""T"",""U""]},{""position"":10,""characters"":[""G""]},{""position"":11,""characters"":[""A"",""D"",""E"",""I"",""L"",""N"",""O"",""P"",""R"",""T"",""U"",""V""]},{""position"":12,""characters"":[""A"",""C"",""D"",""E"",""G"",""I"",""L"",""M"",""N"",""O"",""P"",""R"",""S"",""T"",""U"",""Y""]}]","true","false","B_USED_EXHAUSTION","1","1","1","0","0","0","[""ORGANISATIONS""]","[]","100","false","false"
"13","ar_to_en","1","74","0","3","down","5","??I??","[{""position"":0,""characters"":[""A"",""C"",""E"",""I"",""K"",""O"",""R"",""S"",""T"",""U"",""W""]},{""position"":1,""characters"":[""A"",""C"",""D"",""E"",""G"",""I"",""N"",""O"",""R"",""T"",""U""]},{""position"":2,""characters"":[""I""]},{""position"":3,""characters"":[""C"",""K"",""L"",""N""]},{""position"":4,""characters"":[""A"",""E""]}]","true","false","A_TRUE_GAP","0","0","0","0","0","0","[]","[]","","false","false"
"13","ar_to_en","1","74","6","4","down","7","????N??","[{""position"":0,""characters"":[""A"",""B"",""C"",""D"",""E"",""F"",""G"",""I"",""J"",""L"",""M"",""N"",""P"",""R"",""S"",""T"",""Y""]},{""position"":1,""characters"":[""A"",""C"",""E"",""G"",""H"",""I"",""L"",""N"",""O"",""P"",""R"",""S"",""T"",""U""]},{""position"":2,""characters"":[""C"",""D"",""E"",""F"",""I"",""L"",""M"",""N"",""R"",""T""]},{""position"":3,""characters"":[""A"",""R"",""T""]},{""position"":4,""characters"":[""N""]},{""position"":5,""characters"":[""N"",""T""]},{""position"":6,""characters"":[""A"",""C"",""D"",""E"",""F"",""G"",""M"",""R"",""S"",""T"",""V"",""Y""]}]","true","false","A_TRUE_GAP","0","0","0","0","0","0","[]","[]","","false","false"
"13","ar_to_en","1","74","9","7","across","6","??????","[{""position"":0,""characters"":[""O"",""S""]},{""position"":1,""characters"":[""A"",""C"",""E"",""F"",""I"",""L"",""N"",""O"",""R"",""U"",""X""]},{""position"":2,""characters"":[""A"",""B"",""C"",""D"",""E"",""F"",""G"",""H"",""K"",""L"",""M"",""N"",""O"",""P"",""Q"",""R"",""S"",""T"",""V"",""Y""]},{""position"":3,""characters"":[""E"",""F"",""I""]},{""position"":4,""characters"":[""A"",""D"",""E"",""I"",""K"",""N"",""O"",""T""]},{""position"":5,""characters"":[""A"",""E"",""K"",""U""]}]","true","false","A_TRUE_GAP","0","0","0","0","0","0","[]","[]","","false","false"
"13","ar_to_en","1","74","2","0","across","13","??????????R??","[{""position"":0,""characters"":[""A"",""C"",""D"",""E"",""G"",""I"",""L"",""M"",""N"",""O"",""P"",""R"",""S"",""T"",""U"",""Y""]},{""position"":1,""characters"":[""A"",""C"",""D"",""E"",""I"",""L"",""N"",""O"",""P"",""R"",""T"",""U""]},{""position"":2,""characters"":[""D"",""M"",""N"",""P"",""R"",""T""]},{""position"":3,""characters"":[""A"",""C"",""D"",""E"",""F"",""I"",""M"",""N"",""O"",""P"",""R"",""S"",""T"",""U""]},{""position"":4,""characters"":[""A"",""C"",""E"",""F"",""I"",""M"",""N"",""O"",""R"",""T"",""U""]},{""position"":5,""characters"":[""A"",""C"",""D"",""E"",""F"",""G"",""I"",""L"",""M"",""N"",""O"",""P"",""R"",""S"",""T"",""U"",""X""]},{""position"":6,""characters"":[""A"",""B"",""C"",""H"",""I"",""L"",""N"",""O"",""S"",""T"",""U""]},{""position"":7,""characters"":[""A"",""C"",""D"",""E"",""F"",""G"",""I"",""L"",""M"",""N"",""O"",""P"",""R"",""S"",""T"",""U"",""X""]},{""position"":8,""characters"":[""A"",""C"",""E"",""F"",""I"",""M"",""N"",""O"",""R"",""T"",""U""]},{""position"":9,""characters"":[""A"",""C"",""D"",""E"",""F"",""I"",""M"",""N"",""O"",""R"",""S"",""T"",""U""]},{""position"":10,""characters"":[""R""]},{""position"":11,""characters"":[""A"",""C"",""D"",""E"",""I"",""L"",""N"",""O"",""P"",""R"",""T"",""U"",""V""]},{""position"":12,""characters"":[""A"",""C"",""D"",""E"",""G"",""I"",""L"",""M"",""N"",""O"",""P"",""R"",""S"",""T"",""U"",""Y""]}]","true","false","A_TRUE_GAP","0","0","0","0","0","0","[]","[]","","false","false"
"13","ar_to_en","1","74","8","2","across","3","I??","[{""position"":0,""characters"":[""I""]},{""position"":1,""characters"":[""A"",""I"",""N"",""R"",""T"",""W""]},{""position"":2,""characters"":[""B"",""C"",""E"",""L"",""S"",""T"",""Y""]}]","true","false","A_TRUE_GAP","0","0","0","0","0","0","[]","[]","","false","false"
"13","ar_to_en","1","74","7","3","down","6","???IT?","[{""position"":0,""characters"":[""A"",""B"",""C"",""D"",""E"",""F"",""G"",""H"",""I"",""L"",""M"",""N"",""O"",""P"",""R"",""S"",""T"",""V"",""Y""]},{""position"":1,""characters"":[""A"",""C"",""E"",""I"",""L"",""N"",""O"",""S"",""U""]},{""position"":2,""characters"":[""A"",""D"",""E"",""H"",""K"",""L"",""M"",""O"",""R"",""S""]},{""position"":3,""characters"":[""I""]},{""position"":4,""characters"":[""T""]},{""position"":5,""characters"":[""A"",""O"",""R"",""Y""]}]","true","false","A_TRUE_GAP","0","0","0","0","0","0","[]","[]","","false","false"
"13","ar_to_en","1","74","12","2","across","5","?????","[{""position"":0,""characters"":[""I"",""L"",""N""]},{""position"":1,""characters"":[""D"",""E"",""F"",""H"",""I"",""L"",""N"",""O"",""P"",""R"",""S"",""T""]},{""position"":2,""characters"":[""D"",""L"",""M"",""P"",""S"",""V"",""W""]},{""position"":3,""characters"":[""A"",""C"",""E"",""G"",""H"",""L"",""M"",""N"",""R"",""S"",""W"",""X""]},{""position"":4,""characters"":[""A"",""D"",""E"",""H"",""N"",""T"",""W"",""Y""]}]","true","false","A_TRUE_GAP","0","0","0","0","0","0","[]","[]","","false","false"
"13","ar_to_en","1","74","11","0","across","7","???????","[{""position"":0,""characters"":[""A"",""D"",""E"",""I"",""K"",""N"",""O"",""T""]},{""position"":1,""characters"":[""B"",""C"",""D"",""F"",""G"",""H"",""L"",""N"",""O"",""P"",""R"",""S"",""T"",""U"",""W"",""X"",""Y""]},{""position"":2,""characters"":[""A"",""E"",""N"",""O"",""U""]},{""position"":3,""characters"":[""A"",""C"",""D"",""E"",""F"",""G"",""H"",""K"",""L"",""M"",""N"",""O"",""P"",""R"",""S"",""T"",""U"",""V"",""W""]},{""position"":4,""characters"":[""E"",""F"",""I"",""U""]},{""position"":5,""characters"":[""C"",""L"",""N""]},{""position"":6,""characters"":[""A"",""O"",""R"",""U""]}]","true","false","A_TRUE_GAP","0","0","0","0","0","0","[]","[]","","false","false"
"13","ar_to_en","1","74","7","9","down","6","???E??","[{""position"":0,""characters"":[""D"",""F"",""L"",""M"",""O"",""P"",""S"",""T""]},{""position"":1,""characters"":[""A"",""E"",""I"",""L"",""O""]},{""position"":2,""characters"":[""G"",""L"",""R"",""S"",""T""]},{""position"":3,""characters"":[""E""]},{""position"":4,""characters"":[""C"",""E"",""N"",""O"",""R"",""S""]},{""position"":5,""characters"":[""E"",""R""]}]","true","false","A_TRUE_GAP","0","0","0","0","0","0","[]","[]","","false","false"
"13","ar_to_en","1","74","11","0","across","7","???????","[{""position"":0,""characters"":[""A"",""D"",""O"",""S""]},{""position"":1,""characters"":[""A"",""B"",""D"",""E"",""F"",""G"",""H"",""L"",""M"",""N"",""P"",""R"",""S"",""T"",""W"",""Y""]},{""position"":2,""characters"":[""A"",""N"",""O"",""U""]},{""position"":3,""characters"":[""A"",""C"",""D"",""E"",""G"",""H"",""I"",""L"",""M"",""N"",""O"",""P"",""R"",""S"",""T"",""U"",""V""]},{""position"":4,""characters"":[""A"",""D"",""E"",""H"",""I"",""L"",""N"",""O"",""R"",""T"",""U"",""V""]},{""position"":5,""characters"":[""A"",""E"",""I"",""R"",""U""]},{""position"":6,""characters"":[""C"",""K"",""L"",""N""]}]","true","false","A_TRUE_GAP","0","0","0","0","0","0","[]","[]","","false","false"
"13","ar_to_en","1","74","8","2","across","3","???","[{""position"":0,""characters"":[""I"",""N"",""U""]},{""position"":1,""characters"":[""I"",""N""]},{""position"":2,""characters"":[""E"",""Y""]}]","true","false","A_TRUE_GAP","0","0","0","0","0","0","[]","[]","","false","false"
"13","ar_to_en","1","74","9","7","across","6","???T??","[{""position"":0,""characters"":[""A"",""O"",""R"",""U""]},{""position"":1,""characters"":[""A"",""C"",""D"",""E"",""H"",""L"",""M"",""N"",""O"",""P"",""R"",""S"",""T"",""U"",""V""]},{""position"":2,""characters"":[""A"",""C"",""E"",""H"",""I"",""L"",""N"",""O"",""P"",""R"",""S"",""T"",""U""]},{""position"":3,""characters"":[""T""]},{""position"":4,""characters"":[""C"",""D"",""E"",""F"",""G"",""H"",""K"",""L"",""M"",""N"",""O"",""P"",""R"",""S"",""T"",""W"",""X"",""Y""]},{""position"":5,""characters"":[""A"",""P"",""S"",""T"",""Y""]}]","true","false","A_TRUE_GAP","0","0","0","0","0","0","[]","[]","","false","false"
"13","ar_to_en","1","74","11","8","across","5","?????","[{""position"":0,""characters"":[""A"",""C"",""D"",""E"",""G"",""H"",""I"",""K"",""L"",""M"",""N"",""P"",""R"",""S"",""T"",""U"",""V"",""W""]},{""position"":1,""characters"":[""A"",""E"",""I"",""L"",""O"",""U""]},{""position"":2,""characters"":[""N"",""R""]},{""position"":3,""characters"":[""A"",""D"",""E"",""I"",""K"",""N"",""O"",""T""]},{""position"":4,""characters"":[""A"",""E""]}]","true","false","A_TRUE_GAP","0","0","0","0","0","0","[]","[]","","false","false"
"13","ar_to_en","1","75","0","10","down","13","??????????P??","[{""position"":0,""characters"":[""A"",""C"",""D"",""E"",""G"",""I"",""L"",""M"",""N"",""O"",""P"",""R"",""S"",""T"",""U"",""Y""]},{""position"":1,""characters"":[""A"",""C"",""D"",""E"",""I"",""L"",""N"",""O"",""P"",""R"",""T"",""U"",""V""]},{""position"":2,""characters"":[""A"",""C"",""D"",""E"",""G"",""I"",""L"",""M"",""N"",""O"",""P"",""R"",""S"",""T"",""V""]},{""position"":3,""characters"":[""A"",""C"",""D"",""E"",""F"",""I"",""M"",""N"",""O"",""P"",""R"",""S"",""T"",""U""]},{""position"":4,""characters"":[""A"",""C"",""E"",""F"",""I"",""M"",""N"",""O"",""R"",""T"",""U""]},{""position"":5,""characters"":[""A"",""C"",""E"",""F"",""G"",""I"",""L"",""M"",""N"",""P"",""R"",""S"",""T"",""U""]},{""position"":6,""characters"":[""A"",""B"",""C"",""H"",""I"",""L"",""N"",""O"",""S"",""T"",""U""]},{""position"":7,""characters"":[""A"",""C"",""D"",""E"",""F"",""G"",""I"",""L"",""N"",""O"",""P"",""R"",""S"",""T"",""U""]},{""position"":8,""characters"":[""A"",""C"",""E"",""F"",""I"",""M"",""N"",""O"",""R"",""T"",""U""]},{""position"":9,""characters"":[""A"",""C"",""D"",""E"",""F"",""I"",""M"",""N"",""O"",""P"",""R"",""S"",""T"",""U""]},{""position"":10,""characters"":[""P""]},{""position"":11,""characters"":[""A"",""D"",""E"",""I"",""L"",""N"",""O"",""P"",""R"",""T"",""U"",""V""]},{""position"":12,""characters"":[""A"",""C"",""D"",""E"",""G"",""I"",""L"",""M"",""N"",""O"",""P"",""R"",""S"",""T"",""U"",""Y""]}]","true","false","B_USED_EXHAUSTION","1","1","1","0","0","0","[""OPPORTUNITIES""]","[]","100","false","false"
"13","ar_to_en","1","75","0","10","down","13","??????????L??","[{""position"":0,""characters"":[""A"",""C"",""D"",""E"",""G"",""I"",""L"",""M"",""N"",""O"",""P"",""R"",""S"",""T"",""U"",""Y""]},{""position"":1,""characters"":[""A"",""C"",""D"",""E"",""I"",""L"",""N"",""O"",""P"",""R"",""T"",""U"",""V""]},{""position"":2,""characters"":[""A"",""C"",""D"",""E"",""G"",""I"",""M"",""N"",""O"",""P"",""R"",""S"",""T"",""V""]},{""position"":3,""characters"":[""A"",""C"",""D"",""E"",""F"",""I"",""M"",""N"",""O"",""P"",""R"",""S"",""T"",""U""]},{""position"":4,""characters"":[""A"",""C"",""E"",""F"",""I"",""M"",""N"",""O"",""R"",""T"",""U""]},{""position"":5,""characters"":[""A"",""C"",""E"",""F"",""G"",""I"",""L"",""M"",""N"",""P"",""R"",""S"",""T"",""U""]},{""position"":6,""characters"":[""A"",""B"",""C"",""H"",""I"",""L"",""N"",""O"",""S"",""T"",""U""]},{""position"":7,""characters"":[""A"",""C"",""D"",""E"",""F"",""G"",""I"",""L"",""N"",""O"",""P"",""R"",""S"",""T"",""U""]},{""position"":8,""characters"":[""A"",""C"",""E"",""F"",""I"",""M"",""N"",""O"",""R"",""T"",""U""]},{""position"":9,""characters"":[""A"",""C"",""D"",""E"",""F"",""I"",""M"",""N"",""O"",""P"",""R"",""S"",""T"",""U""]},{""position"":10,""characters"":[""L""]},{""position"":11,""characters"":[""A"",""D"",""E"",""I"",""L"",""N"",""O"",""P"",""R"",""T"",""U"",""V""]},{""position"":12,""characters"":[""A"",""C"",""D"",""E"",""G"",""I"",""L"",""M"",""N"",""O"",""P"",""R"",""S"",""T"",""U"",""Y""]}]","true","false","B_USED_EXHAUSTION","1","1","1","0","0","0","[""AUTOMATICALLY""]","[]","100","false","false"
"13","ar_to_en","1","75","9","0","across","5","?????","[{""position"":0,""characters"":[""A"",""E"",""K"",""U""]},{""position"":1,""characters"":[""A"",""E""]},{""position"":2,""characters"":[""F"",""O"",""T"",""U""]},{""position"":3,""characters"":[""A"",""C"",""D"",""E"",""F"",""G"",""H"",""I"",""K"",""L"",""M"",""N"",""O"",""P"",""R"",""S"",""T"",""V""]},{""position"":4,""characters"":[""A"",""B"",""E"",""F"",""I"",""M"",""O"",""P"",""S""]}]","true","false","A_TRUE_GAP","0","0","0","0","0","0","[]","[]","","false","false"
"13","ar_to_en","1","75","9","7","across","6","??????","[{""position"":0,""characters"":[""C"",""K"",""L"",""N""]},{""position"":1,""characters"":[""A"",""C"",""D"",""E"",""G"",""I"",""K"",""N"",""O"",""R"",""S"",""T"",""W""]},{""position"":2,""characters"":[""A"",""B"",""E"",""I"",""M"",""O"",""P"",""R""]},{""position"":3,""characters"":[""M"",""N"",""R"",""S""]},{""position"":4,""characters"":[""A"",""D"",""E"",""I"",""K"",""N"",""O"",""T""]},{""position"":5,""characters"":[""A"",""E""]}]","true","false","A_TRUE_GAP","0","0","0","0","0","0","[]","[]","","false","false"
"13","ar_to_en","1","75","12","8","across","3","?ES","[{""position"":0,""characters"":[""D"",""R"",""W""]},{""position"":1,""characters"":[""E""]},{""position"":2,""characters"":[""S""]}]","true","false","A_TRUE_GAP","0","0","0","0","0","0","[]","[]","","false","false"
"13","ar_to_en","1","75","7","3","down","6","???IL?","[{""position"":0,""characters"":[""A"",""B"",""C"",""D"",""E"",""F"",""G"",""H"",""I"",""L"",""M"",""N"",""O"",""P"",""R"",""S"",""T"",""V"",""Y""]},{""position"":1,""characters"":[""A"",""C"",""E"",""G"",""H"",""I"",""N"",""O"",""P"",""R"",""S"",""T"",""U""]},{""position"":2,""characters"":[""C"",""H"",""L"",""O"",""P"",""R"",""T""]},{""position"":3,""characters"":[""I""]},{""position"":4,""characters"":[""L""]},{""position"":5,""characters"":[""A"",""C"",""D"",""E"",""G"",""L"",""M"",""N"",""O"",""P"",""R"",""S"",""T"",""U""]}]","true","false","A_TRUE_GAP","0","0","0","0","0","0","[]","[]","","false","false"
"13","ar_to_en","1","75","12","2","across","5","O????","[{""position"":0,""characters"":[""O""]},{""position"":1,""characters"":[""A"",""C"",""D"",""E"",""F"",""G"",""H"",""L"",""M"",""N"",""P"",""S"",""T"",""Y""]},{""position"":2,""characters"":[""A"",""B"",""C"",""D"",""E"",""F"",""G"",""K"",""M"",""N"",""P"",""R"",""S"",""T"",""Y""]},{""position"":3,""characters"":[""F"",""M"",""S"",""T""]},{""position"":4,""characters"":[""E"",""K"",""L"",""N"",""S""]}]","true","false","A_TRUE_GAP","0","0","0","0","0","0","[]","[]","","false","false"
"13","ar_to_en","1","75","11","0","across","7","???????","[{""position"":0,""characters"":[""A"",""E"",""I"",""T""]},{""position"":1,""characters"":[""A"",""B"",""D"",""E"",""F"",""G"",""H"",""L"",""M"",""N"",""P"",""R"",""S"",""T"",""W"",""Y""]},{""position"":2,""characters"":[""A"",""I""]},{""position"":3,""characters"":[""A"",""C"",""E"",""H"",""I"",""L"",""N"",""O"",""P"",""R"",""S"",""T"",""U""]},{""position"":4,""characters"":[""A"",""B"",""C"",""D"",""E"",""F"",""L"",""N"",""O"",""P"",""R"",""S"",""T"",""U"",""V""]},{""position"":5,""characters"":[""A"",""E"",""F"",""I"",""L"",""O"",""U""]},{""position"":6,""characters"":[""C"",""K"",""L"",""N""]}]","true","false","A_TRUE_GAP","0","0","0","0","0","0","[]","[]","","false","false"
"13","ar_to_en","1","75","2","0","across","13","??I???????I??","[{""position"":0,""characters"":[""A"",""C"",""D"",""E"",""G"",""I"",""L"",""M"",""N"",""O"",""P"",""R"",""S"",""T"",""U"",""Y""]},{""position"":1,""characters"":[""A"",""C"",""D"",""E"",""I"",""L"",""N"",""O"",""P"",""R"",""T"",""U""]},{""position"":2,""characters"":[""I""]},{""position"":3,""characters"":[""A"",""C"",""D"",""E"",""F"",""I"",""M"",""N"",""O"",""P"",""R"",""S"",""T"",""U""]},{""position"":4,""characters"":[""A"",""C"",""E"",""F"",""I"",""M"",""N"",""O"",""R"",""T"",""U""]},{""position"":5,""characters"":[""A"",""C"",""D"",""E"",""F"",""G"",""I"",""L"",""M"",""N"",""O"",""P"",""R"",""S"",""T"",""U"",""X""]},{""position"":6,""characters"":[""A"",""B"",""C"",""H"",""I"",""L"",""N"",""O"",""S"",""T"",""U""]},{""position"":7,""characters"":[""A"",""C"",""D"",""E"",""F"",""G"",""I"",""L"",""M"",""N"",""O"",""P"",""R"",""S"",""T"",""U"",""X""]},{""position"":8,""characters"":[""A"",""C"",""E"",""F"",""I"",""M"",""N"",""O"",""R"",""T"",""U""]},{""position"":9,""characters"":[""A"",""C"",""D"",""E"",""F"",""I"",""M"",""N"",""O"",""R"",""S"",""T"",""U""]},{""position"":10,""characters"":[""I""]},{""position"":11,""characters"":[""A"",""C"",""D"",""E"",""I"",""L"",""N"",""O"",""P"",""R"",""T"",""U"",""V""]},{""position"":12,""characters"":[""A"",""C"",""D"",""E"",""G"",""I"",""L"",""M"",""N"",""O"",""P"",""R"",""S"",""T"",""U"",""Y""]}]","true","false","A_TRUE_GAP","0","0","0","0","0","0","[]","[]","","false","false"
"13","ar_to_en","1","75","0","2","down","13","??????????G??","[{""position"":0,""characters"":[""A"",""C"",""D"",""E"",""G"",""I"",""L"",""M"",""N"",""O"",""P"",""R"",""S"",""T"",""U"",""Y""]},{""position"":1,""characters"":[""A"",""D"",""E"",""I"",""L"",""N"",""O"",""P"",""R"",""U"",""V""]},{""position"":2,""characters"":[""A"",""C"",""D"",""E"",""I"",""L"",""M"",""N"",""O"",""P"",""R"",""S"",""T"",""V""]},{""position"":3,""characters"":[""A"",""C"",""D"",""E"",""F"",""I"",""M"",""N"",""O"",""P"",""R"",""S"",""T"",""U""]},{""position"":4,""characters"":[""A"",""C"",""E"",""F"",""I"",""N"",""O"",""R"",""T"",""U""]},{""position"":5,""characters"":[""A"",""C"",""D"",""E"",""F"",""G"",""I"",""L"",""M"",""N"",""O"",""P"",""R"",""S"",""T"",""U"",""X""]},{""position"":6,""characters"":[""A"",""B"",""C"",""H"",""I"",""L"",""N"",""O"",""S"",""T"",""U""]},{""position"":7,""characters"":[""A"",""C"",""E"",""F"",""G"",""I"",""L"",""M"",""N"",""O"",""P"",""R"",""S"",""T"",""U"",""X""]},{""position"":8,""characters"":[""A"",""E"",""F"",""I"",""M"",""N"",""O"",""R"",""T"",""U""]},{""position"":9,""characters"":[""A"",""C"",""D"",""E"",""F"",""I"",""M"",""N"",""O"",""P"",""R"",""S"",""T"",""U""]},{""position"":10,""characters"":[""G""]},{""position"":11,""characters"":[""A"",""C"",""D"",""E"",""I"",""L"",""N"",""O"",""P"",""R"",""T"",""U"",""V""]},{""position"":12,""characters"":[""A"",""C"",""D"",""E"",""G"",""I"",""L"",""M"",""N"",""O"",""P"",""R"",""S"",""T"",""U"",""Y""]}]","true","false","B_USED_EXHAUSTION","1","1","1","0","0","0","[""ORGANISATIONS""]","[]","100","false","false"
"13","ar_to_en","1","75","0","10","down","13","??????????G??","[{""position"":0,""characters"":[""A"",""C"",""D"",""E"",""G"",""I"",""L"",""M"",""N"",""O"",""P"",""R"",""S"",""T"",""U"",""Y""]},{""position"":1,""characters"":[""A"",""C"",""D"",""E"",""I"",""L"",""N"",""O"",""P"",""R"",""T"",""U"",""V""]},{""position"":2,""characters"":[""A"",""C"",""D"",""E"",""I"",""L"",""M"",""N"",""O"",""P"",""R"",""S"",""T"",""V""]},{""position"":3,""characters"":[""A"",""C"",""D"",""E"",""F"",""I"",""M"",""N"",""O"",""P"",""R"",""S"",""T"",""U""]},{""position"":4,""characters"":[""A"",""C"",""E"",""F"",""I"",""M"",""N"",""O"",""R"",""T"",""U""]},{""position"":5,""characters"":[""A"",""C"",""E"",""F"",""G"",""I"",""L"",""M"",""N"",""P"",""R"",""S"",""T"",""U""]},{""position"":6,""characters"":[""A"",""B"",""C"",""H"",""I"",""L"",""N"",""O"",""S"",""T"",""U""]},{""position"":7,""characters"":[""A"",""C"",""D"",""E"",""F"",""G"",""I"",""L"",""N"",""O"",""P"",""R"",""S"",""T"",""U""]},{""position"":8,""characters"":[""A"",""C"",""E"",""F"",""I"",""M"",""N"",""O"",""R"",""T"",""U""]},{""position"":9,""characters"":[""A"",""C"",""D"",""E"",""F"",""I"",""M"",""N"",""O"",""P"",""R"",""S"",""T"",""U""]},{""position"":10,""characters"":[""G""]},{""position"":11,""characters"":[""A"",""D"",""E"",""I"",""L"",""N"",""O"",""P"",""R"",""T"",""U"",""V""]},{""position"":12,""characters"":[""A"",""C"",""D"",""E"",""G"",""I"",""L"",""M"",""N"",""O"",""P"",""R"",""S"",""T"",""U"",""Y""]}]","true","false","B_USED_EXHAUSTION","1","1","1","0","0","0","[""ORGANISATIONS""]","[]","100","false","false"
"13","ar_to_en","1","76","7","0","across","7","??T?E??","[{""position"":0,""characters"":[""A"",""B"",""D"",""E"",""F"",""G"",""L"",""M"",""N"",""O"",""P"",""R"",""S"",""W"",""Y""]},{""position"":1,""characters"":[""A"",""C"",""E"",""H"",""I"",""O"",""P"",""U""]},{""position"":2,""characters"":[""T""]},{""position"":3,""characters"":[""R"",""S""]},{""position"":4,""characters"":[""E""]},{""position"":5,""characters"":[""A"",""D"",""E"",""G"",""H"",""I"",""L"",""N"",""O"",""P"",""R"",""S"",""T"",""U""]},{""position"":6,""characters"":[""A"",""C"",""D"",""E"",""G"",""H"",""L"",""M"",""P"",""Q"",""R"",""S"",""T"",""U"",""V"",""W"",""Y""]}]","true","false","A_TRUE_GAP","0","0","0","0","0","0","[]","[]","","false","false"
"13","ar_to_en","1","76","8","2","across","3","?E?","[{""position"":0,""characters"":[""I"",""R"",""U""]},{""position"":1,""characters"":[""E""]},{""position"":2,""characters"":[""C"",""F"",""I"",""R""]}]","true","false","A_TRUE_GAP","0","0","0","0","0","0","[]","[]","","false","false"
"13","ar_to_en","1","76","0","10","down","13","??????????P??","[{""position"":0,""characters"":[""A"",""C"",""D"",""E"",""G"",""I"",""L"",""M"",""N"",""O"",""P"",""R"",""S"",""T"",""U"",""Y""]},{""position"":1,""characters"":[""A"",""C"",""D"",""E"",""I"",""L"",""N"",""O"",""P"",""R"",""T"",""U"",""V""]},{""position"":2,""characters"":[""A"",""C"",""D"",""E"",""G"",""I"",""L"",""M"",""N"",""O"",""P"",""R"",""S"",""T"",""V""]},{""position"":3,""characters"":[""A"",""C"",""D"",""E"",""F"",""I"",""M"",""N"",""O"",""P"",""R"",""S"",""T"",""U""]},{""position"":4,""characters"":[""A"",""C"",""E"",""F"",""I"",""M"",""N"",""O"",""R"",""T"",""U""]},{""position"":5,""characters"":[""A"",""C"",""E"",""F"",""G"",""I"",""L"",""M"",""N"",""P"",""R"",""S"",""T"",""U""]},{""position"":6,""characters"":[""A"",""B"",""C"",""H"",""I"",""L"",""N"",""O"",""S"",""T"",""U""]},{""position"":7,""characters"":[""A"",""C"",""D"",""E"",""F"",""G"",""I"",""L"",""N"",""O"",""P"",""R"",""S"",""T"",""U""]},{""position"":8,""characters"":[""A"",""C"",""E"",""F"",""I"",""M"",""N"",""O"",""R"",""T"",""U""]},{""position"":9,""characters"":[""A"",""C"",""D"",""E"",""F"",""I"",""M"",""N"",""O"",""P"",""R"",""S"",""T"",""U""]},{""position"":10,""characters"":[""P""]},{""position"":11,""characters"":[""A"",""D"",""E"",""I"",""L"",""N"",""O"",""P"",""R"",""T"",""U"",""V""]},{""position"":12,""characters"":[""A"",""C"",""D"",""E"",""G"",""I"",""L"",""M"",""N"",""O"",""P"",""R"",""S"",""T"",""U"",""Y""]}]","true","false","B_USED_EXHAUSTION","1","1","1","0","0","0","[""OPPORTUNITIES""]","[]","100","false","false"
"13","ar_to_en","1","76","0","10","down","13","??????????L??","[{""position"":0,""characters"":[""A"",""C"",""D"",""E"",""G"",""I"",""L"",""M"",""N"",""O"",""P"",""R"",""S"",""T"",""U"",""Y""]},{""position"":1,""characters"":[""A"",""C"",""D"",""E"",""I"",""L"",""N"",""O"",""P"",""R"",""T"",""U"",""V""]},{""position"":2,""characters"":[""A"",""C"",""D"",""E"",""G"",""I"",""M"",""N"",""O"",""P"",""R"",""S"",""T"",""V""]},{""position"":3,""characters"":[""A"",""C"",""D"",""E"",""F"",""I"",""M"",""N"",""O"",""P"",""R"",""S"",""T"",""U""]},{""position"":4,""characters"":[""A"",""C"",""E"",""F"",""I"",""M"",""N"",""O"",""R"",""T"",""U""]},{""position"":5,""characters"":[""A"",""C"",""E"",""F"",""G"",""I"",""L"",""M"",""N"",""P"",""R"",""S"",""T"",""U""]},{""position"":6,""characters"":[""A"",""B"",""C"",""H"",""I"",""L"",""N"",""O"",""S"",""T"",""U""]},{""position"":7,""characters"":[""A"",""C"",""D"",""E"",""F"",""G"",""I"",""L"",""N"",""O"",""P"",""R"",""S"",""T"",""U""]},{""position"":8,""characters"":[""A"",""C"",""E"",""F"",""I"",""M"",""N"",""O"",""R"",""T"",""U""]},{""position"":9,""characters"":[""A"",""C"",""D"",""E"",""F"",""I"",""M"",""N"",""O"",""P"",""R"",""S"",""T"",""U""]},{""position"":10,""characters"":[""L""]},{""position"":11,""characters"":[""A"",""D"",""E"",""I"",""L"",""N"",""O"",""P"",""R"",""T"",""U"",""V""]},{""position"":12,""characters"":[""A"",""C"",""D"",""E"",""G"",""I"",""L"",""M"",""N"",""O"",""P"",""R"",""S"",""T"",""U"",""Y""]}]","true","false","B_USED_EXHAUSTION","1","1","1","0","0","0","[""AUTOMATICALLY""]","[]","100","false","false"
"13","ar_to_en","1","76","9","0","across","5","?????","[{""position"":0,""characters"":[""A"",""E"",""K"",""U""]},{""position"":1,""characters"":[""A"",""E""]},{""position"":2,""characters"":[""F"",""O"",""T"",""U""]},{""position"":3,""characters"":[""A"",""C"",""D"",""E"",""F"",""G"",""H"",""I"",""K"",""L"",""M"",""N"",""O"",""P"",""R"",""S"",""T"",""V""]},{""position"":4,""characters"":[""A"",""B"",""E"",""F"",""I"",""M"",""O"",""P"",""S""]}]","true","false","A_TRUE_GAP","0","0","0","0","0","0","[]","[]","","false","false"
"13","ar_to_en","1","76","9","7","across","6","??????","[{""position"":0,""characters"":[""C"",""K"",""L"",""N""]},{""position"":1,""characters"":[""A"",""C"",""D"",""E"",""G"",""I"",""K"",""N"",""O"",""R"",""S"",""T"",""W""]},{""position"":2,""characters"":[""A"",""B"",""E"",""I"",""M"",""O"",""P"",""R""]},{""position"":3,""characters"":[""M"",""N"",""R"",""S""]},{""position"":4,""characters"":[""A"",""D"",""E"",""I"",""K"",""N"",""O"",""T""]},{""position"":5,""characters"":[""A"",""E""]}]","true","false","A_TRUE_GAP","0","0","0","0","0","0","[]","[]","","false","false"
"13","ar_to_en","1","77","0","9","down","6","??T???","[{""position"":0,""characters"":[""A"",""E"",""I"",""T""]},{""position"":1,""characters"":[""A"",""C"",""D"",""E"",""F"",""G"",""H"",""K"",""L"",""M"",""N"",""P"",""R"",""S"",""T"",""V"",""W"",""Y""]},{""position"":2,""characters"":[""T""]},{""position"":3,""characters"":[""A"",""C"",""E"",""F"",""I"",""L"",""N"",""O"",""R"",""U"",""X""]},{""position"":4,""characters"":[""C"",""D"",""N"",""R"",""T""]},{""position"":5,""characters"":[""F"",""O""]}]","true","false","A_TRUE_GAP","0","0","0","0","0","0","[]","[]","","false","false"
"13","ar_to_en","1","77","0","2","down","13","??I???????I??","[{""position"":0,""characters"":[""A"",""C"",""D"",""E"",""G"",""I"",""L"",""M"",""N"",""O"",""P"",""R"",""S"",""T"",""U"",""Y""]},{""position"":1,""characters"":[""A"",""C"",""D"",""E"",""I"",""L"",""N"",""O"",""P"",""R"",""T"",""U""]},{""position"":2,""characters"":[""I""]},{""position"":3,""characters"":[""A"",""C"",""D"",""E"",""F"",""I"",""M"",""N"",""O"",""P"",""R"",""S"",""T"",""U""]},{""position"":4,""characters"":[""A"",""C"",""E"",""F"",""I"",""M"",""N"",""O"",""R"",""T"",""U""]},{""position"":5,""characters"":[""A"",""C"",""E"",""F"",""G"",""I"",""L"",""M"",""N"",""P"",""R"",""S"",""T"",""U""]},{""position"":6,""characters"":[""A"",""B"",""C"",""H"",""I"",""L"",""N"",""O"",""S"",""T"",""U""]},{""position"":7,""characters"":[""A"",""C"",""D"",""E"",""F"",""G"",""I"",""L"",""N"",""O"",""P"",""R"",""S"",""T"",""U""]},{""position"":8,""characters"":[""A"",""C"",""E"",""F"",""I"",""M"",""N"",""O"",""R"",""T"",""U""]},{""position"":9,""characters"":[""A"",""C"",""D"",""E"",""F"",""I"",""M"",""N"",""O"",""R"",""S"",""T"",""U""]},{""position"":10,""characters"":[""I""]},{""position"":11,""characters"":[""A"",""D"",""E"",""I"",""L"",""N"",""O"",""P"",""R"",""T"",""U"",""V""]},{""position"":12,""characters"":[""A"",""C"",""D"",""E"",""G"",""I"",""L"",""M"",""N"",""O"",""P"",""R"",""S"",""T"",""U"",""Y""]}]","true","false","A_TRUE_GAP","0","0","0","0","0","0","[]","[]","","false","false"
"13","ar_to_en","1","77","2","0","across","13","??????????G??","[{""position"":0,""characters"":[""A"",""C"",""D"",""E"",""G"",""I"",""L"",""M"",""N"",""O"",""P"",""R"",""S"",""T"",""U"",""Y""]},{""position"":1,""characters"":[""A"",""C"",""D"",""E"",""I"",""L"",""N"",""O"",""P"",""R"",""T"",""U""]},{""position"":2,""characters"":[""A"",""C"",""D"",""E"",""I"",""L"",""M"",""N"",""O"",""P"",""R"",""S"",""T"",""V""]},{""position"":3,""characters"":[""A"",""C"",""D"",""E"",""F"",""I"",""M"",""N"",""O"",""P"",""R"",""S"",""T"",""U""]},{""position"":4,""characters"":[""A"",""C"",""E"",""F"",""I"",""M"",""N"",""O"",""R"",""T"",""U""]},{""position"":5,""characters"":[""A"",""C"",""D"",""E"",""F"",""G"",""I"",""L"",""M"",""N"",""O"",""P"",""R"",""S"",""T"",""U"",""X""]},{""position"":6,""characters"":[""A"",""B"",""C"",""H"",""I"",""L"",""N"",""O"",""S"",""T"",""U""]},{""position"":7,""characters"":[""A"",""C"",""D"",""E"",""F"",""G"",""I"",""M"",""N"",""O"",""P"",""R"",""S"",""T"",""U"",""X""]},{""position"":8,""characters"":[""A"",""C"",""E"",""F"",""I"",""M"",""N"",""O"",""R"",""T"",""U""]},{""position"":9,""characters"":[""A"",""C"",""D"",""E"",""F"",""I"",""M"",""N"",""O"",""R"",""S"",""T"",""U""]},{""position"":10,""characters"":[""G""]},{""position"":11,""characters"":[""A"",""C"",""D"",""E"",""I"",""L"",""N"",""O"",""P"",""R"",""T"",""U"",""V""]},{""position"":12,""characters"":[""A"",""C"",""D"",""E"",""G"",""I"",""L"",""N"",""O"",""P"",""R"",""S"",""T"",""U"",""Y""]}]","true","false","B_USED_EXHAUSTION","1","1","1","0","0","0","[""ORGANISATIONS""]","[]","100","false","false"
"13","ar_to_en","1","77","10","0","across","13","??????????G??","[{""position"":0,""characters"":[""A"",""C"",""D"",""E"",""G"",""I"",""L"",""N"",""O"",""P"",""R"",""S"",""T"",""U"",""Y""]},{""position"":1,""characters"":[""A"",""C"",""D"",""E"",""I"",""L"",""N"",""O"",""P"",""R"",""T"",""U""]},{""position"":2,""characters"":[""A"",""C"",""D"",""E"",""I"",""L"",""M"",""N"",""O"",""P"",""R"",""S"",""T"",""V""]},{""position"":3,""characters"":[""A"",""C"",""D"",""E"",""F"",""I"",""M"",""N"",""O"",""P"",""R"",""S"",""T"",""U""]},{""position"":4,""characters"":[""A"",""C"",""E"",""F"",""I"",""M"",""N"",""O"",""R"",""T"",""U""]},{""position"":5,""characters"":[""A"",""C"",""D"",""E"",""F"",""G"",""I"",""M"",""N"",""O"",""P"",""R"",""S"",""T"",""U"",""X""]},{""position"":6,""characters"":[""A"",""B"",""C"",""H"",""I"",""L"",""N"",""O"",""S"",""T"",""U""]},{""position"":7,""characters"":[""A"",""C"",""D"",""E"",""F"",""G"",""I"",""L"",""M"",""N"",""O"",""P"",""R"",""S"",""T"",""U"",""X""]},{""position"":8,""characters"":[""A"",""C"",""E"",""F"",""I"",""M"",""N"",""O"",""R"",""T"",""U""]},{""position"":9,""characters"":[""A"",""C"",""D"",""E"",""F"",""I"",""M"",""N"",""O"",""R"",""S"",""T"",""U""]},{""position"":10,""characters"":[""G""]},{""position"":11,""characters"":[""A"",""C"",""D"",""E"",""I"",""L"",""N"",""O"",""P"",""R"",""T"",""U"",""V""]},{""position"":12,""characters"":[""A"",""C"",""D"",""E"",""G"",""I"",""L"",""M"",""N"",""O"",""P"",""R"",""S"",""T"",""U"",""Y""]}]","true","false","B_USED_EXHAUSTION","1","1","1","0","0","0","[""ORGANISATIONS""]","[]","100","false","false"
"13","ar_to_en","1","77","2","0","across","13","??????????D??","[{""position"":0,""characters"":[""A"",""C"",""D"",""E"",""G"",""I"",""L"",""M"",""N"",""O"",""P"",""R"",""S"",""T"",""U"",""Y""]},{""position"":1,""characters"":[""A"",""C"",""D"",""E"",""I"",""L"",""N"",""O"",""P"",""R"",""T"",""U""]},{""position"":2,""characters"":[""A"",""C"",""D"",""E"",""G"",""I"",""L"",""M"",""N"",""O"",""P"",""R"",""S"",""T"",""V""]},{""position"":3,""characters"":[""A"",""C"",""D"",""E"",""F"",""I"",""M"",""N"",""O"",""P"",""R"",""S"",""T"",""U""]},{""position"":4,""characters"":[""A"",""C"",""E"",""F"",""I"",""M"",""N"",""O"",""R"",""T"",""U""]},{""position"":5,""characters"":[""A"",""C"",""D"",""E"",""F"",""G"",""I"",""L"",""M"",""N"",""O"",""P"",""R"",""S"",""T"",""U"",""X""]},{""position"":6,""characters"":[""A"",""B"",""C"",""H"",""I"",""L"",""N"",""O"",""S"",""T"",""U""]},{""position"":7,""characters"":[""A"",""C"",""D"",""E"",""F"",""G"",""I"",""M"",""N"",""O"",""P"",""R"",""S"",""T"",""U"",""X""]},{""position"":8,""characters"":[""A"",""C"",""E"",""F"",""I"",""M"",""N"",""O"",""R"",""T"",""U""]},{""position"":9,""characters"":[""A"",""C"",""D"",""E"",""F"",""I"",""M"",""N"",""O"",""R"",""S"",""T"",""U""]},{""position"":10,""characters"":[""D""]},{""position"":11,""characters"":[""A"",""C"",""D"",""E"",""I"",""L"",""N"",""O"",""P"",""R"",""T"",""U"",""V""]},{""position"":12,""characters"":[""A"",""C"",""D"",""E"",""G"",""I"",""L"",""N"",""O"",""P"",""R"",""S"",""T"",""U"",""Y""]}]","true","false","B_USED_EXHAUSTION","1","1","1","0","0","0","[""UNDERSTANDING""]","[]","100","false","false"
"13","ar_to_en","1","77","0","11","down","4","K???","[{""position"":0,""characters"":[""K""]},{""position"":1,""characters"":[""A"",""E"",""I""]},{""position"":2,""characters"":[""N"",""U""]},{""position"":3,""characters"":[""A"",""N"",""T""]}]","true","false","A_TRUE_GAP","0","0","0","0","0","0","[]","[]","","false","false"
"13","ar_to_en","1","77","10","0","across","13","??I???????CE?","[{""position"":0,""characters"":[""C"",""N""]},{""position"":1,""characters"":[""I"",""O""]},{""position"":2,""characters"":[""I""]},{""position"":3,""characters"":[""C"",""T""]},{""position"":4,""characters"":[""A"",""U""]},{""position"":5,""characters"":[""D"",""M""]},{""position"":6,""characters"":[""O"",""S""]},{""position"":7,""characters"":[""M"",""T""]},{""position"":8,""characters"":[""A"",""M""]},{""position"":9,""characters"":[""N"",""O""]},{""position"":10,""characters"":[""C""]},{""position"":11,""characters"":[""E""]},{""position"":12,""characters"":[""A"",""S""]}]","true","false","A_TRUE_GAP","0","0","0","0","0","0","[]","[]","","false","false"
"13","ar_to_en","1","77","5","11","down","6","??????","[{""position"":0,""characters"":[""A"",""D"",""E"",""I"",""K"",""N"",""O"",""T""]},{""position"":1,""characters"":[""C"",""K"",""L"",""N""]},{""position"":2,""characters"":[""A"",""O"",""R"",""U""]},{""position"":3,""characters"":[""C"",""E"",""G"",""H"",""I"",""L"",""M"",""N"",""O"",""R"",""S"",""T"",""W"",""Y""]},{""position"":4,""characters"":[""A"",""C"",""E"",""H"",""I"",""L"",""N"",""O"",""P"",""R"",""S"",""T"",""U"",""X""]},{""position"":5,""characters"":[""E"",""N"",""O"",""V""]}]","true","false","A_TRUE_GAP","0","0","0","0","0","0","[]","[]","","false","false"
"13","ar_to_en","1","77","0","11","down","4","??O?","[{""position"":0,""characters"":[""C"",""D"",""F"",""N"",""P"",""R"",""S"",""T"",""W""]},{""position"":1,""characters"":[""D"",""I""]},{""position"":2,""characters"":[""O""]},{""position"":3,""characters"":[""L"",""N"",""R""]}]","true","false","A_TRUE_GAP","0","0","0","0","0","0","[]","[]","","false","false"
"13","ar_to_en","1","77","5","11","down","6","??????","[{""position"":0,""characters"":[""A"",""E""]},{""position"":1,""characters"":[""A"",""D"",""E"",""H"",""I"",""K"",""O"",""P"",""U""]},{""position"":2,""characters"":[""C"",""K"",""L"",""N""]},{""position"":3,""characters"":[""A"",""C"",""D"",""E"",""G"",""I"",""K"",""N"",""O"",""T"",""U"",""W""]},{""position"":4,""characters"":[""A"",""C"",""D"",""E"",""F"",""G"",""H"",""L"",""M"",""N"",""O"",""P"",""R"",""S"",""T"",""U"",""V"",""W""]},{""position"":5,""characters"":[""E"",""O""]}]","true","false","A_TRUE_GAP","0","0","0","0","0","0","[]","[]","","false","false"
"13","ar_to_en","1","77","7","10","across","3","T??","[{""position"":0,""characters"":[""T""]},{""position"":1,""characters"":[""C"",""N"",""U""]},{""position"":2,""characters"":[""E"",""G"",""N"",""O"",""S"",""X""]}]","true","false","A_TRUE_GAP","0","0","0","0","0","0","[]","[]","","false","false"
"13","ar_to_en","1","78","4","7","down","7","????L??","[{""position"":0,""characters"":[""A"",""C"",""D"",""M"",""S"",""Y""]},{""position"":1,""characters"":[""A"",""D"",""E"",""G"",""I"",""L"",""N"",""O"",""P"",""R"",""S"",""T"",""U""]},{""position"":2,""characters"":[""A"",""C"",""D"",""E"",""F"",""G"",""H"",""M"",""N"",""O"",""P"",""R"",""S"",""T"",""W"",""X""]},{""position"":3,""characters"":[""A"",""B"",""C"",""E"",""F"",""G"",""H"",""I"",""K"",""L"",""N"",""O"",""R"",""S"",""T"",""U""]},{""position"":4,""characters"":[""L""]},{""position"":5,""characters"":[""C"",""D"",""E"",""H"",""I"",""O"",""P"",""S""]},{""position"":6,""characters"":[""N"",""T""]}]","true","false","A_TRUE_GAP","0","0","0","0","0","0","[]","[]","","false","false"
"13","ar_to_en","1","78","5","11","down","6","?????N","[{""position"":0,""characters"":[""B"",""C"",""D"",""E"",""F"",""G"",""H"",""J"",""K"",""L"",""M"",""N"",""O"",""P"",""R"",""S"",""T"",""W"",""Y""]},{""position"":1,""characters"":[""A"",""O"",""R"",""U""]},{""position"":2,""characters"":[""C"",""K"",""L"",""N""]},{""position"":3,""characters"":[""A"",""E"",""F"",""I"",""O"",""U""]},{""position"":4,""characters"":[""A"",""C"",""D"",""E"",""F"",""G"",""H"",""L"",""M"",""N"",""O"",""P"",""R"",""S"",""T"",""U"",""V"",""W""]},{""position"":5,""characters"":[""N""]}]","true","false","A_TRUE_GAP","0","0","0","0","0","0","[]","[]","","false","false"
"13","ar_to_en","1","78","2","0","across","13","??I?A????CR?C","[{""position"":0,""characters"":[""N"",""S""]},{""position"":1,""characters"":[""E"",""O""]},{""position"":2,""characters"":[""I""]},{""position"":3,""characters"":[""N"",""T""]},{""position"":4,""characters"":[""A""]},{""position"":5,""characters"":[""C"",""T""]},{""position"":6,""characters"":[""I"",""S""]},{""position"":7,""characters"":[""F"",""M""]},{""position"":8,""characters"":[""I"",""U""]},{""position"":9,""characters"":[""C""]},{""position"":10,""characters"":[""R""]},{""position"":11,""characters"":[""E"",""I""]},{""position"":12,""characters"":[""C""]}]","true","false","A_TRUE_GAP","0","0","0","0","0","0","[]","[]","","false","false"
"13","ar_to_en","1","78","1","9","across","4","?N?Y","[{""position"":0,""characters"":[""D"",""S"",""T"",""U""]},{""position"":1,""characters"":[""N""]},{""position"":2,""characters"":[""C"",""E"",""U""]},{""position"":3,""characters"":[""Y""]}]","true","false","A_TRUE_GAP","0","0","0","0","0","0","[]","[]","","false","false"
"13","ar_to_en","1","78","4","7","down","7","??????N","[{""position"":0,""characters"":[""E"",""G"",""H"",""K"",""S"",""T""]},{""position"":1,""characters"":[""A"",""C"",""D"",""E"",""G"",""H"",""I"",""L"",""N"",""O"",""P"",""R"",""S"",""T"",""U"",""V""]},{""position"":2,""characters"":[""A"",""B"",""C"",""D"",""E"",""F"",""G"",""H"",""I"",""K"",""L"",""N"",""O"",""P"",""R"",""S"",""T"",""U"",""W""]},{""position"":3,""characters"":[""A"",""B"",""C"",""D"",""E"",""F"",""G"",""H"",""I"",""K"",""L"",""M"",""N"",""O"",""P"",""R"",""S"",""T"",""U"",""W"",""Z""]},{""position"":4,""characters"":[""A"",""D"",""F"",""H"",""I"",""S"",""T"",""U""]},{""position"":5,""characters"":[""L"",""R""]},{""position"":6,""characters"":[""N""]}]","true","false","A_TRUE_GAP","0","0","0","0","0","0","[]","[]","","false","false"
"13","ar_to_en","1","78","0","9","down","6","??????","[{""position"":0,""characters"":[""A"",""D"",""O"",""S""]},{""position"":1,""characters"":[""A"",""C"",""D"",""E"",""F"",""G"",""H"",""K"",""L"",""M"",""N"",""P"",""R"",""S"",""T"",""V"",""W"",""Y""]},{""position"":2,""characters"":[""I"",""M""]},{""position"":3,""characters"":[""B"",""C"",""D"",""E"",""G"",""H"",""I"",""K"",""L"",""M"",""N"",""O"",""P"",""R"",""S"",""T"",""U"",""V"",""W""]},{""position"":4,""characters"":[""A"",""E"",""G"",""I"",""O"",""R"",""U"",""W""]},{""position"":5,""characters"":[""A"",""E"",""K"",""U""]}]","true","false","A_TRUE_GAP","0","0","0","0","0","0","[]","[]","","false","false"
"13","ar_to_en","1","78","8","7","across","6","???N??","[{""position"":0,""characters"":[""A"",""C"",""E"",""H"",""L"",""M"",""O"",""R"",""S"",""T""]},{""position"":1,""characters"":[""A"",""E"",""G"",""H"",""I"",""L"",""O"",""R"",""S"",""T"",""U"",""V""]},{""position"":2,""characters"":[""A"",""G"",""N"",""R"",""T""]},{""position"":3,""characters"":[""N""]},{""position"":4,""characters"":[""T"",""U""]},{""position"":5,""characters"":[""A"",""D"",""E"",""I"",""L"",""O"",""R"",""S"",""T""]}]","true","false","A_TRUE_GAP","0","0","0","0","0","0","[]","[]","","false","false"
"13","ar_to_en","1","78","0","9","down","6","??R???","[{""position"":0,""characters"":[""B"",""C"",""D"",""F"",""G"",""H"",""J"",""L"",""N"",""O"",""P"",""R"",""S"",""T"",""U"",""W"",""Y""]},{""position"":1,""characters"":[""E"",""O"",""S"",""T"",""Y""]},{""position"":2,""characters"":[""R""]},{""position"":3,""characters"":[""B"",""C"",""D"",""E"",""G"",""H"",""I"",""K"",""L"",""M"",""N"",""O"",""P"",""R"",""S"",""T"",""U"",""V"",""W""]},{""position"":4,""characters"":[""A"",""E"",""I"",""O"",""U""]},{""position"":5,""characters"":[""A"",""E""]}]","true","false","A_TRUE_GAP","0","0","0","0","0","0","[]","[]","","false","false"
"13","ar_to_en","1","78","3","2","across","4","I???","[{""position"":0,""characters"":[""I""]},{""position"":1,""characters"":[""A"",""E"",""F"",""I"",""L"",""O"",""U""]},{""position"":2,""characters"":[""A"",""C"",""D"",""E"",""F"",""G"",""K"",""L"",""M"",""N"",""P"",""R"",""S"",""T"",""U"",""V"",""Y"",""Z""]},{""position"":3,""characters"":[""C"",""E"",""H"",""K"",""O"",""S"",""T"",""U"",""Y""]}]","true","false","A_TRUE_GAP","0","0","0","0","0","0","[]","[]","","false","false"
"13","ar_to_en","1","78","9","0","across","5","??I??","[{""position"":0,""characters"":[""A"",""P"",""S"",""T"",""Y""]},{""position"":1,""characters"":[""A"",""C"",""E"",""M"",""T"",""Y""]},{""position"":2,""characters"":[""I""]},{""position"":3,""characters"":[""E"",""F"",""I"",""O""]},{""position"":4,""characters"":[""A"",""C"",""D"",""E"",""G"",""H"",""I"",""K"",""L"",""M"",""N"",""P"",""R"",""S"",""T"",""U"",""V"",""W""]}]","true","false","A_TRUE_GAP","0","0","0","0","0","0","[]","[]","","false","false"
"13","ar_to_en","1","78","10","0","across","13","??????????L??","[{""position"":0,""characters"":[""A"",""C"",""D"",""E"",""G"",""I"",""L"",""N"",""O"",""P"",""R"",""S"",""T"",""U"",""Y""]},{""position"":1,""characters"":[""A"",""C"",""D"",""E"",""I"",""L"",""N"",""O"",""P"",""R"",""T"",""U""]},{""position"":2,""characters"":[""A"",""C"",""D"",""E"",""G"",""I"",""M"",""N"",""O"",""P"",""R"",""S"",""T"",""V""]},{""position"":3,""characters"":[""A"",""C"",""D"",""E"",""F"",""I"",""M"",""N"",""O"",""P"",""R"",""S"",""T"",""U""]},{""position"":4,""characters"":[""A"",""C"",""E"",""F"",""I"",""M"",""N"",""O"",""R"",""T"",""U""]},{""position"":5,""characters"":[""A"",""C"",""D"",""E"",""F"",""G"",""I"",""M"",""N"",""O"",""P"",""R"",""S"",""T"",""U"",""X""]},{""position"":6,""characters"":[""A"",""B"",""C"",""H"",""I"",""L"",""N"",""O"",""S"",""T"",""U""]},{""position"":7,""characters"":[""A"",""C"",""D"",""E"",""F"",""G"",""I"",""L"",""M"",""N"",""O"",""P"",""R"",""S"",""T"",""U"",""X""]},{""position"":8,""characters"":[""A"",""C"",""E"",""F"",""I"",""M"",""N"",""O"",""R"",""T"",""U""]},{""position"":9,""characters"":[""A"",""C"",""D"",""E"",""F"",""I"",""M"",""N"",""O"",""R"",""S"",""T"",""U""]},{""position"":10,""characters"":[""L""]},{""position"":11,""characters"":[""A"",""C"",""D"",""E"",""I"",""L"",""N"",""O"",""P"",""R"",""T"",""U"",""V""]},{""position"":12,""characters"":[""A"",""C"",""D"",""E"",""G"",""I"",""L"",""M"",""N"",""O"",""P"",""R"",""S"",""T"",""U"",""Y""]}]","true","false","B_USED_EXHAUSTION","1","1","1","0","0","0","[""AUTOMATICALLY""]","[]","100","false","false"
"13","ar_to_en","1","78","2","0","across","13","??????????L??","[{""position"":0,""characters"":[""A"",""C"",""D"",""E"",""G"",""I"",""L"",""M"",""N"",""O"",""P"",""R"",""S"",""T"",""U"",""Y""]},{""position"":1,""characters"":[""A"",""C"",""D"",""E"",""I"",""L"",""N"",""O"",""P"",""R"",""T"",""U""]},{""position"":2,""characters"":[""A"",""C"",""D"",""E"",""G"",""I"",""M"",""N"",""O"",""P"",""R"",""S"",""T"",""V""]},{""position"":3,""characters"":[""A"",""C"",""D"",""E"",""F"",""I"",""M"",""N"",""O"",""P"",""R"",""S"",""T"",""U""]},{""position"":4,""characters"":[""A"",""C"",""E"",""F"",""I"",""M"",""N"",""O"",""R"",""T"",""U""]},{""position"":5,""characters"":[""A"",""C"",""D"",""E"",""F"",""G"",""I"",""L"",""M"",""N"",""O"",""P"",""R"",""S"",""T"",""U"",""X""]},{""position"":6,""characters"":[""A"",""B"",""C"",""H"",""I"",""L"",""N"",""O"",""S"",""T"",""U""]},{""position"":7,""characters"":[""A"",""C"",""D"",""E"",""F"",""G"",""I"",""M"",""N"",""O"",""P"",""R"",""S"",""T"",""U"",""X""]},{""position"":8,""characters"":[""A"",""C"",""E"",""F"",""I"",""M"",""N"",""O"",""R"",""T"",""U""]},{""position"":9,""characters"":[""A"",""C"",""D"",""E"",""F"",""I"",""M"",""N"",""O"",""R"",""S"",""T"",""U""]},{""position"":10,""characters"":[""L""]},{""position"":11,""characters"":[""A"",""C"",""D"",""E"",""I"",""L"",""N"",""O"",""P"",""R"",""T"",""U"",""V""]},{""position"":12,""characters"":[""A"",""C"",""D"",""E"",""G"",""I"",""L"",""N"",""O"",""P"",""R"",""S"",""T"",""U"",""Y""]}]","true","false","B_USED_EXHAUSTION","1","1","1","0","0","0","[""AUTOMATICALLY""]","[]","100","false","false"
"13","ar_to_en","1","78","3","8","across","5","??O??","[{""position"":0,""characters"":[""C"",""E""]},{""position"":1,""characters"":[""D"",""E"",""I""]},{""position"":2,""characters"":[""O""]},{""position"":3,""characters"":[""B"",""C"",""D"",""H"",""K"",""L"",""M"",""N"",""P"",""R"",""S"",""T"",""V"",""W""]},{""position"":4,""characters"":[""A"",""D"",""E"",""F"",""L"",""O"",""Y""]}]","true","false","A_TRUE_GAP","0","0","0","0","0","0","[]","[]","","false","false"
"13","ar_to_en","1","78","8","9","down","5","??I??","[{""position"":0,""characters"":[""A"",""C"",""D"",""E"",""F"",""G"",""H"",""I"",""K"",""L"",""M"",""N"",""O"",""P"",""R"",""S"",""T"",""V""]},{""position"":1,""characters"":[""E"",""F"",""I"",""O""]},{""position"":2,""characters"":[""I""]},{""position"":3,""characters"":[""A"",""E"",""I"",""O"",""U""]},{""position"":4,""characters"":[""A"",""E"",""I"",""O"",""P"",""U""]}]","true","false","A_TRUE_GAP","0","0","0","0","0","0","[]","[]","","false","false"
"13","ar_to_en","1","78","2","0","across","13","??????????S??","[{""position"":0,""characters"":[""A"",""C"",""D"",""E"",""G"",""I"",""L"",""M"",""N"",""O"",""P"",""R"",""S"",""T"",""U"",""Y""]},{""position"":1,""characters"":[""A"",""C"",""D"",""E"",""I"",""L"",""N"",""O"",""P"",""R"",""T"",""U""]},{""position"":2,""characters"":[""A"",""C"",""D"",""E"",""G"",""I"",""L"",""M"",""N"",""O"",""P"",""R"",""S"",""T"",""V""]},{""position"":3,""characters"":[""A"",""C"",""D"",""E"",""F"",""I"",""M"",""N"",""O"",""P"",""R"",""S"",""T"",""U""]},{""position"":4,""characters"":[""A"",""C"",""E"",""F"",""I"",""M"",""N"",""O"",""R"",""T"",""U""]},{""position"":5,""characters"":[""A"",""C"",""D"",""E"",""F"",""G"",""I"",""L"",""M"",""N"",""O"",""P"",""R"",""S"",""T"",""U"",""X""]},{""position"":6,""characters"":[""A"",""B"",""C"",""H"",""I"",""L"",""N"",""O"",""S"",""T"",""U""]},{""position"":7,""characters"":[""A"",""C"",""D"",""E"",""F"",""G"",""I"",""M"",""N"",""O"",""P"",""R"",""S"",""T"",""U"",""X""]},{""position"":8,""characters"":[""A"",""C"",""E"",""F"",""I"",""M"",""N"",""O"",""R"",""T"",""U""]},{""position"":9,""characters"":[""A"",""C"",""D"",""E"",""F"",""I"",""M"",""N"",""O"",""R"",""S"",""T"",""U""]},{""position"":10,""characters"":[""S""]},{""position"":11,""characters"":[""A"",""C"",""D"",""E"",""I"",""L"",""N"",""O"",""P"",""R"",""T"",""U"",""V""]},{""position"":12,""characters"":[""A"",""C"",""D"",""E"",""G"",""I"",""L"",""N"",""O"",""P"",""R"",""S"",""T"",""U"",""Y""]}]","true","false","B_USED_EXHAUSTION","1","1","1","0","0","0","[""INSTITUTIONAL""]","[]","100","false","false"
"13","ar_to_en","1","79","7","10","across","3","T??","[{""position"":0,""characters"":[""T""]},{""position"":1,""characters"":[""C"",""N"",""U""]},{""position"":2,""characters"":[""E"",""G"",""N"",""O"",""S"",""X""]}]","true","false","A_TRUE_GAP","0","0","0","0","0","0","[]","[]","","false","false"
"13","ar_to_en","1","79","4","7","down","7","????L??","[{""position"":0,""characters"":[""A"",""C"",""D"",""M"",""S"",""Y""]},{""position"":1,""characters"":[""A"",""D"",""E"",""G"",""I"",""L"",""N"",""O"",""P"",""R"",""S"",""T"",""U""]},{""position"":2,""characters"":[""A"",""C"",""D"",""E"",""F"",""G"",""H"",""M"",""N"",""O"",""P"",""R"",""S"",""T"",""W"",""X""]},{""position"":3,""characters"":[""A"",""B"",""C"",""E"",""F"",""G"",""H"",""I"",""K"",""L"",""N"",""O"",""R"",""S"",""T"",""U""]},{""position"":4,""characters"":[""L""]},{""position"":5,""characters"":[""C"",""D"",""E"",""H"",""I"",""O"",""P"",""S""]},{""position"":6,""characters"":[""N"",""T""]}]","true","false","A_TRUE_GAP","0","0","0","0","0","0","[]","[]","","false","false"
"13","ar_to_en","1","79","5","11","down","6","?????N","[{""position"":0,""characters"":[""B"",""C"",""D"",""E"",""F"",""G"",""H"",""J"",""K"",""L"",""M"",""N"",""O"",""P"",""R"",""S"",""T"",""W"",""Y""]},{""position"":1,""characters"":[""A"",""O"",""R"",""U""]},{""position"":2,""characters"":[""C"",""K"",""L"",""N""]},{""position"":3,""characters"":[""A"",""E"",""F"",""I"",""O"",""U""]},{""position"":4,""characters"":[""A"",""C"",""D"",""E"",""F"",""G"",""H"",""L"",""M"",""N"",""O"",""P"",""R"",""S"",""T"",""U"",""V"",""W""]},{""position"":5,""characters"":[""N""]}]","true","false","A_TRUE_GAP","0","0","0","0","0","0","[]","[]","","false","false"
"13","ar_to_en","1","79","2","0","across","13","??I?A????CR?C","[{""position"":0,""characters"":[""N"",""S""]},{""position"":1,""characters"":[""E"",""O""]},{""position"":2,""characters"":[""I""]},{""position"":3,""characters"":[""N"",""T""]},{""position"":4,""characters"":[""A""]},{""position"":5,""characters"":[""C"",""T""]},{""position"":6,""characters"":[""I"",""S""]},{""position"":7,""characters"":[""F"",""M""]},{""position"":8,""characters"":[""I"",""U""]},{""position"":9,""characters"":[""C""]},{""position"":10,""characters"":[""R""]},{""position"":11,""characters"":[""E"",""I""]},{""position"":12,""characters"":[""C""]}]","true","false","A_TRUE_GAP","0","0","0","0","0","0","[]","[]","","false","false"
"13","ar_to_en","1","79","1","9","across","4","?N?Y","[{""position"":0,""characters"":[""D"",""S"",""T"",""U""]},{""position"":1,""characters"":[""N""]},{""position"":2,""characters"":[""C"",""E"",""U""]},{""position"":3,""characters"":[""Y""]}]","true","false","A_TRUE_GAP","0","0","0","0","0","0","[]","[]","","false","false"
"13","ar_to_en","1","79","4","7","down","7","??????N","[{""position"":0,""characters"":[""E"",""G"",""H"",""K"",""S"",""T""]},{""position"":1,""characters"":[""A"",""C"",""D"",""E"",""G"",""H"",""I"",""L"",""N"",""O"",""P"",""R"",""S"",""T"",""U"",""V""]},{""position"":2,""characters"":[""A"",""B"",""C"",""D"",""E"",""F"",""G"",""H"",""I"",""K"",""L"",""N"",""O"",""P"",""R"",""S"",""T"",""U"",""W""]},{""position"":3,""characters"":[""A"",""B"",""C"",""D"",""E"",""F"",""G"",""H"",""I"",""K"",""L"",""M"",""N"",""O"",""P"",""R"",""S"",""T"",""U"",""W"",""Z""]},{""position"":4,""characters"":[""A"",""D"",""F"",""H"",""I"",""S"",""T"",""U""]},{""position"":5,""characters"":[""L"",""R""]},{""position"":6,""characters"":[""N""]}]","true","false","A_TRUE_GAP","0","0","0","0","0","0","[]","[]","","false","false"
"13","ar_to_en","1","79","0","9","down","6","??????","[{""position"":0,""characters"":[""A"",""D"",""O"",""S""]},{""position"":1,""characters"":[""A"",""C"",""D"",""E"",""F"",""G"",""H"",""K"",""L"",""M"",""N"",""P"",""R"",""S"",""T"",""V"",""W"",""Y""]},{""position"":2,""characters"":[""I"",""M""]},{""position"":3,""characters"":[""B"",""C"",""D"",""E"",""G"",""H"",""I"",""K"",""L"",""M"",""N"",""O"",""P"",""R"",""S"",""T"",""U"",""V"",""W""]},{""position"":4,""characters"":[""A"",""E"",""G"",""I"",""O"",""R"",""U"",""W""]},{""position"":5,""characters"":[""A"",""E"",""K"",""U""]}]","true","false","A_TRUE_GAP","0","0","0","0","0","0","[]","[]","","false","false"
"13","ar_to_en","1","79","8","7","across","6","???N??","[{""position"":0,""characters"":[""A"",""C"",""E"",""H"",""L"",""M"",""O"",""R"",""S"",""T""]},{""position"":1,""characters"":[""A"",""E"",""G"",""H"",""I"",""L"",""O"",""R"",""S"",""T"",""U"",""V""]},{""position"":2,""characters"":[""A"",""G"",""N"",""R"",""T""]},{""position"":3,""characters"":[""N""]},{""position"":4,""characters"":[""T"",""U""]},{""position"":5,""characters"":[""A"",""D"",""E"",""I"",""L"",""O"",""R"",""S"",""T""]}]","true","false","A_TRUE_GAP","0","0","0","0","0","0","[]","[]","","false","false"
"13","ar_to_en","1","79","0","9","down","6","??R???","[{""position"":0,""characters"":[""B"",""C"",""D"",""F"",""G"",""H"",""J"",""L"",""N"",""O"",""P"",""R"",""S"",""T"",""U"",""W"",""Y""]},{""position"":1,""characters"":[""E"",""O"",""S"",""T"",""Y""]},{""position"":2,""characters"":[""R""]},{""position"":3,""characters"":[""B"",""C"",""D"",""E"",""G"",""H"",""I"",""K"",""L"",""M"",""N"",""O"",""P"",""R"",""S"",""T"",""U"",""V"",""W""]},{""position"":4,""characters"":[""A"",""E"",""I"",""O"",""U""]},{""position"":5,""characters"":[""A"",""E""]}]","true","false","A_TRUE_GAP","0","0","0","0","0","0","[]","[]","","false","false"
"13","ar_to_en","1","79","3","2","across","4","I???","[{""position"":0,""characters"":[""I""]},{""position"":1,""characters"":[""A"",""E"",""F"",""I"",""L"",""O"",""U""]},{""position"":2,""characters"":[""A"",""C"",""D"",""E"",""F"",""G"",""K"",""L"",""M"",""N"",""P"",""R"",""S"",""T"",""U"",""V"",""Y"",""Z""]},{""position"":3,""characters"":[""C"",""E"",""H"",""K"",""O"",""S"",""T"",""U"",""Y""]}]","true","false","A_TRUE_GAP","0","0","0","0","0","0","[]","[]","","false","false"
"13","ar_to_en","1","80","5","11","down","6","??????","[{""position"":0,""characters"":[""A"",""D"",""E"",""I"",""K"",""N"",""O"",""T""]},{""position"":1,""characters"":[""C"",""K"",""L"",""N""]},{""position"":2,""characters"":[""A"",""O"",""R"",""U""]},{""position"":3,""characters"":[""C"",""E"",""G"",""H"",""I"",""L"",""M"",""N"",""O"",""R"",""S"",""T"",""W"",""Y""]},{""position"":4,""characters"":[""A"",""C"",""E"",""H"",""I"",""L"",""N"",""O"",""P"",""R"",""S"",""T"",""U"",""X""]},{""position"":5,""characters"":[""E"",""N"",""O"",""V""]}]","true","false","A_TRUE_GAP","0","0","0","0","0","0","[]","[]","","false","false"
"13","ar_to_en","1","80","0","11","down","4","??O?","[{""position"":0,""characters"":[""C"",""D"",""F"",""N"",""P"",""R"",""S"",""T"",""W""]},{""position"":1,""characters"":[""D"",""I""]},{""position"":2,""characters"":[""O""]},{""position"":3,""characters"":[""L"",""N"",""R""]}]","true","false","A_TRUE_GAP","0","0","0","0","0","0","[]","[]","","false","false"
"13","ar_to_en","1","80","5","11","down","6","??????","[{""position"":0,""characters"":[""A"",""E""]},{""position"":1,""characters"":[""A"",""D"",""E"",""H"",""I"",""K"",""O"",""P"",""U""]},{""position"":2,""characters"":[""C"",""K"",""L"",""N""]},{""position"":3,""characters"":[""A"",""C"",""D"",""E"",""G"",""I"",""K"",""N"",""O"",""T"",""U"",""W""]},{""position"":4,""characters"":[""A"",""C"",""D"",""E"",""F"",""G"",""H"",""L"",""M"",""N"",""O"",""P"",""R"",""S"",""T"",""U"",""V"",""W""]},{""position"":5,""characters"":[""E"",""O""]}]","true","false","A_TRUE_GAP","0","0","0","0","0","0","[]","[]","","false","false"
"13","ar_to_en","1","80","7","10","across","3","T??","[{""position"":0,""characters"":[""T""]},{""position"":1,""characters"":[""C"",""N"",""U""]},{""position"":2,""characters"":[""E"",""G"",""N"",""O"",""S"",""X""]}]","true","false","A_TRUE_GAP","0","0","0","0","0","0","[]","[]","","false","false"
"13","ar_to_en","1","80","4","7","down","7","????L??","[{""position"":0,""characters"":[""A"",""C"",""D"",""M"",""S"",""Y""]},{""position"":1,""characters"":[""A"",""D"",""E"",""G"",""I"",""L"",""N"",""O"",""P"",""R"",""S"",""T"",""U""]},{""position"":2,""characters"":[""A"",""C"",""D"",""E"",""F"",""G"",""H"",""M"",""N"",""O"",""P"",""R"",""S"",""T"",""W"",""X""]},{""position"":3,""characters"":[""A"",""B"",""C"",""E"",""F"",""G"",""H"",""I"",""K"",""L"",""N"",""O"",""R"",""S"",""T"",""U""]},{""position"":4,""characters"":[""L""]},{""position"":5,""characters"":[""C"",""D"",""E"",""H"",""I"",""O"",""P"",""S""]},{""position"":6,""characters"":[""N"",""T""]}]","true","false","A_TRUE_GAP","0","0","0","0","0","0","[]","[]","","false","false"
"13","ar_to_en","1","80","5","11","down","6","?????N","[{""position"":0,""characters"":[""B"",""C"",""D"",""E"",""F"",""G"",""H"",""J"",""K"",""L"",""M"",""N"",""O"",""P"",""R"",""S"",""T"",""W"",""Y""]},{""position"":1,""characters"":[""A"",""O"",""R"",""U""]},{""position"":2,""characters"":[""C"",""K"",""L"",""N""]},{""position"":3,""characters"":[""A"",""E"",""F"",""I"",""O"",""U""]},{""position"":4,""characters"":[""A"",""C"",""D"",""E"",""F"",""G"",""H"",""L"",""M"",""N"",""O"",""P"",""R"",""S"",""T"",""U"",""V"",""W""]},{""position"":5,""characters"":[""N""]}]","true","false","A_TRUE_GAP","0","0","0","0","0","0","[]","[]","","false","false"
"13","ar_to_en","1","80","2","0","across","13","??I?A????CR?C","[{""position"":0,""characters"":[""N"",""S""]},{""position"":1,""characters"":[""E"",""O""]},{""position"":2,""characters"":[""I""]},{""position"":3,""characters"":[""N"",""T""]},{""position"":4,""characters"":[""A""]},{""position"":5,""characters"":[""C"",""T""]},{""position"":6,""characters"":[""I"",""S""]},{""position"":7,""characters"":[""F"",""M""]},{""position"":8,""characters"":[""I"",""U""]},{""position"":9,""characters"":[""C""]},{""position"":10,""characters"":[""R""]},{""position"":11,""characters"":[""E"",""I""]},{""position"":12,""characters"":[""C""]}]","true","false","A_TRUE_GAP","0","0","0","0","0","0","[]","[]","","false","false"
"13","ar_to_en","1","80","1","9","across","4","?N?Y","[{""position"":0,""characters"":[""D"",""S"",""T"",""U""]},{""position"":1,""characters"":[""N""]},{""position"":2,""characters"":[""C"",""E"",""U""]},{""position"":3,""characters"":[""Y""]}]","true","false","A_TRUE_GAP","0","0","0","0","0","0","[]","[]","","false","false"
"13","ar_to_en","1","80","4","7","down","7","??????N","[{""position"":0,""characters"":[""E"",""G"",""H"",""K"",""S"",""T""]},{""position"":1,""characters"":[""A"",""C"",""D"",""E"",""G"",""H"",""I"",""L"",""N"",""O"",""P"",""R"",""S"",""T"",""U"",""V""]},{""position"":2,""characters"":[""A"",""B"",""C"",""D"",""E"",""F"",""G"",""H"",""I"",""K"",""L"",""N"",""O"",""P"",""R"",""S"",""T"",""U"",""W""]},{""position"":3,""characters"":[""A"",""B"",""C"",""D"",""E"",""F"",""G"",""H"",""I"",""K"",""L"",""M"",""N"",""O"",""P"",""R"",""S"",""T"",""U"",""W"",""Z""]},{""position"":4,""characters"":[""A"",""D"",""F"",""H"",""I"",""S"",""T"",""U""]},{""position"":5,""characters"":[""L"",""R""]},{""position"":6,""characters"":[""N""]}]","true","false","A_TRUE_GAP","0","0","0","0","0","0","[]","[]","","false","false"
"13","ar_to_en","1","80","0","9","down","6","??????","[{""position"":0,""characters"":[""A"",""D"",""O"",""S""]},{""position"":1,""characters"":[""A"",""C"",""D"",""E"",""F"",""G"",""H"",""K"",""L"",""M"",""N"",""P"",""R"",""S"",""T"",""V"",""W"",""Y""]},{""position"":2,""characters"":[""I"",""M""]},{""position"":3,""characters"":[""B"",""C"",""D"",""E"",""G"",""H"",""I"",""K"",""L"",""M"",""N"",""O"",""P"",""R"",""S"",""T"",""U"",""V"",""W""]},{""position"":4,""characters"":[""A"",""E"",""G"",""I"",""O"",""R"",""U"",""W""]},{""position"":5,""characters"":[""A"",""E"",""K"",""U""]}]","true","false","A_TRUE_GAP","0","0","0","0","0","0","[]","[]","","false","false"
"13","ar_to_en","1","81","10","0","across","13","??I???????I??","[{""position"":0,""characters"":[""A"",""C"",""D"",""E"",""G"",""I"",""L"",""M"",""N"",""O"",""P"",""R"",""S"",""T"",""U"",""Y""]},{""position"":1,""characters"":[""A"",""C"",""D"",""E"",""I"",""L"",""N"",""O"",""P"",""R"",""T"",""U"",""V""]},{""position"":2,""characters"":[""I""]},{""position"":3,""characters"":[""A"",""C"",""D"",""E"",""F"",""I"",""M"",""N"",""O"",""R"",""S"",""T"",""U""]},{""position"":4,""characters"":[""A"",""C"",""E"",""F"",""I"",""M"",""N"",""O"",""R"",""T"",""U""]},{""position"":5,""characters"":[""A"",""C"",""D"",""E"",""F"",""G"",""I"",""L"",""M"",""N"",""O"",""P"",""R"",""S"",""T"",""U"",""X""]},{""position"":6,""characters"":[""A"",""B"",""C"",""H"",""I"",""L"",""N"",""O"",""S"",""T"",""U""]},{""position"":7,""characters"":[""A"",""C"",""D"",""E"",""F"",""G"",""I"",""L"",""M"",""N"",""O"",""P"",""R"",""S"",""T"",""U"",""X""]},{""position"":8,""characters"":[""A"",""C"",""E"",""F"",""I"",""M"",""N"",""O"",""R"",""T"",""U""]},{""position"":9,""characters"":[""A"",""C"",""D"",""E"",""F"",""I"",""M"",""N"",""O"",""P"",""R"",""S"",""T"",""U""]},{""position"":10,""characters"":[""I""]},{""position"":11,""characters"":[""A"",""C"",""D"",""E"",""I"",""L"",""N"",""O"",""P"",""R"",""T"",""U""]},{""position"":12,""characters"":[""A"",""C"",""D"",""E"",""G"",""I"",""L"",""M"",""N"",""O"",""P"",""R"",""S"",""T"",""U"",""Y""]}]","true","false","A_TRUE_GAP","0","0","0","0","0","0","[]","[]","","false","false"
"13","ar_to_en","1","81","0","2","down","13","??G??????????","[{""position"":0,""characters"":[""A"",""C"",""D"",""E"",""G"",""I"",""L"",""M"",""N"",""O"",""P"",""R"",""S"",""T"",""U"",""Y""]},{""position"":1,""characters"":[""A"",""C"",""D"",""E"",""I"",""L"",""N"",""O"",""P"",""R"",""T"",""U"",""V""]},{""position"":2,""characters"":[""G""]},{""position"":3,""characters"":[""A"",""C"",""D"",""E"",""F"",""I"",""M"",""N"",""O"",""R"",""S"",""T"",""U""]},{""position"":4,""characters"":[""A"",""C"",""E"",""F"",""I"",""M"",""N"",""O"",""R"",""T"",""U""]},{""position"":5,""characters"":[""A"",""C"",""D"",""E"",""F"",""G"",""I"",""L"",""M"",""N"",""O"",""P"",""R"",""S"",""T"",""U"",""X""]},{""position"":6,""characters"":[""A"",""B"",""C"",""H"",""I"",""L"",""N"",""O"",""S"",""T"",""U""]},{""position"":7,""characters"":[""A"",""C"",""D"",""E"",""F"",""G"",""I"",""L"",""M"",""N"",""O"",""P"",""R"",""S"",""T"",""U""]},{""position"":8,""characters"":[""A"",""C"",""E"",""F"",""I"",""M"",""N"",""O"",""R"",""T"",""U""]},{""position"":9,""characters"":[""A"",""C"",""D"",""E"",""F"",""I"",""M"",""N"",""O"",""P"",""R"",""S"",""T"",""U""]},{""position"":10,""characters"":[""A"",""C"",""D"",""E"",""I"",""L"",""M"",""N"",""O"",""P"",""R"",""S"",""T"",""V""]},{""position"":11,""characters"":[""A"",""C"",""D"",""E"",""I"",""L"",""N"",""O"",""P"",""R"",""T"",""U""]},{""position"":12,""characters"":[""A"",""C"",""D"",""E"",""G"",""I"",""L"",""M"",""N"",""O"",""P"",""R"",""S"",""T"",""U"",""Y""]}]","true","false","B_USED_EXHAUSTION","1","1","1","0","0","0","[""ORGANISATIONS""]","[]","100","false","false"
"13","ar_to_en","1","81","0","10","down","13","??G??????????","[{""position"":0,""characters"":[""A"",""C"",""D"",""E"",""G"",""I"",""L"",""N"",""O"",""P"",""R"",""S"",""T"",""U"",""Y""]},{""position"":1,""characters"":[""A"",""C"",""D"",""E"",""I"",""L"",""N"",""O"",""P"",""R"",""T"",""U"",""V""]},{""position"":2,""characters"":[""G""]},{""position"":3,""characters"":[""A"",""C"",""D"",""E"",""F"",""I"",""M"",""N"",""O"",""R"",""S"",""T"",""U""]},{""position"":4,""characters"":[""A"",""E"",""F"",""I"",""M"",""N"",""O"",""R"",""T"",""U""]},{""position"":5,""characters"":[""A"",""C"",""D"",""E"",""F"",""G"",""I"",""M"",""N"",""O"",""P"",""R"",""S"",""T"",""U""]},{""position"":6,""characters"":[""A"",""B"",""C"",""H"",""I"",""L"",""N"",""O"",""S"",""T"",""U""]},{""position"":7,""characters"":[""A"",""C"",""D"",""E"",""F"",""G"",""I"",""L"",""M"",""N"",""O"",""P"",""R"",""S"",""T"",""U"",""X""]},{""position"":8,""characters"":[""A"",""C"",""E"",""F"",""I"",""M"",""N"",""O"",""R"",""T"",""U""]},{""position"":9,""characters"":[""A"",""C"",""D"",""E"",""F"",""I"",""M"",""N"",""O"",""P"",""R"",""S"",""T"",""U""]},{""position"":10,""characters"":[""A"",""C"",""D"",""E"",""I"",""L"",""M"",""N"",""O"",""P"",""R"",""S"",""T"",""V""]},{""position"":11,""characters"":[""A"",""C"",""D"",""E"",""I"",""L"",""N"",""O"",""P"",""R"",""T""]},{""position"":12,""characters"":[""A"",""C"",""D"",""E"",""G"",""I"",""L"",""M"",""N"",""O"",""P"",""R"",""S"",""T"",""U"",""Y""]}]","true","false","B_USED_EXHAUSTION","1","1","1","0","0","0","[""ORGANISATIONS""]","[]","100","false","false"
"13","ar_to_en","1","81","0","10","down","13","??D??????????","[{""position"":0,""characters"":[""A"",""C"",""D"",""E"",""G"",""I"",""L"",""N"",""O"",""P"",""R"",""S"",""T"",""U"",""Y""]},{""position"":1,""characters"":[""A"",""C"",""D"",""E"",""I"",""L"",""N"",""O"",""P"",""R"",""T"",""U"",""V""]},{""position"":2,""characters"":[""D""]},{""position"":3,""characters"":[""A"",""C"",""D"",""E"",""F"",""I"",""M"",""N"",""O"",""R"",""S"",""T"",""U""]},{""position"":4,""characters"":[""A"",""E"",""F"",""I"",""M"",""N"",""O"",""R"",""T"",""U""]},{""position"":5,""characters"":[""A"",""C"",""D"",""E"",""F"",""G"",""I"",""M"",""N"",""O"",""P"",""R"",""S"",""T"",""U""]},{""position"":6,""characters"":[""A"",""B"",""C"",""H"",""I"",""L"",""N"",""O"",""S"",""T"",""U""]},{""position"":7,""characters"":[""A"",""C"",""D"",""E"",""F"",""G"",""I"",""L"",""M"",""N"",""O"",""P"",""R"",""S"",""T"",""U"",""X""]},{""position"":8,""characters"":[""A"",""C"",""E"",""F"",""I"",""M"",""N"",""O"",""R"",""T"",""U""]},{""position"":9,""characters"":[""A"",""C"",""D"",""E"",""F"",""I"",""M"",""N"",""O"",""P"",""R"",""S"",""T"",""U""]},{""position"":10,""characters"":[""A"",""C"",""D"",""E"",""G"",""I"",""L"",""M"",""N"",""O"",""P"",""R"",""S"",""T"",""V""]},{""position"":11,""characters"":[""A"",""C"",""D"",""E"",""I"",""L"",""N"",""O"",""P"",""R"",""T""]},{""position"":12,""characters"":[""A"",""C"",""D"",""E"",""G"",""I"",""L"",""M"",""N"",""O"",""P"",""R"",""S"",""T"",""U"",""Y""]}]","true","false","B_USED_EXHAUSTION","1","1","1","0","0","0","[""UNDERSTANDING""]","[]","100","false","false"
"13","ar_to_en","1","81","1","0","across","8","????????","[{""position"":0,""characters"":[""A"",""O"",""R""]},{""position"":1,""characters"":[""A"",""D"",""G"",""H"",""I"",""L"",""N"",""O"",""U""]},{""position"":2,""characters"":[""A"",""N"",""O"",""T""]},{""position"":3,""characters"":[""A"",""E""]},{""position"":4,""characters"":[""A"",""C"",""E"",""M"",""T"",""Y""]},{""position"":5,""characters"":[""C"",""L"",""N""]},{""position"":6,""characters"":[""A"",""E"",""I"",""O"",""U"",""Y""]},{""position"":7,""characters"":[""D"",""E"",""L"",""O"",""Q"",""R""]}]","true","false","A_TRUE_GAP","0","0","0","0","0","0","[]","[]","","false","false"
"13","ar_to_en","1","81","1","0","across","8","????????","[{""position"":0,""characters"":[""A"",""D"",""E"",""H"",""I"",""K"",""O"",""P""]},{""position"":1,""characters"":[""A"",""E"",""I"",""N"",""O"",""U""]},{""position"":2,""characters"":[""N"",""R"",""U""]},{""position"":3,""characters"":[""A"",""B"",""D"",""E"",""F"",""G"",""H"",""K"",""L"",""M"",""N"",""O"",""P"",""R"",""S"",""T"",""W""]},{""position"":4,""characters"":[""A"",""E""]},{""position"":5,""characters"":[""O"",""S""]},{""position"":6,""characters"":[""A"",""E"",""I"",""O"",""U"",""Y""]},{""position"":7,""characters"":[""A"",""B"",""D"",""E"",""N"",""O"",""S"",""T"",""V""]}]","true","false","A_TRUE_GAP","0","0","0","0","0","0","[]","[]","","false","false"
"13","ar_to_en","1","81","1","0","across","8","????O???","[{""position"":0,""characters"":[""A"",""E"",""I"",""R""]},{""position"":1,""characters"":[""C"",""D"",""E"",""G"",""I"",""L"",""N"",""P"",""R"",""S"",""T"",""Y""]},{""position"":2,""characters"":[""A"",""N"",""O"",""T""]},{""position"":3,""characters"":[""B"",""C"",""D"",""E"",""F"",""G"",""M"",""N"",""O"",""P"",""R"",""S"",""T""]},{""position"":4,""characters"":[""O""]},{""position"":5,""characters"":[""C"",""D"",""E"",""G"",""I"",""L"",""N"",""P"",""R"",""S"",""T"",""Y""]},{""position"":6,""characters"":[""A"",""O"",""R"",""U""]},{""position"":7,""characters"":[""A"",""E"",""F"",""I"",""L"",""N"",""O"",""S"",""T""]}]","true","false","A_TRUE_GAP","0","0","0","0","0","0","[]","[]","","false","false"
"13","ar_to_en","1","81","1","0","across","8","????????","[{""position"":0,""characters"":[""A"",""D"",""E"",""H"",""I"",""K"",""O"",""P""]},{""position"":1,""characters"":[""A"",""E"",""I"",""N"",""O"",""U""]},{""position"":2,""characters"":[""N"",""R"",""U""]},{""position"":3,""characters"":[""A"",""B"",""D"",""E"",""F"",""G"",""H"",""K"",""L"",""M"",""N"",""O"",""P"",""R"",""S"",""T"",""W""]},{""position"":4,""characters"":[""A"",""E""]},{""position"":5,""characters"":[""C"",""D"",""E"",""G"",""I"",""L"",""N"",""P"",""R"",""S"",""T"",""Y""]},{""position"":6,""characters"":[""A"",""O"",""R"",""U""]},{""position"":7,""characters"":[""A"",""B"",""D"",""E"",""N"",""O"",""S"",""T"",""V""]}]","true","false","A_TRUE_GAP","0","0","0","0","0","0","[]","[]","","false","false"
"13","ar_to_en","1","81","1","0","across","8","????????","[{""position"":0,""characters"":[""A"",""E"",""I"",""O"",""P""]},{""position"":1,""characters"":[""C"",""D"",""E"",""G"",""I"",""L"",""N"",""P"",""R"",""S"",""T"",""Y""]},{""position"":2,""characters"":[""E"",""I""]},{""position"":3,""characters"":[""A"",""E""]},{""position"":4,""characters"":[""A"",""B"",""D"",""E"",""G"",""H"",""K"",""L"",""M"",""N"",""O"",""P"",""R"",""S"",""T"",""W""]},{""position"":5,""characters"":[""A"",""O"",""R"",""U""]},{""position"":6,""characters"":[""C"",""K"",""L"",""N""]},{""position"":7,""characters"":[""E"",""H"",""M"",""O"",""P"",""Y""]}]","true","false","A_TRUE_GAP","0","0","0","0","0","0","[]","[]","","false","false"
"13","ar_to_en","1","81","1","0","across","8","????????","[{""position"":0,""characters"":[""A"",""E"",""I"",""L"",""O""]},{""position"":1,""characters"":[""C"",""D"",""E"",""G"",""I"",""L"",""N"",""P"",""R"",""S"",""T"",""Y""]},{""position"":2,""characters"":[""E"",""N"",""O"",""U""]},{""position"":3,""characters"":[""A"",""D"",""E"",""I"",""K"",""N"",""O"",""T""]},{""position"":4,""characters"":[""A"",""B"",""D"",""E"",""G"",""H"",""J"",""K"",""L"",""M"",""N"",""P"",""R"",""S"",""T"",""W"",""Y""]},{""position"":5,""characters"":[""A"",""E"",""I"",""R"",""U""]},{""position"":6,""characters"":[""A"",""E"",""I"",""N"",""O"",""U""]},{""position"":7,""characters"":[""H"",""I"",""N"",""O"",""P"",""R"",""V""]}]","true","false","A_TRUE_GAP","0","0","0","0","0","0","[]","[]","","false","false"
"13","ar_to_en","1","81","0","10","down","13","??P??????????","[{""position"":0,""characters"":[""A"",""C"",""D"",""E"",""G"",""I"",""L"",""N"",""O"",""P"",""R"",""S"",""T"",""U"",""Y""]},{""position"":1,""characters"":[""A"",""C"",""D"",""E"",""I"",""L"",""N"",""O"",""P"",""R"",""T"",""U"",""V""]},{""position"":2,""characters"":[""P""]},{""position"":3,""characters"":[""A"",""C"",""D"",""E"",""F"",""I"",""M"",""N"",""O"",""R"",""S"",""T"",""U""]},{""position"":4,""characters"":[""A"",""E"",""F"",""I"",""M"",""N"",""O"",""R"",""T"",""U""]},{""position"":5,""characters"":[""A"",""C"",""D"",""E"",""F"",""G"",""I"",""M"",""N"",""O"",""P"",""R"",""S"",""T"",""U""]},{""position"":6,""characters"":[""A"",""B"",""C"",""H"",""I"",""L"",""N"",""O"",""S"",""T"",""U""]},{""position"":7,""characters"":[""A"",""C"",""D"",""E"",""F"",""G"",""I"",""L"",""M"",""N"",""O"",""P"",""R"",""S"",""T"",""U"",""X""]},{""position"":8,""characters"":[""A"",""C"",""E"",""F"",""I"",""M"",""N"",""O"",""R"",""T"",""U""]},{""position"":9,""characters"":[""A"",""C"",""D"",""E"",""F"",""I"",""M"",""N"",""O"",""P"",""R"",""S"",""T"",""U""]},{""position"":10,""characters"":[""A"",""C"",""D"",""E"",""G"",""I"",""L"",""M"",""N"",""O"",""P"",""R"",""S"",""T"",""V""]},{""position"":11,""characters"":[""A"",""C"",""D"",""E"",""I"",""L"",""N"",""O"",""P"",""R"",""T""]},{""position"":12,""characters"":[""A"",""C"",""D"",""E"",""G"",""I"",""L"",""M"",""N"",""O"",""P"",""R"",""S"",""T"",""U"",""Y""]}]","true","false","B_USED_EXHAUSTION","1","1","1","0","0","0","[""OPPORTUNITIES""]","[]","100","false","false"
"13","ar_to_en","1","81","1","0","across","8","????O???","[{""position"":0,""characters"":[""A"",""E"",""I"",""R""]},{""position"":1,""characters"":[""C"",""D"",""E"",""G"",""I"",""L"",""N"",""P"",""R"",""S"",""T"",""Y""]},{""position"":2,""characters"":[""A"",""N"",""O"",""T""]},{""position"":3,""characters"":[""B"",""C"",""D"",""E"",""F"",""G"",""M"",""N"",""O"",""P"",""R"",""S"",""T""]},{""position"":4,""characters"":[""O""]},{""position"":5,""characters"":[""C"",""D"",""E"",""G"",""I"",""L"",""N"",""P"",""R"",""S"",""T"",""Y""]},{""position"":6,""characters"":[""A"",""O"",""R"",""U""]},{""position"":7,""characters"":[""A"",""E"",""F"",""I"",""L"",""N"",""O"",""S"",""T""]}]","true","false","A_TRUE_GAP","0","0","0","0","0","0","[]","[]","","false","false"
"13","ar_to_en","1","81","0","2","down","13","??L??????????","[{""position"":0,""characters"":[""A"",""C"",""D"",""E"",""G"",""I"",""L"",""M"",""N"",""O"",""P"",""R"",""S"",""T"",""U"",""Y""]},{""position"":1,""characters"":[""A"",""C"",""D"",""E"",""I"",""L"",""N"",""O"",""P"",""R"",""T"",""U"",""V""]},{""position"":2,""characters"":[""L""]},{""position"":3,""characters"":[""A"",""C"",""D"",""E"",""F"",""I"",""M"",""N"",""O"",""R"",""S"",""T"",""U""]},{""position"":4,""characters"":[""A"",""C"",""E"",""F"",""I"",""M"",""N"",""O"",""R"",""T"",""U""]},{""position"":5,""characters"":[""A"",""C"",""D"",""E"",""F"",""G"",""I"",""L"",""M"",""N"",""O"",""P"",""R"",""S"",""T"",""U"",""X""]},{""position"":6,""characters"":[""A"",""B"",""C"",""H"",""I"",""L"",""N"",""O"",""S"",""T"",""U""]},{""position"":7,""characters"":[""A"",""C"",""D"",""E"",""F"",""G"",""I"",""L"",""M"",""N"",""O"",""P"",""R"",""S"",""T"",""U""]},{""position"":8,""characters"":[""A"",""C"",""E"",""F"",""I"",""M"",""N"",""O"",""R"",""T"",""U""]},{""position"":9,""characters"":[""A"",""C"",""D"",""E"",""F"",""I"",""M"",""N"",""O"",""P"",""R"",""S"",""T"",""U""]},{""position"":10,""characters"":[""A"",""C"",""D"",""E"",""G"",""I"",""M"",""N"",""O"",""P"",""R"",""S"",""T"",""V""]},{""position"":11,""characters"":[""A"",""C"",""D"",""E"",""I"",""L"",""N"",""O"",""P"",""R"",""T"",""U""]},{""position"":12,""characters"":[""A"",""C"",""D"",""E"",""G"",""I"",""L"",""M"",""N"",""O"",""P"",""R"",""S"",""T"",""U"",""Y""]}]","true","false","B_USED_EXHAUSTION","1","1","1","0","0","0","[""AUTOMATICALLY""]","[]","100","false","false"
"13","ar_to_en","1","82","0","10","down","13","??D??????????","[{""position"":0,""characters"":[""A"",""C"",""D"",""E"",""G"",""I"",""L"",""N"",""O"",""P"",""R"",""S"",""T"",""U"",""Y""]},{""position"":1,""characters"":[""A"",""C"",""D"",""E"",""I"",""L"",""N"",""O"",""P"",""R"",""T"",""U"",""V""]},{""position"":2,""characters"":[""D""]},{""position"":3,""characters"":[""A"",""C"",""D"",""E"",""F"",""I"",""M"",""N"",""O"",""R"",""S"",""T"",""U""]},{""position"":4,""characters"":[""A"",""E"",""F"",""I"",""M"",""N"",""O"",""R"",""T"",""U""]},{""position"":5,""characters"":[""A"",""C"",""D"",""E"",""F"",""G"",""I"",""M"",""N"",""O"",""P"",""R"",""S"",""T"",""U""]},{""position"":6,""characters"":[""A"",""B"",""C"",""H"",""I"",""L"",""N"",""O"",""S"",""T"",""U""]},{""position"":7,""characters"":[""A"",""C"",""D"",""E"",""F"",""G"",""I"",""L"",""M"",""N"",""O"",""P"",""R"",""S"",""T"",""U"",""X""]},{""position"":8,""characters"":[""A"",""C"",""E"",""F"",""I"",""M"",""N"",""O"",""R"",""T"",""U""]},{""position"":9,""characters"":[""A"",""C"",""D"",""E"",""F"",""I"",""M"",""N"",""O"",""P"",""R"",""S"",""T"",""U""]},{""position"":10,""characters"":[""A"",""C"",""D"",""E"",""G"",""I"",""L"",""M"",""N"",""O"",""P"",""R"",""S"",""T"",""V""]},{""position"":11,""characters"":[""A"",""C"",""D"",""E"",""I"",""L"",""N"",""O"",""P"",""R"",""T""]},{""position"":12,""characters"":[""A"",""C"",""D"",""E"",""G"",""I"",""L"",""M"",""N"",""O"",""P"",""R"",""S"",""T"",""U"",""Y""]}]","true","false","B_USED_EXHAUSTION","1","1","1","0","0","0","[""UNDERSTANDING""]","[]","100","false","false"
"13","ar_to_en","1","82","1","0","across","8","????????","[{""position"":0,""characters"":[""A"",""O"",""R""]},{""position"":1,""characters"":[""A"",""D"",""G"",""H"",""I"",""L"",""N"",""O"",""U""]},{""position"":2,""characters"":[""A"",""N"",""O"",""T""]},{""position"":3,""characters"":[""A"",""E""]},{""position"":4,""characters"":[""A"",""C"",""E"",""M"",""T"",""Y""]},{""position"":5,""characters"":[""C"",""L"",""N""]},{""position"":6,""characters"":[""A"",""E"",""I"",""O"",""U"",""Y""]},{""position"":7,""characters"":[""D"",""E"",""L"",""O"",""Q"",""R""]}]","true","false","A_TRUE_GAP","0","0","0","0","0","0","[]","[]","","false","false"
"13","ar_to_en","1","82","1","0","across","8","????????","[{""position"":0,""characters"":[""A"",""D"",""E"",""H"",""I"",""K"",""O"",""P""]},{""position"":1,""characters"":[""A"",""E"",""I"",""N"",""O"",""U""]},{""position"":2,""characters"":[""N"",""R"",""U""]},{""position"":3,""characters"":[""A"",""B"",""D"",""E"",""F"",""G"",""H"",""K"",""L"",""M"",""N"",""O"",""P"",""R"",""S"",""T"",""W""]},{""position"":4,""characters"":[""A"",""E""]},{""position"":5,""characters"":[""O"",""S""]},{""position"":6,""characters"":[""A"",""E"",""I"",""O"",""U"",""Y""]},{""position"":7,""characters"":[""A"",""B"",""D"",""E"",""N"",""O"",""S"",""T"",""V""]}]","true","false","A_TRUE_GAP","0","0","0","0","0","0","[]","[]","","false","false"
"13","ar_to_en","1","82","1","0","across","8","????O???","[{""position"":0,""characters"":[""A"",""E"",""I"",""R""]},{""position"":1,""characters"":[""C"",""D"",""E"",""G"",""I"",""L"",""N"",""P"",""R"",""S"",""T"",""Y""]},{""position"":2,""characters"":[""A"",""N"",""O"",""T""]},{""position"":3,""characters"":[""B"",""C"",""D"",""E"",""F"",""G"",""M"",""N"",""O"",""P"",""R"",""S"",""T""]},{""position"":4,""characters"":[""O""]},{""position"":5,""characters"":[""C"",""D"",""E"",""G"",""I"",""L"",""N"",""P"",""R"",""S"",""T"",""Y""]},{""position"":6,""characters"":[""A"",""O"",""R"",""U""]},{""position"":7,""characters"":[""A"",""E"",""F"",""I"",""L"",""N"",""O"",""S"",""T""]}]","true","false","A_TRUE_GAP","0","0","0","0","0","0","[]","[]","","false","false"
"13","ar_to_en","1","82","1","0","across","8","????????","[{""position"":0,""characters"":[""A"",""D"",""E"",""H"",""I"",""K"",""O"",""P""]},{""position"":1,""characters"":[""A"",""E"",""I"",""N"",""O"",""U""]},{""position"":2,""characters"":[""N"",""R"",""U""]},{""position"":3,""characters"":[""A"",""B"",""D"",""E"",""F"",""G"",""H"",""K"",""L"",""M"",""N"",""O"",""P"",""R"",""S"",""T"",""W""]},{""position"":4,""characters"":[""A"",""E""]},{""position"":5,""characters"":[""C"",""D"",""E"",""G"",""I"",""L"",""N"",""P"",""R"",""S"",""T"",""Y""]},{""position"":6,""characters"":[""A"",""O"",""R"",""U""]},{""position"":7,""characters"":[""A"",""B"",""D"",""E"",""N"",""O"",""S"",""T"",""V""]}]","true","false","A_TRUE_GAP","0","0","0","0","0","0","[]","[]","","false","false"
"13","ar_to_en","1","82","1","0","across","8","????????","[{""position"":0,""characters"":[""A"",""E"",""I"",""O"",""P""]},{""position"":1,""characters"":[""C"",""D"",""E"",""G"",""I"",""L"",""N"",""P"",""R"",""S"",""T"",""Y""]},{""position"":2,""characters"":[""E"",""I""]},{""position"":3,""characters"":[""A"",""E""]},{""position"":4,""characters"":[""A"",""B"",""D"",""E"",""G"",""H"",""K"",""L"",""M"",""N"",""O"",""P"",""R"",""S"",""T"",""W""]},{""position"":5,""characters"":[""A"",""O"",""R"",""U""]},{""position"":6,""characters"":[""C"",""K"",""L"",""N""]},{""position"":7,""characters"":[""E"",""H"",""M"",""O"",""P"",""Y""]}]","true","false","A_TRUE_GAP","0","0","0","0","0","0","[]","[]","","false","false"
"13","ar_to_en","1","82","1","0","across","8","????????","[{""position"":0,""characters"":[""A"",""E"",""I"",""L"",""O""]},{""position"":1,""characters"":[""C"",""D"",""E"",""G"",""I"",""L"",""N"",""P"",""R"",""S"",""T"",""Y""]},{""position"":2,""characters"":[""E"",""N"",""O"",""U""]},{""position"":3,""characters"":[""A"",""D"",""E"",""I"",""K"",""N"",""O"",""T""]},{""position"":4,""characters"":[""A"",""B"",""D"",""E"",""G"",""H"",""J"",""K"",""L"",""M"",""N"",""P"",""R"",""S"",""T"",""W"",""Y""]},{""position"":5,""characters"":[""A"",""E"",""I"",""R"",""U""]},{""position"":6,""characters"":[""A"",""E"",""I"",""N"",""O"",""U""]},{""position"":7,""characters"":[""H"",""I"",""N"",""O"",""P"",""R"",""V""]}]","true","false","A_TRUE_GAP","0","0","0","0","0","0","[]","[]","","false","false"
"13","ar_to_en","1","82","0","10","down","13","??P??????????","[{""position"":0,""characters"":[""A"",""C"",""D"",""E"",""G"",""I"",""L"",""N"",""O"",""P"",""R"",""S"",""T"",""U"",""Y""]},{""position"":1,""characters"":[""A"",""C"",""D"",""E"",""I"",""L"",""N"",""O"",""P"",""R"",""T"",""U"",""V""]},{""position"":2,""characters"":[""P""]},{""position"":3,""characters"":[""A"",""C"",""D"",""E"",""F"",""I"",""M"",""N"",""O"",""R"",""S"",""T"",""U""]},{""position"":4,""characters"":[""A"",""E"",""F"",""I"",""M"",""N"",""O"",""R"",""T"",""U""]},{""position"":5,""characters"":[""A"",""C"",""D"",""E"",""F"",""G"",""I"",""M"",""N"",""O"",""P"",""R"",""S"",""T"",""U""]},{""position"":6,""characters"":[""A"",""B"",""C"",""H"",""I"",""L"",""N"",""O"",""S"",""T"",""U""]},{""position"":7,""characters"":[""A"",""C"",""D"",""E"",""F"",""G"",""I"",""L"",""M"",""N"",""O"",""P"",""R"",""S"",""T"",""U"",""X""]},{""position"":8,""characters"":[""A"",""C"",""E"",""F"",""I"",""M"",""N"",""O"",""R"",""T"",""U""]},{""position"":9,""characters"":[""A"",""C"",""D"",""E"",""F"",""I"",""M"",""N"",""O"",""P"",""R"",""S"",""T"",""U""]},{""position"":10,""characters"":[""A"",""C"",""D"",""E"",""G"",""I"",""L"",""M"",""N"",""O"",""P"",""R"",""S"",""T"",""V""]},{""position"":11,""characters"":[""A"",""C"",""D"",""E"",""I"",""L"",""N"",""O"",""P"",""R"",""T""]},{""position"":12,""characters"":[""A"",""C"",""D"",""E"",""G"",""I"",""L"",""M"",""N"",""O"",""P"",""R"",""S"",""T"",""U"",""Y""]}]","true","false","B_USED_EXHAUSTION","1","1","1","0","0","0","[""OPPORTUNITIES""]","[]","100","false","false"
"13","ar_to_en","1","82","1","0","across","8","????O???","[{""position"":0,""characters"":[""A"",""E"",""I"",""R""]},{""position"":1,""characters"":[""C"",""D"",""E"",""G"",""I"",""L"",""N"",""P"",""R"",""S"",""T"",""Y""]},{""position"":2,""characters"":[""A"",""N"",""O"",""T""]},{""position"":3,""characters"":[""B"",""C"",""D"",""E"",""F"",""G"",""M"",""N"",""O"",""P"",""R"",""S"",""T""]},{""position"":4,""characters"":[""O""]},{""position"":5,""characters"":[""C"",""D"",""E"",""G"",""I"",""L"",""N"",""P"",""R"",""S"",""T"",""Y""]},{""position"":6,""characters"":[""A"",""O"",""R"",""U""]},{""position"":7,""characters"":[""A"",""E"",""F"",""I"",""L"",""N"",""O"",""S"",""T""]}]","true","false","A_TRUE_GAP","0","0","0","0","0","0","[]","[]","","false","false"
"13","ar_to_en","1","82","0","2","down","13","??L??????????","[{""position"":0,""characters"":[""A"",""C"",""D"",""E"",""G"",""I"",""L"",""M"",""N"",""O"",""P"",""R"",""S"",""T"",""U"",""Y""]},{""position"":1,""characters"":[""A"",""C"",""D"",""E"",""I"",""L"",""N"",""O"",""P"",""R"",""T"",""U"",""V""]},{""position"":2,""characters"":[""L""]},{""position"":3,""characters"":[""A"",""C"",""D"",""E"",""F"",""I"",""M"",""N"",""O"",""R"",""S"",""T"",""U""]},{""position"":4,""characters"":[""A"",""C"",""E"",""F"",""I"",""M"",""N"",""O"",""R"",""T"",""U""]},{""position"":5,""characters"":[""A"",""C"",""D"",""E"",""F"",""G"",""I"",""L"",""M"",""N"",""O"",""P"",""R"",""S"",""T"",""U"",""X""]},{""position"":6,""characters"":[""A"",""B"",""C"",""H"",""I"",""L"",""N"",""O"",""S"",""T"",""U""]},{""position"":7,""characters"":[""A"",""C"",""D"",""E"",""F"",""G"",""I"",""L"",""M"",""N"",""O"",""P"",""R"",""S"",""T"",""U""]},{""position"":8,""characters"":[""A"",""C"",""E"",""F"",""I"",""M"",""N"",""O"",""R"",""T"",""U""]},{""position"":9,""characters"":[""A"",""C"",""D"",""E"",""F"",""I"",""M"",""N"",""O"",""P"",""R"",""S"",""T"",""U""]},{""position"":10,""characters"":[""A"",""C"",""D"",""E"",""G"",""I"",""M"",""N"",""O"",""P"",""R"",""S"",""T"",""V""]},{""position"":11,""characters"":[""A"",""C"",""D"",""E"",""I"",""L"",""N"",""O"",""P"",""R"",""T"",""U""]},{""position"":12,""characters"":[""A"",""C"",""D"",""E"",""G"",""I"",""L"",""M"",""N"",""O"",""P"",""R"",""S"",""T"",""U"",""Y""]}]","true","false","B_USED_EXHAUSTION","1","1","1","0","0","0","[""AUTOMATICALLY""]","[]","100","false","false"
"13","ar_to_en","1","82","1","0","across","8","??R?????","[{""position"":0,""characters"":[""A"",""D"",""E"",""H"",""I"",""K"",""O"",""P""]},{""position"":1,""characters"":[""A"",""E"",""I"",""L"",""O""]},{""position"":2,""characters"":[""R""]},{""position"":3,""characters"":[""A"",""D"",""E"",""I"",""K"",""N"",""O"",""T""]},{""position"":4,""characters"":[""B"",""C"",""D"",""G"",""H"",""J"",""L"",""N"",""O"",""P"",""R"",""S"",""T"",""U"",""W"",""Y""]},{""position"":5,""characters"":[""C"",""L"",""N""]},{""position"":6,""characters"":[""A"",""D"",""E"",""H"",""I"",""K"",""O"",""P"",""U""]},{""position"":7,""characters"":[""A"",""E"",""I"",""N"",""O"",""S"",""T""]}]","true","false","A_TRUE_GAP","0","0","0","0","0","0","[]","[]","","false","false"
"13","ar_to_en","1","82","0","10","down","13","??S??????????","[{""position"":0,""characters"":[""A"",""C"",""D"",""E"",""G"",""I"",""L"",""N"",""O"",""P"",""R"",""S"",""T"",""U"",""Y""]},{""position"":1,""characters"":[""A"",""C"",""D"",""E"",""I"",""L"",""N"",""O"",""P"",""R"",""T"",""U"",""V""]},{""position"":2,""characters"":[""S""]},{""position"":3,""characters"":[""A"",""C"",""D"",""E"",""F"",""I"",""M"",""N"",""O"",""R"",""S"",""T"",""U""]},{""position"":4,""characters"":[""A"",""E"",""F"",""I"",""M"",""N"",""O"",""R"",""T"",""U""]},{""position"":5,""characters"":[""A"",""C"",""D"",""E"",""F"",""G"",""I"",""M"",""N"",""O"",""P"",""R"",""S"",""T"",""U""]},{""position"":6,""characters"":[""A"",""B"",""C"",""H"",""I"",""L"",""N"",""O"",""S"",""T"",""U""]},{""position"":7,""characters"":[""A"",""C"",""D"",""E"",""F"",""G"",""I"",""L"",""M"",""N"",""O"",""P"",""R"",""S"",""T"",""U"",""X""]},{""position"":8,""characters"":[""A"",""C"",""E"",""F"",""I"",""M"",""N"",""O"",""R"",""T"",""U""]},{""position"":9,""characters"":[""A"",""C"",""D"",""E"",""F"",""I"",""M"",""N"",""O"",""P"",""R"",""S"",""T"",""U""]},{""position"":10,""characters"":[""A"",""C"",""D"",""E"",""G"",""I"",""L"",""M"",""N"",""O"",""P"",""R"",""S"",""T"",""V""]},{""position"":11,""characters"":[""A"",""C"",""D"",""E"",""I"",""L"",""N"",""O"",""P"",""R"",""T""]},{""position"":12,""characters"":[""A"",""C"",""D"",""E"",""G"",""I"",""L"",""M"",""N"",""O"",""P"",""R"",""S"",""T"",""U"",""Y""]}]","true","false","B_USED_EXHAUSTION","1","1","1","0","0","0","[""INSTITUTIONAL""]","[]","100","false","false"
"13","ar_to_en","1","82","0","0","down","3","?CE","[{""position"":0,""characters"":[""A"",""B"",""D"",""E"",""O"",""P"",""S"",""T""]},{""position"":1,""characters"":[""C""]},{""position"":2,""characters"":[""E""]}]","true","false","A_TRUE_GAP","0","0","0","0","0","0","[]","[]","","false","false"
"13","ar_to_en","1","83","0","2","down","13","??G??????????","[{""position"":0,""characters"":[""A"",""C"",""D"",""E"",""G"",""I"",""L"",""M"",""N"",""O"",""P"",""R"",""S"",""T"",""U"",""Y""]},{""position"":1,""characters"":[""A"",""C"",""D"",""E"",""I"",""L"",""N"",""O"",""P"",""R"",""T"",""U"",""V""]},{""position"":2,""characters"":[""G""]},{""position"":3,""characters"":[""A"",""C"",""D"",""E"",""F"",""I"",""M"",""N"",""O"",""R"",""S"",""T"",""U""]},{""position"":4,""characters"":[""A"",""C"",""E"",""F"",""I"",""M"",""N"",""O"",""R"",""T"",""U""]},{""position"":5,""characters"":[""A"",""C"",""D"",""E"",""F"",""G"",""I"",""L"",""M"",""N"",""O"",""P"",""R"",""S"",""T"",""U"",""X""]},{""position"":6,""characters"":[""A"",""B"",""C"",""H"",""I"",""L"",""N"",""O"",""S"",""T"",""U""]},{""position"":7,""characters"":[""A"",""C"",""D"",""E"",""F"",""G"",""I"",""L"",""M"",""N"",""O"",""P"",""R"",""S"",""T"",""U""]},{""position"":8,""characters"":[""A"",""C"",""E"",""F"",""I"",""M"",""N"",""O"",""R"",""T"",""U""]},{""position"":9,""characters"":[""A"",""C"",""D"",""E"",""F"",""I"",""M"",""N"",""O"",""P"",""R"",""S"",""T"",""U""]},{""position"":10,""characters"":[""A"",""C"",""D"",""E"",""I"",""L"",""M"",""N"",""O"",""P"",""R"",""S"",""T"",""V""]},{""position"":11,""characters"":[""A"",""C"",""D"",""E"",""I"",""L"",""N"",""O"",""P"",""R"",""T"",""U""]},{""position"":12,""characters"":[""A"",""C"",""D"",""E"",""G"",""I"",""L"",""M"",""N"",""O"",""P"",""R"",""S"",""T"",""U"",""Y""]}]","true","false","B_USED_EXHAUSTION","1","1","1","0","0","0","[""ORGANISATIONS""]","[]","100","false","false"
"13","ar_to_en","1","83","0","10","down","13","??G??????????","[{""position"":0,""characters"":[""A"",""C"",""D"",""E"",""G"",""I"",""L"",""N"",""O"",""P"",""R"",""S"",""T"",""U"",""Y""]},{""position"":1,""characters"":[""A"",""C"",""D"",""E"",""I"",""L"",""N"",""O"",""P"",""R"",""T"",""U"",""V""]},{""position"":2,""characters"":[""G""]},{""position"":3,""characters"":[""A"",""C"",""D"",""E"",""F"",""I"",""M"",""N"",""O"",""R"",""S"",""T"",""U""]},{""position"":4,""characters"":[""A"",""E"",""F"",""I"",""M"",""N"",""O"",""R"",""T"",""U""]},{""position"":5,""characters"":[""A"",""C"",""D"",""E"",""F"",""G"",""I"",""M"",""N"",""O"",""P"",""R"",""S"",""T"",""U""]},{""position"":6,""characters"":[""A"",""B"",""C"",""H"",""I"",""L"",""N"",""O"",""S"",""T"",""U""]},{""position"":7,""characters"":[""A"",""C"",""D"",""E"",""F"",""G"",""I"",""L"",""M"",""N"",""O"",""P"",""R"",""S"",""T"",""U"",""X""]},{""position"":8,""characters"":[""A"",""C"",""E"",""F"",""I"",""M"",""N"",""O"",""R"",""T"",""U""]},{""position"":9,""characters"":[""A"",""C"",""D"",""E"",""F"",""I"",""M"",""N"",""O"",""P"",""R"",""S"",""T"",""U""]},{""position"":10,""characters"":[""A"",""C"",""D"",""E"",""I"",""L"",""M"",""N"",""O"",""P"",""R"",""S"",""T"",""V""]},{""position"":11,""characters"":[""A"",""C"",""D"",""E"",""I"",""L"",""N"",""O"",""P"",""R"",""T""]},{""position"":12,""characters"":[""A"",""C"",""D"",""E"",""G"",""I"",""L"",""M"",""N"",""O"",""P"",""R"",""S"",""T"",""U"",""Y""]}]","true","false","B_USED_EXHAUSTION","1","1","1","0","0","0","[""ORGANISATIONS""]","[]","100","false","false"
"13","ar_to_en","1","83","0","10","down","13","??D??????????","[{""position"":0,""characters"":[""A"",""C"",""D"",""E"",""G"",""I"",""L"",""N"",""O"",""P"",""R"",""S"",""T"",""U"",""Y""]},{""position"":1,""characters"":[""A"",""C"",""D"",""E"",""I"",""L"",""N"",""O"",""P"",""R"",""T"",""U"",""V""]},{""position"":2,""characters"":[""D""]},{""position"":3,""characters"":[""A"",""C"",""D"",""E"",""F"",""I"",""M"",""N"",""O"",""R"",""S"",""T"",""U""]},{""position"":4,""characters"":[""A"",""E"",""F"",""I"",""M"",""N"",""O"",""R"",""T"",""U""]},{""position"":5,""characters"":[""A"",""C"",""D"",""E"",""F"",""G"",""I"",""M"",""N"",""O"",""P"",""R"",""S"",""T"",""U""]},{""position"":6,""characters"":[""A"",""B"",""C"",""H"",""I"",""L"",""N"",""O"",""S"",""T"",""U""]},{""position"":7,""characters"":[""A"",""C"",""D"",""E"",""F"",""G"",""I"",""L"",""M"",""N"",""O"",""P"",""R"",""S"",""T"",""U"",""X""]},{""position"":8,""characters"":[""A"",""C"",""E"",""F"",""I"",""M"",""N"",""O"",""R"",""T"",""U""]},{""position"":9,""characters"":[""A"",""C"",""D"",""E"",""F"",""I"",""M"",""N"",""O"",""P"",""R"",""S"",""T"",""U""]},{""position"":10,""characters"":[""A"",""C"",""D"",""E"",""G"",""I"",""L"",""M"",""N"",""O"",""P"",""R"",""S"",""T"",""V""]},{""position"":11,""characters"":[""A"",""C"",""D"",""E"",""I"",""L"",""N"",""O"",""P"",""R"",""T""]},{""position"":12,""characters"":[""A"",""C"",""D"",""E"",""G"",""I"",""L"",""M"",""N"",""O"",""P"",""R"",""S"",""T"",""U"",""Y""]}]","true","false","B_USED_EXHAUSTION","1","1","1","0","0","0","[""UNDERSTANDING""]","[]","100","false","false"
"13","ar_to_en","1","83","1","0","across","8","????????","[{""position"":0,""characters"":[""A"",""O"",""R""]},{""position"":1,""characters"":[""A"",""D"",""G"",""H"",""I"",""L"",""N"",""O"",""U""]},{""position"":2,""characters"":[""A"",""N"",""O"",""T""]},{""position"":3,""characters"":[""A"",""E""]},{""position"":4,""characters"":[""A"",""C"",""E"",""M"",""T"",""Y""]},{""position"":5,""characters"":[""C"",""L"",""N""]},{""position"":6,""characters"":[""A"",""E"",""I"",""O"",""U"",""Y""]},{""position"":7,""characters"":[""D"",""E"",""L"",""O"",""Q"",""R""]}]","true","false","A_TRUE_GAP","0","0","0","0","0","0","[]","[]","","false","false"
"13","ar_to_en","1","83","1","0","across","8","????????","[{""position"":0,""characters"":[""A"",""D"",""E"",""H"",""I"",""K"",""O"",""P""]},{""position"":1,""characters"":[""A"",""E"",""I"",""N"",""O"",""U""]},{""position"":2,""characters"":[""N"",""R"",""U""]},{""position"":3,""characters"":[""A"",""B"",""D"",""E"",""F"",""G"",""H"",""K"",""L"",""M"",""N"",""O"",""P"",""R"",""S"",""T"",""W""]},{""position"":4,""characters"":[""A"",""E""]},{""position"":5,""characters"":[""O"",""S""]},{""position"":6,""characters"":[""A"",""E"",""I"",""O"",""U"",""Y""]},{""position"":7,""characters"":[""A"",""B"",""D"",""E"",""N"",""O"",""S"",""T"",""V""]}]","true","false","A_TRUE_GAP","0","0","0","0","0","0","[]","[]","","false","false"
"13","ar_to_en","1","83","1","0","across","8","????O???","[{""position"":0,""characters"":[""A"",""E"",""I"",""R""]},{""position"":1,""characters"":[""C"",""D"",""E"",""G"",""I"",""L"",""N"",""P"",""R"",""S"",""T"",""Y""]},{""position"":2,""characters"":[""A"",""N"",""O"",""T""]},{""position"":3,""characters"":[""B"",""C"",""D"",""E"",""F"",""G"",""M"",""N"",""O"",""P"",""R"",""S"",""T""]},{""position"":4,""characters"":[""O""]},{""position"":5,""characters"":[""C"",""D"",""E"",""G"",""I"",""L"",""N"",""P"",""R"",""S"",""T"",""Y""]},{""position"":6,""characters"":[""A"",""O"",""R"",""U""]},{""position"":7,""characters"":[""A"",""E"",""F"",""I"",""L"",""N"",""O"",""S"",""T""]}]","true","false","A_TRUE_GAP","0","0","0","0","0","0","[]","[]","","false","false"
"13","ar_to_en","1","83","1","0","across","8","????????","[{""position"":0,""characters"":[""A"",""D"",""E"",""H"",""I"",""K"",""O"",""P""]},{""position"":1,""characters"":[""A"",""E"",""I"",""N"",""O"",""U""]},{""position"":2,""characters"":[""N"",""R"",""U""]},{""position"":3,""characters"":[""A"",""B"",""D"",""E"",""F"",""G"",""H"",""K"",""L"",""M"",""N"",""O"",""P"",""R"",""S"",""T"",""W""]},{""position"":4,""characters"":[""A"",""E""]},{""position"":5,""characters"":[""C"",""D"",""E"",""G"",""I"",""L"",""N"",""P"",""R"",""S"",""T"",""Y""]},{""position"":6,""characters"":[""A"",""O"",""R"",""U""]},{""position"":7,""characters"":[""A"",""B"",""D"",""E"",""N"",""O"",""S"",""T"",""V""]}]","true","false","A_TRUE_GAP","0","0","0","0","0","0","[]","[]","","false","false"
"13","ar_to_en","1","83","1","0","across","8","????????","[{""position"":0,""characters"":[""A"",""E"",""I"",""O"",""P""]},{""position"":1,""characters"":[""C"",""D"",""E"",""G"",""I"",""L"",""N"",""P"",""R"",""S"",""T"",""Y""]},{""position"":2,""characters"":[""E"",""I""]},{""position"":3,""characters"":[""A"",""E""]},{""position"":4,""characters"":[""A"",""B"",""D"",""E"",""G"",""H"",""K"",""L"",""M"",""N"",""O"",""P"",""R"",""S"",""T"",""W""]},{""position"":5,""characters"":[""A"",""O"",""R"",""U""]},{""position"":6,""characters"":[""C"",""K"",""L"",""N""]},{""position"":7,""characters"":[""E"",""H"",""M"",""O"",""P"",""Y""]}]","true","false","A_TRUE_GAP","0","0","0","0","0","0","[]","[]","","false","false"
"13","ar_to_en","1","83","1","0","across","8","????????","[{""position"":0,""characters"":[""A"",""E"",""I"",""L"",""O""]},{""position"":1,""characters"":[""C"",""D"",""E"",""G"",""I"",""L"",""N"",""P"",""R"",""S"",""T"",""Y""]},{""position"":2,""characters"":[""E"",""N"",""O"",""U""]},{""position"":3,""characters"":[""A"",""D"",""E"",""I"",""K"",""N"",""O"",""T""]},{""position"":4,""characters"":[""A"",""B"",""D"",""E"",""G"",""H"",""J"",""K"",""L"",""M"",""N"",""P"",""R"",""S"",""T"",""W"",""Y""]},{""position"":5,""characters"":[""A"",""E"",""I"",""R"",""U""]},{""position"":6,""characters"":[""A"",""E"",""I"",""N"",""O"",""U""]},{""position"":7,""characters"":[""H"",""I"",""N"",""O"",""P"",""R"",""V""]}]","true","false","A_TRUE_GAP","0","0","0","0","0","0","[]","[]","","false","false"
"13","ar_to_en","1","83","0","10","down","13","??P??????????","[{""position"":0,""characters"":[""A"",""C"",""D"",""E"",""G"",""I"",""L"",""N"",""O"",""P"",""R"",""S"",""T"",""U"",""Y""]},{""position"":1,""characters"":[""A"",""C"",""D"",""E"",""I"",""L"",""N"",""O"",""P"",""R"",""T"",""U"",""V""]},{""position"":2,""characters"":[""P""]},{""position"":3,""characters"":[""A"",""C"",""D"",""E"",""F"",""I"",""M"",""N"",""O"",""R"",""S"",""T"",""U""]},{""position"":4,""characters"":[""A"",""E"",""F"",""I"",""M"",""N"",""O"",""R"",""T"",""U""]},{""position"":5,""characters"":[""A"",""C"",""D"",""E"",""F"",""G"",""I"",""M"",""N"",""O"",""P"",""R"",""S"",""T"",""U""]},{""position"":6,""characters"":[""A"",""B"",""C"",""H"",""I"",""L"",""N"",""O"",""S"",""T"",""U""]},{""position"":7,""characters"":[""A"",""C"",""D"",""E"",""F"",""G"",""I"",""L"",""M"",""N"",""O"",""P"",""R"",""S"",""T"",""U"",""X""]},{""position"":8,""characters"":[""A"",""C"",""E"",""F"",""I"",""M"",""N"",""O"",""R"",""T"",""U""]},{""position"":9,""characters"":[""A"",""C"",""D"",""E"",""F"",""I"",""M"",""N"",""O"",""P"",""R"",""S"",""T"",""U""]},{""position"":10,""characters"":[""A"",""C"",""D"",""E"",""G"",""I"",""L"",""M"",""N"",""O"",""P"",""R"",""S"",""T"",""V""]},{""position"":11,""characters"":[""A"",""C"",""D"",""E"",""I"",""L"",""N"",""O"",""P"",""R"",""T""]},{""position"":12,""characters"":[""A"",""C"",""D"",""E"",""G"",""I"",""L"",""M"",""N"",""O"",""P"",""R"",""S"",""T"",""U"",""Y""]}]","true","false","B_USED_EXHAUSTION","1","1","1","0","0","0","[""OPPORTUNITIES""]","[]","100","false","false"
"13","ar_to_en","1","83","1","0","across","8","????O???","[{""position"":0,""characters"":[""A"",""E"",""I"",""R""]},{""position"":1,""characters"":[""C"",""D"",""E"",""G"",""I"",""L"",""N"",""P"",""R"",""S"",""T"",""Y""]},{""position"":2,""characters"":[""A"",""N"",""O"",""T""]},{""position"":3,""characters"":[""B"",""C"",""D"",""E"",""F"",""G"",""M"",""N"",""O"",""P"",""R"",""S"",""T""]},{""position"":4,""characters"":[""O""]},{""position"":5,""characters"":[""C"",""D"",""E"",""G"",""I"",""L"",""N"",""P"",""R"",""S"",""T"",""Y""]},{""position"":6,""characters"":[""A"",""O"",""R"",""U""]},{""position"":7,""characters"":[""A"",""E"",""F"",""I"",""L"",""N"",""O"",""S"",""T""]}]","true","false","A_TRUE_GAP","0","0","0","0","0","0","[]","[]","","false","false"
"13","ar_to_en","1","83","0","2","down","13","??L??????????","[{""position"":0,""characters"":[""A"",""C"",""D"",""E"",""G"",""I"",""L"",""M"",""N"",""O"",""P"",""R"",""S"",""T"",""U"",""Y""]},{""position"":1,""characters"":[""A"",""C"",""D"",""E"",""I"",""L"",""N"",""O"",""P"",""R"",""T"",""U"",""V""]},{""position"":2,""characters"":[""L""]},{""position"":3,""characters"":[""A"",""C"",""D"",""E"",""F"",""I"",""M"",""N"",""O"",""R"",""S"",""T"",""U""]},{""position"":4,""characters"":[""A"",""C"",""E"",""F"",""I"",""M"",""N"",""O"",""R"",""T"",""U""]},{""position"":5,""characters"":[""A"",""C"",""D"",""E"",""F"",""G"",""I"",""L"",""M"",""N"",""O"",""P"",""R"",""S"",""T"",""U"",""X""]},{""position"":6,""characters"":[""A"",""B"",""C"",""H"",""I"",""L"",""N"",""O"",""S"",""T"",""U""]},{""position"":7,""characters"":[""A"",""C"",""D"",""E"",""F"",""G"",""I"",""L"",""M"",""N"",""O"",""P"",""R"",""S"",""T"",""U""]},{""position"":8,""characters"":[""A"",""C"",""E"",""F"",""I"",""M"",""N"",""O"",""R"",""T"",""U""]},{""position"":9,""characters"":[""A"",""C"",""D"",""E"",""F"",""I"",""M"",""N"",""O"",""P"",""R"",""S"",""T"",""U""]},{""position"":10,""characters"":[""A"",""C"",""D"",""E"",""G"",""I"",""M"",""N"",""O"",""P"",""R"",""S"",""T"",""V""]},{""position"":11,""characters"":[""A"",""C"",""D"",""E"",""I"",""L"",""N"",""O"",""P"",""R"",""T"",""U""]},{""position"":12,""characters"":[""A"",""C"",""D"",""E"",""G"",""I"",""L"",""M"",""N"",""O"",""P"",""R"",""S"",""T"",""U"",""Y""]}]","true","false","B_USED_EXHAUSTION","1","1","1","0","0","0","[""AUTOMATICALLY""]","[]","100","false","false"
"13","ar_to_en","1","83","1","0","across","8","??R?????","[{""position"":0,""characters"":[""A"",""D"",""E"",""H"",""I"",""K"",""O"",""P""]},{""position"":1,""characters"":[""A"",""E"",""I"",""L"",""O""]},{""position"":2,""characters"":[""R""]},{""position"":3,""characters"":[""A"",""D"",""E"",""I"",""K"",""N"",""O"",""T""]},{""position"":4,""characters"":[""B"",""C"",""D"",""G"",""H"",""J"",""L"",""N"",""O"",""P"",""R"",""S"",""T"",""U"",""W"",""Y""]},{""position"":5,""characters"":[""C"",""L"",""N""]},{""position"":6,""characters"":[""A"",""D"",""E"",""H"",""I"",""K"",""O"",""P"",""U""]},{""position"":7,""characters"":[""A"",""E"",""I"",""N"",""O"",""S"",""T""]}]","true","false","A_TRUE_GAP","0","0","0","0","0","0","[]","[]","","false","false"
"13","ar_to_en","1","83","0","10","down","13","??S??????????","[{""position"":0,""characters"":[""A"",""C"",""D"",""E"",""G"",""I"",""L"",""N"",""O"",""P"",""R"",""S"",""T"",""U"",""Y""]},{""position"":1,""characters"":[""A"",""C"",""D"",""E"",""I"",""L"",""N"",""O"",""P"",""R"",""T"",""U"",""V""]},{""position"":2,""characters"":[""S""]},{""position"":3,""characters"":[""A"",""C"",""D"",""E"",""F"",""I"",""M"",""N"",""O"",""R"",""S"",""T"",""U""]},{""position"":4,""characters"":[""A"",""E"",""F"",""I"",""M"",""N"",""O"",""R"",""T"",""U""]},{""position"":5,""characters"":[""A"",""C"",""D"",""E"",""F"",""G"",""I"",""M"",""N"",""O"",""P"",""R"",""S"",""T"",""U""]},{""position"":6,""characters"":[""A"",""B"",""C"",""H"",""I"",""L"",""N"",""O"",""S"",""T"",""U""]},{""position"":7,""characters"":[""A"",""C"",""D"",""E"",""F"",""G"",""I"",""L"",""M"",""N"",""O"",""P"",""R"",""S"",""T"",""U"",""X""]},{""position"":8,""characters"":[""A"",""C"",""E"",""F"",""I"",""M"",""N"",""O"",""R"",""T"",""U""]},{""position"":9,""characters"":[""A"",""C"",""D"",""E"",""F"",""I"",""M"",""N"",""O"",""P"",""R"",""S"",""T"",""U""]},{""position"":10,""characters"":[""A"",""C"",""D"",""E"",""G"",""I"",""L"",""M"",""N"",""O"",""P"",""R"",""S"",""T"",""V""]},{""position"":11,""characters"":[""A"",""C"",""D"",""E"",""I"",""L"",""N"",""O"",""P"",""R"",""T""]},{""position"":12,""characters"":[""A"",""C"",""D"",""E"",""G"",""I"",""L"",""M"",""N"",""O"",""P"",""R"",""S"",""T"",""U"",""Y""]}]","true","false","B_USED_EXHAUSTION","1","1","1","0","0","0","[""INSTITUTIONAL""]","[]","100","false","false"
"13","ar_to_en","1","84","10","0","across","13","??I???????I??","[{""position"":0,""characters"":[""A"",""C"",""D"",""E"",""G"",""I"",""L"",""M"",""N"",""O"",""P"",""R"",""S"",""T"",""U"",""Y""]},{""position"":1,""characters"":[""A"",""C"",""D"",""E"",""I"",""L"",""N"",""O"",""P"",""R"",""T"",""U"",""V""]},{""position"":2,""characters"":[""I""]},{""position"":3,""characters"":[""A"",""C"",""D"",""E"",""F"",""I"",""M"",""N"",""O"",""R"",""S"",""T"",""U""]},{""position"":4,""characters"":[""A"",""C"",""E"",""F"",""I"",""M"",""N"",""O"",""R"",""T"",""U""]},{""position"":5,""characters"":[""A"",""C"",""D"",""E"",""F"",""G"",""I"",""L"",""M"",""N"",""O"",""P"",""R"",""S"",""T"",""U"",""X""]},{""position"":6,""characters"":[""A"",""B"",""C"",""H"",""I"",""L"",""N"",""O"",""S"",""T"",""U""]},{""position"":7,""characters"":[""A"",""C"",""D"",""E"",""F"",""G"",""I"",""L"",""M"",""N"",""O"",""P"",""R"",""S"",""T"",""U"",""X""]},{""position"":8,""characters"":[""A"",""C"",""E"",""F"",""I"",""M"",""N"",""O"",""R"",""T"",""U""]},{""position"":9,""characters"":[""A"",""C"",""D"",""E"",""F"",""I"",""M"",""N"",""O"",""P"",""R"",""S"",""T"",""U""]},{""position"":10,""characters"":[""I""]},{""position"":11,""characters"":[""A"",""C"",""D"",""E"",""I"",""L"",""N"",""O"",""P"",""R"",""T"",""U""]},{""position"":12,""characters"":[""A"",""C"",""D"",""E"",""G"",""I"",""L"",""M"",""N"",""O"",""P"",""R"",""S"",""T"",""U"",""Y""]}]","true","false","A_TRUE_GAP","0","0","0","0","0","0","[]","[]","","false","false"
"13","ar_to_en","1","84","0","2","down","13","??G??????????","[{""position"":0,""characters"":[""A"",""C"",""D"",""E"",""G"",""I"",""L"",""M"",""N"",""O"",""P"",""R"",""S"",""T"",""U"",""Y""]},{""position"":1,""characters"":[""A"",""C"",""D"",""E"",""I"",""L"",""N"",""O"",""P"",""R"",""T"",""U"",""V""]},{""position"":2,""characters"":[""G""]},{""position"":3,""characters"":[""A"",""C"",""D"",""E"",""F"",""I"",""M"",""N"",""O"",""R"",""S"",""T"",""U""]},{""position"":4,""characters"":[""A"",""C"",""E"",""F"",""I"",""M"",""N"",""O"",""R"",""T"",""U""]},{""position"":5,""characters"":[""A"",""C"",""D"",""E"",""F"",""G"",""I"",""L"",""M"",""N"",""O"",""P"",""R"",""S"",""T"",""U"",""X""]},{""position"":6,""characters"":[""A"",""B"",""C"",""H"",""I"",""L"",""N"",""O"",""S"",""T"",""U""]},{""position"":7,""characters"":[""A"",""C"",""D"",""E"",""F"",""G"",""I"",""L"",""M"",""N"",""O"",""P"",""R"",""S"",""T"",""U""]},{""position"":8,""characters"":[""A"",""C"",""E"",""F"",""I"",""M"",""N"",""O"",""R"",""T"",""U""]},{""position"":9,""characters"":[""A"",""C"",""D"",""E"",""F"",""I"",""M"",""N"",""O"",""P"",""R"",""S"",""T"",""U""]},{""position"":10,""characters"":[""A"",""C"",""D"",""E"",""I"",""L"",""M"",""N"",""O"",""P"",""R"",""S"",""T"",""V""]},{""position"":11,""characters"":[""A"",""C"",""D"",""E"",""I"",""L"",""N"",""O"",""P"",""R"",""T"",""U""]},{""position"":12,""characters"":[""A"",""C"",""D"",""E"",""G"",""I"",""L"",""M"",""N"",""O"",""P"",""R"",""S"",""T"",""U"",""Y""]}]","true","false","B_USED_EXHAUSTION","1","1","1","0","0","0","[""ORGANISATIONS""]","[]","100","false","false"
"13","ar_to_en","1","84","0","10","down","13","??G??????????","[{""position"":0,""characters"":[""A"",""C"",""D"",""E"",""G"",""I"",""L"",""N"",""O"",""P"",""R"",""S"",""T"",""U"",""Y""]},{""position"":1,""characters"":[""A"",""C"",""D"",""E"",""I"",""L"",""N"",""O"",""P"",""R"",""T"",""U"",""V""]},{""position"":2,""characters"":[""G""]},{""position"":3,""characters"":[""A"",""C"",""D"",""E"",""F"",""I"",""M"",""N"",""O"",""R"",""S"",""T"",""U""]},{""position"":4,""characters"":[""A"",""E"",""F"",""I"",""M"",""N"",""O"",""R"",""T"",""U""]},{""position"":5,""characters"":[""A"",""C"",""D"",""E"",""F"",""G"",""I"",""M"",""N"",""O"",""P"",""R"",""S"",""T"",""U""]},{""position"":6,""characters"":[""A"",""B"",""C"",""H"",""I"",""L"",""N"",""O"",""S"",""T"",""U""]},{""position"":7,""characters"":[""A"",""C"",""D"",""E"",""F"",""G"",""I"",""L"",""M"",""N"",""O"",""P"",""R"",""S"",""T"",""U"",""X""]},{""position"":8,""characters"":[""A"",""C"",""E"",""F"",""I"",""M"",""N"",""O"",""R"",""T"",""U""]},{""position"":9,""characters"":[""A"",""C"",""D"",""E"",""F"",""I"",""M"",""N"",""O"",""P"",""R"",""S"",""T"",""U""]},{""position"":10,""characters"":[""A"",""C"",""D"",""E"",""I"",""L"",""M"",""N"",""O"",""P"",""R"",""S"",""T"",""V""]},{""position"":11,""characters"":[""A"",""C"",""D"",""E"",""I"",""L"",""N"",""O"",""P"",""R"",""T""]},{""position"":12,""characters"":[""A"",""C"",""D"",""E"",""G"",""I"",""L"",""M"",""N"",""O"",""P"",""R"",""S"",""T"",""U"",""Y""]}]","true","false","B_USED_EXHAUSTION","1","1","1","0","0","0","[""ORGANISATIONS""]","[]","100","false","false"
"13","ar_to_en","1","84","0","10","down","13","??D??????????","[{""position"":0,""characters"":[""A"",""C"",""D"",""E"",""G"",""I"",""L"",""N"",""O"",""P"",""R"",""S"",""T"",""U"",""Y""]},{""position"":1,""characters"":[""A"",""C"",""D"",""E"",""I"",""L"",""N"",""O"",""P"",""R"",""T"",""U"",""V""]},{""position"":2,""characters"":[""D""]},{""position"":3,""characters"":[""A"",""C"",""D"",""E"",""F"",""I"",""M"",""N"",""O"",""R"",""S"",""T"",""U""]},{""position"":4,""characters"":[""A"",""E"",""F"",""I"",""M"",""N"",""O"",""R"",""T"",""U""]},{""position"":5,""characters"":[""A"",""C"",""D"",""E"",""F"",""G"",""I"",""M"",""N"",""O"",""P"",""R"",""S"",""T"",""U""]},{""position"":6,""characters"":[""A"",""B"",""C"",""H"",""I"",""L"",""N"",""O"",""S"",""T"",""U""]},{""position"":7,""characters"":[""A"",""C"",""D"",""E"",""F"",""G"",""I"",""L"",""M"",""N"",""O"",""P"",""R"",""S"",""T"",""U"",""X""]},{""position"":8,""characters"":[""A"",""C"",""E"",""F"",""I"",""M"",""N"",""O"",""R"",""T"",""U""]},{""position"":9,""characters"":[""A"",""C"",""D"",""E"",""F"",""I"",""M"",""N"",""O"",""P"",""R"",""S"",""T"",""U""]},{""position"":10,""characters"":[""A"",""C"",""D"",""E"",""G"",""I"",""L"",""M"",""N"",""O"",""P"",""R"",""S"",""T"",""V""]},{""position"":11,""characters"":[""A"",""C"",""D"",""E"",""I"",""L"",""N"",""O"",""P"",""R"",""T""]},{""position"":12,""characters"":[""A"",""C"",""D"",""E"",""G"",""I"",""L"",""M"",""N"",""O"",""P"",""R"",""S"",""T"",""U"",""Y""]}]","true","false","B_USED_EXHAUSTION","1","1","1","0","0","0","[""UNDERSTANDING""]","[]","100","false","false"
"13","ar_to_en","1","84","1","0","across","8","????????","[{""position"":0,""characters"":[""A"",""O"",""R""]},{""position"":1,""characters"":[""A"",""D"",""G"",""H"",""I"",""L"",""N"",""O"",""U""]},{""position"":2,""characters"":[""A"",""N"",""O"",""T""]},{""position"":3,""characters"":[""A"",""E""]},{""position"":4,""characters"":[""A"",""C"",""E"",""M"",""T"",""Y""]},{""position"":5,""characters"":[""C"",""L"",""N""]},{""position"":6,""characters"":[""A"",""E"",""I"",""O"",""U"",""Y""]},{""position"":7,""characters"":[""D"",""E"",""L"",""O"",""Q"",""R""]}]","true","false","A_TRUE_GAP","0","0","0","0","0","0","[]","[]","","false","false"
"13","ar_to_en","1","84","1","0","across","8","????????","[{""position"":0,""characters"":[""A"",""D"",""E"",""H"",""I"",""K"",""O"",""P""]},{""position"":1,""characters"":[""A"",""E"",""I"",""N"",""O"",""U""]},{""position"":2,""characters"":[""N"",""R"",""U""]},{""position"":3,""characters"":[""A"",""B"",""D"",""E"",""F"",""G"",""H"",""K"",""L"",""M"",""N"",""O"",""P"",""R"",""S"",""T"",""W""]},{""position"":4,""characters"":[""A"",""E""]},{""position"":5,""characters"":[""O"",""S""]},{""position"":6,""characters"":[""A"",""E"",""I"",""O"",""U"",""Y""]},{""position"":7,""characters"":[""A"",""B"",""D"",""E"",""N"",""O"",""S"",""T"",""V""]}]","true","false","A_TRUE_GAP","0","0","0","0","0","0","[]","[]","","false","false"
"13","ar_to_en","1","84","1","0","across","8","????O???","[{""position"":0,""characters"":[""A"",""E"",""I"",""R""]},{""position"":1,""characters"":[""C"",""D"",""E"",""G"",""I"",""L"",""N"",""P"",""R"",""S"",""T"",""Y""]},{""position"":2,""characters"":[""A"",""N"",""O"",""T""]},{""position"":3,""characters"":[""B"",""C"",""D"",""E"",""F"",""G"",""M"",""N"",""O"",""P"",""R"",""S"",""T""]},{""position"":4,""characters"":[""O""]},{""position"":5,""characters"":[""C"",""D"",""E"",""G"",""I"",""L"",""N"",""P"",""R"",""S"",""T"",""Y""]},{""position"":6,""characters"":[""A"",""O"",""R"",""U""]},{""position"":7,""characters"":[""A"",""E"",""F"",""I"",""L"",""N"",""O"",""S"",""T""]}]","true","false","A_TRUE_GAP","0","0","0","0","0","0","[]","[]","","false","false"
"13","ar_to_en","1","84","1","0","across","8","????????","[{""position"":0,""characters"":[""A"",""D"",""E"",""H"",""I"",""K"",""O"",""P""]},{""position"":1,""characters"":[""A"",""E"",""I"",""N"",""O"",""U""]},{""position"":2,""characters"":[""N"",""R"",""U""]},{""position"":3,""characters"":[""A"",""B"",""D"",""E"",""F"",""G"",""H"",""K"",""L"",""M"",""N"",""O"",""P"",""R"",""S"",""T"",""W""]},{""position"":4,""characters"":[""A"",""E""]},{""position"":5,""characters"":[""C"",""D"",""E"",""G"",""I"",""L"",""N"",""P"",""R"",""S"",""T"",""Y""]},{""position"":6,""characters"":[""A"",""O"",""R"",""U""]},{""position"":7,""characters"":[""A"",""B"",""D"",""E"",""N"",""O"",""S"",""T"",""V""]}]","true","false","A_TRUE_GAP","0","0","0","0","0","0","[]","[]","","false","false"
"13","ar_to_en","1","84","1","0","across","8","????????","[{""position"":0,""characters"":[""A"",""E"",""I"",""O"",""P""]},{""position"":1,""characters"":[""C"",""D"",""E"",""G"",""I"",""L"",""N"",""P"",""R"",""S"",""T"",""Y""]},{""position"":2,""characters"":[""E"",""I""]},{""position"":3,""characters"":[""A"",""E""]},{""position"":4,""characters"":[""A"",""B"",""D"",""E"",""G"",""H"",""K"",""L"",""M"",""N"",""O"",""P"",""R"",""S"",""T"",""W""]},{""position"":5,""characters"":[""A"",""O"",""R"",""U""]},{""position"":6,""characters"":[""C"",""K"",""L"",""N""]},{""position"":7,""characters"":[""E"",""H"",""M"",""O"",""P"",""Y""]}]","true","false","A_TRUE_GAP","0","0","0","0","0","0","[]","[]","","false","false"
"13","ar_to_en","1","84","1","0","across","8","????????","[{""position"":0,""characters"":[""A"",""E"",""I"",""L"",""O""]},{""position"":1,""characters"":[""C"",""D"",""E"",""G"",""I"",""L"",""N"",""P"",""R"",""S"",""T"",""Y""]},{""position"":2,""characters"":[""E"",""N"",""O"",""U""]},{""position"":3,""characters"":[""A"",""D"",""E"",""I"",""K"",""N"",""O"",""T""]},{""position"":4,""characters"":[""A"",""B"",""D"",""E"",""G"",""H"",""J"",""K"",""L"",""M"",""N"",""P"",""R"",""S"",""T"",""W"",""Y""]},{""position"":5,""characters"":[""A"",""E"",""I"",""R"",""U""]},{""position"":6,""characters"":[""A"",""E"",""I"",""N"",""O"",""U""]},{""position"":7,""characters"":[""H"",""I"",""N"",""O"",""P"",""R"",""V""]}]","true","false","A_TRUE_GAP","0","0","0","0","0","0","[]","[]","","false","false"
"13","ar_to_en","1","84","0","10","down","13","??P??????????","[{""position"":0,""characters"":[""A"",""C"",""D"",""E"",""G"",""I"",""L"",""N"",""O"",""P"",""R"",""S"",""T"",""U"",""Y""]},{""position"":1,""characters"":[""A"",""C"",""D"",""E"",""I"",""L"",""N"",""O"",""P"",""R"",""T"",""U"",""V""]},{""position"":2,""characters"":[""P""]},{""position"":3,""characters"":[""A"",""C"",""D"",""E"",""F"",""I"",""M"",""N"",""O"",""R"",""S"",""T"",""U""]},{""position"":4,""characters"":[""A"",""E"",""F"",""I"",""M"",""N"",""O"",""R"",""T"",""U""]},{""position"":5,""characters"":[""A"",""C"",""D"",""E"",""F"",""G"",""I"",""M"",""N"",""O"",""P"",""R"",""S"",""T"",""U""]},{""position"":6,""characters"":[""A"",""B"",""C"",""H"",""I"",""L"",""N"",""O"",""S"",""T"",""U""]},{""position"":7,""characters"":[""A"",""C"",""D"",""E"",""F"",""G"",""I"",""L"",""M"",""N"",""O"",""P"",""R"",""S"",""T"",""U"",""X""]},{""position"":8,""characters"":[""A"",""C"",""E"",""F"",""I"",""M"",""N"",""O"",""R"",""T"",""U""]},{""position"":9,""characters"":[""A"",""C"",""D"",""E"",""F"",""I"",""M"",""N"",""O"",""P"",""R"",""S"",""T"",""U""]},{""position"":10,""characters"":[""A"",""C"",""D"",""E"",""G"",""I"",""L"",""M"",""N"",""O"",""P"",""R"",""S"",""T"",""V""]},{""position"":11,""characters"":[""A"",""C"",""D"",""E"",""I"",""L"",""N"",""O"",""P"",""R"",""T""]},{""position"":12,""characters"":[""A"",""C"",""D"",""E"",""G"",""I"",""L"",""M"",""N"",""O"",""P"",""R"",""S"",""T"",""U"",""Y""]}]","true","false","B_USED_EXHAUSTION","1","1","1","0","0","0","[""OPPORTUNITIES""]","[]","100","false","false"
"13","ar_to_en","1","84","1","0","across","8","????O???","[{""position"":0,""characters"":[""A"",""E"",""I"",""R""]},{""position"":1,""characters"":[""C"",""D"",""E"",""G"",""I"",""L"",""N"",""P"",""R"",""S"",""T"",""Y""]},{""position"":2,""characters"":[""A"",""N"",""O"",""T""]},{""position"":3,""characters"":[""B"",""C"",""D"",""E"",""F"",""G"",""M"",""N"",""O"",""P"",""R"",""S"",""T""]},{""position"":4,""characters"":[""O""]},{""position"":5,""characters"":[""C"",""D"",""E"",""G"",""I"",""L"",""N"",""P"",""R"",""S"",""T"",""Y""]},{""position"":6,""characters"":[""A"",""O"",""R"",""U""]},{""position"":7,""characters"":[""A"",""E"",""F"",""I"",""L"",""N"",""O"",""S"",""T""]}]","true","false","A_TRUE_GAP","0","0","0","0","0","0","[]","[]","","false","false"
"13","ar_to_en","1","84","0","2","down","13","??L??????????","[{""position"":0,""characters"":[""A"",""C"",""D"",""E"",""G"",""I"",""L"",""M"",""N"",""O"",""P"",""R"",""S"",""T"",""U"",""Y""]},{""position"":1,""characters"":[""A"",""C"",""D"",""E"",""I"",""L"",""N"",""O"",""P"",""R"",""T"",""U"",""V""]},{""position"":2,""characters"":[""L""]},{""position"":3,""characters"":[""A"",""C"",""D"",""E"",""F"",""I"",""M"",""N"",""O"",""R"",""S"",""T"",""U""]},{""position"":4,""characters"":[""A"",""C"",""E"",""F"",""I"",""M"",""N"",""O"",""R"",""T"",""U""]},{""position"":5,""characters"":[""A"",""C"",""D"",""E"",""F"",""G"",""I"",""L"",""M"",""N"",""O"",""P"",""R"",""S"",""T"",""U"",""X""]},{""position"":6,""characters"":[""A"",""B"",""C"",""H"",""I"",""L"",""N"",""O"",""S"",""T"",""U""]},{""position"":7,""characters"":[""A"",""C"",""D"",""E"",""F"",""G"",""I"",""L"",""M"",""N"",""O"",""P"",""R"",""S"",""T"",""U""]},{""position"":8,""characters"":[""A"",""C"",""E"",""F"",""I"",""M"",""N"",""O"",""R"",""T"",""U""]},{""position"":9,""characters"":[""A"",""C"",""D"",""E"",""F"",""I"",""M"",""N"",""O"",""P"",""R"",""S"",""T"",""U""]},{""position"":10,""characters"":[""A"",""C"",""D"",""E"",""G"",""I"",""M"",""N"",""O"",""P"",""R"",""S"",""T"",""V""]},{""position"":11,""characters"":[""A"",""C"",""D"",""E"",""I"",""L"",""N"",""O"",""P"",""R"",""T"",""U""]},{""position"":12,""characters"":[""A"",""C"",""D"",""E"",""G"",""I"",""L"",""M"",""N"",""O"",""P"",""R"",""S"",""T"",""U"",""Y""]}]","true","false","B_USED_EXHAUSTION","1","1","1","0","0","0","[""AUTOMATICALLY""]","[]","100","false","false"
"13","ar_to_en","1","84","1","0","across","8","??R?????","[{""position"":0,""characters"":[""A"",""D"",""E"",""H"",""I"",""K"",""O"",""P""]},{""position"":1,""characters"":[""A"",""E"",""I"",""L"",""O""]},{""position"":2,""characters"":[""R""]},{""position"":3,""characters"":[""A"",""D"",""E"",""I"",""K"",""N"",""O"",""T""]},{""position"":4,""characters"":[""B"",""C"",""D"",""G"",""H"",""J"",""L"",""N"",""O"",""P"",""R"",""S"",""T"",""U"",""W"",""Y""]},{""position"":5,""characters"":[""C"",""L"",""N""]},{""position"":6,""characters"":[""A"",""D"",""E"",""H"",""I"",""K"",""O"",""P"",""U""]},{""position"":7,""characters"":[""A"",""E"",""I"",""N"",""O"",""S"",""T""]}]","true","false","A_TRUE_GAP","0","0","0","0","0","0","[]","[]","","false","false"
"13","ar_to_en","1","85","1","0","across","8","????????","[{""position"":0,""characters"":[""A"",""E"",""I"",""O"",""P""]},{""position"":1,""characters"":[""A"",""E"",""I"",""O"",""U""]},{""position"":2,""characters"":[""N"",""R""]},{""position"":3,""characters"":[""A"",""E"",""K"",""U""]},{""position"":4,""characters"":[""A"",""B"",""D"",""E"",""G"",""H"",""J"",""K"",""L"",""M"",""N"",""P"",""R"",""S"",""T"",""W"",""Y""]},{""position"":5,""characters"":[""A"",""E"",""I"",""N"",""O"",""U"",""W""]},{""position"":6,""characters"":[""A"",""C"",""E"",""I"",""N"",""O"",""P"",""R"",""U""]},{""position"":7,""characters"":[""C"",""D"",""E"",""G"",""H"",""L"",""N"",""P"",""R"",""S"",""T"",""V"",""W""]}]","true","false","A_TRUE_GAP","0","0","0","0","0","0","[]","[]","","false","false"
"13","ar_to_en","1","85","1","0","across","8","????????","[{""position"":0,""characters"":[""A"",""D"",""E"",""H"",""I"",""K"",""O"",""P""]},{""position"":1,""characters"":[""A"",""E"",""I"",""N"",""O"",""U""]},{""position"":2,""characters"":[""N"",""R"",""U""]},{""position"":3,""characters"":[""A"",""B"",""D"",""E"",""F"",""G"",""H"",""K"",""L"",""M"",""N"",""O"",""P"",""R"",""S"",""T"",""W""]},{""position"":4,""characters"":[""A"",""E""]},{""position"":5,""characters"":[""C"",""D"",""E"",""G"",""I"",""L"",""N"",""P"",""R"",""S"",""T"",""Y""]},{""position"":6,""characters"":[""A"",""C"",""E"",""I"",""N"",""O"",""P"",""R"",""U""]},{""position"":7,""characters"":[""A"",""C"",""D"",""E"",""G"",""I"",""L"",""N"",""O"",""T""]}]","true","false","A_TRUE_GAP","0","0","0","0","0","0","[]","[]","","false","false"
"13","ar_to_en","1","85","10","0","across","13","??I???????I??","[{""position"":0,""characters"":[""A"",""C"",""D"",""E"",""G"",""I"",""L"",""M"",""N"",""O"",""P"",""R"",""S"",""T"",""U"",""Y""]},{""position"":1,""characters"":[""A"",""C"",""D"",""E"",""I"",""L"",""N"",""O"",""P"",""R"",""T"",""U"",""V""]},{""position"":2,""characters"":[""I""]},{""position"":3,""characters"":[""A"",""C"",""D"",""E"",""F"",""I"",""M"",""N"",""O"",""R"",""S"",""T"",""U""]},{""position"":4,""characters"":[""A"",""C"",""E"",""F"",""I"",""M"",""N"",""O"",""R"",""T"",""U""]},{""position"":5,""characters"":[""A"",""C"",""D"",""E"",""F"",""G"",""I"",""L"",""M"",""N"",""O"",""P"",""R"",""S"",""T"",""U"",""X""]},{""position"":6,""characters"":[""A"",""B"",""C"",""H"",""I"",""L"",""N"",""O"",""S"",""T"",""U""]},{""position"":7,""characters"":[""A"",""C"",""D"",""E"",""F"",""G"",""I"",""L"",""M"",""N"",""O"",""P"",""R"",""S"",""T"",""U"",""X""]},{""position"":8,""characters"":[""A"",""C"",""E"",""F"",""I"",""M"",""N"",""O"",""R"",""T"",""U""]},{""position"":9,""characters"":[""A"",""C"",""D"",""E"",""F"",""I"",""M"",""N"",""O"",""P"",""R"",""S"",""T"",""U""]},{""position"":10,""characters"":[""I""]},{""position"":11,""characters"":[""A"",""C"",""D"",""E"",""I"",""L"",""N"",""O"",""P"",""R"",""T"",""U""]},{""position"":12,""characters"":[""A"",""C"",""D"",""E"",""G"",""I"",""L"",""M"",""N"",""O"",""P"",""R"",""S"",""T"",""U"",""Y""]}]","true","false","A_TRUE_GAP","0","0","0","0","0","0","[]","[]","","false","false"
"13","ar_to_en","1","85","0","2","down","13","??G??????????","[{""position"":0,""characters"":[""A"",""C"",""D"",""E"",""G"",""I"",""L"",""M"",""N"",""O"",""P"",""R"",""S"",""T"",""U"",""Y""]},{""position"":1,""characters"":[""A"",""C"",""D"",""E"",""I"",""L"",""N"",""O"",""P"",""R"",""T"",""U"",""V""]},{""position"":2,""characters"":[""G""]},{""position"":3,""characters"":[""A"",""C"",""D"",""E"",""F"",""I"",""M"",""N"",""O"",""R"",""S"",""T"",""U""]},{""position"":4,""characters"":[""A"",""C"",""E"",""F"",""I"",""M"",""N"",""O"",""R"",""T"",""U""]},{""position"":5,""characters"":[""A"",""C"",""D"",""E"",""F"",""G"",""I"",""L"",""M"",""N"",""O"",""P"",""R"",""S"",""T"",""U"",""X""]},{""position"":6,""characters"":[""A"",""B"",""C"",""H"",""I"",""L"",""N"",""O"",""S"",""T"",""U""]},{""position"":7,""characters"":[""A"",""C"",""D"",""E"",""F"",""G"",""I"",""L"",""M"",""N"",""O"",""P"",""R"",""S"",""T"",""U""]},{""position"":8,""characters"":[""A"",""C"",""E"",""F"",""I"",""M"",""N"",""O"",""R"",""T"",""U""]},{""position"":9,""characters"":[""A"",""C"",""D"",""E"",""F"",""I"",""M"",""N"",""O"",""P"",""R"",""S"",""T"",""U""]},{""position"":10,""characters"":[""A"",""C"",""D"",""E"",""I"",""L"",""M"",""N"",""O"",""P"",""R"",""S"",""T"",""V""]},{""position"":11,""characters"":[""A"",""C"",""D"",""E"",""I"",""L"",""N"",""O"",""P"",""R"",""T"",""U""]},{""position"":12,""characters"":[""A"",""C"",""D"",""E"",""G"",""I"",""L"",""M"",""N"",""O"",""P"",""R"",""S"",""T"",""U"",""Y""]}]","true","false","B_USED_EXHAUSTION","1","1","1","0","0","0","[""ORGANISATIONS""]","[]","100","false","false"
"13","ar_to_en","1","85","0","10","down","13","??G??????????","[{""position"":0,""characters"":[""A"",""C"",""D"",""E"",""G"",""I"",""L"",""N"",""O"",""P"",""R"",""S"",""T"",""U"",""Y""]},{""position"":1,""characters"":[""A"",""C"",""D"",""E"",""I"",""L"",""N"",""O"",""P"",""R"",""T"",""U"",""V""]},{""position"":2,""characters"":[""G""]},{""position"":3,""characters"":[""A"",""C"",""D"",""E"",""F"",""I"",""M"",""N"",""O"",""R"",""S"",""T"",""U""]},{""position"":4,""characters"":[""A"",""E"",""F"",""I"",""M"",""N"",""O"",""R"",""T"",""U""]},{""position"":5,""characters"":[""A"",""C"",""D"",""E"",""F"",""G"",""I"",""M"",""N"",""O"",""P"",""R"",""S"",""T"",""U""]},{""position"":6,""characters"":[""A"",""B"",""C"",""H"",""I"",""L"",""N"",""O"",""S"",""T"",""U""]},{""position"":7,""characters"":[""A"",""C"",""D"",""E"",""F"",""G"",""I"",""L"",""M"",""N"",""O"",""P"",""R"",""S"",""T"",""U"",""X""]},{""position"":8,""characters"":[""A"",""C"",""E"",""F"",""I"",""M"",""N"",""O"",""R"",""T"",""U""]},{""position"":9,""characters"":[""A"",""C"",""D"",""E"",""F"",""I"",""M"",""N"",""O"",""P"",""R"",""S"",""T"",""U""]},{""position"":10,""characters"":[""A"",""C"",""D"",""E"",""I"",""L"",""M"",""N"",""O"",""P"",""R"",""S"",""T"",""V""]},{""position"":11,""characters"":[""A"",""C"",""D"",""E"",""I"",""L"",""N"",""O"",""P"",""R"",""T""]},{""position"":12,""characters"":[""A"",""C"",""D"",""E"",""G"",""I"",""L"",""M"",""N"",""O"",""P"",""R"",""S"",""T"",""U"",""Y""]}]","true","false","B_USED_EXHAUSTION","1","1","1","0","0","0","[""ORGANISATIONS""]","[]","100","false","false"
"13","ar_to_en","1","85","0","10","down","13","??D??????????","[{""position"":0,""characters"":[""A"",""C"",""D"",""E"",""G"",""I"",""L"",""N"",""O"",""P"",""R"",""S"",""T"",""U"",""Y""]},{""position"":1,""characters"":[""A"",""C"",""D"",""E"",""I"",""L"",""N"",""O"",""P"",""R"",""T"",""U"",""V""]},{""position"":2,""characters"":[""D""]},{""position"":3,""characters"":[""A"",""C"",""D"",""E"",""F"",""I"",""M"",""N"",""O"",""R"",""S"",""T"",""U""]},{""position"":4,""characters"":[""A"",""E"",""F"",""I"",""M"",""N"",""O"",""R"",""T"",""U""]},{""position"":5,""characters"":[""A"",""C"",""D"",""E"",""F"",""G"",""I"",""M"",""N"",""O"",""P"",""R"",""S"",""T"",""U""]},{""position"":6,""characters"":[""A"",""B"",""C"",""H"",""I"",""L"",""N"",""O"",""S"",""T"",""U""]},{""position"":7,""characters"":[""A"",""C"",""D"",""E"",""F"",""G"",""I"",""L"",""M"",""N"",""O"",""P"",""R"",""S"",""T"",""U"",""X""]},{""position"":8,""characters"":[""A"",""C"",""E"",""F"",""I"",""M"",""N"",""O"",""R"",""T"",""U""]},{""position"":9,""characters"":[""A"",""C"",""D"",""E"",""F"",""I"",""M"",""N"",""O"",""P"",""R"",""S"",""T"",""U""]},{""position"":10,""characters"":[""A"",""C"",""D"",""E"",""G"",""I"",""L"",""M"",""N"",""O"",""P"",""R"",""S"",""T"",""V""]},{""position"":11,""characters"":[""A"",""C"",""D"",""E"",""I"",""L"",""N"",""O"",""P"",""R"",""T""]},{""position"":12,""characters"":[""A"",""C"",""D"",""E"",""G"",""I"",""L"",""M"",""N"",""O"",""P"",""R"",""S"",""T"",""U"",""Y""]}]","true","false","B_USED_EXHAUSTION","1","1","1","0","0","0","[""UNDERSTANDING""]","[]","100","false","false"
"13","ar_to_en","1","85","1","0","across","8","????????","[{""position"":0,""characters"":[""A"",""O"",""R""]},{""position"":1,""characters"":[""A"",""D"",""G"",""H"",""I"",""L"",""N"",""O"",""U""]},{""position"":2,""characters"":[""A"",""N"",""O"",""T""]},{""position"":3,""characters"":[""A"",""E""]},{""position"":4,""characters"":[""A"",""C"",""E"",""M"",""T"",""Y""]},{""position"":5,""characters"":[""C"",""L"",""N""]},{""position"":6,""characters"":[""A"",""E"",""I"",""O"",""U"",""Y""]},{""position"":7,""characters"":[""D"",""E"",""L"",""O"",""Q"",""R""]}]","true","false","A_TRUE_GAP","0","0","0","0","0","0","[]","[]","","false","false"
"13","ar_to_en","1","85","1","0","across","8","????????","[{""position"":0,""characters"":[""A"",""D"",""E"",""H"",""I"",""K"",""O"",""P""]},{""position"":1,""characters"":[""A"",""E"",""I"",""N"",""O"",""U""]},{""position"":2,""characters"":[""N"",""R"",""U""]},{""position"":3,""characters"":[""A"",""B"",""D"",""E"",""F"",""G"",""H"",""K"",""L"",""M"",""N"",""O"",""P"",""R"",""S"",""T"",""W""]},{""position"":4,""characters"":[""A"",""E""]},{""position"":5,""characters"":[""O"",""S""]},{""position"":6,""characters"":[""A"",""E"",""I"",""O"",""U"",""Y""]},{""position"":7,""characters"":[""A"",""B"",""D"",""E"",""N"",""O"",""S"",""T"",""V""]}]","true","false","A_TRUE_GAP","0","0","0","0","0","0","[]","[]","","false","false"
"13","ar_to_en","1","85","1","0","across","8","????O???","[{""position"":0,""characters"":[""A"",""E"",""I"",""R""]},{""position"":1,""characters"":[""C"",""D"",""E"",""G"",""I"",""L"",""N"",""P"",""R"",""S"",""T"",""Y""]},{""position"":2,""characters"":[""A"",""N"",""O"",""T""]},{""position"":3,""characters"":[""B"",""C"",""D"",""E"",""F"",""G"",""M"",""N"",""O"",""P"",""R"",""S"",""T""]},{""position"":4,""characters"":[""O""]},{""position"":5,""characters"":[""C"",""D"",""E"",""G"",""I"",""L"",""N"",""P"",""R"",""S"",""T"",""Y""]},{""position"":6,""characters"":[""A"",""O"",""R"",""U""]},{""position"":7,""characters"":[""A"",""E"",""F"",""I"",""L"",""N"",""O"",""S"",""T""]}]","true","false","A_TRUE_GAP","0","0","0","0","0","0","[]","[]","","false","false"
"13","ar_to_en","1","85","1","0","across","8","????????","[{""position"":0,""characters"":[""A"",""D"",""E"",""H"",""I"",""K"",""O"",""P""]},{""position"":1,""characters"":[""A"",""E"",""I"",""N"",""O"",""U""]},{""position"":2,""characters"":[""N"",""R"",""U""]},{""position"":3,""characters"":[""A"",""B"",""D"",""E"",""F"",""G"",""H"",""K"",""L"",""M"",""N"",""O"",""P"",""R"",""S"",""T"",""W""]},{""position"":4,""characters"":[""A"",""E""]},{""position"":5,""characters"":[""C"",""D"",""E"",""G"",""I"",""L"",""N"",""P"",""R"",""S"",""T"",""Y""]},{""position"":6,""characters"":[""A"",""O"",""R"",""U""]},{""position"":7,""characters"":[""A"",""B"",""D"",""E"",""N"",""O"",""S"",""T"",""V""]}]","true","false","A_TRUE_GAP","0","0","0","0","0","0","[]","[]","","false","false"
"13","ar_to_en","1","85","1","0","across","8","????????","[{""position"":0,""characters"":[""A"",""E"",""I"",""O"",""P""]},{""position"":1,""characters"":[""C"",""D"",""E"",""G"",""I"",""L"",""N"",""P"",""R"",""S"",""T"",""Y""]},{""position"":2,""characters"":[""E"",""I""]},{""position"":3,""characters"":[""A"",""E""]},{""position"":4,""characters"":[""A"",""B"",""D"",""E"",""G"",""H"",""K"",""L"",""M"",""N"",""O"",""P"",""R"",""S"",""T"",""W""]},{""position"":5,""characters"":[""A"",""O"",""R"",""U""]},{""position"":6,""characters"":[""C"",""K"",""L"",""N""]},{""position"":7,""characters"":[""E"",""H"",""M"",""O"",""P"",""Y""]}]","true","false","A_TRUE_GAP","0","0","0","0","0","0","[]","[]","","false","false"
"13","ar_to_en","1","85","1","0","across","8","????????","[{""position"":0,""characters"":[""A"",""E"",""I"",""L"",""O""]},{""position"":1,""characters"":[""C"",""D"",""E"",""G"",""I"",""L"",""N"",""P"",""R"",""S"",""T"",""Y""]},{""position"":2,""characters"":[""E"",""N"",""O"",""U""]},{""position"":3,""characters"":[""A"",""D"",""E"",""I"",""K"",""N"",""O"",""T""]},{""position"":4,""characters"":[""A"",""B"",""D"",""E"",""G"",""H"",""J"",""K"",""L"",""M"",""N"",""P"",""R"",""S"",""T"",""W"",""Y""]},{""position"":5,""characters"":[""A"",""E"",""I"",""R"",""U""]},{""position"":6,""characters"":[""A"",""E"",""I"",""N"",""O"",""U""]},{""position"":7,""characters"":[""H"",""I"",""N"",""O"",""P"",""R"",""V""]}]","true","false","A_TRUE_GAP","0","0","0","0","0","0","[]","[]","","false","false"
"13","ar_to_en","1","85","0","10","down","13","??P??????????","[{""position"":0,""characters"":[""A"",""C"",""D"",""E"",""G"",""I"",""L"",""N"",""O"",""P"",""R"",""S"",""T"",""U"",""Y""]},{""position"":1,""characters"":[""A"",""C"",""D"",""E"",""I"",""L"",""N"",""O"",""P"",""R"",""T"",""U"",""V""]},{""position"":2,""characters"":[""P""]},{""position"":3,""characters"":[""A"",""C"",""D"",""E"",""F"",""I"",""M"",""N"",""O"",""R"",""S"",""T"",""U""]},{""position"":4,""characters"":[""A"",""E"",""F"",""I"",""M"",""N"",""O"",""R"",""T"",""U""]},{""position"":5,""characters"":[""A"",""C"",""D"",""E"",""F"",""G"",""I"",""M"",""N"",""O"",""P"",""R"",""S"",""T"",""U""]},{""position"":6,""characters"":[""A"",""B"",""C"",""H"",""I"",""L"",""N"",""O"",""S"",""T"",""U""]},{""position"":7,""characters"":[""A"",""C"",""D"",""E"",""F"",""G"",""I"",""L"",""M"",""N"",""O"",""P"",""R"",""S"",""T"",""U"",""X""]},{""position"":8,""characters"":[""A"",""C"",""E"",""F"",""I"",""M"",""N"",""O"",""R"",""T"",""U""]},{""position"":9,""characters"":[""A"",""C"",""D"",""E"",""F"",""I"",""M"",""N"",""O"",""P"",""R"",""S"",""T"",""U""]},{""position"":10,""characters"":[""A"",""C"",""D"",""E"",""G"",""I"",""L"",""M"",""N"",""O"",""P"",""R"",""S"",""T"",""V""]},{""position"":11,""characters"":[""A"",""C"",""D"",""E"",""I"",""L"",""N"",""O"",""P"",""R"",""T""]},{""position"":12,""characters"":[""A"",""C"",""D"",""E"",""G"",""I"",""L"",""M"",""N"",""O"",""P"",""R"",""S"",""T"",""U"",""Y""]}]","true","false","B_USED_EXHAUSTION","1","1","1","0","0","0","[""OPPORTUNITIES""]","[]","100","false","false"
"13","ar_to_en","1","85","1","0","across","8","????O???","[{""position"":0,""characters"":[""A"",""E"",""I"",""R""]},{""position"":1,""characters"":[""C"",""D"",""E"",""G"",""I"",""L"",""N"",""P"",""R"",""S"",""T"",""Y""]},{""position"":2,""characters"":[""A"",""N"",""O"",""T""]},{""position"":3,""characters"":[""B"",""C"",""D"",""E"",""F"",""G"",""M"",""N"",""O"",""P"",""R"",""S"",""T""]},{""position"":4,""characters"":[""O""]},{""position"":5,""characters"":[""C"",""D"",""E"",""G"",""I"",""L"",""N"",""P"",""R"",""S"",""T"",""Y""]},{""position"":6,""characters"":[""A"",""O"",""R"",""U""]},{""position"":7,""characters"":[""A"",""E"",""F"",""I"",""L"",""N"",""O"",""S"",""T""]}]","true","false","A_TRUE_GAP","0","0","0","0","0","0","[]","[]","","false","false"
"13","ar_to_en","1","85","0","2","down","13","??L??????????","[{""position"":0,""characters"":[""A"",""C"",""D"",""E"",""G"",""I"",""L"",""M"",""N"",""O"",""P"",""R"",""S"",""T"",""U"",""Y""]},{""position"":1,""characters"":[""A"",""C"",""D"",""E"",""I"",""L"",""N"",""O"",""P"",""R"",""T"",""U"",""V""]},{""position"":2,""characters"":[""L""]},{""position"":3,""characters"":[""A"",""C"",""D"",""E"",""F"",""I"",""M"",""N"",""O"",""R"",""S"",""T"",""U""]},{""position"":4,""characters"":[""A"",""C"",""E"",""F"",""I"",""M"",""N"",""O"",""R"",""T"",""U""]},{""position"":5,""characters"":[""A"",""C"",""D"",""E"",""F"",""G"",""I"",""L"",""M"",""N"",""O"",""P"",""R"",""S"",""T"",""U"",""X""]},{""position"":6,""characters"":[""A"",""B"",""C"",""H"",""I"",""L"",""N"",""O"",""S"",""T"",""U""]},{""position"":7,""characters"":[""A"",""C"",""D"",""E"",""F"",""G"",""I"",""L"",""M"",""N"",""O"",""P"",""R"",""S"",""T"",""U""]},{""position"":8,""characters"":[""A"",""C"",""E"",""F"",""I"",""M"",""N"",""O"",""R"",""T"",""U""]},{""position"":9,""characters"":[""A"",""C"",""D"",""E"",""F"",""I"",""M"",""N"",""O"",""P"",""R"",""S"",""T"",""U""]},{""position"":10,""characters"":[""A"",""C"",""D"",""E"",""G"",""I"",""M"",""N"",""O"",""P"",""R"",""S"",""T"",""V""]},{""position"":11,""characters"":[""A"",""C"",""D"",""E"",""I"",""L"",""N"",""O"",""P"",""R"",""T"",""U""]},{""position"":12,""characters"":[""A"",""C"",""D"",""E"",""G"",""I"",""L"",""M"",""N"",""O"",""P"",""R"",""S"",""T"",""U"",""Y""]}]","true","false","B_USED_EXHAUSTION","1","1","1","0","0","0","[""AUTOMATICALLY""]","[]","100","false","false"
"13","ar_to_en","1","86","0","0","down","3","?CE","[{""position"":0,""characters"":[""A"",""B"",""D"",""E"",""O"",""P"",""S"",""T""]},{""position"":1,""characters"":[""C""]},{""position"":2,""characters"":[""E""]}]","true","false","A_TRUE_GAP","0","0","0","0","0","0","[]","[]","","false","false"
"13","ar_to_en","1","86","1","0","across","8","????????","[{""position"":0,""characters"":[""A"",""E"",""I"",""O"",""P""]},{""position"":1,""characters"":[""A"",""E"",""I"",""O"",""U""]},{""position"":2,""characters"":[""N"",""R""]},{""position"":3,""characters"":[""A"",""E"",""K"",""U""]},{""position"":4,""characters"":[""A"",""B"",""D"",""E"",""G"",""H"",""J"",""K"",""L"",""M"",""N"",""P"",""R"",""S"",""T"",""W"",""Y""]},{""position"":5,""characters"":[""A"",""E"",""I"",""N"",""O"",""U"",""W""]},{""position"":6,""characters"":[""A"",""C"",""E"",""I"",""N"",""O"",""P"",""R"",""U""]},{""position"":7,""characters"":[""C"",""D"",""E"",""G"",""H"",""L"",""N"",""P"",""R"",""S"",""T"",""V"",""W""]}]","true","false","A_TRUE_GAP","0","0","0","0","0","0","[]","[]","","false","false"
"13","ar_to_en","1","86","1","0","across","8","????????","[{""position"":0,""characters"":[""A"",""D"",""E"",""H"",""I"",""K"",""O"",""P""]},{""position"":1,""characters"":[""A"",""E"",""I"",""N"",""O"",""U""]},{""position"":2,""characters"":[""N"",""R"",""U""]},{""position"":3,""characters"":[""A"",""B"",""D"",""E"",""F"",""G"",""H"",""K"",""L"",""M"",""N"",""O"",""P"",""R"",""S"",""T"",""W""]},{""position"":4,""characters"":[""A"",""E""]},{""position"":5,""characters"":[""C"",""D"",""E"",""G"",""I"",""L"",""N"",""P"",""R"",""S"",""T"",""Y""]},{""position"":6,""characters"":[""A"",""C"",""E"",""I"",""N"",""O"",""P"",""R"",""U""]},{""position"":7,""characters"":[""A"",""C"",""D"",""E"",""G"",""I"",""L"",""N"",""O"",""T""]}]","true","false","A_TRUE_GAP","0","0","0","0","0","0","[]","[]","","false","false"
"13","ar_to_en","1","86","10","0","across","13","??I???????I??","[{""position"":0,""characters"":[""A"",""C"",""D"",""E"",""G"",""I"",""L"",""M"",""N"",""O"",""P"",""R"",""S"",""T"",""U"",""Y""]},{""position"":1,""characters"":[""A"",""C"",""D"",""E"",""I"",""L"",""N"",""O"",""P"",""R"",""T"",""U"",""V""]},{""position"":2,""characters"":[""I""]},{""position"":3,""characters"":[""A"",""C"",""D"",""E"",""F"",""I"",""M"",""N"",""O"",""R"",""S"",""T"",""U""]},{""position"":4,""characters"":[""A"",""C"",""E"",""F"",""I"",""M"",""N"",""O"",""R"",""T"",""U""]},{""position"":5,""characters"":[""A"",""C"",""D"",""E"",""F"",""G"",""I"",""L"",""M"",""N"",""O"",""P"",""R"",""S"",""T"",""U"",""X""]},{""position"":6,""characters"":[""A"",""B"",""C"",""H"",""I"",""L"",""N"",""O"",""S"",""T"",""U""]},{""position"":7,""characters"":[""A"",""C"",""D"",""E"",""F"",""G"",""I"",""L"",""M"",""N"",""O"",""P"",""R"",""S"",""T"",""U"",""X""]},{""position"":8,""characters"":[""A"",""C"",""E"",""F"",""I"",""M"",""N"",""O"",""R"",""T"",""U""]},{""position"":9,""characters"":[""A"",""C"",""D"",""E"",""F"",""I"",""M"",""N"",""O"",""P"",""R"",""S"",""T"",""U""]},{""position"":10,""characters"":[""I""]},{""position"":11,""characters"":[""A"",""C"",""D"",""E"",""I"",""L"",""N"",""O"",""P"",""R"",""T"",""U""]},{""position"":12,""characters"":[""A"",""C"",""D"",""E"",""G"",""I"",""L"",""M"",""N"",""O"",""P"",""R"",""S"",""T"",""U"",""Y""]}]","true","false","A_TRUE_GAP","0","0","0","0","0","0","[]","[]","","false","false"
"13","ar_to_en","1","86","0","2","down","13","??G??????????","[{""position"":0,""characters"":[""A"",""C"",""D"",""E"",""G"",""I"",""L"",""M"",""N"",""O"",""P"",""R"",""S"",""T"",""U"",""Y""]},{""position"":1,""characters"":[""A"",""C"",""D"",""E"",""I"",""L"",""N"",""O"",""P"",""R"",""T"",""U"",""V""]},{""position"":2,""characters"":[""G""]},{""position"":3,""characters"":[""A"",""C"",""D"",""E"",""F"",""I"",""M"",""N"",""O"",""R"",""S"",""T"",""U""]},{""position"":4,""characters"":[""A"",""C"",""E"",""F"",""I"",""M"",""N"",""O"",""R"",""T"",""U""]},{""position"":5,""characters"":[""A"",""C"",""D"",""E"",""F"",""G"",""I"",""L"",""M"",""N"",""O"",""P"",""R"",""S"",""T"",""U"",""X""]},{""position"":6,""characters"":[""A"",""B"",""C"",""H"",""I"",""L"",""N"",""O"",""S"",""T"",""U""]},{""position"":7,""characters"":[""A"",""C"",""D"",""E"",""F"",""G"",""I"",""L"",""M"",""N"",""O"",""P"",""R"",""S"",""T"",""U""]},{""position"":8,""characters"":[""A"",""C"",""E"",""F"",""I"",""M"",""N"",""O"",""R"",""T"",""U""]},{""position"":9,""characters"":[""A"",""C"",""D"",""E"",""F"",""I"",""M"",""N"",""O"",""P"",""R"",""S"",""T"",""U""]},{""position"":10,""characters"":[""A"",""C"",""D"",""E"",""I"",""L"",""M"",""N"",""O"",""P"",""R"",""S"",""T"",""V""]},{""position"":11,""characters"":[""A"",""C"",""D"",""E"",""I"",""L"",""N"",""O"",""P"",""R"",""T"",""U""]},{""position"":12,""characters"":[""A"",""C"",""D"",""E"",""G"",""I"",""L"",""M"",""N"",""O"",""P"",""R"",""S"",""T"",""U"",""Y""]}]","true","false","B_USED_EXHAUSTION","1","1","1","0","0","0","[""ORGANISATIONS""]","[]","100","false","false"
"13","ar_to_en","1","86","0","10","down","13","??G??????????","[{""position"":0,""characters"":[""A"",""C"",""D"",""E"",""G"",""I"",""L"",""N"",""O"",""P"",""R"",""S"",""T"",""U"",""Y""]},{""position"":1,""characters"":[""A"",""C"",""D"",""E"",""I"",""L"",""N"",""O"",""P"",""R"",""T"",""U"",""V""]},{""position"":2,""characters"":[""G""]},{""position"":3,""characters"":[""A"",""C"",""D"",""E"",""F"",""I"",""M"",""N"",""O"",""R"",""S"",""T"",""U""]},{""position"":4,""characters"":[""A"",""E"",""F"",""I"",""M"",""N"",""O"",""R"",""T"",""U""]},{""position"":5,""characters"":[""A"",""C"",""D"",""E"",""F"",""G"",""I"",""M"",""N"",""O"",""P"",""R"",""S"",""T"",""U""]},{""position"":6,""characters"":[""A"",""B"",""C"",""H"",""I"",""L"",""N"",""O"",""S"",""T"",""U""]},{""position"":7,""characters"":[""A"",""C"",""D"",""E"",""F"",""G"",""I"",""L"",""M"",""N"",""O"",""P"",""R"",""S"",""T"",""U"",""X""]},{""position"":8,""characters"":[""A"",""C"",""E"",""F"",""I"",""M"",""N"",""O"",""R"",""T"",""U""]},{""position"":9,""characters"":[""A"",""C"",""D"",""E"",""F"",""I"",""M"",""N"",""O"",""P"",""R"",""S"",""T"",""U""]},{""position"":10,""characters"":[""A"",""C"",""D"",""E"",""I"",""L"",""M"",""N"",""O"",""P"",""R"",""S"",""T"",""V""]},{""position"":11,""characters"":[""A"",""C"",""D"",""E"",""I"",""L"",""N"",""O"",""P"",""R"",""T""]},{""position"":12,""characters"":[""A"",""C"",""D"",""E"",""G"",""I"",""L"",""M"",""N"",""O"",""P"",""R"",""S"",""T"",""U"",""Y""]}]","true","false","B_USED_EXHAUSTION","1","1","1","0","0","0","[""ORGANISATIONS""]","[]","100","false","false"
"13","ar_to_en","1","86","0","10","down","13","??D??????????","[{""position"":0,""characters"":[""A"",""C"",""D"",""E"",""G"",""I"",""L"",""N"",""O"",""P"",""R"",""S"",""T"",""U"",""Y""]},{""position"":1,""characters"":[""A"",""C"",""D"",""E"",""I"",""L"",""N"",""O"",""P"",""R"",""T"",""U"",""V""]},{""position"":2,""characters"":[""D""]},{""position"":3,""characters"":[""A"",""C"",""D"",""E"",""F"",""I"",""M"",""N"",""O"",""R"",""S"",""T"",""U""]},{""position"":4,""characters"":[""A"",""E"",""F"",""I"",""M"",""N"",""O"",""R"",""T"",""U""]},{""position"":5,""characters"":[""A"",""C"",""D"",""E"",""F"",""G"",""I"",""M"",""N"",""O"",""P"",""R"",""S"",""T"",""U""]},{""position"":6,""characters"":[""A"",""B"",""C"",""H"",""I"",""L"",""N"",""O"",""S"",""T"",""U""]},{""position"":7,""characters"":[""A"",""C"",""D"",""E"",""F"",""G"",""I"",""L"",""M"",""N"",""O"",""P"",""R"",""S"",""T"",""U"",""X""]},{""position"":8,""characters"":[""A"",""C"",""E"",""F"",""I"",""M"",""N"",""O"",""R"",""T"",""U""]},{""position"":9,""characters"":[""A"",""C"",""D"",""E"",""F"",""I"",""M"",""N"",""O"",""P"",""R"",""S"",""T"",""U""]},{""position"":10,""characters"":[""A"",""C"",""D"",""E"",""G"",""I"",""L"",""M"",""N"",""O"",""P"",""R"",""S"",""T"",""V""]},{""position"":11,""characters"":[""A"",""C"",""D"",""E"",""I"",""L"",""N"",""O"",""P"",""R"",""T""]},{""position"":12,""characters"":[""A"",""C"",""D"",""E"",""G"",""I"",""L"",""M"",""N"",""O"",""P"",""R"",""S"",""T"",""U"",""Y""]}]","true","false","B_USED_EXHAUSTION","1","1","1","0","0","0","[""UNDERSTANDING""]","[]","100","false","false"
"13","ar_to_en","1","86","1","0","across","8","????????","[{""position"":0,""characters"":[""A"",""O"",""R""]},{""position"":1,""characters"":[""A"",""D"",""G"",""H"",""I"",""L"",""N"",""O"",""U""]},{""position"":2,""characters"":[""A"",""N"",""O"",""T""]},{""position"":3,""characters"":[""A"",""E""]},{""position"":4,""characters"":[""A"",""C"",""E"",""M"",""T"",""Y""]},{""position"":5,""characters"":[""C"",""L"",""N""]},{""position"":6,""characters"":[""A"",""E"",""I"",""O"",""U"",""Y""]},{""position"":7,""characters"":[""D"",""E"",""L"",""O"",""Q"",""R""]}]","true","false","A_TRUE_GAP","0","0","0","0","0","0","[]","[]","","false","false"
"13","ar_to_en","1","86","1","0","across","8","????????","[{""position"":0,""characters"":[""A"",""D"",""E"",""H"",""I"",""K"",""O"",""P""]},{""position"":1,""characters"":[""A"",""E"",""I"",""N"",""O"",""U""]},{""position"":2,""characters"":[""N"",""R"",""U""]},{""position"":3,""characters"":[""A"",""B"",""D"",""E"",""F"",""G"",""H"",""K"",""L"",""M"",""N"",""O"",""P"",""R"",""S"",""T"",""W""]},{""position"":4,""characters"":[""A"",""E""]},{""position"":5,""characters"":[""O"",""S""]},{""position"":6,""characters"":[""A"",""E"",""I"",""O"",""U"",""Y""]},{""position"":7,""characters"":[""A"",""B"",""D"",""E"",""N"",""O"",""S"",""T"",""V""]}]","true","false","A_TRUE_GAP","0","0","0","0","0","0","[]","[]","","false","false"
"13","ar_to_en","1","86","1","0","across","8","????O???","[{""position"":0,""characters"":[""A"",""E"",""I"",""R""]},{""position"":1,""characters"":[""C"",""D"",""E"",""G"",""I"",""L"",""N"",""P"",""R"",""S"",""T"",""Y""]},{""position"":2,""characters"":[""A"",""N"",""O"",""T""]},{""position"":3,""characters"":[""B"",""C"",""D"",""E"",""F"",""G"",""M"",""N"",""O"",""P"",""R"",""S"",""T""]},{""position"":4,""characters"":[""O""]},{""position"":5,""characters"":[""C"",""D"",""E"",""G"",""I"",""L"",""N"",""P"",""R"",""S"",""T"",""Y""]},{""position"":6,""characters"":[""A"",""O"",""R"",""U""]},{""position"":7,""characters"":[""A"",""E"",""F"",""I"",""L"",""N"",""O"",""S"",""T""]}]","true","false","A_TRUE_GAP","0","0","0","0","0","0","[]","[]","","false","false"
"13","ar_to_en","1","86","1","0","across","8","????????","[{""position"":0,""characters"":[""A"",""D"",""E"",""H"",""I"",""K"",""O"",""P""]},{""position"":1,""characters"":[""A"",""E"",""I"",""N"",""O"",""U""]},{""position"":2,""characters"":[""N"",""R"",""U""]},{""position"":3,""characters"":[""A"",""B"",""D"",""E"",""F"",""G"",""H"",""K"",""L"",""M"",""N"",""O"",""P"",""R"",""S"",""T"",""W""]},{""position"":4,""characters"":[""A"",""E""]},{""position"":5,""characters"":[""C"",""D"",""E"",""G"",""I"",""L"",""N"",""P"",""R"",""S"",""T"",""Y""]},{""position"":6,""characters"":[""A"",""O"",""R"",""U""]},{""position"":7,""characters"":[""A"",""B"",""D"",""E"",""N"",""O"",""S"",""T"",""V""]}]","true","false","A_TRUE_GAP","0","0","0","0","0","0","[]","[]","","false","false"
"13","ar_to_en","1","86","1","0","across","8","????????","[{""position"":0,""characters"":[""A"",""E"",""I"",""O"",""P""]},{""position"":1,""characters"":[""C"",""D"",""E"",""G"",""I"",""L"",""N"",""P"",""R"",""S"",""T"",""Y""]},{""position"":2,""characters"":[""E"",""I""]},{""position"":3,""characters"":[""A"",""E""]},{""position"":4,""characters"":[""A"",""B"",""D"",""E"",""G"",""H"",""K"",""L"",""M"",""N"",""O"",""P"",""R"",""S"",""T"",""W""]},{""position"":5,""characters"":[""A"",""O"",""R"",""U""]},{""position"":6,""characters"":[""C"",""K"",""L"",""N""]},{""position"":7,""characters"":[""E"",""H"",""M"",""O"",""P"",""Y""]}]","true","false","A_TRUE_GAP","0","0","0","0","0","0","[]","[]","","false","false"
"13","ar_to_en","1","86","1","0","across","8","????????","[{""position"":0,""characters"":[""A"",""E"",""I"",""L"",""O""]},{""position"":1,""characters"":[""C"",""D"",""E"",""G"",""I"",""L"",""N"",""P"",""R"",""S"",""T"",""Y""]},{""position"":2,""characters"":[""E"",""N"",""O"",""U""]},{""position"":3,""characters"":[""A"",""D"",""E"",""I"",""K"",""N"",""O"",""T""]},{""position"":4,""characters"":[""A"",""B"",""D"",""E"",""G"",""H"",""J"",""K"",""L"",""M"",""N"",""P"",""R"",""S"",""T"",""W"",""Y""]},{""position"":5,""characters"":[""A"",""E"",""I"",""R"",""U""]},{""position"":6,""characters"":[""A"",""E"",""I"",""N"",""O"",""U""]},{""position"":7,""characters"":[""H"",""I"",""N"",""O"",""P"",""R"",""V""]}]","true","false","A_TRUE_GAP","0","0","0","0","0","0","[]","[]","","false","false"
"13","ar_to_en","1","86","0","10","down","13","??P??????????","[{""position"":0,""characters"":[""A"",""C"",""D"",""E"",""G"",""I"",""L"",""N"",""O"",""P"",""R"",""S"",""T"",""U"",""Y""]},{""position"":1,""characters"":[""A"",""C"",""D"",""E"",""I"",""L"",""N"",""O"",""P"",""R"",""T"",""U"",""V""]},{""position"":2,""characters"":[""P""]},{""position"":3,""characters"":[""A"",""C"",""D"",""E"",""F"",""I"",""M"",""N"",""O"",""R"",""S"",""T"",""U""]},{""position"":4,""characters"":[""A"",""E"",""F"",""I"",""M"",""N"",""O"",""R"",""T"",""U""]},{""position"":5,""characters"":[""A"",""C"",""D"",""E"",""F"",""G"",""I"",""M"",""N"",""O"",""P"",""R"",""S"",""T"",""U""]},{""position"":6,""characters"":[""A"",""B"",""C"",""H"",""I"",""L"",""N"",""O"",""S"",""T"",""U""]},{""position"":7,""characters"":[""A"",""C"",""D"",""E"",""F"",""G"",""I"",""L"",""M"",""N"",""O"",""P"",""R"",""S"",""T"",""U"",""X""]},{""position"":8,""characters"":[""A"",""C"",""E"",""F"",""I"",""M"",""N"",""O"",""R"",""T"",""U""]},{""position"":9,""characters"":[""A"",""C"",""D"",""E"",""F"",""I"",""M"",""N"",""O"",""P"",""R"",""S"",""T"",""U""]},{""position"":10,""characters"":[""A"",""C"",""D"",""E"",""G"",""I"",""L"",""M"",""N"",""O"",""P"",""R"",""S"",""T"",""V""]},{""position"":11,""characters"":[""A"",""C"",""D"",""E"",""I"",""L"",""N"",""O"",""P"",""R"",""T""]},{""position"":12,""characters"":[""A"",""C"",""D"",""E"",""G"",""I"",""L"",""M"",""N"",""O"",""P"",""R"",""S"",""T"",""U"",""Y""]}]","true","false","B_USED_EXHAUSTION","1","1","1","0","0","0","[""OPPORTUNITIES""]","[]","100","false","false"
"13","ar_to_en","1","86","1","0","across","8","????O???","[{""position"":0,""characters"":[""A"",""E"",""I"",""R""]},{""position"":1,""characters"":[""C"",""D"",""E"",""G"",""I"",""L"",""N"",""P"",""R"",""S"",""T"",""Y""]},{""position"":2,""characters"":[""A"",""N"",""O"",""T""]},{""position"":3,""characters"":[""B"",""C"",""D"",""E"",""F"",""G"",""M"",""N"",""O"",""P"",""R"",""S"",""T""]},{""position"":4,""characters"":[""O""]},{""position"":5,""characters"":[""C"",""D"",""E"",""G"",""I"",""L"",""N"",""P"",""R"",""S"",""T"",""Y""]},{""position"":6,""characters"":[""A"",""O"",""R"",""U""]},{""position"":7,""characters"":[""A"",""E"",""F"",""I"",""L"",""N"",""O"",""S"",""T""]}]","true","false","A_TRUE_GAP","0","0","0","0","0","0","[]","[]","","false","false"
"13","ar_to_en","1","87","0","10","down","13","??S??????????","[{""position"":0,""characters"":[""A"",""C"",""D"",""E"",""G"",""I"",""L"",""N"",""O"",""P"",""R"",""S"",""T"",""U"",""Y""]},{""position"":1,""characters"":[""A"",""C"",""D"",""E"",""I"",""L"",""N"",""O"",""P"",""R"",""T"",""U"",""V""]},{""position"":2,""characters"":[""S""]},{""position"":3,""characters"":[""A"",""C"",""D"",""E"",""F"",""I"",""M"",""N"",""O"",""R"",""S"",""T"",""U""]},{""position"":4,""characters"":[""A"",""E"",""F"",""I"",""M"",""N"",""O"",""R"",""T"",""U""]},{""position"":5,""characters"":[""A"",""C"",""D"",""E"",""F"",""G"",""I"",""M"",""N"",""O"",""P"",""R"",""S"",""T"",""U""]},{""position"":6,""characters"":[""A"",""B"",""C"",""H"",""I"",""L"",""N"",""O"",""S"",""T"",""U""]},{""position"":7,""characters"":[""A"",""C"",""D"",""E"",""F"",""G"",""I"",""L"",""M"",""N"",""O"",""P"",""R"",""S"",""T"",""U"",""X""]},{""position"":8,""characters"":[""A"",""C"",""E"",""F"",""I"",""M"",""N"",""O"",""R"",""T"",""U""]},{""position"":9,""characters"":[""A"",""C"",""D"",""E"",""F"",""I"",""M"",""N"",""O"",""P"",""R"",""S"",""T"",""U""]},{""position"":10,""characters"":[""A"",""C"",""D"",""E"",""G"",""I"",""L"",""M"",""N"",""O"",""P"",""R"",""S"",""T"",""V""]},{""position"":11,""characters"":[""A"",""C"",""D"",""E"",""I"",""L"",""N"",""O"",""P"",""R"",""T""]},{""position"":12,""characters"":[""A"",""C"",""D"",""E"",""G"",""I"",""L"",""M"",""N"",""O"",""P"",""R"",""S"",""T"",""U"",""Y""]}]","true","false","B_USED_EXHAUSTION","1","1","1","0","0","0","[""INSTITUTIONAL""]","[]","100","false","false"
"13","ar_to_en","1","87","0","0","down","3","?CE","[{""position"":0,""characters"":[""A"",""B"",""D"",""E"",""O"",""P"",""S"",""T""]},{""position"":1,""characters"":[""C""]},{""position"":2,""characters"":[""E""]}]","true","false","A_TRUE_GAP","0","0","0","0","0","0","[]","[]","","false","false"
"13","ar_to_en","1","87","1","0","across","8","????????","[{""position"":0,""characters"":[""A"",""E"",""I"",""O"",""P""]},{""position"":1,""characters"":[""A"",""E"",""I"",""O"",""U""]},{""position"":2,""characters"":[""N"",""R""]},{""position"":3,""characters"":[""A"",""E"",""K"",""U""]},{""position"":4,""characters"":[""A"",""B"",""D"",""E"",""G"",""H"",""J"",""K"",""L"",""M"",""N"",""P"",""R"",""S"",""T"",""W"",""Y""]},{""position"":5,""characters"":[""A"",""E"",""I"",""N"",""O"",""U"",""W""]},{""position"":6,""characters"":[""A"",""C"",""E"",""I"",""N"",""O"",""P"",""R"",""U""]},{""position"":7,""characters"":[""C"",""D"",""E"",""G"",""H"",""L"",""N"",""P"",""R"",""S"",""T"",""V"",""W""]}]","true","false","A_TRUE_GAP","0","0","0","0","0","0","[]","[]","","false","false"
"13","ar_to_en","1","87","1","0","across","8","????????","[{""position"":0,""characters"":[""A"",""D"",""E"",""H"",""I"",""K"",""O"",""P""]},{""position"":1,""characters"":[""A"",""E"",""I"",""N"",""O"",""U""]},{""position"":2,""characters"":[""N"",""R"",""U""]},{""position"":3,""characters"":[""A"",""B"",""D"",""E"",""F"",""G"",""H"",""K"",""L"",""M"",""N"",""O"",""P"",""R"",""S"",""T"",""W""]},{""position"":4,""characters"":[""A"",""E""]},{""position"":5,""characters"":[""C"",""D"",""E"",""G"",""I"",""L"",""N"",""P"",""R"",""S"",""T"",""Y""]},{""position"":6,""characters"":[""A"",""C"",""E"",""I"",""N"",""O"",""P"",""R"",""U""]},{""position"":7,""characters"":[""A"",""C"",""D"",""E"",""G"",""I"",""L"",""N"",""O"",""T""]}]","true","false","A_TRUE_GAP","0","0","0","0","0","0","[]","[]","","false","false"
"13","ar_to_en","1","87","10","0","across","13","??I???????I??","[{""position"":0,""characters"":[""A"",""C"",""D"",""E"",""G"",""I"",""L"",""M"",""N"",""O"",""P"",""R"",""S"",""T"",""U"",""Y""]},{""position"":1,""characters"":[""A"",""C"",""D"",""E"",""I"",""L"",""N"",""O"",""P"",""R"",""T"",""U"",""V""]},{""position"":2,""characters"":[""I""]},{""position"":3,""characters"":[""A"",""C"",""D"",""E"",""F"",""I"",""M"",""N"",""O"",""R"",""S"",""T"",""U""]},{""position"":4,""characters"":[""A"",""C"",""E"",""F"",""I"",""M"",""N"",""O"",""R"",""T"",""U""]},{""position"":5,""characters"":[""A"",""C"",""D"",""E"",""F"",""G"",""I"",""L"",""M"",""N"",""O"",""P"",""R"",""S"",""T"",""U"",""X""]},{""position"":6,""characters"":[""A"",""B"",""C"",""H"",""I"",""L"",""N"",""O"",""S"",""T"",""U""]},{""position"":7,""characters"":[""A"",""C"",""D"",""E"",""F"",""G"",""I"",""L"",""M"",""N"",""O"",""P"",""R"",""S"",""T"",""U"",""X""]},{""position"":8,""characters"":[""A"",""C"",""E"",""F"",""I"",""M"",""N"",""O"",""R"",""T"",""U""]},{""position"":9,""characters"":[""A"",""C"",""D"",""E"",""F"",""I"",""M"",""N"",""O"",""P"",""R"",""S"",""T"",""U""]},{""position"":10,""characters"":[""I""]},{""position"":11,""characters"":[""A"",""C"",""D"",""E"",""I"",""L"",""N"",""O"",""P"",""R"",""T"",""U""]},{""position"":12,""characters"":[""A"",""C"",""D"",""E"",""G"",""I"",""L"",""M"",""N"",""O"",""P"",""R"",""S"",""T"",""U"",""Y""]}]","true","false","A_TRUE_GAP","0","0","0","0","0","0","[]","[]","","false","false"
"13","ar_to_en","1","87","0","2","down","13","??G??????????","[{""position"":0,""characters"":[""A"",""C"",""D"",""E"",""G"",""I"",""L"",""M"",""N"",""O"",""P"",""R"",""S"",""T"",""U"",""Y""]},{""position"":1,""characters"":[""A"",""C"",""D"",""E"",""I"",""L"",""N"",""O"",""P"",""R"",""T"",""U"",""V""]},{""position"":2,""characters"":[""G""]},{""position"":3,""characters"":[""A"",""C"",""D"",""E"",""F"",""I"",""M"",""N"",""O"",""R"",""S"",""T"",""U""]},{""position"":4,""characters"":[""A"",""C"",""E"",""F"",""I"",""M"",""N"",""O"",""R"",""T"",""U""]},{""position"":5,""characters"":[""A"",""C"",""D"",""E"",""F"",""G"",""I"",""L"",""M"",""N"",""O"",""P"",""R"",""S"",""T"",""U"",""X""]},{""position"":6,""characters"":[""A"",""B"",""C"",""H"",""I"",""L"",""N"",""O"",""S"",""T"",""U""]},{""position"":7,""characters"":[""A"",""C"",""D"",""E"",""F"",""G"",""I"",""L"",""M"",""N"",""O"",""P"",""R"",""S"",""T"",""U""]},{""position"":8,""characters"":[""A"",""C"",""E"",""F"",""I"",""M"",""N"",""O"",""R"",""T"",""U""]},{""position"":9,""characters"":[""A"",""C"",""D"",""E"",""F"",""I"",""M"",""N"",""O"",""P"",""R"",""S"",""T"",""U""]},{""position"":10,""characters"":[""A"",""C"",""D"",""E"",""I"",""L"",""M"",""N"",""O"",""P"",""R"",""S"",""T"",""V""]},{""position"":11,""characters"":[""A"",""C"",""D"",""E"",""I"",""L"",""N"",""O"",""P"",""R"",""T"",""U""]},{""position"":12,""characters"":[""A"",""C"",""D"",""E"",""G"",""I"",""L"",""M"",""N"",""O"",""P"",""R"",""S"",""T"",""U"",""Y""]}]","true","false","B_USED_EXHAUSTION","1","1","1","0","0","0","[""ORGANISATIONS""]","[]","100","false","false"
"13","ar_to_en","1","87","0","10","down","13","??G??????????","[{""position"":0,""characters"":[""A"",""C"",""D"",""E"",""G"",""I"",""L"",""N"",""O"",""P"",""R"",""S"",""T"",""U"",""Y""]},{""position"":1,""characters"":[""A"",""C"",""D"",""E"",""I"",""L"",""N"",""O"",""P"",""R"",""T"",""U"",""V""]},{""position"":2,""characters"":[""G""]},{""position"":3,""characters"":[""A"",""C"",""D"",""E"",""F"",""I"",""M"",""N"",""O"",""R"",""S"",""T"",""U""]},{""position"":4,""characters"":[""A"",""E"",""F"",""I"",""M"",""N"",""O"",""R"",""T"",""U""]},{""position"":5,""characters"":[""A"",""C"",""D"",""E"",""F"",""G"",""I"",""M"",""N"",""O"",""P"",""R"",""S"",""T"",""U""]},{""position"":6,""characters"":[""A"",""B"",""C"",""H"",""I"",""L"",""N"",""O"",""S"",""T"",""U""]},{""position"":7,""characters"":[""A"",""C"",""D"",""E"",""F"",""G"",""I"",""L"",""M"",""N"",""O"",""P"",""R"",""S"",""T"",""U"",""X""]},{""position"":8,""characters"":[""A"",""C"",""E"",""F"",""I"",""M"",""N"",""O"",""R"",""T"",""U""]},{""position"":9,""characters"":[""A"",""C"",""D"",""E"",""F"",""I"",""M"",""N"",""O"",""P"",""R"",""S"",""T"",""U""]},{""position"":10,""characters"":[""A"",""C"",""D"",""E"",""I"",""L"",""M"",""N"",""O"",""P"",""R"",""S"",""T"",""V""]},{""position"":11,""characters"":[""A"",""C"",""D"",""E"",""I"",""L"",""N"",""O"",""P"",""R"",""T""]},{""position"":12,""characters"":[""A"",""C"",""D"",""E"",""G"",""I"",""L"",""M"",""N"",""O"",""P"",""R"",""S"",""T"",""U"",""Y""]}]","true","false","B_USED_EXHAUSTION","1","1","1","0","0","0","[""ORGANISATIONS""]","[]","100","false","false"
"13","ar_to_en","1","88","1","9","across","4","?E??","[{""position"":0,""characters"":[""C"",""F"",""L"",""N"",""R""]},{""position"":1,""characters"":[""E""]},{""position"":2,""characters"":[""C"",""G"",""N"",""R"",""T"",""Y""]},{""position"":3,""characters"":[""A"",""E"",""I"",""O"",""U""]}]","true","false","A_TRUE_GAP","0","0","0","0","0","0","[]","[]","","false","false"
"13","ar_to_en","1","88","0","2","down","13","??I???????I??","[{""position"":0,""characters"":[""A"",""C"",""D"",""E"",""G"",""I"",""L"",""M"",""N"",""O"",""P"",""R"",""S"",""T"",""U"",""Y""]},{""position"":1,""characters"":[""A"",""C"",""D"",""E"",""I"",""L"",""N"",""O"",""P"",""R"",""T"",""U"",""V""]},{""position"":2,""characters"":[""I""]},{""position"":3,""characters"":[""A"",""C"",""D"",""E"",""F"",""I"",""M"",""N"",""O"",""R"",""S"",""T"",""U""]},{""position"":4,""characters"":[""A"",""C"",""E"",""F"",""I"",""M"",""N"",""O"",""R"",""T"",""U""]},{""position"":5,""characters"":[""A"",""C"",""D"",""E"",""F"",""G"",""I"",""L"",""M"",""N"",""O"",""P"",""R"",""S"",""T"",""U"",""X""]},{""position"":6,""characters"":[""A"",""B"",""C"",""H"",""I"",""L"",""N"",""O"",""S"",""T"",""U""]},{""position"":7,""characters"":[""A"",""C"",""D"",""E"",""F"",""G"",""I"",""L"",""M"",""N"",""O"",""P"",""R"",""S"",""T"",""U"",""X""]},{""position"":8,""characters"":[""A"",""C"",""E"",""F"",""I"",""M"",""N"",""O"",""R"",""T"",""U""]},{""position"":9,""characters"":[""A"",""C"",""D"",""E"",""F"",""I"",""M"",""N"",""O"",""P"",""R"",""S"",""T"",""U""]},{""position"":10,""characters"":[""I""]},{""position"":11,""characters"":[""A"",""C"",""D"",""E"",""I"",""L"",""N"",""O"",""P"",""R"",""T"",""U""]},{""position"":12,""characters"":[""A"",""C"",""D"",""E"",""G"",""I"",""L"",""M"",""N"",""O"",""P"",""R"",""S"",""T"",""U"",""Y""]}]","true","false","A_TRUE_GAP","0","0","0","0","0","0","[]","[]","","false","false"
"13","ar_to_en","1","88","2","0","across","13","??????????G??","[{""position"":0,""characters"":[""A"",""C"",""D"",""E"",""G"",""I"",""L"",""M"",""N"",""O"",""P"",""R"",""S"",""T"",""U"",""Y""]},{""position"":1,""characters"":[""A"",""C"",""D"",""E"",""I"",""L"",""N"",""O"",""P"",""R"",""T"",""U""]},{""position"":2,""characters"":[""A"",""C"",""D"",""E"",""I"",""L"",""M"",""N"",""O"",""P"",""R"",""S"",""T"",""V""]},{""position"":3,""characters"":[""A"",""C"",""D"",""E"",""F"",""I"",""M"",""N"",""O"",""R"",""S"",""T"",""U""]},{""position"":4,""characters"":[""A"",""C"",""E"",""F"",""I"",""M"",""N"",""O"",""R"",""T"",""U""]},{""position"":5,""characters"":[""A"",""C"",""D"",""E"",""F"",""G"",""I"",""L"",""M"",""N"",""O"",""P"",""R"",""S"",""T"",""U"",""X""]},{""position"":6,""characters"":[""A"",""B"",""C"",""I"",""L"",""N"",""O"",""S"",""T"",""U""]},{""position"":7,""characters"":[""A"",""C"",""D"",""E"",""F"",""G"",""I"",""L"",""M"",""N"",""O"",""P"",""R"",""S"",""T"",""U""]},{""position"":8,""characters"":[""A"",""E"",""F"",""I"",""M"",""N"",""O"",""R"",""T"",""U""]},{""position"":9,""characters"":[""A"",""C"",""D"",""E"",""F"",""I"",""M"",""N"",""O"",""R"",""S"",""T"",""U""]},{""position"":10,""characters"":[""G""]},{""position"":11,""characters"":[""A"",""C"",""D"",""E"",""I"",""L"",""N"",""O"",""P"",""R"",""T"",""U""]},{""position"":12,""characters"":[""A"",""C"",""D"",""E"",""G"",""I"",""L"",""M"",""N"",""O"",""P"",""R"",""S"",""T"",""U"",""Y""]}]","true","false","B_USED_EXHAUSTION","1","1","1","0","0","0","[""ORGANISATIONS""]","[]","100","false","false"
"13","ar_to_en","1","88","10","0","across","13","??????????G??","[{""position"":0,""characters"":[""A"",""C"",""D"",""E"",""G"",""I"",""L"",""M"",""N"",""O"",""P"",""R"",""S"",""T"",""U"",""Y""]},{""position"":1,""characters"":[""A"",""C"",""D"",""E"",""I"",""L"",""N"",""O"",""P"",""R"",""T"",""U"",""V""]},{""position"":2,""characters"":[""A"",""C"",""D"",""E"",""I"",""L"",""M"",""N"",""O"",""P"",""R"",""S"",""T"",""V""]},{""position"":3,""characters"":[""A"",""C"",""D"",""E"",""F"",""I"",""M"",""N"",""O"",""P"",""R"",""S"",""T"",""U""]},{""position"":4,""characters"":[""A"",""C"",""E"",""F"",""I"",""M"",""N"",""O"",""R"",""T"",""U""]},{""position"":5,""characters"":[""A"",""C"",""D"",""E"",""F"",""G"",""I"",""L"",""M"",""N"",""O"",""P"",""R"",""S"",""T"",""U""]},{""position"":6,""characters"":[""A"",""B"",""C"",""H"",""I"",""L"",""N"",""O"",""S"",""T"",""U""]},{""position"":7,""characters"":[""A"",""C"",""D"",""E"",""F"",""G"",""I"",""L"",""M"",""N"",""O"",""P"",""R"",""S"",""T"",""U"",""X""]},{""position"":8,""characters"":[""A"",""C"",""E"",""F"",""I"",""M"",""N"",""O"",""R"",""T"",""U""]},{""position"":9,""characters"":[""A"",""C"",""D"",""E"",""F"",""I"",""M"",""N"",""O"",""P"",""R"",""S"",""T"",""U""]},{""position"":10,""characters"":[""G""]},{""position"":11,""characters"":[""A"",""C"",""D"",""E"",""I"",""L"",""N"",""O"",""P"",""R"",""T"",""U"",""V""]},{""position"":12,""characters"":[""A"",""C"",""D"",""E"",""G"",""I"",""L"",""M"",""N"",""O"",""P"",""R"",""S"",""T"",""U"",""Y""]}]","true","false","B_USED_EXHAUSTION","1","1","1","0","0","0","[""ORGANISATIONS""]","[]","100","false","false"
"13","ar_to_en","1","88","8","11","down","5","??O??","[{""position"":0,""characters"":[""A"",""C"",""E"",""M"",""T"",""Y""]},{""position"":1,""characters"":[""A"",""B"",""C"",""D"",""E"",""F"",""G"",""H"",""I"",""L"",""N"",""O"",""P"",""R"",""S"",""T"",""U"",""V"",""X"",""Y""]},{""position"":2,""characters"":[""O""]},{""position"":3,""characters"":[""A"",""E"",""I"",""N"",""O"",""U"",""W""]},{""position"":4,""characters"":[""O"",""S""]}]","true","false","A_TRUE_GAP","0","0","0","0","0","0","[]","[]","","false","false"
"13","ar_to_en","1","88","2","0","across","13","??????????OR?","[{""position"":0,""characters"":[""M"",""N"",""O"",""P"",""S""]},{""position"":1,""characters"":[""I"",""L"",""O"",""R""]},{""position"":2,""characters"":[""A"",""D"",""E"",""S"",""T""]},{""position"":3,""characters"":[""A"",""C"",""I"",""N"",""S""]},{""position"":4,""characters"":[""E"",""F"",""N"",""O""]},{""position"":5,""characters"":[""I"",""L"",""N""]},{""position"":6,""characters"":[""C"",""L"",""S"",""T""]},{""position"":7,""characters"":[""A"",""S""]},{""position"":8,""characters"":[""E"",""N"",""T""]},{""position"":9,""characters"":[""E"",""I""]},{""position"":10,""characters"":[""O""]},{""position"":11,""characters"":[""R""]},{""position"":12,""characters"":[""P"",""S""]}]","true","false","A_TRUE_GAP","0","0","0","0","0","0","[]","[]","","false","false"
"13","ar_to_en","1","88","2","7","down","6","??Y???","[{""position"":0,""characters"":[""E"",""I""]},{""position"":1,""characters"":[""M"",""T""]},{""position"":2,""characters"":[""Y""]},{""position"":3,""characters"":[""A"",""C"",""D"",""E"",""G"",""H"",""I"",""L"",""M"",""N"",""O"",""P"",""R"",""S"",""T"",""U"",""V""]},{""position"":4,""characters"":[""A"",""C"",""D"",""E"",""I"",""L"",""N"",""O"",""R"",""S"",""T"",""U"",""X""]},{""position"":5,""characters"":[""C"",""D"",""E"",""F"",""G"",""I"",""N"",""O"",""P"",""R"",""S"",""T"",""V""]}]","true","false","A_TRUE_GAP","0","0","0","0","0","0","[]","[]","","false","false"
"13","ar_to_en","1","88","2","7","down","6","MOY???","[{""position"":0,""characters"":[""M""]},{""position"":1,""characters"":[""O""]},{""position"":2,""characters"":[""Y""]},{""position"":3,""characters"":[""D"",""E"",""G"",""H"",""I"",""N"",""P"",""R"",""S"",""T"",""U"",""V""]},{""position"":4,""characters"":[""A"",""D"",""E"",""H"",""L"",""N"",""O"",""R"",""U""]},{""position"":5,""characters"":[""C"",""D"",""E"",""F"",""I"",""L"",""N"",""O"",""P"",""R"",""S""]}]","true","false","A_TRUE_GAP","0","0","0","0","0","0","[]","[]","","false","false"
"13","ar_to_en","1","89","10","0","across","13","??????????L??","[{""position"":0,""characters"":[""A"",""C"",""D"",""E"",""G"",""I"",""L"",""M"",""N"",""O"",""P"",""R"",""S"",""T"",""U"",""Y""]},{""position"":1,""characters"":[""A"",""C"",""D"",""E"",""I"",""L"",""N"",""O"",""P"",""R"",""T"",""U"",""V""]},{""position"":2,""characters"":[""A"",""C"",""D"",""E"",""G"",""I"",""M"",""N"",""O"",""P"",""R"",""S"",""T"",""V""]},{""position"":3,""characters"":[""A"",""C"",""D"",""E"",""F"",""I"",""M"",""N"",""O"",""P"",""R"",""S"",""T"",""U""]},{""position"":4,""characters"":[""A"",""C"",""E"",""F"",""I"",""M"",""N"",""O"",""R"",""T"",""U""]},{""position"":5,""characters"":[""A"",""C"",""D"",""E"",""F"",""G"",""I"",""L"",""M"",""N"",""O"",""P"",""R"",""S"",""T"",""U""]},{""position"":6,""characters"":[""A"",""B"",""C"",""H"",""I"",""L"",""N"",""O"",""S"",""T"",""U""]},{""position"":7,""characters"":[""A"",""C"",""D"",""E"",""F"",""G"",""I"",""L"",""M"",""N"",""O"",""P"",""R"",""S"",""T"",""U"",""X""]},{""position"":8,""characters"":[""A"",""C"",""E"",""F"",""I"",""M"",""N"",""O"",""R"",""T"",""U""]},{""position"":9,""characters"":[""A"",""C"",""D"",""E"",""F"",""I"",""M"",""N"",""O"",""P"",""R"",""S"",""T"",""U""]},{""position"":10,""characters"":[""L""]},{""position"":11,""characters"":[""A"",""C"",""D"",""E"",""I"",""L"",""N"",""O"",""P"",""R"",""T"",""U"",""V""]},{""position"":12,""characters"":[""A"",""C"",""D"",""E"",""G"",""I"",""L"",""M"",""N"",""O"",""P"",""R"",""S"",""T"",""U"",""Y""]}]","true","false","B_USED_EXHAUSTION","1","1","1","0","0","0","[""AUTOMATICALLY""]","[]","100","false","false"
"13","ar_to_en","1","89","7","5","across","6","E????I","[{""position"":0,""characters"":[""E""]},{""position"":1,""characters"":[""C"",""D"",""E"",""L"",""M"",""N"",""O"",""R"",""S""]},{""position"":2,""characters"":[""A"",""E""]},{""position"":3,""characters"":[""A"",""C"",""D"",""L"",""N"",""P"",""S"",""T"",""V""]},{""position"":4,""characters"":[""S"",""T""]},{""position"":5,""characters"":[""I""]}]","true","false","A_TRUE_GAP","0","0","0","0","0","0","[]","[]","","false","false"
"13","ar_to_en","1","89","4","7","across","6","??FO??","[{""position"":0,""characters"":[""A"",""L"",""S""]},{""position"":1,""characters"":[""A"",""E"",""F"",""G"",""I"",""K"",""L"",""M"",""N"",""O"",""P"",""R"",""T""]},{""position"":2,""characters"":[""F""]},{""position"":3,""characters"":[""O""]},{""position"":4,""characters"":[""E"",""L"",""N"",""O"",""S"",""T""]},{""position"":5,""characters"":[""A"",""B"",""D"",""E"",""G"",""L"",""P"",""R"",""S"",""T"",""Y""]}]","true","false","A_TRUE_GAP","0","0","0","0","0","0","[]","[]","","false","false"
"13","ar_to_en","1","89","7","5","across","6","?????R","[{""position"":0,""characters"":[""A"",""B"",""C"",""D"",""E"",""F"",""G"",""L"",""M"",""N"",""P"",""R"",""S"",""T""]},{""position"":1,""characters"":[""A"",""E"",""I"",""L"",""N"",""O"",""P"",""R"",""T"",""U"",""V""]},{""position"":2,""characters"":[""S"",""T""]},{""position"":3,""characters"":[""D"",""S""]},{""position"":4,""characters"":[""A"",""E""]},{""position"":5,""characters"":[""R""]}]","true","false","A_TRUE_GAP","0","0","0","0","0","0","[]","[]","","false","false"
"13","ar_to_en","1","90","2","7","down","6","??Y???","[{""position"":0,""characters"":[""E"",""I""]},{""position"":1,""characters"":[""M"",""T""]},{""position"":2,""characters"":[""Y""]},{""position"":3,""characters"":[""A"",""C"",""D"",""E"",""G"",""H"",""I"",""L"",""M"",""N"",""O"",""P"",""R"",""S"",""T"",""U"",""V""]},{""position"":4,""characters"":[""A"",""C"",""D"",""E"",""I"",""L"",""N"",""O"",""R"",""S"",""T"",""U"",""X""]},{""position"":5,""characters"":[""B"",""C"",""D"",""E"",""G"",""I"",""N"",""O"",""R"",""S"",""T"",""V""]}]","true","false","A_TRUE_GAP","0","0","0","0","0","0","[]","[]","","false","false"
"13","ar_to_en","1","91","0","3","down","7","??????M","[{""position"":0,""characters"":[""A"",""C"",""D"",""E"",""F"",""G"",""L"",""R"",""T""]},{""position"":1,""characters"":[""A"",""E"",""I"",""O"",""U""]},{""position"":2,""characters"":[""M"",""N"",""R""]},{""position"":3,""characters"":[""A"",""E"",""H"",""I"",""O"",""S"",""Y""]},{""position"":4,""characters"":[""B"",""C"",""D"",""E"",""G"",""I"",""L"",""M"",""N"",""P"",""R"",""S"",""T"",""U"",""V"",""W"",""Y""]},{""position"":5,""characters"":[""A"",""E"",""I"",""O"",""U"",""Y""]},{""position"":6,""characters"":[""M""]}]","true","false","A_TRUE_GAP","0","0","0","0","0","0","[]","[]","","false","false"
"13","ar_to_en","1","91","0","3","down","7","???????","[{""position"":0,""characters"":[""A"",""E"",""G"",""I"",""O"",""R"",""U""]},{""position"":1,""characters"":[""F"",""I"",""L"",""N"",""P"",""R"",""U"",""W""]},{""position"":2,""characters"":[""D"",""R"",""T""]},{""position"":3,""characters"":[""A"",""E"",""H"",""I"",""O"",""S"",""Y""]},{""position"":4,""characters"":[""B"",""C"",""D"",""E"",""G"",""I"",""L"",""M"",""N"",""P"",""R"",""S"",""T"",""U"",""V"",""W"",""Y""]},{""position"":5,""characters"":[""A"",""E"",""H"",""I"",""L"",""O"",""R"",""U""]},{""position"":6,""characters"":[""M"",""N""]}]","true","false","A_TRUE_GAP","0","0","0","0","0","0","[]","[]","","false","false"
"13","ar_to_en","1","91","0","10","down","13","??I???????I??","[{""position"":0,""characters"":[""A"",""C"",""D"",""E"",""G"",""I"",""L"",""M"",""N"",""O"",""P"",""R"",""S"",""T"",""U"",""Y""]},{""position"":1,""characters"":[""A"",""C"",""D"",""E"",""I"",""L"",""N"",""O"",""P"",""R"",""T"",""U""]},{""position"":2,""characters"":[""I""]},{""position"":3,""characters"":[""A"",""C"",""D"",""E"",""F"",""I"",""M"",""N"",""O"",""P"",""R"",""S"",""T"",""U""]},{""position"":4,""characters"":[""A"",""C"",""E"",""F"",""I"",""M"",""N"",""O"",""R"",""T"",""U""]},{""position"":5,""characters"":[""A"",""C"",""D"",""E"",""F"",""G"",""I"",""L"",""M"",""N"",""O"",""P"",""R"",""S"",""T"",""U"",""X""]},{""position"":6,""characters"":[""A"",""B"",""C"",""H"",""I"",""L"",""N"",""O"",""S"",""T"",""U""]},{""position"":7,""characters"":[""A"",""C"",""D"",""E"",""F"",""G"",""I"",""L"",""M"",""N"",""O"",""P"",""R"",""S"",""T"",""U""]},{""position"":8,""characters"":[""A"",""C"",""E"",""F"",""I"",""M"",""N"",""O"",""R"",""T"",""U""]},{""position"":9,""characters"":[""A"",""C"",""D"",""E"",""F"",""I"",""M"",""N"",""O"",""R"",""S"",""T"",""U""]},{""position"":10,""characters"":[""I""]},{""position"":11,""characters"":[""A"",""C"",""D"",""E"",""I"",""L"",""N"",""O"",""P"",""R"",""T"",""U"",""V""]},{""position"":12,""characters"":[""A"",""C"",""D"",""E"",""G"",""I"",""L"",""M"",""N"",""O"",""P"",""R"",""S"",""T"",""U"",""Y""]}]","true","false","A_TRUE_GAP","0","0","0","0","0","0","[]","[]","","false","false"
"13","ar_to_en","1","91","4","0","across","6","??NI??","[{""position"":0,""characters"":[""A"",""D"",""E"",""F"",""T"",""W""]},{""position"":1,""characters"":[""A"",""D"",""G"",""N"",""W""]},{""position"":2,""characters"":[""N""]},{""position"":3,""characters"":[""I""]},{""position"":4,""characters"":[""A"",""E"",""I"",""L"",""O"",""R"",""S"",""T"",""U""]},{""position"":5,""characters"":[""A"",""B"",""C"",""D"",""E"",""F"",""H"",""J"",""L"",""M"",""O"",""P"",""R"",""S"",""T"",""W"",""Y""]}]","true","false","A_TRUE_GAP","0","0","0","0","0","0","[]","[]","","false","false"
"13","ar_to_en","1","91","10","0","across","13","??I???????C??","[{""position"":0,""characters"":[""E"",""G"",""N"",""S""]},{""position"":1,""characters"":[""E"",""N"",""V""]},{""position"":2,""characters"":[""I""]},{""position"":3,""characters"":[""D"",""R"",""S"",""T""]},{""position"":4,""characters"":[""A"",""I"",""N"",""U""]},{""position"":5,""characters"":[""A"",""C"",""E"",""N"",""P"",""R"",""T""]},{""position"":6,""characters"":[""C"",""H"",""I"",""N"",""T"",""U""]},{""position"":7,""characters"":[""A"",""C"",""E"",""F"",""G"",""M"",""N"",""S"",""T""]},{""position"":8,""characters"":[""F"",""I"",""M"",""N"",""R"",""U""]},{""position"":9,""characters"":[""E"",""O"",""P"",""T"",""U""]},{""position"":10,""characters"":[""C""]},{""position"":11,""characters"":[""A"",""E"",""N"",""O"",""P""]},{""position"":12,""characters"":[""C"",""D"",""M"",""O"",""P"",""U""]}]","true","false","A_TRUE_GAP","0","0","0","0","0","0","[]","[]","","false","false"
"13","ar_to_en","1","91","0","3","down","7","???????","[{""position"":0,""characters"":[""A"",""E"",""G"",""I"",""O"",""R"",""U""]},{""position"":1,""characters"":[""F"",""I"",""L"",""N"",""P"",""R"",""U"",""W""]},{""position"":2,""characters"":[""D"",""R"",""T""]},{""position"":3,""characters"":[""A"",""E"",""H"",""I"",""O"",""S"",""Y""]},{""position"":4,""characters"":[""B"",""C"",""D"",""E"",""G"",""I"",""L"",""M"",""N"",""P"",""R"",""S"",""T"",""U"",""V"",""W"",""Y""]},{""position"":5,""characters"":[""A"",""E"",""I"",""L"",""N"",""O"",""R"",""U""]},{""position"":6,""characters"":[""F"",""P""]}]","true","false","A_TRUE_GAP","0","0","0","0","0","0","[]","[]","","false","false"
"13","ar_to_en","1","91","0","3","down","7","??????R","[{""position"":0,""characters"":[""A"",""C"",""D"",""E"",""G"",""H"",""I"",""K"",""L"",""M"",""O"",""P"",""R"",""S"",""T"",""U"",""W"",""Y""]},{""position"":1,""characters"":[""A"",""E"",""G"",""I"",""O"",""R""]},{""position"":2,""characters"":[""E"",""F"",""I""]},{""position"":3,""characters"":[""B"",""C"",""D"",""F"",""G"",""H"",""K"",""L"",""M"",""N"",""O"",""P"",""R"",""S"",""T"",""V"",""W""]},{""position"":4,""characters"":[""A"",""C"",""E"",""H"",""I"",""L"",""N"",""O"",""P"",""R"",""S"",""T"",""U""]},{""position"":5,""characters"":[""N"",""P"",""S""]},{""position"":6,""characters"":[""R""]}]","true","false","A_TRUE_GAP","0","0","0","0","0","0","[]","[]","","false","false"
"13","ar_to_en","1","91","0","3","down","7","???????","[{""position"":0,""characters"":[""A"",""E"",""I"",""O"",""U"",""Y""]},{""position"":1,""characters"":[""C"",""D"",""G"",""L"",""M"",""N"",""P"",""R"",""S"",""T"",""U"",""V"",""W""]},{""position"":2,""characters"":[""E"",""F"",""O"",""T"",""U""]},{""position"":3,""characters"":[""B"",""C"",""D"",""E"",""F"",""G"",""H"",""J"",""L"",""M"",""N"",""P"",""R"",""S"",""T""]},{""position"":4,""characters"":[""E"",""F"",""I"",""O""]},{""position"":5,""characters"":[""C"",""D"",""G"",""L"",""M"",""N"",""P"",""R"",""S"",""T"",""U"",""V"",""W""]},{""position"":6,""characters"":[""H"",""I"",""O"",""U""]}]","true","false","A_TRUE_GAP","0","0","0","0","0","0","[]","[]","","false","false"
"13","ar_to_en","1","91","0","3","down","7","???????","[{""position"":0,""characters"":[""A"",""E"",""L"",""N"",""R"",""U""]},{""position"":1,""characters"":[""A"",""E"",""G"",""I"",""O"",""R""]},{""position"":2,""characters"":[""D"",""T""]},{""position"":3,""characters"":[""A"",""D"",""E"",""F"",""G"",""I"",""K"",""L"",""M"",""N"",""O"",""P"",""S"",""T""]},{""position"":4,""characters"":[""A"",""B"",""C"",""D"",""G"",""L"",""N"",""O"",""P"",""R"",""S"",""T"",""X""]},{""position"":5,""characters"":[""A"",""C"",""E"",""H"",""I"",""L"",""N"",""O"",""P"",""R"",""S"",""U""]},{""position"":6,""characters"":[""H"",""I"",""O"",""U""]}]","true","false","A_TRUE_GAP","0","0","0","0","0","0","[]","[]","","false","false"
"13","ar_to_en","1","91","0","3","down","7","???????","[{""position"":0,""characters"":[""A"",""E"",""G"",""I"",""O"",""R"",""U""]},{""position"":1,""characters"":[""F"",""I"",""L"",""N"",""P"",""R"",""U"",""W""]},{""position"":2,""characters"":[""D"",""R"",""T""]},{""position"":3,""characters"":[""A"",""E"",""H"",""I"",""O"",""S"",""Y""]},{""position"":4,""characters"":[""B"",""C"",""D"",""E"",""G"",""I"",""L"",""M"",""N"",""P"",""R"",""S"",""T"",""U"",""V"",""W"",""Y""]},{""position"":5,""characters"":[""A"",""E"",""H"",""I"",""L"",""O"",""R"",""U""]},{""position"":6,""characters"":[""M"",""N""]}]","true","false","A_TRUE_GAP","0","0","0","0","0","0","[]","[]","","false","false"
"13","ar_to_en","1","91","0","3","down","7","???????","[{""position"":0,""characters"":[""A"",""E"",""G"",""I"",""O"",""R"",""U""]},{""position"":1,""characters"":[""F"",""I"",""L"",""N"",""P"",""R"",""U"",""W""]},{""position"":2,""characters"":[""A"",""E"",""N""]},{""position"":3,""characters"":[""B"",""C"",""D"",""F"",""G"",""H"",""K"",""L"",""M"",""N"",""O"",""P"",""R"",""S"",""T"",""V"",""W""]},{""position"":4,""characters"":[""E"",""F"",""I"",""O""]},{""position"":5,""characters"":[""G"",""M"",""N"",""S"",""T""]},{""position"":6,""characters"":[""H"",""I"",""O"",""U""]}]","true","false","A_TRUE_GAP","0","0","0","0","0","0","[]","[]","","false","false"
"13","ar_to_en","1","92","0","3","down","7","???????","[{""position"":0,""characters"":[""A"",""E"",""G"",""I"",""O"",""R"",""U""]},{""position"":1,""characters"":[""F"",""I"",""L"",""N"",""P"",""R"",""U"",""W""]},{""position"":2,""characters"":[""D"",""R"",""T""]},{""position"":3,""characters"":[""A"",""E"",""H"",""I"",""O"",""S"",""Y""]},{""position"":4,""characters"":[""B"",""C"",""D"",""E"",""G"",""I"",""L"",""M"",""N"",""P"",""R"",""S"",""T"",""U"",""V"",""W"",""Y""]},{""position"":5,""characters"":[""A"",""E"",""I"",""O"",""U""]},{""position"":6,""characters"":[""H"",""N"",""R""]}]","true","false","A_TRUE_GAP","0","0","0","0","0","0","[]","[]","","false","false"
"13","ar_to_en","1","92","0","7","down","4","??M?","[{""position"":0,""characters"":[""C"",""E"",""N"",""S"",""T""]},{""position"":1,""characters"":[""D"",""E"",""L"",""N"",""R"",""S"",""T"",""Y""]},{""position"":2,""characters"":[""M""]},{""position"":3,""characters"":[""A"",""C"",""D"",""E"",""F"",""G"",""H"",""I"",""L"",""N"",""O"",""P"",""R"",""S"",""T"",""U"",""Y""]}]","true","false","A_TRUE_GAP","0","0","0","0","0","0","[]","[]","","false","false"
"13","ar_to_en","1","92","0","3","down","7","??????T","[{""position"":0,""characters"":[""A"",""C"",""D"",""E"",""G"",""H"",""I"",""K"",""L"",""M"",""O"",""P"",""R"",""S"",""T"",""U"",""W"",""Y""]},{""position"":1,""characters"":[""A"",""C"",""D"",""E"",""F"",""G"",""I"",""L"",""M"",""N"",""R"",""S"",""T"",""U"",""V"",""X""]},{""position"":2,""characters"":[""R"",""T""]},{""position"":3,""characters"":[""A"",""E"",""H"",""I"",""O"",""S"",""Y""]},{""position"":4,""characters"":[""A"",""B"",""C"",""D"",""E"",""F"",""G"",""H"",""K"",""L"",""M"",""N"",""O"",""P"",""Q"",""R"",""S"",""T"",""V"",""Y""]},{""position"":5,""characters"":[""A"",""E"",""G"",""I"",""O"",""R""]},{""position"":6,""characters"":[""T""]}]","true","false","A_TRUE_GAP","0","0","0","0","0","0","[]","[]","","false","false"
"13","ar_to_en","1","92","0","3","down","7","???????","[{""position"":0,""characters"":[""A"",""E"",""I"",""O"",""U"",""Y""]},{""position"":1,""characters"":[""C"",""D"",""G"",""L"",""M"",""N"",""P"",""R"",""S"",""T"",""U"",""V"",""W""]},{""position"":2,""characters"":[""E"",""F"",""O"",""T"",""U""]},{""position"":3,""characters"":[""B"",""C"",""D"",""E"",""F"",""G"",""H"",""J"",""L"",""M"",""N"",""P"",""R"",""S"",""T""]},{""position"":4,""characters"":[""E"",""F"",""I"",""O""]},{""position"":5,""characters"":[""C"",""D"",""G"",""L"",""M"",""N"",""P"",""R"",""S"",""T"",""U"",""V"",""W""]},{""position"":6,""characters"":[""H"",""I"",""L"",""O"",""U""]}]","true","false","A_TRUE_GAP","0","0","0","0","0","0","[]","[]","","false","false"
"13","ar_to_en","1","92","0","3","down","7","??I???A","[{""position"":0,""characters"":[""A"",""C"",""D"",""E"",""G"",""H"",""I"",""K"",""L"",""M"",""O"",""P"",""R"",""S"",""T"",""U"",""W"",""Y""]},{""position"":1,""characters"":[""N"",""P"",""S""]},{""position"":2,""characters"":[""I""]},{""position"":3,""characters"":[""A"",""B"",""C"",""D"",""E"",""F"",""G"",""H"",""K"",""L"",""M"",""N"",""P"",""R"",""S"",""T"",""V"",""W"",""Y""]},{""position"":4,""characters"":[""A"",""C"",""D"",""E"",""G"",""I"",""N"",""O"",""R"",""T"",""U""]},{""position"":5,""characters"":[""C"",""D"",""G"",""L"",""M"",""N"",""P"",""R"",""S"",""T"",""U"",""V"",""W""]},{""position"":6,""characters"":[""A""]}]","true","false","A_TRUE_GAP","0","0","0","0","0","0","[]","[]","","false","false"
"13","ar_to_en","1","92","0","3","down","7","??????E","[{""position"":0,""characters"":[""A"",""C"",""D"",""E"",""F"",""G"",""I"",""L"",""M"",""N"",""R"",""S"",""T"",""U"",""V""]},{""position"":1,""characters"":[""A"",""I"",""O""]},{""position"":2,""characters"":[""D"",""R"",""T""]},{""position"":3,""characters"":[""C"",""E"",""H"",""K"",""O"",""S"",""T"",""U"",""Y""]},{""position"":4,""characters"":[""A"",""C"",""D"",""E"",""G"",""I"",""N"",""O"",""R"",""T"",""U""]},{""position"":5,""characters"":[""A"",""C"",""D"",""E"",""F"",""G"",""I"",""L"",""M"",""N"",""R"",""S"",""T"",""U"",""V"",""X""]},{""position"":6,""characters"":[""E""]}]","true","false","A_TRUE_GAP","0","0","0","0","0","0","[]","[]","","false","false"
"13","ar_to_en","1","92","10","0","across","13","??L??????????","[{""position"":0,""characters"":[""A"",""C"",""D"",""E"",""G"",""I"",""L"",""M"",""N"",""O"",""P"",""R"",""S"",""T"",""U"",""Y""]},{""position"":1,""characters"":[""A"",""C"",""D"",""E"",""I"",""L"",""N"",""O"",""P"",""R"",""T"",""U"",""V""]},{""position"":2,""characters"":[""L""]},{""position"":3,""characters"":[""A"",""C"",""D"",""E"",""F"",""I"",""M"",""N"",""O"",""R"",""S"",""T"",""U""]},{""position"":4,""characters"":[""A"",""C"",""E"",""F"",""I"",""M"",""N"",""O"",""R"",""T"",""U""]},{""position"":5,""characters"":[""A"",""C"",""D"",""E"",""F"",""G"",""I"",""L"",""M"",""N"",""O"",""P"",""R"",""S"",""T"",""U"",""X""]},{""position"":6,""characters"":[""A"",""B"",""C"",""H"",""I"",""L"",""N"",""O"",""S"",""T"",""U"",""Z""]},{""position"":7,""characters"":[""A"",""C"",""D"",""E"",""F"",""G"",""I"",""L"",""M"",""N"",""O"",""P"",""R"",""S"",""T"",""U"",""X""]},{""position"":8,""characters"":[""A"",""C"",""E"",""F"",""I"",""M"",""N"",""O"",""R"",""T"",""U""]},{""position"":9,""characters"":[""A"",""C"",""D"",""E"",""F"",""I"",""M"",""N"",""O"",""P"",""R"",""S"",""T"",""U""]},{""position"":10,""characters"":[""A"",""C"",""D"",""E"",""G"",""I"",""M"",""N"",""O"",""P"",""R"",""S"",""T"",""V""]},{""position"":11,""characters"":[""A"",""C"",""D"",""E"",""I"",""L"",""N"",""O"",""P"",""R"",""T"",""U""]},{""position"":12,""characters"":[""A"",""C"",""D"",""E"",""G"",""I"",""L"",""M"",""N"",""O"",""P"",""R"",""S"",""T"",""U"",""Y""]}]","true","false","B_USED_EXHAUSTION","1","1","1","0","0","0","[""AUTOMATICALLY""]","[]","100","false","false"
"13","ar_to_en","1","92","2","0","across","13","??L??????????","[{""position"":0,""characters"":[""A"",""C"",""D"",""E"",""G"",""I"",""L"",""M"",""N"",""O"",""P"",""R"",""S"",""T"",""U"",""Y""]},{""position"":1,""characters"":[""A"",""C"",""D"",""E"",""I"",""L"",""N"",""O"",""P"",""R"",""T"",""U""]},{""position"":2,""characters"":[""L""]},{""position"":3,""characters"":[""A"",""C"",""D"",""E"",""F"",""I"",""M"",""N"",""O"",""P"",""R"",""S"",""T"",""U""]},{""position"":4,""characters"":[""A"",""C"",""E"",""F"",""I"",""M"",""N"",""O"",""R"",""T"",""U""]},{""position"":5,""characters"":[""A"",""C"",""D"",""E"",""F"",""G"",""I"",""L"",""M"",""N"",""O"",""P"",""R"",""S"",""T"",""U"",""X""]},{""position"":6,""characters"":[""A"",""B"",""C"",""H"",""I"",""L"",""N"",""O"",""S"",""T"",""U"",""Z""]},{""position"":7,""characters"":[""A"",""C"",""D"",""E"",""F"",""G"",""I"",""L"",""M"",""N"",""O"",""P"",""R"",""S"",""T"",""U"",""X""]},{""position"":8,""characters"":[""A"",""C"",""E"",""F"",""I"",""M"",""N"",""O"",""R"",""T"",""U""]},{""position"":9,""characters"":[""A"",""C"",""D"",""E"",""F"",""I"",""M"",""N"",""O"",""R"",""S"",""T"",""U""]},{""position"":10,""characters"":[""A"",""C"",""D"",""E"",""G"",""I"",""M"",""N"",""O"",""P"",""R"",""S"",""T"",""V""]},{""position"":11,""characters"":[""A"",""C"",""D"",""E"",""I"",""L"",""N"",""O"",""P"",""R"",""T"",""U"",""V""]},{""position"":12,""characters"":[""A"",""C"",""D"",""E"",""G"",""I"",""L"",""M"",""N"",""O"",""P"",""R"",""S"",""T"",""U"",""Y""]}]","true","false","B_USED_EXHAUSTION","1","1","1","0","0","0","[""AUTOMATICALLY""]","[]","100","false","false"
"13","ar_to_en","1","92","2","1","down","3","A?R","[{""position"":0,""characters"":[""A""]},{""position"":1,""characters"":[""C"",""N"",""R"",""T""]},{""position"":2,""characters"":[""R""]}]","true","false","A_TRUE_GAP","0","0","0","0","0","0","[]","[]","","false","false"
"13","ar_to_en","1","92","2","0","down","3","S??","[{""position"":0,""characters"":[""S""]},{""position"":1,""characters"":[""G"",""L"",""S"",""W""]},{""position"":2,""characters"":[""A"",""B"",""C"",""D"",""E"",""F"",""H"",""L"",""M"",""N"",""P"",""R"",""S"",""T"",""U"",""W"",""Y""]}]","true","false","A_TRUE_GAP","0","0","0","0","0","0","[]","[]","","false","false"
"13","ar_to_en","1","92","6","2","across","9","U????????","[{""position"":0,""characters"":[""U""]},{""position"":1,""characters"":[""A"",""D"",""E"",""G"",""L"",""M"",""N"",""O"",""R"",""S"",""T""]},{""position"":2,""characters"":[""A"",""C"",""D"",""E"",""F"",""G"",""I"",""L"",""M"",""N"",""O"",""P"",""R"",""S"",""T"",""U""]},{""position"":3,""characters"":[""A"",""C"",""D"",""E"",""F"",""G"",""H"",""I"",""L"",""M"",""N"",""O"",""P"",""R"",""S"",""T"",""U"",""V"",""Y""]},{""position"":4,""characters"":[""A"",""C"",""D"",""E"",""I"",""K"",""L"",""N"",""O"",""R"",""S"",""T"",""U"",""Y""]},{""position"":5,""characters"":[""A"",""C"",""D"",""E"",""F"",""G"",""H"",""I"",""L"",""M"",""N"",""O"",""P"",""R"",""S"",""T"",""U"",""V"",""Y""]},{""position"":6,""characters"":[""A"",""C"",""D"",""E"",""F"",""G"",""I"",""L"",""M"",""N"",""O"",""P"",""R"",""S"",""T"",""U""]},{""position"":7,""characters"":[""A"",""D"",""E"",""F"",""G"",""H"",""I"",""L"",""M"",""N"",""O"",""P"",""R"",""S"",""T"",""U"",""W""]},{""position"":8,""characters"":[""B"",""C"",""T""]}]","true","false","A_TRUE_GAP","0","0","0","0","0","0","[]","[]","","false","false"
"13","ar_to_en","1","92","6","2","across","9","U????????","[{""position"":0,""characters"":[""U""]},{""position"":1,""characters"":[""A"",""D"",""E"",""F"",""G"",""H"",""I"",""L"",""M"",""N"",""O"",""P"",""R"",""S"",""T"",""U"",""W""]},{""position"":2,""characters"":[""A"",""C"",""D"",""E"",""F"",""G"",""I"",""L"",""M"",""N"",""O"",""P"",""R"",""S"",""T"",""U""]},{""position"":3,""characters"":[""A"",""C"",""D"",""E"",""F"",""G"",""H"",""I"",""L"",""M"",""N"",""O"",""P"",""R"",""S"",""T"",""U"",""V"",""Y""]},{""position"":4,""characters"":[""A"",""C"",""D"",""E"",""I"",""K"",""L"",""N"",""O"",""R"",""S"",""T"",""U"",""Y""]},{""position"":5,""characters"":[""A"",""C"",""D"",""E"",""F"",""G"",""H"",""I"",""L"",""M"",""N"",""O"",""P"",""R"",""S"",""T"",""U"",""V"",""Y""]},{""position"":6,""characters"":[""A"",""C"",""D"",""E"",""F"",""G"",""I"",""L"",""M"",""N"",""O"",""P"",""R"",""S"",""T"",""U""]},{""position"":7,""characters"":[""A"",""D"",""E"",""F"",""G"",""H"",""I"",""L"",""M"",""N"",""P"",""R"",""S"",""T"",""W""]},{""position"":8,""characters"":[""B"",""C"",""T""]}]","true","false","A_TRUE_GAP","0","0","0","0","0","0","[]","[]","","false","false"
"13","ar_to_en","1","92","7","1","down","6","??????","[{""position"":0,""characters"":[""A"",""D"",""E"",""H"",""I"",""K"",""O"",""P"",""U""]},{""position"":1,""characters"":[""A"",""C"",""D"",""E"",""H"",""L"",""M"",""N"",""O"",""P"",""R"",""S"",""T"",""U"",""V""]},{""position"":2,""characters"":[""A"",""E"",""I"",""O"",""U""]},{""position"":3,""characters"":[""D"",""E"",""O""]},{""position"":4,""characters"":[""A"",""D"",""F"",""G"",""H"",""I"",""L"",""N"",""O"",""U"",""W""]},{""position"":5,""characters"":[""A"",""O"",""R"",""U""]}]","true","false","A_TRUE_GAP","0","0","0","0","0","0","[]","[]","","false","false"
"13","ar_to_en","1","92","0","3","down","7","??????T","[{""position"":0,""characters"":[""A"",""E"",""H"",""I"",""L"",""O"",""R"",""U""]},{""position"":1,""characters"":[""F"",""I"",""L"",""N"",""P"",""R"",""U"",""W""]},{""position"":2,""characters"":[""E"",""O"",""T"",""U""]},{""position"":3,""characters"":[""E"",""T""]},{""position"":4,""characters"":[""A"",""B"",""C"",""D"",""E"",""F"",""G"",""H"",""K"",""L"",""M"",""N"",""O"",""P"",""Q"",""R"",""S"",""T"",""V"",""Y""]},{""position"":5,""characters"":[""A"",""E"",""L"",""N"",""R"",""U""]},{""position"":6,""characters"":[""T""]}]","true","false","A_TRUE_GAP","0","0","0","0","0","0","[]","[]","","false","false"
"13","ar_to_en","1","92","0","3","down","7","??????T","[{""position"":0,""characters"":[""A"",""E"",""G"",""I"",""O"",""R"",""U""]},{""position"":1,""characters"":[""F"",""I"",""L"",""N"",""P"",""R"",""U"",""W""]},{""position"":2,""characters"":[""D"",""R"",""T""]},{""position"":3,""characters"":[""A"",""E"",""H"",""I"",""O"",""S"",""Y""]},{""position"":4,""characters"":[""B"",""C"",""D"",""E"",""G"",""I"",""L"",""M"",""N"",""P"",""R"",""S"",""T"",""U"",""V"",""W"",""Y""]},{""position"":5,""characters"":[""A"",""E"",""I"",""O"",""U""]},{""position"":6,""characters"":[""T""]}]","true","false","A_TRUE_GAP","0","0","0","0","0","0","[]","[]","","false","false"
"13","ar_to_en","1","93","4","0","across","6","??RT??","[{""position"":0,""characters"":[""A"",""D"",""E"",""F"",""G"",""L"",""P"",""S"",""T""]},{""position"":1,""characters"":[""C"",""D"",""I"",""P"",""R"",""T""]},{""position"":2,""characters"":[""R""]},{""position"":3,""characters"":[""T""]},{""position"":4,""characters"":[""A"",""C"",""E"",""G"",""H"",""L"",""M"",""N"",""O"",""P"",""R"",""S"",""T"",""W""]},{""position"":5,""characters"":[""A"",""C"",""D"",""E"",""G"",""L"",""M"",""N"",""R"",""S"",""T"",""Y""]}]","true","false","A_TRUE_GAP","0","0","0","0","0","0","[]","[]","","false","false"
"13","ar_to_en","1","93","0","3","down","7","??????N","[{""position"":0,""characters"":[""A"",""C"",""E"",""H"",""I"",""L"",""N"",""O"",""P"",""R"",""S"",""U"",""W""]},{""position"":1,""characters"":[""A"",""E"",""G"",""I"",""O"",""R""]},{""position"":2,""characters"":[""N"",""R"",""S""]},{""position"":3,""characters"":[""E"",""P"",""Y""]},{""position"":4,""characters"":[""A"",""C"",""D"",""E"",""F"",""G"",""H"",""I"",""K"",""L"",""M"",""N"",""O"",""P"",""R"",""S"",""T"",""V""]},{""position"":5,""characters"":[""A"",""C"",""D"",""E"",""G"",""H"",""I"",""L"",""M"",""O"",""P"",""R"",""S"",""T"",""U"",""W"",""Y""]},{""position"":6,""characters"":[""N""]}]","true","false","A_TRUE_GAP","0","0","0","0","0","0","[]","[]","","false","false"
"13","ar_to_en","1","93","0","3","down","7","???????","[{""position"":0,""characters"":[""A"",""E"",""G"",""I"",""O"",""R"",""U""]},{""position"":1,""characters"":[""F"",""I"",""L"",""N"",""P"",""R"",""U"",""W""]},{""position"":2,""characters"":[""D"",""R"",""T""]},{""position"":3,""characters"":[""A"",""E"",""H"",""I"",""O"",""S"",""Y""]},{""position"":4,""characters"":[""B"",""C"",""D"",""E"",""G"",""I"",""L"",""M"",""N"",""P"",""R"",""S"",""T"",""U"",""V"",""W"",""Y""]},{""position"":5,""characters"":[""A"",""E"",""I"",""O"",""U""]},{""position"":6,""characters"":[""H"",""N"",""R""]}]","true","false","A_TRUE_GAP","0","0","0","0","0","0","[]","[]","","false","false"
"13","ar_to_en","1","93","0","7","down","4","??M?","[{""position"":0,""characters"":[""C"",""E"",""N"",""S"",""T""]},{""position"":1,""characters"":[""D"",""E"",""L"",""N"",""R"",""S"",""T"",""Y""]},{""position"":2,""characters"":[""M""]},{""position"":3,""characters"":[""A"",""C"",""D"",""E"",""F"",""G"",""H"",""I"",""L"",""N"",""O"",""P"",""R"",""S"",""T"",""U"",""Y""]}]","true","false","A_TRUE_GAP","0","0","0","0","0","0","[]","[]","","false","false"
"13","ar_to_en","1","93","0","3","down","7","??????T","[{""position"":0,""characters"":[""A"",""C"",""D"",""E"",""G"",""H"",""I"",""K"",""L"",""M"",""O"",""P"",""R"",""S"",""T"",""U"",""W"",""Y""]},{""position"":1,""characters"":[""A"",""C"",""D"",""E"",""F"",""G"",""I"",""L"",""M"",""N"",""R"",""S"",""T"",""U"",""V"",""X""]},{""position"":2,""characters"":[""R"",""T""]},{""position"":3,""characters"":[""A"",""E"",""H"",""I"",""O"",""S"",""Y""]},{""position"":4,""characters"":[""A"",""B"",""C"",""D"",""E"",""F"",""G"",""H"",""K"",""L"",""M"",""N"",""O"",""P"",""Q"",""R"",""S"",""T"",""V"",""Y""]},{""position"":5,""characters"":[""A"",""E"",""G"",""I"",""O"",""R""]},{""position"":6,""characters"":[""T""]}]","true","false","A_TRUE_GAP","0","0","0","0","0","0","[]","[]","","false","false"
"13","ar_to_en","1","93","0","3","down","7","???????","[{""position"":0,""characters"":[""A"",""E"",""I"",""O"",""U"",""Y""]},{""position"":1,""characters"":[""C"",""D"",""G"",""L"",""M"",""N"",""P"",""R"",""S"",""T"",""U"",""V"",""W""]},{""position"":2,""characters"":[""E"",""F"",""O"",""T"",""U""]},{""position"":3,""characters"":[""B"",""C"",""D"",""E"",""F"",""G"",""H"",""J"",""L"",""M"",""N"",""P"",""R"",""S"",""T""]},{""position"":4,""characters"":[""E"",""F"",""I"",""O""]},{""position"":5,""characters"":[""C"",""D"",""G"",""L"",""M"",""N"",""P"",""R"",""S"",""T"",""U"",""V"",""W""]},{""position"":6,""characters"":[""H"",""I"",""L"",""O"",""U""]}]","true","false","A_TRUE_GAP","0","0","0","0","0","0","[]","[]","","false","false"
"13","ar_to_en","1","93","0","3","down","7","??I???A","[{""position"":0,""characters"":[""A"",""C"",""D"",""E"",""G"",""H"",""I"",""K"",""L"",""M"",""O"",""P"",""R"",""S"",""T"",""U"",""W"",""Y""]},{""position"":1,""characters"":[""N"",""P"",""S""]},{""position"":2,""characters"":[""I""]},{""position"":3,""characters"":[""A"",""B"",""C"",""D"",""E"",""F"",""G"",""H"",""K"",""L"",""M"",""N"",""P"",""R"",""S"",""T"",""V"",""W"",""Y""]},{""position"":4,""characters"":[""A"",""C"",""D"",""E"",""G"",""I"",""N"",""O"",""R"",""T"",""U""]},{""position"":5,""characters"":[""C"",""D"",""G"",""L"",""M"",""N"",""P"",""R"",""S"",""T"",""U"",""V"",""W""]},{""position"":6,""characters"":[""A""]}]","true","false","A_TRUE_GAP","0","0","0","0","0","0","[]","[]","","false","false"
"13","ar_to_en","1","93","0","3","down","7","??????E","[{""position"":0,""characters"":[""A"",""C"",""D"",""E"",""F"",""G"",""I"",""L"",""M"",""N"",""R"",""S"",""T"",""U"",""V""]},{""position"":1,""characters"":[""A"",""I"",""O""]},{""position"":2,""characters"":[""D"",""R"",""T""]},{""position"":3,""characters"":[""C"",""E"",""H"",""K"",""O"",""S"",""T"",""U"",""Y""]},{""position"":4,""characters"":[""A"",""C"",""D"",""E"",""G"",""I"",""N"",""O"",""R"",""T"",""U""]},{""position"":5,""characters"":[""A"",""C"",""D"",""E"",""F"",""G"",""I"",""L"",""M"",""N"",""R"",""S"",""T"",""U"",""V"",""X""]},{""position"":6,""characters"":[""E""]}]","true","false","A_TRUE_GAP","0","0","0","0","0","0","[]","[]","","false","false"
"13","ar_to_en","1","93","10","0","across","13","??L??????????","[{""position"":0,""characters"":[""A"",""C"",""D"",""E"",""G"",""I"",""L"",""M"",""N"",""O"",""P"",""R"",""S"",""T"",""U"",""Y""]},{""position"":1,""characters"":[""A"",""C"",""D"",""E"",""I"",""L"",""N"",""O"",""P"",""R"",""T"",""U"",""V""]},{""position"":2,""characters"":[""L""]},{""position"":3,""characters"":[""A"",""C"",""D"",""E"",""F"",""I"",""M"",""N"",""O"",""R"",""S"",""T"",""U""]},{""position"":4,""characters"":[""A"",""C"",""E"",""F"",""I"",""M"",""N"",""O"",""R"",""T"",""U""]},{""position"":5,""characters"":[""A"",""C"",""D"",""E"",""F"",""G"",""I"",""L"",""M"",""N"",""O"",""P"",""R"",""S"",""T"",""U"",""X""]},{""position"":6,""characters"":[""A"",""B"",""C"",""H"",""I"",""L"",""N"",""O"",""S"",""T"",""U"",""Z""]},{""position"":7,""characters"":[""A"",""C"",""D"",""E"",""F"",""G"",""I"",""L"",""M"",""N"",""O"",""P"",""R"",""S"",""T"",""U"",""X""]},{""position"":8,""characters"":[""A"",""C"",""E"",""F"",""I"",""M"",""N"",""O"",""R"",""T"",""U""]},{""position"":9,""characters"":[""A"",""C"",""D"",""E"",""F"",""I"",""M"",""N"",""O"",""P"",""R"",""S"",""T"",""U""]},{""position"":10,""characters"":[""A"",""C"",""D"",""E"",""G"",""I"",""M"",""N"",""O"",""P"",""R"",""S"",""T"",""V""]},{""position"":11,""characters"":[""A"",""C"",""D"",""E"",""I"",""L"",""N"",""O"",""P"",""R"",""T"",""U""]},{""position"":12,""characters"":[""A"",""C"",""D"",""E"",""G"",""I"",""L"",""M"",""N"",""O"",""P"",""R"",""S"",""T"",""U"",""Y""]}]","true","false","B_USED_EXHAUSTION","1","1","1","0","0","0","[""AUTOMATICALLY""]","[]","100","false","false"
"13","ar_to_en","1","93","2","0","across","13","??L??????????","[{""position"":0,""characters"":[""A"",""C"",""D"",""E"",""G"",""I"",""L"",""M"",""N"",""O"",""P"",""R"",""S"",""T"",""U"",""Y""]},{""position"":1,""characters"":[""A"",""C"",""D"",""E"",""I"",""L"",""N"",""O"",""P"",""R"",""T"",""U""]},{""position"":2,""characters"":[""L""]},{""position"":3,""characters"":[""A"",""C"",""D"",""E"",""F"",""I"",""M"",""N"",""O"",""P"",""R"",""S"",""T"",""U""]},{""position"":4,""characters"":[""A"",""C"",""E"",""F"",""I"",""M"",""N"",""O"",""R"",""T"",""U""]},{""position"":5,""characters"":[""A"",""C"",""D"",""E"",""F"",""G"",""I"",""L"",""M"",""N"",""O"",""P"",""R"",""S"",""T"",""U"",""X""]},{""position"":6,""characters"":[""A"",""B"",""C"",""H"",""I"",""L"",""N"",""O"",""S"",""T"",""U"",""Z""]},{""position"":7,""characters"":[""A"",""C"",""D"",""E"",""F"",""G"",""I"",""L"",""M"",""N"",""O"",""P"",""R"",""S"",""T"",""U"",""X""]},{""position"":8,""characters"":[""A"",""C"",""E"",""F"",""I"",""M"",""N"",""O"",""R"",""T"",""U""]},{""position"":9,""characters"":[""A"",""C"",""D"",""E"",""F"",""I"",""M"",""N"",""O"",""R"",""S"",""T"",""U""]},{""position"":10,""characters"":[""A"",""C"",""D"",""E"",""G"",""I"",""M"",""N"",""O"",""P"",""R"",""S"",""T"",""V""]},{""position"":11,""characters"":[""A"",""C"",""D"",""E"",""I"",""L"",""N"",""O"",""P"",""R"",""T"",""U"",""V""]},{""position"":12,""characters"":[""A"",""C"",""D"",""E"",""G"",""I"",""L"",""M"",""N"",""O"",""P"",""R"",""S"",""T"",""U"",""Y""]}]","true","false","B_USED_EXHAUSTION","1","1","1","0","0","0","[""AUTOMATICALLY""]","[]","100","false","false"
"13","ar_to_en","1","93","2","1","down","3","A?R","[{""position"":0,""characters"":[""A""]},{""position"":1,""characters"":[""C"",""N"",""R"",""T""]},{""position"":2,""characters"":[""R""]}]","true","false","A_TRUE_GAP","0","0","0","0","0","0","[]","[]","","false","false"
"13","ar_to_en","1","93","2","0","down","3","S??","[{""position"":0,""characters"":[""S""]},{""position"":1,""characters"":[""G"",""L"",""S"",""W""]},{""position"":2,""characters"":[""A"",""B"",""C"",""D"",""E"",""F"",""H"",""L"",""M"",""N"",""P"",""R"",""S"",""T"",""U"",""W"",""Y""]}]","true","false","A_TRUE_GAP","0","0","0","0","0","0","[]","[]","","false","false"
"13","ar_to_en","1","95","2","0","across","13","??I???????I??","[{""position"":0,""characters"":[""A"",""C"",""D"",""E"",""G"",""I"",""L"",""N"",""O"",""P"",""R"",""S"",""T"",""U"",""Y""]},{""position"":1,""characters"":[""A"",""C"",""D"",""E"",""L"",""N"",""O"",""P"",""R"",""T"",""U"",""V""]},{""position"":2,""characters"":[""I""]},{""position"":3,""characters"":[""A"",""C"",""D"",""E"",""F"",""I"",""M"",""N"",""O"",""R"",""S"",""T"",""U""]},{""position"":4,""characters"":[""A"",""C"",""E"",""F"",""I"",""M"",""N"",""O"",""R"",""T"",""U""]},{""position"":5,""characters"":[""A"",""C"",""D"",""E"",""F"",""G"",""I"",""M"",""N"",""O"",""P"",""R"",""S"",""T"",""U"",""X""]},{""position"":6,""characters"":[""A"",""B"",""C"",""H"",""I"",""L"",""N"",""O"",""S"",""T"",""U""]},{""position"":7,""characters"":[""A"",""C"",""D"",""E"",""F"",""G"",""I"",""L"",""M"",""N"",""O"",""P"",""R"",""S"",""T"",""U"",""X""]},{""position"":8,""characters"":[""A"",""C"",""E"",""F"",""I"",""M"",""N"",""O"",""R"",""T"",""U""]},{""position"":9,""characters"":[""A"",""C"",""D"",""E"",""F"",""I"",""M"",""N"",""O"",""P"",""R"",""S"",""T"",""U""]},{""position"":10,""characters"":[""I""]},{""position"":11,""characters"":[""A"",""C"",""D"",""E"",""I"",""L"",""N"",""O"",""P"",""R"",""T"",""U""]},{""position"":12,""characters"":[""A"",""C"",""D"",""E"",""G"",""I"",""L"",""M"",""N"",""O"",""P"",""R"",""S"",""T"",""U"",""Y""]}]","true","false","A_TRUE_GAP","0","0","0","0","0","0","[]","[]","","false","false"
"13","ar_to_en","1","95","0","10","down","13","??????????G??","[{""position"":0,""characters"":[""A"",""C"",""D"",""E"",""G"",""I"",""L"",""M"",""N"",""O"",""P"",""R"",""S"",""T"",""U"",""Y""]},{""position"":1,""characters"":[""A"",""C"",""D"",""E"",""I"",""L"",""N"",""O"",""P"",""R"",""T"",""U"",""V""]},{""position"":2,""characters"":[""A"",""C"",""D"",""E"",""I"",""L"",""M"",""N"",""O"",""P"",""R"",""S"",""T"",""V""]},{""position"":3,""characters"":[""A"",""C"",""D"",""E"",""F"",""I"",""M"",""N"",""O"",""P"",""S"",""T"",""U""]},{""position"":4,""characters"":[""A"",""C"",""E"",""F"",""I"",""M"",""N"",""O"",""R"",""T"",""U""]},{""position"":5,""characters"":[""A"",""C"",""D"",""E"",""F"",""G"",""I"",""L"",""M"",""N"",""O"",""P"",""R"",""S"",""T"",""U""]},{""position"":6,""characters"":[""A"",""B"",""C"",""H"",""I"",""L"",""N"",""O"",""S"",""T"",""U""]},{""position"":7,""characters"":[""A"",""C"",""D"",""E"",""F"",""G"",""I"",""M"",""N"",""O"",""P"",""R"",""S"",""T"",""U""]},{""position"":8,""characters"":[""A"",""C"",""E"",""F"",""I"",""M"",""N"",""O"",""R"",""T"",""U""]},{""position"":9,""characters"":[""A"",""C"",""D"",""E"",""F"",""I"",""M"",""N"",""O"",""P"",""R"",""S"",""T"",""U""]},{""position"":10,""characters"":[""G""]},{""position"":11,""characters"":[""A"",""C"",""D"",""E"",""I"",""L"",""N"",""O"",""R"",""T"",""U"",""V""]},{""position"":12,""characters"":[""A"",""C"",""D"",""E"",""G"",""I"",""L"",""N"",""O"",""P"",""R"",""S"",""T"",""U"",""Y""]}]","true","false","B_USED_EXHAUSTION","1","1","1","0","0","0","[""ORGANISATIONS""]","[]","100","false","false"
"13","ar_to_en","1","95","0","10","down","13","??????????D??","[{""position"":0,""characters"":[""A"",""C"",""D"",""E"",""G"",""I"",""L"",""M"",""N"",""O"",""P"",""R"",""S"",""T"",""U"",""Y""]},{""position"":1,""characters"":[""A"",""C"",""D"",""E"",""I"",""L"",""N"",""O"",""P"",""R"",""T"",""U"",""V""]},{""position"":2,""characters"":[""A"",""C"",""D"",""E"",""G"",""I"",""L"",""M"",""N"",""O"",""P"",""R"",""S"",""T"",""V""]},{""position"":3,""characters"":[""A"",""C"",""D"",""E"",""F"",""I"",""M"",""N"",""O"",""P"",""S"",""T"",""U""]},{""position"":4,""characters"":[""A"",""C"",""E"",""F"",""I"",""M"",""N"",""O"",""R"",""T"",""U""]},{""position"":5,""characters"":[""A"",""C"",""D"",""E"",""F"",""G"",""I"",""L"",""M"",""N"",""O"",""P"",""R"",""S"",""T"",""U""]},{""position"":6,""characters"":[""A"",""B"",""C"",""H"",""I"",""L"",""N"",""O"",""S"",""T"",""U""]},{""position"":7,""characters"":[""A"",""C"",""D"",""E"",""F"",""G"",""I"",""M"",""N"",""O"",""P"",""R"",""S"",""T"",""U""]},{""position"":8,""characters"":[""A"",""C"",""E"",""F"",""I"",""M"",""N"",""O"",""R"",""T"",""U""]},{""position"":9,""characters"":[""A"",""C"",""D"",""E"",""F"",""I"",""M"",""N"",""O"",""P"",""R"",""S"",""T"",""U""]},{""position"":10,""characters"":[""D""]},{""position"":11,""characters"":[""A"",""C"",""D"",""E"",""I"",""L"",""N"",""O"",""R"",""T"",""U"",""V""]},{""position"":12,""characters"":[""A"",""C"",""D"",""E"",""G"",""I"",""L"",""N"",""O"",""P"",""R"",""S"",""T"",""U"",""Y""]}]","true","false","B_USED_EXHAUSTION","1","1","1","0","0","0","[""UNDERSTANDING""]","[]","100","false","false"
"13","ar_to_en","1","95","11","2","across","10","??????????","[{""position"":0,""characters"":[""A"",""N"",""O"",""T""]},{""position"":1,""characters"":[""A"",""C"",""E"",""H"",""L"",""N"",""O"",""R"",""S""]},{""position"":2,""characters"":[""E"",""F"",""I"",""T""]},{""position"":3,""characters"":[""C"",""D"",""E"",""I"",""L"",""N"",""P"",""R"",""S"",""T""]},{""position"":4,""characters"":[""A"",""O"",""R"",""U""]},{""position"":5,""characters"":[""A"",""E""]},{""position"":6,""characters"":[""B"",""C"",""D"",""E"",""F"",""M"",""N"",""O"",""P"",""R"",""S"",""T""]},{""position"":7,""characters"":[""A"",""C"",""D"",""E"",""G"",""I"",""L"",""M"",""O"",""P"",""R"",""S"",""T"",""U""]},{""position"":8,""characters"":[""E"",""N"",""O"",""V""]},{""position"":9,""characters"":[""A"",""C"",""D"",""E"",""G"",""I"",""N"",""S"",""T"",""U"",""Y""]}]","true","false","A_TRUE_GAP","0","0","0","0","0","0","[]","[]","","false","false"
"13","ar_to_en","1","95","11","2","across","10","??????????","[{""position"":0,""characters"":[""E"",""N"",""O""]},{""position"":1,""characters"":[""A"",""E"",""I"",""N"",""O"",""R"",""U""]},{""position"":2,""characters"":[""C"",""D"",""E"",""F"",""G"",""H"",""I"",""L"",""M"",""N"",""O"",""P"",""R"",""S"",""T"",""U"",""V"",""W""]},{""position"":3,""characters"":[""A"",""O"",""R"",""U""]},{""position"":4,""characters"":[""C"",""L"",""N""]},{""position"":5,""characters"":[""A"",""D"",""E"",""I"",""N"",""O"",""T""]},{""position"":6,""characters"":[""B"",""C"",""D"",""E"",""F"",""M"",""N"",""O"",""P"",""R"",""S"",""T""]},{""position"":7,""characters"":[""A"",""E"",""I"",""O"",""U""]},{""position"":8,""characters"":[""D"",""E"",""O""]},{""position"":9,""characters"":[""D"",""E"",""H"",""L"",""M"",""N"",""P"",""R"",""S"",""T"",""U""]}]","true","false","A_TRUE_GAP","0","0","0","0","0","0","[]","[]","","false","false"
"13","ar_to_en","1","95","11","2","across","10","??????????","[{""position"":0,""characters"":[""A"",""E"",""N"",""O"",""U""]},{""position"":1,""characters"":[""A"",""C"",""D"",""E"",""H"",""L"",""M"",""N"",""P"",""R"",""S"",""V""]},{""position"":2,""characters"":[""E"",""F"",""I"",""T""]},{""position"":3,""characters"":[""C"",""L"",""N""]},{""position"":4,""characters"":[""A"",""O"",""R"",""U""]},{""position"":5,""characters"":[""C"",""D"",""E"",""G"",""L"",""M"",""N"",""O"",""R"",""S"",""T"",""Y""]},{""position"":6,""characters"":[""A"",""E""]},{""position"":7,""characters"":[""A"",""C"",""D"",""E"",""L"",""M"",""N"",""O"",""P"",""R"",""S"",""T"",""U"",""V""]},{""position"":8,""characters"":[""N"",""R"",""U""]},{""position"":9,""characters"":[""A"",""C"",""D"",""E"",""G"",""I"",""N"",""S"",""T"",""U"",""Y""]}]","true","false","A_TRUE_GAP","0","0","0","0","0","0","[]","[]","","false","false"
"13","ar_to_en","1","95","11","2","across","10","??????????","[{""position"":0,""characters"":[""E"",""N"",""O""]},{""position"":1,""characters"":[""A"",""E"",""I"",""N"",""O"",""R"",""U""]},{""position"":2,""characters"":[""C"",""D"",""E"",""F"",""G"",""H"",""I"",""L"",""M"",""N"",""O"",""P"",""R"",""S"",""T"",""U"",""V"",""W""]},{""position"":3,""characters"":[""A"",""E"",""I"",""O"",""P"",""U""]},{""position"":4,""characters"":[""C"",""L"",""N""]},{""position"":5,""characters"":[""A"",""E"",""I"",""T""]},{""position"":6,""characters"":[""A"",""B"",""D"",""E"",""F"",""H"",""K"",""L"",""M"",""N"",""O"",""P"",""R"",""S"",""T""]},{""position"":7,""characters"":[""A"",""C"",""E"",""F"",""I"",""L"",""N"",""O"",""R"",""U""]},{""position"":8,""characters"":[""E"",""I""]},{""position"":9,""characters"":[""C"",""D"",""E"",""G"",""H"",""I"",""L"",""M"",""N"",""P"",""R"",""S"",""T""]}]","true","false","A_TRUE_GAP","0","0","0","0","0","0","[]","[]","","false","false"
"13","ar_to_en","1","95","11","2","across","10","????????D?","[{""position"":0,""characters"":[""E"",""N"",""O"",""U""]},{""position"":1,""characters"":[""A"",""C"",""D"",""E"",""I"",""L"",""O"",""U""]},{""position"":2,""characters"":[""A"",""C"",""D"",""E"",""G"",""H"",""I"",""L"",""M"",""N"",""P"",""R"",""S"",""T"",""U"",""V""]},{""position"":3,""characters"":[""A"",""E"",""I"",""R"",""U""]},{""position"":4,""characters"":[""A"",""E"",""I"",""N"",""O"",""U""]},{""position"":5,""characters"":[""C"",""D"",""G"",""L"",""N"",""O"",""R"",""S"",""T"",""U"",""Y""]},{""position"":6,""characters"":[""A"",""C"",""E"",""M"",""T""]},{""position"":7,""characters"":[""A"",""C"",""D"",""E"",""L"",""M"",""N"",""O"",""P"",""R"",""S"",""T"",""U"",""V""]},{""position"":8,""characters"":[""D""]},{""position"":9,""characters"":[""A"",""C"",""D"",""E"",""G"",""I"",""N"",""S"",""T"",""U"",""Y""]}]","true","false","A_TRUE_GAP","0","0","0","0","0","0","[]","[]","","false","false"
"13","ar_to_en","1","95","7","0","across","3","??X","[{""position"":0,""characters"":[""A"",""E"",""H"",""I"",""N"",""U""]},{""position"":1,""characters"":[""A"",""C"",""D"",""E"",""L"",""N"",""O"",""R"",""S"",""T""]},{""position"":2,""characters"":[""X""]}]","true","false","A_TRUE_GAP","0","0","0","0","0","0","[]","[]","","false","false"
"13","ar_to_en","1","95","11","2","across","10","????????L?","[{""position"":0,""characters"":[""L"",""N"",""R""]},{""position"":1,""characters"":[""A"",""C"",""D"",""E"",""I"",""L"",""O"",""U""]},{""position"":2,""characters"":[""B"",""C"",""D"",""E"",""G"",""H"",""I"",""L"",""M"",""N"",""O"",""P"",""R"",""S"",""T"",""U"",""V"",""W""]},{""position"":3,""characters"":[""C"",""L"",""N""]},{""position"":4,""characters"":[""A"",""C"",""E"",""I"",""N"",""O"",""P"",""R"",""U""]},{""position"":5,""characters"":[""A"",""D"",""E"",""G"",""L"",""M"",""N"",""O"",""R"",""S"",""T""]},{""position"":6,""characters"":[""A"",""E""]},{""position"":7,""characters"":[""A"",""C"",""L"",""N"",""O"",""T"",""U""]},{""position"":8,""characters"":[""L""]},{""position"":9,""characters"":[""A"",""D"",""E"",""H"",""I"",""L"",""N"",""R"",""S"",""T"",""U""]}]","true","false","A_TRUE_GAP","0","0","0","0","0","0","[]","[]","","false","false"
"13","ar_to_en","1","95","8","0","across","3","??I","[{""position"":0,""characters"":[""A"",""B"",""D"",""E"",""G"",""J"",""K"",""L"",""N"",""R"",""S"",""T"",""U"",""X"",""Y""]},{""position"":1,""characters"":[""A"",""E"",""P"",""S""]},{""position"":2,""characters"":[""I""]}]","true","false","A_TRUE_GAP","0","0","0","0","0","0","[]","[]","","false","false"
"13","ar_to_en","1","95","0","10","down","13","??????????L??","[{""position"":0,""characters"":[""A"",""C"",""D"",""E"",""G"",""I"",""L"",""M"",""N"",""O"",""P"",""R"",""S"",""T"",""U"",""Y""]},{""position"":1,""characters"":[""A"",""C"",""D"",""E"",""I"",""L"",""N"",""O"",""P"",""R"",""T"",""U"",""V""]},{""position"":2,""characters"":[""A"",""C"",""D"",""E"",""G"",""I"",""M"",""N"",""O"",""P"",""R"",""S"",""T"",""V""]},{""position"":3,""characters"":[""A"",""C"",""D"",""E"",""F"",""I"",""M"",""N"",""O"",""P"",""S"",""T"",""U""]},{""position"":4,""characters"":[""A"",""C"",""E"",""F"",""I"",""M"",""N"",""O"",""R"",""T"",""U""]},{""position"":5,""characters"":[""A"",""C"",""D"",""E"",""F"",""G"",""I"",""L"",""M"",""N"",""O"",""P"",""R"",""S"",""T"",""U""]},{""position"":6,""characters"":[""A"",""B"",""C"",""H"",""I"",""L"",""N"",""O"",""S"",""T"",""U""]},{""position"":7,""characters"":[""A"",""C"",""D"",""E"",""F"",""G"",""I"",""M"",""N"",""O"",""P"",""R"",""S"",""T"",""U""]},{""position"":8,""characters"":[""A"",""C"",""E"",""F"",""I"",""M"",""N"",""O"",""R"",""T"",""U""]},{""position"":9,""characters"":[""A"",""C"",""D"",""E"",""F"",""I"",""M"",""N"",""O"",""P"",""R"",""S"",""T"",""U""]},{""position"":10,""characters"":[""L""]},{""position"":11,""characters"":[""A"",""C"",""D"",""E"",""I"",""L"",""N"",""O"",""R"",""T"",""U"",""V""]},{""position"":12,""characters"":[""A"",""C"",""D"",""E"",""G"",""I"",""L"",""N"",""O"",""P"",""R"",""S"",""T"",""U"",""Y""]}]","true","false","B_USED_EXHAUSTION","1","1","1","0","0","0","[""AUTOMATICALLY""]","[]","100","false","false"
"13","ar_to_en","1","96","11","2","across","10","??????????","[{""position"":0,""characters"":[""A"",""E"",""N"",""O"",""U""]},{""position"":1,""characters"":[""A"",""C"",""D"",""E"",""H"",""L"",""M"",""N"",""P"",""R"",""S"",""V""]},{""position"":2,""characters"":[""E"",""F"",""I"",""T""]},{""position"":3,""characters"":[""C"",""L"",""N""]},{""position"":4,""characters"":[""A"",""O"",""R"",""U""]},{""position"":5,""characters"":[""C"",""D"",""E"",""G"",""L"",""M"",""N"",""O"",""R"",""S"",""T"",""Y""]},{""position"":6,""characters"":[""A"",""E""]},{""position"":7,""characters"":[""A"",""C"",""D"",""E"",""L"",""M"",""N"",""O"",""P"",""R"",""S"",""T"",""U"",""V""]},{""position"":8,""characters"":[""N"",""R"",""U""]},{""position"":9,""characters"":[""A"",""C"",""D"",""E"",""G"",""I"",""N"",""S"",""T"",""U"",""Y""]}]","true","false","A_TRUE_GAP","0","0","0","0","0","0","[]","[]","","false","false"
"13","ar_to_en","1","96","11","2","across","10","??????????","[{""position"":0,""characters"":[""E"",""N"",""O""]},{""position"":1,""characters"":[""A"",""E"",""I"",""N"",""O"",""R"",""U""]},{""position"":2,""characters"":[""C"",""D"",""E"",""F"",""G"",""H"",""I"",""L"",""M"",""N"",""O"",""P"",""R"",""S"",""T"",""U"",""V"",""W""]},{""position"":3,""characters"":[""A"",""E"",""I"",""O"",""P"",""U""]},{""position"":4,""characters"":[""C"",""L"",""N""]},{""position"":5,""characters"":[""A"",""E"",""I"",""T""]},{""position"":6,""characters"":[""A"",""B"",""D"",""E"",""F"",""H"",""K"",""L"",""M"",""N"",""O"",""P"",""R"",""S"",""T""]},{""position"":7,""characters"":[""A"",""C"",""E"",""F"",""I"",""L"",""N"",""O"",""R"",""U""]},{""position"":8,""characters"":[""E"",""I""]},{""position"":9,""characters"":[""C"",""D"",""E"",""G"",""H"",""I"",""L"",""M"",""N"",""P"",""R"",""S"",""T""]}]","true","false","A_TRUE_GAP","0","0","0","0","0","0","[]","[]","","false","false"
"13","ar_to_en","1","96","11","2","across","10","????????D?","[{""position"":0,""characters"":[""E"",""N"",""O"",""U""]},{""position"":1,""characters"":[""A"",""C"",""D"",""E"",""I"",""L"",""O"",""U""]},{""position"":2,""characters"":[""A"",""C"",""D"",""E"",""G"",""H"",""I"",""L"",""M"",""N"",""P"",""R"",""S"",""T"",""U"",""V""]},{""position"":3,""characters"":[""A"",""E"",""I"",""R"",""U""]},{""position"":4,""characters"":[""A"",""E"",""I"",""N"",""O"",""U""]},{""position"":5,""characters"":[""C"",""D"",""G"",""L"",""N"",""O"",""R"",""S"",""T"",""U"",""Y""]},{""position"":6,""characters"":[""A"",""C"",""E"",""M"",""T""]},{""position"":7,""characters"":[""A"",""C"",""D"",""E"",""L"",""M"",""N"",""O"",""P"",""R"",""S"",""T"",""U"",""V""]},{""position"":8,""characters"":[""D""]},{""position"":9,""characters"":[""A"",""C"",""D"",""E"",""G"",""I"",""N"",""S"",""T"",""U"",""Y""]}]","true","false","A_TRUE_GAP","0","0","0","0","0","0","[]","[]","","false","false"
"13","ar_to_en","1","96","7","0","across","3","??X","[{""position"":0,""characters"":[""A"",""E"",""H"",""I"",""N"",""U""]},{""position"":1,""characters"":[""A"",""C"",""D"",""E"",""L"",""N"",""O"",""R"",""S"",""T""]},{""position"":2,""characters"":[""X""]}]","true","false","A_TRUE_GAP","0","0","0","0","0","0","[]","[]","","false","false"
"13","ar_to_en","1","96","11","2","across","10","????????L?","[{""position"":0,""characters"":[""L"",""N"",""R""]},{""position"":1,""characters"":[""A"",""C"",""D"",""E"",""I"",""L"",""O"",""U""]},{""position"":2,""characters"":[""B"",""C"",""D"",""E"",""G"",""H"",""I"",""L"",""M"",""N"",""O"",""P"",""R"",""S"",""T"",""U"",""V"",""W""]},{""position"":3,""characters"":[""C"",""L"",""N""]},{""position"":4,""characters"":[""A"",""C"",""E"",""I"",""N"",""O"",""P"",""R"",""U""]},{""position"":5,""characters"":[""A"",""D"",""E"",""G"",""L"",""M"",""N"",""O"",""R"",""S"",""T""]},{""position"":6,""characters"":[""A"",""E""]},{""position"":7,""characters"":[""A"",""C"",""L"",""N"",""O"",""T"",""U""]},{""position"":8,""characters"":[""L""]},{""position"":9,""characters"":[""A"",""D"",""E"",""H"",""I"",""L"",""N"",""R"",""S"",""T"",""U""]}]","true","false","A_TRUE_GAP","0","0","0","0","0","0","[]","[]","","false","false"
"13","ar_to_en","1","96","8","0","across","3","??I","[{""position"":0,""characters"":[""A"",""B"",""D"",""E"",""G"",""J"",""K"",""L"",""N"",""R"",""S"",""T"",""U"",""X"",""Y""]},{""position"":1,""characters"":[""A"",""E"",""P"",""S""]},{""position"":2,""characters"":[""I""]}]","true","false","A_TRUE_GAP","0","0","0","0","0","0","[]","[]","","false","false"
"13","ar_to_en","1","96","0","10","down","13","??????????L??","[{""position"":0,""characters"":[""A"",""C"",""D"",""E"",""G"",""I"",""L"",""M"",""N"",""O"",""P"",""R"",""S"",""T"",""U"",""Y""]},{""position"":1,""characters"":[""A"",""C"",""D"",""E"",""I"",""L"",""N"",""O"",""P"",""R"",""T"",""U"",""V""]},{""position"":2,""characters"":[""A"",""C"",""D"",""E"",""G"",""I"",""M"",""N"",""O"",""P"",""R"",""S"",""T"",""V""]},{""position"":3,""characters"":[""A"",""C"",""D"",""E"",""F"",""I"",""M"",""N"",""O"",""P"",""S"",""T"",""U""]},{""position"":4,""characters"":[""A"",""C"",""E"",""F"",""I"",""M"",""N"",""O"",""R"",""T"",""U""]},{""position"":5,""characters"":[""A"",""C"",""D"",""E"",""F"",""G"",""I"",""L"",""M"",""N"",""O"",""P"",""R"",""S"",""T"",""U""]},{""position"":6,""characters"":[""A"",""B"",""C"",""H"",""I"",""L"",""N"",""O"",""S"",""T"",""U""]},{""position"":7,""characters"":[""A"",""C"",""D"",""E"",""F"",""G"",""I"",""M"",""N"",""O"",""P"",""R"",""S"",""T"",""U""]},{""position"":8,""characters"":[""A"",""C"",""E"",""F"",""I"",""M"",""N"",""O"",""R"",""T"",""U""]},{""position"":9,""characters"":[""A"",""C"",""D"",""E"",""F"",""I"",""M"",""N"",""O"",""P"",""R"",""S"",""T"",""U""]},{""position"":10,""characters"":[""L""]},{""position"":11,""characters"":[""A"",""C"",""D"",""E"",""I"",""L"",""N"",""O"",""R"",""T"",""U"",""V""]},{""position"":12,""characters"":[""A"",""C"",""D"",""E"",""G"",""I"",""L"",""N"",""O"",""P"",""R"",""S"",""T"",""U"",""Y""]}]","true","false","B_USED_EXHAUSTION","1","1","1","0","0","0","[""AUTOMATICALLY""]","[]","100","false","false"
"13","ar_to_en","1","96","0","10","down","13","??????????S??","[{""position"":0,""characters"":[""A"",""C"",""D"",""E"",""G"",""I"",""L"",""M"",""N"",""O"",""P"",""R"",""S"",""T"",""U"",""Y""]},{""position"":1,""characters"":[""A"",""C"",""D"",""E"",""I"",""L"",""N"",""O"",""P"",""R"",""T"",""U"",""V""]},{""position"":2,""characters"":[""A"",""C"",""D"",""E"",""G"",""I"",""L"",""M"",""N"",""O"",""P"",""R"",""S"",""T"",""V""]},{""position"":3,""characters"":[""A"",""C"",""D"",""E"",""F"",""I"",""M"",""N"",""O"",""P"",""S"",""T"",""U""]},{""position"":4,""characters"":[""A"",""C"",""E"",""F"",""I"",""M"",""N"",""O"",""R"",""T"",""U""]},{""position"":5,""characters"":[""A"",""C"",""D"",""E"",""F"",""G"",""I"",""L"",""M"",""N"",""O"",""P"",""R"",""S"",""T"",""U""]},{""position"":6,""characters"":[""A"",""B"",""C"",""H"",""I"",""L"",""N"",""O"",""S"",""T"",""U""]},{""position"":7,""characters"":[""A"",""C"",""D"",""E"",""F"",""G"",""I"",""M"",""N"",""O"",""P"",""R"",""S"",""T"",""U""]},{""position"":8,""characters"":[""A"",""C"",""E"",""F"",""I"",""M"",""N"",""O"",""R"",""T"",""U""]},{""position"":9,""characters"":[""A"",""C"",""D"",""E"",""F"",""I"",""M"",""N"",""O"",""P"",""R"",""S"",""T"",""U""]},{""position"":10,""characters"":[""S""]},{""position"":11,""characters"":[""A"",""C"",""D"",""E"",""I"",""L"",""N"",""O"",""R"",""T"",""U"",""V""]},{""position"":12,""characters"":[""A"",""C"",""D"",""E"",""G"",""I"",""L"",""N"",""O"",""P"",""R"",""S"",""T"",""U"",""Y""]}]","true","false","B_USED_EXHAUSTION","1","1","1","0","0","0","[""INSTITUTIONAL""]","[]","100","false","false"
"13","ar_to_en","1","97","11","2","across","10","??????????","[{""position"":0,""characters"":[""E"",""N"",""O""]},{""position"":1,""characters"":[""A"",""E"",""I"",""N"",""O"",""R"",""U""]},{""position"":2,""characters"":[""C"",""D"",""E"",""F"",""G"",""H"",""I"",""L"",""M"",""N"",""O"",""P"",""R"",""S"",""T"",""U"",""V"",""W""]},{""position"":3,""characters"":[""A"",""O"",""R"",""U""]},{""position"":4,""characters"":[""C"",""L"",""N""]},{""position"":5,""characters"":[""A"",""D"",""E"",""I"",""N"",""O"",""T""]},{""position"":6,""characters"":[""B"",""C"",""D"",""E"",""F"",""M"",""N"",""O"",""P"",""R"",""S"",""T""]},{""position"":7,""characters"":[""A"",""E"",""I"",""O"",""U""]},{""position"":8,""characters"":[""D"",""E"",""O""]},{""position"":9,""characters"":[""D"",""E"",""H"",""L"",""M"",""N"",""P"",""R"",""S"",""T"",""U""]}]","true","false","A_TRUE_GAP","0","0","0","0","0","0","[]","[]","","false","false"
"13","ar_to_en","1","97","11","2","across","10","??????????","[{""position"":0,""characters"":[""A"",""E"",""N"",""O"",""U""]},{""position"":1,""characters"":[""A"",""C"",""D"",""E"",""H"",""L"",""M"",""N"",""P"",""R"",""S"",""V""]},{""position"":2,""characters"":[""E"",""F"",""I"",""T""]},{""position"":3,""characters"":[""C"",""L"",""N""]},{""position"":4,""characters"":[""A"",""O"",""R"",""U""]},{""position"":5,""characters"":[""C"",""D"",""E"",""G"",""L"",""M"",""N"",""O"",""R"",""S"",""T"",""Y""]},{""position"":6,""characters"":[""A"",""E""]},{""position"":7,""characters"":[""A"",""C"",""D"",""E"",""L"",""M"",""N"",""O"",""P"",""R"",""S"",""T"",""U"",""V""]},{""position"":8,""characters"":[""N"",""R"",""U""]},{""position"":9,""characters"":[""A"",""C"",""D"",""E"",""G"",""I"",""N"",""S"",""T"",""U"",""Y""]}]","true","false","A_TRUE_GAP","0","0","0","0","0","0","[]","[]","","false","false"
"13","ar_to_en","1","97","11","2","across","10","??????????","[{""position"":0,""characters"":[""E"",""N"",""O""]},{""position"":1,""characters"":[""A"",""E"",""I"",""N"",""O"",""R"",""U""]},{""position"":2,""characters"":[""C"",""D"",""E"",""F"",""G"",""H"",""I"",""L"",""M"",""N"",""O"",""P"",""R"",""S"",""T"",""U"",""V"",""W""]},{""position"":3,""characters"":[""A"",""E"",""I"",""O"",""P"",""U""]},{""position"":4,""characters"":[""C"",""L"",""N""]},{""position"":5,""characters"":[""A"",""E"",""I"",""T""]},{""position"":6,""characters"":[""A"",""B"",""D"",""E"",""F"",""H"",""K"",""L"",""M"",""N"",""O"",""P"",""R"",""S"",""T""]},{""position"":7,""characters"":[""A"",""C"",""E"",""F"",""I"",""L"",""N"",""O"",""R"",""U""]},{""position"":8,""characters"":[""E"",""I""]},{""position"":9,""characters"":[""C"",""D"",""E"",""G"",""H"",""I"",""L"",""M"",""N"",""P"",""R"",""S"",""T""]}]","true","false","A_TRUE_GAP","0","0","0","0","0","0","[]","[]","","false","false"
"13","ar_to_en","1","97","11","2","across","10","????????D?","[{""position"":0,""characters"":[""E"",""N"",""O"",""U""]},{""position"":1,""characters"":[""A"",""C"",""D"",""E"",""I"",""L"",""O"",""U""]},{""position"":2,""characters"":[""A"",""C"",""D"",""E"",""G"",""H"",""I"",""L"",""M"",""N"",""P"",""R"",""S"",""T"",""U"",""V""]},{""position"":3,""characters"":[""A"",""E"",""I"",""R"",""U""]},{""position"":4,""characters"":[""A"",""E"",""I"",""N"",""O"",""U""]},{""position"":5,""characters"":[""C"",""D"",""G"",""L"",""N"",""O"",""R"",""S"",""T"",""U"",""Y""]},{""position"":6,""characters"":[""A"",""C"",""E"",""M"",""T""]},{""position"":7,""characters"":[""A"",""C"",""D"",""E"",""L"",""M"",""N"",""O"",""P"",""R"",""S"",""T"",""U"",""V""]},{""position"":8,""characters"":[""D""]},{""position"":9,""characters"":[""A"",""C"",""D"",""E"",""G"",""I"",""N"",""S"",""T"",""U"",""Y""]}]","true","false","A_TRUE_GAP","0","0","0","0","0","0","[]","[]","","false","false"
"13","ar_to_en","1","97","7","0","across","3","??X","[{""position"":0,""characters"":[""A"",""E"",""H"",""I"",""N"",""U""]},{""position"":1,""characters"":[""A"",""C"",""D"",""E"",""L"",""N"",""O"",""R"",""S"",""T""]},{""position"":2,""characters"":[""X""]}]","true","false","A_TRUE_GAP","0","0","0","0","0","0","[]","[]","","false","false"
"13","ar_to_en","1","97","11","2","across","10","????????L?","[{""position"":0,""characters"":[""L"",""N"",""R""]},{""position"":1,""characters"":[""A"",""C"",""D"",""E"",""I"",""L"",""O"",""U""]},{""position"":2,""characters"":[""B"",""C"",""D"",""E"",""G"",""H"",""I"",""L"",""M"",""N"",""O"",""P"",""R"",""S"",""T"",""U"",""V"",""W""]},{""position"":3,""characters"":[""C"",""L"",""N""]},{""position"":4,""characters"":[""A"",""C"",""E"",""I"",""N"",""O"",""P"",""R"",""U""]},{""position"":5,""characters"":[""A"",""D"",""E"",""G"",""L"",""M"",""N"",""O"",""R"",""S"",""T""]},{""position"":6,""characters"":[""A"",""E""]},{""position"":7,""characters"":[""A"",""C"",""L"",""N"",""O"",""T"",""U""]},{""position"":8,""characters"":[""L""]},{""position"":9,""characters"":[""A"",""D"",""E"",""H"",""I"",""L"",""N"",""R"",""S"",""T"",""U""]}]","true","false","A_TRUE_GAP","0","0","0","0","0","0","[]","[]","","false","false"
"13","ar_to_en","1","97","8","0","across","3","??I","[{""position"":0,""characters"":[""A"",""B"",""D"",""E"",""G"",""J"",""K"",""L"",""N"",""R"",""S"",""T"",""U"",""X"",""Y""]},{""position"":1,""characters"":[""A"",""E"",""P"",""S""]},{""position"":2,""characters"":[""I""]}]","true","false","A_TRUE_GAP","0","0","0","0","0","0","[]","[]","","false","false"
"13","ar_to_en","1","97","0","10","down","13","??????????L??","[{""position"":0,""characters"":[""A"",""C"",""D"",""E"",""G"",""I"",""L"",""M"",""N"",""O"",""P"",""R"",""S"",""T"",""U"",""Y""]},{""position"":1,""characters"":[""A"",""C"",""D"",""E"",""I"",""L"",""N"",""O"",""P"",""R"",""T"",""U"",""V""]},{""position"":2,""characters"":[""A"",""C"",""D"",""E"",""G"",""I"",""M"",""N"",""O"",""P"",""R"",""S"",""T"",""V""]},{""position"":3,""characters"":[""A"",""C"",""D"",""E"",""F"",""I"",""M"",""N"",""O"",""P"",""S"",""T"",""U""]},{""position"":4,""characters"":[""A"",""C"",""E"",""F"",""I"",""M"",""N"",""O"",""R"",""T"",""U""]},{""position"":5,""characters"":[""A"",""C"",""D"",""E"",""F"",""G"",""I"",""L"",""M"",""N"",""O"",""P"",""R"",""S"",""T"",""U""]},{""position"":6,""characters"":[""A"",""B"",""C"",""H"",""I"",""L"",""N"",""O"",""S"",""T"",""U""]},{""position"":7,""characters"":[""A"",""C"",""D"",""E"",""F"",""G"",""I"",""M"",""N"",""O"",""P"",""R"",""S"",""T"",""U""]},{""position"":8,""characters"":[""A"",""C"",""E"",""F"",""I"",""M"",""N"",""O"",""R"",""T"",""U""]},{""position"":9,""characters"":[""A"",""C"",""D"",""E"",""F"",""I"",""M"",""N"",""O"",""P"",""R"",""S"",""T"",""U""]},{""position"":10,""characters"":[""L""]},{""position"":11,""characters"":[""A"",""C"",""D"",""E"",""I"",""L"",""N"",""O"",""R"",""T"",""U"",""V""]},{""position"":12,""characters"":[""A"",""C"",""D"",""E"",""G"",""I"",""L"",""N"",""O"",""P"",""R"",""S"",""T"",""U"",""Y""]}]","true","false","B_USED_EXHAUSTION","1","1","1","0","0","0","[""AUTOMATICALLY""]","[]","100","false","false"
"13","ar_to_en","1","97","0","10","down","13","??????????S??","[{""position"":0,""characters"":[""A"",""C"",""D"",""E"",""G"",""I"",""L"",""M"",""N"",""O"",""P"",""R"",""S"",""T"",""U"",""Y""]},{""position"":1,""characters"":[""A"",""C"",""D"",""E"",""I"",""L"",""N"",""O"",""P"",""R"",""T"",""U"",""V""]},{""position"":2,""characters"":[""A"",""C"",""D"",""E"",""G"",""I"",""L"",""M"",""N"",""O"",""P"",""R"",""S"",""T"",""V""]},{""position"":3,""characters"":[""A"",""C"",""D"",""E"",""F"",""I"",""M"",""N"",""O"",""P"",""S"",""T"",""U""]},{""position"":4,""characters"":[""A"",""C"",""E"",""F"",""I"",""M"",""N"",""O"",""R"",""T"",""U""]},{""position"":5,""characters"":[""A"",""C"",""D"",""E"",""F"",""G"",""I"",""L"",""M"",""N"",""O"",""P"",""R"",""S"",""T"",""U""]},{""position"":6,""characters"":[""A"",""B"",""C"",""H"",""I"",""L"",""N"",""O"",""S"",""T"",""U""]},{""position"":7,""characters"":[""A"",""C"",""D"",""E"",""F"",""G"",""I"",""M"",""N"",""O"",""P"",""R"",""S"",""T"",""U""]},{""position"":8,""characters"":[""A"",""C"",""E"",""F"",""I"",""M"",""N"",""O"",""R"",""T"",""U""]},{""position"":9,""characters"":[""A"",""C"",""D"",""E"",""F"",""I"",""M"",""N"",""O"",""P"",""R"",""S"",""T"",""U""]},{""position"":10,""characters"":[""S""]},{""position"":11,""characters"":[""A"",""C"",""D"",""E"",""I"",""L"",""N"",""O"",""R"",""T"",""U"",""V""]},{""position"":12,""characters"":[""A"",""C"",""D"",""E"",""G"",""I"",""L"",""N"",""O"",""P"",""R"",""S"",""T"",""U"",""Y""]}]","true","false","B_USED_EXHAUSTION","1","1","1","0","0","0","[""INSTITUTIONAL""]","[]","100","false","false"
"13","ar_to_en","1","98","11","2","across","10","??????????","[{""position"":0,""characters"":[""A"",""N"",""O"",""T""]},{""position"":1,""characters"":[""A"",""C"",""E"",""H"",""L"",""N"",""O"",""R"",""S""]},{""position"":2,""characters"":[""E"",""F"",""I"",""T""]},{""position"":3,""characters"":[""C"",""D"",""E"",""I"",""L"",""N"",""P"",""R"",""S"",""T""]},{""position"":4,""characters"":[""A"",""O"",""R"",""U""]},{""position"":5,""characters"":[""A"",""E""]},{""position"":6,""characters"":[""B"",""C"",""D"",""E"",""F"",""M"",""N"",""O"",""P"",""R"",""S"",""T""]},{""position"":7,""characters"":[""A"",""C"",""D"",""E"",""G"",""I"",""L"",""M"",""O"",""P"",""R"",""S"",""T"",""U""]},{""position"":8,""characters"":[""E"",""N"",""O"",""V""]},{""position"":9,""characters"":[""A"",""C"",""D"",""E"",""G"",""I"",""N"",""S"",""T"",""U"",""Y""]}]","true","false","A_TRUE_GAP","0","0","0","0","0","0","[]","[]","","false","false"
"13","ar_to_en","1","98","11","2","across","10","??????????","[{""position"":0,""characters"":[""E"",""N"",""O""]},{""position"":1,""characters"":[""A"",""E"",""I"",""N"",""O"",""R"",""U""]},{""position"":2,""characters"":[""C"",""D"",""E"",""F"",""G"",""H"",""I"",""L"",""M"",""N"",""O"",""P"",""R"",""S"",""T"",""U"",""V"",""W""]},{""position"":3,""characters"":[""A"",""O"",""R"",""U""]},{""position"":4,""characters"":[""C"",""L"",""N""]},{""position"":5,""characters"":[""A"",""D"",""E"",""I"",""N"",""O"",""T""]},{""position"":6,""characters"":[""B"",""C"",""D"",""E"",""F"",""M"",""N"",""O"",""P"",""R"",""S"",""T""]},{""position"":7,""characters"":[""A"",""E"",""I"",""O"",""U""]},{""position"":8,""characters"":[""D"",""E"",""O""]},{""position"":9,""characters"":[""D"",""E"",""H"",""L"",""M"",""N"",""P"",""R"",""S"",""T"",""U""]}]","true","false","A_TRUE_GAP","0","0","0","0","0","0","[]","[]","","false","false"
"13","ar_to_en","1","98","11","2","across","10","??????????","[{""position"":0,""characters"":[""A"",""E"",""N"",""O"",""U""]},{""position"":1,""characters"":[""A"",""C"",""D"",""E"",""H"",""L"",""M"",""N"",""P"",""R"",""S"",""V""]},{""position"":2,""characters"":[""E"",""F"",""I"",""T""]},{""position"":3,""characters"":[""C"",""L"",""N""]},{""position"":4,""characters"":[""A"",""O"",""R"",""U""]},{""position"":5,""characters"":[""C"",""D"",""E"",""G"",""L"",""M"",""N"",""O"",""R"",""S"",""T"",""Y""]},{""position"":6,""characters"":[""A"",""E""]},{""position"":7,""characters"":[""A"",""C"",""D"",""E"",""L"",""M"",""N"",""O"",""P"",""R"",""S"",""T"",""U"",""V""]},{""position"":8,""characters"":[""N"",""R"",""U""]},{""position"":9,""characters"":[""A"",""C"",""D"",""E"",""G"",""I"",""N"",""S"",""T"",""U"",""Y""]}]","true","false","A_TRUE_GAP","0","0","0","0","0","0","[]","[]","","false","false"
"13","ar_to_en","1","98","11","2","across","10","??????????","[{""position"":0,""characters"":[""E"",""N"",""O""]},{""position"":1,""characters"":[""A"",""E"",""I"",""N"",""O"",""R"",""U""]},{""position"":2,""characters"":[""C"",""D"",""E"",""F"",""G"",""H"",""I"",""L"",""M"",""N"",""O"",""P"",""R"",""S"",""T"",""U"",""V"",""W""]},{""position"":3,""characters"":[""A"",""E"",""I"",""O"",""P"",""U""]},{""position"":4,""characters"":[""C"",""L"",""N""]},{""position"":5,""characters"":[""A"",""E"",""I"",""T""]},{""position"":6,""characters"":[""A"",""B"",""D"",""E"",""F"",""H"",""K"",""L"",""M"",""N"",""O"",""P"",""R"",""S"",""T""]},{""position"":7,""characters"":[""A"",""C"",""E"",""F"",""I"",""L"",""N"",""O"",""R"",""U""]},{""position"":8,""characters"":[""E"",""I""]},{""position"":9,""characters"":[""C"",""D"",""E"",""G"",""H"",""I"",""L"",""M"",""N"",""P"",""R"",""S"",""T""]}]","true","false","A_TRUE_GAP","0","0","0","0","0","0","[]","[]","","false","false"
"13","ar_to_en","1","98","11","2","across","10","????????D?","[{""position"":0,""characters"":[""E"",""N"",""O"",""U""]},{""position"":1,""characters"":[""A"",""C"",""D"",""E"",""I"",""L"",""O"",""U""]},{""position"":2,""characters"":[""A"",""C"",""D"",""E"",""G"",""H"",""I"",""L"",""M"",""N"",""P"",""R"",""S"",""T"",""U"",""V""]},{""position"":3,""characters"":[""A"",""E"",""I"",""R"",""U""]},{""position"":4,""characters"":[""A"",""E"",""I"",""N"",""O"",""U""]},{""position"":5,""characters"":[""C"",""D"",""G"",""L"",""N"",""O"",""R"",""S"",""T"",""U"",""Y""]},{""position"":6,""characters"":[""A"",""C"",""E"",""M"",""T""]},{""position"":7,""characters"":[""A"",""C"",""D"",""E"",""L"",""M"",""N"",""O"",""P"",""R"",""S"",""T"",""U"",""V""]},{""position"":8,""characters"":[""D""]},{""position"":9,""characters"":[""A"",""C"",""D"",""E"",""G"",""I"",""N"",""S"",""T"",""U"",""Y""]}]","true","false","A_TRUE_GAP","0","0","0","0","0","0","[]","[]","","false","false"
"13","ar_to_en","1","98","7","0","across","3","??X","[{""position"":0,""characters"":[""A"",""E"",""H"",""I"",""N"",""U""]},{""position"":1,""characters"":[""A"",""C"",""D"",""E"",""L"",""N"",""O"",""R"",""S"",""T""]},{""position"":2,""characters"":[""X""]}]","true","false","A_TRUE_GAP","0","0","0","0","0","0","[]","[]","","false","false"
"13","ar_to_en","1","98","11","2","across","10","????????L?","[{""position"":0,""characters"":[""L"",""N"",""R""]},{""position"":1,""characters"":[""A"",""C"",""D"",""E"",""I"",""L"",""O"",""U""]},{""position"":2,""characters"":[""B"",""C"",""D"",""E"",""G"",""H"",""I"",""L"",""M"",""N"",""O"",""P"",""R"",""S"",""T"",""U"",""V"",""W""]},{""position"":3,""characters"":[""C"",""L"",""N""]},{""position"":4,""characters"":[""A"",""C"",""E"",""I"",""N"",""O"",""P"",""R"",""U""]},{""position"":5,""characters"":[""A"",""D"",""E"",""G"",""L"",""M"",""N"",""O"",""R"",""S"",""T""]},{""position"":6,""characters"":[""A"",""E""]},{""position"":7,""characters"":[""A"",""C"",""L"",""N"",""O"",""T"",""U""]},{""position"":8,""characters"":[""L""]},{""position"":9,""characters"":[""A"",""D"",""E"",""H"",""I"",""L"",""N"",""R"",""S"",""T"",""U""]}]","true","false","A_TRUE_GAP","0","0","0","0","0","0","[]","[]","","false","false"
"13","ar_to_en","1","98","8","0","across","3","??I","[{""position"":0,""characters"":[""A"",""B"",""D"",""E"",""G"",""J"",""K"",""L"",""N"",""R"",""S"",""T"",""U"",""X"",""Y""]},{""position"":1,""characters"":[""A"",""E"",""P"",""S""]},{""position"":2,""characters"":[""I""]}]","true","false","A_TRUE_GAP","0","0","0","0","0","0","[]","[]","","false","false"
"13","ar_to_en","1","98","0","10","down","13","??????????L??","[{""position"":0,""characters"":[""A"",""C"",""D"",""E"",""G"",""I"",""L"",""M"",""N"",""O"",""P"",""R"",""S"",""T"",""U"",""Y""]},{""position"":1,""characters"":[""A"",""C"",""D"",""E"",""I"",""L"",""N"",""O"",""P"",""R"",""T"",""U"",""V""]},{""position"":2,""characters"":[""A"",""C"",""D"",""E"",""G"",""I"",""M"",""N"",""O"",""P"",""R"",""S"",""T"",""V""]},{""position"":3,""characters"":[""A"",""C"",""D"",""E"",""F"",""I"",""M"",""N"",""O"",""P"",""S"",""T"",""U""]},{""position"":4,""characters"":[""A"",""C"",""E"",""F"",""I"",""M"",""N"",""O"",""R"",""T"",""U""]},{""position"":5,""characters"":[""A"",""C"",""D"",""E"",""F"",""G"",""I"",""L"",""M"",""N"",""O"",""P"",""R"",""S"",""T"",""U""]},{""position"":6,""characters"":[""A"",""B"",""C"",""H"",""I"",""L"",""N"",""O"",""S"",""T"",""U""]},{""position"":7,""characters"":[""A"",""C"",""D"",""E"",""F"",""G"",""I"",""M"",""N"",""O"",""P"",""R"",""S"",""T"",""U""]},{""position"":8,""characters"":[""A"",""C"",""E"",""F"",""I"",""M"",""N"",""O"",""R"",""T"",""U""]},{""position"":9,""characters"":[""A"",""C"",""D"",""E"",""F"",""I"",""M"",""N"",""O"",""P"",""R"",""S"",""T"",""U""]},{""position"":10,""characters"":[""L""]},{""position"":11,""characters"":[""A"",""C"",""D"",""E"",""I"",""L"",""N"",""O"",""R"",""T"",""U"",""V""]},{""position"":12,""characters"":[""A"",""C"",""D"",""E"",""G"",""I"",""L"",""N"",""O"",""P"",""R"",""S"",""T"",""U"",""Y""]}]","true","false","B_USED_EXHAUSTION","1","1","1","0","0","0","[""AUTOMATICALLY""]","[]","100","false","false"
"13","ar_to_en","1","98","0","10","down","13","??????????S??","[{""position"":0,""characters"":[""A"",""C"",""D"",""E"",""G"",""I"",""L"",""M"",""N"",""O"",""P"",""R"",""S"",""T"",""U"",""Y""]},{""position"":1,""characters"":[""A"",""C"",""D"",""E"",""I"",""L"",""N"",""O"",""P"",""R"",""T"",""U"",""V""]},{""position"":2,""characters"":[""A"",""C"",""D"",""E"",""G"",""I"",""L"",""M"",""N"",""O"",""P"",""R"",""S"",""T"",""V""]},{""position"":3,""characters"":[""A"",""C"",""D"",""E"",""F"",""I"",""M"",""N"",""O"",""P"",""S"",""T"",""U""]},{""position"":4,""characters"":[""A"",""C"",""E"",""F"",""I"",""M"",""N"",""O"",""R"",""T"",""U""]},{""position"":5,""characters"":[""A"",""C"",""D"",""E"",""F"",""G"",""I"",""L"",""M"",""N"",""O"",""P"",""R"",""S"",""T"",""U""]},{""position"":6,""characters"":[""A"",""B"",""C"",""H"",""I"",""L"",""N"",""O"",""S"",""T"",""U""]},{""position"":7,""characters"":[""A"",""C"",""D"",""E"",""F"",""G"",""I"",""M"",""N"",""O"",""P"",""R"",""S"",""T"",""U""]},{""position"":8,""characters"":[""A"",""C"",""E"",""F"",""I"",""M"",""N"",""O"",""R"",""T"",""U""]},{""position"":9,""characters"":[""A"",""C"",""D"",""E"",""F"",""I"",""M"",""N"",""O"",""P"",""R"",""S"",""T"",""U""]},{""position"":10,""characters"":[""S""]},{""position"":11,""characters"":[""A"",""C"",""D"",""E"",""I"",""L"",""N"",""O"",""R"",""T"",""U"",""V""]},{""position"":12,""characters"":[""A"",""C"",""D"",""E"",""G"",""I"",""L"",""N"",""O"",""P"",""R"",""S"",""T"",""U"",""Y""]}]","true","false","B_USED_EXHAUSTION","1","1","1","0","0","0","[""INSTITUTIONAL""]","[]","100","false","false"
"13","ar_to_en","1","99","0","10","down","13","??????????D??","[{""position"":0,""characters"":[""A"",""C"",""D"",""E"",""G"",""I"",""L"",""M"",""N"",""O"",""P"",""R"",""S"",""T"",""U"",""Y""]},{""position"":1,""characters"":[""A"",""C"",""D"",""E"",""I"",""L"",""N"",""O"",""P"",""R"",""T"",""U"",""V""]},{""position"":2,""characters"":[""A"",""C"",""D"",""E"",""G"",""I"",""L"",""M"",""N"",""O"",""P"",""R"",""S"",""T"",""V""]},{""position"":3,""characters"":[""A"",""C"",""D"",""E"",""F"",""I"",""M"",""N"",""O"",""P"",""S"",""T"",""U""]},{""position"":4,""characters"":[""A"",""C"",""E"",""F"",""I"",""M"",""N"",""O"",""R"",""T"",""U""]},{""position"":5,""characters"":[""A"",""C"",""D"",""E"",""F"",""G"",""I"",""L"",""M"",""N"",""O"",""P"",""R"",""S"",""T"",""U""]},{""position"":6,""characters"":[""A"",""B"",""C"",""H"",""I"",""L"",""N"",""O"",""S"",""T"",""U""]},{""position"":7,""characters"":[""A"",""C"",""D"",""E"",""F"",""G"",""I"",""M"",""N"",""O"",""P"",""R"",""S"",""T"",""U""]},{""position"":8,""characters"":[""A"",""C"",""E"",""F"",""I"",""M"",""N"",""O"",""R"",""T"",""U""]},{""position"":9,""characters"":[""A"",""C"",""D"",""E"",""F"",""I"",""M"",""N"",""O"",""P"",""R"",""S"",""T"",""U""]},{""position"":10,""characters"":[""D""]},{""position"":11,""characters"":[""A"",""C"",""D"",""E"",""I"",""L"",""N"",""O"",""R"",""T"",""U"",""V""]},{""position"":12,""characters"":[""A"",""C"",""D"",""E"",""G"",""I"",""L"",""N"",""O"",""P"",""R"",""S"",""T"",""U"",""Y""]}]","true","false","B_USED_EXHAUSTION","1","1","1","0","0","0","[""UNDERSTANDING""]","[]","100","false","false"
"13","ar_to_en","1","99","11","2","across","10","??????????","[{""position"":0,""characters"":[""A"",""N"",""O"",""T""]},{""position"":1,""characters"":[""A"",""C"",""E"",""H"",""L"",""N"",""O"",""R"",""S""]},{""position"":2,""characters"":[""E"",""F"",""I"",""T""]},{""position"":3,""characters"":[""C"",""D"",""E"",""I"",""L"",""N"",""P"",""R"",""S"",""T""]},{""position"":4,""characters"":[""A"",""O"",""R"",""U""]},{""position"":5,""characters"":[""A"",""E""]},{""position"":6,""characters"":[""B"",""C"",""D"",""E"",""F"",""M"",""N"",""O"",""P"",""R"",""S"",""T""]},{""position"":7,""characters"":[""A"",""C"",""D"",""E"",""G"",""I"",""L"",""M"",""O"",""P"",""R"",""S"",""T"",""U""]},{""position"":8,""characters"":[""E"",""N"",""O"",""V""]},{""position"":9,""characters"":[""A"",""C"",""D"",""E"",""G"",""I"",""N"",""S"",""T"",""U"",""Y""]}]","true","false","A_TRUE_GAP","0","0","0","0","0","0","[]","[]","","false","false"
"13","ar_to_en","1","99","11","2","across","10","??????????","[{""position"":0,""characters"":[""E"",""N"",""O""]},{""position"":1,""characters"":[""A"",""E"",""I"",""N"",""O"",""R"",""U""]},{""position"":2,""characters"":[""C"",""D"",""E"",""F"",""G"",""H"",""I"",""L"",""M"",""N"",""O"",""P"",""R"",""S"",""T"",""U"",""V"",""W""]},{""position"":3,""characters"":[""A"",""O"",""R"",""U""]},{""position"":4,""characters"":[""C"",""L"",""N""]},{""position"":5,""characters"":[""A"",""D"",""E"",""I"",""N"",""O"",""T""]},{""position"":6,""characters"":[""B"",""C"",""D"",""E"",""F"",""M"",""N"",""O"",""P"",""R"",""S"",""T""]},{""position"":7,""characters"":[""A"",""E"",""I"",""O"",""U""]},{""position"":8,""characters"":[""D"",""E"",""O""]},{""position"":9,""characters"":[""D"",""E"",""H"",""L"",""M"",""N"",""P"",""R"",""S"",""T"",""U""]}]","true","false","A_TRUE_GAP","0","0","0","0","0","0","[]","[]","","false","false"
"13","ar_to_en","1","99","11","2","across","10","??????????","[{""position"":0,""characters"":[""A"",""E"",""N"",""O"",""U""]},{""position"":1,""characters"":[""A"",""C"",""D"",""E"",""H"",""L"",""M"",""N"",""P"",""R"",""S"",""V""]},{""position"":2,""characters"":[""E"",""F"",""I"",""T""]},{""position"":3,""characters"":[""C"",""L"",""N""]},{""position"":4,""characters"":[""A"",""O"",""R"",""U""]},{""position"":5,""characters"":[""C"",""D"",""E"",""G"",""L"",""M"",""N"",""O"",""R"",""S"",""T"",""Y""]},{""position"":6,""characters"":[""A"",""E""]},{""position"":7,""characters"":[""A"",""C"",""D"",""E"",""L"",""M"",""N"",""O"",""P"",""R"",""S"",""T"",""U"",""V""]},{""position"":8,""characters"":[""N"",""R"",""U""]},{""position"":9,""characters"":[""A"",""C"",""D"",""E"",""G"",""I"",""N"",""S"",""T"",""U"",""Y""]}]","true","false","A_TRUE_GAP","0","0","0","0","0","0","[]","[]","","false","false"
"13","ar_to_en","1","99","11","2","across","10","??????????","[{""position"":0,""characters"":[""E"",""N"",""O""]},{""position"":1,""characters"":[""A"",""E"",""I"",""N"",""O"",""R"",""U""]},{""position"":2,""characters"":[""C"",""D"",""E"",""F"",""G"",""H"",""I"",""L"",""M"",""N"",""O"",""P"",""R"",""S"",""T"",""U"",""V"",""W""]},{""position"":3,""characters"":[""A"",""E"",""I"",""O"",""P"",""U""]},{""position"":4,""characters"":[""C"",""L"",""N""]},{""position"":5,""characters"":[""A"",""E"",""I"",""T""]},{""position"":6,""characters"":[""A"",""B"",""D"",""E"",""F"",""H"",""K"",""L"",""M"",""N"",""O"",""P"",""R"",""S"",""T""]},{""position"":7,""characters"":[""A"",""C"",""E"",""F"",""I"",""L"",""N"",""O"",""R"",""U""]},{""position"":8,""characters"":[""E"",""I""]},{""position"":9,""characters"":[""C"",""D"",""E"",""G"",""H"",""I"",""L"",""M"",""N"",""P"",""R"",""S"",""T""]}]","true","false","A_TRUE_GAP","0","0","0","0","0","0","[]","[]","","false","false"
"13","ar_to_en","1","99","11","2","across","10","????????D?","[{""position"":0,""characters"":[""E"",""N"",""O"",""U""]},{""position"":1,""characters"":[""A"",""C"",""D"",""E"",""I"",""L"",""O"",""U""]},{""position"":2,""characters"":[""A"",""C"",""D"",""E"",""G"",""H"",""I"",""L"",""M"",""N"",""P"",""R"",""S"",""T"",""U"",""V""]},{""position"":3,""characters"":[""A"",""E"",""I"",""R"",""U""]},{""position"":4,""characters"":[""A"",""E"",""I"",""N"",""O"",""U""]},{""position"":5,""characters"":[""C"",""D"",""G"",""L"",""N"",""O"",""R"",""S"",""T"",""U"",""Y""]},{""position"":6,""characters"":[""A"",""C"",""E"",""M"",""T""]},{""position"":7,""characters"":[""A"",""C"",""D"",""E"",""L"",""M"",""N"",""O"",""P"",""R"",""S"",""T"",""U"",""V""]},{""position"":8,""characters"":[""D""]},{""position"":9,""characters"":[""A"",""C"",""D"",""E"",""G"",""I"",""N"",""S"",""T"",""U"",""Y""]}]","true","false","A_TRUE_GAP","0","0","0","0","0","0","[]","[]","","false","false"
"13","ar_to_en","1","99","7","0","across","3","??X","[{""position"":0,""characters"":[""A"",""E"",""H"",""I"",""N"",""U""]},{""position"":1,""characters"":[""A"",""C"",""D"",""E"",""L"",""N"",""O"",""R"",""S"",""T""]},{""position"":2,""characters"":[""X""]}]","true","false","A_TRUE_GAP","0","0","0","0","0","0","[]","[]","","false","false"
"13","ar_to_en","1","99","11","2","across","10","????????L?","[{""position"":0,""characters"":[""L"",""N"",""R""]},{""position"":1,""characters"":[""A"",""C"",""D"",""E"",""I"",""L"",""O"",""U""]},{""position"":2,""characters"":[""B"",""C"",""D"",""E"",""G"",""H"",""I"",""L"",""M"",""N"",""O"",""P"",""R"",""S"",""T"",""U"",""V"",""W""]},{""position"":3,""characters"":[""C"",""L"",""N""]},{""position"":4,""characters"":[""A"",""C"",""E"",""I"",""N"",""O"",""P"",""R"",""U""]},{""position"":5,""characters"":[""A"",""D"",""E"",""G"",""L"",""M"",""N"",""O"",""R"",""S"",""T""]},{""position"":6,""characters"":[""A"",""E""]},{""position"":7,""characters"":[""A"",""C"",""L"",""N"",""O"",""T"",""U""]},{""position"":8,""characters"":[""L""]},{""position"":9,""characters"":[""A"",""D"",""E"",""H"",""I"",""L"",""N"",""R"",""S"",""T"",""U""]}]","true","false","A_TRUE_GAP","0","0","0","0","0","0","[]","[]","","false","false"
"13","ar_to_en","1","99","8","0","across","3","??I","[{""position"":0,""characters"":[""A"",""B"",""D"",""E"",""G"",""J"",""K"",""L"",""N"",""R"",""S"",""T"",""U"",""X"",""Y""]},{""position"":1,""characters"":[""A"",""E"",""P"",""S""]},{""position"":2,""characters"":[""I""]}]","true","false","A_TRUE_GAP","0","0","0","0","0","0","[]","[]","","false","false"
"13","ar_to_en","1","99","0","10","down","13","??????????L??","[{""position"":0,""characters"":[""A"",""C"",""D"",""E"",""G"",""I"",""L"",""M"",""N"",""O"",""P"",""R"",""S"",""T"",""U"",""Y""]},{""position"":1,""characters"":[""A"",""C"",""D"",""E"",""I"",""L"",""N"",""O"",""P"",""R"",""T"",""U"",""V""]},{""position"":2,""characters"":[""A"",""C"",""D"",""E"",""G"",""I"",""M"",""N"",""O"",""P"",""R"",""S"",""T"",""V""]},{""position"":3,""characters"":[""A"",""C"",""D"",""E"",""F"",""I"",""M"",""N"",""O"",""P"",""S"",""T"",""U""]},{""position"":4,""characters"":[""A"",""C"",""E"",""F"",""I"",""M"",""N"",""O"",""R"",""T"",""U""]},{""position"":5,""characters"":[""A"",""C"",""D"",""E"",""F"",""G"",""I"",""L"",""M"",""N"",""O"",""P"",""R"",""S"",""T"",""U""]},{""position"":6,""characters"":[""A"",""B"",""C"",""H"",""I"",""L"",""N"",""O"",""S"",""T"",""U""]},{""position"":7,""characters"":[""A"",""C"",""D"",""E"",""F"",""G"",""I"",""M"",""N"",""O"",""P"",""R"",""S"",""T"",""U""]},{""position"":8,""characters"":[""A"",""C"",""E"",""F"",""I"",""M"",""N"",""O"",""R"",""T"",""U""]},{""position"":9,""characters"":[""A"",""C"",""D"",""E"",""F"",""I"",""M"",""N"",""O"",""P"",""R"",""S"",""T"",""U""]},{""position"":10,""characters"":[""L""]},{""position"":11,""characters"":[""A"",""C"",""D"",""E"",""I"",""L"",""N"",""O"",""R"",""T"",""U"",""V""]},{""position"":12,""characters"":[""A"",""C"",""D"",""E"",""G"",""I"",""L"",""N"",""O"",""P"",""R"",""S"",""T"",""U"",""Y""]}]","true","false","B_USED_EXHAUSTION","1","1","1","0","0","0","[""AUTOMATICALLY""]","[]","100","false","false"
"13","ar_to_en","1","100","2","0","across","13","??I???????I??","[{""position"":0,""characters"":[""A"",""C"",""D"",""E"",""G"",""I"",""L"",""N"",""O"",""P"",""R"",""S"",""T"",""U"",""Y""]},{""position"":1,""characters"":[""A"",""C"",""D"",""E"",""L"",""N"",""O"",""P"",""R"",""T"",""U"",""V""]},{""position"":2,""characters"":[""I""]},{""position"":3,""characters"":[""A"",""C"",""D"",""E"",""F"",""I"",""M"",""N"",""O"",""R"",""S"",""T"",""U""]},{""position"":4,""characters"":[""A"",""C"",""E"",""F"",""I"",""M"",""N"",""O"",""R"",""T"",""U""]},{""position"":5,""characters"":[""A"",""C"",""D"",""E"",""F"",""G"",""I"",""M"",""N"",""O"",""P"",""R"",""S"",""T"",""U"",""X""]},{""position"":6,""characters"":[""A"",""B"",""C"",""H"",""I"",""L"",""N"",""O"",""S"",""T"",""U""]},{""position"":7,""characters"":[""A"",""C"",""D"",""E"",""F"",""G"",""I"",""L"",""M"",""N"",""O"",""P"",""R"",""S"",""T"",""U"",""X""]},{""position"":8,""characters"":[""A"",""C"",""E"",""F"",""I"",""M"",""N"",""O"",""R"",""T"",""U""]},{""position"":9,""characters"":[""A"",""C"",""D"",""E"",""F"",""I"",""M"",""N"",""O"",""P"",""R"",""S"",""T"",""U""]},{""position"":10,""characters"":[""I""]},{""position"":11,""characters"":[""A"",""C"",""D"",""E"",""I"",""L"",""N"",""O"",""P"",""R"",""T"",""U""]},{""position"":12,""characters"":[""A"",""C"",""D"",""E"",""G"",""I"",""L"",""M"",""N"",""O"",""P"",""R"",""S"",""T"",""U"",""Y""]}]","true","false","A_TRUE_GAP","0","0","0","0","0","0","[]","[]","","false","false"
"13","ar_to_en","1","100","0","10","down","13","??????????G??","[{""position"":0,""characters"":[""A"",""C"",""D"",""E"",""G"",""I"",""L"",""M"",""N"",""O"",""P"",""R"",""S"",""T"",""U"",""Y""]},{""position"":1,""characters"":[""A"",""C"",""D"",""E"",""I"",""L"",""N"",""O"",""P"",""R"",""T"",""U"",""V""]},{""position"":2,""characters"":[""A"",""C"",""D"",""E"",""I"",""L"",""M"",""N"",""O"",""P"",""R"",""S"",""T"",""V""]},{""position"":3,""characters"":[""A"",""C"",""D"",""E"",""F"",""I"",""M"",""N"",""O"",""P"",""S"",""T"",""U""]},{""position"":4,""characters"":[""A"",""C"",""E"",""F"",""I"",""M"",""N"",""O"",""R"",""T"",""U""]},{""position"":5,""characters"":[""A"",""C"",""D"",""E"",""F"",""G"",""I"",""L"",""M"",""N"",""O"",""P"",""R"",""S"",""T"",""U""]},{""position"":6,""characters"":[""A"",""B"",""C"",""H"",""I"",""L"",""N"",""O"",""S"",""T"",""U""]},{""position"":7,""characters"":[""A"",""C"",""D"",""E"",""F"",""G"",""I"",""M"",""N"",""O"",""P"",""R"",""S"",""T"",""U""]},{""position"":8,""characters"":[""A"",""C"",""E"",""F"",""I"",""M"",""N"",""O"",""R"",""T"",""U""]},{""position"":9,""characters"":[""A"",""C"",""D"",""E"",""F"",""I"",""M"",""N"",""O"",""P"",""R"",""S"",""T"",""U""]},{""position"":10,""characters"":[""G""]},{""position"":11,""characters"":[""A"",""C"",""D"",""E"",""I"",""L"",""N"",""O"",""R"",""T"",""U"",""V""]},{""position"":12,""characters"":[""A"",""C"",""D"",""E"",""G"",""I"",""L"",""N"",""O"",""P"",""R"",""S"",""T"",""U"",""Y""]}]","true","false","B_USED_EXHAUSTION","1","1","1","0","0","0","[""ORGANISATIONS""]","[]","100","false","false"
"13","ar_to_en","1","100","0","10","down","13","??????????D??","[{""position"":0,""characters"":[""A"",""C"",""D"",""E"",""G"",""I"",""L"",""M"",""N"",""O"",""P"",""R"",""S"",""T"",""U"",""Y""]},{""position"":1,""characters"":[""A"",""C"",""D"",""E"",""I"",""L"",""N"",""O"",""P"",""R"",""T"",""U"",""V""]},{""position"":2,""characters"":[""A"",""C"",""D"",""E"",""G"",""I"",""L"",""M"",""N"",""O"",""P"",""R"",""S"",""T"",""V""]},{""position"":3,""characters"":[""A"",""C"",""D"",""E"",""F"",""I"",""M"",""N"",""O"",""P"",""S"",""T"",""U""]},{""position"":4,""characters"":[""A"",""C"",""E"",""F"",""I"",""M"",""N"",""O"",""R"",""T"",""U""]},{""position"":5,""characters"":[""A"",""C"",""D"",""E"",""F"",""G"",""I"",""L"",""M"",""N"",""O"",""P"",""R"",""S"",""T"",""U""]},{""position"":6,""characters"":[""A"",""B"",""C"",""H"",""I"",""L"",""N"",""O"",""S"",""T"",""U""]},{""position"":7,""characters"":[""A"",""C"",""D"",""E"",""F"",""G"",""I"",""M"",""N"",""O"",""P"",""R"",""S"",""T"",""U""]},{""position"":8,""characters"":[""A"",""C"",""E"",""F"",""I"",""M"",""N"",""O"",""R"",""T"",""U""]},{""position"":9,""characters"":[""A"",""C"",""D"",""E"",""F"",""I"",""M"",""N"",""O"",""P"",""R"",""S"",""T"",""U""]},{""position"":10,""characters"":[""D""]},{""position"":11,""characters"":[""A"",""C"",""D"",""E"",""I"",""L"",""N"",""O"",""R"",""T"",""U"",""V""]},{""position"":12,""characters"":[""A"",""C"",""D"",""E"",""G"",""I"",""L"",""N"",""O"",""P"",""R"",""S"",""T"",""U"",""Y""]}]","true","false","B_USED_EXHAUSTION","1","1","1","0","0","0","[""UNDERSTANDING""]","[]","100","false","false"
"13","ar_to_en","1","101","10","0","across","13","??I???????I??","[{""position"":0,""characters"":[""A"",""C"",""D"",""E"",""G"",""I"",""L"",""M"",""N"",""O"",""P"",""R"",""S"",""T"",""U"",""Y""]},{""position"":1,""characters"":[""A"",""C"",""D"",""E"",""I"",""L"",""N"",""O"",""P"",""R"",""T"",""U""]},{""position"":2,""characters"":[""I""]},{""position"":3,""characters"":[""A"",""C"",""D"",""E"",""F"",""I"",""M"",""N"",""O"",""P"",""R"",""S"",""T"",""U""]},{""position"":4,""characters"":[""A"",""C"",""E"",""F"",""I"",""M"",""N"",""O"",""R"",""T"",""U""]},{""position"":5,""characters"":[""A"",""C"",""E"",""F"",""G"",""I"",""L"",""M"",""N"",""P"",""R"",""S"",""T"",""U""]},{""position"":6,""characters"":[""A"",""B"",""C"",""H"",""I"",""L"",""N"",""O"",""S"",""T"",""U""]},{""position"":7,""characters"":[""A"",""C"",""D"",""E"",""F"",""G"",""I"",""L"",""N"",""O"",""P"",""R"",""S"",""T"",""U""]},{""position"":8,""characters"":[""A"",""C"",""E"",""F"",""I"",""M"",""N"",""O"",""R"",""T"",""U""]},{""position"":9,""characters"":[""A"",""C"",""D"",""E"",""F"",""I"",""M"",""N"",""O"",""R"",""S"",""T"",""U""]},{""position"":10,""characters"":[""I""]},{""position"":11,""characters"":[""A"",""D"",""E"",""I"",""L"",""N"",""O"",""P"",""R"",""T"",""U"",""V""]},{""position"":12,""characters"":[""A"",""C"",""D"",""E"",""G"",""I"",""L"",""M"",""N"",""O"",""P"",""R"",""S"",""T"",""U"",""Y""]}]","true","false","A_TRUE_GAP","0","0","0","0","0","0","[]","[]","","false","false"
"13","ar_to_en","1","101","0","2","down","13","??G??????????","[{""position"":0,""characters"":[""A"",""C"",""D"",""E"",""G"",""I"",""L"",""M"",""N"",""O"",""P"",""R"",""S"",""T"",""U"",""Y""]},{""position"":1,""characters"":[""A"",""C"",""D"",""E"",""I"",""L"",""N"",""O"",""P"",""R"",""T"",""U"",""V""]},{""position"":2,""characters"":[""G""]},{""position"":3,""characters"":[""A"",""C"",""D"",""E"",""F"",""I"",""M"",""N"",""O"",""R"",""S"",""T"",""U""]},{""position"":4,""characters"":[""A"",""C"",""E"",""F"",""I"",""M"",""N"",""O"",""R"",""T"",""U""]},{""position"":5,""characters"":[""A"",""C"",""D"",""E"",""F"",""G"",""I"",""L"",""M"",""N"",""O"",""P"",""R"",""S"",""T"",""U"",""X""]},{""position"":6,""characters"":[""A"",""B"",""C"",""H"",""I"",""L"",""N"",""O"",""S"",""T"",""U""]},{""position"":7,""characters"":[""A"",""C"",""D"",""E"",""F"",""G"",""I"",""L"",""M"",""N"",""O"",""P"",""R"",""S"",""T"",""U"",""X""]},{""position"":8,""characters"":[""A"",""C"",""E"",""F"",""I"",""M"",""N"",""O"",""R"",""T"",""U""]},{""position"":9,""characters"":[""A"",""C"",""D"",""E"",""F"",""I"",""M"",""N"",""O"",""P"",""R"",""S"",""T"",""U""]},{""position"":10,""characters"":[""A"",""C"",""D"",""E"",""I"",""L"",""M"",""N"",""O"",""P"",""R"",""S"",""T"",""V""]},{""position"":11,""characters"":[""A"",""C"",""D"",""E"",""I"",""L"",""N"",""O"",""P"",""R"",""T"",""U""]},{""position"":12,""characters"":[""A"",""C"",""D"",""E"",""G"",""I"",""L"",""M"",""N"",""O"",""P"",""R"",""S"",""T"",""U"",""Y""]}]","true","false","B_USED_EXHAUSTION","1","1","1","0","0","0","[""ORGANISATIONS""]","[]","100","false","false"
"13","ar_to_en","1","101","0","10","down","13","??G??????????","[{""position"":0,""characters"":[""A"",""C"",""D"",""E"",""G"",""I"",""L"",""M"",""N"",""O"",""P"",""R"",""S"",""T"",""U"",""Y""]},{""position"":1,""characters"":[""A"",""C"",""D"",""E"",""I"",""L"",""N"",""O"",""P"",""R"",""T"",""U""]},{""position"":2,""characters"":[""G""]},{""position"":3,""characters"":[""A"",""C"",""D"",""E"",""F"",""I"",""M"",""N"",""O"",""P"",""R"",""S"",""T"",""U""]},{""position"":4,""characters"":[""A"",""C"",""E"",""F"",""I"",""M"",""N"",""O"",""R"",""T"",""U""]},{""position"":5,""characters"":[""A"",""C"",""D"",""E"",""F"",""G"",""I"",""L"",""M"",""N"",""O"",""P"",""R"",""S"",""T"",""U"",""X""]},{""position"":6,""characters"":[""A"",""B"",""C"",""H"",""I"",""L"",""N"",""O"",""S"",""T"",""U""]},{""position"":7,""characters"":[""A"",""C"",""D"",""E"",""F"",""G"",""I"",""L"",""M"",""N"",""O"",""P"",""R"",""S"",""T"",""U"",""X""]},{""position"":8,""characters"":[""A"",""C"",""E"",""F"",""I"",""M"",""N"",""O"",""R"",""T"",""U""]},{""position"":9,""characters"":[""A"",""C"",""D"",""E"",""F"",""I"",""M"",""N"",""O"",""R"",""S"",""T"",""U""]},{""position"":10,""characters"":[""A"",""C"",""D"",""E"",""I"",""L"",""M"",""N"",""O"",""P"",""R"",""S"",""T"",""V""]},{""position"":11,""characters"":[""A"",""C"",""D"",""E"",""I"",""L"",""N"",""O"",""P"",""R"",""T"",""U"",""V""]},{""position"":12,""characters"":[""A"",""C"",""D"",""E"",""G"",""I"",""L"",""M"",""N"",""O"",""P"",""R"",""S"",""T"",""U"",""Y""]}]","true","false","B_USED_EXHAUSTION","1","1","1","0","0","0","[""ORGANISATIONS""]","[]","100","false","false"
"13","ar_to_en","1","101","4","0","across","5","??F??","[{""position"":0,""characters"":[""D"",""I"",""L""]},{""position"":1,""characters"":[""A"",""E"",""G"",""H"",""I"",""M"",""R"",""S"",""T"",""U""]},{""position"":2,""characters"":[""F""]},{""position"":3,""characters"":[""A"",""B"",""C"",""D"",""E"",""F"",""G"",""H"",""I"",""L"",""N"",""O"",""P"",""R"",""S"",""T"",""U"",""V"",""W"",""X"",""Y""]},{""position"":4,""characters"":[""A"",""B"",""C"",""D"",""E"",""F"",""G"",""H"",""L"",""M"",""N"",""P"",""R"",""S"",""T"",""W"",""Y""]}]","true","false","A_TRUE_GAP","0","0","0","0","0","0","[]","[]","","false","false"
"13","ar_to_en","1","101","0","10","across","3","M??","[{""position"":0,""characters"":[""M""]},{""position"":1,""characters"":[""C"",""D"",""F"",""I"",""O"",""P"",""R"",""S"",""T"",""W"",""Y""]},{""position"":2,""characters"":[""E"",""Y""]}]","true","false","A_TRUE_GAP","0","0","0","0","0","0","[]","[]","","false","false"
"13","ar_to_en","1","102","4","0","across","5","??T??","[{""position"":0,""characters"":[""A"",""C"",""E"",""H"",""L"",""M"",""N"",""O"",""R"",""U""]},{""position"":1,""characters"":[""G"",""I"",""M"",""R"",""T""]},{""position"":2,""characters"":[""T""]},{""position"":3,""characters"":[""C"",""E"",""I"",""N"",""T""]},{""position"":4,""characters"":[""A"",""E"",""H"",""L"",""M"",""N"",""O"",""P"",""R"",""S"",""W"",""Y""]}]","true","false","A_TRUE_GAP","0","0","0","0","0","0","[]","[]","","false","false"
"13","ar_to_en","1","102","10","0","across","13","??I???????I??","[{""position"":0,""characters"":[""A"",""C"",""D"",""E"",""G"",""I"",""L"",""M"",""N"",""O"",""P"",""R"",""S"",""T"",""U"",""Y""]},{""position"":1,""characters"":[""A"",""C"",""D"",""E"",""I"",""L"",""N"",""O"",""P"",""R"",""T"",""U""]},{""position"":2,""characters"":[""I""]},{""position"":3,""characters"":[""A"",""C"",""D"",""E"",""F"",""I"",""M"",""N"",""O"",""P"",""R"",""S"",""T"",""U""]},{""position"":4,""characters"":[""A"",""C"",""E"",""F"",""I"",""M"",""N"",""O"",""R"",""T"",""U""]},{""position"":5,""characters"":[""A"",""C"",""E"",""F"",""G"",""I"",""L"",""M"",""N"",""P"",""R"",""S"",""T"",""U""]},{""position"":6,""characters"":[""A"",""B"",""C"",""H"",""I"",""L"",""N"",""O"",""S"",""T"",""U""]},{""position"":7,""characters"":[""A"",""C"",""D"",""E"",""F"",""G"",""I"",""L"",""N"",""O"",""P"",""R"",""S"",""T"",""U""]},{""position"":8,""characters"":[""A"",""C"",""E"",""F"",""I"",""M"",""N"",""O"",""R"",""T"",""U""]},{""position"":9,""characters"":[""A"",""C"",""D"",""E"",""F"",""I"",""M"",""N"",""O"",""R"",""S"",""T"",""U""]},{""position"":10,""characters"":[""I""]},{""position"":11,""characters"":[""A"",""D"",""E"",""I"",""L"",""N"",""O"",""P"",""R"",""T"",""U"",""V""]},{""position"":12,""characters"":[""A"",""C"",""D"",""E"",""G"",""I"",""L"",""M"",""N"",""O"",""P"",""R"",""S"",""T"",""U"",""Y""]}]","true","false","A_TRUE_GAP","0","0","0","0","0","0","[]","[]","","false","false"
"13","ar_to_en","1","102","0","2","down","13","??G??????????","[{""position"":0,""characters"":[""A"",""C"",""D"",""E"",""G"",""I"",""L"",""M"",""N"",""O"",""P"",""R"",""S"",""T"",""U"",""Y""]},{""position"":1,""characters"":[""A"",""C"",""D"",""E"",""I"",""L"",""N"",""O"",""P"",""R"",""T"",""U"",""V""]},{""position"":2,""characters"":[""G""]},{""position"":3,""characters"":[""A"",""C"",""D"",""E"",""F"",""I"",""M"",""N"",""O"",""R"",""S"",""T"",""U""]},{""position"":4,""characters"":[""A"",""C"",""E"",""F"",""I"",""M"",""N"",""O"",""R"",""T"",""U""]},{""position"":5,""characters"":[""A"",""C"",""D"",""E"",""F"",""G"",""I"",""L"",""M"",""N"",""O"",""P"",""R"",""S"",""T"",""U"",""X""]},{""position"":6,""characters"":[""A"",""B"",""C"",""H"",""I"",""L"",""N"",""O"",""S"",""T"",""U""]},{""position"":7,""characters"":[""A"",""C"",""D"",""E"",""F"",""G"",""I"",""L"",""M"",""N"",""O"",""P"",""R"",""S"",""T"",""U"",""X""]},{""position"":8,""characters"":[""A"",""C"",""E"",""F"",""I"",""M"",""N"",""O"",""R"",""T"",""U""]},{""position"":9,""characters"":[""A"",""C"",""D"",""E"",""F"",""I"",""M"",""N"",""O"",""P"",""R"",""S"",""T"",""U""]},{""position"":10,""characters"":[""A"",""C"",""D"",""E"",""I"",""L"",""M"",""N"",""O"",""P"",""R"",""S"",""T"",""V""]},{""position"":11,""characters"":[""A"",""C"",""D"",""E"",""I"",""L"",""N"",""O"",""P"",""R"",""T"",""U""]},{""position"":12,""characters"":[""A"",""C"",""D"",""E"",""G"",""I"",""L"",""M"",""N"",""O"",""P"",""R"",""S"",""T"",""U"",""Y""]}]","true","false","B_USED_EXHAUSTION","1","1","1","0","0","0","[""ORGANISATIONS""]","[]","100","false","false"
"13","ar_to_en","1","102","0","10","down","13","??G??????????","[{""position"":0,""characters"":[""A"",""C"",""D"",""E"",""G"",""I"",""L"",""M"",""N"",""O"",""P"",""R"",""S"",""T"",""U"",""Y""]},{""position"":1,""characters"":[""A"",""C"",""D"",""E"",""I"",""L"",""N"",""O"",""P"",""R"",""T"",""U""]},{""position"":2,""characters"":[""G""]},{""position"":3,""characters"":[""A"",""C"",""D"",""E"",""F"",""I"",""M"",""N"",""O"",""P"",""R"",""S"",""T"",""U""]},{""position"":4,""characters"":[""A"",""C"",""E"",""F"",""I"",""M"",""N"",""O"",""R"",""T"",""U""]},{""position"":5,""characters"":[""A"",""C"",""D"",""E"",""F"",""G"",""I"",""L"",""M"",""N"",""O"",""P"",""R"",""S"",""T"",""U"",""X""]},{""position"":6,""characters"":[""A"",""B"",""C"",""H"",""I"",""L"",""N"",""O"",""S"",""T"",""U""]},{""position"":7,""characters"":[""A"",""C"",""D"",""E"",""F"",""G"",""I"",""L"",""M"",""N"",""O"",""P"",""R"",""S"",""T"",""U"",""X""]},{""position"":8,""characters"":[""A"",""C"",""E"",""F"",""I"",""M"",""N"",""O"",""R"",""T"",""U""]},{""position"":9,""characters"":[""A"",""C"",""D"",""E"",""F"",""I"",""M"",""N"",""O"",""R"",""S"",""T"",""U""]},{""position"":10,""characters"":[""A"",""C"",""D"",""E"",""I"",""L"",""M"",""N"",""O"",""P"",""R"",""S"",""T"",""V""]},{""position"":11,""characters"":[""A"",""C"",""D"",""E"",""I"",""L"",""N"",""O"",""P"",""R"",""T"",""U"",""V""]},{""position"":12,""characters"":[""A"",""C"",""D"",""E"",""G"",""I"",""L"",""M"",""N"",""O"",""P"",""R"",""S"",""T"",""U"",""Y""]}]","true","false","B_USED_EXHAUSTION","1","1","1","0","0","0","[""ORGANISATIONS""]","[]","100","false","false"
"13","ar_to_en","1","102","4","0","across","5","??F??","[{""position"":0,""characters"":[""D"",""I"",""L""]},{""position"":1,""characters"":[""A"",""E"",""G"",""H"",""I"",""M"",""R"",""S"",""T"",""U""]},{""position"":2,""characters"":[""F""]},{""position"":3,""characters"":[""A"",""B"",""C"",""D"",""E"",""F"",""G"",""H"",""I"",""L"",""N"",""O"",""P"",""R"",""S"",""T"",""U"",""V"",""W"",""X"",""Y""]},{""position"":4,""characters"":[""A"",""B"",""C"",""D"",""E"",""F"",""G"",""H"",""L"",""M"",""N"",""P"",""R"",""S"",""T"",""W"",""Y""]}]","true","false","A_TRUE_GAP","0","0","0","0","0","0","[]","[]","","false","false"
"13","ar_to_en","1","102","0","10","across","3","M??","[{""position"":0,""characters"":[""M""]},{""position"":1,""characters"":[""C"",""D"",""F"",""I"",""O"",""P"",""R"",""S"",""T"",""W"",""Y""]},{""position"":2,""characters"":[""E"",""Y""]}]","true","false","A_TRUE_GAP","0","0","0","0","0","0","[]","[]","","false","false"
"13","ar_to_en","1","103","3","0","across","6","??????","[{""position"":0,""characters"":[""A"",""E"",""H"",""I"",""L"",""O"",""R"",""U""]},{""position"":1,""characters"":[""F"",""I"",""L"",""N"",""P"",""R"",""U"",""W""]},{""position"":2,""characters"":[""I"",""M"",""O""]},{""position"":3,""characters"":[""A"",""B"",""E"",""I"",""M"",""O"",""P"",""R""]},{""position"":4,""characters"":[""A"",""C"",""D"",""E"",""H"",""L"",""M"",""N"",""O"",""P"",""R"",""S"",""T"",""U"",""V""]},{""position"":5,""characters"":[""A"",""E"",""K"",""U""]}]","true","false","A_TRUE_GAP","0","0","0","0","0","0","[]","[]","","false","false"
"13","ar_to_en","1","103","4","0","across","5","??T??","[{""position"":0,""characters"":[""A"",""C"",""E"",""H"",""L"",""M"",""N"",""O"",""R"",""U""]},{""position"":1,""characters"":[""G"",""I"",""M"",""R"",""T""]},{""position"":2,""characters"":[""T""]},{""position"":3,""characters"":[""C"",""E"",""I"",""N"",""T""]},{""position"":4,""characters"":[""A"",""E"",""H"",""L"",""M"",""N"",""O"",""P"",""R"",""S"",""W"",""Y""]}]","true","false","A_TRUE_GAP","0","0","0","0","0","0","[]","[]","","false","false"
"13","ar_to_en","1","103","10","0","across","13","??I???????I??","[{""position"":0,""characters"":[""A"",""C"",""D"",""E"",""G"",""I"",""L"",""M"",""N"",""O"",""P"",""R"",""S"",""T"",""U"",""Y""]},{""position"":1,""characters"":[""A"",""C"",""D"",""E"",""I"",""L"",""N"",""O"",""P"",""R"",""T"",""U""]},{""position"":2,""characters"":[""I""]},{""position"":3,""characters"":[""A"",""C"",""D"",""E"",""F"",""I"",""M"",""N"",""O"",""P"",""R"",""S"",""T"",""U""]},{""position"":4,""characters"":[""A"",""C"",""E"",""F"",""I"",""M"",""N"",""O"",""R"",""T"",""U""]},{""position"":5,""characters"":[""A"",""C"",""E"",""F"",""G"",""I"",""L"",""M"",""N"",""P"",""R"",""S"",""T"",""U""]},{""position"":6,""characters"":[""A"",""B"",""C"",""H"",""I"",""L"",""N"",""O"",""S"",""T"",""U""]},{""position"":7,""characters"":[""A"",""C"",""D"",""E"",""F"",""G"",""I"",""L"",""N"",""O"",""P"",""R"",""S"",""T"",""U""]},{""position"":8,""characters"":[""A"",""C"",""E"",""F"",""I"",""M"",""N"",""O"",""R"",""T"",""U""]},{""position"":9,""characters"":[""A"",""C"",""D"",""E"",""F"",""I"",""M"",""N"",""O"",""R"",""S"",""T"",""U""]},{""position"":10,""characters"":[""I""]},{""position"":11,""characters"":[""A"",""D"",""E"",""I"",""L"",""N"",""O"",""P"",""R"",""T"",""U"",""V""]},{""position"":12,""characters"":[""A"",""C"",""D"",""E"",""G"",""I"",""L"",""M"",""N"",""O"",""P"",""R"",""S"",""T"",""U"",""Y""]}]","true","false","A_TRUE_GAP","0","0","0","0","0","0","[]","[]","","false","false"
"13","ar_to_en","1","103","0","2","down","13","??G??????????","[{""position"":0,""characters"":[""A"",""C"",""D"",""E"",""G"",""I"",""L"",""M"",""N"",""O"",""P"",""R"",""S"",""T"",""U"",""Y""]},{""position"":1,""characters"":[""A"",""C"",""D"",""E"",""I"",""L"",""N"",""O"",""P"",""R"",""T"",""U"",""V""]},{""position"":2,""characters"":[""G""]},{""position"":3,""characters"":[""A"",""C"",""D"",""E"",""F"",""I"",""M"",""N"",""O"",""R"",""S"",""T"",""U""]},{""position"":4,""characters"":[""A"",""C"",""E"",""F"",""I"",""M"",""N"",""O"",""R"",""T"",""U""]},{""position"":5,""characters"":[""A"",""C"",""D"",""E"",""F"",""G"",""I"",""L"",""M"",""N"",""O"",""P"",""R"",""S"",""T"",""U"",""X""]},{""position"":6,""characters"":[""A"",""B"",""C"",""H"",""I"",""L"",""N"",""O"",""S"",""T"",""U""]},{""position"":7,""characters"":[""A"",""C"",""D"",""E"",""F"",""G"",""I"",""L"",""M"",""N"",""O"",""P"",""R"",""S"",""T"",""U"",""X""]},{""position"":8,""characters"":[""A"",""C"",""E"",""F"",""I"",""M"",""N"",""O"",""R"",""T"",""U""]},{""position"":9,""characters"":[""A"",""C"",""D"",""E"",""F"",""I"",""M"",""N"",""O"",""P"",""R"",""S"",""T"",""U""]},{""position"":10,""characters"":[""A"",""C"",""D"",""E"",""I"",""L"",""M"",""N"",""O"",""P"",""R"",""S"",""T"",""V""]},{""position"":11,""characters"":[""A"",""C"",""D"",""E"",""I"",""L"",""N"",""O"",""P"",""R"",""T"",""U""]},{""position"":12,""characters"":[""A"",""C"",""D"",""E"",""G"",""I"",""L"",""M"",""N"",""O"",""P"",""R"",""S"",""T"",""U"",""Y""]}]","true","false","B_USED_EXHAUSTION","1","1","1","0","0","0","[""ORGANISATIONS""]","[]","100","false","false"
"13","ar_to_en","1","103","0","10","down","13","??G??????????","[{""position"":0,""characters"":[""A"",""C"",""D"",""E"",""G"",""I"",""L"",""M"",""N"",""O"",""P"",""R"",""S"",""T"",""U"",""Y""]},{""position"":1,""characters"":[""A"",""C"",""D"",""E"",""I"",""L"",""N"",""O"",""P"",""R"",""T"",""U""]},{""position"":2,""characters"":[""G""]},{""position"":3,""characters"":[""A"",""C"",""D"",""E"",""F"",""I"",""M"",""N"",""O"",""P"",""R"",""S"",""T"",""U""]},{""position"":4,""characters"":[""A"",""C"",""E"",""F"",""I"",""M"",""N"",""O"",""R"",""T"",""U""]},{""position"":5,""characters"":[""A"",""C"",""D"",""E"",""F"",""G"",""I"",""L"",""M"",""N"",""O"",""P"",""R"",""S"",""T"",""U"",""X""]},{""position"":6,""characters"":[""A"",""B"",""C"",""H"",""I"",""L"",""N"",""O"",""S"",""T"",""U""]},{""position"":7,""characters"":[""A"",""C"",""D"",""E"",""F"",""G"",""I"",""L"",""M"",""N"",""O"",""P"",""R"",""S"",""T"",""U"",""X""]},{""position"":8,""characters"":[""A"",""C"",""E"",""F"",""I"",""M"",""N"",""O"",""R"",""T"",""U""]},{""position"":9,""characters"":[""A"",""C"",""D"",""E"",""F"",""I"",""M"",""N"",""O"",""R"",""S"",""T"",""U""]},{""position"":10,""characters"":[""A"",""C"",""D"",""E"",""I"",""L"",""M"",""N"",""O"",""P"",""R"",""S"",""T"",""V""]},{""position"":11,""characters"":[""A"",""C"",""D"",""E"",""I"",""L"",""N"",""O"",""P"",""R"",""T"",""U"",""V""]},{""position"":12,""characters"":[""A"",""C"",""D"",""E"",""G"",""I"",""L"",""M"",""N"",""O"",""P"",""R"",""S"",""T"",""U"",""Y""]}]","true","false","B_USED_EXHAUSTION","1","1","1","0","0","0","[""ORGANISATIONS""]","[]","100","false","false"
"13","ar_to_en","1","103","4","0","across","5","??F??","[{""position"":0,""characters"":[""D"",""I"",""L""]},{""position"":1,""characters"":[""A"",""E"",""G"",""H"",""I"",""M"",""R"",""S"",""T"",""U""]},{""position"":2,""characters"":[""F""]},{""position"":3,""characters"":[""A"",""B"",""C"",""D"",""E"",""F"",""G"",""H"",""I"",""L"",""N"",""O"",""P"",""R"",""S"",""T"",""U"",""V"",""W"",""X"",""Y""]},{""position"":4,""characters"":[""A"",""B"",""C"",""D"",""E"",""F"",""G"",""H"",""L"",""M"",""N"",""P"",""R"",""S"",""T"",""W"",""Y""]}]","true","false","A_TRUE_GAP","0","0","0","0","0","0","[]","[]","","false","false"
"13","ar_to_en","1","103","0","10","across","3","M??","[{""position"":0,""characters"":[""M""]},{""position"":1,""characters"":[""C"",""D"",""F"",""I"",""O"",""P"",""R"",""S"",""T"",""W"",""Y""]},{""position"":2,""characters"":[""E"",""Y""]}]","true","false","A_TRUE_GAP","0","0","0","0","0","0","[]","[]","","false","false"
"13","ar_to_en","1","104","3","0","across","6","??????","[{""position"":0,""characters"":[""A"",""E"",""H"",""I"",""L"",""O"",""R"",""U""]},{""position"":1,""characters"":[""A"",""E"",""I"",""O"",""U""]},{""position"":2,""characters"":[""E"",""I""]},{""position"":3,""characters"":[""E"",""F"",""I"",""O""]},{""position"":4,""characters"":[""A"",""C"",""D"",""E"",""G"",""H"",""I"",""K"",""L"",""M"",""N"",""P"",""R"",""S"",""T"",""U"",""V""]},{""position"":5,""characters"":[""A"",""E"",""K"",""U""]}]","true","false","A_TRUE_GAP","0","0","0","0","0","0","[]","[]","","false","false"
"13","ar_to_en","1","104","1","2","across","7","???????","[{""position"":0,""characters"":[""A"",""N"",""O"",""T""]},{""position"":1,""characters"":[""E"",""H"",""L"",""M"",""N"",""O"",""P"",""R"",""S"",""T"",""U"",""V"",""W""]},{""position"":2,""characters"":[""A"",""C"",""D"",""E"",""H"",""L"",""M"",""N"",""O"",""P"",""R"",""S"",""T"",""U"",""V""]},{""position"":3,""characters"":[""A"",""E""]},{""position"":4,""characters"":[""O"",""S""]},{""position"":5,""characters"":[""A"",""C"",""E"",""I"",""N"",""O"",""P"",""R"",""U"",""W""]},{""position"":6,""characters"":[""A"",""C"",""D"",""E"",""F"",""G"",""H"",""K"",""L"",""M"",""N"",""O"",""P"",""R"",""S"",""U"",""V"",""W""]}]","true","false","A_TRUE_GAP","0","0","0","0","0","0","[]","[]","","false","false"
"13","ar_to_en","1","104","3","0","across","6","??????","[{""position"":0,""characters"":[""A"",""E"",""H"",""I"",""L"",""O"",""R"",""U""]},{""position"":1,""characters"":[""F"",""I"",""L"",""N"",""P"",""R"",""U"",""W""]},{""position"":2,""characters"":[""I"",""M"",""O""]},{""position"":3,""characters"":[""A"",""B"",""E"",""I"",""M"",""O"",""P"",""R""]},{""position"":4,""characters"":[""A"",""C"",""D"",""E"",""H"",""L"",""M"",""N"",""O"",""P"",""R"",""S"",""T"",""U"",""V""]},{""position"":5,""characters"":[""A"",""E"",""K"",""U""]}]","true","false","A_TRUE_GAP","0","0","0","0","0","0","[]","[]","","false","false"
"13","ar_to_en","1","105","5","1","across","3","?T?","[{""position"":0,""characters"":[""C"",""F"",""I"",""L"",""M"",""S"",""T""]},{""position"":1,""characters"":[""T""]},{""position"":2,""characters"":[""A"",""B"",""C"",""D"",""E"",""G"",""L"",""M"",""N"",""R"",""S"",""T""]}]","true","false","A_TRUE_GAP","0","0","0","0","0","0","[]","[]","","false","false"
"13","ar_to_en","1","105","3","0","across","13","??T????????P?","[{""position"":0,""characters"":[""A"",""R"",""U""]},{""position"":1,""characters"":[""C"",""D"",""L"",""N"",""R"",""V""]},{""position"":2,""characters"":[""T""]},{""position"":3,""characters"":[""A"",""C"",""E"",""I"",""N"",""O"",""P"",""R"",""S"",""T"",""U""]},{""position"":4,""characters"":[""A"",""E"",""M"",""N"",""O"",""R"",""T"",""U""]},{""position"":5,""characters"":[""E"",""T""]},{""position"":6,""characters"":[""A"",""B"",""H"",""L"",""N"",""O"",""S"",""T""]},{""position"":7,""characters"":[""A"",""E"",""I"",""L"",""R""]},{""position"":8,""characters"":[""E"",""I"",""M"",""N"",""R"",""T"",""U""]},{""position"":9,""characters"":[""A"",""C"",""E"",""F"",""I"",""N"",""O"",""R"",""U""]},{""position"":10,""characters"":[""D"",""T""]},{""position"":11,""characters"":[""P""]},{""position"":12,""characters"":[""A"",""E"",""I"",""O"",""R""]}]","true","false","A_TRUE_GAP","0","0","0","0","0","0","[]","[]","","false","false"
"13","ar_to_en","1","105","9","0","across","13","??T???????T??","[{""position"":0,""characters"":[""A"",""C"",""D"",""E"",""G"",""I"",""L"",""M"",""N"",""O"",""P"",""R"",""S"",""T"",""U""]},{""position"":1,""characters"":[""C"",""E"",""O""]},{""position"":2,""characters"":[""T""]},{""position"":3,""characters"":[""A"",""C"",""D"",""E"",""F"",""I"",""M"",""N"",""O"",""P"",""R"",""S"",""T"",""U""]},{""position"":4,""characters"":[""A"",""E"",""F"",""I"",""M"",""N"",""O"",""R"",""T"",""U""]},{""position"":5,""characters"":[""A"",""C"",""D"",""E"",""G"",""I"",""L"",""M"",""N"",""R"",""S"",""T"",""U"",""X""]},{""position"":6,""characters"":[""A"",""B"",""C"",""H"",""I"",""L"",""N"",""O"",""S"",""T"",""U""]},{""position"":7,""characters"":[""A"",""C"",""D"",""E"",""G"",""I"",""M"",""N"",""R"",""S"",""T"",""U""]},{""position"":8,""characters"":[""A"",""E"",""F"",""I"",""M"",""N"",""O"",""R"",""T"",""U""]},{""position"":9,""characters"":[""A"",""C"",""D"",""E"",""F"",""I"",""M"",""N"",""O"",""P"",""R"",""S"",""T"",""U""]},{""position"":10,""characters"":[""T""]},{""position"":11,""characters"":[""A"",""D"",""E"",""O"",""R""]},{""position"":12,""characters"":[""A"",""C"",""D"",""E"",""G"",""I"",""L"",""N"",""P"",""R"",""S"",""T"",""U"",""Y""]}]","true","false","A_TRUE_GAP","0","0","0","0","0","0","[]","[]","","false","false"
