"headwordIndex","translationIndex","english","original","status","register","confidence","allowedForEnToAr","allowedForArToEn","preferredForEnToAr","preferredForArToEn","partOfSpeech","reasonCode","reason","reviewer","sources","sourceId","referenceArabic","referenceConflict","effectiveTranslation","sense"
"1858","0","ICE","ثلج","review","msa","medium","","","","","noun","construction-or-sense-review","ICE — ثلج: ثلج primarily supplies snow here; defer the ice/snow boundary rather than approve from a crossing need.","AI-assisted linguistic review","[]","1858:0","الجليد","false","{""arabic"":""ثلج"",""status"":""review"",""register"":""msa"",""partOfSpeech"":""noun""}",""
"1858","2","ICE","الثلج","review","msa","medium","","","","","noun","construction-or-sense-review","ICE — الثلج: The article does not resolve the ice/snow sense boundary; retain for review.","AI-assisted linguistic review","[]","1858:2","الجليد","false","{""arabic"":""الثلج"",""status"":""review"",""register"":""msa"",""partOfSpeech"":""noun""}",""
"1663","3","TEN","العاشرة","review","msa","medium","","","","","adjective","construction-or-sense-review","TEN — العاشرة: العاشرة is ordinal tenth; the cardinal/ordinal difference needs clarification, not automatic approval.","AI-assisted linguistic review","[]","1663:3","عشرة.","false","{""arabic"":""العاشرة"",""status"":""review"",""register"":""msa"",""partOfSpeech"":""adjective""}",""
"2621","1","SKI","سكي","review","uncertain","medium","","","","","noun","register-review","SKI — سكي: Register or status of this borrowing/form needs evidence. Neither automatic dialect rejection nor unsupported MSA approval.","AI-assisted linguistic review","[]","2621:1","التزلج","false","{""arabic"":""سكي"",""status"":""review"",""register"":""uncertain"",""partOfSpeech"":""noun""}",""
"1667","4","CAT","كات","review","uncertain","medium","","","","","noun","register-review","CAT — كات: Register or status of this borrowing/form needs evidence. Neither automatic dialect rejection nor unsupported MSA approval.","AI-assisted linguistic review","[]","1667:4","القط","false","{""arabic"":""كات"",""status"":""review"",""register"":""uncertain"",""partOfSpeech"":""noun""}",""
"1670","0","DIE","اموت","review","msa","medium","","","","","verb","orthography-review","DIE — اموت: Recognizable MSA expression with a spelling/hamza/letter or editorial defect. Preserve the original text and defer repair; not classified as dialect for spelling alone.","AI-assisted linguistic review","[]","1670:0","يموت","false","{""arabic"":""اموت"",""status"":""review"",""register"":""msa"",""partOfSpeech"":""verb""}",""
"1719","0","GUY","غاي","review","uncertain","medium","","","","","uncertain","register-review","GUY — غاي: Register or status of this borrowing/form needs evidence. Neither automatic dialect rejection nor unsupported MSA approval.","AI-assisted linguistic review","[]","1719:0","الرجل","false","{""arabic"":""غاي"",""status"":""review"",""register"":""uncertain"",""partOfSpeech"":""uncertain""}",""
"2572","1","EAT","اكل","review","msa","medium","","","","","verb","orthography-review","EAT — اكل: Recognizable MSA expression with a spelling/hamza/letter or editorial defect. Preserve the original text and defer repair; not classified as dialect for spelling alone.","AI-assisted linguistic review","[]","2572:1","تناول الطعام","false","{""arabic"":""اكل"",""status"":""review"",""register"":""msa"",""partOfSpeech"":""verb""}",""
"2572","5","EAT","ياكل","review","msa","medium","","","","","verb","orthography-review","EAT — ياكل: Recognizable MSA expression with a spelling/hamza/letter or editorial defect. Preserve the original text and defer repair; not classified as dialect for spelling alone.","AI-assisted linguistic review","[]","2572:5","تناول الطعام","false","{""arabic"":""ياكل"",""status"":""review"",""register"":""msa"",""partOfSpeech"":""verb""}",""
"2710","0","SKY","السما","review","msa","medium","","","","","uncertain","orthography-review","SKY — السما: Recognizable MSA expression with a spelling/hamza/letter or editorial defect. Preserve the original text and defer repair; not classified as dialect for spelling alone.","AI-assisted linguistic review","[]","2710:0","السماء","false","{""arabic"":""السما"",""status"":""review"",""register"":""msa"",""partOfSpeech"":""uncertain""}",""
"2710","2","SKY","سكاي","review","uncertain","medium","","","","","noun","register-review","SKY — سكاي: Register or status of this borrowing/form needs evidence. Neither automatic dialect rejection nor unsupported MSA approval.","AI-assisted linguistic review","[]","2710:2","السماء","false","{""arabic"":""سكاي"",""status"":""review"",""register"":""uncertain"",""partOfSpeech"":""noun""}",""
"2315","0","TAG","تاغ","review","uncertain","medium","","","","","noun","register-review","TAG — تاغ: Register or status of this borrowing/form needs evidence. Neither automatic dialect rejection nor unsupported MSA approval.","AI-assisted linguistic review","[]","2315:0","وسم","false","{""arabic"":""تاغ"",""status"":""review"",""register"":""uncertain"",""partOfSpeech"":""noun""}",""
"2317","0","MIX","ميكس","review","uncertain","medium","","","","","noun","register-review","MIX — ميكس: Register or status of this borrowing/form needs evidence. Neither automatic dialect rejection nor unsupported MSA approval.","AI-assisted linguistic review","[]","2317:0","مزيج","false","{""arabic"":""ميكس"",""status"":""review"",""register"":""uncertain"",""partOfSpeech"":""noun""}",""
"2324","0","FIX","اصلاح","review","msa","medium","","","","","verb","orthography-review","FIX — اصلاح: Recognizable MSA expression with a spelling/hamza/letter or editorial defect. Preserve the original text and defer repair; not classified as dialect for spelling alone.","AI-assisted linguistic review","[]","2324:0","إصلاح","false","{""arabic"":""اصلاح"",""status"":""review"",""register"":""msa"",""partOfSpeech"":""verb""}",""
"2324","1","FIX","اصلح","review","msa","medium","","","","","verb","orthography-review","FIX — اصلح: Recognizable MSA expression with a spelling/hamza/letter or editorial defect. Preserve the original text and defer repair; not classified as dialect for spelling alone.","AI-assisted linguistic review","[]","2324:1","إصلاح","false","{""arabic"":""اصلح"",""status"":""review"",""register"":""msa"",""partOfSpeech"":""verb""}",""
"3046","2","ARM","بذراع","review","msa","medium","","","","","noun","construction-or-sense-review","ARM — بذراع: Arabic is recognizable MSA, but this isolated relationship needs a supported construction/sense before approval; morphology alone is not rejection.","AI-assisted linguistic review","[]","3046:2","ذراع","false","{""arabic"":""بذراع"",""status"":""review"",""register"":""msa"",""partOfSpeech"":""noun""}",""
"2490","1","WON","وون","review","uncertain","medium","","","","","uncertain","register-review","WON — وون: Register or status of this borrowing/form needs evidence. Neither automatic dialect rejection nor unsupported MSA approval.","AI-assisted linguistic review","[]","2490:1","فاز","false","{""arabic"":""وون"",""status"":""review"",""register"":""uncertain"",""partOfSpeech"":""uncertain""}",""
"2609","1","TIP","تيب","review","uncertain","medium","","","","","noun","register-review","TIP — تيب: Register or status of this borrowing/form needs evidence. Neither automatic dialect rejection nor unsupported MSA approval.","AI-assisted linguistic review","[]","2609:1","نصيحة","false","{""arabic"":""تيب"",""status"":""review"",""register"":""uncertain"",""partOfSpeech"":""noun""}",""
"2687","0","HEY","هيه","review","uncertain","medium","","","","","interjection","register-review","HEY — هيه: Register or status of this borrowing/form needs evidence. Neither automatic dialect rejection nor unsupported MSA approval.","AI-assisted linguistic review","[]","2687:0","مرحباً","false","{""arabic"":""هيه"",""status"":""review"",""register"":""uncertain"",""partOfSpeech"":""interjection""}",""
"2687","1","HEY","يا","review","msa","medium","","","","","interjection","construction-or-sense-review","HEY — يا: يا normally introduces a vocative; the isolated interjection relationship needs context.","AI-assisted linguistic review","[]","2687:1","مرحباً","false","{""arabic"":""يا"",""status"":""review"",""register"":""msa"",""partOfSpeech"":""interjection""}",""
"2687","3","HEY","هاي","review","uncertain","medium","","","","","interjection","register-review","HEY — هاي: Register or status of this borrowing/form needs evidence. Neither automatic dialect rejection nor unsupported MSA approval.","AI-assisted linguistic review","[]","2687:3","مرحباً","false","{""arabic"":""هاي"",""status"":""review"",""register"":""uncertain"",""partOfSpeech"":""interjection""}",""
"2701","2","TEA","شاى","review","msa","medium","","","","","noun","orthography-review","TEA — شاى: Recognizable MSA expression with a spelling/hamza/letter or editorial defect. Preserve the original text and defer repair; not classified as dialect for spelling alone.","AI-assisted linguistic review","[]","2701:2","شاي","false","{""arabic"":""شاى"",""status"":""review"",""register"":""msa"",""partOfSpeech"":""noun""}",""
"2742","2","HIP","هيب","review","uncertain","medium","","","","","noun","register-review","HIP — هيب: Register or status of this borrowing/form needs evidence. Neither automatic dialect rejection nor unsupported MSA approval.","AI-assisted linguistic review","[]","2742:2","الورك","false","{""arabic"":""هيب"",""status"":""review"",""register"":""uncertain"",""partOfSpeech"":""noun""}",""
"2765","1","DOT","دوت","review","uncertain","medium","","","","","noun","register-review","DOT — دوت: Register or status of this borrowing/form needs evidence. Neither automatic dialect rejection nor unsupported MSA approval.","AI-assisted linguistic review","[]","2765:1","دوت","true","{""arabic"":""دوت"",""status"":""review"",""register"":""uncertain"",""partOfSpeech"":""noun""}",""
"2811","0","DON","دون","review","uncertain","medium","","","","","uncertain","register-review","DON — دون: Register or status of this borrowing/form needs evidence. Neither automatic dialect rejection nor unsupported MSA approval.","AI-assisted linguistic review","[]","2811:0","دون","true","{""arabic"":""دون"",""status"":""review"",""register"":""uncertain"",""partOfSpeech"":""uncertain""}",""
"2891","2","PIN","المسمار","review","msa","medium","","","","","noun","construction-or-sense-review","PIN — المسمار: المسمار often means nail/screw; a specialized pin sense needs support before learner approval.","AI-assisted linguistic review","[]","2891:2","دبوس","false","{""arabic"":""المسمار"",""status"":""review"",""register"":""msa"",""partOfSpeech"":""noun""}",""
"1980","0","THOUSANDS","الاف","review","msa","medium","","","","","noun","orthography-review","THOUSANDS — الاف: Recognizable MSA expression with a spelling/hamza/letter or editorial defect. Preserve the original text and defer repair; not classified as dialect for spelling alone.","AI-assisted linguistic review","[]","1980:0","آلاف","false","{""arabic"":""الاف"",""status"":""review"",""register"":""msa"",""partOfSpeech"":""noun""}",""
"1980","1","THOUSANDS","الالاف","review","msa","medium","","","","","noun","orthography-review","THOUSANDS — الالاف: Recognizable MSA expression with a spelling/hamza/letter or editorial defect. Preserve the original text and defer repair; not classified as dialect for spelling alone.","AI-assisted linguistic review","[]","1980:1","آلاف","false","{""arabic"":""الالاف"",""status"":""review"",""register"":""msa"",""partOfSpeech"":""noun""}",""
"1985","3","EASTERN","شرق","review","msa","medium","","","","","adjective","construction-or-sense-review","EASTERN — شرق: Arabic is recognizable MSA, but this isolated relationship needs a supported construction/sense before approval; morphology alone is not rejection.","AI-assisted linguistic review","[]","1985:3","الشرقية","false","{""arabic"":""شرق"",""status"":""review"",""register"":""msa"",""partOfSpeech"":""adjective""}",""
"3437","0","SIR","سير","review","uncertain","medium","","","","","noun","register-review","SIR — سير: Register or status of this borrowing/form needs evidence. Neither automatic dialect rejection nor unsupported MSA approval.","AI-assisted linguistic review","[]","3437:0","سيدي","false","{""arabic"":""سير"",""status"":""review"",""register"":""uncertain"",""partOfSpeech"":""noun""}",""
"3437","2","SIR","سيدى","review","msa","medium","","","","","noun","orthography-review","SIR — سيدى: Recognizable MSA expression with a spelling/hamza/letter or editorial defect. Preserve the original text and defer repair; not classified as dialect for spelling alone.","AI-assisted linguistic review","[]","3437:2","سيدي","false","{""arabic"":""سيدى"",""status"":""review"",""register"":""msa"",""partOfSpeech"":""noun""}",""
"3038","1","FOX","فوكس","review","uncertain","medium","","","","","noun","register-review","FOX — فوكس: Register or status of this borrowing/form needs evidence. Neither automatic dialect rejection nor unsupported MSA approval.","AI-assisted linguistic review","[]","3038:1","الثعلب","false","{""arabic"":""فوكس"",""status"":""review"",""register"":""uncertain"",""partOfSpeech"":""noun""}",""
"2229","2","THEATRE","المسرح المسرحي","review","msa","high","false","false","false","false","noun","unsuitable-pending-review","THEATRE — المسرح المسرحي: المسرح المسرحي is tautological and not a natural isolated equivalent; preserve text pending repair.","AI-assisted linguistic review","[]","2229:2","المسرح المسرحي","true","{""arabic"":""المسرح المسرحي"",""status"":""review"",""register"":""msa"",""partOfSpeech"":""noun"",""allowedForEnToAr"":false,""allowedForArToEn"":false,""preferredForEnToAr"":false,""preferredForArToEn"":false}",""
"3265","0","PAN","بان","review","uncertain","medium","","","","","uncertain","register-review","PAN — بان: Register or status of this borrowing/form needs evidence. Neither automatic dialect rejection nor unsupported MSA approval.","AI-assisted linguistic review","[]","3265:0","عموم","false","{""arabic"":""بان"",""status"":""review"",""register"":""uncertain"",""partOfSpeech"":""uncertain""}",""
"3265","1","PAN","عموم","review","msa","medium","","","","","uncertain","construction-or-sense-review","PAN — عموم: عموم may reflect the bound prefix pan- rather than the ordinary cookware verb/noun; leave unresolved.","AI-assisted linguistic review","[]","3265:1","عموم","true","{""arabic"":""عموم"",""status"":""review"",""register"":""msa"",""partOfSpeech"":""uncertain""}",""
"1708","0","PET","الحيوانات الأليفة","review","msa","medium","","","","","noun","construction-or-sense-review","PET — الحيوانات الأليفة: The plural animals expression lacks the singular pet reading without context; review the relationship rather than reject mere morphology.","AI-assisted linguistic review","[]","1708:0","الحيوانات الأليفة","true","{""arabic"":""الحيوانات الأليفة"",""status"":""review"",""register"":""msa"",""partOfSpeech"":""noun""}",""
"1724","3","CONNECT","للتواصل","review","msa","medium","","","","","verb","construction-or-sense-review","CONNECT — للتواصل: Arabic is recognizable MSA, but this isolated relationship needs a supported construction/sense before approval; morphology alone is not rejection.","AI-assisted linguistic review","[]","1724:3","الاتصال","false","{""arabic"":""للتواصل"",""status"":""review"",""register"":""msa"",""partOfSpeech"":""verb""}",""
"1724","4","CONNECT","الاتصال","review","msa","medium","","","","","verb","construction-or-sense-review","CONNECT — الاتصال: Arabic is recognizable MSA, but this isolated relationship needs a supported construction/sense before approval; morphology alone is not rejection.","AI-assisted linguistic review","[]","1724:4","الاتصال","true","{""arabic"":""الاتصال"",""status"":""review"",""register"":""msa"",""partOfSpeech"":""verb""}",""
"1729","1","APPLIED","تطبق","review","msa","medium","","","","","verb","construction-or-sense-review","APPLIED — تطبق: Arabic is recognizable MSA, but this isolated relationship needs a supported construction/sense before approval; morphology alone is not rejection.","AI-assisted linguistic review","[]","1729:1","مطبق","false","{""arabic"":""تطبق"",""status"":""review"",""register"":""msa"",""partOfSpeech"":""verb""}",""
"1739","0","ADVANCE","المتقدم","review","msa","medium","","","","","adjective","construction-or-sense-review","ADVANCE — المتقدم: المتقدم usually means advanced, not advance; context for this adjectival mapping is needed.","AI-assisted linguistic review","[]","1739:0","سلفة","false","{""arabic"":""المتقدم"",""status"":""review"",""register"":""msa"",""partOfSpeech"":""adjective""}",""
"1775","0","FASHION","ازياء","review","msa","medium","","","","","noun","orthography-review","FASHION — ازياء: Recognizable MSA expression with a spelling/hamza/letter or editorial defect. Preserve the original text and defer repair; not classified as dialect for spelling alone.","AI-assisted linguistic review","[]","1775:0","الموضة","false","{""arabic"":""ازياء"",""status"":""review"",""register"":""msa"",""partOfSpeech"":""noun""}",""
"1775","1","FASHION","الازياء","review","msa","medium","","","","","noun","orthography-review","FASHION — الازياء: Recognizable MSA expression with a spelling/hamza/letter or editorial defect. Preserve the original text and defer repair; not classified as dialect for spelling alone.","AI-assisted linguistic review","[]","1775:1","الموضة","false","{""arabic"":""الازياء"",""status"":""review"",""register"":""msa"",""partOfSpeech"":""noun""}",""
"1815","3","LEATHER","جلدية","review","msa","medium","","","","","adjective","construction-or-sense-review","LEATHER — جلدية: Arabic is recognizable MSA, but this isolated relationship needs a supported construction/sense before approval; morphology alone is not rejection.","AI-assisted linguistic review","[]","1815:3","الجلود","false","{""arabic"":""جلدية"",""status"":""review"",""register"":""msa"",""partOfSpeech"":""adjective""}",""
"1831","1","SATELLITE","السواتل","review","msa","medium","","","","","noun","construction-or-sense-review","SATELLITE — السواتل: السواتل is plural satellites; retain for review of number and learner presentation.","AI-assisted linguistic review","[]","1831:1","ساتل","false","{""arabic"":""السواتل"",""status"":""review"",""register"":""msa"",""partOfSpeech"":""noun""}",""
"1836","2","AMATEUR","الهواة","review","msa","medium","","","","","noun","construction-or-sense-review","AMATEUR — الهواة: الهواة is collective/plural; review learner presentation without rejecting the legitimate root meaning.","AI-assisted linguistic review","[]","1836:2","الهواة","true","{""arabic"":""الهواة"",""status"":""review"",""register"":""msa"",""partOfSpeech"":""noun""}",""
"1892","0","LETTERS","الاحرف","review","msa","medium","","","","","noun","orthography-review","LETTERS — الاحرف: Recognizable MSA expression with a spelling/hamza/letter or editorial defect. Preserve the original text and defer repair; not classified as dialect for spelling alone.","AI-assisted linguistic review","[]","1892:0","حروف","false","{""arabic"":""الاحرف"",""status"":""review"",""register"":""msa"",""partOfSpeech"":""noun""}",""
"1892","2","LETTERS","احرف","review","msa","medium","","","","","noun","orthography-review","LETTERS — احرف: Recognizable MSA expression with a spelling/hamza/letter or editorial defect. Preserve the original text and defer repair; not classified as dialect for spelling alone.","AI-assisted linguistic review","[]","1892:2","حروف","false","{""arabic"":""احرف"",""status"":""review"",""register"":""msa"",""partOfSpeech"":""noun""}",""
"3509","0","WOW","واو","review","uncertain","medium","","","","","interjection","register-review","WOW — واو: Register or status of this borrowing/form needs evidence. Neither automatic dialect rejection nor unsupported MSA approval.","AI-assisted linguistic review","[]","3509:0","نجاح باهر","false","{""arabic"":""واو"",""status"":""review"",""register"":""uncertain"",""partOfSpeech"":""interjection""}",""
"3509","1","WOW","نجاح باهر","review","msa","high","false","false","false","false","noun","unsuitable-pending-review","WOW — نجاح باهر: نجاح باهر means resounding success; it is not the interjection wow. A colloquial English noun sense needs separate support.","AI-assisted linguistic review","[]","3509:1","نجاح باهر","true","{""arabic"":""نجاح باهر"",""status"":""review"",""register"":""msa"",""partOfSpeech"":""noun"",""allowedForEnToAr"":false,""allowedForArToEn"":false,""preferredForEnToAr"":false,""preferredForArToEn"":false}",""
"1927","1","BROUGHT","احضرت","review","msa","medium","","","","","verb","orthography-review","BROUGHT — احضرت: Recognizable MSA expression with a spelling/hamza/letter or editorial defect. Preserve the original text and defer repair; not classified as dialect for spelling alone.","AI-assisted linguistic review","[]","1927:1","أحضر","false","{""arabic"":""احضرت"",""status"":""review"",""register"":""msa"",""partOfSpeech"":""verb""}",""
"1938","3","DIAMOND","دايموند","review","uncertain","medium","","","","","noun","register-review","DIAMOND — دايموند: Register or status of this borrowing/form needs evidence. Neither automatic dialect rejection nor unsupported MSA approval.","AI-assisted linguistic review","[]","1938:3","الماس","false","{""arabic"":""دايموند"",""status"":""review"",""register"":""uncertain"",""partOfSpeech"":""noun""}",""
"3579","0","FIG","فيج","review","uncertain","medium","","","","","uncertain","register-review","FIG — فيج: Register or status of this borrowing/form needs evidence. Neither automatic dialect rejection nor unsupported MSA approval.","AI-assisted linguistic review","[]","3579:0","التين","false","{""arabic"":""فيج"",""status"":""review"",""register"":""uncertain"",""partOfSpeech"":""uncertain""}",""
"3615","0","TAB","تاب","review","uncertain","medium","","","","","uncertain","register-review","TAB — تاب: Register or status of this borrowing/form needs evidence. Neither automatic dialect rejection nor unsupported MSA approval.","AI-assisted linguistic review","[]","3615:0","لسان","false","{""arabic"":""تاب"",""status"":""review"",""register"":""uncertain"",""partOfSpeech"":""uncertain""}",""
"3615","1","TAB","لسان","review","msa","medium","","","","","noun","construction-or-sense-review","TAB — لسان: لسان can mean a projecting tab in a compound, but the bare tongue clue needs sense support.","AI-assisted linguistic review","[]","3615:1","لسان","true","{""arabic"":""لسان"",""status"":""review"",""register"":""msa"",""partOfSpeech"":""noun""}",""
"2114","1","BREAKFAST","الافطار","review","msa","medium","","","","","noun","orthography-review","BREAKFAST — الافطار: Recognizable MSA expression with a spelling/hamza/letter or editorial defect. Preserve the original text and defer repair; not classified as dialect for spelling alone.","AI-assisted linguistic review","[]","2114:1","الإفطار","false","{""arabic"":""الافطار"",""status"":""review"",""register"":""msa"",""partOfSpeech"":""noun""}",""
"2114","3","BREAKFAST","افطار","review","msa","medium","","","","","noun","orthography-review","BREAKFAST — افطار: Recognizable MSA expression with a spelling/hamza/letter or editorial defect. Preserve the original text and defer repair; not classified as dialect for spelling alone.","AI-assisted linguistic review","[]","2114:3","الإفطار","false","{""arabic"":""افطار"",""status"":""review"",""register"":""msa"",""partOfSpeech"":""noun""}",""
"2155","1","FOLLOWS","فيما يلي","review","msa","medium","","","","","verb","construction-or-sense-review","FOLLOWS — فيما يلي: Arabic is recognizable MSA, but this isolated relationship needs a supported construction/sense before approval; morphology alone is not rejection.","AI-assisted linguistic review","[]","2155:1","فيما يلي","true","{""arabic"":""فيما يلي"",""status"":""review"",""register"":""msa"",""partOfSpeech"":""verb""}",""
"2160","0","AUTOMATICALLY","اليا","review","msa","medium","","","","","adverb","orthography-review","AUTOMATICALLY — اليا: Recognizable MSA expression with a spelling/hamza/letter or editorial defect. Preserve the original text and defer repair; not classified as dialect for spelling alone.","AI-assisted linguistic review","[]","2160:0","تلقائيا","false","{""arabic"":""اليا"",""status"":""review"",""register"":""msa"",""partOfSpeech"":""adverb""}",""
"2769","1","FEELING","الاحساس","review","msa","medium","","","","","noun","orthography-review","FEELING — الاحساس: Recognizable MSA expression with a spelling/hamza/letter or editorial defect. Preserve the original text and defer repair; not classified as dialect for spelling alone.","AI-assisted linguistic review","[]","2769:1","شعور","false","{""arabic"":""الاحساس"",""status"":""review"",""register"":""msa"",""partOfSpeech"":""noun""}",""
"2769","2","FEELING","اشعر","review","msa","medium","","","","","verb","orthography-review","FEELING — اشعر: Recognizable MSA expression with a spelling/hamza/letter or editorial defect. Preserve the original text and defer repair; not classified as dialect for spelling alone.","AI-assisted linguistic review","[]","2769:2","شعور","false","{""arabic"":""اشعر"",""status"":""review"",""register"":""msa"",""partOfSpeech"":""verb""}",""
"2769","4","FEELING","احساس","review","msa","medium","","","","","noun","orthography-review","FEELING — احساس: Recognizable MSA expression with a spelling/hamza/letter or editorial defect. Preserve the original text and defer repair; not classified as dialect for spelling alone.","AI-assisted linguistic review","[]","2769:4","شعور","false","{""arabic"":""احساس"",""status"":""review"",""register"":""msa"",""partOfSpeech"":""noun""}",""
"2197","0","YESTERDAY","امس","review","msa","medium","","","","","adverb","orthography-review","YESTERDAY — امس: Recognizable MSA expression with a spelling/hamza/letter or editorial defect. Preserve the original text and defer repair; not classified as dialect for spelling alone.","AI-assisted linguistic review","[]","2197:0","أمس","false","{""arabic"":""امس"",""status"":""review"",""register"":""msa"",""partOfSpeech"":""adverb""}",""
"2197","2","YESTERDAY","البارحه","review","msa","medium","","","","","adverb","orthography-review","YESTERDAY — البارحه: Recognizable MSA expression with a spelling/hamza/letter or editorial defect. Preserve the original text and defer repair; not classified as dialect for spelling alone.","AI-assisted linguistic review","[]","2197:2","أمس","false","{""arabic"":""البارحه"",""status"":""review"",""register"":""msa"",""partOfSpeech"":""adverb""}",""
"2197","3","YESTERDAY","الامس","review","msa","medium","","","","","adverb","orthography-review","YESTERDAY — الامس: Recognizable MSA expression with a spelling/hamza/letter or editorial defect. Preserve the original text and defer repair; not classified as dialect for spelling alone.","AI-assisted linguistic review","[]","2197:3","أمس","false","{""arabic"":""الامس"",""status"":""review"",""register"":""msa"",""partOfSpeech"":""adverb""}",""
"2200","0","WHOLESALE","جملة","review","msa","medium","","","","","noun","construction-or-sense-review","WHOLESALE — جملة: جملة alone has sentence/total meanings; the trade construction is better supported by بالجملة. Leave this isolated sense unresolved.","AI-assisted linguistic review","[]","2200:0","الجملة","false","{""arabic"":""جملة"",""status"":""review"",""register"":""msa"",""partOfSpeech"":""noun""}",""
"2200","2","WHOLESALE","الجملة","review","msa","medium","","","","","noun","construction-or-sense-review","WHOLESALE — الجملة: الجملة needs the trading construction to establish wholesale rather than sentence; review rather than synonym restriction.","AI-assisted linguistic review","[]","2200:2","الجملة","true","{""arabic"":""الجملة"",""status"":""review"",""register"":""msa"",""partOfSpeech"":""noun""}",""
"2616","0","ANNOUNCED","اعلن","review","msa","medium","","","","","verb","orthography-review","ANNOUNCED — اعلن: Recognizable MSA expression with a spelling/hamza/letter or editorial defect. Preserve the original text and defer repair; not classified as dialect for spelling alone.","AI-assisted linguistic review","[]","2616:0","أعلن","false","{""arabic"":""اعلن"",""status"":""review"",""register"":""msa"",""partOfSpeech"":""verb""}",""
"2616","1","ANNOUNCED","اعلنت","review","msa","medium","","","","","verb","orthography-review","ANNOUNCED — اعلنت: Recognizable MSA expression with a spelling/hamza/letter or editorial defect. Preserve the original text and defer repair; not classified as dialect for spelling alone.","AI-assisted linguistic review","[]","2616:1","أعلن","false","{""arabic"":""اعلنت"",""status"":""review"",""register"":""msa"",""partOfSpeech"":""verb""}",""
"2217","0","BROTHER","اخي","review","msa","medium","","","","","noun","orthography-review","BROTHER — اخي: Recognizable MSA expression with a spelling/hamza/letter or editorial defect. Preserve the original text and defer repair; not classified as dialect for spelling alone.","AI-assisted linguistic review","[]","2217:0","اخي","true","{""arabic"":""اخي"",""status"":""review"",""register"":""msa"",""partOfSpeech"":""noun""}",""
"2217","1","BROTHER","اخ","review","msa","medium","","","","","noun","orthography-review","BROTHER — اخ: Recognizable MSA expression with a spelling/hamza/letter or editorial defect. Preserve the original text and defer repair; not classified as dialect for spelling alone.","AI-assisted linguistic review","[]","2217:1","اخي","false","{""arabic"":""اخ"",""status"":""review"",""register"":""msa"",""partOfSpeech"":""noun""}",""
"2217","2","BROTHER","الاخ","review","msa","medium","","","","","noun","orthography-review","BROTHER — الاخ: Recognizable MSA expression with a spelling/hamza/letter or editorial defect. Preserve the original text and defer repair; not classified as dialect for spelling alone.","AI-assisted linguistic review","[]","2217:2","اخي","false","{""arabic"":""الاخ"",""status"":""review"",""register"":""msa"",""partOfSpeech"":""noun""}",""
"1817","0","TEMPERATURE","الحرارة","review","msa","medium","","","","","noun","construction-or-sense-review","TEMPERATURE — الحرارة: الحرارة may denote heat as distinct from measured temperature; درجة الحرارة is the precise natural equivalent.","AI-assisted linguistic review","[]","1817:0","درجة الحرارة","false","{""arabic"":""الحرارة"",""status"":""review"",""register"":""msa"",""partOfSpeech"":""noun""}",""
"2296","2","BINDING","الزام","review","msa","medium","","","","","noun","orthography-review","BINDING — الزام: Recognizable MSA expression with a spelling/hamza/letter or editorial defect. Preserve the original text and defer repair; not classified as dialect for spelling alone.","AI-assisted linguistic review","[]","2296:2","ملزم","false","{""arabic"":""الزام"",""status"":""review"",""register"":""msa"",""partOfSpeech"":""noun""}",""
"2296","4","BINDING","الملزمة","review","msa","medium","","","","","noun","construction-or-sense-review","BINDING — الملزمة: الملزمة also has booklet/vise readings; the intended adjective remains unclear without vocalization/context.","AI-assisted linguistic review","[]","2296:4","ملزم","false","{""arabic"":""الملزمة"",""status"":""review"",""register"":""msa"",""partOfSpeech"":""noun""}",""
"2318","0","FRAMEWORK","اطار","review","msa","medium","","","","","noun","orthography-review","FRAMEWORK — اطار: Recognizable MSA expression with a spelling/hamza/letter or editorial defect. Preserve the original text and defer repair; not classified as dialect for spelling alone.","AI-assisted linguistic review","[]","2318:0","الإطار","false","{""arabic"":""اطار"",""status"":""review"",""register"":""msa"",""partOfSpeech"":""noun""}",""
"2322","0","CREDITS","النقاط","review","msa","medium","","","","","noun","construction-or-sense-review","CREDITS — النقاط: Points may be educational credits only in a supported context; do not broadly approve an isolated points clue.","AI-assisted linguistic review","[]","2322:0","أرصدة دائنة","false","{""arabic"":""النقاط"",""status"":""review"",""register"":""msa"",""partOfSpeech"":""noun""}",""
"2322","1","CREDITS","نقاط","review","msa","medium","","","","","noun","construction-or-sense-review","CREDITS — نقاط: The academic-credit construction needs evidence; the bare points rendering is left unresolved.","AI-assisted linguistic review","[]","2322:1","أرصدة دائنة","false","{""arabic"":""نقاط"",""status"":""review"",""register"":""msa"",""partOfSpeech"":""noun""}",""
"2322","2","CREDITS","الاعتمادات","review","msa","medium","","","","","noun","orthography-review","CREDITS — الاعتمادات: Recognizable MSA expression with a spelling/hamza/letter or editorial defect. Preserve the original text and defer repair; not classified as dialect for spelling alone.","AI-assisted linguistic review","[]","2322:2","أرصدة دائنة","false","{""arabic"":""الاعتمادات"",""status"":""review"",""register"":""msa"",""partOfSpeech"":""noun""}",""
"2362","2","VINTAGE","خمر","review","msa","medium","","","","","noun","construction-or-sense-review","VINTAGE — خمر: خمر is wine generically, not a vintage/year or the adjective vintage. A specialized sense requires review.","AI-assisted linguistic review","[]","2362:2","خمر","true","{""arabic"":""خمر"",""status"":""review"",""register"":""msa"",""partOfSpeech"":""noun""}",""
"3969","0","JET","جيت","review","uncertain","medium","","","","","uncertain","register-review","JET — جيت: Register or status of this borrowing/form needs evidence. Neither automatic dialect rejection nor unsupported MSA approval.","AI-assisted linguistic review","[]","3969:0","الطائرة النفاثة","false","{""arabic"":""جيت"",""status"":""review"",""register"":""uncertain"",""partOfSpeech"":""uncertain""}",""
"2381","0","DESTINATION","الاتجاه","review","msa","medium","","","","","noun","construction-or-sense-review","DESTINATION — الاتجاه: Direction is not necessarily a destination; retain this broad mapping unresolved.","AI-assisted linguistic review","[]","2381:0","الوجهة","false","{""arabic"":""الاتجاه"",""status"":""review"",""register"":""msa"",""partOfSpeech"":""noun""}",""
"3009","1","CONTINUES","تابع","review","msa","medium","","","","","verb","construction-or-sense-review","CONTINUES — تابع: Arabic is recognizable MSA, but this isolated relationship needs a supported construction/sense before approval; morphology alone is not rejection.","AI-assisted linguistic review","[]","3009:1","تابع","true","{""arabic"":""تابع"",""status"":""review"",""register"":""msa"",""partOfSpeech"":""verb""}",""
"2431","2","APARTMENT","شقه","review","msa","medium","","","","","noun","orthography-review","APARTMENT — شقه: Recognizable MSA expression with a spelling/hamza/letter or editorial defect. Preserve the original text and defer repair; not classified as dialect for spelling alone.","AI-assisted linguistic review","[]","2431:2","شقة","false","{""arabic"":""شقه"",""status"":""review"",""register"":""msa"",""partOfSpeech"":""noun""}",""
"2444","0","MANAGED","تدار","review","msa","medium","","","","","verb","construction-or-sense-review","MANAGED — تدار: تدار is present passive is managed; the headword may be participial but the isolated temporal mapping is unclear.","AI-assisted linguistic review","[]","2444:0","تدار","true","{""arabic"":""تدار"",""status"":""review"",""register"":""msa"",""partOfSpeech"":""verb""}",""
"2464","0","HEALTHY","صحه","review","msa","medium","","","","","uncertain","orthography-review","HEALTHY — صحه: Recognizable MSA expression with a spelling/hamza/letter or editorial defect. Preserve the original text and defer repair; not classified as dialect for spelling alone.","AI-assisted linguistic review","[]","2464:0","صحية","false","{""arabic"":""صحه"",""status"":""review"",""register"":""msa"",""partOfSpeech"":""uncertain""}",""
"2901","2","WALKING","امشي","review","msa","medium","","","","","verb","orthography-review","WALKING — امشي: Recognizable MSA expression with a spelling/hamza/letter or editorial defect. Preserve the original text and defer repair; not classified as dialect for spelling alone.","AI-assisted linguistic review","[]","2901:2","المشي","false","{""arabic"":""امشي"",""status"":""review"",""register"":""msa"",""partOfSpeech"":""verb""}",""
"2531","0","PERFORMED","أداء","review","msa","medium","","","","","verb","construction-or-sense-review","PERFORMED — أداء: أداء gives performance/the action, while performed asserts a completed act; review the construction rather than reject every verbal-noun equivalent.","AI-assisted linguistic review","[]","2531:0","أداء","true","{""arabic"":""أداء"",""status"":""review"",""register"":""msa"",""partOfSpeech"":""verb""}",""
"2540","0","REMOVED","ازيلت","review","msa","medium","","","","","verb","orthography-review","REMOVED — ازيلت: Recognizable MSA expression with a spelling/hamza/letter or editorial defect. Preserve the original text and defer repair; not classified as dialect for spelling alone.","AI-assisted linguistic review","[]","2540:0","أزيلت","false","{""arabic"":""ازيلت"",""status"":""review"",""register"":""msa"",""partOfSpeech"":""verb""}",""
"2540","1","REMOVED","ازال","review","msa","medium","","","","","verb","orthography-review","REMOVED — ازال: Recognizable MSA expression with a spelling/hamza/letter or editorial defect. Preserve the original text and defer repair; not classified as dialect for spelling alone.","AI-assisted linguistic review","[]","2540:1","أزيلت","false","{""arabic"":""ازال"",""status"":""review"",""register"":""msa"",""partOfSpeech"":""verb""}",""
"2542","0","SINGLES","الفردي","review","msa","medium","","","","","adjective","construction-or-sense-review","SINGLES — الفردي: Arabic is recognizable MSA, but this isolated relationship needs a supported construction/sense before approval; morphology alone is not rejection.","AI-assisted linguistic review","[]","2542:0","العزاب","false","{""arabic"":""الفردي"",""status"":""review"",""register"":""msa"",""partOfSpeech"":""adjective""}",""
"2542","1","SINGLES","فردي","review","msa","medium","","","","","adjective","construction-or-sense-review","SINGLES — فردي: Arabic is recognizable MSA, but this isolated relationship needs a supported construction/sense before approval; morphology alone is not rejection.","AI-assisted linguistic review","[]","2542:1","العزاب","false","{""arabic"":""فردي"",""status"":""review"",""register"":""msa"",""partOfSpeech"":""adjective""}",""
"2573","3","PERMANENT","دايم","review","msa","medium","","","","","adjective","orthography-review","PERMANENT — دايم: Recognizable MSA expression with a spelling/hamza/letter or editorial defect. Preserve the original text and defer repair; not classified as dialect for spelling alone.","AI-assisted linguistic review","[]","2573:3","دائم","false","{""arabic"":""دايم"",""status"":""review"",""register"":""msa"",""partOfSpeech"":""adjective""}",""
"2608","0","MEANING","بمعنى","review","msa","medium","","","","","noun","construction-or-sense-review","MEANING — بمعنى: Arabic is recognizable MSA, but this isolated relationship needs a supported construction/sense before approval; morphology alone is not rejection.","AI-assisted linguistic review","[]","2608:0","المعنى","false","{""arabic"":""بمعنى"",""status"":""review"",""register"":""msa"",""partOfSpeech"":""noun""}",""
"2608","3","MEANING","يعنى","review","msa","medium","","","","","verb","construction-or-sense-review","MEANING — يعنى: Arabic is recognizable MSA, but this isolated relationship needs a supported construction/sense before approval; morphology alone is not rejection.","AI-assisted linguistic review","[]","2608:3","المعنى","false","{""arabic"":""يعنى"",""status"":""review"",""register"":""msa"",""partOfSpeech"":""verb""}",""
"2625","1","POSTING","انشر","review","msa","medium","","","","","verb","construction-or-sense-review","POSTING — انشر: Arabic is recognizable MSA, but this isolated relationship needs a supported construction/sense before approval; morphology alone is not rejection.","AI-assisted linguistic review","[]","2625:1","نشر","false","{""arabic"":""انشر"",""status"":""review"",""register"":""msa"",""partOfSpeech"":""verb""}",""
"2629","0","AUTOMATIC","اليا","review","msa","medium","","","","","adverb","orthography-review","AUTOMATIC — اليا: Recognizable MSA expression with a spelling/hamza/letter or editorial defect. Preserve the original text and defer repair; not classified as dialect for spelling alone.","AI-assisted linguistic review","[]","2629:0","التلقائي","false","{""arabic"":""اليا"",""status"":""review"",""register"":""msa"",""partOfSpeech"":""adverb""}",""
"2629","3","AUTOMATIC","تلقائيا","review","msa","medium","","","","","adverb","construction-or-sense-review","AUTOMATIC — تلقائيا: تلقائيا is adverbially automatically, requiring context for an adjectival automatic mapping.","AI-assisted linguistic review","[]","2629:3","التلقائي","false","{""arabic"":""تلقائيا"",""status"":""review"",""register"":""msa"",""partOfSpeech"":""adverb""}",""
"2661","0","DISTRIBUTED","توزع","review","msa","medium","","","","","verb","construction-or-sense-review","DISTRIBUTED — توزع: Arabic is recognizable MSA, but this isolated relationship needs a supported construction/sense before approval; morphology alone is not rejection.","AI-assisted linguistic review","[]","2661:0","وزعت","false","{""arabic"":""توزع"",""status"":""review"",""register"":""msa"",""partOfSpeech"":""verb""}",""
"2667","1","SEEKING","البحث","review","msa","medium","","","","","noun","construction-or-sense-review","SEEKING — البحث: Arabic is recognizable MSA, but this isolated relationship needs a supported construction/sense before approval; morphology alone is not rejection.","AI-assisted linguistic review","[]","2667:1","البحث","true","{""arabic"":""البحث"",""status"":""review"",""register"":""msa"",""partOfSpeech"":""noun""}",""
"2734","3","CIRCUIT","دائرة الدائرة","review","msa","high","false","false","false","false","noun","unsuitable-pending-review","CIRCUIT — دائرة الدائرة: دائرة الدائرة is a duplicated genitive construction, not the natural circuit label; preserve pending repair.","AI-assisted linguistic review","[]","2734:3","دائرة الدائرة","true","{""arabic"":""دائرة الدائرة"",""status"":""review"",""register"":""msa"",""partOfSpeech"":""noun"",""allowedForEnToAr"":false,""allowedForArToEn"":false,""preferredForEnToAr"":false,""preferredForArToEn"":false}",""
"1819","0","ANNOUNCEMENTS","الاعلانات","review","msa","medium","","","","","noun","orthography-review","ANNOUNCEMENTS — الاعلانات: Recognizable MSA expression with a spelling/hamza/letter or editorial defect. Preserve the original text and defer repair; not classified as dialect for spelling alone.","AI-assisted linguistic review","[]","1819:0","الإعلانات","false","{""arabic"":""الاعلانات"",""status"":""review"",""register"":""msa"",""partOfSpeech"":""noun""}",""
"1819","1","ANNOUNCEMENTS","اعلانات","review","msa","medium","","","","","noun","orthography-review","ANNOUNCEMENTS — اعلانات: Recognizable MSA expression with a spelling/hamza/letter or editorial defect. Preserve the original text and defer repair; not classified as dialect for spelling alone.","AI-assisted linguistic review","[]","1819:1","الإعلانات","false","{""arabic"":""اعلانات"",""status"":""review"",""register"":""msa"",""partOfSpeech"":""noun""}",""
"4458","0","TOE","اصبع","review","msa","medium","","","","","noun","orthography-review","TOE — اصبع: Missing hamza plus generic digit/finger rather than explicit toe; retain unchanged for review.","AI-assisted linguistic review","[]","4458:0","اصبع القدم","false","{""arabic"":""اصبع"",""status"":""review"",""register"":""msa"",""partOfSpeech"":""noun""}",""
"4458","1","TOE","اصبع القدم","review","msa","medium","","","","","noun","orthography-review","TOE — اصبع القدم: The intended toe expression is recognizable but اصبع lacks its initial hamza; defer text correction.","AI-assisted linguistic review","[]","4458:1","اصبع القدم","true","{""arabic"":""اصبع القدم"",""status"":""review"",""register"":""msa"",""partOfSpeech"":""noun""}",""
"1894","0","PROFESSOR","استاذ","review","msa","medium","","","","","noun","orthography-review","PROFESSOR — استاذ: Recognizable MSA expression with a spelling/hamza/letter or editorial defect. Preserve the original text and defer repair; not classified as dialect for spelling alone.","AI-assisted linguistic review","[]","1894:0","أستاذ","false","{""arabic"":""استاذ"",""status"":""review"",""register"":""msa"",""partOfSpeech"":""noun""}",""
"1894","1","PROFESSOR","الاستاذ","review","msa","medium","","","","","noun","orthography-review","PROFESSOR — الاستاذ: Recognizable MSA expression with a spelling/hamza/letter or editorial defect. Preserve the original text and defer repair; not classified as dialect for spelling alone.","AI-assisted linguistic review","[]","1894:1","أستاذ","false","{""arabic"":""الاستاذ"",""status"":""review"",""register"":""msa"",""partOfSpeech"":""noun""}",""
"1894","3","PROFESSOR","استاذة","review","msa","medium","","","","","noun","orthography-review","PROFESSOR — استاذة: Recognizable MSA expression with a spelling/hamza/letter or editorial defect. Preserve the original text and defer repair; not classified as dialect for spelling alone.","AI-assisted linguistic review","[]","1894:3","أستاذ","false","{""arabic"":""استاذة"",""status"":""review"",""register"":""msa"",""partOfSpeech"":""noun""}",""
"2903","0","SMALLER","اصغر","review","msa","medium","","","","","adjective","orthography-review","SMALLER — اصغر: Recognizable MSA expression with a spelling/hamza/letter or editorial defect. Preserve the original text and defer repair; not classified as dialect for spelling alone.","AI-assisted linguistic review","[]","2903:0","أصغر","false","{""arabic"":""اصغر"",""status"":""review"",""register"":""msa"",""partOfSpeech"":""adjective""}",""
"2960","0","EXPERIENCED","خبرة","review","msa","medium","","","","","adjective","construction-or-sense-review","EXPERIENCED — خبرة: خبرة is experience as a noun; an adjective equivalent needs context. Do not claim all morphology differences are invalid.","AI-assisted linguistic review","[]","2960:0","ذوي الخبرة","false","{""arabic"":""خبرة"",""status"":""review"",""register"":""msa"",""partOfSpeech"":""adjective""}",""
"4628","3","LIE","اكذب","review","msa","medium","","","","","verb","orthography-review","LIE — اكذب (tell a falsehood): Recognizable MSA expression with a spelling/hamza/letter or editorial defect. Preserve the original text and defer repair; not classified as dialect for spelling alone.","AI-assisted linguistic review","[]","4628:3","كذبة","false","{""arabic"":""اكذب"",""status"":""review"",""register"":""msa"",""partOfSpeech"":""verb"",""sense"":""tell a falsehood""}","tell a falsehood"
"3670","0","AFTERNOON","مساء","review","msa","medium","","","","","noun","construction-or-sense-review","AFTERNOON — مساء: مساء can cover a wider late-day period; the time-of-day boundary needs review rather than categorical rejection.","AI-assisted linguistic review","[]","3670:0","بعد الظهر","false","{""arabic"":""مساء"",""status"":""review"",""register"":""msa"",""partOfSpeech"":""noun""}",""
"3099","1","ANCIENT","القدماء","review","msa","medium","","","","","noun","construction-or-sense-review","ANCIENT — القدماء: Arabic is recognizable MSA, but this isolated relationship needs a supported construction/sense before approval; morphology alone is not rejection.","AI-assisted linguistic review","[]","3099:1","القديمة","false","{""arabic"":""القدماء"",""status"":""review"",""register"":""msa"",""partOfSpeech"":""noun""}",""
"3106","1","BIOGRAPHY","السيرة الذاتية","review","msa","medium","","","","","noun","construction-or-sense-review","BIOGRAPHY — السيرة الذاتية: السيرة الذاتية usually denotes autobiography/CV; a broader biography reading needs context.","AI-assisted linguistic review","[]","3106:1","السيرة الذاتية","true","{""arabic"":""السيرة الذاتية"",""status"":""review"",""register"":""msa"",""partOfSpeech"":""noun""}",""
"3116","1","HUSBAND","زوجي","review","msa","medium","","","","","noun","construction-or-sense-review","HUSBAND — زوجي: زوجي explicitly says my husband. Possessive meaning is additional, so leave the isolated mapping for review.","AI-assisted linguistic review","[]","3116:1","الزوج","false","{""arabic"":""زوجي"",""status"":""review"",""register"":""msa"",""partOfSpeech"":""noun""}",""
"3122","0","CONCERT","حفل","review","msa","medium","","","","","noun","construction-or-sense-review","CONCERT — حفل: حفل denotes an event/party broadly; without music the intended concert sense is insufficiently specific.","AI-assisted linguistic review","[]","3122:0","حفلة موسيقية","false","{""arabic"":""حفل"",""status"":""review"",""register"":""msa"",""partOfSpeech"":""noun""}",""
"4751","0","SAD","حزن","review","msa","high","false","false","false","false","noun","unsuitable-pending-review","A potentially misleading or malformed relationship remains excluded pending review; a categorical rejection is not sufficiently established. Second pass: Reconsidered: nominal sadness can express being sad in a construction. The bare form is unsuitable for immediate approval, but grammatical flexibility prevents high-confidence categorical rejection.","AI-assisted linguistic review","[]","4751:0","حزينة","false","{""arabic"":""حزن"",""status"":""review"",""register"":""msa"",""partOfSpeech"":""noun"",""allowedForEnToAr"":false,""allowedForArToEn"":false,""preferredForEnToAr"":false,""preferredForArToEn"":false}",""
"3169","0","CONFIRM","تاكيد","review","msa","medium","","","","","verb","orthography-review","CONFIRM — تاكيد: Recognizable MSA expression with a spelling/hamza/letter or editorial defect. Preserve the original text and defer repair; not classified as dialect for spelling alone.","AI-assisted linguistic review","[]","3169:0","أكّد","false","{""arabic"":""تاكيد"",""status"":""review"",""register"":""msa"",""partOfSpeech"":""verb""}",""
"3169","1","CONFIRM","التاكيد","review","msa","medium","","","","","verb","orthography-review","CONFIRM — التاكيد: Recognizable MSA expression with a spelling/hamza/letter or editorial defect. Preserve the original text and defer repair; not classified as dialect for spelling alone.","AI-assisted linguistic review","[]","3169:1","أكّد","false","{""arabic"":""التاكيد"",""status"":""review"",""register"":""msa"",""partOfSpeech"":""verb""}",""
"3169","2","CONFIRM","اكد","review","msa","medium","","","","","verb","orthography-review","CONFIRM — اكد: Recognizable MSA expression with a spelling/hamza/letter or editorial defect. Preserve the original text and defer repair; not classified as dialect for spelling alone.","AI-assisted linguistic review","[]","3169:2","أكّد","false","{""arabic"":""اكد"",""status"":""review"",""register"":""msa"",""partOfSpeech"":""verb""}",""
"4780","0","POT","الحشيش","review","msa","medium","","","","","noun","construction-or-sense-review","POT — الحشيش: الحشيش may refer to hashish while English pot is informal cannabis; semantic/register boundaries need evidence, not automatic dialect labeling of Arabic.","AI-assisted linguistic review","[]","4780:0","وعاء","false","{""arabic"":""الحشيش"",""status"":""review"",""register"":""msa"",""partOfSpeech"":""noun""}",""
"3231","2","THREADS","المواضيع","review","msa","medium","","","","","noun","construction-or-sense-review","THREADS — المواضيع: المواضيع can be discussion threads in a forum, but the isolated topic/thread relationship needs context.","AI-assisted linguistic review","[]","3231:2","المواضيع","true","{""arabic"":""المواضيع"",""status"":""review"",""register"":""msa"",""partOfSpeech"":""noun""}",""
"1656","0","INTERESTING","للاهتمام","review","msa","high","false","false","false","false","adjective","unsuitable-pending-review","INTERESTING — للاهتمام: A potentially misleading or malformed relationship remains excluded pending review; a categorical rejection is not sufficiently established.","AI-assisted linguistic review","[]","1656:0","مثيرة للاهتمام","false","{""arabic"":""للاهتمام"",""status"":""review"",""register"":""msa"",""partOfSpeech"":""adjective"",""allowedForEnToAr"":false,""allowedForArToEn"":false,""preferredForEnToAr"":false,""preferredForArToEn"":false}",""
"1679","0","SPANISH","الاسبانية","review","msa","medium","","","","","noun","orthography-review","SPANISH — الاسبانية (language): Recognizable MSA expression with a spelling/hamza/letter or editorial defect. Preserve the original text and defer repair; not classified as dialect for spelling alone.","AI-assisted linguistic review","[]","1679:0","الأسبانية","false","{""arabic"":""الاسبانية"",""status"":""review"",""register"":""msa"",""partOfSpeech"":""noun"",""sense"":""language""}","language"
"1679","1","SPANISH","اسبانية","review","msa","medium","","","","","noun","orthography-review","SPANISH — اسبانية (language): Recognizable MSA expression with a spelling/hamza/letter or editorial defect. Preserve the original text and defer repair; not classified as dialect for spelling alone.","AI-assisted linguistic review","[]","1679:1","الأسبانية","false","{""arabic"":""اسبانية"",""status"":""review"",""register"":""msa"",""partOfSpeech"":""noun"",""sense"":""language""}","language"
"1679","2","SPANISH","اسباني","review","msa","medium","","","","","adjective","orthography-review","SPANISH — اسباني: Recognizable MSA expression with a spelling/hamza/letter or editorial defect. Preserve the original text and defer repair; not classified as dialect for spelling alone.","AI-assisted linguistic review","[]","1679:2","الأسبانية","false","{""arabic"":""اسباني"",""status"":""review"",""register"":""msa"",""partOfSpeech"":""adjective""}",""
"1682","0","SETTING","إعداد الإعداد","review","msa","high","false","false","false","false","noun","unsuitable-pending-review","SETTING — إعداد الإعداد: إعداد الإعداد repeats the noun inside an unnatural genitive construction; preserve but withhold both directions pending repair.","AI-assisted linguistic review","[]","1682:0","إعداد الإعداد","true","{""arabic"":""إعداد الإعداد"",""status"":""review"",""register"":""msa"",""partOfSpeech"":""noun"",""allowedForEnToAr"":false,""allowedForArToEn"":false,""preferredForEnToAr"":false,""preferredForArToEn"":false}",""
"1693","1","SECRETARY","الامين","review","msa","medium","","","","","noun","orthography-review","SECRETARY — الامين: Recognizable MSA expression with a spelling/hamza/letter or editorial defect. Preserve the original text and defer repair; not classified as dialect for spelling alone.","AI-assisted linguistic review","[]","1693:1","سكرتيرة","false","{""arabic"":""الامين"",""status"":""review"",""register"":""msa"",""partOfSpeech"":""noun""}",""
"1711","0","INDIVIDUALS","افراد","review","msa","medium","","","","","noun","orthography-review","INDIVIDUALS — افراد: Recognizable MSA expression with a spelling/hamza/letter or editorial defect. Preserve the original text and defer repair; not classified as dialect for spelling alone.","AI-assisted linguistic review","[]","1711:0","الأفراد","false","{""arabic"":""افراد"",""status"":""review"",""register"":""msa"",""partOfSpeech"":""noun""}",""
"1711","1","INDIVIDUALS","الافراد","review","msa","medium","","","","","noun","orthography-review","INDIVIDUALS — الافراد: Recognizable MSA expression with a spelling/hamza/letter or editorial defect. Preserve the original text and defer repair; not classified as dialect for spelling alone.","AI-assisted linguistic review","[]","1711:1","الأفراد","false","{""arabic"":""الافراد"",""status"":""review"",""register"":""msa"",""partOfSpeech"":""noun""}",""
"1718","0","AFRICAN","افريقية","review","msa","medium","","","","","adjective","orthography-review","AFRICAN — افريقية: Recognizable MSA expression with a spelling/hamza/letter or editorial defect. Preserve the original text and defer repair; not classified as dialect for spelling alone.","AI-assisted linguistic review","[]","1718:0","افريقي","false","{""arabic"":""افريقية"",""status"":""review"",""register"":""msa"",""partOfSpeech"":""adjective""}",""
"1718","1","AFRICAN","افريقي","review","msa","medium","","","","","adjective","orthography-review","AFRICAN — افريقي: Recognizable MSA expression with a spelling/hamza/letter or editorial defect. Preserve the original text and defer repair; not classified as dialect for spelling alone.","AI-assisted linguistic review","[]","1718:1","افريقي","true","{""arabic"":""افريقي"",""status"":""review"",""register"":""msa"",""partOfSpeech"":""adjective""}",""
"1718","2","AFRICAN","الافريقي","review","msa","medium","","","","","adjective","orthography-review","AFRICAN — الافريقي: Recognizable MSA expression with a spelling/hamza/letter or editorial defect. Preserve the original text and defer repair; not classified as dialect for spelling alone.","AI-assisted linguistic review","[]","1718:2","افريقي","false","{""arabic"":""الافريقي"",""status"":""review"",""register"":""msa"",""partOfSpeech"":""adjective""}",""
"1718","3","AFRICAN","الافريقية","review","msa","medium","","","","","adjective","orthography-review","AFRICAN — الافريقية: Recognizable MSA expression with a spelling/hamza/letter or editorial defect. Preserve the original text and defer repair; not classified as dialect for spelling alone.","AI-assisted linguistic review","[]","1718:3","افريقي","false","{""arabic"":""الافريقية"",""status"":""review"",""register"":""msa"",""partOfSpeech"":""adjective""}",""
"1718","4","AFRICAN","افريقيا","review","msa","medium","","","","","noun","orthography-review","AFRICAN — افريقيا: Recognizable MSA expression with a spelling/hamza/letter or editorial defect. Preserve the original text and defer repair; not classified as dialect for spelling alone.","AI-assisted linguistic review","[]","1718:4","افريقي","false","{""arabic"":""افريقيا"",""status"":""review"",""register"":""msa"",""partOfSpeech"":""noun""}",""
"4927","2","JAM","جام","review","uncertain","medium","","","","","uncertain","register-review","JAM — جام: Register or status of this borrowing/form needs evidence. Neither automatic dialect rejection nor unsupported MSA approval.","AI-assisted linguistic review","[]","4927:2","مربى","false","{""arabic"":""جام"",""status"":""review"",""register"":""uncertain"",""partOfSpeech"":""uncertain""}",""
"3354","0","DEPENDING","حسب","review","msa","medium","","","","","preposition","construction-or-sense-review","DEPENDING — حسب: حسب works in depending on constructions; the isolated word loses the dependency complement and needs review.","AI-assisted linguistic review","[]","3354:0","حسب","true","{""arabic"":""حسب"",""status"":""review"",""register"":""msa"",""partOfSpeech"":""preposition""}",""
"2761","2","PROMOTION","الترقيات","review","msa","medium","","","","","noun","construction-or-sense-review","PROMOTION — الترقيات: Arabic is recognizable MSA, but this isolated relationship needs a supported construction/sense before approval; morphology alone is not rejection.","AI-assisted linguistic review","[]","2761:2","الترويج","false","{""arabic"":""الترقيات"",""status"":""review"",""register"":""msa"",""partOfSpeech"":""noun""}",""
"1760","1","REGULATIONS","الانظمة","review","msa","medium","","","","","noun","orthography-review","REGULATIONS — الانظمة: Recognizable MSA expression with a spelling/hamza/letter or editorial defect. Preserve the original text and defer repair; not classified as dialect for spelling alone.","AI-assisted linguistic review","[]","1760:1","اللوائح التنظيمية","false","{""arabic"":""الانظمة"",""status"":""review"",""register"":""msa"",""partOfSpeech"":""noun""}",""
"1760","2","REGULATIONS","انظمة","review","msa","medium","","","","","noun","orthography-review","REGULATIONS — انظمة: Recognizable MSA expression with a spelling/hamza/letter or editorial defect. Preserve the original text and defer repair; not classified as dialect for spelling alone.","AI-assisted linguistic review","[]","1760:2","اللوائح التنظيمية","false","{""arabic"":""انظمة"",""status"":""review"",""register"":""msa"",""partOfSpeech"":""noun""}",""
"1762","0","SPECIES","الانواع","review","msa","medium","","","","","noun","orthography-review","SPECIES — الانواع: Recognizable MSA expression with a spelling/hamza/letter or editorial defect. Preserve the original text and defer repair; not classified as dialect for spelling alone.","AI-assisted linguistic review","[]","1762:0","الأنواع","false","{""arabic"":""الانواع"",""status"":""review"",""register"":""msa"",""partOfSpeech"":""noun""}",""
"1771","2","CERTIFICATE","الشهادات","review","msa","medium","","","","","noun","construction-or-sense-review","CERTIFICATE — الشهادات: الشهادات is certificates plural; review presentation rather than reject a valid related form.","AI-assisted linguistic review","[]","1771:2","شهادة","false","{""arabic"":""الشهادات"",""status"":""review"",""register"":""msa"",""partOfSpeech"":""noun""}",""
"1792","0","ACTIONS","الاجراءات","review","msa","medium","","","","","noun","orthography-review","ACTIONS — الاجراءات: Recognizable MSA expression with a spelling/hamza/letter or editorial defect. Preserve the original text and defer repair; not classified as dialect for spelling alone.","AI-assisted linguistic review","[]","1792:0","الإجراءات","false","{""arabic"":""الاجراءات"",""status"":""review"",""register"":""msa"",""partOfSpeech"":""noun""}",""
"1792","1","ACTIONS","الافعال","review","msa","medium","","","","","noun","orthography-review","ACTIONS — الافعال: Recognizable MSA expression with a spelling/hamza/letter or editorial defect. Preserve the original text and defer repair; not classified as dialect for spelling alone.","AI-assisted linguistic review","[]","1792:1","الإجراءات","false","{""arabic"":""الافعال"",""status"":""review"",""register"":""msa"",""partOfSpeech"":""noun""}",""
"1792","3","ACTIONS","اجراءات","review","msa","medium","","","","","noun","orthography-review","ACTIONS — اجراءات: Recognizable MSA expression with a spelling/hamza/letter or editorial defect. Preserve the original text and defer repair; not classified as dialect for spelling alone.","AI-assisted linguistic review","[]","1792:3","الإجراءات","false","{""arabic"":""اجراءات"",""status"":""review"",""register"":""msa"",""partOfSpeech"":""noun""}",""
"3402","0","TEMPORARY","مؤقتا","review","msa","medium","","","","","adverb","construction-or-sense-review","TEMPORARY — مؤقتا: Arabic is recognizable MSA, but this isolated relationship needs a supported construction/sense before approval; morphology alone is not rejection.","AI-assisted linguistic review","[]","3402:0","مؤقت","false","{""arabic"":""مؤقتا"",""status"":""review"",""register"":""msa"",""partOfSpeech"":""adverb""}",""
"1806","0","MARKETS","اسواق","review","msa","medium","","","","","noun","orthography-review","MARKETS — اسواق: Recognizable MSA expression with a spelling/hamza/letter or editorial defect. Preserve the original text and defer repair; not classified as dialect for spelling alone.","AI-assisted linguistic review","[]","1806:0","الأسواق","false","{""arabic"":""اسواق"",""status"":""review"",""register"":""msa"",""partOfSpeech"":""noun""}",""
"1806","1","MARKETS","الاسواق","review","msa","medium","","","","","noun","orthography-review","MARKETS — الاسواق: Recognizable MSA expression with a spelling/hamza/letter or editorial defect. Preserve the original text and defer repair; not classified as dialect for spelling alone.","AI-assisted linguistic review","[]","1806:1","الأسواق","false","{""arabic"":""الاسواق"",""status"":""review"",""register"":""msa"",""partOfSpeech"":""noun""}",""
"3416","0","AWARENESS","التوعية","review","msa","medium","","","","","noun","construction-or-sense-review","AWARENESS — التوعية: التوعية denotes raising awareness, not awareness itself; investigate this action/state shift.","AI-assisted linguistic review","[]","3416:0","الوعي","false","{""arabic"":""التوعية"",""status"":""review"",""register"":""msa"",""partOfSpeech"":""noun""}",""
"3455","0","BIGGEST","الاكبر","review","msa","medium","","","","","adjective","orthography-review","BIGGEST — الاكبر: Recognizable MSA expression with a spelling/hamza/letter or editorial defect. Preserve the original text and defer repair; not classified as dialect for spelling alone.","AI-assisted linguistic review","[]","3455:0","أكبر","false","{""arabic"":""الاكبر"",""status"":""review"",""register"":""msa"",""partOfSpeech"":""adjective""}",""
"3465","0","DRAWING","ارسم","review","msa","medium","","","","","verb","orthography-review","DRAWING — ارسم: Recognizable MSA expression with a spelling/hamza/letter or editorial defect. Preserve the original text and defer repair; not classified as dialect for spelling alone.","AI-assisted linguistic review","[]","3465:0","رسم الرسم","false","{""arabic"":""ارسم"",""status"":""review"",""register"":""msa"",""partOfSpeech"":""verb""}",""
"3465","4","DRAWING","رسم الرسم","review","msa","high","false","false","false","false","noun","unsuitable-pending-review","DRAWING — رسم الرسم: رسم الرسم duplicates the noun; withhold the malformed standalone label without silently removing words.","AI-assisted linguistic review","[]","3465:4","رسم الرسم","true","{""arabic"":""رسم الرسم"",""status"":""review"",""register"":""msa"",""partOfSpeech"":""noun"",""allowedForEnToAr"":false,""allowedForArToEn"":false,""preferredForEnToAr"":false,""preferredForArToEn"":false}",""
"3468","0","ORDERED","امرت","review","msa","medium","","","","","verb","orthography-review","ORDERED — امرت: Recognizable MSA expression with a spelling/hamza/letter or editorial defect. Preserve the original text and defer repair; not classified as dialect for spelling alone.","AI-assisted linguistic review","[]","3468:0","أمرت","false","{""arabic"":""امرت"",""status"":""review"",""register"":""msa"",""partOfSpeech"":""verb""}",""
"1867","0","INITIAL","الاولي","review","msa","medium","","","","","adjective","orthography-review","INITIAL — الاولي: Recognizable MSA expression with a spelling/hamza/letter or editorial defect. Preserve the original text and defer repair; not classified as dialect for spelling alone.","AI-assisted linguistic review","[]","1867:0","الأولي","false","{""arabic"":""الاولي"",""status"":""review"",""register"":""msa"",""partOfSpeech"":""adjective""}",""
"1867","1","INITIAL","اولية","review","msa","medium","","","","","adjective","orthography-review","INITIAL — اولية: Recognizable MSA expression with a spelling/hamza/letter or editorial defect. Preserve the original text and defer repair; not classified as dialect for spelling alone.","AI-assisted linguistic review","[]","1867:1","الأولي","false","{""arabic"":""اولية"",""status"":""review"",""register"":""msa"",""partOfSpeech"":""adjective""}",""
"1867","2","INITIAL","اوليا","review","msa","medium","","","","","adverb","orthography-review","INITIAL — اوليا: Recognizable MSA expression with a spelling/hamza/letter or editorial defect. Preserve the original text and defer repair; not classified as dialect for spelling alone.","AI-assisted linguistic review","[]","1867:2","الأولي","false","{""arabic"":""اوليا"",""status"":""review"",""register"":""msa"",""partOfSpeech"":""adverb""}",""
"5089","0","BAN","بحظر","review","msa","medium","","","","","noun","construction-or-sense-review","BAN — بحظر: Arabic is recognizable MSA, but this isolated relationship needs a supported construction/sense before approval; morphology alone is not rejection.","AI-assisted linguistic review","[]","5089:0","الحظر","false","{""arabic"":""بحظر"",""status"":""review"",""register"":""msa"",""partOfSpeech"":""noun""}",""
"1886","0","FISHING","الصيد","review","msa","medium","","","","","noun","construction-or-sense-review","FISHING — الصيد: الصيد covers hunting/catching broadly; the fishing-specific rendering صيد الأسماك is supported.","AI-assisted linguistic review","[]","1886:0","صيد الأسماك","false","{""arabic"":""الصيد"",""status"":""review"",""register"":""msa"",""partOfSpeech"":""noun""}",""
"2494","0","CONTAINED","احتواء","review","msa","medium","","","","","verb","construction-or-sense-review","CONTAINED — احتواء: Arabic is recognizable MSA, but this isolated relationship needs a supported construction/sense before approval; morphology alone is not rejection.","AI-assisted linguistic review","[]","2494:0","الواردة","false","{""arabic"":""احتواء"",""status"":""review"",""register"":""msa"",""partOfSpeech"":""verb""}",""
"1909","1","DOLLARS","دولار","review","msa","medium","","","","","noun","construction-or-sense-review","DOLLARS — دولار: Arabic is recognizable MSA, but this isolated relationship needs a supported construction/sense before approval; morphology alone is not rejection.","AI-assisted linguistic review","[]","1909:1","دولار","true","{""arabic"":""دولار"",""status"":""review"",""register"":""msa"",""partOfSpeech"":""noun""}",""
"4141","0","EXHIBIT","المعرض","review","msa","medium","","","","","noun","construction-or-sense-review","EXHIBIT — المعرض: المعرض normally means exhibition rather than one exhibit; a supported exhibit sense is needed.","AI-assisted linguistic review","[]","4141:0","معرض","false","{""arabic"":""المعرض"",""status"":""review"",""register"":""msa"",""partOfSpeech"":""noun""}",""
"4141","1","EXHIBIT","معرض","review","msa","medium","","","","","noun","construction-or-sense-review","EXHIBIT — معرض: معرض can be an exhibition/showroom; defer the individual-exhibit mapping rather than broadly reject secondary uses.","AI-assisted linguistic review","[]","4141:1","معرض","true","{""arabic"":""معرض"",""status"":""review"",""register"":""msa"",""partOfSpeech"":""noun""}",""
"1954","1","WALK","امشي","review","msa","medium","","","","","verb","orthography-review","WALK — امشي: Recognizable MSA expression with a spelling/hamza/letter or editorial defect. Preserve the original text and defer repair; not classified as dialect for spelling alone.","AI-assisted linguistic review","[]","1954:1","المشي","false","{""arabic"":""امشي"",""status"":""review"",""register"":""msa"",""partOfSpeech"":""verb""}",""
"1957","0","ITALIAN","ايطالي","review","msa","medium","","","","","adjective","orthography-review","ITALIAN — ايطالي: Recognizable MSA expression with a spelling/hamza/letter or editorial defect. Preserve the original text and defer repair; not classified as dialect for spelling alone.","AI-assisted linguistic review","[]","1957:0","الايطالية","false","{""arabic"":""ايطالي"",""status"":""review"",""register"":""msa"",""partOfSpeech"":""adjective""}",""
"1957","1","ITALIAN","الايطالية","review","msa","medium","","","","","noun","orthography-review","ITALIAN — الايطالية: Recognizable MSA expression with a spelling/hamza/letter or editorial defect. Preserve the original text and defer repair; not classified as dialect for spelling alone.","AI-assisted linguistic review","[]","1957:1","الايطالية","true","{""arabic"":""الايطالية"",""status"":""review"",""register"":""msa"",""partOfSpeech"":""noun""}",""
"1957","2","ITALIAN","ايطالية","review","msa","medium","","","","","adjective","orthography-review","ITALIAN — ايطالية: Recognizable MSA expression with a spelling/hamza/letter or editorial defect. Preserve the original text and defer repair; not classified as dialect for spelling alone.","AI-assisted linguistic review","[]","1957:2","الايطالية","false","{""arabic"":""ايطالية"",""status"":""review"",""register"":""msa"",""partOfSpeech"":""adjective""}",""
"1957","3","ITALIAN","ايطاليا","review","msa","medium","","","","","noun","orthography-review","ITALIAN — ايطاليا: Recognizable MSA expression with a spelling/hamza/letter or editorial defect. Preserve the original text and defer repair; not classified as dialect for spelling alone.","AI-assisted linguistic review","[]","1957:3","الايطالية","false","{""arabic"":""ايطاليا"",""status"":""review"",""register"":""msa"",""partOfSpeech"":""noun""}",""
"1957","4","ITALIAN","الايطالي","review","msa","medium","","","","","adjective","orthography-review","ITALIAN — الايطالي: Recognizable MSA expression with a spelling/hamza/letter or editorial defect. Preserve the original text and defer repair; not classified as dialect for spelling alone.","AI-assisted linguistic review","[]","1957:4","الايطالية","false","{""arabic"":""الايطالي"",""status"":""review"",""register"":""msa"",""partOfSpeech"":""adjective""}",""
"1958","0","PAPERBACK","غلاف ورقي","review","msa","medium","","","","","noun","construction-or-sense-review","PAPERBACK — غلاف ورقي: غلاف ورقي denotes a paper cover; the dictionary may intend the binding rather than the book, so leave the standalone noun mapping unresolved.","AI-assisted linguistic review","[]","1958:0","غلاف ورقي","true","{""arabic"":""غلاف ورقي"",""status"":""review"",""register"":""msa"",""partOfSpeech"":""noun""}",""
"1973","0","PROVIDERS","مقدمي","review","msa","medium","","","","","noun","construction-or-sense-review","PROVIDERS — مقدمي: Arabic is recognizable MSA, but this isolated relationship needs a supported construction/sense before approval; morphology alone is not rejection.","AI-assisted linguistic review","[]","1973:0","مقدمو الخدمات","false","{""arabic"":""مقدمي"",""status"":""review"",""register"":""msa"",""partOfSpeech"":""noun""}",""
"3589","2","BLOGGER","المدونة","review","msa","medium","","","","","noun","construction-or-sense-review","BLOGGER — المدونة: المدونة could be female blogger or the blog; lack of a discriminating context needs review.","AI-assisted linguistic review","[]","3589:2","مدون","false","{""arabic"":""المدونة"",""status"":""review"",""register"":""msa"",""partOfSpeech"":""noun""}",""
"1988","0","ENTRIES","مداخل","review","msa","medium","","","","","noun","construction-or-sense-review","ENTRIES — مداخل (entrances): Arabic is recognizable MSA, but this isolated relationship needs a supported construction/sense before approval; morphology alone is not rejection.","AI-assisted linguistic review","[]","1988:0","إدخالات","false","{""arabic"":""مداخل"",""status"":""review"",""register"":""msa"",""partOfSpeech"":""noun"",""sense"":""entrances""}","entrances"
"2014","0","REPORTING","الابلاغ","review","msa","medium","","","","","noun","orthography-review","REPORTING — الابلاغ: Recognizable MSA expression with a spelling/hamza/letter or editorial defect. Preserve the original text and defer repair; not classified as dialect for spelling alone.","AI-assisted linguistic review","[]","2014:0","الإبلاغ","false","{""arabic"":""الابلاغ"",""status"":""review"",""register"":""msa"",""partOfSpeech"":""noun""}",""
"2014","1","REPORTING","ابلاغ","review","msa","medium","","","","","noun","orthography-review","REPORTING — ابلاغ: Recognizable MSA expression with a spelling/hamza/letter or editorial defect. Preserve the original text and defer repair; not classified as dialect for spelling alone.","AI-assisted linguistic review","[]","2014:1","الإبلاغ","false","{""arabic"":""ابلاغ"",""status"":""review"",""register"":""msa"",""partOfSpeech"":""noun""}",""
"2015","0","ESSENTIAL","اساسي","review","msa","medium","","","","","adjective","orthography-review","ESSENTIAL — اساسي: Recognizable MSA expression with a spelling/hamza/letter or editorial defect. Preserve the original text and defer repair; not classified as dialect for spelling alone.","AI-assisted linguistic review","[]","2015:0","ضروري","false","{""arabic"":""اساسي"",""status"":""review"",""register"":""msa"",""partOfSpeech"":""adjective""}",""
"2020","0","AFFILIATE","المنتسبة","review","msa","medium","","","","","adjective","construction-or-sense-review","AFFILIATE — المنتسبة: The participial affiliated relationship requires construction/context for English affiliate; leave POS/sense review.","AI-assisted linguistic review","[]","2020:0","التابعة لها","false","{""arabic"":""المنتسبة"",""status"":""review"",""register"":""msa"",""partOfSpeech"":""adjective""}",""
"2020","1","AFFILIATE","التابعة لها","review","msa","medium","","","","","adjective","construction-or-sense-review","AFFILIATE — التابعة لها: Arabic is recognizable MSA, but this isolated relationship needs a supported construction/sense before approval; morphology alone is not rejection.","AI-assisted linguistic review","[]","2020:1","التابعة لها","true","{""arabic"":""التابعة لها"",""status"":""review"",""register"":""msa"",""partOfSpeech"":""adjective""}",""
"3643","0","ANNIVERSARY","ذكرى","review","msa","medium","","","","","noun","construction-or-sense-review","ANNIVERSARY — ذكرى: Arabic is recognizable MSA, but this isolated relationship needs a supported construction/sense before approval; morphology alone is not rejection.","AI-assisted linguistic review","[]","3643:0","الذكرى السنوية","false","{""arabic"":""ذكرى"",""status"":""review"",""register"":""msa"",""partOfSpeech"":""noun""}",""
"3656","0","TYPICALLY","نموذجيا","review","msa","medium","","","","","adverb","construction-or-sense-review","TYPICALLY — نموذجيا: نموذجيا tends to mean ideally/exemplarily; do not substitute it for usually without contextual evidence.","AI-assisted linguistic review","[]","3656:0","عادة","false","{""arabic"":""نموذجيا"",""status"":""review"",""register"":""msa"",""partOfSpeech"":""adverb""}",""
"3258","0","CONTRIBUTIONS","الاشتراكات","review","msa","medium","","","","","noun","construction-or-sense-review","CONTRIBUTIONS — الاشتراكات: الاشتراكات means subscriptions/memberships; a contribution sense requires explicit context.","AI-assisted linguistic review","[]","3258:0","المساهمات","false","{""arabic"":""الاشتراكات"",""status"":""review"",""register"":""msa"",""partOfSpeech"":""noun""}",""
"2058","1","FINDING","ايجاد","review","msa","medium","","","","","noun","orthography-review","FINDING — ايجاد: Recognizable MSA expression with a spelling/hamza/letter or editorial defect. Preserve the original text and defer repair; not classified as dialect for spelling alone.","AI-assisted linguistic review","[]","2058:1","العثور على","false","{""arabic"":""ايجاد"",""status"":""review"",""register"":""msa"",""partOfSpeech"":""noun""}",""
"1658","1","WIFE","زوجه","review","msa","medium","","","","","noun","orthography-review","WIFE — زوجه: Recognizable MSA expression with a spelling/hamza/letter or editorial defect. Preserve the original text and defer repair; not classified as dialect for spelling alone.","AI-assisted linguistic review","[]","1658:1","زوجة","false","{""arabic"":""زوجه"",""status"":""review"",""register"":""msa"",""partOfSpeech"":""noun""}",""
"1661","2","FORMER","السابقون","review","msa","medium","","","","","noun","construction-or-sense-review","FORMER — السابقون: Arabic is recognizable MSA, but this isolated relationship needs a supported construction/sense before approval; morphology alone is not rejection.","AI-assisted linguistic review","[]","1661:2","السابقون","true","{""arabic"":""السابقون"",""status"":""review"",""register"":""msa"",""partOfSpeech"":""noun""}",""
"1664","2","HITS","الزيارات","approved","msa","high","true","true","false","false","noun","valid-alternative","HITS — الزيارات (web visits): Valid natural MSA equivalent or grammatical/article variant. Allowed in both directions; nonpreference is not exclusion.","AI-assisted linguistic review","[]","1664:2","الزيارات","false","{""arabic"":""الزيارات"",""status"":""review"",""register"":""msa"",""partOfSpeech"":""noun"",""sense"":""web visits""}","web visits"
"1676","0","LITERATURE","الادب","review","msa","medium","","","","","noun","orthography-review","LITERATURE — الادب: Recognizable MSA expression with a spelling/hamza/letter or editorial defect. Preserve the original text and defer repair; not classified as dialect for spelling alone.","AI-assisted linguistic review","[]","1676:0","الأدب","false","{""arabic"":""الادب"",""status"":""review"",""register"":""msa"",""partOfSpeech"":""noun""}",""
"1676","1","LITERATURE","ادب","review","msa","medium","","","","","noun","orthography-review","LITERATURE — ادب: Recognizable MSA expression with a spelling/hamza/letter or editorial defect. Preserve the original text and defer repair; not classified as dialect for spelling alone.","AI-assisted linguistic review","[]","1676:1","الأدب","false","{""arabic"":""ادب"",""status"":""review"",""register"":""msa"",""partOfSpeech"":""noun""}",""
"2082","1","REASONS","اسباب","review","msa","medium","","","","","noun","orthography-review","REASONS — اسباب: Recognizable MSA expression with a spelling/hamza/letter or editorial defect. Preserve the original text and defer repair; not classified as dialect for spelling alone.","AI-assisted linguistic review","[]","2082:1","أسباب","false","{""arabic"":""اسباب"",""status"":""review"",""register"":""msa"",""partOfSpeech"":""noun""}",""
"2082","2","REASONS","الاسباب","review","msa","medium","","","","","noun","orthography-review","REASONS — الاسباب: Recognizable MSA expression with a spelling/hamza/letter or editorial defect. Preserve the original text and defer repair; not classified as dialect for spelling alone.","AI-assisted linguistic review","[]","2082:2","أسباب","false","{""arabic"":""الاسباب"",""status"":""review"",""register"":""msa"",""partOfSpeech"":""noun""}",""
"2685","1","CERTIFICATION","الشهادات","review","msa","medium","","","","","noun","construction-or-sense-review","CERTIFICATION — الشهادات: Arabic is recognizable MSA, but this isolated relationship needs a supported construction/sense before approval; morphology alone is not rejection.","AI-assisted linguistic review","[]","2685:1","الشهادات","true","{""arabic"":""الشهادات"",""status"":""review"",""register"":""msa"",""partOfSpeech"":""noun""}",""
"1690","0","FRAME","الاطار","review","msa","medium","","","","","noun","orthography-review","FRAME — الاطار: Recognizable MSA expression with a spelling/hamza/letter or editorial defect. Preserve the original text and defer repair; not classified as dialect for spelling alone.","AI-assisted linguistic review","[]","1690:0","الإطار","false","{""arabic"":""الاطار"",""status"":""review"",""register"":""msa"",""partOfSpeech"":""noun""}",""
"1690","1","FRAME","اطار","review","msa","medium","","","","","noun","orthography-review","FRAME — اطار: Recognizable MSA expression with a spelling/hamza/letter or editorial defect. Preserve the original text and defer repair; not classified as dialect for spelling alone.","AI-assisted linguistic review","[]","1690:1","الإطار","false","{""arabic"":""اطار"",""status"":""review"",""register"":""msa"",""partOfSpeech"":""noun""}",""
"5307","2","HUB","هاب","review","uncertain","medium","","","","","uncertain","register-review","HUB — هاب: Register or status of this borrowing/form needs evidence. Neither automatic dialect rejection nor unsupported MSA approval.","AI-assisted linguistic review","[]","5307:2","المحور","false","{""arabic"":""هاب"",""status"":""review"",""register"":""uncertain"",""partOfSpeech"":""uncertain""}",""
"5307","3","HUB","هب","review","uncertain","medium","","","","","uncertain","register-review","HUB — هب: هب is an Arabic verb under some readings, but not a natural isolated hub noun rendering; register/identity unresolved.","AI-assisted linguistic review","[]","5307:3","المحور","false","{""arabic"":""هب"",""status"":""review"",""register"":""uncertain"",""partOfSpeech"":""uncertain""}",""
"2107","0","PROCEDURE","الاجراء","review","msa","medium","","","","","noun","orthography-review","PROCEDURE — الاجراء: Recognizable MSA expression with a spelling/hamza/letter or editorial defect. Preserve the original text and defer repair; not classified as dialect for spelling alone.","AI-assisted linguistic review","[]","2107:0","الإجراء","false","{""arabic"":""الاجراء"",""status"":""review"",""register"":""msa"",""partOfSpeech"":""noun""}",""
"2107","1","PROCEDURE","الاجراءات","review","msa","medium","","","","","noun","orthography-review","PROCEDURE — الاجراءات: Recognizable MSA expression with a spelling/hamza/letter or editorial defect. Preserve the original text and defer repair; not classified as dialect for spelling alone.","AI-assisted linguistic review","[]","2107:1","الإجراء","false","{""arabic"":""الاجراءات"",""status"":""review"",""register"":""msa"",""partOfSpeech"":""noun""}",""
"2107","2","PROCEDURE","اجراء","review","msa","medium","","","","","noun","orthography-review","PROCEDURE — اجراء: Recognizable MSA expression with a spelling/hamza/letter or editorial defect. Preserve the original text and defer repair; not classified as dialect for spelling alone.","AI-assisted linguistic review","[]","2107:2","الإجراء","false","{""arabic"":""اجراء"",""status"":""review"",""register"":""msa"",""partOfSpeech"":""noun""}",""
"2723","0","PROVISION","الحكم","review","msa","medium","","","","","noun","construction-or-sense-review","PROVISION — الحكم: الحكم may denote a legal provision in context but is not the general supply sense; leave this specialized relationship for review.","AI-assisted linguistic review","[]","2723:0","الحكم","true","{""arabic"":""الحكم"",""status"":""review"",""register"":""msa"",""partOfSpeech"":""noun""}",""
"1740","1","SKIP","سكيب","review","uncertain","medium","","","","","uncertain","register-review","SKIP — سكيب: Register or status of this borrowing/form needs evidence. Neither automatic dialect rejection nor unsupported MSA approval.","AI-assisted linguistic review","[]","1740:1","تخطي","false","{""arabic"":""سكيب"",""status"":""review"",""register"":""uncertain"",""partOfSpeech"":""uncertain""}",""
"1744","2","GEAR","والعتاد","review","msa","medium","","","","","noun","construction-or-sense-review","GEAR — والعتاد: Arabic is recognizable MSA, but this isolated relationship needs a supported construction/sense before approval; morphology alone is not rejection.","AI-assisted linguistic review","[]","1744:2","والعتاد","true","{""arabic"":""والعتاد"",""status"":""review"",""register"":""msa"",""partOfSpeech"":""noun""}",""
"2148","1","PLASTIC","البلاستيكية","review","msa","medium","","","","","adjective","construction-or-sense-review","PLASTIC — البلاستيكية: البلاستيكية could be a feminine adjective; the headword supports that use but standalone article construction needs review.","AI-assisted linguistic review","[]","2148:1","البلاستيك","false","{""arabic"":""البلاستيكية"",""status"":""review"",""register"":""msa"",""partOfSpeech"":""adjective""}",""
"1751","0","NATION","امة","review","msa","medium","","","","","noun","orthography-review","NATION — امة: Recognizable MSA expression with a spelling/hamza/letter or editorial defect. Preserve the original text and defer repair; not classified as dialect for spelling alone.","AI-assisted linguistic review","[]","1751:0","الأمة","false","{""arabic"":""امة"",""status"":""review"",""register"":""msa"",""partOfSpeech"":""noun""}",""
"1751","1","NATION","الامة","review","msa","medium","","","","","noun","orthography-review","NATION — الامة: Recognizable MSA expression with a spelling/hamza/letter or editorial defect. Preserve the original text and defer repair; not classified as dialect for spelling alone.","AI-assisted linguistic review","[]","1751:1","الأمة","false","{""arabic"":""الامة"",""status"":""review"",""register"":""msa"",""partOfSpeech"":""noun""}",""
"1767","0","FACILITY","منشاة","review","msa","medium","","","","","noun","orthography-review","FACILITY — منشاة: Recognizable MSA expression with a spelling/hamza/letter or editorial defect. Preserve the original text and defer repair; not classified as dialect for spelling alone.","AI-assisted linguistic review","[]","1767:0","المرفق","false","{""arabic"":""منشاة"",""status"":""review"",""register"":""msa"",""partOfSpeech"":""noun""}",""
"3774","0","CAPTURE","اسر","review","msa","medium","","","","","noun","orthography-review","CAPTURE — اسر: Recognizable MSA expression with a spelling/hamza/letter or editorial defect. Preserve the original text and defer repair; not classified as dialect for spelling alone.","AI-assisted linguistic review","[]","3774:0","أسر","false","{""arabic"":""اسر"",""status"":""review"",""register"":""msa"",""partOfSpeech"":""noun""}",""
"1781","0","FOREST","الغابات","review","msa","medium","","","","","noun","construction-or-sense-review","FOREST — الغابات: Arabic is recognizable MSA, but this isolated relationship needs a supported construction/sense before approval; morphology alone is not rejection.","AI-assisted linguistic review","[]","1781:0","الغابات","true","{""arabic"":""الغابات"",""status"":""review"",""register"":""msa"",""partOfSpeech"":""noun""}",""
"1781","3","FOREST","غابات","review","msa","medium","","","","","noun","construction-or-sense-review","FOREST — غابات: Arabic is recognizable MSA, but this isolated relationship needs a supported construction/sense before approval; morphology alone is not rejection.","AI-assisted linguistic review","[]","1781:3","الغابات","false","{""arabic"":""غابات"",""status"":""review"",""register"":""msa"",""partOfSpeech"":""noun""}",""
"2182","1","ADVENTURE","مغامرات","review","msa","medium","","","","","noun","construction-or-sense-review","ADVENTURE — مغامرات: Arabic is recognizable MSA, but this isolated relationship needs a supported construction/sense before approval; morphology alone is not rejection.","AI-assisted linguistic review","[]","2182:1","مغامرة","false","{""arabic"":""مغامرات"",""status"":""review"",""register"":""msa"",""partOfSpeech"":""noun""}",""
"3784","0","MECHANISM","الالية","review","msa","medium","","","","","noun","orthography-review","MECHANISM — الالية: Recognizable MSA expression with a spelling/hamza/letter or editorial defect. Preserve the original text and defer repair; not classified as dialect for spelling alone.","AI-assisted linguistic review","[]","3784:0","آلية","false","{""arabic"":""الالية"",""status"":""review"",""register"":""msa"",""partOfSpeech"":""noun""}",""
"3784","1","MECHANISM","الية","review","msa","medium","","","","","noun","orthography-review","MECHANISM — الية: Recognizable MSA expression with a spelling/hamza/letter or editorial defect. Preserve the original text and defer repair; not classified as dialect for spelling alone.","AI-assisted linguistic review","[]","3784:1","آلية","false","{""arabic"":""الية"",""status"":""review"",""register"":""msa"",""partOfSpeech"":""noun""}",""
"1793","0","LISTEN","اسمع","review","msa","medium","","","","","verb","construction-or-sense-review","LISTEN — اسمع: اسمع is hear/hear me; listen is deliberate attention. Review the imperative pragmatics rather than automatically conflate the verbs.","AI-assisted linguistic review","[]","1793:0","استمعوا","false","{""arabic"":""اسمع"",""status"":""review"",""register"":""msa"",""partOfSpeech"":""verb""}",""
"1793","3","LISTEN","اسمعوا","review","msa","medium","","","","","verb","construction-or-sense-review","LISTEN — اسمعوا: اسمعوا may pragmatically mean listen, but the literal hear/listen distinction needs a supported construction.","AI-assisted linguistic review","[]","1793:3","استمعوا","false","{""arabic"":""اسمعوا"",""status"":""review"",""register"":""msa"",""partOfSpeech"":""verb""}",""
"2195","0","PARKING","موقف سيارات","review","msa","medium","","","","","noun","construction-or-sense-review","PARKING — موقف سيارات: موقف سيارات denotes a car park/parking place; parking can be the activity or provision of spaces, so leave the construction unresolved.","AI-assisted linguistic review","[]","2195:0","موقف سيارات","true","{""arabic"":""موقف سيارات"",""status"":""review"",""register"":""msa"",""partOfSpeech"":""noun""}",""
"1800","0","SOLD","تباع","review","msa","medium","","","","","verb","construction-or-sense-review","SOLD — تباع: Arabic is recognizable MSA, but this isolated relationship needs a supported construction/sense before approval; morphology alone is not rejection.","AI-assisted linguistic review","[]","1800:0","بيعت","false","{""arabic"":""تباع"",""status"":""review"",""register"":""msa"",""partOfSpeech"":""verb""}",""
"1807","0","LOWEST","ادنى","review","msa","medium","","","","","adjective","orthography-review","LOWEST — ادنى: Recognizable MSA expression with a spelling/hamza/letter or editorial defect. Preserve the original text and defer repair; not classified as dialect for spelling alone.","AI-assisted linguistic review","[]","1807:0","أدنى مستوى","false","{""arabic"":""ادنى"",""status"":""review"",""register"":""msa"",""partOfSpeech"":""adjective""}",""
"1807","1","LOWEST","أدنى مستوى","review","msa","medium","","","","","adjective","construction-or-sense-review","LOWEST — أدنى مستوى: أدنى مستوى adds level to the superlative; review the noun-phrase/adjective presentation.","AI-assisted linguistic review","[]","1807:1","أدنى مستوى","true","{""arabic"":""أدنى مستوى"",""status"":""review"",""register"":""msa"",""partOfSpeech"":""adjective""}",""
"1813","1","LIVES","حياة","review","msa","medium","","","","","noun","construction-or-sense-review","LIVES — حياة: Arabic is recognizable MSA, but this isolated relationship needs a supported construction/sense before approval; morphology alone is not rejection.","AI-assisted linguistic review","[]","1813:1","حياة","true","{""arabic"":""حياة"",""status"":""review"",""register"":""msa"",""partOfSpeech"":""noun""}",""
"3823","2","DETECTION","كشف الكشف","review","msa","high","false","false","false","false","noun","unsuitable-pending-review","DETECTION — كشف الكشف: كشف الكشف is a duplicated genitive label, not a natural isolated detection equivalent.","AI-assisted linguistic review","[]","3823:2","كشف الكشف","true","{""arabic"":""كشف الكشف"",""status"":""review"",""register"":""msa"",""partOfSpeech"":""noun"",""allowedForEnToAr"":false,""allowedForArToEn"":false,""preferredForEnToAr"":false,""preferredForArToEn"":false}",""
"1823","0","STONE","ستون","review","uncertain","medium","","","","","uncertain","register-review","STONE — ستون: Register or status of this borrowing/form needs evidence. Neither automatic dialect rejection nor unsupported MSA approval.","AI-assisted linguistic review","[]","1823:0","الحجر","false","{""arabic"":""ستون"",""status"":""review"",""register"":""uncertain"",""partOfSpeech"":""uncertain""}",""
"1823","2","STONE","الحجارة","review","msa","medium","","","","","noun","construction-or-sense-review","STONE — الحجارة: Arabic is recognizable MSA, but this isolated relationship needs a supported construction/sense before approval; morphology alone is not rejection.","AI-assisted linguistic review","[]","1823:2","الحجر","false","{""arabic"":""الحجارة"",""status"":""review"",""register"":""msa"",""partOfSpeech"":""noun""}",""
"1823","3","STONE","حجارة","review","msa","medium","","","","","noun","construction-or-sense-review","STONE — حجارة: Arabic is recognizable MSA, but this isolated relationship needs a supported construction/sense before approval; morphology alone is not rejection.","AI-assisted linguistic review","[]","1823:3","الحجر","false","{""arabic"":""حجارة"",""status"":""review"",""register"":""msa"",""partOfSpeech"":""noun""}",""
"1839","0","PAIN","الالم","review","msa","medium","","","","","noun","orthography-review","PAIN — الالم: Recognizable MSA expression with a spelling/hamza/letter or editorial defect. Preserve the original text and defer repair; not classified as dialect for spelling alone.","AI-assisted linguistic review","[]","1839:0","ألم","false","{""arabic"":""الالم"",""status"":""review"",""register"":""msa"",""partOfSpeech"":""noun""}",""
"1839","1","PAIN","الم","review","msa","medium","","","","","noun","orthography-review","PAIN — الم: Recognizable MSA expression with a spelling/hamza/letter or editorial defect. Preserve the original text and defer repair; not classified as dialect for spelling alone.","AI-assisted linguistic review","[]","1839:1","ألم","false","{""arabic"":""الم"",""status"":""review"",""register"":""msa"",""partOfSpeech"":""noun""}",""
"2242","0","OBJECTS","الاجسام","review","msa","medium","","","","","noun","orthography-review","OBJECTS — الاجسام: Recognizable MSA expression with a spelling/hamza/letter or editorial defect. Preserve the original text and defer repair; not classified as dialect for spelling alone.","AI-assisted linguistic review","[]","2242:0","كائنات","false","{""arabic"":""الاجسام"",""status"":""review"",""register"":""msa"",""partOfSpeech"":""noun""}",""
"2242","1","OBJECTS","اجسام","review","msa","medium","","","","","noun","orthography-review","OBJECTS — اجسام: Recognizable MSA expression with a spelling/hamza/letter or editorial defect. Preserve the original text and defer repair; not classified as dialect for spelling alone.","AI-assisted linguistic review","[]","2242:1","كائنات","false","{""arabic"":""اجسام"",""status"":""review"",""register"":""msa"",""partOfSpeech"":""noun""}",""
"1855","0","ROOT","روت","review","uncertain","medium","","","","","uncertain","register-review","ROOT — روت: Register or status of this borrowing/form needs evidence. Neither automatic dialect rejection nor unsupported MSA approval.","AI-assisted linguistic review","[]","1855:0","جذر","false","{""arabic"":""روت"",""status"":""review"",""register"":""uncertain"",""partOfSpeech"":""uncertain""}",""
"1855","1","ROOT","جذور","review","msa","medium","","","","","noun","construction-or-sense-review","ROOT — جذور: Arabic is recognizable MSA, but this isolated relationship needs a supported construction/sense before approval; morphology alone is not rejection.","AI-assisted linguistic review","[]","1855:1","جذر","false","{""arabic"":""جذور"",""status"":""review"",""register"":""msa"",""partOfSpeech"":""noun""}",""
"2263","2","PERSONNEL","الافراد","review","msa","medium","","","","","noun","orthography-review","PERSONNEL — الافراد: Recognizable MSA expression with a spelling/hamza/letter or editorial defect. Preserve the original text and defer repair; not classified as dialect for spelling alone.","AI-assisted linguistic review","[]","2263:2","الأفراد","false","{""arabic"":""الافراد"",""status"":""review"",""register"":""msa"",""partOfSpeech"":""noun""}",""
"1863","0","GRADUATE","التخرج","review","msa","medium","","","","","verb","construction-or-sense-review","GRADUATE — التخرج: التخرج denotes graduation, while graduate can be a verb/person; the isolated action rendering needs construction review.","AI-assisted linguistic review","[]","1863:0","خريج","false","{""arabic"":""التخرج"",""status"":""review"",""register"":""msa"",""partOfSpeech"":""verb""}",""
"1865","1","SHOT","اطلاق النار","review","msa","medium","","","","","noun","orthography-review","SHOT — اطلاق النار: Recognizable MSA expression with a spelling/hamza/letter or editorial defect. Preserve the original text and defer repair; not classified as dialect for spelling alone.","AI-assisted linguistic review","[]","1865:1","اطلاق النار","true","{""arabic"":""اطلاق النار"",""status"":""review"",""register"":""msa"",""partOfSpeech"":""noun""}",""
"1869","0","THINKING","افكر","review","msa","medium","","","","","verb","orthography-review","THINKING — افكر: Recognizable MSA expression with a spelling/hamza/letter or editorial defect. Preserve the original text and defer repair; not classified as dialect for spelling alone.","AI-assisted linguistic review","[]","1869:0","التفكير","false","{""arabic"":""افكر"",""status"":""review"",""register"":""msa"",""partOfSpeech"":""verb""}",""
"5478","0","RAP","الراب","review","uncertain","medium","","","","","noun","register-review","RAP — الراب: Common music borrowing, but this pass does not independently establish the MSA register convention. Leave uncertain rather than reject as slang.","AI-assisted linguistic review","[]","5478:0","الراب","true","{""arabic"":""الراب"",""status"":""review"",""register"":""uncertain"",""partOfSpeech"":""noun""}",""
"5478","1","RAP","راب","review","uncertain","medium","","","","","noun","register-review","RAP — راب: Borrowed musical term: retain pending register support; informal cultural associations do not prove Arabic dialect.","AI-assisted linguistic review","[]","5478:1","الراب","false","{""arabic"":""راب"",""status"":""review"",""register"":""uncertain"",""partOfSpeech"":""noun""}",""
"5493","1","TIN","تن","review","uncertain","medium","","","","","uncertain","register-review","TIN — تن: تن may be a borrowing/abbreviation; the metal sense is not established. Preserve as uncertain.","AI-assisted linguistic review","[]","5493:1","القصدير","false","{""arabic"":""تن"",""status"":""review"",""register"":""uncertain"",""partOfSpeech"":""uncertain""}",""
"2292","1","GRAPHIC","الرسم البياني","review","msa","medium","","","","","noun","construction-or-sense-review","GRAPHIC — الرسم البياني: الرسم البياني is a graph/chart, a possible graphic but a narrower referent; leave sense review.","AI-assisted linguistic review","[]","2292:1","الرسم البياني","true","{""arabic"":""الرسم البياني"",""status"":""review"",""register"":""msa"",""partOfSpeech"":""noun""}",""
"1893","2","MOTOR","الموتر","review","uncertain","medium","","","","","noun","register-review","MOTOR — الموتر: الموتر is regionally used for a car/motor; without register evidence retain uncertain rather than make a dialect classification.","AI-assisted linguistic review","[]","1893:2","المحرك","false","{""arabic"":""الموتر"",""status"":""review"",""register"":""uncertain"",""partOfSpeech"":""noun""}",""
"2295","1","ESTIMATED","تقديرات","review","msa","medium","","","","","noun","construction-or-sense-review","ESTIMATED — تقديرات: تقديرات means estimates as a noun, not estimated; a construction would be needed to license this mapping.","AI-assisted linguistic review","[]","2295:1","تقديرات","true","{""arabic"":""تقديرات"",""status"":""review"",""register"":""msa"",""partOfSpeech"":""noun""}",""
