seed,size,mode,policy,success,generationMs,entries,intersections,candidateCount,candidateLengths,solverAttempts,timeoutChecks,viableTemplates,totalTemplates,validationErrors,qualityErrors,failureReason
"1","7","en_to_ar","compatibility","true","3.6737499999981083","26","36","2000","{""2"":207,""3"":359,""4"":359,""5"":359,""6"":358,""7"":358}","1","0","6","6","[]","[]",""
"1","7","en_to_ar","approved-only","true","3.5385000000023865","26","36","2000","{""2"":47,""3"":324,""4"":437,""5"":436,""6"":436,""7"":320}","1","0","6","6","[]","[]",""
"1","7","ar_to_en","compatibility","true","5.3518329999969865","22","41","2000","{""2"":47,""3"":391,""4"":391,""5"":391,""6"":390,""7"":390}","1","0","24","24","[]","[]",""
"1","7","ar_to_en","approved-only","false","3002.4039580000026","0","0","1128","{""2"":15,""3"":120,""4"":269,""5"":266,""6"":239,""7"":219}","24","142","24","24","[]","[]","solver_deadline_observed_root_cause_unestablished"
"1","9","en_to_ar","compatibility","true","6.578250000002299","40","60","2000","{""2"":220,""3"":255,""4"":255,""5"":254,""6"":254,""7"":254,""8"":254,""9"":254}","1","0","6","6","[]","[]",""
"1","9","en_to_ar","approved-only","false","1702.785667","0","0","2000","{""2"":50,""3"":342,""4"":342,""5"":342,""6"":341,""7"":341,""8"":167,""9"":75}","2","24","6","6","[]","[]","solver_deadline_observed_root_cause_unestablished"
"1","9","ar_to_en","compatibility","true","218.7479999999996","30","66","4000","{""2"":47,""3"":565,""4"":565,""5"":565,""6"":565,""7"":565,""8"":564,""9"":564}","2","5","24","24","[]","[]",""
"1","9","ar_to_en","approved-only","false","3990.805583999998","0","0","1373","{""2"":15,""3"":120,""4"":269,""5"":266,""6"":239,""7"":219,""8"":167,""9"":78}","134","48","24","24","[]","[]","solver_deadline_observed_root_cause_unestablished"
"1","11","en_to_ar","compatibility","true","13.80595799999719","59","85","2000","{""2"":200,""3"":200,""4"":200,""5"":200,""6"":200,""7"":200,""8"":200,""9"":200,""10"":200,""11"":200}","1","0","6","6","[]","[]",""
"1","11","en_to_ar","approved-only","true","43.89920799999527","59","85","2000","{""2"":50,""3"":329,""4"":330,""5"":329,""6"":329,""7"":329,""8"":178,""9"":88,""10"":22,""11"":16}","1","0","6","6","[]","[]",""
"1","11","ar_to_en","compatibility","true","359.72899999999936","42","99","6000","{""2"":47,""3"":630,""4"":666,""5"":666,""6"":666,""7"":665,""8"":665,""9"":665,""10"":665,""11"":665}","2","2","24","24","[]","[]",""
"1","11","ar_to_en","approved-only","false","4399.226083000001","0","0","1455","{""2"":15,""3"":120,""4"":269,""5"":266,""6"":239,""7"":219,""8"":167,""9"":78,""10"":54,""11"":28}","363","36","24","24","[]","[]","solver_deadline_observed_root_cause_unestablished"
"1","13","en_to_ar","compatibility","true","60.292874999999185","82","119","2000","{""2"":172,""3"":172,""4"":173,""5"":173,""6"":173,""7"":173,""8"":173,""9"":172,""10"":172,""11"":172,""12"":172,""13"":103}","1","0","6","6","[]","[]",""
"1","13","en_to_ar","approved-only","false","1806.3400419999962","0","0","2000","{""2"":50,""3"":324,""4"":325,""5"":324,""6"":324,""7"":324,""8"":180,""9"":94,""10"":24,""11"":16,""12"":13,""13"":2}","8","9","6","6","[]","[]","solver_deadline_observed_root_cause_unestablished"
"1","13","ar_to_en","compatibility","true","515.4788340000014","60","133","6000","{""2"":47,""3"":599,""4"":600,""5"":600,""6"":600,""7"":600,""8"":600,""9"":600,""10"":600,""11"":599,""12"":363,""13"":192}","3","6","24","24","[]","[]",""
"1","13","ar_to_en","approved-only","false","2421.178874999998","0","0","1477","{""2"":15,""3"":120,""4"":269,""5"":266,""6"":239,""7"":219,""8"":167,""9"":78,""10"":54,""11"":28,""12"":14,""13"":8}","480","0","24","24","[]","[]","bounded_search_no_solution_reason_unestablished"
"2","7","en_to_ar","approved-only","true","2.93399999999383","26","35","2000","{""2"":47,""3"":324,""4"":437,""5"":436,""6"":436,""7"":320}","1","0","6","6","[]","[]",""
"2","7","en_to_ar","compatibility","true","4.505000000004657","26","35","2000","{""2"":207,""3"":359,""4"":359,""5"":359,""6"":358,""7"":358}","1","0","6","6","[]","[]",""
"2","7","ar_to_en","approved-only","false","3002.639707999995","0","0","1128","{""2"":15,""3"":120,""4"":269,""5"":266,""6"":239,""7"":219}","24","114","24","24","[]","[]","solver_deadline_observed_root_cause_unestablished"
"2","7","ar_to_en","compatibility","true","93.17462499999965","21","42","2000","{""2"":47,""3"":391,""4"":391,""5"":391,""6"":390,""7"":390}","1","0","24","24","[]","[]",""
"2","9","en_to_ar","approved-only","false","1702.5169170000008","0","0","2000","{""2"":50,""3"":342,""4"":342,""5"":342,""6"":341,""7"":341,""8"":167,""9"":75}","2","35","6","6","[]","[]","solver_deadline_observed_root_cause_unestablished"
"2","9","en_to_ar","compatibility","true","8.400541000002704","42","60","2000","{""2"":220,""3"":255,""4"":255,""5"":254,""6"":254,""7"":254,""8"":254,""9"":254}","1","0","6","6","[]","[]",""
"2","9","ar_to_en","approved-only","false","3990.287875000002","0","0","1373","{""2"":15,""3"":120,""4"":269,""5"":266,""6"":239,""7"":219,""8"":167,""9"":78}","119","49","24","24","[]","[]","solver_deadline_observed_root_cause_unestablished"
"2","9","ar_to_en","compatibility","true","1034.4592920000068","32","64","4000","{""2"":47,""3"":565,""4"":565,""5"":565,""6"":565,""7"":565,""8"":564,""9"":564}","7","27","24","24","[]","[]",""
"2","11","en_to_ar","approved-only","false","1803.6755829999965","0","0","2000","{""2"":50,""3"":329,""4"":330,""5"":329,""6"":329,""7"":329,""8"":178,""9"":88,""10"":22,""11"":16}","2","44","6","6","[]","[]","solver_deadline_observed_root_cause_unestablished"
"2","11","en_to_ar","compatibility","true","14.712375000002794","61","85","2000","{""2"":200,""3"":200,""4"":200,""5"":200,""6"":200,""7"":200,""8"":200,""9"":200,""10"":200,""11"":200}","1","0","6","6","[]","[]",""
"2","11","ar_to_en","approved-only","false","4485.8529160000035","0","0","1455","{""2"":15,""3"":120,""4"":269,""5"":266,""6"":239,""7"":219,""8"":167,""9"":78,""10"":54,""11"":28}","359","37","24","24","[]","[]","solver_deadline_observed_root_cause_unestablished"
"2","11","ar_to_en","compatibility","true","80.0646659999984","48","99","6000","{""2"":47,""3"":630,""4"":666,""5"":666,""6"":666,""7"":665,""8"":665,""9"":665,""10"":665,""11"":665}","1","0","24","24","[]","[]",""
"2","13","en_to_ar","approved-only","false","1805.1502499999988","0","0","2000","{""2"":50,""3"":324,""4"":325,""5"":324,""6"":324,""7"":324,""8"":180,""9"":94,""10"":24,""11"":16,""12"":13,""13"":2}","2","15","6","6","[]","[]","solver_deadline_observed_root_cause_unestablished"
"2","13","en_to_ar","compatibility","true","56.29670800000167","82","120","2000","{""2"":172,""3"":172,""4"":173,""5"":173,""6"":173,""7"":173,""8"":173,""9"":172,""10"":172,""11"":172,""12"":172,""13"":103}","1","0","6","6","[]","[]",""
"2","13","ar_to_en","approved-only","false","2363.764833000001","0","0","1477","{""2"":15,""3"":120,""4"":269,""5"":266,""6"":239,""7"":219,""8"":167,""9"":78,""10"":54,""11"":28,""12"":14,""13"":8}","480","0","24","24","[]","[]","bounded_search_no_solution_reason_unestablished"
"2","13","ar_to_en","compatibility","true","291.1565410000039","63","130","6000","{""2"":47,""3"":599,""4"":600,""5"":600,""6"":600,""7"":600,""8"":600,""9"":600,""10"":600,""11"":599,""12"":363,""13"":192}","2","4","24","24","[]","[]",""
"3","7","en_to_ar","compatibility","true","4.616750000001048","26","35","2000","{""2"":207,""3"":359,""4"":359,""5"":359,""6"":358,""7"":358}","1","0","6","6","[]","[]",""
"3","7","en_to_ar","approved-only","true","3.0672909999993863","26","35","2000","{""2"":47,""3"":324,""4"":437,""5"":436,""6"":436,""7"":320}","1","0","6","6","[]","[]",""
"3","7","ar_to_en","compatibility","true","4.34558300000208","22","41","2000","{""2"":47,""3"":391,""4"":391,""5"":391,""6"":390,""7"":390}","1","0","24","24","[]","[]",""
"3","7","ar_to_en","approved-only","false","3002.1760829999985","0","0","1128","{""2"":15,""3"":120,""4"":269,""5"":266,""6"":239,""7"":219}","24","125","24","24","[]","[]","solver_deadline_observed_root_cause_unestablished"
"3","9","en_to_ar","compatibility","true","8.424291999996058","40","59","2000","{""2"":220,""3"":255,""4"":255,""5"":254,""6"":254,""7"":254,""8"":254,""9"":254}","1","0","6","6","[]","[]",""
"3","9","en_to_ar","approved-only","true","16.28179199999431","40","59","2000","{""2"":50,""3"":342,""4"":342,""5"":342,""6"":341,""7"":341,""8"":167,""9"":75}","1","0","6","6","[]","[]",""
"3","9","ar_to_en","compatibility","true","770.0604580000072","30","66","4000","{""2"":47,""3"":565,""4"":565,""5"":565,""6"":565,""7"":565,""8"":564,""9"":564}","5","17","24","24","[]","[]",""
"3","9","ar_to_en","approved-only","false","3991.3777499999997","0","0","1373","{""2"":15,""3"":120,""4"":269,""5"":266,""6"":239,""7"":219,""8"":167,""9"":78}","151","42","24","24","[]","[]","solver_deadline_observed_root_cause_unestablished"
"3","11","en_to_ar","compatibility","true","11.324208999998518","62","87","2000","{""2"":200,""3"":200,""4"":200,""5"":200,""6"":200,""7"":200,""8"":200,""9"":200,""10"":200,""11"":200}","1","0","6","6","[]","[]",""
"3","11","en_to_ar","approved-only","false","1803.997332999992","0","0","2000","{""2"":50,""3"":329,""4"":330,""5"":329,""6"":329,""7"":329,""8"":178,""9"":88,""10"":22,""11"":16}","2","34","6","6","[]","[]","solver_deadline_observed_root_cause_unestablished"
"3","11","ar_to_en","compatibility","true","1011.6917079999985","43","96","6000","{""2"":47,""3"":630,""4"":666,""5"":666,""6"":666,""7"":665,""8"":665,""9"":665,""10"":665,""11"":665}","6","56","24","24","[]","[]",""
"3","11","ar_to_en","approved-only","false","4421.065459000005","0","0","1455","{""2"":15,""3"":120,""4"":269,""5"":266,""6"":239,""7"":219,""8"":167,""9"":78,""10"":54,""11"":28}","370","33","24","24","[]","[]","solver_deadline_observed_root_cause_unestablished"
"3","13","en_to_ar","compatibility","true","45.05204200001026","78","119","2000","{""2"":172,""3"":172,""4"":173,""5"":173,""6"":173,""7"":173,""8"":173,""9"":172,""10"":172,""11"":172,""12"":172,""13"":103}","1","0","6","6","[]","[]",""
"3","13","en_to_ar","approved-only","false","1806.1811670000025","0","0","2000","{""2"":50,""3"":324,""4"":325,""5"":324,""6"":324,""7"":324,""8"":180,""9"":94,""10"":24,""11"":16,""12"":13,""13"":2}","2","38","6","6","[]","[]","solver_deadline_observed_root_cause_unestablished"
"3","13","ar_to_en","compatibility","true","80.91962500000955","64","134","6000","{""2"":47,""3"":599,""4"":600,""5"":600,""6"":600,""7"":600,""8"":600,""9"":600,""10"":600,""11"":599,""12"":363,""13"":192}","1","0","24","24","[]","[]",""
"3","13","ar_to_en","approved-only","false","2216.485416999989","0","0","1477","{""2"":15,""3"":120,""4"":269,""5"":266,""6"":239,""7"":219,""8"":167,""9"":78,""10"":54,""11"":28,""12"":14,""13"":8}","480","0","24","24","[]","[]","bounded_search_no_solution_reason_unestablished"
"4","7","en_to_ar","approved-only","true","3.5235410000022966","26","37","2000","{""2"":47,""3"":324,""4"":437,""5"":436,""6"":436,""7"":320}","1","0","6","6","[]","[]",""
"4","7","en_to_ar","compatibility","true","4.6148749999993015","26","37","2000","{""2"":207,""3"":359,""4"":359,""5"":359,""6"":358,""7"":358}","1","0","6","6","[]","[]",""
"4","7","ar_to_en","approved-only","false","3002.625749999992","0","0","1128","{""2"":15,""3"":120,""4"":269,""5"":266,""6"":239,""7"":219}","24","99","24","24","[]","[]","solver_deadline_observed_root_cause_unestablished"
"4","7","ar_to_en","compatibility","true","4.964541000008467","22","41","2000","{""2"":47,""3"":391,""4"":391,""5"":391,""6"":390,""7"":390}","1","0","24","24","[]","[]",""
"4","9","en_to_ar","approved-only","false","1702.3870000000024","0","0","2000","{""2"":50,""3"":342,""4"":342,""5"":342,""6"":341,""7"":341,""8"":167,""9"":75}","2","27","6","6","[]","[]","solver_deadline_observed_root_cause_unestablished"
"4","9","en_to_ar","compatibility","false","1702.4577089999948","0","0","2000","{""2"":220,""3"":255,""4"":255,""5"":254,""6"":254,""7"":254,""8"":254,""9"":254}","2","58","6","6","[]","[]","solver_deadline_observed_root_cause_unestablished"
"4","9","ar_to_en","approved-only","false","3991.1989579999936","0","0","1373","{""2"":15,""3"":120,""4"":269,""5"":266,""6"":239,""7"":219,""8"":167,""9"":78}","136","45","24","24","[]","[]","solver_deadline_observed_root_cause_unestablished"
"4","9","ar_to_en","compatibility","true","239.18133400000806","30","66","4000","{""2"":47,""3"":565,""4"":565,""5"":565,""6"":565,""7"":565,""8"":564,""9"":564}","2","3","24","24","[]","[]",""
"4","11","en_to_ar","approved-only","false","1804.6087499999994","0","0","2000","{""2"":50,""3"":329,""4"":330,""5"":329,""6"":329,""7"":329,""8"":178,""9"":88,""10"":22,""11"":16}","2","35","6","6","[]","[]","solver_deadline_observed_root_cause_unestablished"
"4","11","en_to_ar","compatibility","true","10.179125000009662","59","85","2000","{""2"":200,""3"":200,""4"":200,""5"":200,""6"":200,""7"":200,""8"":200,""9"":200,""10"":200,""11"":200}","1","0","6","6","[]","[]",""
"4","11","ar_to_en","approved-only","false","4264.692750000002","0","0","1455","{""2"":15,""3"":120,""4"":269,""5"":266,""6"":239,""7"":219,""8"":167,""9"":78,""10"":54,""11"":28}","392","30","24","24","[]","[]","solver_deadline_observed_root_cause_unestablished"
"4","11","ar_to_en","compatibility","true","139.7675420000014","46","99","6000","{""2"":47,""3"":630,""4"":666,""5"":666,""6"":666,""7"":665,""8"":665,""9"":665,""10"":665,""11"":665}","1","0","24","24","[]","[]",""
"4","13","en_to_ar","approved-only","false","1807.719459","0","0","2000","{""2"":50,""3"":324,""4"":325,""5"":324,""6"":324,""7"":324,""8"":180,""9"":94,""10"":24,""11"":16,""12"":13,""13"":2}","2","26","6","6","[]","[]","solver_deadline_observed_root_cause_unestablished"
"4","13","en_to_ar","compatibility","true","52.260041000001365","82","119","2000","{""2"":172,""3"":172,""4"":173,""5"":173,""6"":173,""7"":173,""8"":173,""9"":172,""10"":172,""11"":172,""12"":172,""13"":103}","1","0","6","6","[]","[]",""
"4","13","ar_to_en","approved-only","false","2364.1757089999883","0","0","1477","{""2"":15,""3"":120,""4"":269,""5"":266,""6"":239,""7"":219,""8"":167,""9"":78,""10"":54,""11"":28,""12"":14,""13"":8}","480","0","24","24","[]","[]","bounded_search_no_solution_reason_unestablished"
"4","13","ar_to_en","compatibility","true","2612.0519579999964","61","127","6000","{""2"":47,""3"":599,""4"":600,""5"":600,""6"":600,""7"":600,""8"":600,""9"":600,""10"":600,""11"":599,""12"":363,""13"":192}","14","55","24","24","[]","[]",""
"5","7","en_to_ar","compatibility","true","3.330832999999984","24","36","2000","{""2"":207,""3"":359,""4"":359,""5"":359,""6"":358,""7"":358}","1","0","6","6","[]","[]",""
"5","7","en_to_ar","approved-only","true","3.335458000001381","24","36","2000","{""2"":47,""3"":324,""4"":437,""5"":436,""6"":436,""7"":320}","1","0","6","6","[]","[]",""
"5","7","ar_to_en","compatibility","true","4.613791999989189","22","41","2000","{""2"":47,""3"":391,""4"":391,""5"":391,""6"":390,""7"":390}","1","0","24","24","[]","[]",""
"5","7","ar_to_en","approved-only","false","3002.2555839999986","0","0","1128","{""2"":15,""3"":120,""4"":269,""5"":266,""6"":239,""7"":219}","24","126","24","24","[]","[]","solver_deadline_observed_root_cause_unestablished"
"5","9","en_to_ar","compatibility","true","7.183166999995592","44","57","2000","{""2"":220,""3"":255,""4"":255,""5"":254,""6"":254,""7"":254,""8"":254,""9"":254}","1","0","6","6","[]","[]",""
"5","9","en_to_ar","approved-only","false","1701.985584000009","0","0","2000","{""2"":50,""3"":342,""4"":342,""5"":342,""6"":341,""7"":341,""8"":167,""9"":75}","2","37","6","6","[]","[]","solver_deadline_observed_root_cause_unestablished"
"5","9","ar_to_en","compatibility","true","380.4894170000043","32","64","4000","{""2"":47,""3"":565,""4"":565,""5"":565,""6"":565,""7"":565,""8"":564,""9"":564}","3","8","24","24","[]","[]",""
"5","9","ar_to_en","approved-only","false","3990.486750000011","0","0","1373","{""2"":15,""3"":120,""4"":269,""5"":266,""6"":239,""7"":219,""8"":167,""9"":78}","149","46","24","24","[]","[]","solver_deadline_observed_root_cause_unestablished"
"5","11","en_to_ar","compatibility","false","1803.5660420000058","0","0","2000","{""2"":200,""3"":200,""4"":200,""5"":200,""6"":200,""7"":200,""8"":200,""9"":200,""10"":200,""11"":200}","2","65","6","6","[]","[]","solver_deadline_observed_root_cause_unestablished"
"5","11","en_to_ar","approved-only","false","1803.4337499999965","0","0","2000","{""2"":50,""3"":329,""4"":330,""5"":329,""6"":329,""7"":329,""8"":178,""9"":88,""10"":22,""11"":16}","2","19","6","6","[]","[]","solver_deadline_observed_root_cause_unestablished"
"5","11","ar_to_en","compatibility","true","1784.4482080000016","42","94","6000","{""2"":47,""3"":630,""4"":666,""5"":666,""6"":666,""7"":665,""8"":665,""9"":665,""10"":665,""11"":665}","10","65","24","24","[]","[]",""
"5","11","ar_to_en","approved-only","false","4198.210249999989","0","0","1455","{""2"":15,""3"":120,""4"":269,""5"":266,""6"":239,""7"":219,""8"":167,""9"":78,""10"":54,""11"":28}","390","31","24","24","[]","[]","solver_deadline_observed_root_cause_unestablished"
"5","13","en_to_ar","compatibility","true","49.507417000000714","82","119","2000","{""2"":172,""3"":172,""4"":173,""5"":173,""6"":173,""7"":173,""8"":173,""9"":172,""10"":172,""11"":172,""12"":172,""13"":103}","1","0","6","6","[]","[]",""
"5","13","en_to_ar","approved-only","false","1807.0381659999985","0","0","2000","{""2"":50,""3"":324,""4"":325,""5"":324,""6"":324,""7"":324,""8"":180,""9"":94,""10"":24,""11"":16,""12"":13,""13"":2}","2","45","6","6","[]","[]","solver_deadline_observed_root_cause_unestablished"
"5","13","ar_to_en","compatibility","true","457.543708000012","63","131","6000","{""2"":47,""3"":599,""4"":600,""5"":600,""6"":600,""7"":600,""8"":600,""9"":600,""10"":600,""11"":599,""12"":363,""13"":192}","3","6","24","24","[]","[]",""
"5","13","ar_to_en","approved-only","false","2521.8796669999865","0","0","1477","{""2"":15,""3"":120,""4"":269,""5"":266,""6"":239,""7"":219,""8"":167,""9"":78,""10"":54,""11"":28,""12"":14,""13"":8}","480","0","24","24","[]","[]","bounded_search_no_solution_reason_unestablished"
"6","7","en_to_ar","approved-only","true","30.103249999985565","26","36","2000","{""2"":47,""3"":324,""4"":437,""5"":436,""6"":436,""7"":320}","1","0","6","6","[]","[]",""
"6","7","en_to_ar","compatibility","true","3.9275840000191238","26","36","2000","{""2"":207,""3"":359,""4"":359,""5"":359,""6"":358,""7"":358}","1","0","6","6","[]","[]",""
"6","7","ar_to_en","approved-only","false","3002.269874999998","0","0","1128","{""2"":15,""3"":120,""4"":269,""5"":266,""6"":239,""7"":219}","24","107","24","24","[]","[]","solver_deadline_observed_root_cause_unestablished"
"6","7","ar_to_en","compatibility","true","5.288417000003392","22","41","2000","{""2"":47,""3"":391,""4"":391,""5"":391,""6"":390,""7"":390}","1","0","24","24","[]","[]",""
"6","9","en_to_ar","approved-only","true","7.113291999994544","42","59","2000","{""2"":50,""3"":342,""4"":342,""5"":342,""6"":341,""7"":341,""8"":167,""9"":75}","1","0","6","6","[]","[]",""
"6","9","en_to_ar","compatibility","true","7.79520799999591","42","59","2000","{""2"":220,""3"":255,""4"":255,""5"":254,""6"":254,""7"":254,""8"":254,""9"":254}","1","0","6","6","[]","[]",""
"6","9","ar_to_en","approved-only","false","3990.528166999982","0","0","1373","{""2"":15,""3"":120,""4"":269,""5"":266,""6"":239,""7"":219,""8"":167,""9"":78}","142","47","24","24","[]","[]","solver_deadline_observed_root_cause_unestablished"
"6","9","ar_to_en","compatibility","true","204.2952079999959","32","64","4000","{""2"":47,""3"":565,""4"":565,""5"":565,""6"":565,""7"":565,""8"":564,""9"":564}","2","3","24","24","[]","[]",""
"6","11","en_to_ar","approved-only","false","1803.7095419999969","0","0","2000","{""2"":50,""3"":329,""4"":330,""5"":329,""6"":329,""7"":329,""8"":178,""9"":88,""10"":22,""11"":16}","2","32","6","6","[]","[]","solver_deadline_observed_root_cause_unestablished"
"6","11","en_to_ar","compatibility","true","12.72112499998184","60","85","2000","{""2"":200,""3"":200,""4"":200,""5"":200,""6"":200,""7"":200,""8"":200,""9"":200,""10"":200,""11"":200}","1","0","6","6","[]","[]",""
"6","11","ar_to_en","approved-only","false","4424.60716699998","0","0","1455","{""2"":15,""3"":120,""4"":269,""5"":266,""6"":239,""7"":219,""8"":167,""9"":78,""10"":54,""11"":28}","390","34","24","24","[]","[]","solver_deadline_observed_root_cause_unestablished"
"6","11","ar_to_en","compatibility","true","2691.3956670000043","42","90","6000","{""2"":47,""3"":630,""4"":666,""5"":666,""6"":666,""7"":665,""8"":665,""9"":665,""10"":665,""11"":665}","15","87","24","24","[]","[]",""
"6","13","en_to_ar","approved-only","false","1807.1364999999932","0","0","2000","{""2"":50,""3"":324,""4"":325,""5"":324,""6"":324,""7"":324,""8"":180,""9"":94,""10"":24,""11"":16,""12"":13,""13"":2}","2","40","6","6","[]","[]","solver_deadline_observed_root_cause_unestablished"
"6","13","en_to_ar","compatibility","true","54.389583000011044","84","120","2000","{""2"":172,""3"":172,""4"":173,""5"":173,""6"":173,""7"":173,""8"":173,""9"":172,""10"":172,""11"":172,""12"":172,""13"":103}","1","0","6","6","[]","[]",""
"6","13","ar_to_en","approved-only","false","2136.318874999997","0","0","1477","{""2"":15,""3"":120,""4"":269,""5"":266,""6"":239,""7"":219,""8"":167,""9"":78,""10"":54,""11"":28,""12"":14,""13"":8}","480","0","24","24","[]","[]","bounded_search_no_solution_reason_unestablished"
"6","13","ar_to_en","compatibility","true","453.20000000001164","62","133","6000","{""2"":47,""3"":599,""4"":600,""5"":600,""6"":600,""7"":600,""8"":600,""9"":600,""10"":600,""11"":599,""12"":363,""13"":192}","3","16","24","24","[]","[]",""
"7","7","en_to_ar","compatibility","true","4.149166999995941","26","36","2000","{""2"":207,""3"":359,""4"":359,""5"":359,""6"":358,""7"":358}","1","0","6","6","[]","[]",""
"7","7","en_to_ar","approved-only","true","3.6593749999883585","26","36","2000","{""2"":47,""3"":324,""4"":437,""5"":436,""6"":436,""7"":320}","1","0","6","6","[]","[]",""
"7","7","ar_to_en","compatibility","true","4.717208999994909","22","41","2000","{""2"":47,""3"":391,""4"":391,""5"":391,""6"":390,""7"":390}","1","0","24","24","[]","[]",""
"7","7","ar_to_en","approved-only","false","3002.4215419999964","0","0","1128","{""2"":15,""3"":120,""4"":269,""5"":266,""6"":239,""7"":219}","24","114","24","24","[]","[]","solver_deadline_observed_root_cause_unestablished"
"7","9","en_to_ar","compatibility","true","8.571583999990253","42","57","2000","{""2"":220,""3"":255,""4"":255,""5"":254,""6"":254,""7"":254,""8"":254,""9"":254}","1","0","6","6","[]","[]",""
"7","9","en_to_ar","approved-only","false","1703.044750000001","0","0","2000","{""2"":50,""3"":342,""4"":342,""5"":342,""6"":341,""7"":341,""8"":167,""9"":75}","2","35","6","6","[]","[]","solver_deadline_observed_root_cause_unestablished"
"7","9","ar_to_en","compatibility","true","1026.5262499999953","32","64","4000","{""2"":47,""3"":565,""4"":565,""5"":565,""6"":565,""7"":565,""8"":564,""9"":564}","7","20","24","24","[]","[]",""
"7","9","ar_to_en","approved-only","false","3990.346125000011","0","0","1373","{""2"":15,""3"":120,""4"":269,""5"":266,""6"":239,""7"":219,""8"":167,""9"":78}","154","47","24","24","[]","[]","solver_deadline_observed_root_cause_unestablished"
"7","11","en_to_ar","compatibility","true","17.61545800001477","60","85","2000","{""2"":200,""3"":200,""4"":200,""5"":200,""6"":200,""7"":200,""8"":200,""9"":200,""10"":200,""11"":200}","1","0","6","6","[]","[]",""
"7","11","en_to_ar","approved-only","false","1804.0274590000045","0","0","2000","{""2"":50,""3"":329,""4"":330,""5"":329,""6"":329,""7"":329,""8"":178,""9"":88,""10"":22,""11"":16}","2","45","6","6","[]","[]","solver_deadline_observed_root_cause_unestablished"
"7","11","ar_to_en","compatibility","true","1733.0658750000002","42","91","6000","{""2"":47,""3"":630,""4"":666,""5"":666,""6"":666,""7"":665,""8"":665,""9"":665,""10"":665,""11"":665}","10","49","24","24","[]","[]",""
"7","11","ar_to_en","approved-only","false","4428.41958300001","0","0","1455","{""2"":15,""3"":120,""4"":269,""5"":266,""6"":239,""7"":219,""8"":167,""9"":78,""10"":54,""11"":28}","379","37","24","24","[]","[]","solver_deadline_observed_root_cause_unestablished"
"7","13","en_to_ar","compatibility","true","53.904083000001265","80","120","2000","{""2"":172,""3"":172,""4"":173,""5"":173,""6"":173,""7"":173,""8"":173,""9"":172,""10"":172,""11"":172,""12"":172,""13"":103}","1","0","6","6","[]","[]",""
"7","13","en_to_ar","approved-only","false","1806.1742089999898","0","0","2000","{""2"":50,""3"":324,""4"":325,""5"":324,""6"":324,""7"":324,""8"":180,""9"":94,""10"":24,""11"":16,""12"":13,""13"":2}","2","35","6","6","[]","[]","solver_deadline_observed_root_cause_unestablished"
"7","13","ar_to_en","compatibility","false","4517.277374999976","0","0","6000","{""2"":47,""3"":599,""4"":600,""5"":600,""6"":600,""7"":600,""8"":600,""9"":600,""10"":600,""11"":599,""12"":363,""13"":192}","24","138","24","24","[]","[]","solver_deadline_observed_root_cause_unestablished"
"7","13","ar_to_en","approved-only","false","2324.1769159999967","0","0","1477","{""2"":15,""3"":120,""4"":269,""5"":266,""6"":239,""7"":219,""8"":167,""9"":78,""10"":54,""11"":28,""12"":14,""13"":8}","480","0","24","24","[]","[]","bounded_search_no_solution_reason_unestablished"
"8","7","en_to_ar","approved-only","true","3.3019579999963753","25","35","2000","{""2"":47,""3"":324,""4"":437,""5"":436,""6"":436,""7"":320}","1","0","6","6","[]","[]",""
"8","7","en_to_ar","compatibility","true","4.705584000010276","25","35","2000","{""2"":207,""3"":359,""4"":359,""5"":359,""6"":358,""7"":358}","1","0","6","6","[]","[]",""
"8","7","ar_to_en","approved-only","false","3002.2865000000165","0","0","1128","{""2"":15,""3"":120,""4"":269,""5"":266,""6"":239,""7"":219}","24","135","24","24","[]","[]","solver_deadline_observed_root_cause_unestablished"
"8","7","ar_to_en","compatibility","true","130.4157089999935","22","41","2000","{""2"":47,""3"":391,""4"":391,""5"":391,""6"":390,""7"":390}","2","7","24","24","[]","[]",""
"8","9","en_to_ar","approved-only","false","1702.655208000011","0","0","2000","{""2"":50,""3"":342,""4"":342,""5"":342,""6"":341,""7"":341,""8"":167,""9"":75}","2","24","6","6","[]","[]","solver_deadline_observed_root_cause_unestablished"
"8","9","en_to_ar","compatibility","true","5.600917000003392","42","60","2000","{""2"":220,""3"":255,""4"":255,""5"":254,""6"":254,""7"":254,""8"":254,""9"":254}","1","0","6","6","[]","[]",""
"8","9","ar_to_en","approved-only","false","3990.732875000016","0","0","1373","{""2"":15,""3"":120,""4"":269,""5"":266,""6"":239,""7"":219,""8"":167,""9"":78}","137","48","24","24","[]","[]","solver_deadline_observed_root_cause_unestablished"
"8","9","ar_to_en","compatibility","true","529.3914579999982","31","65","4000","{""2"":47,""3"":565,""4"":565,""5"":565,""6"":565,""7"":565,""8"":564,""9"":564}","4","9","24","24","[]","[]",""
"8","11","en_to_ar","approved-only","false","1803.8374590000021","0","0","2000","{""2"":50,""3"":329,""4"":330,""5"":329,""6"":329,""7"":329,""8"":178,""9"":88,""10"":22,""11"":16}","2","53","6","6","[]","[]","solver_deadline_observed_root_cause_unestablished"
"8","11","en_to_ar","compatibility","true","11.814332999987528","58","86","2000","{""2"":200,""3"":200,""4"":200,""5"":200,""6"":200,""7"":200,""8"":200,""9"":200,""10"":200,""11"":200}","1","0","6","6","[]","[]",""
"8","11","ar_to_en","approved-only","false","4389.069749999995","0","0","1455","{""2"":15,""3"":120,""4"":269,""5"":266,""6"":239,""7"":219,""8"":167,""9"":78,""10"":54,""11"":28}","374","35","24","24","[]","[]","solver_deadline_observed_root_cause_unestablished"
"8","11","ar_to_en","compatibility","true","1761.7296670000069","46","92","6000","{""2"":47,""3"":630,""4"":666,""5"":666,""6"":666,""7"":665,""8"":665,""9"":665,""10"":665,""11"":665}","10","34","24","24","[]","[]",""
"8","13","en_to_ar","approved-only","true","178.17612499999814","80","119","2000","{""2"":50,""3"":324,""4"":325,""5"":324,""6"":324,""7"":324,""8"":180,""9"":94,""10"":24,""11"":16,""12"":13,""13"":2}","21","0","6","6","[]","[]",""
"8","13","en_to_ar","compatibility","true","53.13695899999584","83","119","2000","{""2"":172,""3"":172,""4"":173,""5"":173,""6"":173,""7"":173,""8"":173,""9"":172,""10"":172,""11"":172,""12"":172,""13"":103}","1","0","6","6","[]","[]",""
"8","13","ar_to_en","approved-only","false","2204.126332999993","0","0","1477","{""2"":15,""3"":120,""4"":269,""5"":266,""6"":239,""7"":219,""8"":167,""9"":78,""10"":54,""11"":28,""12"":14,""13"":8}","480","0","24","24","[]","[]","bounded_search_no_solution_reason_unestablished"
"8","13","ar_to_en","compatibility","false","4516.874458999984","0","0","6000","{""2"":47,""3"":599,""4"":600,""5"":600,""6"":600,""7"":600,""8"":600,""9"":600,""10"":600,""11"":599,""12"":363,""13"":192}","24","144","24","24","[]","[]","solver_deadline_observed_root_cause_unestablished"
"9","7","en_to_ar","compatibility","true","4.3116250000020955","25","35","2000","{""2"":207,""3"":359,""4"":359,""5"":359,""6"":358,""7"":358}","1","0","6","6","[]","[]",""
"9","7","en_to_ar","approved-only","true","4.295416999986628","25","35","2000","{""2"":47,""3"":324,""4"":437,""5"":436,""6"":436,""7"":320}","1","0","6","6","[]","[]",""
"9","7","ar_to_en","compatibility","true","38.37808299998869","22","41","2000","{""2"":47,""3"":391,""4"":391,""5"":391,""6"":390,""7"":390}","1","0","24","24","[]","[]",""
"9","7","ar_to_en","approved-only","false","3002.4273340000072","0","0","1128","{""2"":15,""3"":120,""4"":269,""5"":266,""6"":239,""7"":219}","24","119","24","24","[]","[]","solver_deadline_observed_root_cause_unestablished"
"9","9","en_to_ar","compatibility","true","6.841542000009213","44","60","2000","{""2"":220,""3"":255,""4"":255,""5"":254,""6"":254,""7"":254,""8"":254,""9"":254}","1","0","6","6","[]","[]",""
"9","9","en_to_ar","approved-only","true","1109.274665999983","44","60","2000","{""2"":50,""3"":342,""4"":342,""5"":342,""6"":341,""7"":341,""8"":167,""9"":75}","2","13","6","6","[]","[]",""
"9","9","ar_to_en","compatibility","true","209.71812500001397","32","64","4000","{""2"":47,""3"":565,""4"":565,""5"":565,""6"":565,""7"":565,""8"":564,""9"":564}","2","3","24","24","[]","[]",""
"9","9","ar_to_en","approved-only","false","3991.329458000022","0","0","1373","{""2"":15,""3"":120,""4"":269,""5"":266,""6"":239,""7"":219,""8"":167,""9"":78}","156","43","24","24","[]","[]","solver_deadline_observed_root_cause_unestablished"
"9","11","en_to_ar","compatibility","true","1094.9833750000107","58","85","2000","{""2"":200,""3"":200,""4"":200,""5"":200,""6"":200,""7"":200,""8"":200,""9"":200,""10"":200,""11"":200}","2","33","6","6","[]","[]",""
"9","11","en_to_ar","approved-only","false","1804.2848330000124","0","0","2000","{""2"":50,""3"":329,""4"":330,""5"":329,""6"":329,""7"":329,""8"":178,""9"":88,""10"":22,""11"":16}","2","30","6","6","[]","[]","solver_deadline_observed_root_cause_unestablished"
"9","11","ar_to_en","compatibility","true","71.93254199999501","48","99","6000","{""2"":47,""3"":630,""4"":666,""5"":666,""6"":666,""7"":665,""8"":665,""9"":665,""10"":665,""11"":665}","1","0","24","24","[]","[]",""
"9","11","ar_to_en","approved-only","false","4501.309917000006","0","0","1455","{""2"":15,""3"":120,""4"":269,""5"":266,""6"":239,""7"":219,""8"":167,""9"":78,""10"":54,""11"":28}","358","41","24","24","[]","[]","solver_deadline_observed_root_cause_unestablished"
"9","13","en_to_ar","compatibility","true","60.555374999996275","82","119","2000","{""2"":172,""3"":172,""4"":173,""5"":173,""6"":173,""7"":173,""8"":173,""9"":172,""10"":172,""11"":172,""12"":172,""13"":103}","1","0","6","6","[]","[]",""
"9","13","en_to_ar","approved-only","false","1805.2855419999978","0","0","2000","{""2"":50,""3"":324,""4"":325,""5"":324,""6"":324,""7"":324,""8"":180,""9"":94,""10"":24,""11"":16,""12"":13,""13"":2}","2","43","6","6","[]","[]","solver_deadline_observed_root_cause_unestablished"
"9","13","ar_to_en","compatibility","true","2312.7632079999894","62","127","6000","{""2"":47,""3"":599,""4"":600,""5"":600,""6"":600,""7"":600,""8"":600,""9"":600,""10"":600,""11"":599,""12"":363,""13"":192}","13","61","24","24","[]","[]",""
"9","13","ar_to_en","approved-only","false","2516.4395420000073","0","0","1477","{""2"":15,""3"":120,""4"":269,""5"":266,""6"":239,""7"":219,""8"":167,""9"":78,""10"":54,""11"":28,""12"":14,""13"":8}","480","0","24","24","[]","[]","bounded_search_no_solution_reason_unestablished"
"10","7","en_to_ar","approved-only","true","8.332291999977315","25","35","2000","{""2"":47,""3"":324,""4"":437,""5"":436,""6"":436,""7"":320}","1","0","6","6","[]","[]",""
"10","7","en_to_ar","compatibility","true","3.8439589999907184","25","35","2000","{""2"":207,""3"":359,""4"":359,""5"":359,""6"":358,""7"":358}","1","0","6","6","[]","[]",""
"10","7","ar_to_en","approved-only","false","3002.3616250000196","0","0","1128","{""2"":15,""3"":120,""4"":269,""5"":266,""6"":239,""7"":219}","24","117","24","24","[]","[]","solver_deadline_observed_root_cause_unestablished"
"10","7","ar_to_en","compatibility","true","5.554333999985829","22","41","2000","{""2"":47,""3"":391,""4"":391,""5"":391,""6"":390,""7"":390}","1","0","24","24","[]","[]",""
"10","9","en_to_ar","approved-only","true","860.6989999999932","40","57","2000","{""2"":50,""3"":342,""4"":342,""5"":342,""6"":341,""7"":341,""8"":167,""9"":75}","2","25","6","6","[]","[]",""
"10","9","en_to_ar","compatibility","true","4.791207999980543","40","57","2000","{""2"":220,""3"":255,""4"":255,""5"":254,""6"":254,""7"":254,""8"":254,""9"":254}","1","0","6","6","[]","[]",""
"10","9","ar_to_en","approved-only","false","3990.7656669999997","0","0","1373","{""2"":15,""3"":120,""4"":269,""5"":266,""6"":239,""7"":219,""8"":167,""9"":78}","121","47","24","24","[]","[]","solver_deadline_observed_root_cause_unestablished"
"10","9","ar_to_en","compatibility","true","367.4719590000168","32","64","4000","{""2"":47,""3"":565,""4"":565,""5"":565,""6"":565,""7"":565,""8"":564,""9"":564}","3","9","24","24","[]","[]",""
"10","11","en_to_ar","approved-only","false","1803.326457999996","0","0","2000","{""2"":50,""3"":329,""4"":330,""5"":329,""6"":329,""7"":329,""8"":178,""9"":88,""10"":22,""11"":16}","2","55","6","6","[]","[]","solver_deadline_observed_root_cause_unestablished"
"10","11","en_to_ar","compatibility","true","11.147041999996873","62","85","2000","{""2"":200,""3"":200,""4"":200,""5"":200,""6"":200,""7"":200,""8"":200,""9"":200,""10"":200,""11"":200}","1","0","6","6","[]","[]",""
"10","11","ar_to_en","approved-only","false","4371.818457999994","0","0","1455","{""2"":15,""3"":120,""4"":269,""5"":266,""6"":239,""7"":219,""8"":167,""9"":78,""10"":54,""11"":28}","365","37","24","24","[]","[]","solver_deadline_observed_root_cause_unestablished"
"10","11","ar_to_en","compatibility","true","70.12900000001537","48","99","6000","{""2"":47,""3"":630,""4"":666,""5"":666,""6"":666,""7"":665,""8"":665,""9"":665,""10"":665,""11"":665}","1","0","24","24","[]","[]",""
"10","13","en_to_ar","approved-only","false","1806.5979999999981","0","0","2000","{""2"":50,""3"":324,""4"":325,""5"":324,""6"":324,""7"":324,""8"":180,""9"":94,""10"":24,""11"":16,""12"":13,""13"":2}","2","46","6","6","[]","[]","solver_deadline_observed_root_cause_unestablished"
"10","13","en_to_ar","compatibility","true","64.56308399999398","88","120","2000","{""2"":172,""3"":172,""4"":173,""5"":173,""6"":173,""7"":173,""8"":173,""9"":172,""10"":172,""11"":172,""12"":172,""13"":103}","1","0","6","6","[]","[]",""
"10","13","ar_to_en","approved-only","false","2472.7319159999897","0","0","1477","{""2"":15,""3"":120,""4"":269,""5"":266,""6"":239,""7"":219,""8"":167,""9"":78,""10"":54,""11"":28,""12"":14,""13"":8}","480","0","24","24","[]","[]","bounded_search_no_solution_reason_unestablished"
"10","13","ar_to_en","compatibility","true","103.96212499999092","64","131","6000","{""2"":47,""3"":599,""4"":600,""5"":600,""6"":600,""7"":600,""8"":600,""9"":600,""10"":600,""11"":599,""12"":363,""13"":192}","1","0","24","24","[]","[]",""
"11","7","en_to_ar","compatibility","true","4.150250000006054","26","36","2000","{""2"":207,""3"":359,""4"":359,""5"":359,""6"":358,""7"":358}","1","0","6","6","[]","[]",""
"11","7","en_to_ar","approved-only","true","3.9887500000186265","26","36","2000","{""2"":47,""3"":324,""4"":437,""5"":436,""6"":436,""7"":320}","1","0","6","6","[]","[]",""
"11","7","ar_to_en","compatibility","true","6.105167000001529","22","41","2000","{""2"":47,""3"":391,""4"":391,""5"":391,""6"":390,""7"":390}","1","0","24","24","[]","[]",""
"11","7","ar_to_en","approved-only","false","3002.101041999995","0","0","1128","{""2"":15,""3"":120,""4"":269,""5"":266,""6"":239,""7"":219}","24","132","24","24","[]","[]","solver_deadline_observed_root_cause_unestablished"
"11","9","en_to_ar","compatibility","true","9.735916999983601","40","57","2000","{""2"":220,""3"":255,""4"":255,""5"":254,""6"":254,""7"":254,""8"":254,""9"":254}","1","0","6","6","[]","[]",""
"11","9","en_to_ar","approved-only","true","359.4162500000093","40","57","2000","{""2"":50,""3"":342,""4"":342,""5"":342,""6"":341,""7"":341,""8"":167,""9"":75}","1","0","6","6","[]","[]",""
"11","9","ar_to_en","compatibility","true","531.437333000009","32","64","4000","{""2"":47,""3"":565,""4"":565,""5"":565,""6"":565,""7"":565,""8"":564,""9"":564}","4","16","24","24","[]","[]",""
"11","9","ar_to_en","approved-only","false","3990.9052920000104","0","0","1373","{""2"":15,""3"":120,""4"":269,""5"":266,""6"":239,""7"":219,""8"":167,""9"":78}","140","45","24","24","[]","[]","solver_deadline_observed_root_cause_unestablished"
"11","11","en_to_ar","compatibility","true","1023.1726659999986","58","85","2000","{""2"":200,""3"":200,""4"":200,""5"":200,""6"":200,""7"":200,""8"":200,""9"":200,""10"":200,""11"":200}","2","33","6","6","[]","[]",""
"11","11","en_to_ar","approved-only","false","1802.8544170000241","0","0","2000","{""2"":50,""3"":329,""4"":330,""5"":329,""6"":329,""7"":329,""8"":178,""9"":88,""10"":22,""11"":16}","2","41","6","6","[]","[]","solver_deadline_observed_root_cause_unestablished"
"11","11","ar_to_en","compatibility","true","190.36858300000313","44","99","6000","{""2"":47,""3"":630,""4"":666,""5"":666,""6"":666,""7"":665,""8"":665,""9"":665,""10"":665,""11"":665}","1","0","24","24","[]","[]",""
"11","11","ar_to_en","approved-only","false","4384.857166000002","0","0","1455","{""2"":15,""3"":120,""4"":269,""5"":266,""6"":239,""7"":219,""8"":167,""9"":78,""10"":54,""11"":28}","368","37","24","24","[]","[]","solver_deadline_observed_root_cause_unestablished"
"11","13","en_to_ar","compatibility","true","57.71183300000848","84","119","2000","{""2"":172,""3"":172,""4"":173,""5"":173,""6"":173,""7"":173,""8"":173,""9"":172,""10"":172,""11"":172,""12"":172,""13"":103}","1","0","6","6","[]","[]",""
"11","13","en_to_ar","approved-only","false","1806.3458329999703","0","0","2000","{""2"":50,""3"":324,""4"":325,""5"":324,""6"":324,""7"":324,""8"":180,""9"":94,""10"":24,""11"":16,""12"":13,""13"":2}","2","31","6","6","[]","[]","solver_deadline_observed_root_cause_unestablished"
"11","13","ar_to_en","compatibility","true","1783.8017499999842","64","127","6000","{""2"":47,""3"":599,""4"":600,""5"":600,""6"":600,""7"":600,""8"":600,""9"":600,""10"":600,""11"":599,""12"":363,""13"":192}","10","46","24","24","[]","[]",""
"11","13","ar_to_en","approved-only","false","2439.1879999999655","0","0","1477","{""2"":15,""3"":120,""4"":269,""5"":266,""6"":239,""7"":219,""8"":167,""9"":78,""10"":54,""11"":28,""12"":14,""13"":8}","480","0","24","24","[]","[]","bounded_search_no_solution_reason_unestablished"
"12","7","en_to_ar","approved-only","true","781.7404170000227","24","38","2000","{""2"":47,""3"":324,""4"":437,""5"":436,""6"":436,""7"":320}","2","10","6","6","[]","[]",""
"12","7","en_to_ar","compatibility","true","2.7303330000140704","24","38","2000","{""2"":207,""3"":359,""4"":359,""5"":359,""6"":358,""7"":358}","1","0","6","6","[]","[]",""
"12","7","ar_to_en","approved-only","false","3002.240125000011","0","0","1128","{""2"":15,""3"":120,""4"":269,""5"":266,""6"":239,""7"":219}","24","131","24","24","[]","[]","solver_deadline_observed_root_cause_unestablished"
"12","7","ar_to_en","compatibility","true","130.15037499996834","22","41","2000","{""2"":47,""3"":391,""4"":391,""5"":391,""6"":390,""7"":390}","2","9","24","24","[]","[]",""
"12","9","en_to_ar","approved-only","false","1702.4136659999494","0","0","2000","{""2"":50,""3"":342,""4"":342,""5"":342,""6"":341,""7"":341,""8"":167,""9"":75}","2","37","6","6","[]","[]","solver_deadline_observed_root_cause_unestablished"
"12","9","en_to_ar","compatibility","true","5.7910419999971054","42","57","2000","{""2"":220,""3"":255,""4"":255,""5"":254,""6"":254,""7"":254,""8"":254,""9"":254}","1","0","6","6","[]","[]",""
"12","9","ar_to_en","approved-only","false","3990.515333999996","0","0","1373","{""2"":15,""3"":120,""4"":269,""5"":266,""6"":239,""7"":219,""8"":167,""9"":78}","129","44","24","24","[]","[]","solver_deadline_observed_root_cause_unestablished"
"12","9","ar_to_en","compatibility","true","367.1244159999769","32","64","4000","{""2"":47,""3"":565,""4"":565,""5"":565,""6"":565,""7"":565,""8"":564,""9"":564}","3","11","24","24","[]","[]",""
"12","11","en_to_ar","approved-only","false","1804.1302920000162","0","0","2000","{""2"":50,""3"":329,""4"":330,""5"":329,""6"":329,""7"":329,""8"":178,""9"":88,""10"":22,""11"":16}","2","54","6","6","[]","[]","solver_deadline_observed_root_cause_unestablished"
"12","11","en_to_ar","compatibility","true","15.398167000035755","57","85","2000","{""2"":200,""3"":200,""4"":200,""5"":200,""6"":200,""7"":200,""8"":200,""9"":200,""10"":200,""11"":200}","1","0","6","6","[]","[]",""
"12","11","ar_to_en","approved-only","false","4414.307291999983","0","0","1455","{""2"":15,""3"":120,""4"":269,""5"":266,""6"":239,""7"":219,""8"":167,""9"":78,""10"":54,""11"":28}","374","36","24","24","[]","[]","solver_deadline_observed_root_cause_unestablished"
"12","11","ar_to_en","compatibility","true","1413.2816250000033","42","95","6000","{""2"":47,""3"":630,""4"":666,""5"":666,""6"":666,""7"":665,""8"":665,""9"":665,""10"":665,""11"":665}","8","45","24","24","[]","[]",""
"12","13","en_to_ar","approved-only","false","1806.2992499999818","0","0","2000","{""2"":50,""3"":324,""4"":325,""5"":324,""6"":324,""7"":324,""8"":180,""9"":94,""10"":24,""11"":16,""12"":13,""13"":2}","2","41","6","6","[]","[]","solver_deadline_observed_root_cause_unestablished"
"12","13","en_to_ar","compatibility","true","54.06608399999095","82","119","2000","{""2"":172,""3"":172,""4"":173,""5"":173,""6"":173,""7"":173,""8"":173,""9"":172,""10"":172,""11"":172,""12"":172,""13"":103}","1","0","6","6","[]","[]",""
"12","13","ar_to_en","approved-only","false","2405.3845420000143","0","0","1477","{""2"":15,""3"":120,""4"":269,""5"":266,""6"":239,""7"":219,""8"":167,""9"":78,""10"":54,""11"":28,""12"":14,""13"":8}","480","0","24","24","[]","[]","bounded_search_no_solution_reason_unestablished"
"12","13","ar_to_en","compatibility","true","449.8635420000064","66","129","6000","{""2"":47,""3"":599,""4"":600,""5"":600,""6"":600,""7"":600,""8"":600,""9"":600,""10"":600,""11"":599,""12"":363,""13"":192}","3","7","24","24","[]","[]",""
"13","7","en_to_ar","compatibility","true","3.7808749999967404","25","35","2000","{""2"":207,""3"":359,""4"":359,""5"":359,""6"":358,""7"":358}","1","0","6","6","[]","[]",""
"13","7","en_to_ar","approved-only","true","2.2544590000179596","25","35","2000","{""2"":47,""3"":324,""4"":437,""5"":436,""6"":436,""7"":320}","1","0","6","6","[]","[]",""
"13","7","ar_to_en","compatibility","true","4.71979200001806","22","41","2000","{""2"":47,""3"":391,""4"":391,""5"":391,""6"":390,""7"":390}","1","0","24","24","[]","[]",""
"13","7","ar_to_en","approved-only","false","3002.0642080000252","0","0","1128","{""2"":15,""3"":120,""4"":269,""5"":266,""6"":239,""7"":219}","24","133","24","24","[]","[]","solver_deadline_observed_root_cause_unestablished"
"13","9","en_to_ar","compatibility","true","6.644209000049159","42","59","2000","{""2"":220,""3"":255,""4"":255,""5"":254,""6"":254,""7"":254,""8"":254,""9"":254}","1","0","6","6","[]","[]",""
"13","9","en_to_ar","approved-only","false","1702.5060420000227","0","0","2000","{""2"":50,""3"":342,""4"":342,""5"":342,""6"":341,""7"":341,""8"":167,""9"":75}","2","31","6","6","[]","[]","solver_deadline_observed_root_cause_unestablished"
"13","9","ar_to_en","compatibility","true","697.6405420000083","32","64","4000","{""2"":47,""3"":565,""4"":565,""5"":565,""6"":565,""7"":565,""8"":564,""9"":564}","5","15","24","24","[]","[]",""
"13","9","ar_to_en","approved-only","false","3990.6570409999695","0","0","1373","{""2"":15,""3"":120,""4"":269,""5"":266,""6"":239,""7"":219,""8"":167,""9"":78}","131","46","24","24","[]","[]","solver_deadline_observed_root_cause_unestablished"
"13","11","en_to_ar","compatibility","true","23.89458399999421","59","85","2000","{""2"":200,""3"":200,""4"":200,""5"":200,""6"":200,""7"":200,""8"":200,""9"":200,""10"":200,""11"":200}","1","0","6","6","[]","[]",""
"13","11","en_to_ar","approved-only","false","1804.8284579999745","0","0","2000","{""2"":50,""3"":329,""4"":330,""5"":329,""6"":329,""7"":329,""8"":178,""9"":88,""10"":22,""11"":16}","2","35","6","6","[]","[]","solver_deadline_observed_root_cause_unestablished"
"13","11","ar_to_en","compatibility","true","76.43679200002225","48","99","6000","{""2"":47,""3"":630,""4"":666,""5"":666,""6"":666,""7"":665,""8"":665,""9"":665,""10"":665,""11"":665}","1","0","24","24","[]","[]",""
"13","11","ar_to_en","approved-only","false","4449.771166999999","0","0","1455","{""2"":15,""3"":120,""4"":269,""5"":266,""6"":239,""7"":219,""8"":167,""9"":78,""10"":54,""11"":28}","381","36","24","24","[]","[]","solver_deadline_observed_root_cause_unestablished"
"13","13","en_to_ar","compatibility","true","59.59591700002784","84","120","2000","{""2"":172,""3"":172,""4"":173,""5"":173,""6"":173,""7"":173,""8"":173,""9"":172,""10"":172,""11"":172,""12"":172,""13"":103}","1","0","6","6","[]","[]",""
"13","13","en_to_ar","approved-only","false","1805.5917090000003","0","0","2000","{""2"":50,""3"":324,""4"":325,""5"":324,""6"":324,""7"":324,""8"":180,""9"":94,""10"":24,""11"":16,""12"":13,""13"":2}","22","20","6","6","[]","[]","solver_deadline_observed_root_cause_unestablished"
"13","13","ar_to_en","compatibility","true","644.1518749999814","62","132","6000","{""2"":47,""3"":599,""4"":600,""5"":600,""6"":600,""7"":600,""8"":600,""9"":600,""10"":600,""11"":599,""12"":363,""13"":192}","4","24","24","24","[]","[]",""
"13","13","ar_to_en","approved-only","false","2495.8652920000022","0","0","1477","{""2"":15,""3"":120,""4"":269,""5"":266,""6"":239,""7"":219,""8"":167,""9"":78,""10"":54,""11"":28,""12"":14,""13"":8}","480","0","24","24","[]","[]","bounded_search_no_solution_reason_unestablished"
"14","7","en_to_ar","approved-only","false","1101.475625000021","0","0","2000","{""2"":47,""3"":324,""4"":437,""5"":436,""6"":436,""7"":320}","3","32","6","6","[]","[]","solver_deadline_observed_root_cause_unestablished"
"14","7","en_to_ar","compatibility","true","5.289332999964245","24","36","2000","{""2"":207,""3"":359,""4"":359,""5"":359,""6"":358,""7"":358}","1","0","6","6","[]","[]",""
"14","7","ar_to_en","approved-only","false","3002.2037080000155","0","0","1128","{""2"":15,""3"":120,""4"":269,""5"":266,""6"":239,""7"":219}","24","117","24","24","[]","[]","solver_deadline_observed_root_cause_unestablished"
"14","7","ar_to_en","compatibility","true","6.1177909999969415","22","41","2000","{""2"":47,""3"":391,""4"":391,""5"":391,""6"":390,""7"":390}","1","0","24","24","[]","[]",""
"14","9","en_to_ar","approved-only","true","878.7912500000093","43","57","2000","{""2"":50,""3"":342,""4"":342,""5"":342,""6"":341,""7"":341,""8"":167,""9"":75}","2","25","6","6","[]","[]",""
"14","9","en_to_ar","compatibility","true","5.339166000019759","43","57","2000","{""2"":220,""3"":255,""4"":255,""5"":254,""6"":254,""7"":254,""8"":254,""9"":254}","1","0","6","6","[]","[]",""
"14","9","ar_to_en","approved-only","false","3990.5667080000276","0","0","1373","{""2"":15,""3"":120,""4"":269,""5"":266,""6"":239,""7"":219,""8"":167,""9"":78}","147","47","24","24","[]","[]","solver_deadline_observed_root_cause_unestablished"
"14","9","ar_to_en","compatibility","true","643.9135829999577","30","66","4000","{""2"":47,""3"":565,""4"":565,""5"":565,""6"":565,""7"":565,""8"":564,""9"":564}","4","11","24","24","[]","[]",""
"14","11","en_to_ar","approved-only","false","1803.956542","0","0","2000","{""2"":50,""3"":329,""4"":330,""5"":329,""6"":329,""7"":329,""8"":178,""9"":88,""10"":22,""11"":16}","2","30","6","6","[]","[]","solver_deadline_observed_root_cause_unestablished"
"14","11","en_to_ar","compatibility","true","11.163249999983236","58","90","2000","{""2"":200,""3"":200,""4"":200,""5"":200,""6"":200,""7"":200,""8"":200,""9"":200,""10"":200,""11"":200}","1","0","6","6","[]","[]",""
"14","11","ar_to_en","approved-only","false","4466.424375000002","0","0","1455","{""2"":15,""3"":120,""4"":269,""5"":266,""6"":239,""7"":219,""8"":167,""9"":78,""10"":54,""11"":28}","352","41","24","24","[]","[]","solver_deadline_observed_root_cause_unestablished"
"14","11","ar_to_en","compatibility","true","118.35804199997801","46","101","6000","{""2"":47,""3"":630,""4"":666,""5"":666,""6"":666,""7"":665,""8"":665,""9"":665,""10"":665,""11"":665}","1","0","24","24","[]","[]",""
"14","13","en_to_ar","approved-only","false","1806.2220830000006","0","0","2000","{""2"":50,""3"":324,""4"":325,""5"":324,""6"":324,""7"":324,""8"":180,""9"":94,""10"":24,""11"":16,""12"":13,""13"":2}","2","17","6","6","[]","[]","solver_deadline_observed_root_cause_unestablished"
"14","13","en_to_ar","compatibility","true","53.60558299999684","80","120","2000","{""2"":172,""3"":172,""4"":173,""5"":173,""6"":173,""7"":173,""8"":173,""9"":172,""10"":172,""11"":172,""12"":172,""13"":103}","1","0","6","6","[]","[]",""
"14","13","ar_to_en","approved-only","false","2345.6442079999833","0","0","1477","{""2"":15,""3"":120,""4"":269,""5"":266,""6"":239,""7"":219,""8"":167,""9"":78,""10"":54,""11"":28,""12"":14,""13"":8}","480","0","24","24","[]","[]","bounded_search_no_solution_reason_unestablished"
"14","13","ar_to_en","compatibility","true","457.1702499999665","64","130","6000","{""2"":47,""3"":599,""4"":600,""5"":600,""6"":600,""7"":600,""8"":600,""9"":600,""10"":600,""11"":599,""12"":363,""13"":192}","3","9","24","24","[]","[]",""
"15","7","en_to_ar","compatibility","true","5.433582999976352","25","37","2000","{""2"":207,""3"":359,""4"":359,""5"":359,""6"":358,""7"":358}","1","0","6","6","[]","[]",""
"15","7","en_to_ar","approved-only","true","34.45425000000978","25","37","2000","{""2"":47,""3"":324,""4"":437,""5"":436,""6"":436,""7"":320}","1","0","6","6","[]","[]",""
"15","7","ar_to_en","compatibility","true","5.198999999964144","22","41","2000","{""2"":47,""3"":391,""4"":391,""5"":391,""6"":390,""7"":390}","1","0","24","24","[]","[]",""
"15","7","ar_to_en","approved-only","false","3002.398375000048","0","0","1128","{""2"":15,""3"":120,""4"":269,""5"":266,""6"":239,""7"":219}","24","109","24","24","[]","[]","solver_deadline_observed_root_cause_unestablished"
"15","9","en_to_ar","compatibility","true","10.92591699998593","42","57","2000","{""2"":220,""3"":255,""4"":255,""5"":254,""6"":254,""7"":254,""8"":254,""9"":254}","1","0","6","6","[]","[]",""
"15","9","en_to_ar","approved-only","true","1078.296457999968","42","57","2000","{""2"":50,""3"":342,""4"":342,""5"":342,""6"":341,""7"":341,""8"":167,""9"":75}","2","13","6","6","[]","[]",""
"15","9","ar_to_en","compatibility","true","468.1792499999865","30","66","4000","{""2"":47,""3"":565,""4"":565,""5"":565,""6"":565,""7"":565,""8"":564,""9"":564}","3","8","24","24","[]","[]",""
"15","9","ar_to_en","approved-only","false","3990.454999999958","0","0","1373","{""2"":15,""3"":120,""4"":269,""5"":266,""6"":239,""7"":219,""8"":167,""9"":78}","151","46","24","24","[]","[]","solver_deadline_observed_root_cause_unestablished"
"15","11","en_to_ar","compatibility","true","12.307916000019759","60","85","2000","{""2"":200,""3"":200,""4"":200,""5"":200,""6"":200,""7"":200,""8"":200,""9"":200,""10"":200,""11"":200}","1","0","6","6","[]","[]",""
"15","11","en_to_ar","approved-only","true","13.95183299999917","60","85","2000","{""2"":50,""3"":329,""4"":330,""5"":329,""6"":329,""7"":329,""8"":178,""9"":88,""10"":22,""11"":16}","1","0","6","6","[]","[]",""
"15","11","ar_to_en","compatibility","true","1949.4412920000032","42","93","6000","{""2"":47,""3"":630,""4"":666,""5"":666,""6"":666,""7"":665,""8"":665,""9"":665,""10"":665,""11"":665}","11","87","24","24","[]","[]",""
"15","11","ar_to_en","approved-only","false","4422.511832999997","0","0","1455","{""2"":15,""3"":120,""4"":269,""5"":266,""6"":239,""7"":219,""8"":167,""9"":78,""10"":54,""11"":28}","369","34","24","24","[]","[]","solver_deadline_observed_root_cause_unestablished"
"15","13","en_to_ar","compatibility","true","40.87575000000652","78","119","2000","{""2"":172,""3"":172,""4"":173,""5"":173,""6"":173,""7"":173,""8"":173,""9"":172,""10"":172,""11"":172,""12"":172,""13"":103}","1","0","6","6","[]","[]",""
"15","13","en_to_ar","approved-only","false","1805.7047079999465","0","0","2000","{""2"":50,""3"":324,""4"":325,""5"":324,""6"":324,""7"":324,""8"":180,""9"":94,""10"":24,""11"":16,""12"":13,""13"":2}","2","21","6","6","[]","[]","solver_deadline_observed_root_cause_unestablished"
"15","13","ar_to_en","compatibility","true","1951.572833000042","61","129","6000","{""2"":47,""3"":599,""4"":600,""5"":600,""6"":600,""7"":600,""8"":600,""9"":600,""10"":600,""11"":599,""12"":363,""13"":192}","11","68","24","24","[]","[]",""
"15","13","ar_to_en","approved-only","false","2510.96987500001","0","0","1477","{""2"":15,""3"":120,""4"":269,""5"":266,""6"":239,""7"":219,""8"":167,""9"":78,""10"":54,""11"":28,""12"":14,""13"":8}","480","0","24","24","[]","[]","bounded_search_no_solution_reason_unestablished"
"16","7","en_to_ar","approved-only","true","3.155583999992814","25","37","2000","{""2"":47,""3"":324,""4"":437,""5"":436,""6"":436,""7"":320}","1","0","6","6","[]","[]",""
"16","7","en_to_ar","compatibility","true","3.9562499999883585","25","37","2000","{""2"":207,""3"":359,""4"":359,""5"":359,""6"":358,""7"":358}","1","0","6","6","[]","[]",""
"16","7","ar_to_en","approved-only","false","3002.101041999995","0","0","1128","{""2"":15,""3"":120,""4"":269,""5"":266,""6"":239,""7"":219}","24","141","24","24","[]","[]","solver_deadline_observed_root_cause_unestablished"
"16","7","ar_to_en","compatibility","true","5.626290999993216","22","41","2000","{""2"":47,""3"":391,""4"":391,""5"":391,""6"":390,""7"":390}","1","0","24","24","[]","[]",""
"16","9","en_to_ar","approved-only","true","1143.3732079999754","44","60","2000","{""2"":50,""3"":342,""4"":342,""5"":342,""6"":341,""7"":341,""8"":167,""9"":75}","2","15","6","6","[]","[]",""
"16","9","en_to_ar","compatibility","true","7.478040999965742","44","60","2000","{""2"":220,""3"":255,""4"":255,""5"":254,""6"":254,""7"":254,""8"":254,""9"":254}","1","0","6","6","[]","[]",""
"16","9","ar_to_en","approved-only","false","3991.171208999993","0","0","1373","{""2"":15,""3"":120,""4"":269,""5"":266,""6"":239,""7"":219,""8"":167,""9"":78}","136","45","24","24","[]","[]","solver_deadline_observed_root_cause_unestablished"
"16","9","ar_to_en","compatibility","true","366.2032499999623","32","64","4000","{""2"":47,""3"":565,""4"":565,""5"":565,""6"":565,""7"":565,""8"":564,""9"":564}","3","6","24","24","[]","[]",""
"16","11","en_to_ar","approved-only","false","1803.9906249999767","0","0","2000","{""2"":50,""3"":329,""4"":330,""5"":329,""6"":329,""7"":329,""8"":178,""9"":88,""10"":22,""11"":16}","2","51","6","6","[]","[]","solver_deadline_observed_root_cause_unestablished"
"16","11","en_to_ar","compatibility","true","69.92404100002022","60","86","2000","{""2"":200,""3"":200,""4"":200,""5"":200,""6"":200,""7"":200,""8"":200,""9"":200,""10"":200,""11"":200}","1","0","6","6","[]","[]",""
"16","11","ar_to_en","approved-only","false","4474.299083999998","0","0","1455","{""2"":15,""3"":120,""4"":269,""5"":266,""6"":239,""7"":219,""8"":167,""9"":78,""10"":54,""11"":28}","367","41","24","24","[]","[]","solver_deadline_observed_root_cause_unestablished"
"16","11","ar_to_en","compatibility","true","122.98229099996388","46","101","6000","{""2"":47,""3"":630,""4"":666,""5"":666,""6"":666,""7"":665,""8"":665,""9"":665,""10"":665,""11"":665}","1","0","24","24","[]","[]",""
"16","13","en_to_ar","approved-only","true","260.41116700001294","80","119","2000","{""2"":50,""3"":324,""4"":325,""5"":324,""6"":324,""7"":324,""8"":180,""9"":94,""10"":24,""11"":16,""12"":13,""13"":2}","41","0","6","6","[]","[]",""
"16","13","en_to_ar","compatibility","true","53.17125000001397","81","119","2000","{""2"":172,""3"":172,""4"":173,""5"":173,""6"":173,""7"":173,""8"":173,""9"":172,""10"":172,""11"":172,""12"":172,""13"":103}","1","0","6","6","[]","[]",""
"16","13","ar_to_en","approved-only","false","2314.2038750000065","0","0","1477","{""2"":15,""3"":120,""4"":269,""5"":266,""6"":239,""7"":219,""8"":167,""9"":78,""10"":54,""11"":28,""12"":14,""13"":8}","480","0","24","24","[]","[]","bounded_search_no_solution_reason_unestablished"
"16","13","ar_to_en","compatibility","true","840.1891250000335","62","129","6000","{""2"":47,""3"":599,""4"":600,""5"":600,""6"":600,""7"":600,""8"":600,""9"":600,""10"":600,""11"":599,""12"":363,""13"":192}","5","32","24","24","[]","[]",""
"17","7","en_to_ar","compatibility","true","3.979125000012573","26","35","2000","{""2"":207,""3"":359,""4"":359,""5"":359,""6"":358,""7"":358}","1","0","6","6","[]","[]",""
"17","7","en_to_ar","approved-only","true","2.77962500002468","26","35","2000","{""2"":47,""3"":324,""4"":437,""5"":436,""6"":436,""7"":320}","1","0","6","6","[]","[]",""
"17","7","ar_to_en","compatibility","true","9.481625000014901","22","41","2000","{""2"":47,""3"":391,""4"":391,""5"":391,""6"":390,""7"":390}","1","0","24","24","[]","[]",""
"17","7","ar_to_en","approved-only","false","3002.3439159999834","0","0","1128","{""2"":15,""3"":120,""4"":269,""5"":266,""6"":239,""7"":219}","24","128","24","24","[]","[]","solver_deadline_observed_root_cause_unestablished"
"17","9","en_to_ar","compatibility","true","7.35795799997868","42","57","2000","{""2"":220,""3"":255,""4"":255,""5"":254,""6"":254,""7"":254,""8"":254,""9"":254}","1","0","6","6","[]","[]",""
"17","9","en_to_ar","approved-only","false","1702.4249169999966","0","0","2000","{""2"":50,""3"":342,""4"":342,""5"":342,""6"":341,""7"":341,""8"":167,""9"":75}","2","37","6","6","[]","[]","solver_deadline_observed_root_cause_unestablished"
"17","9","ar_to_en","compatibility","true","1028.1819590000086","32","64","4000","{""2"":47,""3"":565,""4"":565,""5"":565,""6"":565,""7"":565,""8"":564,""9"":564}","7","22","24","24","[]","[]",""
"17","9","ar_to_en","approved-only","false","3990.4356670000125","0","0","1373","{""2"":15,""3"":120,""4"":269,""5"":266,""6"":239,""7"":219,""8"":167,""9"":78}","140","47","24","24","[]","[]","solver_deadline_observed_root_cause_unestablished"
"17","11","en_to_ar","compatibility","true","17.44266699999571","59","85","2000","{""2"":200,""3"":200,""4"":200,""5"":200,""6"":200,""7"":200,""8"":200,""9"":200,""10"":200,""11"":200}","1","0","6","6","[]","[]",""
"17","11","en_to_ar","approved-only","false","1803.6612920000334","0","0","2000","{""2"":50,""3"":329,""4"":330,""5"":329,""6"":329,""7"":329,""8"":178,""9"":88,""10"":22,""11"":16}","2","49","6","6","[]","[]","solver_deadline_observed_root_cause_unestablished"
"17","11","ar_to_en","compatibility","true","474.54416699998546","44","97","6000","{""2"":47,""3"":630,""4"":666,""5"":666,""6"":666,""7"":665,""8"":665,""9"":665,""10"":665,""11"":665}","3","11","24","24","[]","[]",""
"17","11","ar_to_en","approved-only","false","4441.812582999992","0","0","1455","{""2"":15,""3"":120,""4"":269,""5"":266,""6"":239,""7"":219,""8"":167,""9"":78,""10"":54,""11"":28}","368","38","24","24","[]","[]","solver_deadline_observed_root_cause_unestablished"
"17","13","en_to_ar","compatibility","false","1806.7021669999813","0","0","2000","{""2"":172,""3"":172,""4"":173,""5"":173,""6"":173,""7"":173,""8"":173,""9"":172,""10"":172,""11"":172,""12"":172,""13"":103}","2","19","6","6","[]","[]","solver_deadline_observed_root_cause_unestablished"
"17","13","en_to_ar","approved-only","false","1806.684750000015","0","0","2000","{""2"":50,""3"":324,""4"":325,""5"":324,""6"":324,""7"":324,""8"":180,""9"":94,""10"":24,""11"":16,""12"":13,""13"":2}","2","43","6","6","[]","[]","solver_deadline_observed_root_cause_unestablished"
"17","13","ar_to_en","compatibility","true","488.88275000004796","66","129","6000","{""2"":47,""3"":599,""4"":600,""5"":600,""6"":600,""7"":600,""8"":600,""9"":600,""10"":600,""11"":599,""12"":363,""13"":192}","3","8","24","24","[]","[]",""
"17","13","ar_to_en","approved-only","false","2275.2653750000172","0","0","1477","{""2"":15,""3"":120,""4"":269,""5"":266,""6"":239,""7"":219,""8"":167,""9"":78,""10"":54,""11"":28,""12"":14,""13"":8}","480","0","24","24","[]","[]","bounded_search_no_solution_reason_unestablished"
"18","7","en_to_ar","approved-only","true","24.82254100003047","26","36","2000","{""2"":47,""3"":324,""4"":437,""5"":436,""6"":436,""7"":320}","1","0","6","6","[]","[]",""
"18","7","en_to_ar","compatibility","true","3.724582999944687","26","36","2000","{""2"":207,""3"":359,""4"":359,""5"":359,""6"":358,""7"":358}","1","0","6","6","[]","[]",""
"18","7","ar_to_en","approved-only","false","3002.167625000002","0","0","1128","{""2"":15,""3"":120,""4"":269,""5"":266,""6"":239,""7"":219}","24","136","24","24","[]","[]","solver_deadline_observed_root_cause_unestablished"
"18","7","ar_to_en","compatibility","true","6.542625000001863","22","41","2000","{""2"":47,""3"":391,""4"":391,""5"":391,""6"":390,""7"":390}","1","0","24","24","[]","[]",""
"18","9","en_to_ar","approved-only","true","15.691374999994878","42","57","2000","{""2"":50,""3"":342,""4"":342,""5"":342,""6"":341,""7"":341,""8"":167,""9"":75}","1","0","6","6","[]","[]",""
"18","9","en_to_ar","compatibility","true","11.284708999970462","42","57","2000","{""2"":220,""3"":255,""4"":255,""5"":254,""6"":254,""7"":254,""8"":254,""9"":254}","1","0","6","6","[]","[]",""
"18","9","ar_to_en","approved-only","false","3990.744958000025","0","0","1373","{""2"":15,""3"":120,""4"":269,""5"":266,""6"":239,""7"":219,""8"":167,""9"":78}","142","46","24","24","[]","[]","solver_deadline_observed_root_cause_unestablished"
"18","9","ar_to_en","compatibility","true","371.23499999998603","32","64","4000","{""2"":47,""3"":565,""4"":565,""5"":565,""6"":565,""7"":565,""8"":564,""9"":564}","3","9","24","24","[]","[]",""
"18","11","en_to_ar","approved-only","false","1803.6311250000144","0","0","2000","{""2"":50,""3"":329,""4"":330,""5"":329,""6"":329,""7"":329,""8"":178,""9"":88,""10"":22,""11"":16}","2","52","6","6","[]","[]","solver_deadline_observed_root_cause_unestablished"
"18","11","en_to_ar","compatibility","true","1008.7820000000065","56","86","2000","{""2"":200,""3"":200,""4"":200,""5"":200,""6"":200,""7"":200,""8"":200,""9"":200,""10"":200,""11"":200}","2","25","6","6","[]","[]",""
"18","11","ar_to_en","approved-only","false","4455.239708000037","0","0","1455","{""2"":15,""3"":120,""4"":269,""5"":266,""6"":239,""7"":219,""8"":167,""9"":78,""10"":54,""11"":28}","349","38","24","24","[]","[]","solver_deadline_observed_root_cause_unestablished"
"18","11","ar_to_en","compatibility","true","272.38120900001377","44","97","6000","{""2"":47,""3"":630,""4"":666,""5"":666,""6"":666,""7"":665,""8"":665,""9"":665,""10"":665,""11"":665}","2","4","24","24","[]","[]",""
"18","13","en_to_ar","approved-only","false","1804.5223329999717","0","0","2000","{""2"":50,""3"":324,""4"":325,""5"":324,""6"":324,""7"":324,""8"":180,""9"":94,""10"":24,""11"":16,""12"":13,""13"":2}","6","1","6","6","[]","[]","solver_deadline_observed_root_cause_unestablished"
"18","13","en_to_ar","compatibility","true","53.379500000039116","80","120","2000","{""2"":172,""3"":172,""4"":173,""5"":173,""6"":173,""7"":173,""8"":173,""9"":172,""10"":172,""11"":172,""12"":172,""13"":103}","1","0","6","6","[]","[]",""
"18","13","ar_to_en","approved-only","false","2358.003832999966","0","0","1477","{""2"":15,""3"":120,""4"":269,""5"":266,""6"":239,""7"":219,""8"":167,""9"":78,""10"":54,""11"":28,""12"":14,""13"":8}","480","0","24","24","[]","[]","bounded_search_no_solution_reason_unestablished"
"18","13","ar_to_en","compatibility","true","93.88683299999684","66","131","6000","{""2"":47,""3"":599,""4"":600,""5"":600,""6"":600,""7"":600,""8"":600,""9"":600,""10"":600,""11"":599,""12"":363,""13"":192}","1","0","24","24","[]","[]",""
"19","7","en_to_ar","compatibility","true","3.8578749999869615","26","35","2000","{""2"":207,""3"":359,""4"":359,""5"":359,""6"":358,""7"":358}","1","0","6","6","[]","[]",""
"19","7","en_to_ar","approved-only","true","2.9535829999949783","26","35","2000","{""2"":47,""3"":324,""4"":437,""5"":436,""6"":436,""7"":320}","1","0","6","6","[]","[]",""
"19","7","ar_to_en","compatibility","true","5.379333000048064","22","41","2000","{""2"":47,""3"":391,""4"":391,""5"":391,""6"":390,""7"":390}","1","0","24","24","[]","[]",""
"19","7","ar_to_en","approved-only","false","3002.1162919999915","0","0","1128","{""2"":15,""3"":120,""4"":269,""5"":266,""6"":239,""7"":219}","24","114","24","24","[]","[]","solver_deadline_observed_root_cause_unestablished"
"19","9","en_to_ar","compatibility","true","8.147375000000466","42","57","2000","{""2"":220,""3"":255,""4"":255,""5"":254,""6"":254,""7"":254,""8"":254,""9"":254}","1","0","6","6","[]","[]",""
"19","9","en_to_ar","approved-only","false","1702.3072089999914","0","0","2000","{""2"":50,""3"":342,""4"":342,""5"":342,""6"":341,""7"":341,""8"":167,""9"":75}","2","42","6","6","[]","[]","solver_deadline_observed_root_cause_unestablished"
"19","9","ar_to_en","compatibility","true","201.42520900000818","32","64","4000","{""2"":47,""3"":565,""4"":565,""5"":565,""6"":565,""7"":565,""8"":564,""9"":564}","2","3","24","24","[]","[]",""
"19","9","ar_to_en","approved-only","false","3991.5193340000114","0","0","1373","{""2"":15,""3"":120,""4"":269,""5"":266,""6"":239,""7"":219,""8"":167,""9"":78}","158","44","24","24","[]","[]","solver_deadline_observed_root_cause_unestablished"
"19","11","en_to_ar","compatibility","true","15.252166999969631","59","85","2000","{""2"":200,""3"":200,""4"":200,""5"":200,""6"":200,""7"":200,""8"":200,""9"":200,""10"":200,""11"":200}","1","0","6","6","[]","[]",""
"19","11","en_to_ar","approved-only","true","1016.5647500000196","59","85","2000","{""2"":50,""3"":329,""4"":330,""5"":329,""6"":329,""7"":329,""8"":178,""9"":88,""10"":22,""11"":16}","2","33","6","6","[]","[]",""
"19","11","ar_to_en","compatibility","true","562.8188330000266","46","99","6000","{""2"":47,""3"":630,""4"":666,""5"":666,""6"":666,""7"":665,""8"":665,""9"":665,""10"":665,""11"":665}","3","12","24","24","[]","[]",""
"19","11","ar_to_en","approved-only","false","4320.328166999971","0","0","1455","{""2"":15,""3"":120,""4"":269,""5"":266,""6"":239,""7"":219,""8"":167,""9"":78,""10"":54,""11"":28}","396","29","24","24","[]","[]","solver_deadline_observed_root_cause_unestablished"
"19","13","en_to_ar","compatibility","true","81.46558299998287","82","120","2000","{""2"":172,""3"":172,""4"":173,""5"":173,""6"":173,""7"":173,""8"":173,""9"":172,""10"":172,""11"":172,""12"":172,""13"":103}","1","0","6","6","[]","[]",""
"19","13","en_to_ar","approved-only","true","1122.260083000001","76","120","2000","{""2"":50,""3"":324,""4"":325,""5"":324,""6"":324,""7"":324,""8"":180,""9"":94,""10"":24,""11"":16,""12"":13,""13"":2}","22","26","6","6","[]","[]",""
"19","13","ar_to_en","compatibility","true","280.33762499998556","64","134","6000","{""2"":47,""3"":599,""4"":600,""5"":600,""6"":600,""7"":600,""8"":600,""9"":600,""10"":600,""11"":599,""12"":363,""13"":192}","2","9","24","24","[]","[]",""
"19","13","ar_to_en","approved-only","false","2218.40191700001","0","0","1477","{""2"":15,""3"":120,""4"":269,""5"":266,""6"":239,""7"":219,""8"":167,""9"":78,""10"":54,""11"":28,""12"":14,""13"":8}","480","0","24","24","[]","[]","bounded_search_no_solution_reason_unestablished"
"20","7","en_to_ar","approved-only","true","96.6534999999567","26","36","2000","{""2"":47,""3"":324,""4"":437,""5"":436,""6"":436,""7"":320}","1","0","6","6","[]","[]",""
"20","7","en_to_ar","compatibility","true","2.8888329999754205","26","36","2000","{""2"":207,""3"":359,""4"":359,""5"":359,""6"":358,""7"":358}","1","0","6","6","[]","[]",""
"20","7","ar_to_en","approved-only","false","3002.2730410000077","0","0","1128","{""2"":15,""3"":120,""4"":269,""5"":266,""6"":239,""7"":219}","24","108","24","24","[]","[]","solver_deadline_observed_root_cause_unestablished"
"20","7","ar_to_en","compatibility","true","4.65704200003529","22","41","2000","{""2"":47,""3"":391,""4"":391,""5"":391,""6"":390,""7"":390}","1","0","24","24","[]","[]",""
"20","9","en_to_ar","approved-only","false","1702.4012910000165","0","0","2000","{""2"":50,""3"":342,""4"":342,""5"":342,""6"":341,""7"":341,""8"":167,""9"":75}","2","25","6","6","[]","[]","solver_deadline_observed_root_cause_unestablished"
"20","9","en_to_ar","compatibility","true","5.44154199998593","41","57","2000","{""2"":220,""3"":255,""4"":255,""5"":254,""6"":254,""7"":254,""8"":254,""9"":254}","1","0","6","6","[]","[]",""
"20","9","ar_to_en","approved-only","false","3990.895332999993","0","0","1373","{""2"":15,""3"":120,""4"":269,""5"":266,""6"":239,""7"":219,""8"":167,""9"":78}","160","46","24","24","[]","[]","solver_deadline_observed_root_cause_unestablished"
"20","9","ar_to_en","compatibility","true","531.9244580000523","32","64","4000","{""2"":47,""3"":565,""4"":565,""5"":565,""6"":565,""7"":565,""8"":564,""9"":564}","4","10","24","24","[]","[]",""
"20","11","en_to_ar","approved-only","false","1804.2212079999736","0","0","2000","{""2"":50,""3"":329,""4"":330,""5"":329,""6"":329,""7"":329,""8"":178,""9"":88,""10"":22,""11"":16}","2","64","6","6","[]","[]","solver_deadline_observed_root_cause_unestablished"
"20","11","en_to_ar","compatibility","true","10.272667000012007","60","85","2000","{""2"":200,""3"":200,""4"":200,""5"":200,""6"":200,""7"":200,""8"":200,""9"":200,""10"":200,""11"":200}","1","0","6","6","[]","[]",""
"20","11","ar_to_en","approved-only","false","4369.92641700001","0","0","1455","{""2"":15,""3"":120,""4"":269,""5"":266,""6"":239,""7"":219,""8"":167,""9"":78,""10"":54,""11"":28}","389","34","24","24","[]","[]","solver_deadline_observed_root_cause_unestablished"
"20","11","ar_to_en","compatibility","true","498.57475000002887","43","96","6000","{""2"":47,""3"":630,""4"":666,""5"":666,""6"":666,""7"":665,""8"":665,""9"":665,""10"":665,""11"":665}","3","14","24","24","[]","[]",""
"20","13","en_to_ar","approved-only","false","1806.049624999985","0","0","2000","{""2"":50,""3"":324,""4"":325,""5"":324,""6"":324,""7"":324,""8"":180,""9"":94,""10"":24,""11"":16,""12"":13,""13"":2}","2","11","6","6","[]","[]","solver_deadline_observed_root_cause_unestablished"
"20","13","en_to_ar","compatibility","true","63.53208299999824","80","119","2000","{""2"":172,""3"":172,""4"":173,""5"":173,""6"":173,""7"":173,""8"":173,""9"":172,""10"":172,""11"":172,""12"":172,""13"":103}","1","0","6","6","[]","[]",""
"20","13","ar_to_en","approved-only","false","2041.8720420000027","0","0","1477","{""2"":15,""3"":120,""4"":269,""5"":266,""6"":239,""7"":219,""8"":167,""9"":78,""10"":54,""11"":28,""12"":14,""13"":8}","480","0","24","24","[]","[]","bounded_search_no_solution_reason_unestablished"
"20","13","ar_to_en","compatibility","true","1949.6046249999781","62","129","6000","{""2"":47,""3"":599,""4"":600,""5"":600,""6"":600,""7"":600,""8"":600,""9"":600,""10"":600,""11"":599,""12"":363,""13"":192}","11","45","24","24","[]","[]",""
"21","7","en_to_ar","compatibility","true","4.043999999994412","24","36","2000","{""2"":207,""3"":359,""4"":359,""5"":359,""6"":358,""7"":358}","1","0","6","6","[]","[]",""
"21","7","en_to_ar","approved-only","true","5.043499999970663","24","36","2000","{""2"":47,""3"":324,""4"":437,""5"":436,""6"":436,""7"":320}","1","0","6","6","[]","[]",""
"21","7","ar_to_en","compatibility","true","23.279999999969732","21","42","2000","{""2"":47,""3"":391,""4"":391,""5"":391,""6"":390,""7"":390}","1","0","24","24","[]","[]",""
"21","7","ar_to_en","approved-only","false","3002.366875000007","0","0","1128","{""2"":15,""3"":120,""4"":269,""5"":266,""6"":239,""7"":219}","24","132","24","24","[]","[]","solver_deadline_observed_root_cause_unestablished"
"21","9","en_to_ar","compatibility","true","7.92412499996135","42","57","2000","{""2"":220,""3"":255,""4"":255,""5"":254,""6"":254,""7"":254,""8"":254,""9"":254}","1","0","6","6","[]","[]",""
"21","9","en_to_ar","approved-only","false","1702.5777089999756","0","0","2000","{""2"":50,""3"":342,""4"":342,""5"":342,""6"":341,""7"":341,""8"":167,""9"":75}","2","33","6","6","[]","[]","solver_deadline_observed_root_cause_unestablished"
"21","9","ar_to_en","compatibility","true","359.33820800000103","30","66","4000","{""2"":47,""3"":565,""4"":565,""5"":565,""6"":565,""7"":565,""8"":564,""9"":564}","3","8","24","24","[]","[]",""
"21","9","ar_to_en","approved-only","false","3991.289541999984","0","0","1373","{""2"":15,""3"":120,""4"":269,""5"":266,""6"":239,""7"":219,""8"":167,""9"":78}","142","44","24","24","[]","[]","solver_deadline_observed_root_cause_unestablished"
"21","11","en_to_ar","compatibility","true","18.65891699999338","56","90","2000","{""2"":200,""3"":200,""4"":200,""5"":200,""6"":200,""7"":200,""8"":200,""9"":200,""10"":200,""11"":200}","1","0","6","6","[]","[]",""
"21","11","en_to_ar","approved-only","false","1803.1157909999602","0","0","2000","{""2"":50,""3"":329,""4"":330,""5"":329,""6"":329,""7"":329,""8"":178,""9"":88,""10"":22,""11"":16}","2","25","6","6","[]","[]","solver_deadline_observed_root_cause_unestablished"
"21","11","ar_to_en","compatibility","true","333.2340839999961","46","97","6000","{""2"":47,""3"":630,""4"":666,""5"":666,""6"":666,""7"":665,""8"":665,""9"":665,""10"":665,""11"":665}","2","4","24","24","[]","[]",""
"21","11","ar_to_en","approved-only","false","4408.199332999997","0","0","1455","{""2"":15,""3"":120,""4"":269,""5"":266,""6"":239,""7"":219,""8"":167,""9"":78,""10"":54,""11"":28}","374","38","24","24","[]","[]","solver_deadline_observed_root_cause_unestablished"
"21","13","en_to_ar","compatibility","true","68.69549999997253","84","120","2000","{""2"":172,""3"":172,""4"":173,""5"":173,""6"":173,""7"":173,""8"":173,""9"":172,""10"":172,""11"":172,""12"":172,""13"":103}","1","0","6","6","[]","[]",""
"21","13","en_to_ar","approved-only","false","1805.6875420000288","0","0","2000","{""2"":50,""3"":324,""4"":325,""5"":324,""6"":324,""7"":324,""8"":180,""9"":94,""10"":24,""11"":16,""12"":13,""13"":2}","2","48","6","6","[]","[]","solver_deadline_observed_root_cause_unestablished"
"21","13","ar_to_en","compatibility","true","2331.793166999996","58","130","6000","{""2"":47,""3"":599,""4"":600,""5"":600,""6"":600,""7"":600,""8"":600,""9"":600,""10"":600,""11"":599,""12"":363,""13"":192}","13","76","24","24","[]","[]",""
"21","13","ar_to_en","approved-only","false","2519.93316700001","0","0","1477","{""2"":15,""3"":120,""4"":269,""5"":266,""6"":239,""7"":219,""8"":167,""9"":78,""10"":54,""11"":28,""12"":14,""13"":8}","480","0","24","24","[]","[]","bounded_search_no_solution_reason_unestablished"
"22","7","en_to_ar","approved-only","true","9.382290999987163","25","35","2000","{""2"":47,""3"":324,""4"":437,""5"":436,""6"":436,""7"":320}","1","0","6","6","[]","[]",""
"22","7","en_to_ar","compatibility","true","3.871874999953434","25","35","2000","{""2"":207,""3"":359,""4"":359,""5"":359,""6"":358,""7"":358}","1","0","6","6","[]","[]",""
"22","7","ar_to_en","approved-only","false","3002.143665999989","0","0","1128","{""2"":15,""3"":120,""4"":269,""5"":266,""6"":239,""7"":219}","24","133","24","24","[]","[]","solver_deadline_observed_root_cause_unestablished"
"22","7","ar_to_en","compatibility","true","4.375791000027675","22","41","2000","{""2"":47,""3"":391,""4"":391,""5"":391,""6"":390,""7"":390}","1","0","24","24","[]","[]",""
"22","9","en_to_ar","approved-only","false","1702.3799579999759","0","0","2000","{""2"":50,""3"":342,""4"":342,""5"":342,""6"":341,""7"":341,""8"":167,""9"":75}","2","34","6","6","[]","[]","solver_deadline_observed_root_cause_unestablished"
"22","9","en_to_ar","compatibility","true","6.876333000021987","43","57","2000","{""2"":220,""3"":255,""4"":255,""5"":254,""6"":254,""7"":254,""8"":254,""9"":254}","1","0","6","6","[]","[]",""
"22","9","ar_to_en","approved-only","false","3991.4764999999898","0","0","1373","{""2"":15,""3"":120,""4"":269,""5"":266,""6"":239,""7"":219,""8"":167,""9"":78}","147","46","24","24","[]","[]","solver_deadline_observed_root_cause_unestablished"
"22","9","ar_to_en","compatibility","true","371.0972499999916","32","64","4000","{""2"":47,""3"":565,""4"":565,""5"":565,""6"":565,""7"":565,""8"":564,""9"":564}","3","6","24","24","[]","[]",""
"22","11","en_to_ar","approved-only","false","1802.7623749999912","0","0","2000","{""2"":50,""3"":329,""4"":330,""5"":329,""6"":329,""7"":329,""8"":178,""9"":88,""10"":22,""11"":16}","2","39","6","6","[]","[]","solver_deadline_observed_root_cause_unestablished"
"22","11","en_to_ar","compatibility","true","10.65233300003456","60","85","2000","{""2"":200,""3"":200,""4"":200,""5"":200,""6"":200,""7"":200,""8"":200,""9"":200,""10"":200,""11"":200}","1","0","6","6","[]","[]",""
"22","11","ar_to_en","approved-only","false","4420.3832500000135","0","0","1455","{""2"":15,""3"":120,""4"":269,""5"":266,""6"":239,""7"":219,""8"":167,""9"":78,""10"":54,""11"":28}","395","32","24","24","[]","[]","solver_deadline_observed_root_cause_unestablished"
"22","11","ar_to_en","compatibility","true","712.8233330000076","42","100","6000","{""2"":47,""3"":630,""4"":666,""5"":666,""6"":666,""7"":665,""8"":665,""9"":665,""10"":665,""11"":665}","4","19","24","24","[]","[]",""
"22","13","en_to_ar","approved-only","false","1806.7655839999788","0","0","2000","{""2"":50,""3"":324,""4"":325,""5"":324,""6"":324,""7"":324,""8"":180,""9"":94,""10"":24,""11"":16,""12"":13,""13"":2}","2","52","6","6","[]","[]","solver_deadline_observed_root_cause_unestablished"
"22","13","en_to_ar","compatibility","true","53.57745900005102","80","119","2000","{""2"":172,""3"":172,""4"":173,""5"":173,""6"":173,""7"":173,""8"":173,""9"":172,""10"":172,""11"":172,""12"":172,""13"":103}","1","0","6","6","[]","[]",""
"22","13","ar_to_en","approved-only","false","2402.628832999966","0","0","1477","{""2"":15,""3"":120,""4"":269,""5"":266,""6"":239,""7"":219,""8"":167,""9"":78,""10"":54,""11"":28,""12"":14,""13"":8}","480","0","24","24","[]","[]","bounded_search_no_solution_reason_unestablished"
"22","13","ar_to_en","compatibility","true","312.24729199998546","64","134","6000","{""2"":47,""3"":599,""4"":600,""5"":600,""6"":600,""7"":600,""8"":600,""9"":600,""10"":600,""11"":599,""12"":363,""13"":192}","2","9","24","24","[]","[]",""
"23","7","en_to_ar","compatibility","true","3.87400000001071","26","36","2000","{""2"":207,""3"":359,""4"":359,""5"":359,""6"":358,""7"":358}","1","0","6","6","[]","[]",""
"23","7","en_to_ar","approved-only","true","5.2319169999682344","26","36","2000","{""2"":47,""3"":324,""4"":437,""5"":436,""6"":436,""7"":320}","1","0","6","6","[]","[]",""
"23","7","ar_to_en","compatibility","true","129.41437500005122","22","41","2000","{""2"":47,""3"":391,""4"":391,""5"":391,""6"":390,""7"":390}","2","6","24","24","[]","[]",""
"23","7","ar_to_en","approved-only","false","3002.800042000017","0","0","1128","{""2"":15,""3"":120,""4"":269,""5"":266,""6"":239,""7"":219}","24","99","24","24","[]","[]","solver_deadline_observed_root_cause_unestablished"
"23","9","en_to_ar","compatibility","true","8.634750000026543","43","59","2000","{""2"":220,""3"":255,""4"":255,""5"":254,""6"":254,""7"":254,""8"":254,""9"":254}","1","0","6","6","[]","[]",""
"23","9","en_to_ar","approved-only","true","7.545291999995243","43","59","2000","{""2"":50,""3"":342,""4"":342,""5"":342,""6"":341,""7"":341,""8"":167,""9"":75}","1","0","6","6","[]","[]",""
"23","9","ar_to_en","compatibility","true","91.31633400003193","32","66","4000","{""2"":47,""3"":565,""4"":565,""5"":565,""6"":565,""7"":565,""8"":564,""9"":564}","1","0","24","24","[]","[]",""
"23","9","ar_to_en","approved-only","false","3990.396999999997","0","0","1373","{""2"":15,""3"":120,""4"":269,""5"":266,""6"":239,""7"":219,""8"":167,""9"":78}","170","45","24","24","[]","[]","solver_deadline_observed_root_cause_unestablished"
"23","11","en_to_ar","compatibility","true","11.12737499998184","60","85","2000","{""2"":200,""3"":200,""4"":200,""5"":200,""6"":200,""7"":200,""8"":200,""9"":200,""10"":200,""11"":200}","1","0","6","6","[]","[]",""
"23","11","en_to_ar","approved-only","false","1804.0371659999946","0","0","2000","{""2"":50,""3"":329,""4"":330,""5"":329,""6"":329,""7"":329,""8"":178,""9"":88,""10"":22,""11"":16}","2","55","6","6","[]","[]","solver_deadline_observed_root_cause_unestablished"
"23","11","ar_to_en","compatibility","true","2509.1223750000354","42","92","6000","{""2"":47,""3"":630,""4"":666,""5"":666,""6"":666,""7"":665,""8"":665,""9"":665,""10"":665,""11"":665}","14","86","24","24","[]","[]",""
"23","11","ar_to_en","approved-only","false","4333.481124999991","0","0","1455","{""2"":15,""3"":120,""4"":269,""5"":266,""6"":239,""7"":219,""8"":167,""9"":78,""10"":54,""11"":28}","380","27","24","24","[]","[]","solver_deadline_observed_root_cause_unestablished"
"23","13","en_to_ar","compatibility","true","59.73412499995902","80","120","2000","{""2"":172,""3"":172,""4"":173,""5"":173,""6"":173,""7"":173,""8"":173,""9"":172,""10"":172,""11"":172,""12"":172,""13"":103}","1","0","6","6","[]","[]",""
"23","13","en_to_ar","approved-only","false","1805.6610000000219","0","0","2000","{""2"":50,""3"":324,""4"":325,""5"":324,""6"":324,""7"":324,""8"":180,""9"":94,""10"":24,""11"":16,""12"":13,""13"":2}","2","56","6","6","[]","[]","solver_deadline_observed_root_cause_unestablished"
"23","13","ar_to_en","compatibility","true","460.40408299997216","62","134","6000","{""2"":47,""3"":599,""4"":600,""5"":600,""6"":600,""7"":600,""8"":600,""9"":600,""10"":600,""11"":599,""12"":363,""13"":192}","3","13","24","24","[]","[]",""
"23","13","ar_to_en","approved-only","false","2252.5464159999974","0","0","1477","{""2"":15,""3"":120,""4"":269,""5"":266,""6"":239,""7"":219,""8"":167,""9"":78,""10"":54,""11"":28,""12"":14,""13"":8}","480","0","24","24","[]","[]","bounded_search_no_solution_reason_unestablished"
"24","7","en_to_ar","approved-only","true","11.785834000038449","26","36","2000","{""2"":47,""3"":324,""4"":437,""5"":436,""6"":436,""7"":320}","1","0","6","6","[]","[]",""
"24","7","en_to_ar","compatibility","true","3.2280829999945126","26","36","2000","{""2"":207,""3"":359,""4"":359,""5"":359,""6"":358,""7"":358}","1","0","6","6","[]","[]",""
"24","7","ar_to_en","approved-only","false","3002.689083999954","0","0","1128","{""2"":15,""3"":120,""4"":269,""5"":266,""6"":239,""7"":219}","24","130","24","24","[]","[]","solver_deadline_observed_root_cause_unestablished"
"24","7","ar_to_en","compatibility","true","5.826291999954265","22","41","2000","{""2"":47,""3"":391,""4"":391,""5"":391,""6"":390,""7"":390}","1","0","24","24","[]","[]",""
"24","9","en_to_ar","approved-only","true","8.045916999981273","42","57","2000","{""2"":50,""3"":342,""4"":342,""5"":342,""6"":341,""7"":341,""8"":167,""9"":75}","1","0","6","6","[]","[]",""
"24","9","en_to_ar","compatibility","true","9.982459000020754","42","57","2000","{""2"":220,""3"":255,""4"":255,""5"":254,""6"":254,""7"":254,""8"":254,""9"":254}","1","0","6","6","[]","[]",""
"24","9","ar_to_en","approved-only","false","3990.6442079999833","0","0","1373","{""2"":15,""3"":120,""4"":269,""5"":266,""6"":239,""7"":219,""8"":167,""9"":78}","138","42","24","24","[]","[]","solver_deadline_observed_root_cause_unestablished"
"24","9","ar_to_en","compatibility","true","106.83904099999927","30","67","4000","{""2"":47,""3"":565,""4"":565,""5"":565,""6"":565,""7"":565,""8"":564,""9"":564}","1","0","24","24","[]","[]",""
"24","11","en_to_ar","approved-only","true","329.45395800005645","58","85","2000","{""2"":50,""3"":329,""4"":330,""5"":329,""6"":329,""7"":329,""8"":178,""9"":88,""10"":22,""11"":16}","1","0","6","6","[]","[]",""
"24","11","en_to_ar","compatibility","true","13.12112500006333","58","85","2000","{""2"":200,""3"":200,""4"":200,""5"":200,""6"":200,""7"":200,""8"":200,""9"":200,""10"":200,""11"":200}","1","0","6","6","[]","[]",""
"24","11","ar_to_en","approved-only","false","4483.809415999916","0","0","1455","{""2"":15,""3"":120,""4"":269,""5"":266,""6"":239,""7"":219,""8"":167,""9"":78,""10"":54,""11"":28}","338","35","24","24","[]","[]","solver_deadline_observed_root_cause_unestablished"
"24","11","ar_to_en","compatibility","true","1747.6515829999698","44","92","6000","{""2"":47,""3"":630,""4"":666,""5"":666,""6"":666,""7"":665,""8"":665,""9"":665,""10"":665,""11"":665}","10","41","24","24","[]","[]",""
"24","13","en_to_ar","approved-only","false","1805.7976250000065","0","0","2000","{""2"":50,""3"":324,""4"":325,""5"":324,""6"":324,""7"":324,""8"":180,""9"":94,""10"":24,""11"":16,""12"":13,""13"":2}","2","41","6","6","[]","[]","solver_deadline_observed_root_cause_unestablished"
"24","13","en_to_ar","compatibility","false","1805.9925410000142","0","0","2000","{""2"":172,""3"":172,""4"":173,""5"":173,""6"":173,""7"":173,""8"":173,""9"":172,""10"":172,""11"":172,""12"":172,""13"":103}","2","50","6","6","[]","[]","solver_deadline_observed_root_cause_unestablished"
"24","13","ar_to_en","approved-only","false","2429.303958000033","0","0","1477","{""2"":15,""3"":120,""4"":269,""5"":266,""6"":239,""7"":219,""8"":167,""9"":78,""10"":54,""11"":28,""12"":14,""13"":8}","480","0","24","24","[]","[]","bounded_search_no_solution_reason_unestablished"
"24","13","ar_to_en","compatibility","true","491.2374579999596","64","129","6000","{""2"":47,""3"":599,""4"":600,""5"":600,""6"":600,""7"":600,""8"":600,""9"":600,""10"":600,""11"":599,""12"":363,""13"":192}","3","8","24","24","[]","[]",""
"25","7","en_to_ar","compatibility","true","5.049457999994047","26","36","2000","{""2"":207,""3"":359,""4"":359,""5"":359,""6"":358,""7"":358}","1","0","6","6","[]","[]",""
"25","7","en_to_ar","approved-only","true","341.03824999998324","26","36","2000","{""2"":47,""3"":324,""4"":437,""5"":436,""6"":436,""7"":320}","1","0","6","6","[]","[]",""
"25","7","ar_to_en","compatibility","true","5.979958000010811","22","41","2000","{""2"":47,""3"":391,""4"":391,""5"":391,""6"":390,""7"":390}","1","0","24","24","[]","[]",""
"25","7","ar_to_en","approved-only","false","3002.7256670000497","0","0","1128","{""2"":15,""3"":120,""4"":269,""5"":266,""6"":239,""7"":219}","24","117","24","24","[]","[]","solver_deadline_observed_root_cause_unestablished"
"25","9","en_to_ar","compatibility","true","7.3654169999063015","42","57","2000","{""2"":220,""3"":255,""4"":255,""5"":254,""6"":254,""7"":254,""8"":254,""9"":254}","1","0","6","6","[]","[]",""
"25","9","en_to_ar","approved-only","true","10.352917000069283","42","57","2000","{""2"":50,""3"":342,""4"":342,""5"":342,""6"":341,""7"":341,""8"":167,""9"":75}","1","0","6","6","[]","[]",""
"25","9","ar_to_en","compatibility","true","371.47829200001433","32","64","4000","{""2"":47,""3"":565,""4"":565,""5"":565,""6"":565,""7"":565,""8"":564,""9"":564}","3","8","24","24","[]","[]",""
"25","9","ar_to_en","approved-only","false","3991.552167000016","0","0","1373","{""2"":15,""3"":120,""4"":269,""5"":266,""6"":239,""7"":219,""8"":167,""9"":78}","138","45","24","24","[]","[]","solver_deadline_observed_root_cause_unestablished"
"25","11","en_to_ar","compatibility","true","14.586333999992348","62","87","2000","{""2"":200,""3"":200,""4"":200,""5"":200,""6"":200,""7"":200,""8"":200,""9"":200,""10"":200,""11"":200}","1","0","6","6","[]","[]",""
"25","11","en_to_ar","approved-only","false","1803.6507089999504","0","0","2000","{""2"":50,""3"":329,""4"":330,""5"":329,""6"":329,""7"":329,""8"":178,""9"":88,""10"":22,""11"":16}","2","32","6","6","[]","[]","solver_deadline_observed_root_cause_unestablished"
"25","11","ar_to_en","compatibility","true","820.3834169999463","45","93","6000","{""2"":47,""3"":630,""4"":666,""5"":666,""6"":666,""7"":665,""8"":665,""9"":665,""10"":665,""11"":665}","5","20","24","24","[]","[]",""
"25","11","ar_to_en","approved-only","false","4429.618333999999","0","0","1455","{""2"":15,""3"":120,""4"":269,""5"":266,""6"":239,""7"":219,""8"":167,""9"":78,""10"":54,""11"":28}","390","34","24","24","[]","[]","solver_deadline_observed_root_cause_unestablished"
"25","13","en_to_ar","compatibility","true","58.119249999988824","84","120","2000","{""2"":172,""3"":172,""4"":173,""5"":173,""6"":173,""7"":173,""8"":173,""9"":172,""10"":172,""11"":172,""12"":172,""13"":103}","1","0","6","6","[]","[]",""
"25","13","en_to_ar","approved-only","false","1805.7371669999557","0","0","2000","{""2"":50,""3"":324,""4"":325,""5"":324,""6"":324,""7"":324,""8"":180,""9"":94,""10"":24,""11"":16,""12"":13,""13"":2}","2","70","6","6","[]","[]","solver_deadline_observed_root_cause_unestablished"
"25","13","ar_to_en","compatibility","true","169.79916699999012","64","136","6000","{""2"":47,""3"":599,""4"":600,""5"":600,""6"":600,""7"":600,""8"":600,""9"":600,""10"":600,""11"":599,""12"":363,""13"":192}","1","0","24","24","[]","[]",""
"25","13","ar_to_en","approved-only","false","2375.1773329999996","0","0","1477","{""2"":15,""3"":120,""4"":269,""5"":266,""6"":239,""7"":219,""8"":167,""9"":78,""10"":54,""11"":28,""12"":14,""13"":8}","480","0","24","24","[]","[]","bounded_search_no_solution_reason_unestablished"
"26","7","en_to_ar","approved-only","true","5.280083999969065","25","35","2000","{""2"":47,""3"":324,""4"":437,""5"":436,""6"":436,""7"":320}","1","0","6","6","[]","[]",""
"26","7","en_to_ar","compatibility","true","2.9618339999578893","25","35","2000","{""2"":207,""3"":359,""4"":359,""5"":359,""6"":358,""7"":358}","1","0","6","6","[]","[]",""
"26","7","ar_to_en","approved-only","false","3002.6701669999165","0","0","1128","{""2"":15,""3"":120,""4"":269,""5"":266,""6"":239,""7"":219}","24","106","24","24","[]","[]","solver_deadline_observed_root_cause_unestablished"
"26","7","ar_to_en","compatibility","true","4.969959000009112","22","41","2000","{""2"":47,""3"":391,""4"":391,""5"":391,""6"":390,""7"":390}","1","0","24","24","[]","[]",""
"26","9","en_to_ar","approved-only","true","5.985958000062965","40","59","2000","{""2"":50,""3"":342,""4"":342,""5"":342,""6"":341,""7"":341,""8"":167,""9"":75}","1","0","6","6","[]","[]",""
"26","9","en_to_ar","compatibility","true","7.560708999983035","40","59","2000","{""2"":220,""3"":255,""4"":255,""5"":254,""6"":254,""7"":254,""8"":254,""9"":254}","1","0","6","6","[]","[]",""
"26","9","ar_to_en","approved-only","false","3991.740375000052","0","0","1373","{""2"":15,""3"":120,""4"":269,""5"":266,""6"":239,""7"":219,""8"":167,""9"":78}","142","45","24","24","[]","[]","solver_deadline_observed_root_cause_unestablished"
"26","9","ar_to_en","compatibility","true","860.9793749999953","32","64","4000","{""2"":47,""3"":565,""4"":565,""5"":565,""6"":565,""7"":565,""8"":564,""9"":564}","6","28","24","24","[]","[]",""
"26","11","en_to_ar","approved-only","false","1803.8288750000065","0","0","2000","{""2"":50,""3"":329,""4"":330,""5"":329,""6"":329,""7"":329,""8"":178,""9"":88,""10"":22,""11"":16}","2","26","6","6","[]","[]","solver_deadline_observed_root_cause_unestablished"
"26","11","en_to_ar","compatibility","true","23.73858299991116","58","88","2000","{""2"":200,""3"":200,""4"":200,""5"":200,""6"":200,""7"":200,""8"":200,""9"":200,""10"":200,""11"":200}","1","0","6","6","[]","[]",""
"26","11","ar_to_en","approved-only","false","4404.17641700001","0","0","1455","{""2"":15,""3"":120,""4"":269,""5"":266,""6"":239,""7"":219,""8"":167,""9"":78,""10"":54,""11"":28}","368","34","24","24","[]","[]","solver_deadline_observed_root_cause_unestablished"
"26","11","ar_to_en","compatibility","true","79.88495800003875","48","99","6000","{""2"":47,""3"":630,""4"":666,""5"":666,""6"":666,""7"":665,""8"":665,""9"":665,""10"":665,""11"":665}","1","0","24","24","[]","[]",""
"26","13","en_to_ar","approved-only","false","1806.2943749999395","0","0","2000","{""2"":50,""3"":324,""4"":325,""5"":324,""6"":324,""7"":324,""8"":180,""9"":94,""10"":24,""11"":16,""12"":13,""13"":2}","22","45","6","6","[]","[]","solver_deadline_observed_root_cause_unestablished"
"26","13","en_to_ar","compatibility","true","46.84125000005588","78","119","2000","{""2"":172,""3"":172,""4"":173,""5"":173,""6"":173,""7"":173,""8"":173,""9"":172,""10"":172,""11"":172,""12"":172,""13"":103}","1","0","6","6","[]","[]",""
"26","13","ar_to_en","approved-only","false","2355.6365000000224","0","0","1477","{""2"":15,""3"":120,""4"":269,""5"":266,""6"":239,""7"":219,""8"":167,""9"":78,""10"":54,""11"":28,""12"":14,""13"":8}","480","0","24","24","[]","[]","bounded_search_no_solution_reason_unestablished"
"26","13","ar_to_en","compatibility","true","469.22641700005624","64","129","6000","{""2"":47,""3"":599,""4"":600,""5"":600,""6"":600,""7"":600,""8"":600,""9"":600,""10"":600,""11"":599,""12"":363,""13"":192}","3","4","24","24","[]","[]",""
"27","7","en_to_ar","compatibility","true","4.377667000051588","24","37","2000","{""2"":207,""3"":359,""4"":359,""5"":359,""6"":358,""7"":358}","1","0","6","6","[]","[]",""
"27","7","en_to_ar","approved-only","true","8.586499999975786","24","37","2000","{""2"":47,""3"":324,""4"":437,""5"":436,""6"":436,""7"":320}","1","0","6","6","[]","[]",""
"27","7","ar_to_en","compatibility","true","6.223541999934241","22","41","2000","{""2"":47,""3"":391,""4"":391,""5"":391,""6"":390,""7"":390}","1","0","24","24","[]","[]",""
"27","7","ar_to_en","approved-only","false","3002.5054579999996","0","0","1128","{""2"":15,""3"":120,""4"":269,""5"":266,""6"":239,""7"":219}","24","98","24","24","[]","[]","solver_deadline_observed_root_cause_unestablished"
"27","9","en_to_ar","compatibility","true","6.769959000055678","42","57","2000","{""2"":220,""3"":255,""4"":255,""5"":254,""6"":254,""7"":254,""8"":254,""9"":254}","1","0","6","6","[]","[]",""
"27","9","en_to_ar","approved-only","true","1469.8940419999417","42","57","2000","{""2"":50,""3"":342,""4"":342,""5"":342,""6"":341,""7"":341,""8"":167,""9"":75}","2","25","6","6","[]","[]",""
"27","9","ar_to_en","compatibility","true","699.3106670000125","32","64","4000","{""2"":47,""3"":565,""4"":565,""5"":565,""6"":565,""7"":565,""8"":564,""9"":564}","5","14","24","24","[]","[]",""
"27","9","ar_to_en","approved-only","false","3990.579708999954","0","0","1373","{""2"":15,""3"":120,""4"":269,""5"":266,""6"":239,""7"":219,""8"":167,""9"":78}","141","46","24","24","[]","[]","solver_deadline_observed_root_cause_unestablished"
"27","11","en_to_ar","compatibility","true","11.041542000020854","62","86","2000","{""2"":200,""3"":200,""4"":200,""5"":200,""6"":200,""7"":200,""8"":200,""9"":200,""10"":200,""11"":200}","1","0","6","6","[]","[]",""
"27","11","en_to_ar","approved-only","false","1804.1029579999158","0","0","2000","{""2"":50,""3"":329,""4"":330,""5"":329,""6"":329,""7"":329,""8"":178,""9"":88,""10"":22,""11"":16}","2","65","6","6","[]","[]","solver_deadline_observed_root_cause_unestablished"
"27","11","ar_to_en","compatibility","true","437.40220799995586","45","94","6000","{""2"":47,""3"":630,""4"":666,""5"":666,""6"":666,""7"":665,""8"":665,""9"":665,""10"":665,""11"":665}","3","19","24","24","[]","[]",""
"27","11","ar_to_en","approved-only","false","4447.760374999954","0","0","1455","{""2"":15,""3"":120,""4"":269,""5"":266,""6"":239,""7"":219,""8"":167,""9"":78,""10"":54,""11"":28}","355","37","24","24","[]","[]","solver_deadline_observed_root_cause_unestablished"
"27","13","en_to_ar","compatibility","true","58.034708999912255","82","119","2000","{""2"":172,""3"":172,""4"":173,""5"":173,""6"":173,""7"":173,""8"":173,""9"":172,""10"":172,""11"":172,""12"":172,""13"":103}","1","0","6","6","[]","[]",""
"27","13","en_to_ar","approved-only","false","1806.4577909999061","0","0","2000","{""2"":50,""3"":324,""4"":325,""5"":324,""6"":324,""7"":324,""8"":180,""9"":94,""10"":24,""11"":16,""12"":13,""13"":2}","2","47","6","6","[]","[]","solver_deadline_observed_root_cause_unestablished"
"27","13","ar_to_en","compatibility","true","2873.046290999977","62","125","6000","{""2"":47,""3"":599,""4"":600,""5"":600,""6"":600,""7"":600,""8"":600,""9"":600,""10"":600,""11"":599,""12"":363,""13"":192}","16","97","24","24","[]","[]",""
"27","13","ar_to_en","approved-only","false","2232.726874999935","0","0","1477","{""2"":15,""3"":120,""4"":269,""5"":266,""6"":239,""7"":219,""8"":167,""9"":78,""10"":54,""11"":28,""12"":14,""13"":8}","480","0","24","24","[]","[]","bounded_search_no_solution_reason_unestablished"
"28","7","en_to_ar","approved-only","true","5.334832999971695","25","37","2000","{""2"":47,""3"":324,""4"":437,""5"":436,""6"":436,""7"":320}","1","0","6","6","[]","[]",""
"28","7","en_to_ar","compatibility","true","3.4539579999400303","25","37","2000","{""2"":207,""3"":359,""4"":359,""5"":359,""6"":358,""7"":358}","1","0","6","6","[]","[]",""
"28","7","ar_to_en","approved-only","false","3002.362957999925","0","0","1128","{""2"":15,""3"":120,""4"":269,""5"":266,""6"":239,""7"":219}","24","115","24","24","[]","[]","solver_deadline_observed_root_cause_unestablished"
"28","7","ar_to_en","compatibility","true","4.583749999990687","22","41","2000","{""2"":47,""3"":391,""4"":391,""5"":391,""6"":390,""7"":390}","1","0","24","24","[]","[]",""
"28","9","en_to_ar","approved-only","false","1702.3144999999786","0","0","2000","{""2"":50,""3"":342,""4"":342,""5"":342,""6"":341,""7"":341,""8"":167,""9"":75}","2","32","6","6","[]","[]","solver_deadline_observed_root_cause_unestablished"
"28","9","en_to_ar","compatibility","true","6.767583000008017","42","57","2000","{""2"":220,""3"":255,""4"":255,""5"":254,""6"":254,""7"":254,""8"":254,""9"":254}","1","0","6","6","[]","[]",""
"28","9","ar_to_en","approved-only","false","3990.8665419999743","0","0","1373","{""2"":15,""3"":120,""4"":269,""5"":266,""6"":239,""7"":219,""8"":167,""9"":78}","136","47","24","24","[]","[]","solver_deadline_observed_root_cause_unestablished"
"28","9","ar_to_en","compatibility","true","700.0793749999721","31","64","4000","{""2"":47,""3"":565,""4"":565,""5"":565,""6"":565,""7"":565,""8"":564,""9"":564}","5","21","24","24","[]","[]",""
"28","11","en_to_ar","approved-only","false","1803.597916000057","0","0","2000","{""2"":50,""3"":329,""4"":330,""5"":329,""6"":329,""7"":329,""8"":178,""9"":88,""10"":22,""11"":16}","2","51","6","6","[]","[]","solver_deadline_observed_root_cause_unestablished"
"28","11","en_to_ar","compatibility","true","8.864333000034094","58","85","2000","{""2"":200,""3"":200,""4"":200,""5"":200,""6"":200,""7"":200,""8"":200,""9"":200,""10"":200,""11"":200}","1","0","6","6","[]","[]",""
"28","11","ar_to_en","approved-only","false","4444.700415999978","0","0","1455","{""2"":15,""3"":120,""4"":269,""5"":266,""6"":239,""7"":219,""8"":167,""9"":78,""10"":54,""11"":28}","369","41","24","24","[]","[]","solver_deadline_observed_root_cause_unestablished"
"28","11","ar_to_en","compatibility","true","2549.3637500000186","41","91","6000","{""2"":47,""3"":630,""4"":666,""5"":666,""6"":666,""7"":665,""8"":665,""9"":665,""10"":665,""11"":665}","14","92","24","24","[]","[]",""
"28","13","en_to_ar","approved-only","false","1806.0038749999367","0","0","2000","{""2"":50,""3"":324,""4"":325,""5"":324,""6"":324,""7"":324,""8"":180,""9"":94,""10"":24,""11"":16,""12"":13,""13"":2}","2","28","6","6","[]","[]","solver_deadline_observed_root_cause_unestablished"
"28","13","en_to_ar","compatibility","true","67.64529199991375","86","120","2000","{""2"":172,""3"":172,""4"":173,""5"":173,""6"":173,""7"":173,""8"":173,""9"":172,""10"":172,""11"":172,""12"":172,""13"":103}","1","0","6","6","[]","[]",""
"28","13","ar_to_en","approved-only","false","2450.105790999951","0","0","1477","{""2"":15,""3"":120,""4"":269,""5"":266,""6"":239,""7"":219,""8"":167,""9"":78,""10"":54,""11"":28,""12"":14,""13"":8}","480","0","24","24","[]","[]","bounded_search_no_solution_reason_unestablished"
"28","13","ar_to_en","compatibility","true","189.04329100006726","64","136","6000","{""2"":47,""3"":599,""4"":600,""5"":600,""6"":600,""7"":600,""8"":600,""9"":600,""10"":600,""11"":599,""12"":363,""13"":192}","1","0","24","24","[]","[]",""
"29","7","en_to_ar","compatibility","true","3.260459000011906","26","36","2000","{""2"":207,""3"":359,""4"":359,""5"":359,""6"":358,""7"":358}","1","0","6","6","[]","[]",""
"29","7","en_to_ar","approved-only","true","19.0396250000922","26","36","2000","{""2"":47,""3"":324,""4"":437,""5"":436,""6"":436,""7"":320}","1","0","6","6","[]","[]",""
"29","7","ar_to_en","compatibility","true","5.133665999979712","22","41","2000","{""2"":47,""3"":391,""4"":391,""5"":391,""6"":390,""7"":390}","1","0","24","24","[]","[]",""
"29","7","ar_to_en","approved-only","false","3002.1590840000426","0","0","1128","{""2"":15,""3"":120,""4"":269,""5"":266,""6"":239,""7"":219}","24","103","24","24","[]","[]","solver_deadline_observed_root_cause_unestablished"
"29","9","en_to_ar","compatibility","true","7.2261250000447035","42","57","2000","{""2"":220,""3"":255,""4"":255,""5"":254,""6"":254,""7"":254,""8"":254,""9"":254}","1","0","6","6","[]","[]",""
"29","9","en_to_ar","approved-only","false","1701.8810839999933","0","0","2000","{""2"":50,""3"":342,""4"":342,""5"":342,""6"":341,""7"":341,""8"":167,""9"":75}","2","39","6","6","[]","[]","solver_deadline_observed_root_cause_unestablished"
"29","9","ar_to_en","compatibility","true","1040.4692909999285","32","64","4000","{""2"":47,""3"":565,""4"":565,""5"":565,""6"":565,""7"":565,""8"":564,""9"":564}","7","29","24","24","[]","[]",""
"29","9","ar_to_en","approved-only","false","3990.7722919998923","0","0","1373","{""2"":15,""3"":120,""4"":269,""5"":266,""6"":239,""7"":219,""8"":167,""9"":78}","155","46","24","24","[]","[]","solver_deadline_observed_root_cause_unestablished"
"29","11","en_to_ar","compatibility","true","43.043084000004455","58","87","2000","{""2"":200,""3"":200,""4"":200,""5"":200,""6"":200,""7"":200,""8"":200,""9"":200,""10"":200,""11"":200}","1","0","6","6","[]","[]",""
"29","11","en_to_ar","approved-only","false","1803.4613750000717","0","0","2000","{""2"":50,""3"":329,""4"":330,""5"":329,""6"":329,""7"":329,""8"":178,""9"":88,""10"":22,""11"":16}","2","47","6","6","[]","[]","solver_deadline_observed_root_cause_unestablished"
"29","11","ar_to_en","compatibility","true","654.4732500000391","44","97","6000","{""2"":47,""3"":630,""4"":666,""5"":666,""6"":666,""7"":665,""8"":665,""9"":665,""10"":665,""11"":665}","4","20","24","24","[]","[]",""
"29","11","ar_to_en","approved-only","false","4356.960709000006","0","0","1455","{""2"":15,""3"":120,""4"":269,""5"":266,""6"":239,""7"":219,""8"":167,""9"":78,""10"":54,""11"":28}","390","30","24","24","[]","[]","solver_deadline_observed_root_cause_unestablished"
"29","13","en_to_ar","compatibility","true","56.71891600009985","80","120","2000","{""2"":172,""3"":172,""4"":173,""5"":173,""6"":173,""7"":173,""8"":173,""9"":172,""10"":172,""11"":172,""12"":172,""13"":103}","1","0","6","6","[]","[]",""
"29","13","en_to_ar","approved-only","false","1806.7494169999845","0","0","2000","{""2"":50,""3"":324,""4"":325,""5"":324,""6"":324,""7"":324,""8"":180,""9"":94,""10"":24,""11"":16,""12"":13,""13"":2}","2","41","6","6","[]","[]","solver_deadline_observed_root_cause_unestablished"
"29","13","ar_to_en","compatibility","true","844.9342920000199","64","131","6000","{""2"":47,""3"":599,""4"":600,""5"":600,""6"":600,""7"":600,""8"":600,""9"":600,""10"":600,""11"":599,""12"":363,""13"":192}","5","24","24","24","[]","[]",""
"29","13","ar_to_en","approved-only","false","2524.393417000072","0","0","1477","{""2"":15,""3"":120,""4"":269,""5"":266,""6"":239,""7"":219,""8"":167,""9"":78,""10"":54,""11"":28,""12"":14,""13"":8}","480","0","24","24","[]","[]","bounded_search_no_solution_reason_unestablished"
"30","7","en_to_ar","approved-only","true","24.572917000041343","26","35","2000","{""2"":47,""3"":324,""4"":437,""5"":436,""6"":436,""7"":320}","1","0","6","6","[]","[]",""
"30","7","en_to_ar","compatibility","true","3.3694580000592396","26","35","2000","{""2"":207,""3"":359,""4"":359,""5"":359,""6"":358,""7"":358}","1","0","6","6","[]","[]",""
"30","7","ar_to_en","approved-only","false","3002.2350419999566","0","0","1128","{""2"":15,""3"":120,""4"":269,""5"":266,""6"":239,""7"":219}","24","114","24","24","[]","[]","solver_deadline_observed_root_cause_unestablished"
"30","7","ar_to_en","compatibility","true","4.58179199998267","22","41","2000","{""2"":47,""3"":391,""4"":391,""5"":391,""6"":390,""7"":390}","1","0","24","24","[]","[]",""
"30","9","en_to_ar","approved-only","false","1702.3828330000397","0","0","2000","{""2"":50,""3"":342,""4"":342,""5"":342,""6"":341,""7"":341,""8"":167,""9"":75}","2","33","6","6","[]","[]","solver_deadline_observed_root_cause_unestablished"
"30","9","en_to_ar","compatibility","true","6.705042000045069","40","60","2000","{""2"":220,""3"":255,""4"":255,""5"":254,""6"":254,""7"":254,""8"":254,""9"":254}","1","0","6","6","[]","[]",""
"30","9","ar_to_en","approved-only","false","3991.0709170000628","0","0","1373","{""2"":15,""3"":120,""4"":269,""5"":266,""6"":239,""7"":219,""8"":167,""9"":78}","146","44","24","24","[]","[]","solver_deadline_observed_root_cause_unestablished"
"30","9","ar_to_en","compatibility","true","868.7792079999344","32","64","4000","{""2"":47,""3"":565,""4"":565,""5"":565,""6"":565,""7"":565,""8"":564,""9"":564}","6","29","24","24","[]","[]",""
"30","11","en_to_ar","approved-only","false","1803.3335420000367","0","0","2000","{""2"":50,""3"":329,""4"":330,""5"":329,""6"":329,""7"":329,""8"":178,""9"":88,""10"":22,""11"":16}","2","62","6","6","[]","[]","solver_deadline_observed_root_cause_unestablished"
"30","11","en_to_ar","compatibility","true","13.231790999998339","62","85","2000","{""2"":200,""3"":200,""4"":200,""5"":200,""6"":200,""7"":200,""8"":200,""9"":200,""10"":200,""11"":200}","1","0","6","6","[]","[]",""
"30","11","ar_to_en","approved-only","false","4414.682249999954","0","0","1455","{""2"":15,""3"":120,""4"":269,""5"":266,""6"":239,""7"":219,""8"":167,""9"":78,""10"":54,""11"":28}","389","39","24","24","[]","[]","solver_deadline_observed_root_cause_unestablished"
"30","11","ar_to_en","compatibility","true","635.0448750000214","44","96","6000","{""2"":47,""3"":630,""4"":666,""5"":666,""6"":666,""7"":665,""8"":665,""9"":665,""10"":665,""11"":665}","4","24","24","24","[]","[]",""
"30","13","en_to_ar","approved-only","false","1806.7587500000373","0","0","2000","{""2"":50,""3"":324,""4"":325,""5"":324,""6"":324,""7"":324,""8"":180,""9"":94,""10"":24,""11"":16,""12"":13,""13"":2}","2","40","6","6","[]","[]","solver_deadline_observed_root_cause_unestablished"
"30","13","en_to_ar","compatibility","true","62.523374999989755","80","119","2000","{""2"":172,""3"":172,""4"":173,""5"":173,""6"":173,""7"":173,""8"":173,""9"":172,""10"":172,""11"":172,""12"":172,""13"":103}","1","0","6","6","[]","[]",""
"30","13","ar_to_en","approved-only","false","2408.5763329999754","0","0","1477","{""2"":15,""3"":120,""4"":269,""5"":266,""6"":239,""7"":219,""8"":167,""9"":78,""10"":54,""11"":28,""12"":14,""13"":8}","480","0","24","24","[]","[]","bounded_search_no_solution_reason_unestablished"
"30","13","ar_to_en","compatibility","true","84.86966700002085","64","135","6000","{""2"":47,""3"":599,""4"":600,""5"":600,""6"":600,""7"":600,""8"":600,""9"":600,""10"":600,""11"":599,""12"":363,""13"":192}","1","0","24","24","[]","[]",""
