"headwordIndex","english","referenceArabic","referenceScore","orderScore","englishLength","arabicLengths","englishLengthScore","arabicLengthScore","englishPatterns","arabicPatterns","diagnosticGapScore","finalSelectionScore","oldStatus","initialStatus","finalStatus","reason","headwords","relationships","headwordStatus","relationshipStatus","register","allowedEnToAr","allowedArToEn","preferredEnToAr","preferredArToEn","restrictedEnToAr","restrictedArToEn","allowedNonpreferredArToEn","posAssignments","unresolvedPos","senseAssignments","multiword"
"1858","ICE","الجليد","100","70.72043950555626","3","[3,4,5,6]","18","8","[""E?I"",""EC?"",""I??""]","[]","35","205.72043950555627","review","approved","approved","Selected general vocabulary. Approval requires at least one approved MSA relationship; an unsuitable translation alone does not reject the headword.","1","4","{""approved"":1}","{""review"":2,""approved"":2}","{""msa"":4}","2","2","1","1","0","0","1","4","0","1","0"
"1663","TEN","عشرة.","100","71.69434386315396","3","[3,4,6,7]","18","8","[]","[""?شع""]","28","199.69434386315396","review","approved","approved","Selected general vocabulary. Approval requires at least one approved MSA relationship; an unsuitable translation alone does not reject the headword.","1","4","{""approved"":1}","{""approved"":3,""review"":1}","{""msa"":4}","3","3","1","1","0","0","2","4","0","0","0"
"2621","SKI","التزلج","100","66.90972655762268","3","[3,4,6]","18","8","[""?KS"",""I??""]","[]","32","198.90972655762266","review","approved","approved","Selected general vocabulary. Approval requires at least one approved MSA relationship; an unsuitable translation alone does not reject the headword.","1","3","{""approved"":1}","{""approved"":2,""review"":1}","{""msa"":2,""uncertain"":1}","2","2","1","1","0","0","1","3","0","0","0"
"1667","CAT","القط","100","71.6743663378699","3","[2,3,4,5]","18","8","[]","[]","26","197.6743663378699","review","approved","approved","Selected general vocabulary. Approval requires at least one approved MSA relationship; an unsuitable translation alone does not reject the headword.","1","5","{""approved"":1}","{""approved"":4,""review"":1}","{""msa"":4,""uncertain"":1}","4","4","1","1","0","0","3","5","0","0","0"
"1670","DIE","يموت","100","71.65938319390685","3","[2,4]","18","8","[]","[]","26","197.65938319390685","review","approved","approved","Selected general vocabulary. Approval requires at least one approved MSA relationship; an unsuitable translation alone does not reject the headword.","1","3","{""approved"":1}","{""review"":1,""approved"":2}","{""msa"":3}","2","2","1","1","0","0","1","3","0","0","0"
"1719","GUY","الرجل","100","71.41465850917717","3","[3,5]","18","8","[]","[]","26","197.41465850917717","review","approved","approved","Selected general vocabulary. Approval requires at least one approved MSA relationship; an unsuitable translation alone does not reject the headword.","1","2","{""approved"":1}","{""review"":1,""approved"":1}","{""uncertain"":1,""msa"":1}","1","1","1","1","0","0","0","1","1","0","0"
"1832","FIT","تناسب","100","70.85029341990261","3","[4,5]","18","8","[]","[]","26","196.8502934199026","review","approved","approved","Selected general vocabulary. Approval requires at least one approved MSA relationship; an unsuitable translation alone does not reject the headword.","1","2","{""approved"":1}","{""approved"":2}","{""msa"":2}","2","2","1","1","0","0","1","2","0","2","0"
"2572","EAT","تناول الطعام","100","67.15445124235235","3","[2,3,4,11]","18","8","[""EA?""]","[]","29","196.15445124235237","review","approved","approved","Selected general vocabulary. Approval requires at least one approved MSA relationship; an unsuitable translation alone does not reject the headword.","1","6","{""approved"":1}","{""approved"":4,""review"":2}","{""msa"":6}","4","4","1","1","0","0","3","6","0","0","1"
"2595","AIM","الهدف","100","67.03958047196903","3","[3,5,7]","18","8","[""A?M""]","[]","29","196.03958047196903","review","approved","approved","Selected general vocabulary. Approval requires at least one approved MSA relationship; an unsuitable translation alone does not reject the headword.","1","3","{""approved"":1}","{""approved"":3}","{""msa"":3}","3","3","1","1","0","0","2","3","0","3","0"
"2710","SKY","السماء","100","66.46522662005245","3","[4,5,6]","18","8","[""?KS""]","[]","29","195.46522662005245","review","approved","approved","Selected general vocabulary. Approval requires at least one approved MSA relationship; an unsuitable translation alone does not reject the headword.","1","4","{""approved"":1}","{""review"":2,""approved"":2}","{""msa"":3,""uncertain"":1}","2","2","1","1","0","0","1","3","1","0","0"
"2854","INK","حبر","100","65.74603570982644","3","[3,5]","18","8","[""I??""]","[]","29","194.74603570982646","review","approved","approved","Selected general vocabulary. Approval requires at least one approved MSA relationship; an unsuitable translation alone does not reject the headword.","1","2","{""approved"":1}","{""approved"":2}","{""msa"":2}","2","2","1","1","0","0","1","2","0","0","0"
"2315","TAG","وسم","100","68.43800724185292","3","[3]","18","8","[]","[]","26","194.43800724185292","review","approved","approved","Selected general vocabulary. Approval requires at least one approved MSA relationship; an unsuitable translation alone does not reject the headword.","1","2","{""approved"":1}","{""review"":1,""approved"":1}","{""uncertain"":1,""msa"":1}","1","1","1","1","0","0","0","2","0","0","0"
"2317","MIX","مزيج","100","68.42801847921089","3","[4,6]","18","8","[]","[]","26","194.4280184792109","review","approved","approved","Selected general vocabulary. Approval requires at least one approved MSA relationship; an unsuitable translation alone does not reject the headword.","1","3","{""approved"":1}","{""review"":1,""approved"":2}","{""uncertain"":1,""msa"":2}","2","2","1","1","0","0","1","3","0","0","0"
"2324","FIX","إصلاح","100","68.39305780996379","3","[4,5]","18","8","[]","[]","26","194.3930578099638","review","approved","approved","Selected general vocabulary. Approval requires at least one approved MSA relationship; an unsuitable translation alone does not reject the headword.","1","3","{""approved"":1}","{""review"":2,""approved"":1}","{""msa"":3}","1","1","1","1","0","0","0","3","0","0","0"
"3046","ARM","ذراع","100","64.78711449619178","3","[4,5,6]","18","8","[""A?M""]","[]","29","193.78711449619178","review","approved","approved","Selected general vocabulary. Approval requires at least one approved MSA relationship; an unsuitable translation alone does not reject the headword.","1","3","{""approved"":1}","{""approved"":2,""review"":1}","{""msa"":3}","2","2","1","1","0","0","1","3","0","0","0"
"2490","WON","فاز","100","67.56399051067548","3","[3]","18","8","[]","[]","26","193.56399051067547","review","approved","approved","Selected general vocabulary. Approval requires at least one approved MSA relationship; an unsuitable translation alone does not reject the headword.","1","2","{""approved"":1}","{""approved"":1,""review"":1}","{""msa"":1,""uncertain"":1}","1","1","1","1","0","0","0","1","1","0","0"
"2609","TIP","نصيحة","100","66.96965913347485","3","[3,5]","18","8","[]","[]","26","192.96965913347486","review","approved","approved","Selected general vocabulary. Approval requires at least one approved MSA relationship; an unsuitable translation alone does not reject the headword.","1","2","{""approved"":1}","{""approved"":1,""review"":1}","{""msa"":1,""uncertain"":1}","1","1","1","1","0","0","0","2","0","0","0"
"2648","FLY","يطير","100","66.7748782619553","3","[4,5]","18","8","[]","[]","26","192.77487826195528","review","approved","approved","Selected general vocabulary. Approval requires at least one approved MSA relationship; an unsuitable translation alone does not reject the headword.","1","2","{""approved"":1}","{""approved"":2}","{""msa"":2}","2","2","2","2","0","0","0","2","0","2","0"
"2687","HEY","مرحباً","100","66.58009739043577","3","[2,3,5]","18","8","[]","[]","26","192.58009739043575","review","approved","approved","Selected general vocabulary. Approval requires at least one approved MSA relationship; an unsuitable translation alone does not reject the headword.","1","4","{""approved"":1}","{""review"":3,""approved"":1}","{""uncertain"":2,""msa"":2}","1","1","1","1","0","0","0","4","0","0","0"
"2701","TEA","شاي","100","66.51017605194157","3","[3,5]","18","8","[]","[]","26","192.51017605194158","review","approved","approved","Selected general vocabulary. Approval requires at least one approved MSA relationship; an unsuitable translation alone does not reject the headword.","1","3","{""approved"":1}","{""approved"":2,""review"":1}","{""msa"":3}","2","2","1","1","0","0","1","3","0","0","0"
"2733","TOY","لعبة","100","66.35035584966913","3","[4]","18","8","[]","[]","26","192.35035584966914","review","approved","approved","Selected general vocabulary. Approval requires at least one approved MSA relationship; an unsuitable translation alone does not reject the headword.","1","1","{""approved"":1}","{""approved"":1}","{""msa"":1}","1","1","1","1","0","0","0","1","0","0","0"
"2742","HIP","الورك","100","66.30540641777999","3","[3,5]","18","8","[]","[]","26","192.30540641777998","review","approved","approved","Selected general vocabulary. Approval requires at least one approved MSA relationship; an unsuitable translation alone does not reject the headword.","1","3","{""approved"":1}","{""approved"":2,""review"":1}","{""msa"":2,""uncertain"":1}","2","2","1","1","0","0","1","3","0","0","0"
"2765","DOT","دوت","100","66.19053564739667","3","[3,4]","18","8","[]","[]","26","192.19053564739667","review","approved","approved","Selected general vocabulary. Approval requires at least one approved MSA relationship; an unsuitable translation alone does not reject the headword.","1","2","{""approved"":1}","{""approved"":1,""review"":1}","{""msa"":1,""uncertain"":1}","1","1","1","1","0","0","0","2","0","0","0"
"2811","DON","دون","100","65.96079410663003","3","[3,5]","18","8","[]","[]","26","191.96079410663003","review","approved","approved","Selected general vocabulary. Approval requires at least one approved MSA relationship; an unsuitable translation alone does not reject the headword.","1","2","{""approved"":1}","{""review"":1,""approved"":1}","{""uncertain"":1,""msa"":1}","1","1","1","1","0","0","0","1","1","0","0"
"1838","MET","التقى","100","70.82032713197653","3","[5,6]","18","0","[""T?M""]","[]","21","191.8203271319765","review","approved","approved","Selected general vocabulary. Approval requires at least one approved MSA relationship; an unsuitable translation alone does not reject the headword.","1","4","{""approved"":1}","{""approved"":4}","{""msa"":4}","4","4","1","1","0","0","3","4","0","0","0"
"2891","PIN","دبوس","100","65.56124360094893","3","[4,6,7]","18","8","[]","[]","26","191.56124360094893","review","approved","approved","Selected general vocabulary. Approval requires at least one approved MSA relationship; an unsuitable translation alone does not reject the headword.","1","3","{""approved"":1}","{""approved"":2,""review"":1}","{""msa"":3}","2","2","1","1","0","0","1","3","0","0","0"
"2899","RAW","الخام","100","65.52128855038082","3","[3,4,5]","18","8","[]","[]","26","191.5212885503808","review","approved","approved","Selected general vocabulary. Approval requires at least one approved MSA relationship; an unsuitable translation alone does not reject the headword.","1","3","{""approved"":1}","{""approved"":3}","{""msa"":3}","3","3","1","1","0","0","2","3","0","0","0"
"1900","CONTINUED","تابع","100","70.51067549007367","9","[4]","10","8","[""?EU??????""]","[]","21","191.51067549007365","review","approved","approved","Selected general vocabulary. Approval requires at least one approved MSA relationship; an unsuitable translation alone does not reject the headword.","1","1","{""approved"":1}","{""approved"":1}","{""msa"":1}","1","1","1","1","0","0","0","1","0","0","0"
"1928","HIMSELF","نفسه","100","70.37083281308527","7","[4]","10","8","[""F?E????""]","[]","21","191.37083281308526","review","approved","approved","Selected general vocabulary. Approval requires at least one approved MSA relationship; an unsuitable translation alone does not reject the headword.","1","1","{""approved"":1}","{""approved"":1}","{""msa"":1}","1","1","1","1","0","0","0","1","0","0","0"
"1936","GUARANTEE","ضمان","100","70.33087776251718","9","[4,6,7]","10","8","[""?U??A????""]","[]","21","191.33087776251716","review","approved","approved","Selected general vocabulary. Approval requires at least one approved MSA relationship; an unsuitable translation alone does not reject the headword.","1","3","{""approved"":1}","{""approved"":3}","{""msa"":3}","3","3","1","1","0","0","2","3","0","0","0"
"2963","HAT","قبعة","100","65.20164814583593","3","[4,6]","18","8","[]","[]","26","191.20164814583592","review","approved","approved","Selected general vocabulary. Approval requires at least one approved MSA relationship; an unsuitable translation alone does not reject the headword.","1","2","{""approved"":1}","{""approved"":2}","{""msa"":2}","2","2","1","1","0","0","1","2","0","0","0"
"1965","FREEDOM","الحرية","100","70.18604070420777","7","[4,6]","10","8","[""F?E????""]","[]","21","191.18604070420776","review","approved","approved","Selected general vocabulary. Approval requires at least one approved MSA relationship; an unsuitable translation alone does not reject the headword.","1","2","{""approved"":1}","{""approved"":2}","{""msa"":2}","2","2","1","1","0","0","1","2","0","0","0"
"1980","THOUSANDS","آلاف","100","70.11112498439256","9","[4,6]","10","8","[""????S?N??""]","[]","21","191.11112498439257","review","approved","approved","Selected general vocabulary. Approval requires at least one approved MSA relationship; an unsuitable translation alone does not reject the headword.","1","3","{""approved"":1}","{""review"":2,""approved"":1}","{""msa"":3}","1","1","1","1","0","0","0","3","0","0","0"
"1985","EASTERN","الشرقية","100","70.08615307778749","7","[3,4,5,7]","10","8","[""EA?????""]","[]","21","191.0861530777875","review","approved","approved","Selected general vocabulary. Approval requires at least one approved MSA relationship; an unsuitable translation alone does not reject the headword.","1","4","{""approved"":1}","{""approved"":3,""review"":1}","{""msa"":4}","3","3","1","1","0","0","2","4","0","0","0"
"3024","WET","رطب","100","64.8969908852541","3","[3,5]","18","8","[]","[]","26","190.8969908852541","review","approved","approved","Selected general vocabulary. Approval requires at least one approved MSA relationship; an unsuitable translation alone does not reject the headword.","1","2","{""approved"":1}","{""approved"":2}","{""msa"":2}","2","2","1","1","0","0","1","2","0","0","0"
"3437","SIR","سيدي","100","62.834311399675364","3","[3,4]","18","8","[]","[""ري?""]","28","190.83431139967536","review","approved","approved","Selected general vocabulary. Approval requires at least one approved MSA relationship; an unsuitable translation alone does not reject the headword.","1","3","{""approved"":1}","{""review"":2,""approved"":1}","{""uncertain"":1,""msa"":2}","1","1","1","1","0","0","0","3","0","0","0"
"3038","FOX","الثعلب","100","64.82706954675989","3","[4,6]","18","8","[]","[]","26","190.8270695467599","review","approved","approved","Selected general vocabulary. Approval requires at least one approved MSA relationship; an unsuitable translation alone does not reject the headword.","1","3","{""approved"":1}","{""approved"":2,""review"":1}","{""msa"":2,""uncertain"":1}","2","2","1","1","0","0","1","3","0","0","0"
"2038","COMPREHENSIVE","شامل","100","69.82145086777376","13","[4,5]","10","8","[""??M??????????""]","[]","21","190.82145086777376","review","approved","approved","Selected general vocabulary. Approval requires at least one approved MSA relationship; an unsuitable translation alone does not reject the headword.","1","2","{""approved"":1}","{""approved"":2}","{""msa"":2}","2","2","1","1","0","0","1","2","0","0","0"
"2099","ELEMENT","عنصر","100","69.51679360719191","7","[4,6]","10","8","[""T?????E""]","[]","21","190.51679360719191","review","approved","approved","Selected general vocabulary. Approval requires at least one approved MSA relationship; an unsuitable translation alone does not reject the headword.","1","2","{""approved"":1}","{""approved"":2}","{""msa"":2}","2","2","1","1","0","0","1","2","0","0","0"
"2229","THEATRE","المسرح المسرحي","100","68.86752403546011","7","[4,6,13]","10","8","[""T?????E""]","[]","21","189.86752403546012","review","approved","approved","Selected general vocabulary. Approval requires at least one approved MSA relationship; an unsuitable translation alone does not reject the headword.","1","3","{""approved"":1}","{""approved"":2,""review"":1}","{""msa"":3}","2","2","1","1","1","1","1","3","0","0","1"
"3244","KID","طفل","100","63.798226994631044","3","[3]","18","8","[]","[]","26","189.79822699463105","review","approved","approved","Selected general vocabulary. Approval requires at least one approved MSA relationship; an unsuitable translation alone does not reject the headword.","1","1","{""approved"":1}","{""approved"":1}","{""msa"":1}","1","1","1","1","0","0","0","1","0","0","0"
"3265","PAN","عموم","100","63.69334498688975","3","[3,4]","18","8","[]","[]","26","189.69334498688974","review","review","review","Selected general vocabulary. Approval requires at least one approved MSA relationship; an unsuitable translation alone does not reject the headword.","1","2","{""review"":1}","{""review"":2}","{""uncertain"":1,""msa"":1}","0","0","0","0","0","0","0","0","2","0","0"
"1666","COMPLEX","مجمع","100","71.67936071919091","7","[4]","10","8","[]","[]","18","189.67936071919092","review","approved","approved","Selected general vocabulary. Approval requires at least one approved MSA relationship; an unsuitable translation alone does not reject the headword.","1","1","{""approved"":1}","{""approved"":1}","{""msa"":1}","1","1","1","1","0","0","0","1","0","1","0"
"1671","PRESENTED","عرض","100","71.65438881258584","9","[3]","10","8","[]","[]","18","189.65438881258584","review","approved","approved","Selected general vocabulary. Approval requires at least one approved MSA relationship; an unsuitable translation alone does not reject the headword.","1","1","{""approved"":1}","{""approved"":1}","{""msa"":1}","1","1","1","1","0","0","0","1","0","0","0"
"1686","HIGHEST","أعلى","100","71.57947309277064","7","[4]","10","8","[]","[]","18","189.57947309277063","review","approved","approved","Selected general vocabulary. Approval requires at least one approved MSA relationship; an unsuitable translation alone does not reject the headword.","1","1","{""approved"":1}","{""approved"":1}","{""msa"":1}","1","1","1","1","0","0","0","1","0","0","0"
"1687","HELPFUL","مفيدة","100","71.57447871144961","7","[4,5]","10","8","[]","[]","18","189.57447871144961","review","approved","approved","Selected general vocabulary. Approval requires at least one approved MSA relationship; an unsuitable translation alone does not reject the headword.","1","2","{""approved"":1}","{""approved"":2}","{""msa"":2}","2","2","1","1","0","0","1","2","0","0","0"
"1688","MONTHLY","شهريا","100","71.5694843301286","7","[4,5,6,7]","10","8","[]","[]","18","189.5694843301286","review","approved","approved","Selected general vocabulary. Approval requires at least one approved MSA relationship; an unsuitable translation alone does not reject the headword.","1","5","{""approved"":1}","{""approved"":5}","{""msa"":5}","5","5","2","2","0","0","3","5","0","0","0"
"1707","CHANGED","غيرت","100","71.47459108502935","7","[4,5]","10","8","[]","[]","18","189.47459108502935","review","approved","approved","Selected general vocabulary. Approval requires at least one approved MSA relationship; an unsuitable translation alone does not reject the headword.","1","3","{""approved"":1}","{""approved"":3}","{""msa"":3}","3","3","1","1","0","0","2","3","0","0","0"
"1708","PET","الحيوانات الأليفة","100","71.46959670370832","3","[16]","18","0","[]","[]","18","189.4695967037083","review","review","review","Selected general vocabulary. Approval requires at least one approved MSA relationship; an unsuitable translation alone does not reject the headword.","1","1","{""review"":1}","{""review"":1}","{""msa"":1}","0","0","0","0","0","0","0","1","0","0","1"
"1716","RUSSIAN","الروسية","100","71.42964165314021","7","[4,5,6,7]","10","8","[]","[]","18","189.4296416531402","review","approved","approved","Selected general vocabulary. Approval requires at least one approved MSA relationship; an unsuitable translation alone does not reject the headword.","1","5","{""approved"":1}","{""approved"":4,""rejected"":1}","{""msa"":5}","4","4","1","1","1","1","3","5","0","1","0"
"1724","CONNECT","الاتصال","100","71.38968660257211","7","[3,5,7]","10","8","[]","[]","18","189.3896866025721","review","approved","approved","Selected general vocabulary. Approval requires at least one approved MSA relationship; an unsuitable translation alone does not reject the headword.","1","5","{""approved"":1}","{""approved"":3,""review"":2}","{""msa"":5}","3","3","1","1","0","0","2","5","0","0","0"
"1729","APPLIED","مطبق","100","71.36471469596704","7","[4]","10","8","[]","[]","18","189.36471469596705","review","approved","approved","Selected general vocabulary. Approval requires at least one approved MSA relationship; an unsuitable translation alone does not reject the headword.","1","3","{""approved"":1}","{""approved"":2,""review"":1}","{""msa"":3}","2","2","1","1","0","0","1","3","0","0","0"
"1732","DESCRIBED","وصف","100","71.349731552004","9","[3,4]","10","8","[]","[]","18","189.34973155200402","review","approved","approved","Selected general vocabulary. Approval requires at least one approved MSA relationship; an unsuitable translation alone does not reject the headword.","1","2","{""approved"":1}","{""approved"":2}","{""msa"":2}","2","2","1","1","0","0","1","2","0","0","0"
"1739","ADVANCE","سلفة","100","71.3147708827569","7","[4,5,7]","10","8","[]","[]","18","189.3147708827569","review","approved","approved","Selected general vocabulary. Approval requires at least one approved MSA relationship; an unsuitable translation alone does not reject the headword.","1","5","{""approved"":1}","{""review"":1,""approved"":4}","{""msa"":5}","4","4","2","2","0","0","2","5","0","4","0"
"1743","AUCTION","مزاد علني","100","71.29479335747284","7","[4,6,8]","10","8","[]","[]","18","189.29479335747283","review","approved","approved","Selected general vocabulary. Approval requires at least one approved MSA relationship; an unsuitable translation alone does not reject the headword.","1","3","{""approved"":1}","{""approved"":3}","{""msa"":3}","3","3","1","1","0","0","2","3","0","0","1"
"1748","ALLOWED","مسموح","100","71.26982145086777","7","[3,5,7]","10","8","[]","[]","18","189.26982145086777","review","approved","approved","Selected general vocabulary. Approval requires at least one approved MSA relationship; an unsuitable translation alone does not reject the headword.","1","3","{""approved"":1}","{""approved"":3}","{""msa"":3}","3","3","1","1","0","0","2","3","0","0","0"
"1749","CORRECT","صحيح","100","71.26482706954677","7","[3,4]","10","8","[]","[]","18","189.26482706954675","review","approved","approved","Selected general vocabulary. Approval requires at least one approved MSA relationship; an unsuitable translation alone does not reject the headword.","1","2","{""approved"":1}","{""approved"":2}","{""msa"":2}","2","2","2","2","0","0","0","2","0","2","0"
"1752","SELLING","بيع","100","71.24984392558372","7","[3,4,5]","10","8","[]","[]","18","189.24984392558372","review","approved","approved","Selected general vocabulary. Approval requires at least one approved MSA relationship; an unsuitable translation alone does not reject the headword.","1","3","{""approved"":1}","{""approved"":3}","{""msa"":3}","3","3","1","1","0","0","2","3","0","0","0"
"1775","FASHION","الموضة","100","71.1349731552004","7","[4,5,6,7]","10","8","[]","[]","18","189.13497315520038","review","approved","approved","Selected general vocabulary. Approval requires at least one approved MSA relationship; an unsuitable translation alone does not reject the headword.","1","4","{""approved"":1}","{""review"":2,""approved"":2}","{""msa"":4}","2","2","1","1","0","0","1","4","0","0","0"
"1779","MONITOR","مراقب","100","71.11499562991634","7","[3,5,6]","10","8","[]","[]","18","189.11499562991634","review","approved","approved","Selected general vocabulary. Approval requires at least one approved MSA relationship; an unsuitable translation alone does not reject the headword.","1","3","{""approved"":1}","{""approved"":3}","{""msa"":3}","3","3","1","1","0","0","2","3","0","3","0"
"1794","DISCUSS","مناقشة","100","71.04007991010113","7","[4,5,6]","10","8","[]","[]","18","189.04007991010113","review","approved","approved","Selected general vocabulary. Approval requires at least one approved MSA relationship; an unsuitable translation alone does not reject the headword.","1","4","{""approved"":1}","{""approved"":4}","{""msa"":4}","4","4","1","1","0","0","3","4","0","0","0"
"1815","LEATHER","الجلود","100","70.93519790235985","7","[3,5,6]","10","8","[]","[]","18","188.93519790235985","review","approved","approved","Selected general vocabulary. Approval requires at least one approved MSA relationship; an unsuitable translation alone does not reject the headword.","1","4","{""approved"":1}","{""approved"":3,""review"":1}","{""msa"":4}","3","3","1","1","0","0","2","4","0","0","0"
"1820","PATIENT","المريض","100","70.91022599575479","7","[4,6,7]","10","8","[]","[]","18","188.9102259957548","review","approved","approved","Selected general vocabulary. Approval requires at least one approved MSA relationship; an unsuitable translation alone does not reject the headword.","1","4","{""approved"":1}","{""approved"":4}","{""msa"":4}","4","4","2","2","0","0","2","4","0","4","0"
"3025","CIRCUMSTANCES","الظروف","100","64.89199650393307","13","[4,6]","10","8","[""??C??????????"",""??R??????????""]","[]","24","188.89199650393306","review","approved","approved","Selected general vocabulary. Approval requires at least one approved MSA relationship; an unsuitable translation alone does not reject the headword.","1","2","{""approved"":1}","{""approved"":2}","{""msa"":2}","2","2","1","1","0","0","1","2","0","0","0"
"1827","PERHAPS","ربما","100","70.87526532650769","7","[4]","10","8","[]","[]","18","188.8752653265077","review","approved","approved","Selected general vocabulary. Approval requires at least one approved MSA relationship; an unsuitable translation alone does not reject the headword.","1","1","{""approved"":1}","{""approved"":1}","{""msa"":1}","1","1","1","1","0","0","0","1","0","0","0"
"1829","DIFFICULT","صعب","100","70.86527656386565","9","[3,4]","10","8","[]","[]","18","188.86527656386565","review","approved","approved","Selected general vocabulary. Approval requires at least one approved MSA relationship; an unsuitable translation alone does not reject the headword.","1","2","{""approved"":1}","{""approved"":2}","{""msa"":2}","2","2","1","1","0","0","1","2","0","0","0"
"1831","SATELLITE","ساتل","100","70.85528780122362","9","[4,6,7]","10","8","[]","[]","18","188.85528780122362","review","approved","approved","Selected general vocabulary. Approval requires at least one approved MSA relationship; an unsuitable translation alone does not reject the headword.","1","3","{""approved"":1}","{""approved"":2,""review"":1}","{""msa"":3}","2","2","1","1","0","0","1","3","0","0","0"
"1834","VILLAGE","قرية","100","70.84030465726057","7","[4,6]","10","8","[]","[]","18","188.84030465726056","review","approved","approved","Selected general vocabulary. Approval requires at least one approved MSA relationship; an unsuitable translation alone does not reject the headword.","1","2","{""approved"":1}","{""approved"":2}","{""msa"":2}","2","2","1","1","0","0","1","2","0","0","0"
"1836","AMATEUR","الهواة","100","70.83031589461855","7","[3,5,6]","10","8","[]","[]","18","188.83031589461854","review","approved","approved","Selected general vocabulary. Approval requires at least one approved MSA relationship; an unsuitable translation alone does not reject the headword.","1","3","{""approved"":1}","{""approved"":2,""review"":1}","{""msa"":3}","2","2","1","1","0","0","1","3","0","0","0"
"1861","BALANCE","الرصيد","100","70.7054563615932","7","[4,5,6,7]","10","8","[]","[]","18","188.7054563615932","review","approved","approved","Selected general vocabulary. Approval requires at least one approved MSA relationship; an unsuitable translation alone does not reject the headword.","1","5","{""approved"":1}","{""approved"":5}","{""msa"":5}","5","5","1","1","0","0","4","5","0","5","0"
"1864","REPLIES","الردود","100","70.69047321763017","7","[4,6]","10","8","[]","[]","18","188.69047321763017","review","approved","approved","Selected general vocabulary. Approval requires at least one approved MSA relationship; an unsuitable translation alone does not reject the headword.","1","2","{""approved"":1}","{""approved"":2}","{""msa"":2}","2","2","1","1","0","0","1","2","0","0","0"
"1871","RECOMMEND","يوصي","100","70.65551254838307","9","[4,5]","10","8","[]","[]","18","188.65551254838306","review","approved","approved","Selected general vocabulary. Approval requires at least one approved MSA relationship; an unsuitable translation alone does not reject the headword.","1","3","{""approved"":1}","{""approved"":3}","{""msa"":3}","3","3","1","1","0","0","2","3","0","0","0"
"3474","SPY","جاسوس","100","62.649519290797855","3","[4,5,6,7]","18","8","[]","[]","26","188.64951929079785","review","approved","approved","Selected general vocabulary. Approval requires at least one approved MSA relationship; an unsuitable translation alone does not reject the headword.","1","4","{""approved"":1}","{""approved"":4}","{""msa"":4}","4","4","2","2","0","0","2","4","0","4","0"
"1891","FANTASY","الخيال","100","70.55562492196279","7","[4,6]","10","8","[]","[]","18","188.5556249219628","review","approved","approved","Selected general vocabulary. Approval requires at least one approved MSA relationship; an unsuitable translation alone does not reject the headword.","1","2","{""approved"":1}","{""approved"":2}","{""msa"":2}","2","2","1","1","0","0","1","2","0","0","0"
"1892","LETTERS","حروف","100","70.55063054064178","7","[4,5,6,7]","10","8","[]","[]","18","188.55063054064178","review","approved","approved","Selected general vocabulary. Approval requires at least one approved MSA relationship; an unsuitable translation alone does not reject the headword.","1","6","{""approved"":1}","{""review"":2,""approved"":4}","{""msa"":6}","4","4","1","1","0","0","3","6","0","4","0"
"1895","CONTEXT","السياق","100","70.53564739667874","7","[4,6]","10","8","[]","[]","18","188.53564739667874","review","approved","approved","Selected general vocabulary. Approval requires at least one approved MSA relationship; an unsuitable translation alone does not reject the headword.","1","2","{""approved"":1}","{""approved"":2}","{""msa"":2}","2","2","1","1","0","0","1","2","0","0","0"
"3505","SIT","الجلوس","100","62.494693469846425","3","[4,6]","18","8","[]","[]","26","188.49469346984642","review","approved","approved","Selected general vocabulary. Approval requires at least one approved MSA relationship; an unsuitable translation alone does not reject the headword.","1","2","{""approved"":1}","{""approved"":2}","{""msa"":2}","2","2","1","1","0","0","1","2","0","0","0"
"3509","WOW","نجاح باهر","100","62.47471594456236","3","[3,8]","18","8","[]","[]","26","188.47471594456238","review","review","review","Selected general vocabulary. Approval requires at least one approved MSA relationship; an unsuitable translation alone does not reject the headword.","1","2","{""review"":1}","{""review"":2}","{""uncertain"":1,""msa"":1}","0","0","0","0","1","1","0","2","0","0","1"
"1927","BROUGHT","أحضر","100","70.3758271944063","7","[4,5]","10","8","[]","[]","18","188.3758271944063","review","approved","approved","Selected general vocabulary. Approval requires at least one approved MSA relationship; an unsuitable translation alone does not reject the headword.","1","3","{""approved"":1}","{""approved"":2,""review"":1}","{""msa"":3}","2","2","1","1","0","0","1","3","0","0","0"
"1930","COMPONENT","العنصر","100","70.36084405044325","9","[4,6]","10","8","[]","[]","18","188.36084405044323","review","approved","approved","Selected general vocabulary. Approval requires at least one approved MSA relationship; an unsuitable translation alone does not reject the headword.","1","4","{""approved"":1}","{""approved"":4}","{""msa"":4}","4","4","1","1","0","0","3","4","0","0","0"
"1938","DIAMOND","الماس","100","70.32088899987514","7","[4,5,6,7]","10","8","[]","[]","18","188.32088899987514","review","approved","approved","Selected general vocabulary. Approval requires at least one approved MSA relationship; an unsuitable translation alone does not reject the headword.","1","4","{""approved"":1}","{""approved"":3,""review"":1}","{""msa"":3,""uncertain"":1}","3","3","1","1","0","0","2","4","0","0","0"
"2543","ADMINISTRATOR","مدير","100","67.29928830066174","13","[4]","10","8","[""??M??????????""]","[]","21","188.29928830066174","review","approved","approved","Selected general vocabulary. Approval requires at least one approved MSA relationship; an unsuitable translation alone does not reject the headword.","1","1","{""approved"":1}","{""approved"":1}","{""msa"":1}","1","1","1","1","0","0","0","1","0","0","0"
"1945","SECONDS","ثواني","100","70.28592833062804","7","[4,5,7]","10","8","[]","[]","18","188.28592833062805","review","approved","approved","Selected general vocabulary. Approval requires at least one approved MSA relationship; an unsuitable translation alone does not reject the headword.","1","3","{""approved"":1}","{""approved"":3}","{""msa"":3}","3","3","1","1","0","0","2","3","0","0","0"
"1972","PREMIUM","قسط التأمين","100","70.15108003496067","7","[3,10]","10","8","[]","[]","18","188.15108003496067","review","approved","approved","Selected general vocabulary. Approval requires at least one approved MSA relationship; an unsuitable translation alone does not reject the headword.","1","2","{""approved"":1}","{""approved"":2}","{""msa"":2}","2","2","1","1","0","0","1","2","0","2","1"
"3579","FIG","التين","100","62.12510925209139","3","[3,5]","18","8","[]","[]","26","188.1251092520914","review","approved","approved","Selected general vocabulary. Approval requires at least one approved MSA relationship; an unsuitable translation alone does not reject the headword.","1","2","{""approved"":1}","{""review"":1,""approved"":1}","{""uncertain"":1,""msa"":1}","1","1","1","1","0","0","0","1","1","0","0"
"1979","GROWING","النمو","100","70.11611936571357","7","[4,5,8]","10","8","[]","[]","18","188.1161193657136","review","approved","approved","Selected general vocabulary. Approval requires at least one approved MSA relationship; an unsuitable translation alone does not reject the headword.","1","3","{""approved"":1}","{""approved"":3}","{""msa"":3}","3","3","1","1","0","0","2","3","0","0","0"
"1984","HEARING","جلسة استماع","100","70.0911474591085","7","[4,5,10]","10","8","[]","[]","18","188.0911474591085","review","approved","approved","Selected general vocabulary. Approval requires at least one approved MSA relationship; an unsuitable translation alone does not reject the headword.","1","3","{""approved"":1}","{""approved"":3}","{""msa"":3}","3","3","1","1","0","0","2","3","0","3","1"
"1987","THERAPY","العلاج","100","70.07616431514546","7","[4,6]","10","8","[]","[]","18","188.07616431514546","review","approved","approved","Selected general vocabulary. Approval requires at least one approved MSA relationship; an unsuitable translation alone does not reject the headword.","1","2","{""approved"":1}","{""approved"":2}","{""msa"":2}","2","2","1","1","0","0","1","2","0","0","0"
"1990","GENERATED","ولدت","100","70.06118117118243","9","[4]","10","8","[]","[]","18","188.06118117118243","review","approved","approved","Selected general vocabulary. Approval requires at least one approved MSA relationship; an unsuitable translation alone does not reject the headword.","1","1","{""approved"":1}","{""approved"":1}","{""msa"":1}","1","1","1","1","0","0","0","1","0","0","0"
"1994","SERIOUS","جدية","100","70.04120364589836","7","[3,4]","10","8","[]","[]","18","188.04120364589835","review","approved","approved","Selected general vocabulary. Approval requires at least one approved MSA relationship; an unsuitable translation alone does not reject the headword.","1","3","{""approved"":1}","{""approved"":3}","{""msa"":3}","3","3","1","1","0","0","2","3","0","0","0"
"3615","TAB","لسان","100","61.945311524534894","3","[3,4]","18","8","[]","[]","26","187.9453115245349","review","review","review","Selected general vocabulary. Approval requires at least one approved MSA relationship; an unsuitable translation alone does not reject the headword.","1","2","{""review"":1}","{""review"":2}","{""uncertain"":1,""msa"":1}","0","0","0","0","0","0","0","1","1","0","0"
"2022","IMMEDIATELY","فوراً","100","69.90136096890998","11","[4]","10","8","[]","[]","18","187.90136096890998","review","approved","approved","Selected general vocabulary. Approval requires at least one approved MSA relationship; an unsuitable translation alone does not reject the headword.","1","1","{""approved"":1}","{""approved"":1}","{""msa"":1}","1","1","1","1","0","0","0","1","0","0","0"
"2025","DEFENSE","الدفاع","100","69.88637782494693","7","[4,6]","10","8","[]","[]","18","187.88637782494692","review","approved","approved","Selected general vocabulary. Approval requires at least one approved MSA relationship; an unsuitable translation alone does not reject the headword.","1","2","{""approved"":1}","{""approved"":2}","{""msa"":2}","2","2","1","1","0","0","1","2","0","0","0"
"2030","COVERED","مغطى","100","69.86140591834187","7","[3,4,5]","10","8","[]","[]","18","187.86140591834186","review","approved","approved","Selected general vocabulary. Approval requires at least one approved MSA relationship; an unsuitable translation alone does not reject the headword.","1","4","{""approved"":1}","{""approved"":4}","{""msa"":4}","4","4","1","1","0","0","3","4","0","0","0"
"2046","LANGUAGES","اللغات","100","69.78149581720564","9","[4,6]","10","8","[]","[]","18","187.78149581720564","review","approved","approved","Selected general vocabulary. Approval requires at least one approved MSA relationship; an unsuitable translation alone does not reject the headword.","1","2","{""approved"":1}","{""approved"":2}","{""msa"":2}","2","2","1","1","0","0","1","2","0","0","0"
"2051","PREVENT","منع","100","69.75652391060058","7","[3,4]","10","8","[]","[]","18","187.75652391060058","review","approved","approved","Selected general vocabulary. Approval requires at least one approved MSA relationship; an unsuitable translation alone does not reject the headword.","1","2","{""approved"":1}","{""approved"":2}","{""msa"":2}","2","2","1","1","0","0","1","2","0","0","0"
"2056","IMPROVEMENT","تحسين","100","69.7315520039955","11","[4,5,6,7]","10","8","[]","[]","18","187.7315520039955","review","approved","approved","Selected general vocabulary. Approval requires at least one approved MSA relationship; an unsuitable translation alone does not reject the headword.","1","4","{""approved"":1}","{""approved"":4}","{""msa"":4}","4","4","1","1","0","0","3","4","0","0","0"
"2065","CHALLENGE","التحدي","100","69.68660257210638","9","[3,4,6]","10","8","[]","[]","18","187.68660257210638","review","approved","approved","Selected general vocabulary. Approval requires at least one approved MSA relationship; an unsuitable translation alone does not reject the headword.","1","4","{""approved"":1}","{""approved"":4}","{""msa"":4}","4","4","1","1","0","0","3","4","0","0","0"
"2070","AFFAIRS","الشؤون","100","69.6616306655013","7","[4,6]","10","8","[]","[]","18","187.66163066550132","review","approved","approved","Selected general vocabulary. Approval requires at least one approved MSA relationship; an unsuitable translation alone does not reject the headword.","1","2","{""approved"":1}","{""approved"":2}","{""msa"":2}","2","2","1","1","0","0","1","2","0","0","0"
"2073","TOWARDS","نحو","100","69.64664752153827","7","[3]","10","8","[]","[]","18","187.64664752153828","review","approved","approved","Selected general vocabulary. Approval requires at least one approved MSA relationship; an unsuitable translation alone does not reject the headword.","1","1","{""approved"":1}","{""approved"":1}","{""msa"":1}","1","1","1","1","0","0","0","1","0","0","0"
"2079","CHARGES","رسوم","100","69.61668123361218","7","[4,5]","10","8","[]","[]","18","187.61668123361218","review","approved","approved","Selected general vocabulary. Approval requires at least one approved MSA relationship; an unsuitable translation alone does not reject the headword.","1","2","{""approved"":1}","{""approved"":2}","{""msa"":2}","2","2","2","2","0","0","0","2","0","2","0"
"2093","CERTIFIED","مصدقة","100","69.546759895118","9","[4,5,6]","10","8","[]","[]","18","187.546759895118","review","approved","approved","Selected general vocabulary. Approval requires at least one approved MSA relationship; an unsuitable translation alone does not reject the headword.","1","4","{""approved"":1}","{""approved"":4}","{""msa"":4}","4","4","1","1","0","0","3","4","0","0","0"
"2106","QUARTER","الربع","100","69.48183293794482","7","[3,5]","10","8","[]","[]","18","187.48183293794483","review","approved","approved","Selected general vocabulary. Approval requires at least one approved MSA relationship; an unsuitable translation alone does not reject the headword.","1","2","{""approved"":1}","{""approved"":2}","{""msa"":2}","2","2","1","1","0","0","1","2","0","0","0"
"2114","BREAKFAST","الإفطار","100","69.4418778873767","9","[4,5,6,7]","10","8","[]","[]","18","187.4418778873767","review","approved","approved","Selected general vocabulary. Approval requires at least one approved MSA relationship; an unsuitable translation alone does not reject the headword.","1","5","{""approved"":1}","{""approved"":3,""review"":2}","{""msa"":5}","3","3","1","1","0","0","2","5","0","0","0"
"2142","OPENING","الافتتاح","100","69.30203521038831","7","[3,5,6,8]","10","8","[]","[]","18","187.3020352103883","review","approved","approved","Selected general vocabulary. Approval requires at least one approved MSA relationship; an unsuitable translation alone does not reject the headword.","1","4","{""approved"":1}","{""approved"":4}","{""msa"":4}","4","4","1","1","0","0","3","4","0","4","0"
"2153","COUNTER","عداد","100","69.24709701585715","7","[4,6]","10","8","[]","[]","18","187.24709701585715","review","approved","approved","Selected general vocabulary. Approval requires at least one approved MSA relationship; an unsuitable translation alone does not reject the headword.","1","3","{""approved"":1}","{""approved"":3}","{""msa"":3}","3","3","2","2","0","0","1","3","0","3","0"
"2154","FAILURE","فشل","100","69.24210263453615","7","[3,5]","10","8","[]","[]","18","187.24210263453614","review","approved","approved","Selected general vocabulary. Approval requires at least one approved MSA relationship; an unsuitable translation alone does not reject the headword.","1","2","{""approved"":1}","{""approved"":2}","{""msa"":2}","2","2","1","1","0","0","1","2","0","0","0"
"2155","FOLLOWS","فيما يلي","100","69.23710825321513","7","[3,7]","10","8","[]","[]","18","187.23710825321513","review","approved","approved","Selected general vocabulary. Approval requires at least one approved MSA relationship; an unsuitable translation alone does not reject the headword.","1","2","{""approved"":1}","{""approved"":1,""review"":1}","{""msa"":2}","1","1","1","1","0","0","0","2","0","0","1"
"2160","AUTOMATICALLY","تلقائيا","100","69.21213634661007","13","[4,7]","10","8","[]","[]","18","187.21213634661007","review","approved","approved","Selected general vocabulary. Approval requires at least one approved MSA relationship; an unsuitable translation alone does not reject the headword.","1","2","{""approved"":1}","{""review"":1,""approved"":1}","{""msa"":2}","1","1","1","1","0","0","0","2","0","0","0"
"2769","FEELING","شعور","100","66.17055812211262","7","[4,5,6,7]","10","8","[""F?E????""]","[]","21","187.17055812211262","review","approved","approved","Selected general vocabulary. Approval requires at least one approved MSA relationship; an unsuitable translation alone does not reject the headword.","1","5","{""approved"":1}","{""approved"":2,""review"":3}","{""msa"":5}","2","2","1","1","0","0","1","5","0","0","0"
"2178","READERS","القراء","100","69.1222374828318","7","[4,6]","10","8","[]","[]","18","187.1222374828318","review","approved","approved","Selected general vocabulary. Approval requires at least one approved MSA relationship; an unsuitable translation alone does not reject the headword.","1","2","{""approved"":1}","{""approved"":2}","{""msa"":2}","2","2","1","1","0","0","1","2","0","0","0"
"2187","LEADERS","القادة","100","69.07728805094268","7","[4,5,6,7]","10","8","[]","[]","18","187.07728805094268","review","approved","approved","Selected general vocabulary. Approval requires at least one approved MSA relationship; an unsuitable translation alone does not reject the headword.","1","4","{""approved"":1}","{""approved"":4}","{""msa"":4}","4","4","1","1","0","0","3","4","0","0","0"
"2197","YESTERDAY","أمس","100","69.02734423773255","9","[3,5,7]","10","8","[]","[]","18","187.02734423773256","review","approved","approved","Selected general vocabulary. Approval requires at least one approved MSA relationship; an unsuitable translation alone does not reject the headword.","1","5","{""approved"":1}","{""review"":3,""approved"":2}","{""msa"":5}","2","2","1","1","0","0","1","5","0","0","0"
"2200","WHOLESALE","الجملة","100","69.01236109376951","9","[4,6,7]","10","8","[]","[]","18","187.01236109376953","review","approved","approved","Selected general vocabulary. Approval requires at least one approved MSA relationship; an unsuitable translation alone does not reject the headword.","1","3","{""approved"":1}","{""review"":2,""approved"":1}","{""msa"":3}","1","1","1","1","0","0","0","3","0","0","0"
"2616","ANNOUNCED","أعلن","100","66.93469846422774","9","[4,5]","10","8","[]","[""نل??""]","20","186.93469846422772","review","approved","approved","Selected general vocabulary. Approval requires at least one approved MSA relationship; an unsuitable translation alone does not reject the headword.","1","3","{""approved"":1}","{""review"":2,""approved"":1}","{""msa"":3}","1","1","1","1","0","0","0","3","0","0","0"
"2217","BROTHER","اخي","100","68.92745661131228","7","[2,3,4]","10","8","[]","[]","18","186.92745661131227","review","review","review","Selected general vocabulary. Approval requires at least one approved MSA relationship; an unsuitable translation alone does not reject the headword.","1","3","{""review"":1}","{""review"":3}","{""msa"":3}","0","0","0","0","0","0","0","3","0","0","0"
"1817","TEMPERATURE","درجة الحرارة","100","70.92520913971782","11","[7,11]","10","0","[""????????U??"",""??U????????""]","[]","16","186.92520913971782","review","approved","approved","Selected general vocabulary. Approval requires at least one approved MSA relationship; an unsuitable translation alone does not reject the headword.","1","2","{""approved"":1}","{""review"":1,""approved"":1}","{""msa"":2}","1","1","1","1","0","0","0","2","0","0","1"
"2233","SPONSOR","الراعي","100","68.84754651017604","7","[3,6]","10","8","[]","[]","18","186.84754651017604","review","approved","approved","Selected general vocabulary. Approval requires at least one approved MSA relationship; an unsuitable translation alone does not reject the headword.","1","2","{""approved"":1}","{""approved"":2}","{""msa"":2}","2","2","1","1","0","0","1","2","0","0","0"
"2237","DEDICATED","مكرسة","100","68.827568984892","9","[4,5]","10","8","[]","[]","18","186.827568984892","review","approved","approved","Selected general vocabulary. Approval requires at least one approved MSA relationship; an unsuitable translation alone does not reject the headword.","1","2","{""approved"":1}","{""approved"":2}","{""msa"":2}","2","2","1","1","0","0","1","2","0","0","0"
"2245","EVENING","مساءً","100","68.78761393432389","7","[4,6]","10","8","[]","[]","18","186.78761393432387","review","approved","approved","Selected general vocabulary. Approval requires at least one approved MSA relationship; an unsuitable translation alone does not reject the headword.","1","2","{""approved"":1}","{""approved"":2}","{""msa"":2}","2","2","1","1","0","0","1","2","0","0","0"
"2247","NUCLEAR","النووية","100","68.77762517168186","7","[4,5,7]","10","8","[]","[]","18","186.77762517168185","review","approved","approved","Selected general vocabulary. Approval requires at least one approved MSA relationship; an unsuitable translation alone does not reject the headword.","1","3","{""approved"":1}","{""approved"":3}","{""msa"":3}","3","3","1","1","0","0","2","3","0","0","0"
"3853","LEG","الساق","100","60.756648770133594","3","[3,5]","18","8","[]","[]","26","186.7566487701336","review","approved","approved","Selected general vocabulary. Approval requires at least one approved MSA relationship; an unsuitable translation alone does not reject the headword.","1","3","{""approved"":1}","{""approved"":2,""rejected"":1}","{""msa"":3}","2","2","1","1","1","1","1","3","0","0","0"
"2276","APPEARS","يظهر","100","68.63278811337246","7","[4]","10","8","[]","[]","18","186.63278811337244","review","approved","approved","Selected general vocabulary. Approval requires at least one approved MSA relationship; an unsuitable translation alone does not reject the headword.","1","1","{""approved"":1}","{""approved"":1}","{""msa"":1}","1","1","1","1","0","0","0","1","0","0","0"
"2279","DECIDED","تقرر","100","68.6178049694094","7","[3,4]","10","8","[]","[]","18","186.6178049694094","review","approved","approved","Selected general vocabulary. Approval requires at least one approved MSA relationship; an unsuitable translation alone does not reject the headword.","1","3","{""approved"":1}","{""approved"":3}","{""msa"":3}","3","3","1","1","0","0","2","3","0","0","0"
"2282","ADVANTAGE","ميزة","100","68.60282182544637","9","[4,6]","10","8","[]","[]","18","186.60282182544637","review","approved","approved","Selected general vocabulary. Approval requires at least one approved MSA relationship; an unsuitable translation alone does not reject the headword.","1","3","{""approved"":1}","{""approved"":3}","{""msa"":3}","3","3","1","1","0","0","2","3","0","0","0"
"2296","BINDING","ملزم","100","68.53290048695217","7","[4,5,7]","10","8","[]","[]","18","186.53290048695217","review","approved","approved","Selected general vocabulary. Approval requires at least one approved MSA relationship; an unsuitable translation alone does not reject the headword.","1","5","{""approved"":1}","{""approved"":3,""review"":2}","{""msa"":5}","3","3","1","1","0","0","2","5","0","0","0"
"2318","FRAMEWORK","الإطار","100","68.42302409788986","9","[4,6]","10","8","[]","[]","18","186.42302409788988","review","approved","approved","Selected general vocabulary. Approval requires at least one approved MSA relationship; an unsuitable translation alone does not reject the headword.","1","2","{""approved"":1}","{""review"":1,""approved"":1}","{""msa"":2}","1","1","1","1","0","0","0","2","0","0","0"
"2320","INSTALLED","مثبت","100","68.41303533524786","9","[4,5]","10","8","[]","[]","18","186.41303533524786","review","approved","approved","Selected general vocabulary. Approval requires at least one approved MSA relationship; an unsuitable translation alone does not reject the headword.","1","2","{""approved"":1}","{""approved"":2}","{""msa"":2}","2","2","1","1","0","0","1","2","0","0","0"
"2322","CREDITS","أرصدة دائنة","100","68.40304657260582","7","[4,6,10]","10","8","[]","[]","18","186.40304657260583","review","approved","approved","Selected general vocabulary. Approval requires at least one approved MSA relationship; an unsuitable translation alone does not reject the headword.","1","4","{""approved"":1}","{""review"":3,""approved"":1}","{""msa"":4}","1","1","1","1","0","0","0","4","0","1","1"
"2942","TROUBLE","مشكلة","100","65.30653015357723","7","[4,5,7]","10","8","[""T?????E""]","[]","21","186.30653015357723","review","approved","approved","Selected general vocabulary. Approval requires at least one approved MSA relationship; an unsuitable translation alone does not reject the headword.","1","4","{""approved"":1}","{""approved"":4}","{""msa"":4}","4","4","1","1","0","0","3","4","0","0","0"
"2342","MEASURE","التدبير","100","68.30315894618553","7","[4,5,6,7]","10","8","[]","[]","18","186.30315894618553","review","approved","approved","Selected general vocabulary. Approval requires at least one approved MSA relationship; an unsuitable translation alone does not reject the headword.","1","4","{""approved"":1}","{""approved"":4}","{""msa"":4}","4","4","1","1","0","0","3","4","0","4","0"
"2362","VINTAGE","خمر","100","68.20327131976526","7","[3,4,5]","10","8","[]","[]","18","186.20327131976526","review","approved","approved","Selected general vocabulary. Approval requires at least one approved MSA relationship; an unsuitable translation alone does not reject the headword.","1","3","{""approved"":1}","{""approved"":2,""review"":1}","{""msa"":3}","2","2","1","1","0","0","1","3","0","0","0"
"3969","JET","الطائرة النفاثة","100","60.177300536895984","3","[3,14]","18","8","[]","[]","26","186.17730053689598","review","approved","approved","Selected general vocabulary. Approval requires at least one approved MSA relationship; an unsuitable translation alone does not reject the headword.","1","2","{""approved"":1}","{""review"":1,""approved"":1}","{""uncertain"":1,""msa"":1}","1","1","1","1","0","0","0","1","1","0","1"
"2373","REALITY","الواقع","100","68.1483331252341","7","[4,5,6]","10","8","[]","[]","18","186.1483331252341","review","approved","approved","Selected general vocabulary. Approval requires at least one approved MSA relationship; an unsuitable translation alone does not reject the headword.","1","3","{""approved"":1}","{""approved"":3}","{""msa"":3}","3","3","1","1","0","0","2","3","0","0","0"
"2381","DESTINATION","الوجهة","100","68.10837807466599","11","[4,6,7]","10","8","[]","[]","18","186.108378074666","review","approved","approved","Selected general vocabulary. Approval requires at least one approved MSA relationship; an unsuitable translation alone does not reject the headword.","1","4","{""approved"":1}","{""review"":1,""approved"":3}","{""msa"":4}","3","3","1","1","0","0","2","4","0","0","0"
"2993","CONTRACTS","العقود","100","65.05181670620551","9","[4,6]","10","8","[""?TC??????""]","[]","21","186.0518167062055","review","approved","approved","Selected general vocabulary. Approval requires at least one approved MSA relationship; an unsuitable translation alone does not reject the headword.","1","2","{""approved"":1}","{""approved"":2}","{""msa"":2}","2","2","1","1","0","0","1","2","0","0","0"
"2399","RESIDENTIAL","سكني","100","68.01847921088776","11","[4]","10","8","[]","[]","18","186.01847921088776","review","approved","approved","Selected general vocabulary. Approval requires at least one approved MSA relationship; an unsuitable translation alone does not reject the headword.","1","1","{""approved"":1}","{""approved"":1}","{""msa"":1}","1","1","1","1","0","0","0","1","0","0","0"
"3009","CONTINUES","تابع","100","64.9719066050693","9","[4,5]","10","8","[""?EU??????""]","[]","21","185.9719066050693","review","approved","approved","Selected general vocabulary. Approval requires at least one approved MSA relationship; an unsuitable translation alone does not reject the headword.","1","2","{""approved"":1}","{""approved"":1,""review"":1}","{""msa"":2}","1","1","1","1","0","0","0","2","0","0","0"
"4017","PEN","قلم","100","59.937570233487335","3","[3,5]","18","8","[]","[]","26","185.93757023348735","review","approved","approved","Selected general vocabulary. Approval requires at least one approved MSA relationship; an unsuitable translation alone does not reject the headword.","1","2","{""approved"":1}","{""approved"":2}","{""msa"":2}","2","2","1","1","0","0","1","2","0","0","0"
"2419","REPLACEMENT","الاستبدال","100","67.91859158446748","11","[4,6,7,9]","10","8","[]","[]","18","185.9185915844675","review","approved","approved","Selected general vocabulary. Approval requires at least one approved MSA relationship; an unsuitable translation alone does not reject the headword.","1","4","{""approved"":1}","{""approved"":4}","{""msa"":4}","4","4","1","1","0","0","3","4","0","4","0"
"4029","JOY","الفرح","100","59.87763765763516","3","[3,4,5]","18","8","[]","[]","26","185.87763765763515","review","approved","approved","Selected general vocabulary. Approval requires at least one approved MSA relationship; an unsuitable translation alone does not reject the headword.","1","4","{""approved"":1}","{""approved"":4}","{""msa"":4}","4","4","1","1","0","0","3","4","0","0","0"
"2431","APARTMENT","شقة","100","67.8586590086153","9","[3,5]","10","8","[]","[]","18","185.8586590086153","review","approved","approved","Selected general vocabulary. Approval requires at least one approved MSA relationship; an unsuitable translation alone does not reject the headword.","1","3","{""approved"":1}","{""approved"":2,""review"":1}","{""msa"":3}","2","2","1","1","0","0","1","3","0","0","0"
"4033","RAN","ركض","100","59.85766013235111","3","[3,4]","18","8","[]","[]","26","185.8576601323511","review","approved","approved","Selected general vocabulary. Approval requires at least one approved MSA relationship; an unsuitable translation alone does not reject the headword.","1","3","{""approved"":1}","{""approved"":3}","{""msa"":3}","3","3","1","1","0","0","2","3","0","0","0"
"2444","MANAGED","تدار","100","67.79373205144212","7","[4]","10","8","[]","[]","18","185.79373205144213","review","review","review","Selected general vocabulary. Approval requires at least one approved MSA relationship; an unsuitable translation alone does not reject the headword.","1","1","{""review"":1}","{""review"":1}","{""msa"":1}","0","0","0","0","0","0","0","1","0","0","0"
"2459","THEATER","مسرح","100","67.71881633162691","7","[4,6]","10","8","[]","[]","18","185.7188163316269","review","approved","approved","Selected general vocabulary. Approval requires at least one approved MSA relationship; an unsuitable translation alone does not reject the headword.","1","2","{""approved"":1}","{""approved"":2}","{""msa"":2}","2","2","1","1","0","0","1","2","0","0","0"
"2463","PERFORM","أداء","100","67.69883880634286","7","[4]","10","8","[]","[]","18","185.69883880634285","review","approved","approved","Selected general vocabulary. Approval requires at least one approved MSA relationship; an unsuitable translation alone does not reject the headword.","1","1","{""approved"":1}","{""approved"":1}","{""msa"":1}","1","1","1","1","0","0","0","1","0","0","0"
"2464","HEALTHY","صحية","100","67.69384442502185","7","[3,4]","10","8","[]","[]","18","185.69384442502184","review","approved","approved","Selected general vocabulary. Approval requires at least one approved MSA relationship; an unsuitable translation alone does not reject the headword.","1","3","{""approved"":1}","{""review"":1,""approved"":2}","{""msa"":3}","2","2","1","1","0","0","1","2","1","0","0"
"4067","LAY","وضع","100","59.687851167436634","3","[3]","18","8","[]","[]","26","185.68785116743663","review","approved","approved","Selected general vocabulary. Approval requires at least one approved MSA relationship; an unsuitable translation alone does not reject the headword.","1","1","{""approved"":1}","{""approved"":1}","{""msa"":1}","1","1","1","1","0","0","0","1","0","0","0"
"2476","PROTECTED","محمية","100","67.63391184916968","9","[4,5]","10","8","[]","[]","18","185.6339118491697","review","approved","approved","Selected general vocabulary. Approval requires at least one approved MSA relationship; an unsuitable translation alone does not reject the headword.","1","2","{""approved"":1}","{""approved"":2}","{""msa"":2}","2","2","1","1","0","0","1","2","0","0","0"
"2500","SERVING","خدمة","100","67.51404669746535","7","[4]","10","8","[]","[]","18","185.51404669746535","review","approved","approved","Selected general vocabulary. Approval requires at least one approved MSA relationship; an unsuitable translation alone does not reject the headword.","1","2","{""approved"":1}","{""approved"":2}","{""msa"":2}","2","2","1","1","0","0","1","2","0","0","0"
"2901","WALKING","المشي","100","65.51129978773879","7","[3,4,5]","10","8","[]","[""?شي""]","20","185.51129978773878","review","approved","approved","Selected general vocabulary. Approval requires at least one approved MSA relationship; an unsuitable translation alone does not reject the headword.","1","4","{""approved"":1}","{""approved"":3,""review"":1}","{""msa"":4}","3","3","1","1","0","0","2","4","0","0","0"
"2518","FREQUENCY","تردد","100","67.4241478336871","9","[4,5,6,7]","10","8","[]","[]","18","185.4241478336871","review","approved","approved","Selected general vocabulary. Approval requires at least one approved MSA relationship; an unsuitable translation alone does not reject the headword.","1","5","{""approved"":1}","{""approved"":5}","{""msa"":5}","5","5","1","1","0","0","4","5","0","0","0"
"2525","DISPLAYED","عرض","100","67.38918716444002","9","[3,5,6]","10","8","[]","[]","18","185.38918716444002","review","approved","approved","Selected general vocabulary. Approval requires at least one approved MSA relationship; an unsuitable translation alone does not reject the headword.","1","3","{""approved"":1}","{""approved"":3}","{""msa"":3}","3","3","1","1","0","0","2","3","0","0","0"
"2125","APPROXIMATELY","تقريبا","100","69.38693969284554","13","[6]","10","0","[""??E??????????"",""??P??????????""]","[]","16","185.38693969284554","review","approved","approved","Selected general vocabulary. Approval requires at least one approved MSA relationship; an unsuitable translation alone does not reject the headword.","1","1","{""approved"":1}","{""approved"":1}","{""msa"":1}","1","1","1","1","0","0","0","1","0","0","0"
"2531","PERFORMED","أداء","100","67.35922087651392","9","[4]","10","8","[]","[]","18","185.35922087651392","review","review","review","Selected general vocabulary. Approval requires at least one approved MSA relationship; an unsuitable translation alone does not reject the headword.","1","1","{""review"":1}","{""review"":1}","{""msa"":1}","0","0","0","0","0","0","0","1","0","0","0"
"3133","SPECIALTY","التخصص","100","64.35260332126359","9","[4,6]","10","8","[""?TL??????""]","[]","21","185.3526033212636","review","approved","approved","Selected general vocabulary. Approval requires at least one approved MSA relationship; an unsuitable translation alone does not reject the headword.","1","2","{""approved"":1}","{""approved"":2}","{""msa"":2}","2","2","1","1","0","0","1","2","0","0","0"
"2540","REMOVED","أزيلت","100","67.3142714446248","7","[4,5]","10","8","[]","[]","18","185.3142714446248","review","approved","approved","Selected general vocabulary. Approval requires at least one approved MSA relationship; an unsuitable translation alone does not reject the headword.","1","3","{""approved"":1}","{""review"":2,""approved"":1}","{""msa"":3}","1","1","1","1","0","0","0","3","0","0","0"
"2542","SINGLES","العزاب","100","67.30428268198277","7","[4,6]","10","8","[]","[]","18","185.30428268198278","review","approved","approved","Selected general vocabulary. Approval requires at least one approved MSA relationship; an unsuitable translation alone does not reject the headword.","1","3","{""approved"":1}","{""review"":2,""approved"":1}","{""msa"":3}","1","1","1","1","0","0","0","3","0","1","0"
"2573","PERMANENT","دائم","100","67.14945686103134","9","[4,5,6,7]","10","8","[]","[]","18","185.14945686103135","review","approved","approved","Selected general vocabulary. Approval requires at least one approved MSA relationship; an unsuitable translation alone does not reject the headword.","1","5","{""approved"":1}","{""approved"":4,""review"":1}","{""msa"":5}","4","4","1","1","0","0","3","5","0","0","0"
"2577","CONSTITUTES","تشكل","100","67.12947933574728","11","[4]","10","8","[]","[]","18","185.12947933574728","review","approved","approved","Selected general vocabulary. Approval requires at least one approved MSA relationship; an unsuitable translation alone does not reject the headword.","1","1","{""approved"":1}","{""approved"":1}","{""msa"":1}","1","1","1","1","0","0","0","1","0","0","0"
"2579","PRACTICAL","عملي","100","67.11949057310525","9","[4,6]","10","8","[]","[]","18","185.11949057310525","review","approved","approved","Selected general vocabulary. Approval requires at least one approved MSA relationship; an unsuitable translation alone does not reject the headword.","1","2","{""approved"":1}","{""approved"":2}","{""msa"":2}","2","2","1","1","0","0","1","2","0","0","0"
"2580","DELIVERED","المسلّمة","100","67.11449619178424","9","[4,7]","10","8","[]","[]","18","185.11449619178424","review","approved","approved","Selected general vocabulary. Approval requires at least one approved MSA relationship; an unsuitable translation alone does not reject the headword.","1","2","{""approved"":1}","{""approved"":2}","{""msa"":2}","2","2","1","1","0","0","1","2","0","0","0"
"2193","ADVERTISEMENT","الإعلان","100","69.04732176301661","13","[7]","10","0","[""??E??????????"",""??V??????????""]","[]","16","185.0473217630166","review","approved","approved","Selected general vocabulary. Approval requires at least one approved MSA relationship; an unsuitable translation alone does not reject the headword.","1","1","{""approved"":1}","{""approved"":1}","{""msa"":1}","1","1","1","1","0","0","0","1","0","0","0"
"2600","RECORDING","التسجيل","100","67.01460856536397","9","[4,5,7]","10","8","[]","[]","18","185.01460856536397","review","approved","approved","Selected general vocabulary. Approval requires at least one approved MSA relationship; an unsuitable translation alone does not reject the headword.","1","3","{""approved"":1}","{""approved"":3}","{""msa"":3}","3","3","1","1","0","0","2","3","0","0","0"
"2608","MEANING","المعنى","100","66.97465351479585","7","[4,5,6]","10","8","[]","[]","18","184.97465351479585","review","approved","approved","Selected general vocabulary. Approval requires at least one approved MSA relationship; an unsuitable translation alone does not reject the headword.","1","5","{""approved"":1}","{""review"":2,""approved"":3}","{""msa"":5}","3","3","1","1","0","0","2","5","0","0","0"
"2611","WONDERFUL","رائع","100","66.95967037083281","9","[4]","10","8","[]","[]","18","184.9596703708328","review","approved","approved","Selected general vocabulary. Approval requires at least one approved MSA relationship; an unsuitable translation alone does not reject the headword.","1","1","{""approved"":1}","{""approved"":1}","{""msa"":1}","1","1","1","1","0","0","0","1","0","0","0"
"2625","POSTING","نشر","100","66.88974903233861","7","[3,4,5]","10","8","[]","[]","18","184.8897490323386","review","approved","approved","Selected general vocabulary. Approval requires at least one approved MSA relationship; an unsuitable translation alone does not reject the headword.","1","3","{""approved"":1}","{""approved"":2,""review"":1}","{""msa"":3}","2","2","1","1","0","0","1","3","0","0","0"
"2627","INSTANT","لحظة","100","66.87976026969659","7","[4,5,6,7]","10","8","[]","[]","18","184.8797602696966","review","approved","approved","Selected general vocabulary. Approval requires at least one approved MSA relationship; an unsuitable translation alone does not reject the headword.","1","5","{""approved"":1}","{""approved"":5}","{""msa"":5}","5","5","2","2","0","0","3","5","0","1","0"
"2628","MENTIONED","ذكر","100","66.87476588837558","9","[3,4]","10","8","[]","[]","18","184.87476588837558","review","approved","approved","Selected general vocabulary. Approval requires at least one approved MSA relationship; an unsuitable translation alone does not reject the headword.","1","2","{""approved"":1}","{""approved"":2}","{""msa"":2}","2","2","1","1","0","0","1","2","0","0","0"
"2629","AUTOMATIC","التلقائي","100","66.86977150705457","9","[4,6,7,8]","10","8","[]","[]","18","184.86977150705457","review","approved","approved","Selected general vocabulary. Approval requires at least one approved MSA relationship; an unsuitable translation alone does not reject the headword.","1","5","{""approved"":1}","{""review"":2,""approved"":3}","{""msa"":5}","3","3","1","1","0","0","2","5","0","0","0"
"2232","MANUFACTURERS","المصنعين","100","68.85254089149706","13","[8]","10","0","[""??E??????????"",""??N??????????""]","[]","16","184.85254089149706","review","approved","approved","Selected general vocabulary. Approval requires at least one approved MSA relationship; an unsuitable translation alone does not reject the headword.","1","1","{""approved"":1}","{""approved"":1}","{""msa"":1}","1","1","1","1","0","0","0","1","0","0","0"
"2635","CONNECTED","متصل","100","66.83980521912848","9","[4,5,6]","10","8","[]","[]","18","184.8398052191285","review","approved","approved","Selected general vocabulary. Approval requires at least one approved MSA relationship; an unsuitable translation alone does not reject the headword.","1","4","{""approved"":1}","{""approved"":4}","{""msa"":4}","4","4","1","1","0","0","3","4","0","0","0"
"2652","COMBINATION","مزيج","100","66.75490073667125","11","[4,6]","10","8","[]","[]","18","184.75490073667123","review","approved","approved","Selected general vocabulary. Approval requires at least one approved MSA relationship; an unsuitable translation alone does not reject the headword.","1","2","{""approved"":1}","{""approved"":2}","{""msa"":2}","2","2","1","1","0","0","1","2","0","0","0"
"2655","DESPITE","رغم","100","66.73991759270821","7","[3]","10","8","[]","[]","18","184.7399175927082","review","approved","approved","Selected general vocabulary. Approval requires at least one approved MSA relationship; an unsuitable translation alone does not reject the headword.","1","1","{""approved"":1}","{""approved"":1}","{""msa"":1}","1","1","1","1","0","0","0","1","0","0","0"
"2661","DISTRIBUTED","وزعت","100","66.70995130478212","11","[4]","10","8","[]","[]","18","184.70995130478212","review","approved","approved","Selected general vocabulary. Approval requires at least one approved MSA relationship; an unsuitable translation alone does not reject the headword.","1","2","{""approved"":1}","{""review"":1,""approved"":1}","{""msa"":2}","1","1","1","1","0","0","0","2","0","0","0"
"2667","SEEKING","البحث","100","66.67998501685604","7","[4,5]","10","8","[]","[]","18","184.67998501685605","review","approved","approved","Selected general vocabulary. Approval requires at least one approved MSA relationship; an unsuitable translation alone does not reject the headword.","1","2","{""approved"":1}","{""approved"":1,""review"":1}","{""msa"":2}","1","1","1","1","0","0","0","2","0","0","0"
"3069","BOOKING","الحجز","100","64.67224372580846","7","[2,3,5]","10","8","[]","[""?ز""]","20","184.67224372580847","review","approved","approved","Selected general vocabulary. Approval requires at least one approved MSA relationship; an unsuitable translation alone does not reject the headword.","1","3","{""approved"":1}","{""approved"":2,""rejected"":1}","{""msa"":3}","2","2","1","1","1","1","1","3","0","0","0"
"2675","COMFORT","الراحة","100","66.64002996628793","7","[4,6]","10","8","[]","[]","18","184.64002996628793","review","approved","approved","Selected general vocabulary. Approval requires at least one approved MSA relationship; an unsuitable translation alone does not reject the headword.","1","2","{""approved"":1}","{""approved"":2}","{""msa"":2}","2","2","1","1","0","0","1","2","0","0","0"
"2275","PROFESSIONALS","المهنيون","100","68.63778249469347","13","[7,8,9]","10","0","[""??A??????????"",""??O??????????""]","[]","16","184.63778249469345","review","approved","approved","Selected general vocabulary. Approval requires at least one approved MSA relationship; an unsuitable translation alone does not reject the headword.","1","5","{""approved"":1}","{""approved"":5}","{""msa"":5}","5","5","1","1","0","0","4","5","0","0","0"
"2689","BUILDINGS","المباني","100","66.57010862779373","9","[4,5,7,8]","10","8","[]","[]","18","184.57010862779373","review","approved","approved","Selected general vocabulary. Approval requires at least one approved MSA relationship; an unsuitable translation alone does not reject the headword.","1","4","{""approved"":1}","{""approved"":4}","{""msa"":4}","4","4","1","1","0","0","3","4","0","0","0"
"2696","SMOKING","التدخين","100","66.53514795854663","7","[4,5,7]","10","8","[]","[]","18","184.53514795854664","review","approved","approved","Selected general vocabulary. Approval requires at least one approved MSA relationship; an unsuitable translation alone does not reject the headword.","1","4","{""approved"":1}","{""approved"":4}","{""msa"":4}","4","4","1","1","0","0","3","4","0","0","0"
"2697","BECOMES","يصبح","100","66.53015357722563","7","[4]","10","8","[]","[]","18","184.53015357722563","review","approved","approved","Selected general vocabulary. Approval requires at least one approved MSA relationship; an unsuitable translation alone does not reject the headword.","1","2","{""approved"":1}","{""approved"":2}","{""msa"":2}","2","2","1","1","0","0","1","2","0","0","0"
"2713","CARRIED","نُقلت","100","66.4502434760894","7","[4]","10","8","[]","[]","18","184.45024347608938","review","approved","approved","Selected general vocabulary. Approval requires at least one approved MSA relationship; an unsuitable translation alone does not reject the headword.","1","1","{""approved"":1}","{""approved"":1}","{""msa"":1}","1","1","1","1","0","0","0","1","0","0","0"
"1717","LARGEST","الأكبر","100","71.4246472718192","7","[6]","10","0","[""L?????T""]","[]","13","184.4246472718192","review","approved","approved","Selected general vocabulary. Approval requires at least one approved MSA relationship; an unsuitable translation alone does not reject the headword.","1","1","{""approved"":1}","{""approved"":1}","{""msa"":1}","1","1","1","1","0","0","0","1","0","0","0"
"2734","CIRCUIT","دائرة الدائرة","100","66.3453614683481","7","[4,5,7,12]","10","8","[]","[]","18","184.3453614683481","review","approved","approved","Selected general vocabulary. Approval requires at least one approved MSA relationship; an unsuitable translation alone does not reject the headword.","1","4","{""approved"":1}","{""approved"":3,""review"":1}","{""msa"":4}","3","3","1","1","1","1","2","4","0","3","1"
"1738","ATTENTION","الاهتمام","100","71.31976526407792","9","[6,8]","10","0","[""?O??????A""]","[]","13","184.31976526407792","review","approved","approved","Selected general vocabulary. Approval requires at least one approved MSA relationship; an unsuitable translation alone does not reject the headword.","1","4","{""approved"":1}","{""approved"":4}","{""msa"":4}","4","4","1","1","0","0","3","4","0","0","0"
"2760","OPTICAL","بصري","100","66.21550755400176","7","[4,5]","10","8","[]","[]","18","184.21550755400176","review","approved","approved","Selected general vocabulary. Approval requires at least one approved MSA relationship; an unsuitable translation alone does not reject the headword.","1","2","{""approved"":1}","{""approved"":2}","{""msa"":2}","2","2","1","1","0","0","1","2","0","0","0"
"2763","AMAZING","مدهش","100","66.20052441003871","7","[4]","10","8","[]","[]","18","184.20052441003872","review","approved","approved","Selected general vocabulary. Approval requires at least one approved MSA relationship; an unsuitable translation alone does not reject the headword.","1","1","{""approved"":1}","{""approved"":1}","{""msa"":1}","1","1","1","1","0","0","0","1","0","0","0"
"1778","DOCUMENTATION","الوثائق","100","71.11999001123736","13","[5,7,9]","10","0","[""??C??????????""]","[]","13","184.11999001123735","review","approved","approved","Selected general vocabulary. Approval requires at least one approved MSA relationship; an unsuitable translation alone does not reject the headword.","1","4","{""approved"":1}","{""approved"":4}","{""msa"":4}","4","4","1","1","0","0","3","4","0","0","0"
"2805","REPRESENT","تمثل","100","65.99076039455612","9","[4]","10","8","[]","[]","18","183.9907603945561","review","approved","approved","Selected general vocabulary. Approval requires at least one approved MSA relationship; an unsuitable translation alone does not reject the headword.","1","1","{""approved"":1}","{""approved"":1}","{""msa"":1}","1","1","1","1","0","0","0","1","0","0","0"
"1819","ANNOUNCEMENTS","الإعلانات","100","70.91522037707578","13","[7,9]","10","0","[""??N??????????""]","[]","13","183.9152203770758","review","approved","approved","Selected general vocabulary. Approval requires at least one approved MSA relationship; an unsuitable translation alone does not reject the headword.","1","3","{""approved"":1}","{""review"":2,""approved"":1}","{""msa"":3}","1","1","1","1","0","0","0","3","0","0","0"
"2831","MARKETPLACE","السوق","100","65.86090648020976","11","[3,5]","10","8","[]","[]","18","183.86090648020976","review","approved","approved","Selected general vocabulary. Approval requires at least one approved MSA relationship; an unsuitable translation alone does not reject the headword.","1","2","{""approved"":1}","{""approved"":2}","{""msa"":2}","2","2","1","1","0","0","1","2","0","0","0"
"2836","EVOLUTION","التطور","100","65.8359345736047","9","[4,6]","10","8","[]","[]","18","183.8359345736047","review","approved","approved","Selected general vocabulary. Approval requires at least one approved MSA relationship; an unsuitable translation alone does not reject the headword.","1","2","{""approved"":1}","{""approved"":2}","{""msa"":2}","2","2","1","1","0","0","1","2","0","0","0"
"2841","SUGGESTED","مقترح","100","65.81096266699961","9","[3,5,6]","10","8","[]","[]","18","183.81096266699961","review","approved","approved","Selected general vocabulary. Approval requires at least one approved MSA relationship; an unsuitable translation alone does not reject the headword.","1","3","{""approved"":1}","{""approved"":2,""rejected"":1}","{""msa"":3}","2","2","1","1","1","1","1","3","0","0","0"
"2850","GENERIC","عام","100","65.7660132351105","7","[3]","10","8","[]","[]","18","183.7660132351105","review","approved","approved","Selected general vocabulary. Approval requires at least one approved MSA relationship; an unsuitable translation alone does not reject the headword.","1","1","{""approved"":1}","{""approved"":1}","{""msa"":1}","1","1","1","1","0","0","0","1","0","0","0"
"4458","TOE","اصبع القدم","100","57.735048070920215","3","[4,9]","18","8","[]","[]","26","183.73504807092021","review","review","review","Selected general vocabulary. Approval requires at least one approved MSA relationship; an unsuitable translation alone does not reject the headword.","1","2","{""review"":1}","{""review"":2}","{""msa"":2}","0","0","0","0","0","0","0","2","0","0","1"
"2864","TRANSIT","المرور العابر","100","65.69609189661631","7","[4,6,12]","10","8","[]","[]","18","183.6960918966163","review","approved","approved","Selected general vocabulary. Approval requires at least one approved MSA relationship; an unsuitable translation alone does not reject the headword.","1","3","{""approved"":1}","{""approved"":3}","{""msa"":3}","3","3","1","1","0","0","2","3","0","0","1"
"2874","KEEPING","حفظ","100","65.64614808340616","7","[3]","10","8","[]","[]","18","183.64614808340616","review","approved","approved","Selected general vocabulary. Approval requires at least one approved MSA relationship; an unsuitable translation alone does not reject the headword.","1","1","{""approved"":1}","{""approved"":1}","{""msa"":1}","1","1","1","1","0","0","0","1","0","0","0"
"2877","RECEIVING","تلقي","100","65.63116493944312","9","[4,6,8]","10","8","[]","[]","18","183.63116493944312","review","approved","approved","Selected general vocabulary. Approval requires at least one approved MSA relationship; an unsuitable translation alone does not reject the headword.","1","3","{""approved"":1}","{""approved"":3}","{""msa"":3}","3","3","1","1","0","0","2","3","0","0","0"
"1883","MANUFACTURING","التصنيع","100","70.59557997253091","13","[5,7]","10","0","[""??N??????????""]","[]","13","183.5955799725309","review","approved","approved","Selected general vocabulary. Approval requires at least one approved MSA relationship; an unsuitable translation alone does not reject the headword.","1","2","{""approved"":1}","{""approved"":2}","{""msa"":2}","2","2","1","1","0","0","1","2","0","0","0"
"2885","DISCUSSED","نوقشت","100","65.59120988887501","9","[4,5]","10","8","[]","[]","18","183.59120988887503","review","approved","approved","Selected general vocabulary. Approval requires at least one approved MSA relationship; an unsuitable translation alone does not reject the headword.","1","3","{""approved"":1}","{""approved"":3}","{""msa"":3}","3","3","1","1","0","0","2","3","0","0","0"
"2889","CLIMATE","المناخ","100","65.57123236359097","7","[4,6]","10","8","[]","[]","18","183.57123236359098","review","approved","approved","Selected general vocabulary. Approval requires at least one approved MSA relationship; an unsuitable translation alone does not reject the headword.","1","2","{""approved"":1}","{""approved"":2}","{""msa"":2}","2","2","1","1","0","0","1","2","0","0","0"
"2893","ALCOHOL","الكحول","100","65.5512548383069","7","[4,6,9]","10","8","[]","[]","18","183.5512548383069","review","approved","approved","Selected general vocabulary. Approval requires at least one approved MSA relationship; an unsuitable translation alone does not reject the headword.","1","3","{""approved"":1}","{""approved"":3}","{""msa"":3}","3","3","1","1","0","0","2","3","0","0","0"
"1894","PROFESSOR","أستاذ","100","70.54064177799975","9","[5,6,7,8]","10","0","[""?O??????P""]","[]","13","183.54064177799975","review","approved","approved","Selected general vocabulary. Approval requires at least one approved MSA relationship; an unsuitable translation alone does not reject the headword.","1","5","{""approved"":1}","{""review"":3,""approved"":2}","{""msa"":5}","2","2","1","1","0","0","1","5","0","0","0"
"2900","DIFFERENCES","الاختلافات","100","65.5162941690598","11","[4,6,8,10]","10","8","[]","[]","18","183.5162941690598","review","approved","approved","Selected general vocabulary. Approval requires at least one approved MSA relationship; an unsuitable translation alone does not reject the headword.","1","5","{""approved"":1}","{""approved"":5}","{""msa"":5}","5","5","1","1","0","0","4","5","0","0","0"
"2902","EXPLAIN","شرح","100","65.50630540641778","7","[3,4]","10","8","[]","[]","18","183.50630540641777","review","approved","approved","Selected general vocabulary. Approval requires at least one approved MSA relationship; an unsuitable translation alone does not reject the headword.","1","3","{""approved"":1}","{""approved"":3}","{""msa"":3}","3","3","1","1","0","0","2","3","0","0","0"
"2903","SMALLER","أصغر","100","65.50131102509677","7","[4]","10","8","[]","[]","18","183.50131102509675","review","approved","approved","Selected general vocabulary. Approval requires at least one approved MSA relationship; an unsuitable translation alone does not reject the headword.","1","2","{""approved"":1}","{""review"":1,""approved"":1}","{""msa"":2}","1","1","1","1","0","0","0","2","0","0","0"
"5108","ODD","غريب","100","54.48870021226121","3","[4]","18","8","[""DD?""]","[]","29","183.48870021226122","review","approved","approved","Selected general vocabulary. Approval requires at least one approved MSA relationship; an unsuitable translation alone does not reject the headword.","1","1","{""approved"":1}","{""approved"":1}","{""msa"":1}","1","1","1","1","0","0","0","1","0","0","0"
"1908","QUICKLY","بسرعة","100","70.47072043950556","7","[5]","10","0","[""??K????""]","[]","13","183.47072043950556","review","approved","approved","Selected general vocabulary. Approval requires at least one approved MSA relationship; an unsuitable translation alone does not reject the headword.","1","1","{""approved"":1}","{""approved"":1}","{""msa"":1}","1","1","1","1","0","0","0","1","0","0","0"
"2915","PARAGRAPH","فقرة","100","65.44137844924461","9","[4,6]","10","8","[]","[]","18","183.4413784492446","review","approved","approved","Selected general vocabulary. Approval requires at least one approved MSA relationship; an unsuitable translation alone does not reject the headword.","1","2","{""approved"":1}","{""approved"":2}","{""msa"":2}","2","2","1","1","0","0","1","2","0","0","0"
"2933","CONCERN","قلق","100","65.35147958546635","7","[3,4]","10","8","[]","[]","18","183.35147958546634","review","approved","approved","Selected general vocabulary. Approval requires at least one approved MSA relationship; an unsuitable translation alone does not reject the headword.","1","2","{""approved"":1}","{""approved"":2}","{""msa"":2}","2","2","1","1","0","0","1","2","0","2","0"
"2935","REQUESTED","طلب","100","65.34149082282433","9","[3,7]","10","8","[]","[]","18","183.3414908228243","review","approved","approved","Selected general vocabulary. Approval requires at least one approved MSA relationship; an unsuitable translation alone does not reject the headword.","1","2","{""approved"":1}","{""approved"":2}","{""msa"":2}","2","2","1","1","0","0","1","2","0","0","0"
"2940","IMMEDIATE","فوري","100","65.31651891621925","9","[4,6]","10","8","[]","[]","18","183.31651891621925","review","approved","approved","Selected general vocabulary. Approval requires at least one approved MSA relationship; an unsuitable translation alone does not reject the headword.","1","2","{""approved"":1}","{""approved"":2}","{""msa"":2}","2","2","1","1","0","0","1","2","0","0","0"
"2954","PARTICIPATE","شارك","100","65.24659757772505","11","[4]","10","8","[]","[]","18","183.24659757772505","review","approved","approved","Selected general vocabulary. Approval requires at least one approved MSA relationship; an unsuitable translation alone does not reject the headword.","1","1","{""approved"":1}","{""approved"":1}","{""msa"":1}","1","1","1","1","0","0","0","1","0","0","0"
"2960","EXPERIENCED","ذوي الخبرة","100","65.21663128979897","11","[4,9]","10","8","[]","[]","18","183.21663128979895","review","approved","approved","Selected general vocabulary. Approval requires at least one approved MSA relationship; an unsuitable translation alone does not reject the headword.","1","2","{""approved"":1}","{""review"":1,""approved"":1}","{""msa"":2}","1","1","1","1","0","0","0","2","0","0","1"
"2966","DEALERS","التجار","100","65.1866650018729","7","[4,6]","10","8","[]","[]","18","183.18666500187288","review","approved","approved","Selected general vocabulary. Approval requires at least one approved MSA relationship; an unsuitable translation alone does not reject the headword.","1","2","{""approved"":1}","{""approved"":2}","{""msa"":2}","2","2","1","1","0","0","1","2","0","0","0"
"2967","SEARCHING","البحث","100","65.18167062055187","9","[4,5]","10","8","[]","[]","18","183.18167062055187","review","approved","approved","Selected general vocabulary. Approval requires at least one approved MSA relationship; an unsuitable translation alone does not reject the headword.","1","2","{""approved"":1}","{""approved"":2}","{""msa"":2}","2","2","1","1","0","0","1","2","0","0","0"
"2574","AGRICULTURE","الزراعة","100","67.14446247971033","11","[5,7]","10","0","[""????????U??"",""??U????????""]","[]","16","183.14446247971034","review","approved","approved","Selected general vocabulary. Approval requires at least one approved MSA relationship; an unsuitable translation alone does not reject the headword.","1","2","{""approved"":1}","{""approved"":2}","{""msa"":2}","2","2","1","1","0","0","1","2","0","0","0"
"1977","UPGRADE","الترقية","100","70.1261081283556","7","[5,7]","10","0","[""EDA????""]","[]","13","183.1261081283556","review","approved","approved","Selected general vocabulary. Approval requires at least one approved MSA relationship; an unsuitable translation alone does not reject the headword.","1","2","{""approved"":1}","{""approved"":2}","{""msa"":2}","2","2","1","1","0","0","1","2","0","0","0"
"2980","FAVOURITE","المفضلة","100","65.1167436633787","9","[4,6,7]","10","8","[]","[]","18","183.1167436633787","review","approved","approved","Selected general vocabulary. Approval requires at least one approved MSA relationship; an unsuitable translation alone does not reject the headword.","1","3","{""approved"":1}","{""approved"":3}","{""msa"":3}","3","3","1","1","0","0","2","3","0","0","0"
"3022","RESPONSES","الردود","100","64.90697964789612","9","[4,6,8,10]","10","8","[]","[]","18","182.90697964789612","review","approved","approved","Selected general vocabulary. Approval requires at least one approved MSA relationship; an unsuitable translation alone does not reject the headword.","1","4","{""approved"":1}","{""approved"":4}","{""msa"":4}","4","4","1","1","0","0","3","4","0","0","0"
"4628","LIE","كذبة","100","56.886003246347855","3","[4,5,6]","18","8","[]","[]","26","182.88600324634785","review","approved","approved","Selected general vocabulary. Approval requires at least one approved MSA relationship; an unsuitable translation alone does not reject the headword.","1","4","{""approved"":1}","{""approved"":3,""review"":1}","{""msa"":4}","3","3","1","1","0","0","2","4","0","4","0"
"3035","COOKING","الطبخ","100","64.84205269072294","7","[3,5]","10","8","[]","[]","18","182.84205269072294","review","approved","approved","Selected general vocabulary. Approval requires at least one approved MSA relationship; an unsuitable translation alone does not reject the headword.","1","4","{""approved"":1}","{""approved"":4}","{""msa"":4}","4","4","1","1","0","0","3","4","0","0","0"
"2035","CONFIGURATION","التكوين","100","69.8364340117368","13","[5,7,8]","10","0","[""??N??????????""]","[]","13","182.8364340117368","review","approved","approved","Selected general vocabulary. Approval requires at least one approved MSA relationship; an unsuitable translation alone does not reject the headword.","1","4","{""approved"":1}","{""approved"":4}","{""msa"":4}","4","4","1","1","0","0","3","4","0","0","0"
"3040","RESPOND","الرد","100","64.81708078411786","7","[4]","10","8","[]","[]","18","182.81708078411788","review","approved","approved","Selected general vocabulary. Approval requires at least one approved MSA relationship; an unsuitable translation alone does not reject the headword.","1","1","{""approved"":1}","{""approved"":1}","{""msa"":1}","1","1","1","1","0","0","0","1","0","0","0"
"3044","ENTERED","دخلت","100","64.79710325883381","7","[4]","10","8","[]","[]","18","182.79710325883383","review","approved","approved","Selected general vocabulary. Approval requires at least one approved MSA relationship; an unsuitable translation alone does not reject the headword.","1","1","{""approved"":1}","{""approved"":1}","{""msa"":1}","1","1","1","1","0","0","0","1","0","0","0"
"3670","AFTERNOON","بعد الظهر","100","61.67062055187913","9","[4,5,8]","10","8","[""?O??????A""]","[]","21","182.67062055187913","review","approved","approved","Selected general vocabulary. Approval requires at least one approved MSA relationship; an unsuitable translation alone does not reject the headword.","1","3","{""approved"":1}","{""review"":1,""approved"":2}","{""msa"":3}","2","2","1","1","0","0","1","3","0","0","1"
"3685","GARDENS","حدائق","100","61.59570483206393","7","[4,5,7]","10","8","[""G?R????""]","[]","21","182.59570483206392","review","approved","approved","Selected general vocabulary. Approval requires at least one approved MSA relationship; an unsuitable translation alone does not reject the headword.","1","3","{""approved"":1}","{""approved"":3}","{""msa"":3}","3","3","1","1","0","0","2","3","0","0","0"
"3085","PORTION","جزء","100","64.59233362467225","7","[3]","10","8","[]","[]","18","182.59233362467225","review","approved","approved","Selected general vocabulary. Approval requires at least one approved MSA relationship; an unsuitable translation alone does not reject the headword.","1","1","{""approved"":1}","{""approved"":1}","{""msa"":1}","1","1","1","1","0","0","0","1","0","0","0"
"4287","PRESENTATIONS","عروض تقديمية","100","58.589087276813586","13","[4,6,11]","10","8","[""??E??????????"",""??O??????????""]","[]","24","182.5890872768136","review","approved","approved","Selected general vocabulary. Approval requires at least one approved MSA relationship; an unsuitable translation alone does not reject the headword.","1","3","{""approved"":1}","{""approved"":3}","{""msa"":3}","3","3","1","1","0","0","2","3","0","0","1"
"3093","REQUIREMENT","شرط","100","64.55237857410413","11","[3,4,5,6]","10","8","[]","[]","18","182.55237857410413","review","approved","approved","Selected general vocabulary. Approval requires at least one approved MSA relationship; an unsuitable translation alone does not reject the headword.","1","5","{""approved"":1}","{""approved"":5}","{""msa"":5}","5","5","1","1","0","0","4","5","0","0","0"
"3099","ANCIENT","القديمة","100","64.52241228617805","7","[4,7]","10","8","[]","[]","18","182.52241228617805","review","approved","approved","Selected general vocabulary. Approval requires at least one approved MSA relationship; an unsuitable translation alone does not reject the headword.","1","3","{""approved"":1}","{""approved"":2,""review"":1}","{""msa"":3}","2","2","1","1","0","0","1","3","0","0","0"
"3103","PREGNANCY","الحمل","100","64.50243476089399","9","[3,5]","10","8","[]","[]","18","182.502434760894","review","approved","approved","Selected general vocabulary. Approval requires at least one approved MSA relationship; an unsuitable translation alone does not reject the headword.","1","2","{""approved"":1}","{""approved"":2}","{""msa"":2}","2","2","1","1","0","0","1","2","0","0","0"
"3106","BIOGRAPHY","السيرة الذاتية","100","64.48745161693095","9","[4,13]","10","8","[]","[]","18","182.48745161693097","review","approved","approved","Selected general vocabulary. Approval requires at least one approved MSA relationship; an unsuitable translation alone does not reject the headword.","1","2","{""approved"":1}","{""approved"":1,""review"":1}","{""msa"":2}","1","1","1","1","0","0","0","2","0","0","1"
"3116","HUSBAND","الزوج","100","64.43750780372082","7","[3,4,5]","10","8","[]","[]","18","182.43750780372082","review","approved","approved","Selected general vocabulary. Approval requires at least one approved MSA relationship; an unsuitable translation alone does not reject the headword.","1","3","{""approved"":1}","{""approved"":2,""review"":1}","{""msa"":3}","2","2","1","1","0","0","1","3","0","0","0"
"3122","CONCERT","حفلة موسيقية","100","64.40754151579472","7","[3,11]","10","8","[]","[]","18","182.40754151579472","review","approved","approved","Selected general vocabulary. Approval requires at least one approved MSA relationship; an unsuitable translation alone does not reject the headword.","1","2","{""approved"":1}","{""review"":1,""approved"":1}","{""msa"":2}","1","1","1","1","0","0","0","2","0","0","1"
"3136","CARRIER","الناقل","100","64.33762017730054","7","[4,5,6]","10","8","[]","[]","18","182.33762017730055","review","approved","approved","Selected general vocabulary. Approval requires at least one approved MSA relationship; an unsuitable translation alone does not reject the headword.","1","3","{""approved"":1}","{""approved"":3}","{""msa"":3}","3","3","1","1","0","0","2","3","0","0","0"
"3148","REFLECT","تعكس","100","64.27768760144838","7","[4]","10","8","[]","[]","18","182.27768760144838","review","approved","approved","Selected general vocabulary. Approval requires at least one approved MSA relationship; an unsuitable translation alone does not reject the headword.","1","1","{""approved"":1}","{""approved"":1}","{""msa"":1}","1","1","1","1","0","0","0","1","0","0","0"
"4751","SAD","حزينة","100","56.27169434386316","3","[3,4,5]","18","8","[]","[]","26","182.27169434386315","review","approved","approved","Selected general vocabulary. Approval requires at least one approved MSA relationship; an unsuitable translation alone does not reject the headword.","1","4","{""approved"":1}","{""review"":1,""approved"":3}","{""msa"":4}","3","3","1","1","1","1","2","4","0","1","0"
"3153","LESSONS","الدروس المستفادة","100","64.2527156948433","7","[4,5,6,15]","10","8","[]","[]","18","182.2527156948433","review","approved","approved","Selected general vocabulary. Approval requires at least one approved MSA relationship; an unsuitable translation alone does not reject the headword.","1","4","{""approved"":1}","{""approved"":4}","{""msa"":4}","4","4","1","1","0","0","3","4","0","2","1"
"3156","QUALIFIED","مؤهلون","100","64.23773255088025","9","[4,5,6,8]","10","8","[]","[]","18","182.23773255088025","review","approved","approved","Selected general vocabulary. Approval requires at least one approved MSA relationship; an unsuitable translation alone does not reject the headword.","1","5","{""approved"":1}","{""approved"":5}","{""msa"":5}","5","5","1","1","0","0","4","5","0","0","0"
"3169","CONFIRM","أكّد","100","64.17280559370708","7","[3,5,7]","10","8","[]","[]","18","182.1728055937071","review","approved","approved","Selected general vocabulary. Approval requires at least one approved MSA relationship; an unsuitable translation alone does not reject the headword.","1","4","{""approved"":1}","{""review"":3,""approved"":1}","{""msa"":4}","1","1","1","1","0","0","0","4","0","0","0"
"4780","POT","وعاء","100","56.126857285553754","3","[4,6]","18","8","[]","[]","26","182.12685728555374","review","approved","approved","Selected general vocabulary. Approval requires at least one approved MSA relationship; an unsuitable translation alone does not reject the headword.","1","2","{""approved"":1}","{""review"":1,""approved"":1}","{""msa"":2}","1","1","1","1","0","0","0","2","0","0","0"
"3779","EXPLAINED","شرح","100","61.12623298788862","9","[3]","10","8","[""????A?N??""]","[]","21","182.1262329878886","review","approved","approved","Selected general vocabulary. Approval requires at least one approved MSA relationship; an unsuitable translation alone does not reject the headword.","1","1","{""approved"":1}","{""approved"":1}","{""msa"":1}","1","1","1","1","0","0","0","1","0","0","0"
"3183","CONVERTER","المحول","100","64.10288425521289","9","[4,6]","10","8","[]","[]","18","182.10288425521287","review","approved","approved","Selected general vocabulary. Approval requires at least one approved MSA relationship; an unsuitable translation alone does not reject the headword.","1","2","{""approved"":1}","{""approved"":2}","{""msa"":2}","2","2","1","1","0","0","1","2","0","0","0"
"3192","INDICATED","مبينة","100","64.05793482332376","9","[4,5]","10","8","[]","[]","18","182.05793482332376","review","approved","approved","Selected general vocabulary. Approval requires at least one approved MSA relationship; an unsuitable translation alone does not reject the headword.","1","2","{""approved"":1}","{""approved"":2}","{""msa"":2}","2","2","1","1","0","0","1","2","0","0","0"
"3201","ENABLED","مكّن","100","64.01298539143464","7","[3]","10","8","[]","[]","18","182.01298539143465","review","approved","approved","Selected general vocabulary. Approval requires at least one approved MSA relationship; an unsuitable translation alone does not reject the headword.","1","1","{""approved"":1}","{""approved"":1}","{""msa"":1}","1","1","1","1","0","0","0","1","0","0","0"
"3205","VOLUNTEER","متطوع","100","63.99300786615058","9","[4,5,6]","10","8","[]","[]","18","181.99300786615058","review","approved","approved","Selected general vocabulary. Approval requires at least one approved MSA relationship; an unsuitable translation alone does not reject the headword.","1","3","{""approved"":1}","{""approved"":3}","{""msa"":3}","3","3","2","2","0","0","1","3","0","3","0"
"3214","ADAPTER","محول","100","63.948058434261455","7","[4]","10","8","[]","[]","18","181.94805843426144","review","approved","approved","Selected general vocabulary. Approval requires at least one approved MSA relationship; an unsuitable translation alone does not reject the headword.","1","1","{""approved"":1}","{""approved"":1}","{""msa"":1}","1","1","1","1","0","0","0","1","0","0","0"
"3231","THREADS","المواضيع","100","63.86315395180422","7","[4,6,8]","10","8","[]","[]","18","181.86315395180424","review","approved","approved","Selected general vocabulary. Approval requires at least one approved MSA relationship; an unsuitable translation alone does not reject the headword.","1","3","{""approved"":1}","{""approved"":2,""review"":1}","{""msa"":3}","2","2","1","1","0","0","1","3","0","2","0"
"2231","EARLIER","قبل ذلك","100","68.85753527281808","7","[6]","10","0","[""EA?????""]","[]","13","181.8575352728181","review","approved","approved","Selected general vocabulary. Approval requires at least one approved MSA relationship; an unsuitable translation alone does not reject the headword.","1","1","{""approved"":1}","{""approved"":1}","{""msa"":1}","1","1","1","1","0","0","0","1","0","0","1"
"3242","ENCOURAGE","تشجيع","100","63.80821575727307","9","[4,5]","10","8","[]","[]","18","181.80821575727308","review","approved","approved","Selected general vocabulary. Approval requires at least one approved MSA relationship; an unsuitable translation alone does not reject the headword.","1","2","{""approved"":1}","{""approved"":2}","{""msa"":2}","2","2","1","1","0","0","1","2","0","0","0"
"3849","FANTASTIC","رائع","100","60.77662629541766","9","[4]","10","8","[""????A?N??""]","[]","21","181.77662629541766","review","approved","approved","Selected general vocabulary. Approval requires at least one approved MSA relationship; an unsuitable translation alone does not reject the headword.","1","1","{""approved"":1}","{""approved"":1}","{""msa"":1}","1","1","1","1","0","0","0","1","0","0","0"
"1656","INTERESTING","مثيرة للاهتمام","100","71.72930453240104","11","[8,13]","10","0","[]","[]","10","181.72930453240104","review","approved","approved","Selected general vocabulary. Approval requires at least one approved MSA relationship; an unsuitable translation alone does not reject the headword.","1","2","{""approved"":1}","{""review"":1,""approved"":1}","{""msa"":2}","1","1","1","1","1","1","0","2","0","0","1"
"1668","GALLERIES","معارض","100","71.66937195654889","9","[5,7]","10","0","[]","[]","10","181.6693719565489","review","approved","approved","Selected general vocabulary. Approval requires at least one approved MSA relationship; an unsuitable translation alone does not reject the headword.","1","2","{""approved"":1}","{""approved"":2}","{""msa"":2}","2","2","1","1","0","0","1","2","0","0","0"
"3273","EPISODE","حلقة","100","63.65338993632164","7","[4,6]","10","8","[]","[]","18","181.65338993632164","review","approved","approved","Selected general vocabulary. Approval requires at least one approved MSA relationship; an unsuitable translation alone does not reject the headword.","1","2","{""approved"":1}","{""approved"":2}","{""msa"":2}","2","2","1","1","0","0","1","2","0","0","0"
"3279","INDICATES","يشير إلى","100","63.62342364839556","9","[4,7]","10","8","[]","[]","18","181.62342364839554","review","approved","approved","Selected general vocabulary. Approval requires at least one approved MSA relationship; an unsuitable translation alone does not reject the headword.","1","2","{""approved"":1}","{""approved"":2}","{""msa"":2}","2","2","1","1","0","0","1","2","0","0","1"
"1679","SPANISH","الأسبانية","100","71.61443376201773","7","[6,7,9]","10","0","[]","[]","10","181.6144337620177","review","approved","approved","Selected general vocabulary. Approval requires at least one approved MSA relationship; an unsuitable translation alone does not reject the headword.","1","5","{""approved"":1}","{""review"":3,""rejected"":1,""approved"":1}","{""msa"":5}","1","1","0","0","1","1","1","5","0","3","0"
"1682","SETTING","إعداد الإعداد","100","71.59945061805469","7","[12]","10","0","[]","[]","10","181.59945061805468","review","review","review","Selected general vocabulary. Approval requires at least one approved MSA relationship; an unsuitable translation alone does not reject the headword.","1","1","{""review"":1}","{""review"":1}","{""msa"":1}","0","0","0","0","1","1","0","1","0","0","1"
"1685","ECONOMY","الاقتصاد","100","71.58446747409164","7","[6,8]","10","0","[]","[]","10","181.58446747409164","review","approved","approved","Selected general vocabulary. Approval requires at least one approved MSA relationship; an unsuitable translation alone does not reject the headword.","1","2","{""approved"":1}","{""approved"":2}","{""msa"":2}","2","2","1","1","0","0","1","2","0","0","0"
"3290","CANDIDATE","المرشح","100","63.568485453864405","9","[4,5,6,7]","10","8","[]","[]","18","181.5684854538644","review","approved","approved","Selected general vocabulary. Approval requires at least one approved MSA relationship; an unsuitable translation alone does not reject the headword.","1","4","{""approved"":1}","{""approved"":4}","{""msa"":4}","4","4","1","1","0","0","3","4","0","0","0"
"1691","MUSICAL","الموسيقية","100","71.55450118616557","7","[6,7,9]","10","0","[]","[]","10","181.55450118616557","review","approved","approved","Selected general vocabulary. Approval requires at least one approved MSA relationship; an unsuitable translation alone does not reject the headword.","1","3","{""approved"":1}","{""approved"":3}","{""msa"":3}","3","3","1","1","0","0","2","3","0","0","0"
"1693","SECRETARY","سكرتيرة","100","71.54451242352353","9","[6,7,8]","10","0","[]","[]","10","181.54451242352354","review","approved","approved","Selected general vocabulary. Approval requires at least one approved MSA relationship; an unsuitable translation alone does not reject the headword.","1","4","{""approved"":1}","{""approved"":3,""review"":1}","{""msa"":4}","3","3","1","1","0","0","2","4","0","0","0"
"3301","MESSENGER","رسول","100","63.51354725933325","9","[4,6]","10","8","[]","[]","18","181.51354725933325","review","approved","approved","Selected general vocabulary. Approval requires at least one approved MSA relationship; an unsuitable translation alone does not reject the headword.","1","2","{""approved"":1}","{""approved"":2}","{""msa"":2}","2","2","1","1","0","0","1","2","0","0","0"
"1702","MAGAZINES","مجلات","100","71.4995629916344","9","[5,7]","10","0","[]","[]","10","181.4995629916344","review","approved","approved","Selected general vocabulary. Approval requires at least one approved MSA relationship; an unsuitable translation alone does not reject the headword.","1","2","{""approved"":1}","{""approved"":2}","{""msa"":2}","2","2","1","1","0","0","1","2","0","0","0"
"2307","MISCELLANEOUS","متنوعة","100","68.47796229242103","13","[5,6,8]","10","0","[""??O??????????""]","[]","13","181.477962292421","review","approved","approved","Selected general vocabulary. Approval requires at least one approved MSA relationship; an unsuitable translation alone does not reject the headword.","1","3","{""approved"":1}","{""approved"":3}","{""msa"":3}","3","3","1","1","0","0","2","3","0","0","0"
"1711","INDIVIDUALS","الأفراد","100","71.4546135597453","11","[5,7]","10","0","[]","[]","10","181.4546135597453","review","approved","approved","Selected general vocabulary. Approval requires at least one approved MSA relationship; an unsuitable translation alone does not reject the headword.","1","3","{""approved"":1}","{""review"":2,""approved"":1}","{""msa"":3}","1","1","1","1","0","0","0","3","0","0","0"
"3314","CATALOGUE","الفهرس","100","63.448620302160066","9","[4,6]","10","8","[]","[]","18","181.44862030216007","review","approved","approved","Selected general vocabulary. Approval requires at least one approved MSA relationship; an unsuitable translation alone does not reject the headword.","1","3","{""approved"":1}","{""approved"":3}","{""msa"":3}","3","3","1","1","0","0","2","3","0","0","0"
"1718","AFRICAN","افريقي","100","71.41965289049818","7","[6,7,8,9]","10","0","[]","[]","10","181.41965289049818","review","review","review","Selected general vocabulary. Approval requires at least one approved MSA relationship; an unsuitable translation alone does not reject the headword.","1","5","{""review"":1}","{""review"":5}","{""msa"":5}","0","0","0","0","0","0","0","5","0","0","0"
"1723","JUSTICE","العدالة","100","71.39468098389312","7","[5,7]","10","0","[]","[]","10","181.39468098389312","review","approved","approved","Selected general vocabulary. Approval requires at least one approved MSA relationship; an unsuitable translation alone does not reject the headword.","1","3","{""approved"":1}","{""approved"":3}","{""msa"":3}","3","3","1","1","0","0","2","3","0","0","0"
"4927","JAM","مربى","100","55.39268323136472","3","[3,4,6]","18","8","[]","[]","26","181.3926832313647","review","approved","approved","Selected general vocabulary. Approval requires at least one approved MSA relationship; an unsuitable translation alone does not reject the headword.","1","3","{""approved"":1}","{""approved"":2,""review"":1}","{""msa"":2,""uncertain"":1}","2","2","1","1","0","0","1","2","1","0","0"
"3338","RESERVATION","تحفظ","100","63.328755150455734","11","[3,4,5,6]","10","8","[]","[]","18","181.32875515045572","review","approved","approved","Selected general vocabulary. Approval requires at least one approved MSA relationship; an unsuitable translation alone does not reject the headword.","1","4","{""approved"":1}","{""approved"":4}","{""msa"":4}","4","4","2","2","0","0","2","4","0","4","0"
"3354","DEPENDING","حسب","100","63.24884504931951","9","[3]","10","8","[]","[]","18","181.24884504931953","review","review","review","Selected general vocabulary. Approval requires at least one approved MSA relationship; an unsuitable translation alone does not reject the headword.","1","1","{""review"":1}","{""review"":1}","{""msa"":1}","0","0","0","0","0","0","0","1","0","0","0"
"3356","EXPANSION","التوسع","100","63.23885628667749","9","[4,5,6,7]","10","8","[]","[]","18","181.2388562866775","review","approved","approved","Selected general vocabulary. Approval requires at least one approved MSA relationship; an unsuitable translation alone does not reject the headword.","1","4","{""approved"":1}","{""approved"":4}","{""msa"":4}","4","4","1","1","0","0","3","4","0","0","0"
"2761","PROMOTION","الترويج","100","66.21051317268073","9","[5,7,8]","10","0","[""?O??????P""]","[""جي?????""]","15","181.21051317268075","review","approved","approved","Selected general vocabulary. Approval requires at least one approved MSA relationship; an unsuitable translation alone does not reject the headword.","1","6","{""approved"":1}","{""approved"":5,""review"":1}","{""msa"":6}","5","5","2","2","0","0","3","6","0","5","0"
"1760","REGULATIONS","اللوائح التنظيمية","100","71.20988887501561","11","[5,7,16]","10","0","[]","[]","10","181.20988887501562","review","approved","approved","Selected general vocabulary. Approval requires at least one approved MSA relationship; an unsuitable translation alone does not reject the headword.","1","4","{""approved"":1}","{""approved"":2,""review"":2}","{""msa"":4}","2","2","1","1","0","0","1","4","0","0","1"
"1762","SPECIES","الأنواع","100","71.19990011237358","7","[7]","10","0","[]","[]","10","181.1999001123736","review","approved","approved","Selected general vocabulary. Approval requires at least one approved MSA relationship; an unsuitable translation alone does not reject the headword.","1","2","{""approved"":1}","{""review"":1,""approved"":1}","{""msa"":2}","1","1","1","1","0","0","0","2","0","0","0"
"1769","PRICING","التسعير","100","71.16493944312649","7","[5,7]","10","0","[]","[]","10","181.16493944312649","review","approved","approved","Selected general vocabulary. Approval requires at least one approved MSA relationship; an unsuitable translation alone does not reject the headword.","1","2","{""approved"":1}","{""approved"":2}","{""msa"":2}","2","2","1","1","0","0","1","2","0","0","0"
"1771","CERTIFICATE","شهادة","100","71.15495068048445","11","[5,7,8]","10","0","[]","[]","10","181.15495068048443","review","approved","approved","Selected general vocabulary. Approval requires at least one approved MSA relationship; an unsuitable translation alone does not reject the headword.","1","3","{""approved"":1}","{""approved"":2,""review"":1}","{""msa"":3}","2","2","1","1","0","0","1","3","0","0","0"
"3375","COLLECTED","تم جمعها","100","63.14396304157823","9","[4,7]","10","8","[]","[]","18","181.14396304157822","review","approved","approved","Selected general vocabulary. Approval requires at least one approved MSA relationship; an unsuitable translation alone does not reject the headword.","1","2","{""approved"":1}","{""approved"":2}","{""msa"":2}","2","2","1","1","0","0","1","2","0","0","1"
"1780","TRADING","التداول","100","71.11000124859532","7","[5,7,8]","10","0","[]","[]","10","181.11000124859532","review","approved","approved","Selected general vocabulary. Approval requires at least one approved MSA relationship; an unsuitable translation alone does not reject the headword.","1","3","{""approved"":1}","{""approved"":3}","{""msa"":3}","3","3","1","1","0","0","2","3","0","0","0"
"3384","CHAMBER","غرفة","100","63.099013609689095","7","[4]","10","8","[]","[]","18","181.0990136096891","review","approved","approved","Selected general vocabulary. Approval requires at least one approved MSA relationship; an unsuitable translation alone does not reject the headword.","1","1","{""approved"":1}","{""approved"":1}","{""msa"":1}","1","1","1","1","0","0","0","1","0","0","0"
"1791","CLIENTS","العملاء","100","71.05506305406418","7","[5,7]","10","0","[]","[]","10","181.0550630540642","review","approved","approved","Selected general vocabulary. Approval requires at least one approved MSA relationship; an unsuitable translation alone does not reject the headword.","1","3","{""approved"":1}","{""approved"":3}","{""msa"":3}","3","3","1","1","0","0","2","3","0","0","0"
"1792","ACTIONS","الإجراءات","100","71.05006867274317","7","[7,9]","10","0","[]","[]","10","181.05006867274318","review","approved","approved","Selected general vocabulary. Approval requires at least one approved MSA relationship; an unsuitable translation alone does not reject the headword.","1","5","{""approved"":1}","{""review"":3,""approved"":2}","{""msa"":5}","2","2","1","1","0","0","1","5","0","2","0"
"3402","TEMPORARY","مؤقت","100","63.00911474591085","9","[4,5,6]","10","8","[]","[]","18","181.00911474591084","review","approved","approved","Selected general vocabulary. Approval requires at least one approved MSA relationship; an unsuitable translation alone does not reject the headword.","1","4","{""approved"":1}","{""review"":1,""approved"":3}","{""msa"":4}","3","3","1","1","0","0","2","4","0","0","0"
"1801","WIND","رياح","100","71.00511924085404","4","[3,4,5,6]","0","8","[]","[""ري?""]","10","181.00511924085404","review","approved","approved","Selected general vocabulary. Approval requires at least one approved MSA relationship; an unsuitable translation alone does not reject the headword.","1","4","{""approved"":1}","{""approved"":4}","{""msa"":4}","4","4","1","1","0","0","3","4","0","0","0"
"1802","COMMUNITIES","المجتمعات المحلية","100","71.00012485953303","11","[8,9,16]","10","0","[]","[]","10","181.00012485953303","review","approved","approved","Selected general vocabulary. Approval requires at least one approved MSA relationship; an unsuitable translation alone does not reject the headword.","1","3","{""approved"":1}","{""approved"":3}","{""msa"":3}","3","3","1","1","0","0","2","3","0","2","1"
"1804","SITUATION","الحالة","100","70.99013609689099","9","[5,6]","10","0","[]","[]","10","180.99013609689098","review","approved","approved","Selected general vocabulary. Approval requires at least one approved MSA relationship; an unsuitable translation alone does not reject the headword.","1","3","{""approved"":1}","{""approved"":3}","{""msa"":3}","3","3","1","1","0","0","2","3","0","0","0"
"1806","MARKETS","الأسواق","100","70.98014733424897","7","[5,7]","10","0","[]","[]","10","180.98014733424895","review","approved","approved","Selected general vocabulary. Approval requires at least one approved MSA relationship; an unsuitable translation alone does not reject the headword.","1","3","{""approved"":1}","{""review"":2,""approved"":1}","{""msa"":3}","1","1","1","1","0","0","0","3","0","0","0"
"1811","EMERGENCY","حالة طوارئ","100","70.9551754276439","9","[5,7,9]","10","0","[]","[]","10","180.9551754276439","review","approved","approved","Selected general vocabulary. Approval requires at least one approved MSA relationship; an unsuitable translation alone does not reject the headword.","1","3","{""approved"":1}","{""approved"":3}","{""msa"":3}","3","3","1","1","0","0","2","3","0","0","1"
"3415","OAK","البلوط","100","62.94418778873768","3","[6]","18","0","[]","[]","18","180.94418778873768","review","approved","approved","Selected general vocabulary. Approval requires at least one approved MSA relationship; an unsuitable translation alone does not reject the headword.","1","1","{""approved"":1}","{""approved"":1}","{""msa"":1}","1","1","1","1","0","0","0","1","0","0","0"
"3416","AWARENESS","الوعي","100","62.93919340741666","9","[3,5,7]","10","8","[]","[]","18","180.93919340741667","review","approved","approved","Selected general vocabulary. Approval requires at least one approved MSA relationship; an unsuitable translation alone does not reject the headword.","1","3","{""approved"":1}","{""review"":1,""approved"":2}","{""msa"":3}","2","2","1","1","0","0","1","3","0","0","0"
"1816","DETERMINE","تحديد","100","70.93020352103883","9","[5]","10","0","[]","[]","10","180.93020352103883","review","approved","approved","Selected general vocabulary. Approval requires at least one approved MSA relationship; an unsuitable translation alone does not reject the headword.","1","1","{""approved"":1}","{""approved"":1}","{""msa"":1}","1","1","1","1","0","0","0","1","0","0","0"
"3422","MEASUREMENT","القياس","100","62.90922711949057","11","[4,6]","10","8","[]","[]","18","180.90922711949057","review","approved","approved","Selected general vocabulary. Approval requires at least one approved MSA relationship; an unsuitable translation alone does not reject the headword.","1","2","{""approved"":1}","{""approved"":2}","{""msa"":2}","2","2","1","1","0","0","1","2","0","0","0"
"3425","FORMULA","صيغة","100","62.89424397552753","7","[4,6,8]","10","8","[]","[]","18","180.89424397552753","review","approved","approved","Selected general vocabulary. Approval requires at least one approved MSA relationship; an unsuitable translation alone does not reject the headword.","1","3","{""approved"":1}","{""approved"":3}","{""msa"":3}","3","3","1","1","0","0","2","3","0","0","0"
"1826","RINGTONES","نغمات الرنين","100","70.88025970782869","9","[11]","10","0","[]","[]","10","180.88025970782869","review","approved","approved","Selected general vocabulary. Approval requires at least one approved MSA relationship; an unsuitable translation alone does not reject the headword.","1","1","{""approved"":1}","{""approved"":1}","{""msa"":1}","1","1","1","1","0","0","0","1","0","0","1"
"1828","PERSONS","الأشخاص","100","70.87027094518666","7","[7]","10","0","[]","[]","10","180.87027094518666","review","approved","approved","Selected general vocabulary. Approval requires at least one approved MSA relationship; an unsuitable translation alone does not reject the headword.","1","1","{""approved"":1}","{""approved"":1}","{""msa"":1}","1","1","1","1","0","0","0","1","0","0","0"
"2435","SPEAKER","المتكلم:","100","67.83868148333126","7","[5,7]","10","0","[""??K????""]","[]","13","180.83868148333124","review","approved","approved","Selected general vocabulary. Approval requires at least one approved MSA relationship; an unsuitable translation alone does not reject the headword.","1","4","{""approved"":1}","{""approved"":4}","{""msa"":4}","4","4","1","1","0","0","3","4","0","0","0"
"1842","FACTORS","العوامل","100","70.80034960669246","7","[5,7]","10","0","[]","[]","10","180.80034960669246","review","approved","approved","Selected general vocabulary. Approval requires at least one approved MSA relationship; an unsuitable translation alone does not reject the headword.","1","2","{""approved"":1}","{""approved"":2}","{""msa"":2}","2","2","1","1","0","0","1","2","0","0","0"
"3455","BIGGEST","أكبر","100","62.74441253589711","7","[4,6]","10","8","[]","[]","18","180.7444125358971","review","approved","approved","Selected general vocabulary. Approval requires at least one approved MSA relationship; an unsuitable translation alone does not reject the headword.","1","2","{""approved"":1}","{""review"":1,""approved"":1}","{""msa"":2}","1","1","1","1","0","0","0","2","0","0","0"
"3457","VISITOR","زائر","100","62.73442377325509","7","[4,6]","10","8","[]","[]","18","180.7344237732551","review","approved","approved","Selected general vocabulary. Approval requires at least one approved MSA relationship; an unsuitable translation alone does not reject the headword.","1","2","{""approved"":1}","{""approved"":2}","{""msa"":2}","2","2","1","1","0","0","1","2","0","0","0"
"4064","ILL","مريضة","100","59.70283431139968","3","[5]","18","0","[""I??""]","[]","21","180.70283431139967","review","approved","approved","Selected general vocabulary. Approval requires at least one approved MSA relationship; an unsuitable translation alone does not reject the headword.","1","1","{""approved"":1}","{""approved"":1}","{""msa"":1}","1","1","1","1","0","0","0","1","0","0","0"
"3465","DRAWING","رسم الرسم","100","62.69446872268698","7","[3,4,5,8]","10","8","[]","[]","18","180.69446872268696","review","approved","approved","Selected general vocabulary. Approval requires at least one approved MSA relationship; an unsuitable translation alone does not reject the headword.","1","5","{""approved"":1}","{""review"":2,""approved"":3}","{""msa"":5}","3","3","1","1","1","1","2","5","0","0","1"
"3468","ORDERED","أمرت","100","62.679485578723934","7","[4]","10","8","[]","[]","18","180.67948557872393","review","approved","approved","Selected general vocabulary. Approval requires at least one approved MSA relationship; an unsuitable translation alone does not reject the headword.","1","2","{""approved"":1}","{""review"":1,""approved"":1}","{""msa"":2}","1","1","1","1","0","0","0","2","0","0","0"
"1867","INITIAL","الأولي","100","70.67549007366712","7","[5,6]","10","0","[]","[]","10","180.6754900736671","review","approved","approved","Selected general vocabulary. Approval requires at least one approved MSA relationship; an unsuitable translation alone does not reject the headword.","1","4","{""approved"":1}","{""review"":3,""approved"":1}","{""msa"":4}","1","1","1","1","0","0","0","4","0","0","0"
"3472","HAPPENS","يحدث","100","62.65950805343988","7","[4]","10","8","[]","[]","18","180.65950805343988","review","approved","approved","Selected general vocabulary. Approval requires at least one approved MSA relationship; an unsuitable translation alone does not reject the headword.","1","1","{""approved"":1}","{""approved"":1}","{""msa"":1}","1","1","1","1","0","0","0","1","0","0","0"
"2271","PROMOTE","الترويج","100","68.65776001997753","7","[5,7]","10","0","[]","[""جي?????""]","12","180.65776001997753","review","approved","approved","Selected general vocabulary. Approval requires at least one approved MSA relationship; an unsuitable translation alone does not reject the headword.","1","2","{""approved"":1}","{""approved"":2}","{""msa"":2}","2","2","1","1","0","0","1","2","0","0","0"
"5089","BAN","الحظر","100","54.58359345736048","3","[3,4,5]","18","8","[]","[]","26","180.58359345736048","review","approved","approved","Selected general vocabulary. Approval requires at least one approved MSA relationship; an unsuitable translation alone does not reject the headword.","1","3","{""approved"":1}","{""review"":1,""approved"":2}","{""msa"":3}","2","2","1","1","0","0","1","3","0","0","0"
"1886","FISHING","صيد الأسماك","100","70.58059682856786","7","[5,10]","10","0","[]","[]","10","180.58059682856788","review","approved","approved","Selected general vocabulary. Approval requires at least one approved MSA relationship; an unsuitable translation alone does not reject the headword.","1","2","{""approved"":1}","{""review"":1,""approved"":1}","{""msa"":2}","1","1","1","1","0","0","0","2","0","0","1"
"3488","PHYSICIAN","طبيب","100","62.57959795230366","9","[4]","10","8","[]","[]","18","180.57959795230366","review","approved","approved","Selected general vocabulary. Approval requires at least one approved MSA relationship; an unsuitable translation alone does not reject the headword.","1","1","{""approved"":1}","{""approved"":1}","{""msa"":1}","1","1","1","1","0","0","0","1","0","0","0"
"3490","BARGAIN","صفقة","100","62.569609189661634","7","[4,6]","10","8","[]","[]","18","180.56960918966163","review","approved","approved","Selected general vocabulary. Approval requires at least one approved MSA relationship; an unsuitable translation alone does not reject the headword.","1","3","{""approved"":1}","{""approved"":3}","{""msa"":3}","3","3","1","1","0","0","2","3","0","3","0"
"2494","CONTAINED","الواردة","100","67.54401298539143","9","[6,7]","10","0","[""????A?N??""]","[]","13","180.54401298539142","review","approved","approved","Selected general vocabulary. Approval requires at least one approved MSA relationship; an unsuitable translation alone does not reject the headword.","1","2","{""approved"":1}","{""review"":1,""approved"":1}","{""msa"":2}","1","1","0","0","0","0","1","2","0","0","0"
"1896","INSTALL","تثبيت","100","70.53065301535773","7","[5,7]","10","0","[]","[]","10","180.53065301535773","review","approved","approved","Selected general vocabulary. Approval requires at least one approved MSA relationship; an unsuitable translation alone does not reject the headword.","1","2","{""approved"":1}","{""approved"":2}","{""msa"":2}","2","2","1","1","0","0","1","2","0","0","0"
"1898","APPAREL","ملابس","100","70.52066425271569","7","[5]","10","0","[]","[]","10","180.52066425271568","review","approved","approved","Selected general vocabulary. Approval requires at least one approved MSA relationship; an unsuitable translation alone does not reject the headword.","1","1","{""approved"":1}","{""approved"":1}","{""msa"":1}","1","1","1","1","0","0","0","1","0","0","0"
"3500","HUNTING","الصيد","100","62.51966537645149","7","[3,5]","10","8","[]","[]","18","180.51966537645148","review","approved","approved","Selected general vocabulary. Approval requires at least one approved MSA relationship; an unsuitable translation alone does not reject the headword.","1","2","{""approved"":1}","{""approved"":2}","{""msa"":2}","2","2","1","1","0","0","1","2","0","0","0"
"1899","GENERALLY","بشكل عام","100","70.51566987139468","9","[5,7]","10","0","[]","[]","10","180.51566987139466","review","approved","approved","Selected general vocabulary. Approval requires at least one approved MSA relationship; an unsuitable translation alone does not reject the headword.","1","2","{""approved"":1}","{""approved"":2}","{""msa"":2}","2","2","1","1","0","0","1","2","0","0","1"
"1909","DOLLARS","دولار","100","70.46572605818454","7","[5,7,9]","10","0","[]","[]","10","180.46572605818454","review","approved","approved","Selected general vocabulary. Approval requires at least one approved MSA relationship; an unsuitable translation alone does not reject the headword.","1","3","{""approved"":1}","{""approved"":2,""review"":1}","{""msa"":3}","2","2","1","1","0","0","1","3","0","0","0"
"1913","DRIVING","القيادة","100","70.4457485329005","7","[5,7]","10","0","[]","[]","10","180.4457485329005","review","approved","approved","Selected general vocabulary. Approval requires at least one approved MSA relationship; an unsuitable translation alone does not reject the headword.","1","2","{""approved"":1}","{""approved"":2}","{""msa"":2}","2","2","1","1","0","0","1","2","0","0","0"
"1915","SURGERY","الجراحة","100","70.43575977025846","7","[5,7]","10","0","[]","[]","10","180.43575977025847","review","approved","approved","Selected general vocabulary. Approval requires at least one approved MSA relationship; an unsuitable translation alone does not reject the headword.","1","2","{""approved"":1}","{""approved"":2}","{""msa"":2}","2","2","1","1","0","0","1","2","0","0","0"
"3526","PREFERRED","مفضل","100","62.38981146210513","9","[3,4,5,6]","10","8","[]","[]","18","180.38981146210511","review","approved","approved","Selected general vocabulary. Approval requires at least one approved MSA relationship; an unsuitable translation alone does not reject the headword.","1","4","{""approved"":1}","{""approved"":4}","{""msa"":4}","4","4","1","1","0","0","3","4","0","0","0"
"3533","GRANTED","مُنحت","100","62.35485079285803","7","[3,4]","10","8","[]","[]","18","180.35485079285803","review","approved","approved","Selected general vocabulary. Approval requires at least one approved MSA relationship; an unsuitable translation alone does not reject the headword.","1","2","{""approved"":1}","{""approved"":2}","{""msa"":2}","2","2","1","1","0","0","1","2","0","0","0"
"3537","COMFORTABLE","مريحة","100","62.33487326757398","11","[4,5]","10","8","[]","[]","18","180.33487326757398","review","approved","approved","Selected general vocabulary. Approval requires at least one approved MSA relationship; an unsuitable translation alone does not reject the headword.","1","3","{""approved"":1}","{""approved"":3}","{""msa"":3}","3","3","1","1","0","0","2","3","0","0","0"
"4141","EXHIBIT","معرض","100","59.3182669496816","7","[4,6]","10","8","[""T?????E""]","[]","21","180.3182669496816","review","review","review","Selected general vocabulary. Approval requires at least one approved MSA relationship; an unsuitable translation alone does not reject the headword.","1","2","{""review"":1}","{""review"":2}","{""msa"":2}","0","0","0","0","0","0","0","2","0","0","0"
"1940","PROCESSES","العمليات","100","70.31090023723311","9","[6,8]","10","0","[]","[]","10","180.3109002372331","review","approved","approved","Selected general vocabulary. Approval requires at least one approved MSA relationship; an unsuitable translation alone does not reject the headword.","1","2","{""approved"":1}","{""approved"":2}","{""msa"":2}","2","2","1","1","0","0","1","2","0","0","0"
"1942","SERVERS","خوادم","100","70.30091147459109","7","[5]","10","0","[]","[]","10","180.3009114745911","review","approved","approved","Selected general vocabulary. Approval requires at least one approved MSA relationship; an unsuitable translation alone does not reject the headword.","1","1","{""approved"":1}","{""approved"":1}","{""msa"":1}","1","1","1","1","0","0","0","1","0","0","0"
"3545","MASSIVE","ضخمة","100","62.29491821700587","7","[4]","10","8","[]","[]","18","180.2949182170059","review","approved","approved","Selected general vocabulary. Approval requires at least one approved MSA relationship; an unsuitable translation alone does not reject the headword.","1","1","{""approved"":1}","{""approved"":1}","{""msa"":1}","1","1","1","1","0","0","0","1","0","0","0"
"1948","KEYWORD","الكلمة المفتاحية","100","70.270945186665","7","[15]","10","0","[]","[]","10","180.27094518666502","review","approved","approved","Selected general vocabulary. Approval requires at least one approved MSA relationship; an unsuitable translation alone does not reject the headword.","1","1","{""approved"":1}","{""approved"":1}","{""msa"":1}","1","1","1","1","0","0","0","1","0","0","1"
"1949","INTERESTS","مصالح","100","70.26595080534399","9","[5,7,8,10]","10","0","[]","[]","10","180.265950805344","review","approved","approved","Selected general vocabulary. Approval requires at least one approved MSA relationship; an unsuitable translation alone does not reject the headword.","1","4","{""approved"":1}","{""approved"":4}","{""msa"":4}","4","4","1","1","0","0","3","4","0","4","0"
"3551","POVERTY","الفقر","100","62.264951929079785","7","[3,5]","10","8","[]","[]","18","180.26495192907979","review","approved","approved","Selected general vocabulary. Approval requires at least one approved MSA relationship; an unsuitable translation alone does not reject the headword.","1","2","{""approved"":1}","{""approved"":2}","{""msa"":2}","2","2","1","1","0","0","1","2","0","0","0"
"1954","WALK","المشي","100","70.24097889873892","4","[3,4,5]","0","8","[]","[""?شي""]","10","180.24097889873892","review","approved","approved","Selected general vocabulary. Approval requires at least one approved MSA relationship; an unsuitable translation alone does not reject the headword.","1","3","{""approved"":1}","{""approved"":2,""review"":1}","{""msa"":3}","2","2","1","1","0","0","1","3","0","0","0"
"1957","ITALIAN","الايطالية","100","70.22599575477588","7","[6,7,8,9]","10","0","[]","[]","10","180.22599575477588","review","review","review","Selected general vocabulary. Approval requires at least one approved MSA relationship; an unsuitable translation alone does not reject the headword.","1","5","{""review"":1}","{""review"":5}","{""msa"":5}","0","0","0","0","0","0","0","5","0","0","0"
"1958","PAPERBACK","غلاف ورقي","100","70.22100137345487","9","[8]","10","0","[]","[]","10","180.22100137345487","review","review","review","Selected general vocabulary. Approval requires at least one approved MSA relationship; an unsuitable translation alone does not reject the headword.","1","1","{""review"":1}","{""review"":1}","{""msa"":1}","0","0","0","0","0","0","0","1","0","0","1"
"1959","CLASSIFIEDS","إعلانات مبوبة","100","70.21600699213386","11","[12]","10","0","[]","[]","10","180.21600699213386","review","approved","approved","Selected general vocabulary. Approval requires at least one approved MSA relationship; an unsuitable translation alone does not reject the headword.","1","1","{""approved"":1}","{""approved"":1}","{""msa"":1}","1","1","1","1","0","0","0","1","0","0","1"
"1961","SUPPORTED","مدعومة","100","70.20601822949182","9","[5,6,8]","10","0","[]","[]","10","180.2060182294918","review","approved","approved","Selected general vocabulary. Approval requires at least one approved MSA relationship; an unsuitable translation alone does not reject the headword.","1","3","{""approved"":1}","{""approved"":3}","{""msa"":3}","3","3","1","1","0","0","2","3","0","0","0"
"3567","MYSTERY","لغز","100","62.185041827943564","7","[3,4,5,6]","10","8","[]","[]","18","180.18504182794356","review","approved","approved","Selected general vocabulary. Approval requires at least one approved MSA relationship; an unsuitable translation alone does not reject the headword.","1","4","{""approved"":1}","{""approved"":4}","{""msa"":4}","4","4","1","1","0","0","3","4","0","4","0"
"1967","COMPETITION","المنافسة","100","70.17605194156575","11","[5,6,8]","10","0","[]","[]","10","180.17605194156573","review","approved","approved","Selected general vocabulary. Approval requires at least one approved MSA relationship; an unsuitable translation alone does not reject the headword.","1","5","{""approved"":1}","{""approved"":5}","{""msa"":5}","5","5","2","2","0","0","3","5","0","5","0"
"3571","JOURNEY","رحلة","100","62.16506430265951","7","[4,6]","10","8","[]","[]","18","180.16506430265952","review","approved","approved","Selected general vocabulary. Approval requires at least one approved MSA relationship; an unsuitable translation alone does not reject the headword.","1","2","{""approved"":1}","{""approved"":2}","{""msa"":2}","2","2","1","1","0","0","1","2","0","0","0"
"1973","PROVIDERS","مقدمو الخدمات","100","70.14608565363966","9","[5,12]","10","0","[]","[]","10","180.14608565363966","review","approved","approved","Selected general vocabulary. Approval requires at least one approved MSA relationship; an unsuitable translation alone does not reject the headword.","1","2","{""approved"":1}","{""review"":1,""approved"":1}","{""msa"":2}","1","1","1","1","0","0","0","2","0","0","1"
"3177","LIFESTYLE","أسلوب الحياة","100","64.13285054313897","9","[11]","10","0","[""????S?F??"",""??F?S????""]","[]","16","180.13285054313897","review","approved","approved","Selected general vocabulary. Approval requires at least one approved MSA relationship; an unsuitable translation alone does not reject the headword.","1","1","{""approved"":1}","{""approved"":1}","{""msa"":1}","1","1","1","1","0","0","0","1","0","0","1"
"3585","IMPLEMENTED","نُفذت","100","62.095142964165305","11","[4,5]","10","8","[]","[]","18","180.0951429641653","review","approved","approved","Selected general vocabulary. Approval requires at least one approved MSA relationship; an unsuitable translation alone does not reject the headword.","1","2","{""approved"":1}","{""approved"":2}","{""msa"":2}","2","2","1","1","0","0","1","2","0","0","0"
"3589","BLOGGER","مدون","100","62.07516543888126","7","[4,6,7]","10","8","[]","[]","18","180.07516543888124","review","approved","approved","Selected general vocabulary. Approval requires at least one approved MSA relationship; an unsuitable translation alone does not reject the headword.","1","3","{""approved"":1}","{""approved"":2,""review"":1}","{""msa"":3}","2","2","1","1","0","0","1","3","0","0","0"
"1988","ENTRIES","إدخالات","100","70.07116993382445","7","[5,6,7,8]","10","0","[]","[]","10","180.07116993382445","review","approved","approved","Selected general vocabulary. Approval requires at least one approved MSA relationship; an unsuitable translation alone does not reject the headword.","1","4","{""approved"":1}","{""review"":1,""approved"":3}","{""msa"":4}","3","3","1","1","0","0","2","4","0","4","0"
"3599","DIVERSITY","التنوع","100","62.02522162567112","9","[4,6]","10","8","[]","[]","18","180.02522162567112","review","approved","approved","Selected general vocabulary. Approval requires at least one approved MSA relationship; an unsuitable translation alone does not reject the headword.","1","2","{""approved"":1}","{""approved"":2}","{""msa"":2}","2","2","1","1","0","0","1","2","0","0","0"
"3602","REVERSE","عكس","100","62.01023848170807","7","[3,5]","10","8","[]","[]","18","180.0102384817081","review","approved","approved","Selected general vocabulary. Approval requires at least one approved MSA relationship; an unsuitable translation alone does not reject the headword.","1","2","{""approved"":1}","{""approved"":2}","{""msa"":2}","2","2","1","1","0","0","1","2","0","0","0"
"3604","SEMINAR","حلقة دراسية","100","62.00024971906605","7","[4,6,10]","10","8","[]","[]","18","180.00024971906606","review","approved","approved","Selected general vocabulary. Approval requires at least one approved MSA relationship; an unsuitable translation alone does not reject the headword.","1","3","{""approved"":1}","{""approved"":3}","{""msa"":3}","3","3","1","1","0","0","2","3","0","0","1"
"2005","EFFORTS","الجهود المبذولة","100","69.98626545136722","7","[6,14]","10","0","[]","[]","10","179.98626545136722","review","approved","approved","Selected general vocabulary. Approval requires at least one approved MSA relationship; an unsuitable translation alone does not reject the headword.","1","2","{""approved"":1}","{""approved"":2}","{""msa"":2}","2","2","1","1","0","0","1","2","0","0","1"
"3609","SPECIFY","حدد","100","61.97527781246098","7","[3,5]","10","8","[]","[]","18","179.97527781246097","review","approved","approved","Selected general vocabulary. Approval requires at least one approved MSA relationship; an unsuitable translation alone does not reject the headword.","1","2","{""approved"":1}","{""approved"":2}","{""msa"":2}","2","2","1","1","0","0","1","2","0","0","0"
"3612","SENSITIVE","حساسة","100","61.96029466849794","9","[4,5,6,7]","10","8","[]","[]","18","179.96029466849794","review","approved","approved","Selected general vocabulary. Approval requires at least one approved MSA relationship; an unsuitable translation alone does not reject the headword.","1","4","{""approved"":1}","{""approved"":4}","{""msa"":4}","4","4","1","1","0","0","3","4","0","0","0"
"2012","PRACTICES","الممارسات","100","69.95130478212012","9","[7,9]","10","0","[]","[]","10","179.95130478212013","review","approved","approved","Selected general vocabulary. Approval requires at least one approved MSA relationship; an unsuitable translation alone does not reject the headword.","1","2","{""approved"":1}","{""approved"":2}","{""msa"":2}","2","2","1","1","0","0","1","2","0","0","0"
"2014","REPORTING","الإبلاغ","100","69.94131601947808","9","[5,7]","10","0","[]","[]","10","179.94131601947808","review","approved","approved","Selected general vocabulary. Approval requires at least one approved MSA relationship; an unsuitable translation alone does not reject the headword.","1","3","{""approved"":1}","{""review"":2,""approved"":1}","{""msa"":3}","1","1","1","1","0","0","0","3","0","0","0"
"2015","ESSENTIAL","ضروري","100","69.93632163815707","9","[5]","10","0","[]","[]","10","179.93632163815707","review","approved","approved","Selected general vocabulary. Approval requires at least one approved MSA relationship; an unsuitable translation alone does not reject the headword.","1","2","{""approved"":1}","{""review"":1,""approved"":1}","{""msa"":2}","1","1","1","1","0","0","0","2","0","0","0"
"2020","AFFILIATE","التابعة لها","100","69.91134973155201","9","[8,10]","10","0","[]","[]","10","179.911349731552","review","review","review","Selected general vocabulary. Approval requires at least one approved MSA relationship; an unsuitable translation alone does not reject the headword.","1","2","{""review"":1}","{""review"":2}","{""msa"":2}","0","0","0","0","0","0","0","2","0","0","1"
"2024","NURSING","التمريض","100","69.89137220626795","7","[7]","10","0","[]","[]","10","179.89137220626793","review","approved","approved","Selected general vocabulary. Approval requires at least one approved MSA relationship; an unsuitable translation alone does not reject the headword.","1","1","{""approved"":1}","{""approved"":1}","{""msa"":1}","1","1","1","1","0","0","0","1","0","0","0"
"3636","CALCULATE","احسب","100","61.840429516793606","9","[4]","10","8","[]","[]","18","179.84042951679362","review","approved","approved","Selected general vocabulary. Approval requires at least one approved MSA relationship; an unsuitable translation alone does not reject the headword.","1","2","{""approved"":1}","{""approved"":2}","{""msa"":2}","2","2","1","1","0","0","1","2","0","0","0"
"3639","BROADCAST","البث الإذاعي","100","61.82544637283057","9","[2,4,11]","10","8","[]","[]","18","179.82544637283058","review","approved","approved","Selected general vocabulary. Approval requires at least one approved MSA relationship; an unsuitable translation alone does not reject the headword.","1","3","{""approved"":1}","{""approved"":3}","{""msa"":3}","3","3","1","1","0","0","2","3","0","0","1"
"2040","UNIVERSAL","عالمي","100","69.81146210513172","9","[5,6,8]","10","0","[]","[]","10","179.81146210513174","review","approved","approved","Selected general vocabulary. Approval requires at least one approved MSA relationship; an unsuitable translation alone does not reject the headword.","1","3","{""approved"":1}","{""approved"":3}","{""msa"":3}","3","3","1","1","0","0","2","3","0","0","0"
"2041","PROTECT","حماية","100","69.80646772381071","7","[5]","10","0","[]","[]","10","179.80646772381073","review","approved","approved","Selected general vocabulary. Approval requires at least one approved MSA relationship; an unsuitable translation alone does not reject the headword.","1","1","{""approved"":1}","{""approved"":1}","{""msa"":1}","1","1","1","1","0","0","0","1","0","0","0"
"3643","ANNIVERSARY","الذكرى السنوية","100","61.805468847546514","11","[4,13]","10","8","[]","[]","18","179.8054688475465","review","approved","approved","Selected general vocabulary. Approval requires at least one approved MSA relationship; an unsuitable translation alone does not reject the headword.","1","2","{""approved"":1}","{""review"":1,""approved"":1}","{""msa"":2}","1","1","1","1","0","0","0","2","0","0","1"
"2644","PARTICIPATION","المشاركة","100","66.79485578723936","13","[8]","10","0","[""??R??????????""]","[]","13","179.79485578723936","review","approved","approved","Selected general vocabulary. Approval requires at least one approved MSA relationship; an unsuitable translation alone does not reject the headword.","1","1","{""approved"":1}","{""approved"":1}","{""msa"":1}","1","1","1","1","0","0","0","1","0","0","0"
"3651","ACCESSORY","ملحق","100","61.765513796978404","9","[4]","10","8","[]","[]","18","179.7655137969784","review","approved","approved","Selected general vocabulary. Approval requires at least one approved MSA relationship; an unsuitable translation alone does not reject the headword.","1","1","{""approved"":1}","{""approved"":1}","{""msa"":1}","1","1","1","1","0","0","0","1","0","0","0"
"3656","TYPICALLY","عادة","100","61.740541890373336","9","[4,7]","10","8","[]","[]","18","179.74054189037332","review","approved","approved","Selected general vocabulary. Approval requires at least one approved MSA relationship; an unsuitable translation alone does not reject the headword.","1","2","{""approved"":1}","{""review"":1,""approved"":1}","{""msa"":2}","1","1","1","1","0","0","0","2","0","0","0"
"3258","CONTRIBUTIONS","المساهمات","100","63.72830565613684","13","[7,8,9,10]","10","0","[""??N??????????"",""??O??????????""]","[]","16","179.72830565613685","review","approved","approved","Selected general vocabulary. Approval requires at least one approved MSA relationship; an unsuitable translation alone does not reject the headword.","1","4","{""approved"":1}","{""review"":1,""approved"":3}","{""msa"":4}","3","3","1","1","0","0","2","4","0","1","0"
"2058","FINDING","العثور على","100","69.72156324135348","7","[5,6,9]","10","0","[]","[]","10","179.72156324135346","review","approved","approved","Selected general vocabulary. Approval requires at least one approved MSA relationship; an unsuitable translation alone does not reject the headword.","1","3","{""approved"":1}","{""approved"":2,""review"":1}","{""msa"":3}","2","2","1","1","0","0","1","3","0","0","1"
"1658","WIFE","زوجة","100","71.71931576975902","4","[4,6]","0","8","[]","[]","8","179.71931576975902","review","approved","approved","Selected general vocabulary. Approval requires at least one approved MSA relationship; an unsuitable translation alone does not reject the headword.","1","3","{""approved"":1}","{""approved"":2,""review"":1}","{""msa"":3}","2","2","1","1","0","0","1","3","0","0","0"
"1660","ACCEPTED","مقبولة","100","71.709327007117","8","[4,6]","0","8","[]","[]","8","179.709327007117","review","approved","approved","Selected general vocabulary. Approval requires at least one approved MSA relationship; an unsuitable translation alone does not reject the headword.","1","2","{""approved"":1}","{""approved"":2}","{""msa"":2}","2","2","1","1","0","0","1","2","0","0","0"
"1661","FORMER","السابقون","100","71.70433262579598","6","[4,6,8]","0","8","[]","[]","8","179.70433262579598","review","approved","approved","Selected general vocabulary. Approval requires at least one approved MSA relationship; an unsuitable translation alone does not reject the headword.","1","3","{""approved"":1}","{""approved"":2,""review"":1}","{""msa"":3}","2","2","1","1","0","0","1","3","0","0","0"
"1664","HITS","الزيارات","100","71.68934948183293","4","[4,7,8]","0","8","[]","[]","8","179.68934948183295","review","approved","approved","Selected general vocabulary. Approval requires at least one approved MSA relationship; an unsuitable translation alone does not reject the headword.","1","3","{""approved"":1}","{""approved"":2,""review"":1}","{""msa"":3}","2","2","2","2","0","0","0","3","0","3","0"
"3673","SITTING","الجلوس","100","61.6556374079161","7","[4,5,6]","10","8","[]","[]","18","179.65563740791612","review","approved","approved","Selected general vocabulary. Approval requires at least one approved MSA relationship; an unsuitable translation alone does not reject the headword.","1","4","{""approved"":1}","{""approved"":4}","{""msa"":4}","4","4","1","1","0","0","3","4","0","0","0"
"3674","PUTTING","وضع","100","61.650643026595084","7","[3]","10","8","[]","[]","18","179.65064302659508","review","approved","approved","Selected general vocabulary. Approval requires at least one approved MSA relationship; an unsuitable translation alone does not reject the headword.","1","1","{""approved"":1}","{""approved"":1}","{""msa"":1}","1","1","1","1","0","0","0","1","0","0","0"
"1673","FLAT","شقة","100","71.64440004994381","4","[3,4,5]","0","8","[]","[]","8","179.6444000499438","review","approved","approved","Selected general vocabulary. Approval requires at least one approved MSA relationship; an unsuitable translation alone does not reject the headword.","1","3","{""approved"":1}","{""approved"":3}","{""msa"":3}","3","3","2","2","0","0","1","3","0","3","0"
"1674","FLOW","تدفق","100","71.6394056686228","4","[4,6]","0","8","[]","[]","8","179.6394056686228","review","approved","approved","Selected general vocabulary. Approval requires at least one approved MSA relationship; an unsuitable translation alone does not reject the headword.","1","2","{""approved"":1}","{""approved"":2}","{""msa"":2}","2","2","1","1","0","0","1","2","0","0","0"
"1676","LITERATURE","الأدب","100","71.62941690598078","10","[3,5]","0","8","[]","[]","8","179.62941690598078","review","approved","approved","Selected general vocabulary. Approval requires at least one approved MSA relationship; an unsuitable translation alone does not reject the headword.","1","3","{""approved"":1}","{""review"":2,""approved"":1}","{""msa"":3}","1","1","1","1","0","0","0","3","0","0","0"
"2077","SUGGEST","اقترح","100","69.62666999625421","7","[5,6]","10","0","[]","[]","10","179.6266699962542","review","approved","approved","Selected general vocabulary. Approval requires at least one approved MSA relationship; an unsuitable translation alone does not reject the headword.","1","3","{""approved"":1}","{""approved"":3}","{""msa"":3}","3","3","1","1","0","0","2","3","0","0","0"
"2082","REASONS","أسباب","100","69.60169808964915","7","[5,7]","10","0","[]","[]","10","179.60169808964915","review","approved","approved","Selected general vocabulary. Approval requires at least one approved MSA relationship; an unsuitable translation alone does not reject the headword.","1","4","{""approved"":1}","{""approved"":2,""review"":2}","{""msa"":4}","2","2","1","1","0","0","1","4","0","0","0"
"2685","CERTIFICATION","الشهادات","100","66.59008615307779","13","[7,8]","10","0","[""??R??????????""]","[]","13","179.59008615307778","review","approved","approved","Selected general vocabulary. Approval requires at least one approved MSA relationship; an unsuitable translation alone does not reject the headword.","1","2","{""approved"":1}","{""approved"":1,""review"":1}","{""msa"":2}","1","1","1","1","0","0","0","2","0","0","0"
"2086","TALKING","الحديث","100","69.58172056436509","7","[6]","10","0","[]","[]","10","179.58172056436507","review","approved","approved","Selected general vocabulary. Approval requires at least one approved MSA relationship; an unsuitable translation alone does not reject the headword.","1","1","{""approved"":1}","{""approved"":1}","{""msa"":1}","1","1","1","1","0","0","0","1","0","0","0"
"3689","ANTIQUE","العتيقة","100","61.575727306779875","7","[4,7]","10","8","[]","[]","18","179.57572730677987","review","approved","approved","Selected general vocabulary. Approval requires at least one approved MSA relationship; an unsuitable translation alone does not reject the headword.","1","3","{""approved"":1}","{""approved"":3}","{""msa"":3}","3","3","2","2","0","0","1","3","0","3","0"
"3691","WILLING","راغب","100","61.565738544137844","7","[4]","10","8","[]","[]","18","179.56573854413784","review","approved","approved","Selected general vocabulary. Approval requires at least one approved MSA relationship; an unsuitable translation alone does not reject the headword.","1","1","{""approved"":1}","{""approved"":1}","{""msa"":1}","1","1","1","1","0","0","0","1","0","0","0"
"1689","CRITICAL","حرج","100","71.56448994880759","8","[3,4,6]","0","8","[]","[]","8","179.5644899488076","review","approved","approved","Selected general vocabulary. Approval requires at least one approved MSA relationship; an unsuitable translation alone does not reject the headword.","1","3","{""approved"":1}","{""approved"":3}","{""msa"":3}","3","3","1","1","0","0","2","3","0","0","0"
"1690","FRAME","الإطار","100","71.55949556748658","5","[4,6]","0","8","[]","[]","8","179.55949556748658","review","approved","approved","Selected general vocabulary. Approval requires at least one approved MSA relationship; an unsuitable translation alone does not reject the headword.","1","3","{""approved"":1}","{""review"":2,""approved"":1}","{""msa"":3}","1","1","1","1","0","0","0","3","0","0","0"
"1696","PATH","المسار","100","71.52952927956049","4","[4,5,6]","0","8","[]","[]","8","179.5295292795605","review","approved","approved","Selected general vocabulary. Approval requires at least one approved MSA relationship; an unsuitable translation alone does not reject the headword.","1","4","{""approved"":1}","{""approved"":4}","{""msa"":4}","4","4","1","1","0","0","3","4","0","0","0"
"2097","COMPUTING","الحوسبة","100","69.52678236983394","9","[7]","10","0","[]","[]","10","179.52678236983394","review","approved","approved","Selected general vocabulary. Approval requires at least one approved MSA relationship; an unsuitable translation alone does not reject the headword.","1","1","{""approved"":1}","{""approved"":1}","{""msa"":1}","1","1","1","1","0","0","0","1","0","0","0"
"1698","EMPLOYEE","موظف","100","71.51954051691847","8","[4,5,6]","0","8","[]","[]","8","179.51954051691848","review","approved","approved","Selected general vocabulary. Approval requires at least one approved MSA relationship; an unsuitable translation alone does not reject the headword.","1","3","{""approved"":1}","{""approved"":3}","{""msa"":3}","3","3","1","1","0","0","2","3","0","0","0"
"1699","CHIEF","رئيس","100","71.51454613559746","5","[4,6]","0","8","[]","[]","8","179.51454613559747","review","approved","approved","Selected general vocabulary. Approval requires at least one approved MSA relationship; an unsuitable translation alone does not reject the headword.","1","3","{""approved"":1}","{""approved"":3}","{""msa"":3}","3","3","1","1","0","0","2","3","0","0","0"
"1700","GIVES","يعطي","100","71.50955175427643","5","[4]","0","8","[]","[]","8","179.50955175427643","review","approved","approved","Selected general vocabulary. Approval requires at least one approved MSA relationship; an unsuitable translation alone does not reject the headword.","1","2","{""approved"":1}","{""approved"":2}","{""msa"":2}","2","2","1","1","0","0","1","2","0","0","0"
"3703","HUNDRED","مائة","100","61.50580596828568","7","[4]","10","8","[]","[]","18","179.50580596828567","review","approved","approved","Selected general vocabulary. Approval requires at least one approved MSA relationship; an unsuitable translation alone does not reject the headword.","1","1","{""approved"":1}","{""approved"":1}","{""msa"":1}","1","1","1","1","0","0","0","1","0","0","0"
"1701","BOTTOM","أسفل","100","71.50455737295543","6","[3,4,5]","0","8","[]","[]","8","179.50455737295545","review","approved","approved","Selected general vocabulary. Approval requires at least one approved MSA relationship; an unsuitable translation alone does not reject the headword.","1","3","{""approved"":1}","{""approved"":3}","{""msa"":3}","3","3","1","1","0","0","2","3","0","0","0"
"2103","INTERACTIVE","التفاعلية","100","69.49681608190785","11","[6,7,8,9]","10","0","[]","[]","10","179.49681608190787","review","approved","approved","Selected general vocabulary. Approval requires at least one approved MSA relationship; an unsuitable translation alone does not reject the headword.","1","4","{""approved"":1}","{""approved"":4}","{""msa"":4}","4","4","1","1","0","0","3","4","0","0","0"
"5307","HUB","المحور","100","53.494818329379456","3","[2,3,4,6]","18","8","[]","[]","26","179.49481832937946","review","approved","approved","Selected general vocabulary. Approval requires at least one approved MSA relationship; an unsuitable translation alone does not reject the headword.","1","4","{""approved"":1}","{""approved"":2,""review"":2}","{""msa"":2,""uncertain"":2}","2","2","1","1","0","0","1","2","2","0","0"
"1703","PACKAGES","الحزم","100","71.4945686103134","8","[3,5]","0","8","[]","[]","8","179.4945686103134","review","approved","approved","Selected general vocabulary. Approval requires at least one approved MSA relationship; an unsuitable translation alone does not reject the headword.","1","2","{""approved"":1}","{""approved"":2}","{""msa"":2}","2","2","1","1","0","0","1","2","0","0","0"
"3706","STRANGE","غريب","100","61.49082282432264","7","[4]","10","8","[]","[]","18","179.49082282432263","review","approved","approved","Selected general vocabulary. Approval requires at least one approved MSA relationship; an unsuitable translation alone does not reject the headword.","1","1","{""approved"":1}","{""approved"":1}","{""msa"":1}","1","1","1","1","0","0","0","1","0","0","0"
"2107","PROCEDURE","الإجراء","100","69.47683855662379","9","[5,7,9]","10","0","[]","[]","10","179.4768385566238","review","approved","approved","Selected general vocabulary. Approval requires at least one approved MSA relationship; an unsuitable translation alone does not reject the headword.","1","4","{""approved"":1}","{""review"":3,""approved"":1}","{""msa"":4}","1","1","1","1","0","0","0","4","0","0","0"
"1709","HEARD","سمع","100","71.46460232238732","5","[3,4]","0","8","[]","[]","8","179.46460232238732","review","approved","approved","Selected general vocabulary. Approval requires at least one approved MSA relationship; an unsuitable translation alone does not reject the headword.","1","2","{""approved"":1}","{""approved"":2}","{""msa"":2}","2","2","1","1","0","0","1","2","0","0","0"
"3712","MENTION","ذكر","100","61.460856536396555","7","[3]","10","8","[]","[]","18","179.46085653639656","review","approved","approved","Selected general vocabulary. Approval requires at least one approved MSA relationship; an unsuitable translation alone does not reject the headword.","1","1","{""approved"":1}","{""approved"":1}","{""msa"":1}","1","1","1","1","0","0","0","1","0","0","0"
"1710","BEGIN","ابدأ","100","71.4596079410663","5","[4]","0","8","[]","[]","8","179.45960794106628","review","approved","approved","Selected general vocabulary. Approval requires at least one approved MSA relationship; an unsuitable translation alone does not reject the headword.","1","1","{""approved"":1}","{""approved"":1}","{""msa"":1}","1","1","1","1","0","0","0","1","0","0","0"
"2112","RELIGIOUS","الدينية","100","69.45186665001873","9","[5,6,7]","10","0","[]","[]","10","179.45186665001873","review","approved","approved","Selected general vocabulary. Approval requires at least one approved MSA relationship; an unsuitable translation alone does not reject the headword.","1","4","{""approved"":1}","{""approved"":4}","{""msa"":4}","4","4","1","1","0","0","3","4","0","4","0"
"1714","CLEAN","نظيفة","100","71.43963041578225","5","[4,5,7]","0","8","[]","[]","8","179.43963041578223","review","approved","approved","Selected general vocabulary. Approval requires at least one approved MSA relationship; an unsuitable translation alone does not reject the headword.","1","3","{""approved"":1}","{""approved"":3}","{""msa"":3}","3","3","1","1","0","0","2","3","0","0","0"
"3718","AMENDED","عدلت","100","61.43089024847047","7","[4]","10","8","[]","[]","18","179.43089024847046","review","approved","approved","Selected general vocabulary. Approval requires at least one approved MSA relationship; an unsuitable translation alone does not reject the headword.","1","1","{""approved"":1}","{""approved"":1}","{""msa"":1}","1","1","1","1","0","0","0","1","0","0","0"
"2120","DEVELOPER","المطور","100","69.41191159945062","9","[6]","10","0","[]","[]","10","179.4119115994506","review","approved","approved","Selected general vocabulary. Approval requires at least one approved MSA relationship; an unsuitable translation alone does not reject the headword.","1","1","{""approved"":1}","{""approved"":1}","{""msa"":1}","1","1","1","1","0","0","0","1","0","0","0"
"2723","PROVISION","الحكم","100","66.40029966287926","9","[5]","10","0","[""?O??????P""]","[]","13","179.40029966287926","review","review","review","Selected general vocabulary. Approval requires at least one approved MSA relationship; an unsuitable translation alone does not reject the headword.","1","1","{""review"":1}","{""review"":1}","{""msa"":1}","0","0","0","0","0","0","0","1","0","0","0"
"2123","MISSING","مفقود","100","69.39692845548757","7","[5,6,7,9]","10","0","[]","[]","10","179.39692845548757","review","approved","approved","Selected general vocabulary. Approval requires at least one approved MSA relationship; an unsuitable translation alone does not reject the headword.","1","4","{""approved"":1}","{""approved"":4}","{""msa"":4}","4","4","1","1","0","0","3","4","0","0","0"
"4326","POLLUTION","التلوث","100","58.39430640529404","9","[4,6]","10","8","[""?O??????P""]","[]","21","179.39430640529403","review","approved","approved","Selected general vocabulary. Approval requires at least one approved MSA relationship; an unsuitable translation alone does not reject the headword.","1","2","{""approved"":1}","{""approved"":2}","{""msa"":2}","2","2","1","1","0","0","1","2","0","0","0"
"2127","SITEMAP","خريطة الموقع","100","69.37695093020352","7","[11]","10","0","[]","[]","10","179.37695093020352","review","approved","approved","Selected general vocabulary. Approval requires at least one approved MSA relationship; an unsuitable translation alone does not reject the headword.","1","1","{""approved"":1}","{""approved"":1}","{""msa"":1}","1","1","1","1","0","0","0","1","0","0","1"
"1728","BASKET","سلة","100","71.36970907728805","6","[3,5]","0","8","[]","[]","8","179.36970907728806","review","approved","approved","Selected general vocabulary. Approval requires at least one approved MSA relationship; an unsuitable translation alone does not reject the headword.","1","2","{""approved"":1}","{""approved"":2}","{""msa"":2}","2","2","1","1","0","0","1","2","0","0","0"
"2730","CERTAINLY","بالتأكيد","100","66.36533899363216","9","[8]","10","0","[""????A?N??""]","[]","13","179.36533899363218","review","approved","approved","Selected general vocabulary. Approval requires at least one approved MSA relationship; an unsuitable translation alone does not reject the headword.","1","1","{""approved"":1}","{""approved"":1}","{""msa"":1}","1","1","1","1","0","0","0","1","0","0","0"
"1733","DEMAND","الطلب","100","71.34473717068298","6","[4,5,6]","0","8","[]","[]","8","179.34473717068298","review","approved","approved","Selected general vocabulary. Approval requires at least one approved MSA relationship; an unsuitable translation alone does not reject the headword.","1","3","{""approved"":1}","{""approved"":3}","{""msa"":3}","3","3","1","1","0","0","2","3","0","0","0"
"1734","SUITE","جناح","100","71.33974278936196","5","[4,6]","0","8","[]","[]","8","179.33974278936196","review","approved","approved","Selected general vocabulary. Approval requires at least one approved MSA relationship; an unsuitable translation alone does not reject the headword.","1","2","{""approved"":1}","{""approved"":2}","{""msa"":2}","2","2","1","1","0","0","1","2","0","0","0"
"1740","SKIP","تخطي","100","71.30977650143589","4","[4]","0","8","[]","[]","8","179.3097765014359","review","approved","approved","Selected general vocabulary. Approval requires at least one approved MSA relationship; an unsuitable translation alone does not reject the headword.","1","3","{""approved"":1}","{""approved"":2,""review"":1}","{""msa"":2,""uncertain"":1}","2","2","1","1","0","0","1","2","1","0","0"
"2141","CENTERS","المراكز","100","69.30702959170932","7","[5,7]","10","0","[]","[]","10","179.30702959170932","review","approved","approved","Selected general vocabulary. Approval requires at least one approved MSA relationship; an unsuitable translation alone does not reject the headword.","1","2","{""approved"":1}","{""approved"":2}","{""msa"":2}","2","2","1","1","0","0","1","2","0","0","0"
"1741","DIET","حمية","100","71.30478212011488","4","[4,6]","0","8","[]","[]","8","179.30478212011488","review","approved","approved","Selected general vocabulary. Approval requires at least one approved MSA relationship; an unsuitable translation alone does not reject the headword.","1","2","{""approved"":1}","{""approved"":2}","{""msa"":2}","2","2","1","1","0","0","1","2","0","0","0"
"1742","ARMY","الجيش","100","71.29978773879385","4","[3,5]","0","8","[]","[]","8","179.29978773879384","review","approved","approved","Selected general vocabulary. Approval requires at least one approved MSA relationship; an unsuitable translation alone does not reject the headword.","1","2","{""approved"":1}","{""approved"":2}","{""msa"":2}","2","2","1","1","0","0","1","2","0","0","0"
"1744","GEAR","والعتاد","100","71.28979897615183","4","[3,6,7]","0","8","[]","[]","8","179.28979897615181","review","approved","approved","Selected general vocabulary. Approval requires at least one approved MSA relationship; an unsuitable translation alone does not reject the headword.","1","3","{""approved"":1}","{""approved"":2,""review"":1}","{""msa"":3}","2","2","2","2","0","0","0","3","0","2","0"
"2145","RESERVE","الاحتياطي","100","69.28705206642528","7","[7,9]","10","0","[]","[]","10","179.28705206642528","review","approved","approved","Selected general vocabulary. Approval requires at least one approved MSA relationship; an unsuitable translation alone does not reject the headword.","1","2","{""approved"":1}","{""approved"":2}","{""msa"":2}","2","2","1","1","0","0","1","2","0","0","0"
"2146","RECIPES","وصفات","100","69.28205768510425","7","[5,7]","10","0","[]","[]","10","179.28205768510423","review","approved","approved","Selected general vocabulary. Approval requires at least one approved MSA relationship; an unsuitable translation alone does not reject the headword.","1","2","{""approved"":1}","{""approved"":2}","{""msa"":2}","2","2","1","1","0","0","1","2","0","0","0"
"1747","DIFFERENCE","الفرق","100","71.27481583218879","10","[3,5,6,8]","0","8","[]","[]","8","179.27481583218878","review","approved","approved","Selected general vocabulary. Approval requires at least one approved MSA relationship; an unsuitable translation alone does not reject the headword.","1","4","{""approved"":1}","{""approved"":4}","{""msa"":4}","4","4","1","1","0","0","3","4","0","0","0"
"2148","PLASTIC","البلاستيك","100","69.27206892246224","7","[7,9,11]","10","0","[]","[]","10","179.27206892246224","review","approved","approved","Selected general vocabulary. Approval requires at least one approved MSA relationship; an unsuitable translation alone does not reject the headword.","1","3","{""approved"":1}","{""approved"":2,""review"":1}","{""msa"":3}","2","2","1","1","0","0","1","3","0","0","0"
"2149","PRODUCE","إنتاج","100","69.26707454114121","7","[5]","10","0","[]","[]","10","179.2670745411412","review","approved","approved","Selected general vocabulary. Approval requires at least one approved MSA relationship; an unsuitable translation alone does not reject the headword.","1","1","{""approved"":1}","{""approved"":1}","{""msa"":1}","1","1","1","1","0","0","0","1","0","0","0"
"1751","NATION","الأمة","100","71.25483830690473","6","[3,5]","0","8","[]","[]","8","179.25483830690473","review","approved","approved","Selected general vocabulary. Approval requires at least one approved MSA relationship; an unsuitable translation alone does not reject the headword.","1","3","{""approved"":1}","{""review"":2,""approved"":1}","{""msa"":3}","1","1","1","1","0","0","0","3","0","0","0"
"1755","SHEET","ورقة","100","71.23486078162068","5","[4,6]","0","8","[]","[]","8","179.23486078162068","review","approved","approved","Selected general vocabulary. Approval requires at least one approved MSA relationship; an unsuitable translation alone does not reject the headword.","1","2","{""approved"":1}","{""approved"":2}","{""msa"":2}","2","2","1","1","0","0","1","2","0","0","0"
"2156","WEEKEND","عطلة نهاية الأسبوع","100","69.23211387189411","7","[16]","10","0","[]","[]","10","179.23211387189411","review","approved","approved","Selected general vocabulary. Approval requires at least one approved MSA relationship; an unsuitable translation alone does not reject the headword.","1","1","{""approved"":1}","{""approved"":1}","{""msa"":1}","1","1","1","1","0","0","0","1","0","0","1"
"1756","FIRM","شركة","100","71.22986640029966","4","[4,6]","0","8","[]","[]","8","179.22986640029967","review","approved","approved","Selected general vocabulary. Approval requires at least one approved MSA relationship; an unsuitable translation alone does not reject the headword.","1","3","{""approved"":1}","{""approved"":3}","{""msa"":3}","3","3","2","2","0","0","1","3","0","3","0"
"3764","SIN","خطيئة","100","61.20114870770383","3","[5,7]","18","0","[]","[]","18","179.20114870770382","review","approved","approved","Selected general vocabulary. Approval requires at least one approved MSA relationship; an unsuitable translation alone does not reject the headword.","1","2","{""approved"":1}","{""approved"":2}","{""msa"":2}","2","2","1","1","0","0","1","2","0","0","0"
"3767","ORGANIZED","منظم","100","61.186165563740786","9","[4]","10","8","[]","[]","18","179.1861655637408","review","approved","approved","Selected general vocabulary. Approval requires at least one approved MSA relationship; an unsuitable translation alone does not reject the headword.","1","1","{""approved"":1}","{""approved"":1}","{""msa"":1}","1","1","1","1","0","0","0","1","0","0","0"
"1765","MODULE","الوحدة النمطية","100","71.18491696841053","6","[4,13]","0","8","[]","[]","8","179.18491696841053","review","approved","approved","Selected general vocabulary. Approval requires at least one approved MSA relationship; an unsuitable translation alone does not reject the headword.","1","2","{""approved"":1}","{""approved"":2}","{""msa"":2}","2","2","1","1","0","0","1","2","0","0","1"
"1767","FACILITY","المرفق","100","71.17492820576851","8","[4,5,6]","0","8","[]","[]","8","179.1749282057685","review","approved","approved","Selected general vocabulary. Approval requires at least one approved MSA relationship; an unsuitable translation alone does not reject the headword.","1","3","{""approved"":1}","{""review"":1,""approved"":2}","{""msa"":3}","2","2","1","1","0","0","1","3","0","0","0"
"3772","EXPENSIVE","غالية","100","61.161193657135726","9","[4,5]","10","8","[]","[]","18","179.16119365713573","review","approved","approved","Selected general vocabulary. Approval requires at least one approved MSA relationship; an unsuitable translation alone does not reject the headword.","1","4","{""approved"":1}","{""approved"":4}","{""msa"":4}","4","4","1","1","0","0","3","4","0","0","0"
"3774","CAPTURE","أسر","100","61.15120489449369","7","[3,5,6]","10","8","[]","[]","18","179.15120489449367","review","approved","approved","Selected general vocabulary. Approval requires at least one approved MSA relationship; an unsuitable translation alone does not reject the headword.","1","4","{""approved"":1}","{""review"":1,""approved"":3}","{""msa"":4}","3","3","1","1","0","0","2","4","0","3","0"
"1772","MINISTER","الوزير","100","71.14995629916345","8","[4,5,6,7]","0","8","[]","[]","8","179.14995629916345","review","approved","approved","Selected general vocabulary. Approval requires at least one approved MSA relationship; an unsuitable translation alone does not reject the headword.","1","4","{""approved"":1}","{""approved"":4}","{""msa"":4}","4","4","1","1","0","0","3","4","0","0","0"
"1773","MOTION","الحركة","100","71.14496191784242","6","[4,6]","0","8","[]","[]","8","179.1449619178424","review","approved","approved","Selected general vocabulary. Approval requires at least one approved MSA relationship; an unsuitable translation alone does not reject the headword.","1","2","{""approved"":1}","{""approved"":2}","{""msa"":2}","2","2","1","1","0","0","1","2","0","0","0"
"1774","LOOKS","يبدو","100","71.13996753652143","5","[4,5,7]","0","8","[]","[]","8","179.13996753652143","review","approved","approved","Selected general vocabulary. Approval requires at least one approved MSA relationship; an unsuitable translation alone does not reject the headword.","1","3","{""approved"":1}","{""approved"":3}","{""msa"":3}","3","3","2","2","0","0","1","3","0","3","0"
"1777","VISITORS","الزوار","100","71.12498439255837","8","[4,6,8]","0","8","[]","[]","8","179.12498439255836","review","approved","approved","Selected general vocabulary. Approval requires at least one approved MSA relationship; an unsuitable translation alone does not reject the headword.","1","3","{""approved"":1}","{""approved"":3}","{""msa"":3}","3","3","1","1","0","0","2","3","0","0","0"
"1781","FOREST","الغابات","100","71.10500686727431","6","[4,5,6,7]","0","8","[]","[]","8","179.1050068672743","review","approved","approved","Selected general vocabulary. Approval requires at least one approved MSA relationship; an unsuitable translation alone does not reject the headword.","1","4","{""approved"":1}","{""review"":2,""approved"":2}","{""msa"":4}","2","2","1","1","0","0","1","4","0","0","0"
"2182","ADVENTURE","مغامرة","100","69.10225995754776","9","[6,7,8]","10","0","[]","[]","10","179.10225995754774","review","approved","approved","Selected general vocabulary. Approval requires at least one approved MSA relationship; an unsuitable translation alone does not reject the headword.","1","3","{""approved"":1}","{""approved"":2,""review"":1}","{""msa"":3}","2","2","1","1","0","0","1","3","0","0","0"
"3784","MECHANISM","آلية","100","61.10126108128355","9","[4,6]","10","8","[]","[]","18","179.10126108128355","review","approved","approved","Selected general vocabulary. Approval requires at least one approved MSA relationship; an unsuitable translation alone does not reject the headword.","1","3","{""approved"":1}","{""review"":2,""approved"":1}","{""msa"":3}","1","1","1","1","0","0","0","3","0","0","0"
"3785","CAMPING","التخييم","100","61.09626669996254","7","[4,7]","10","8","[]","[]","18","179.09626669996254","review","approved","approved","Selected general vocabulary. Approval requires at least one approved MSA relationship; an unsuitable translation alone does not reject the headword.","1","2","{""approved"":1}","{""approved"":2}","{""msa"":2}","2","2","1","1","0","0","1","2","0","0","0"
"3788","WELFARE","الرعاية الاجتماعية","100","61.081283555999505","7","[4,6,17]","10","8","[]","[]","18","179.0812835559995","review","approved","approved","Selected general vocabulary. Approval requires at least one approved MSA relationship; an unsuitable translation alone does not reject the headword.","1","4","{""approved"":1}","{""approved"":4}","{""msa"":4}","4","4","2","2","0","0","2","4","0","1","1"
"1787","CHANCE","فرصة","100","71.07504057934824","6","[4,6]","0","8","[]","[]","8","179.07504057934824","review","approved","approved","Selected general vocabulary. Approval requires at least one approved MSA relationship; an unsuitable translation alone does not reject the headword.","1","2","{""approved"":1}","{""approved"":2}","{""msa"":2}","2","2","1","1","0","0","1","2","0","0","0"
"2188","POSTERS","ملصقات","100","69.07229366962167","7","[6,8]","10","0","[]","[]","10","179.07229366962167","review","approved","approved","Selected general vocabulary. Approval requires at least one approved MSA relationship; an unsuitable translation alone does not reject the headword.","1","2","{""approved"":1}","{""approved"":2}","{""msa"":2}","2","2","1","1","0","0","1","2","0","0","0"
"1788","VISION","الرؤية","100","71.07004619802721","6","[4,6]","0","8","[]","[]","8","179.07004619802723","review","approved","approved","Selected general vocabulary. Approval requires at least one approved MSA relationship; an unsuitable translation alone does not reject the headword.","1","3","{""approved"":1}","{""approved"":3}","{""msa"":3}","3","3","1","1","0","0","2","3","0","1","0"
"1789","BALL","الكرة","100","71.0650518167062","4","[3,5]","0","8","[]","[]","8","179.06505181670622","review","approved","approved","Selected general vocabulary. Approval requires at least one approved MSA relationship; an unsuitable translation alone does not reject the headword.","1","2","{""approved"":1}","{""approved"":2}","{""msa"":2}","2","2","1","1","0","0","1","2","0","0","0"
"2190","ASSISTANT","مساعد","100","69.06230490697965","9","[5,7]","10","0","[]","[]","10","179.06230490697965","review","approved","approved","Selected general vocabulary. Approval requires at least one approved MSA relationship; an unsuitable translation alone does not reject the headword.","1","2","{""approved"":1}","{""approved"":2}","{""msa"":2}","2","2","1","1","0","0","1","2","0","0","0"
"1793","LISTEN","استمعوا","100","71.04507429142215","6","[4,5,6,7,8]","0","8","[]","[]","8","179.04507429142217","review","approved","approved","Selected general vocabulary. Approval requires at least one approved MSA relationship; an unsuitable translation alone does not reject the headword.","1","5","{""approved"":1}","{""review"":2,""approved"":3}","{""msa"":5}","3","3","1","1","0","0","2","5","0","0","0"
"2195","PARKING","موقف سيارات","100","69.03733300037457","7","[10]","10","0","[]","[]","10","179.0373330003746","review","review","review","Selected general vocabulary. Approval requires at least one approved MSA relationship; an unsuitable translation alone does not reject the headword.","1","1","{""review"":1}","{""review"":1}","{""msa"":1}","0","0","0","0","0","0","0","1","0","0","1"
"1795","ACCEPT","قبول","100","71.03508552878013","6","[4]","0","8","[]","[]","8","179.03508552878014","review","approved","approved","Selected general vocabulary. Approval requires at least one approved MSA relationship; an unsuitable translation alone does not reject the headword.","1","4","{""approved"":1}","{""approved"":4}","{""msa"":4}","4","4","1","1","0","0","3","4","0","0","0"
"2196","HEADLINES","العناوين الرئيسية","100","69.03233861905356","9","[16]","10","0","[]","[]","10","179.03233861905358","review","approved","approved","Selected general vocabulary. Approval requires at least one approved MSA relationship; an unsuitable translation alone does not reject the headword.","1","1","{""approved"":1}","{""approved"":1}","{""msa"":1}","1","1","1","1","0","0","0","1","0","0","1"
"1797","NAKED","عارية","100","71.02509676613809","5","[4,5]","0","8","[]","[]","8","179.0250967661381","review","approved","approved","Selected general vocabulary. Approval requires at least one approved MSA relationship; an unsuitable translation alone does not reject the headword.","1","4","{""approved"":1}","{""approved"":4}","{""msa"":4}","4","4","1","1","0","0","3","4","0","0","0"
"1798","GOAL","الهدف","100","71.02010238481708","4","[3,5,6]","0","8","[]","[]","8","179.02010238481708","review","approved","approved","Selected general vocabulary. Approval requires at least one approved MSA relationship; an unsuitable translation alone does not reject the headword.","1","3","{""approved"":1}","{""approved"":3}","{""msa"":3}","3","3","1","1","0","0","2","3","0","3","0"
"1799","SUCCESSFUL","ناجحة","100","71.01510800349607","10","[4,5,7]","0","8","[]","[]","8","179.01510800349607","review","approved","approved","Selected general vocabulary. Approval requires at least one approved MSA relationship; an unsuitable translation alone does not reject the headword.","1","3","{""approved"":1}","{""approved"":3}","{""msa"":3}","3","3","1","1","0","0","2","3","0","0","0"
"1800","SOLD","بيعت","100","71.01011362217506","4","[3,4]","0","8","[]","[]","8","179.01011362217506","review","approved","approved","Selected general vocabulary. Approval requires at least one approved MSA relationship; an unsuitable translation alone does not reject the headword.","1","5","{""approved"":1}","{""review"":1,""approved"":4}","{""msa"":5}","4","4","1","1","0","0","3","5","0","0","0"
"1805","SCIENCES","العلوم","100","70.98514171556998","8","[4,6]","0","8","[]","[]","8","178.98514171556997","review","approved","approved","Selected general vocabulary. Approval requires at least one approved MSA relationship; an unsuitable translation alone does not reject the headword.","1","2","{""approved"":1}","{""approved"":2}","{""msa"":2}","2","2","1","1","0","0","1","2","0","0","0"
"2206","EXTENSION","التمديد","100","68.98239480584343","9","[5,6,7]","10","0","[]","[]","10","178.98239480584343","review","approved","approved","Selected general vocabulary. Approval requires at least one approved MSA relationship; an unsuitable translation alone does not reject the headword.","1","3","{""approved"":1}","{""approved"":3}","{""msa"":3}","3","3","1","1","0","0","2","3","0","3","0"
"1807","LOWEST","أدنى مستوى","100","70.97515295292796","6","[4,9]","0","8","[]","[]","8","178.97515295292794","review","review","review","Selected general vocabulary. Approval requires at least one approved MSA relationship; an unsuitable translation alone does not reject the headword.","1","2","{""review"":1}","{""review"":2}","{""msa"":2}","0","0","0","0","0","0","0","2","0","0","1"
"1809","PUBLISHING","النشر","100","70.96516419028592","10","[3,5]","0","8","[]","[]","8","178.96516419028592","review","approved","approved","Selected general vocabulary. Approval requires at least one approved MSA relationship; an unsuitable translation alone does not reject the headword.","1","2","{""approved"":1}","{""approved"":2}","{""msa"":2}","2","2","1","1","0","0","1","2","0","0","0"
"1810","APPEAR","تظهر","100","70.96016980896492","6","[4]","0","8","[]","[]","8","178.9601698089649","review","approved","approved","Selected general vocabulary. Approval requires at least one approved MSA relationship; an unsuitable translation alone does not reject the headword.","1","1","{""approved"":1}","{""approved"":1}","{""msa"":1}","1","1","1","1","0","0","0","1","0","0","0"
"3813","MONSTER","الوحش","100","60.956424022974154","7","[3,5]","10","8","[]","[]","18","178.95642402297415","review","approved","approved","Selected general vocabulary. Approval requires at least one approved MSA relationship; an unsuitable translation alone does not reject the headword.","1","2","{""approved"":1}","{""approved"":2}","{""msa"":2}","2","2","1","1","0","0","1","2","0","0","0"
"1813","LIVES","حياة","100","70.94518666500187","5","[4,5]","0","8","[]","[]","8","178.94518666500187","review","approved","approved","Selected general vocabulary. Approval requires at least one approved MSA relationship; an unsuitable translation alone does not reject the headword.","1","2","{""approved"":1}","{""approved"":1,""review"":1}","{""msa"":2}","1","1","1","1","0","0","0","2","0","0","0"
"1814","CURRENCY","العملة","100","70.94019228368086","8","[4,6]","0","8","[]","[]","8","178.94019228368086","review","approved","approved","Selected general vocabulary. Approval requires at least one approved MSA relationship; an unsuitable translation alone does not reject the headword.","1","2","{""approved"":1}","{""approved"":2}","{""msa"":2}","2","2","1","1","0","0","1","2","0","0","0"
"1818","PALM","النخيل","100","70.92021475839681","4","[4,6]","0","8","[]","[]","8","178.9202147583968","review","approved","approved","Selected general vocabulary. Approval requires at least one approved MSA relationship; an unsuitable translation alone does not reject the headword.","1","2","{""approved"":1}","{""approved"":2}","{""msa"":2}","2","2","2","2","0","0","0","2","0","2","0"
"3823","DETECTION","كشف الكشف","100","60.90648020976402","9","[3,5,8]","10","8","[]","[]","18","178.90648020976403","review","approved","approved","Selected general vocabulary. Approval requires at least one approved MSA relationship; an unsuitable translation alone does not reject the headword.","1","3","{""approved"":1}","{""approved"":2,""review"":1}","{""msa"":3}","2","2","1","1","1","1","1","3","0","0","1"
"1823","STONE","الحجر","100","70.89524285179174","5","[3,4,5,7]","0","8","[]","[]","8","178.89524285179175","review","approved","approved","Selected general vocabulary. Approval requires at least one approved MSA relationship; an unsuitable translation alone does not reject the headword.","1","5","{""approved"":1}","{""review"":3,""approved"":2}","{""uncertain"":1,""msa"":4}","2","2","1","1","0","0","1","4","1","0","0"
"3834","MODERATOR","المشرف","100","60.851542015232866","9","[4,6]","10","8","[]","[]","18","178.85154201523287","review","approved","approved","Selected general vocabulary. Approval requires at least one approved MSA relationship; an unsuitable translation alone does not reject the headword.","1","2","{""approved"":1}","{""approved"":2}","{""msa"":2}","2","2","1","1","0","0","1","2","0","0","0"
"2234","CLASSICAL","الكلاسيكية","100","68.84255212885505","9","[7,8,9,10]","10","0","[]","[]","10","178.84255212885506","review","approved","approved","Selected general vocabulary. Approval requires at least one approved MSA relationship; an unsuitable translation alone does not reject the headword.","1","4","{""approved"":1}","{""approved"":4}","{""msa"":4}","4","4","1","1","0","0","3","4","0","0","0"
"2239","DIRECTION","الاتجاه","100","68.81758022224997","9","[5,7]","10","0","[]","[]","10","178.81758022224997","review","approved","approved","Selected general vocabulary. Approval requires at least one approved MSA relationship; an unsuitable translation alone does not reject the headword.","1","2","{""approved"":1}","{""approved"":2}","{""msa"":2}","2","2","1","1","0","0","1","2","0","0","0"
"1839","PAIN","ألم","100","70.81533275065551","4","[3,5]","0","8","[]","[]","8","178.8153327506555","review","approved","approved","Selected general vocabulary. Approval requires at least one approved MSA relationship; an unsuitable translation alone does not reject the headword.","1","3","{""approved"":1}","{""review"":2,""approved"":1}","{""msa"":3}","1","1","1","1","0","0","0","3","0","0","0"
"1841","PARTICULARLY","خاصة","100","70.80534398801349","12","[4]","0","8","[]","[]","8","178.80534398801348","review","approved","approved","Selected general vocabulary. Approval requires at least one approved MSA relationship; an unsuitable translation alone does not reject the headword.","1","1","{""approved"":1}","{""approved"":1}","{""msa"":1}","1","1","1","1","0","0","0","1","0","0","0"
"2242","OBJECTS","كائنات","100","68.80259707828692","7","[5,6,7]","10","0","[]","[]","10","178.8025970782869","review","approved","approved","Selected general vocabulary. Approval requires at least one approved MSA relationship; an unsuitable translation alone does not reject the headword.","1","3","{""approved"":1}","{""review"":2,""approved"":1}","{""msa"":3}","1","1","1","1","0","0","0","3","0","1","0"
"1843","COFFEE","قهوة","100","70.79535522537145","6","[4,6]","0","8","[]","[]","8","178.79535522537145","review","approved","approved","Selected general vocabulary. Approval requires at least one approved MSA relationship; an unsuitable translation alone does not reject the headword.","1","3","{""approved"":1}","{""approved"":3}","{""msa"":3}","3","3","1","1","0","0","2","3","0","0","0"
"3848","CAPTAIN","كابتن","100","60.78162067673867","7","[4,5,7]","10","8","[]","[]","18","178.78162067673867","review","approved","approved","Selected general vocabulary. Approval requires at least one approved MSA relationship; an unsuitable translation alone does not reject the headword.","1","4","{""approved"":1}","{""approved"":4}","{""msa"":4}","4","4","2","2","0","0","2","4","0","4","0"
"3850","IMAGINE","تخيل","100","60.77163191409664","7","[4,5,6]","10","8","[]","[]","18","178.77163191409664","review","approved","approved","Selected general vocabulary. Approval requires at least one approved MSA relationship; an unsuitable translation alone does not reject the headword.","1","4","{""approved"":1}","{""approved"":4}","{""msa"":4}","4","4","1","1","0","0","3","4","0","0","0"
"1850","ORAL","شفهي","100","70.76039455612437","4","[4,5,6,7]","0","8","[]","[]","8","178.76039455612437","review","approved","approved","Selected general vocabulary. Approval requires at least one approved MSA relationship; an unsuitable translation alone does not reject the headword.","1","5","{""approved"":1}","{""approved"":5}","{""msa"":5}","5","5","1","1","0","0","4","5","0","0","0"
"1852","POSTER","ملصق","100","70.75040579348233","6","[4,6]","0","8","[]","[]","8","178.75040579348234","review","approved","approved","Selected general vocabulary. Approval requires at least one approved MSA relationship; an unsuitable translation alone does not reject the headword.","1","2","{""approved"":1}","{""approved"":2}","{""msa"":2}","2","2","1","1","0","0","1","2","0","0","0"
"1853","EDGE","حافة","100","70.74541141216132","4","[4,6]","0","8","[]","[]","8","178.74541141216133","review","approved","approved","Selected general vocabulary. Approval requires at least one approved MSA relationship; an unsuitable translation alone does not reject the headword.","1","2","{""approved"":1}","{""approved"":2}","{""msa"":2}","2","2","1","1","0","0","1","2","0","0","0"
"1855","ROOT","جذر","100","70.73542264951928","4","[3,4,5]","0","8","[]","[]","8","178.73542264951928","review","approved","approved","Selected general vocabulary. Approval requires at least one approved MSA relationship; an unsuitable translation alone does not reject the headword.","1","4","{""approved"":1}","{""review"":2,""approved"":2}","{""uncertain"":1,""msa"":3}","2","2","1","1","0","0","1","3","1","0","0"
"1856","CLOSED","مغلق","100","70.73042826819828","6","[4,5]","0","8","[]","[]","8","178.7304282681983","review","approved","approved","Selected general vocabulary. Approval requires at least one approved MSA relationship; an unsuitable translation alone does not reject the headword.","1","2","{""approved"":1}","{""approved"":2}","{""msa"":2}","2","2","1","1","0","0","1","2","0","0","0"
"3860","APPOINTED","عين","100","60.721688100886496","9","[3,4,6]","10","8","[]","[]","18","178.7216881008865","review","approved","approved","Selected general vocabulary. Approval requires at least one approved MSA relationship; an unsuitable translation alone does not reject the headword.","1","3","{""approved"":1}","{""approved"":3}","{""msa"":3}","3","3","1","1","0","0","2","3","0","0","0"
"1859","PINK","وردي","100","70.71544512423523","4","[4,5,6]","0","8","[]","[]","8","178.71544512423523","review","approved","approved","Selected general vocabulary. Approval requires at least one approved MSA relationship; an unsuitable translation alone does not reject the headword.","1","3","{""approved"":1}","{""approved"":3}","{""msa"":3}","3","3","1","1","0","0","2","3","0","0","0"
"1862","MONITORING","الرصد","100","70.7004619802722","10","[3,5]","0","8","[]","[]","8","178.7004619802722","review","approved","approved","Selected general vocabulary. Approval requires at least one approved MSA relationship; an unsuitable translation alone does not reject the headword.","1","2","{""approved"":1}","{""approved"":2}","{""msa"":2}","2","2","1","1","0","0","1","2","0","0","0"
"2263","PERSONNEL","الأفراد","100","68.69771507054564","9","[7,8]","10","0","[]","[]","10","178.69771507054566","review","approved","approved","Selected general vocabulary. Approval requires at least one approved MSA relationship; an unsuitable translation alone does not reject the headword.","1","4","{""approved"":1}","{""approved"":3,""review"":1}","{""msa"":4}","3","3","1","1","0","0","2","4","0","0","0"
"1863","GRADUATE","خريج","100","70.69546759895118","8","[4,6]","0","8","[]","[]","8","178.69546759895118","review","approved","approved","Selected general vocabulary. Approval requires at least one approved MSA relationship; an unsuitable translation alone does not reject the headword.","1","2","{""approved"":1}","{""review"":1,""approved"":1}","{""msa"":2}","1","1","1","1","0","0","0","2","0","0","0"
"1865","SHOT","اطلاق النار","100","70.68547883630914","4","[4,10]","0","8","[]","[]","8","178.68547883630913","review","approved","approved","Selected general vocabulary. Approval requires at least one approved MSA relationship; an unsuitable translation alone does not reject the headword.","1","2","{""approved"":1}","{""approved"":1,""review"":1}","{""msa"":2}","1","1","1","1","0","0","0","2","0","0","1"
"1869","THINKING","التفكير","100","70.6655013110251","8","[4,5,7]","0","8","[]","[]","8","178.66550131102508","review","approved","approved","Selected general vocabulary. Approval requires at least one approved MSA relationship; an unsuitable translation alone does not reject the headword.","1","4","{""approved"":1}","{""review"":1,""approved"":3}","{""msa"":4}","3","3","1","1","0","0","2","4","0","0","0"
"5478","RAP","الراب","100","52.64077912348608","3","[3,5]","18","8","[]","[]","26","178.64077912348608","review","review","review","Selected general vocabulary. Approval requires at least one approved MSA relationship; an unsuitable translation alone does not reject the headword.","1","2","{""review"":1}","{""review"":2}","{""uncertain"":2}","0","0","0","0","0","0","0","2","0","0","0"
"1874","LEAGUE","الدوري","100","70.64052940442002","6","[4,6]","0","8","[]","[]","8","178.64052940442002","review","approved","approved","Selected general vocabulary. Approval requires at least one approved MSA relationship; an unsuitable translation alone does not reject the headword.","1","2","{""approved"":1}","{""approved"":2}","{""msa"":2}","2","2","1","1","0","0","1","2","0","0","0"
"1875","WASTE","النفايات","100","70.63553502309901","5","[3,8]","0","8","[]","[]","8","178.635535023099","review","approved","approved","Selected general vocabulary. Approval requires at least one approved MSA relationship; an unsuitable translation alone does not reject the headword.","1","2","{""approved"":1}","{""approved"":2}","{""msa"":2}","2","2","2","2","0","0","0","2","0","2","0"
"3881","DETERMINATION","التحديد","100","60.616806093145215","13","[3,7]","10","8","[]","[]","18","178.61680609314521","review","approved","approved","Selected general vocabulary. Approval requires at least one approved MSA relationship; an unsuitable translation alone does not reject the headword.","1","3","{""approved"":1}","{""approved"":3}","{""msa"":3}","3","3","1","1","0","0","2","3","0","3","0"
"1881","COLD","البرد","100","70.60556873517294","4","[3,4,5,7]","0","8","[]","[]","8","178.60556873517294","review","approved","approved","Selected general vocabulary. Approval requires at least one approved MSA relationship; an unsuitable translation alone does not reject the headword.","1","5","{""approved"":1}","{""approved"":5}","{""msa"":5}","5","5","2","2","0","0","3","5","0","5","0"
"2284","DESIGNS","تصاميم","100","68.59283306280435","7","[6,7,8,9]","10","0","[]","[]","10","178.59283306280435","review","approved","approved","Selected general vocabulary. Approval requires at least one approved MSA relationship; an unsuitable translation alone does not reject the headword.","1","4","{""approved"":1}","{""approved"":4}","{""msa"":4}","4","4","1","1","0","0","3","4","0","0","0"
"1885","CHAIR","كرسي","100","70.58559120988888","5","[4,6]","0","8","[]","[]","8","178.5855912098889","review","approved","approved","Selected general vocabulary. Approval requires at least one approved MSA relationship; an unsuitable translation alone does not reject the headword.","1","2","{""approved"":1}","{""approved"":2}","{""msa"":2}","2","2","1","1","0","0","1","2","0","0","0"
"2286","TOURISM","السياحة","100","68.58284430016232","7","[5,7]","10","0","[]","[]","10","178.58284430016232","review","approved","approved","Selected general vocabulary. Approval requires at least one approved MSA relationship; an unsuitable translation alone does not reject the headword.","1","2","{""approved"":1}","{""approved"":2}","{""msa"":2}","2","2","1","1","0","0","1","2","0","0","0"
"1887","EFFORT","جهد","100","70.57560244724685","6","[3,5,7]","0","8","[]","[]","8","178.57560244724687","review","approved","approved","Selected general vocabulary. Approval requires at least one approved MSA relationship; an unsuitable translation alone does not reject the headword.","1","4","{""approved"":1}","{""approved"":4}","{""msa"":4}","4","4","1","1","0","0","3","4","0","0","0"
"2288","NEWSLETTERS","النشرات الإخبارية","100","68.5728555375203","11","[16]","10","0","[]","[]","10","178.5728555375203","review","approved","approved","Selected general vocabulary. Approval requires at least one approved MSA relationship; an unsuitable translation alone does not reject the headword.","1","1","{""approved"":1}","{""approved"":1}","{""msa"":1}","1","1","1","1","0","0","0","1","0","0","1"
"5493","TIN","القصدير","100","52.56586340367087","3","[2,3,7]","18","8","[]","[]","26","178.56586340367087","review","approved","approved","Selected general vocabulary. Approval requires at least one approved MSA relationship; an unsuitable translation alone does not reject the headword.","1","3","{""approved"":1}","{""rejected"":1,""review"":1,""approved"":1}","{""msa"":2,""uncertain"":1}","1","1","1","1","1","1","0","2","1","0","0"
"1889","FIELDS","حقول","100","70.56561368460481","6","[4,6,8]","0","8","[]","[]","8","178.5656136846048","review","approved","approved","Selected general vocabulary. Approval requires at least one approved MSA relationship; an unsuitable translation alone does not reject the headword.","1","4","{""approved"":1}","{""approved"":4}","{""msa"":4}","4","4","1","1","0","0","3","4","0","4","0"
"2291","SAVINGS","الوفورات","100","68.55787239355725","7","[6,7,8]","10","0","[]","[]","10","178.55787239355726","review","approved","approved","Selected general vocabulary. Approval requires at least one approved MSA relationship; an unsuitable translation alone does not reject the headword.","1","5","{""approved"":1}","{""approved"":5}","{""msa"":5}","5","5","1","1","0","0","4","5","0","2","0"
"2292","GRAPHIC","الرسم البياني","100","68.55287801223623","7","[6,12]","10","0","[]","[]","10","178.55287801223625","review","approved","approved","Selected general vocabulary. Approval requires at least one approved MSA relationship; an unsuitable translation alone does not reject the headword.","1","2","{""approved"":1}","{""approved"":1,""review"":1}","{""msa"":2}","1","1","1","1","0","0","0","2","0","0","1"
"1893","MOTOR","المحرك","100","70.54563615932076","5","[4,6]","0","8","[]","[]","8","178.54563615932076","review","approved","approved","Selected general vocabulary. Approval requires at least one approved MSA relationship; an unsuitable translation alone does not reject the headword.","1","3","{""approved"":1}","{""approved"":2,""review"":1}","{""msa"":2,""uncertain"":1}","2","2","1","1","0","0","1","3","0","0","0"
"2295","ESTIMATED","تقديرات","100","68.53789486827318","9","[7]","10","0","[]","[]","10","178.53789486827318","review","approved","approved","Selected general vocabulary. Approval requires at least one approved MSA relationship; an unsuitable translation alone does not reject the headword.","1","2","{""approved"":1}","{""approved"":1,""review"":1}","{""msa"":2}","1","1","1","1","0","0","0","2","0","0","0"
"1897","SHIRT","قميص","100","70.5256586340367","5","[4,6]","0","8","[]","[]","8","178.5256586340367","review","approved","approved","Selected general vocabulary. Approval requires at least one approved MSA relationship; an unsuitable translation alone does not reject the headword.","1","2","{""approved"":1}","{""approved"":2}","{""msa"":2}","2","2","1","1","0","0","1","2","0","0","0"
"2299","WINNING","الفوز","100","68.51791734298914","7","[5]","10","0","[]","[]","10","178.51791734298914","review","approved","approved","Selected general vocabulary. Approval requires at least one approved MSA relationship; an unsuitable translation alone does not reject the headword.","1","1","{""approved"":1}","{""approved"":1}","{""msa"":1}","1","1","1","1","0","0","0","1","0","0","0"
"2301","ANONYMOUS","مجهول","100","68.50792858034711","9","[5]","10","0","[]","[]","10","178.5079285803471","review","approved","approved","Selected general vocabulary. Approval requires at least one approved MSA relationship; an unsuitable translation alone does not reject the headword.","1","1","{""approved"":1}","{""approved"":1}","{""msa"":1}","1","1","1","1","0","0","0","1","0","0","0"
