"sourceId","english","original","categories","status","register","confidence","reasonCode","reason","proposedReplacement","applied","reviewer","sources","headwordIndex","translationIndex","beforeStatus","beforeRegister","finalArabic","beforeGrid","afterGrid","metadataChanged","repetitionAssessment"
"h15:t0","IT","بل...","[""possibly-malformed""]","rejected","uncertain","high","wrong-or-foreign-relation","بل means rather/but, not the pronoun IT; the trailing ellipsis does not supply a usable translation.","","false","AI-assisted linguistic review","[]","15","0","review","uncertain","بل...","بل","بل","true",""
"h16:t3","NOT","مش","[""dialect-rejected""]","rejected","dialect","high","dialect","Retain the relationship-specific dialect rejection established in Stage 2; no MSA rewrite.","","false","AI-assisted linguistic review","[""https://en.wiktionary.org/wiki/مش#Egyptian_Arabic""]","16","3","rejected","dialect","مش","مش","مش","false",""
"h81:t0","HOW","ازاي","[""dialect-rejected""]","rejected","dialect","high","dialect","Retain the relationship-specific dialect rejection established in Stage 2; no MSA rewrite.","","false","AI-assisted linguistic review","[""https://en.wiktionary.org/wiki/ازاي#Egyptian_Arabic""]","81","0","rejected","dialect","ازاي","ازاي","ازاي","false",""
"h81:t1","HOW","شلون","[""dialect-rejected""]","rejected","dialect","high","dialect","Retain the relationship-specific dialect rejection established in Stage 2; no MSA rewrite.","","false","AI-assisted linguistic review","[""https://en.wiktionary.org/wiki/شلون""]","81","1","rejected","dialect","شلون","شلون","شلون","false",""
"h91:t0","THAN","من...","[""possibly-malformed""]","approved","msa","high","editorial-residue","من is the MSA comparative connector corresponding to THAN. The ellipsis is editorial residue, not part of the word.","من","true","AI-assisted linguistic review","[]","91","0","review","uncertain","من","من","من","true",""
"h218:t2","BECAUSE","عشان","[""dialect-rejected""]","rejected","dialect","high","dialect","Retain the relationship-specific dialect rejection established in Stage 2; no MSA rewrite.","","false","AI-assisted linguistic review","[""https://en.wiktionary.org/wiki/عشان""]","218","2","rejected","dialect","عشان","عشان","عشان","false",""
"h345:t2","JOHN","جون جون","[""repeated-word"",""proper-name""]","rejected","uncertain","high","personal-or-geographic-name","This relationship renders an identified personal name, surname, month abbreviation/name or geographic proper noun, outside the standard general-vocabulary pool. No spelling rewrite is needed for exclusion.","","false","AI-assisted linguistic review","[]","345","2","review","uncertain","جون جون","جونجون","جونجون","true","uncertain"
"h355:t0","WHY","ليش","[""dialect-rejected""]","rejected","dialect","high","dialect","Retain the relationship-specific dialect rejection established in Stage 2; no MSA rewrite.","","false","AI-assisted linguistic review","[""https://uark.pressbooks.pub/levantinecolloquialarabic/chapter/6-4-grammar-2-asking-why-ليش/""]","355","0","rejected","dialect","ليش","ليش","ليش","false",""
"h397:t1","CANADA","كندا كندا","[""repeated-word""]","rejected","uncertain","high","personal-or-geographic-name","This relationship renders an identified personal name, surname, month abbreviation/name or geographic proper noun, outside the standard general-vocabulary pool. No spelling rewrite is needed for exclusion.","","false","AI-assisted linguistic review","[]","397","1","review","uncertain","كندا كندا","كنداكندا","كنداكندا","true","uncertain"
"h418:t4","BOX","مربع مربع","[""repeated-word""]","review","uncertain","medium","unresolved-sense","Removing repetition alone does not settle the word sense, grammatical form, or whether emphasis was intended; no confident correction applied.","","false","AI-assisted linguistic review","[]","418","4","review","uncertain","مربع مربع","مربعمربع","مربعمربع","false","uncertain"
"h439:t2","REALLY","حقا حقا","[""repeated-word""]","review","msa","medium","meaningful-repetition","حقا حقا can be emphatic, so repetition is not necessarily corruption; the intended intensity is unspecified.","حقا","false","AI-assisted linguistic review","[]","439","2","review","uncertain","حقا حقا","حقاحقا","حقاحقا","true","meaningful"
"h463:t2","JULY","يوليو يوليو","[""repeated-word""]","rejected","msa","high","redundant-repetition","JULY is valid month vocabulary, not an abbreviation-source false positive. The single existing يوليو counterpart is valid; reject only this accidentally repeated relationship.","يوليو","false","AI-assisted linguistic review","[]","463","2","review","uncertain","يوليو يوليو","يوليويوليو","يوليويوليو","true","accidental"
"h467:t3","TEST","اختبار اختبار","[""repeated-word""]","rejected","msa","high","redundant-repetition","In this TEST sense, doubling is accidental. The valid counterpart 'اختبار' already exists under this headword, so reject the malformed duplicate without adding another relationship.","اختبار","false","AI-assisted linguistic review","[]","467","3","review","uncertain","اختبار اختبار","اختباراختبار","اختباراختبار","true","accidental"
"h588:t2","MAKING","صنع صنع","[""repeated-word""]","rejected","msa","high","redundant-repetition","In this MAKING sense, doubling is accidental. The valid counterpart 'صنع' already exists under this headword, so reject the malformed duplicate without adding another relationship.","صنع","false","AI-assisted linguistic review","[]","588","2","review","uncertain","صنع صنع","صنعصنع","صنعصنع","true","accidental"
"h606:t1","LONDON","لندن”","[""possibly-malformed"",""place-name""]","rejected","uncertain","high","geographic-name","The supplied Arabic denotes a geographic proper name, not a general lexical sense; exclude this relationship without rewriting it.","","false","AI-assisted linguistic review","[]","606","1","review","uncertain","لندن”","لندن”","لندن”","true",""
"h619:t2","GARDEN","حديقة حديقة","[""repeated-word""]","rejected","msa","high","redundant-repetition","In this GARDEN sense, doubling is accidental. The valid counterpart 'حديقة' already exists under this headword, so reject the malformed duplicate without adding another relationship.","حديقة","false","AI-assisted linguistic review","[]","619","2","review","uncertain","حديقة حديقة","حديقةحديقة","حديقةحديقة","true","accidental"
"h635:t4","STORIES","قصص قصص","[""repeated-word""]","rejected","msa","high","redundant-repetition","In this STORIES sense, doubling is accidental. The valid counterpart 'قصص' already exists under this headword, so reject the malformed duplicate without adding another relationship.","قصص","false","AI-assisted linguistic review","[]","635","4","review","uncertain","قصص قصص","قصصقصص","قصصقصص","true","accidental"
"h658:t1","AUSTRALIA","أستراليا أستراليا”","[""possibly-malformed""]","rejected","uncertain","high","geographic-name","The supplied Arabic denotes a geographic proper name, not a general lexical sense; exclude this relationship without rewriting it.","","false","AI-assisted linguistic review","[]","658","1","review","uncertain","أستراليا أستراليا”","أسترالياأستراليا”","أسترالياأستراليا”","true",""
"h731:t3","FRANCE","فرنسا”","[""possibly-malformed"",""place-name""]","rejected","uncertain","high","geographic-name","The supplied Arabic denotes a geographic proper name, not a general lexical sense; exclude this relationship without rewriting it.","","false","AI-assisted linguistic review","[]","731","3","review","uncertain","فرنسا”","فرنسا”","فرنسا”","true",""
"h777:t3","CHEAP","رخيصة رخيصة","[""repeated-word""]","rejected","msa","high","redundant-repetition","In this CHEAP sense, doubling is accidental. The valid counterpart 'رخيصة' already exists under this headword, so reject the malformed duplicate without adding another relationship.","رخيصة","false","AI-assisted linguistic review","[]","777","3","review","uncertain","رخيصة رخيصة","رخيصةرخيصة","رخيصةرخيصة","true","accidental"
"h788:t2","EUROPE","أوروبا”","[""possibly-malformed""]","rejected","uncertain","high","geographic-name","The supplied Arabic denotes a geographic proper name, not a general lexical sense; exclude this relationship without rewriting it.","","false","AI-assisted linguistic review","[]","788","2","review","uncertain","أوروبا”","أوروبا”","أوروبا”","true",""
"h803:t4","FUNCTION","وظيفة وظيفة","[""repeated-word""]","rejected","msa","high","redundant-repetition","In this FUNCTION sense, doubling is accidental. The valid counterpart 'وظيفة' already exists under this headword, so reject the malformed duplicate without adding another relationship.","وظيفة","false","AI-assisted linguistic review","[]","803","4","review","uncertain","وظيفة وظيفة","وظيفةوظيفة","وظيفةوظيفة","true","accidental"
"h818:t1","GERMANY","ألمانيا ألمانيا","[""repeated-word"",""place-name""]","rejected","uncertain","high","personal-or-geographic-name","This relationship renders an identified personal name, surname, month abbreviation/name or geographic proper noun, outside the standard general-vocabulary pool. No spelling rewrite is needed for exclusion.","","false","AI-assisted linguistic review","[]","818","1","review","uncertain","ألمانيا ألمانيا","ألمانياألمانيا","ألمانياألمانيا","true","uncertain"
"h834:t2","JAMES","جيمس جيمس","[""repeated-word"",""proper-name""]","rejected","uncertain","high","personal-or-geographic-name","This relationship renders an identified personal name, surname, month abbreviation/name or geographic proper noun, outside the standard general-vocabulary pool. No spelling rewrite is needed for exclusion.","","false","AI-assisted linguistic review","[]","834","2","review","uncertain","جيمس جيمس","جيمسجيمس","جيمسجيمس","true","uncertain"
"h846:t3","MAGAZINE","مجلة مجلة","[""repeated-word""]","rejected","msa","high","redundant-repetition","In this MAGAZINE sense, doubling is accidental. The valid counterpart 'مجلة' already exists under this headword, so reject the malformed duplicate without adding another relationship.","مجلة","false","AI-assisted linguistic review","[]","846","3","review","uncertain","مجلة مجلة","مجلةمجلة","مجلةمجلة","true","accidental"
"h863:t2","LOAN","قرض قرض","[""repeated-word""]","rejected","msa","high","redundant-repetition","In this LOAN sense, doubling is accidental. The valid counterpart 'قرض' already exists under this headword, so reject the malformed duplicate without adding another relationship.","قرض","false","AI-assisted linguistic review","[]","863","2","review","uncertain","قرض قرض","قرضقرض","قرضقرض","true","accidental"
"h873:t1","MICHAEL","مايكل مايكل","[""repeated-word"",""proper-name""]","rejected","uncertain","high","personal-or-geographic-name","This relationship renders an identified personal name, surname, month abbreviation/name or geographic proper noun, outside the standard general-vocabulary pool. No spelling rewrite is needed for exclusion.","","false","AI-assisted linguistic review","[]","873","1","review","uncertain","مايكل مايكل","مايكلمايكل","مايكلمايكل","true","uncertain"
"h877:t2","STEP","خطوة خطوة","[""repeated-word""]","review","msa","medium","meaningful-repetition","خطوة خطوة is distributive, meaning step by step. It is meaningful but not an unambiguous equivalent of standalone STEP.","خطوة","false","AI-assisted linguistic review","[]","877","2","review","uncertain","خطوة خطوة","خطوةخطوة","خطوةخطوة","true","meaningful"
"h885:t2","PAUL","بول بول","[""repeated-word""]","rejected","uncertain","high","personal-or-geographic-name","This relationship renders an identified personal name, surname, month abbreviation/name or geographic proper noun, outside the standard general-vocabulary pool. No spelling rewrite is needed for exclusion.","","false","AI-assisted linguistic review","[]","885","2","review","uncertain","بول بول","بولبول","بولبول","true","uncertain"
"h942:t2","JAPAN","اليابان اليابان","[""repeated-word""]","rejected","uncertain","high","personal-or-geographic-name","This relationship renders an identified personal name, surname, month abbreviation/name or geographic proper noun, outside the standard general-vocabulary pool. No spelling rewrite is needed for exclusion.","","false","AI-assisted linguistic review","[]","942","2","review","uncertain","اليابان اليابان","الياباناليابان","الياباناليابان","true","uncertain"
"h988:t2","INSTITUTE","معهد معهد","[""repeated-word""]","rejected","msa","high","redundant-repetition","In this INSTITUTE sense, doubling is accidental. The valid counterpart 'معهد' already exists under this headword, so reject the malformed duplicate without adding another relationship.","معهد","false","AI-assisted linguistic review","[]","988","2","review","uncertain","معهد معهد","معهدمعهد","معهدمعهد","true","accidental"
"h1112:t2","BAND","الفرقة الفرقة","[""repeated-word""]","rejected","msa","high","redundant-repetition","In this BAND sense, doubling is accidental. The valid counterpart 'الفرقة' already exists under this headword, so reject the malformed duplicate without adding another relationship.","الفرقة","false","AI-assisted linguistic review","[]","1112","2","review","uncertain","الفرقة الفرقة","الفرقةالفرقة","الفرقةالفرقة","true","accidental"
"h1155:t3","ASIAN","الآسيوية الآسيوية","[""repeated-word""]","review","uncertain","medium","unresolved-sense","Removing repetition alone does not settle the word sense, grammatical form, or whether emphasis was intended; no confident correction applied.","","false","AI-assisted linguistic review","[]","1155","3","review","uncertain","الآسيوية الآسيوية","الآسيويةالآسيوية","الآسيويةالآسيوية","false","uncertain"
"h1159:t3","INDUSTRIAL","الصناعية الصناعية","[""repeated-word""]","review","uncertain","medium","unresolved-sense","Removing repetition alone does not settle the word sense, grammatical form, or whether emphasis was intended; no confident correction applied.","","false","AI-assisted linguistic review","[]","1159","3","review","uncertain","الصناعية الصناعية","الصناعيةالصناعية","الصناعيةالصناعية","false","uncertain"
"h1176:t2","THOMAS","توماس توماس","[""repeated-word""]","rejected","uncertain","high","personal-or-geographic-name","This relationship renders an identified personal name, surname, month abbreviation/name or geographic proper noun, outside the standard general-vocabulary pool. No spelling rewrite is needed for exclusion.","","false","AI-assisted linguistic review","[]","1176","2","review","uncertain","توماس توماس","توماستوماس","توماستوماس","true","uncertain"
"h1213:t1","SMITH","سميث سميث","[""repeated-word""]","rejected","uncertain","high","personal-or-geographic-name","This relationship renders an identified personal name, surname, month abbreviation/name or geographic proper noun, outside the standard general-vocabulary pool. No spelling rewrite is needed for exclusion.","","false","AI-assisted linguistic review","[]","1213","1","review","uncertain","سميث سميث","سميثسميث","سميثسميث","true","uncertain"
"h1237:t2","STATION","محطة محطة","[""repeated-word""]","rejected","msa","high","redundant-repetition","In this STATION sense, doubling is accidental. The valid counterpart 'محطة' already exists under this headword, so reject the malformed duplicate without adding another relationship.","محطة","false","AI-assisted linguistic review","[]","1237","2","review","uncertain","محطة محطة","محطةمحطة","محطةمحطة","true","accidental"
"h1253:t4","BLOOD","الدم الدم","[""repeated-word""]","rejected","msa","high","redundant-repetition","In this BLOOD sense, doubling is accidental. The valid counterpart 'الدم' already exists under this headword, so reject the malformed duplicate without adding another relationship.","الدم","false","AI-assisted linguistic review","[]","1253","4","review","uncertain","الدم الدم","الدمالدم","الدمالدم","true","accidental"
"h1259:t4","HALL","قاعة قاعة","[""repeated-word""]","rejected","msa","high","redundant-repetition","In this HALL sense, doubling is accidental. The valid counterpart 'قاعة' already exists under this headword, so reject the malformed duplicate without adding another relationship.","قاعة","false","AI-assisted linguistic review","[]","1259","4","review","uncertain","قاعة قاعة","قاعةقاعة","قاعةقاعة","true","accidental"
"h1284:t1","ITALY","إيطاليا”","[""possibly-malformed""]","rejected","uncertain","high","geographic-name","The supplied Arabic denotes a geographic proper name, not a general lexical sense; exclude this relationship without rewriting it.","","false","AI-assisted linguistic review","[]","1284","1","review","uncertain","إيطاليا”","إيطاليا”","إيطاليا”","true",""
"h1299:t2","PETER","بيتر بيتر","[""repeated-word""]","rejected","uncertain","high","personal-or-geographic-name","This relationship renders an identified personal name, surname, month abbreviation/name or geographic proper noun, outside the standard general-vocabulary pool. No spelling rewrite is needed for exclusion.","","false","AI-assisted linguistic review","[]","1299","2","review","uncertain","بيتر بيتر","بيتربيتر","بيتربيتر","true","uncertain"
"h1368:t1","BIN","بن بن","[""repeated-word""]","rejected","uncertain","high","unusable-lexical-rendering","The doubled name-like/phonetic string does not provide a natural MSA translation of the ordinary English lexical sense. Exclude this relationship without inventing a replacement or rejecting unreviewed senses.","","false","AI-assisted linguistic review","[]","1368","1","review","uncertain","بن بن","بنبن","بنبن","true","wrong-or-incomplete"
"h1393:t4","CHINESE","الصينية الصينية","[""repeated-word""]","review","uncertain","medium","unresolved-sense","Removing repetition alone does not settle the word sense, grammatical form, or whether emphasis was intended; no confident correction applied.","","false","AI-assisted linguistic review","[]","1393","4","review","uncertain","الصينية الصينية","الصينيةالصينية","الصينيةالصينية","false","uncertain"
"h1395:t1","ASIA","آسيا آسيا","[""repeated-word""]","rejected","uncertain","high","personal-or-geographic-name","This relationship renders an identified personal name, surname, month abbreviation/name or geographic proper noun, outside the standard general-vocabulary pool. No spelling rewrite is needed for exclusion.","","false","AI-assisted linguistic review","[]","1395","1","review","uncertain","آسيا آسيا","آسياآسيا","آسياآسيا","true","uncertain"
"h1432:t4","INDIAN","هندي هندي","[""repeated-word""]","review","uncertain","medium","unresolved-sense","Removing repetition alone does not settle the word sense, grammatical form, or whether emphasis was intended; no confident correction applied.","","false","AI-assisted linguistic review","[]","1432","4","review","uncertain","هندي هندي","هنديهندي","هنديهندي","false","uncertain"
"h1435:t3","MARY","ماري ماري","[""repeated-word"",""proper-name""]","rejected","uncertain","high","personal-or-geographic-name","This relationship renders an identified personal name, surname, month abbreviation/name or geographic proper noun, outside the standard general-vocabulary pool. No spelling rewrite is needed for exclusion.","","false","AI-assisted linguistic review","[]","1435","3","review","uncertain","ماري ماري","ماريماري","ماريماري","true","uncertain"
"h1459:t2","IRAQ","العراق”","[""possibly-malformed""]","rejected","uncertain","high","geographic-name","The supplied Arabic denotes a geographic proper name, not a general lexical sense; exclude this relationship without rewriting it.","","false","AI-assisted linguistic review","[]","1459","2","review","uncertain","العراق”","العراق”","العراق”","true",""
"h1468:t5","PLANT","مصنع مصنع","[""repeated-word""]","approved","msa","high","accidental-repetition","The single form 'مصنع' is a natural MSA rendering of the identified PLANT sense. The second identical word adds no intended meaning here.","مصنع","true","AI-assisted linguistic review","[]","1468","5","review","uncertain","مصنع","مصنعمصنع","مصنع","true","accidental"
"h1474:t3","MINI","ميني ميني","[""repeated-word""]","review","uncertain","medium","unresolved-sense","Removing repetition alone does not settle the word sense, grammatical form, or whether emphasis was intended; no confident correction applied.","","false","AI-assisted linguistic review","[]","1474","3","review","uncertain","ميني ميني","مينيميني","مينيميني","false","uncertain"
"h1489:t1","PACK","حزمة حزمة","[""repeated-word""]","rejected","msa","high","redundant-repetition","In this PACK sense, doubling is accidental. The valid counterpart 'حزمة' already exists under this headword, so reject the malformed duplicate without adding another relationship.","حزمة","false","AI-assisted linguistic review","[]","1489","1","review","uncertain","حزمة حزمة","حزمةحزمة","حزمةحزمة","true","accidental"
"h1492:t4","INTERNAL","داخلي داخلي","[""repeated-word""]","rejected","msa","high","redundant-repetition","In this INTERNAL sense, doubling is accidental. The valid counterpart 'داخلي' already exists under this headword, so reject the malformed duplicate without adding another relationship.","داخلي","false","AI-assisted linguistic review","[]","1492","4","review","uncertain","داخلي داخلي","داخليداخلي","داخليداخلي","true","accidental"
"h1497:t1","RICHARD","ريتشارد ريتشارد","[""repeated-word""]","rejected","uncertain","high","personal-or-geographic-name","This relationship renders an identified personal name, surname, month abbreviation/name or geographic proper noun, outside the standard general-vocabulary pool. No spelling rewrite is needed for exclusion.","","false","AI-assisted linguistic review","[]","1497","1","review","uncertain","ريتشارد ريتشارد","ريتشاردريتشارد","ريتشاردريتشارد","true","uncertain"
"h1516:t1","SPAIN","إسبانيا”","[""possibly-malformed""]","rejected","uncertain","high","geographic-name","The supplied Arabic denotes a geographic proper name, not a general lexical sense; exclude this relationship without rewriting it.","","false","AI-assisted linguistic review","[]","1516","1","review","uncertain","إسبانيا”","إسبانيا”","إسبانيا”","true",""
"h1573:t2","MARTIN","مارتن مارتن","[""repeated-word""]","rejected","uncertain","high","personal-or-geographic-name","This relationship renders an identified personal name, surname, month abbreviation/name or geographic proper noun, outside the standard general-vocabulary pool. No spelling rewrite is needed for exclusion.","","false","AI-assisted linguistic review","[]","1573","2","review","uncertain","مارتن مارتن","مارتنمارتن","مارتنمارتن","true","uncertain"
"h1594:t1","PARIS","باريس باريس","[""repeated-word"",""place-name""]","rejected","uncertain","high","personal-or-geographic-name","This relationship renders an identified personal name, surname, month abbreviation/name or geographic proper noun, outside the standard general-vocabulary pool. No spelling rewrite is needed for exclusion.","","false","AI-assisted linguistic review","[]","1594","1","review","uncertain","باريس باريس","باريسباريس","باريسباريس","true","uncertain"
"h1600:t2","JERSEY","جيرسي جيرسي","[""repeated-word""]","review","uncertain","medium","unresolved-sense","Removing repetition alone does not settle the word sense, grammatical form, or whether emphasis was intended; no confident correction applied.","","false","AI-assisted linguistic review","[]","1600","2","review","uncertain","جيرسي جيرسي","جيرسيجيرسي","جيرسيجيرسي","false","uncertain"
"h1604:t2","ELECTRIC","كهربائي كهربائي","[""repeated-word""]","rejected","msa","high","redundant-repetition","In this ELECTRIC sense, doubling is accidental. The valid counterpart 'كهربائي' already exists under this headword, so reject the malformed duplicate without adding another relationship.","كهربائي","false","AI-assisted linguistic review","[]","1604","2","review","uncertain","كهربائي كهربائي","كهربائيكهربائي","كهربائيكهربائي","true","accidental"
"h1616:t1","MIKE","مايك مايك","[""repeated-word""]","rejected","uncertain","high","personal-or-geographic-name","This relationship renders an identified personal name, surname, month abbreviation/name or geographic proper noun, outside the standard general-vocabulary pool. No spelling rewrite is needed for exclusion.","","false","AI-assisted linguistic review","[]","1616","1","review","uncertain","مايك مايك","مايكمايك","مايكمايك","true","uncertain"
"h1713:t2","ROYAL","الملكي الملكي","[""repeated-word""]","review","uncertain","medium","unresolved-sense","Removing repetition alone does not settle the word sense, grammatical form, or whether emphasis was intended; no confident correction applied.","","false","AI-assisted linguistic review","[]","1713","2","review","uncertain","الملكي الملكي","الملكيالملكي","الملكيالملكي","false","uncertain"
"h1736:t4","SQUARE","مربع مربع","[""repeated-word""]","rejected","msa","high","redundant-repetition","In this SQUARE sense, doubling is accidental. The valid counterpart 'مربع' already exists under this headword, so reject the malformed duplicate without adding another relationship.","مربع","false","AI-assisted linguistic review","[]","1736","4","review","uncertain","مربع مربع","مربعمربع","مربعمربع","true","accidental"
"h1737:t2","CHRIS","كريس كريس","[""repeated-word""]","rejected","uncertain","high","personal-or-geographic-name","This relationship renders an identified personal name, surname, month abbreviation/name or geographic proper noun, outside the standard general-vocabulary pool. No spelling rewrite is needed for exclusion.","","false","AI-assisted linguistic review","[]","1737","2","review","uncertain","كريس كريس","كريسكريس","كريسكريس","true","uncertain"
"h1750:t4","CHARLES","تشارلز تشارلز","[""repeated-word""]","rejected","uncertain","high","personal-or-geographic-name","This relationship renders an identified personal name, surname, month abbreviation/name or geographic proper noun, outside the standard general-vocabulary pool. No spelling rewrite is needed for exclusion.","","false","AI-assisted linguistic review","[]","1750","4","review","uncertain","تشارلز تشارلز","تشارلزتشارلز","تشارلزتشارلز","true","uncertain"
"h1754:t2","PIECE","قطعة قطعة","[""repeated-word""]","review","msa","medium","meaningful-repetition","قطعة قطعة can mean piece by piece; do not blindly strip a meaningful distributive repetition.","قطعة","false","AI-assisted linguistic review","[]","1754","2","review","uncertain","قطعة قطعة","قطعةقطعة","قطعةقطعة","true","meaningful"
"h1757:t3","SEVEN","سبعة سبعة","[""repeated-word""]","rejected","msa","high","redundant-repetition","In this SEVEN sense, doubling is accidental. The valid counterpart 'سبعة' already exists under this headword, so reject the malformed duplicate without adding another relationship.","سبعة","false","AI-assisted linguistic review","[]","1757","3","review","uncertain","سبعة سبعة","سبعةسبعة","سبعةسبعة","true","accidental"
"h1803:t1","CLINICAL","السريرية السريرية","[""repeated-word""]","review","uncertain","medium","unresolved-sense","Removing repetition alone does not settle the word sense, grammatical form, or whether emphasis was intended; no confident correction applied.","","false","AI-assisted linguistic review","[]","1803","1","review","uncertain","السريرية السريرية","السريريةالسريرية","السريريةالسريرية","false","uncertain"
"h1830:t2","SCIENTIFIC","العلمية العلمية","[""repeated-word""]","review","uncertain","medium","unresolved-sense","Removing repetition alone does not settle the word sense, grammatical form, or whether emphasis was intended; no confident correction applied.","","false","AI-assisted linguistic review","[]","1830","2","review","uncertain","العلمية العلمية","العلميةالعلمية","العلميةالعلمية","false","uncertain"
"h1848:t1","STEVE","ستيف ستيف","[""repeated-word""]","rejected","uncertain","high","personal-or-geographic-name","This relationship renders an identified personal name, surname, month abbreviation/name or geographic proper noun, outside the standard general-vocabulary pool. No spelling rewrite is needed for exclusion.","","false","AI-assisted linguistic review","[]","1848","1","review","uncertain","ستيف ستيف","ستيفستيف","ستيفستيف","true","uncertain"
"h1870:t1","SCOTT","سكوت سكوت","[""repeated-word""]","rejected","uncertain","high","personal-or-geographic-name","This relationship renders an identified personal name, surname, month abbreviation/name or geographic proper noun, outside the standard general-vocabulary pool. No spelling rewrite is needed for exclusion.","","false","AI-assisted linguistic review","[]","1870","1","review","uncertain","سكوت سكوت","سكوتسكوت","سكوتسكوت","true","uncertain"
"h1890:t5","BAG","حقيبة حقيبة","[""repeated-word""]","rejected","msa","high","redundant-repetition","In this BAG sense, doubling is accidental. The valid counterpart 'حقيبة' already exists under this headword, so reject the malformed duplicate without adding another relationship.","حقيبة","false","AI-assisted linguistic review","[]","1890","5","review","uncertain","حقيبة حقيبة","حقيبةحقيبة","حقيبةحقيبة","true","accidental"
"h1918:t3","WILD","البرية البرية","[""repeated-word""]","review","uncertain","medium","unresolved-sense","Removing repetition alone does not settle the word sense, grammatical form, or whether emphasis was intended; no confident correction applied.","","false","AI-assisted linguistic review","[]","1918","3","review","uncertain","البرية البرية","البريةالبرية","البريةالبرية","false","uncertain"
"h1939:t1","ISRAEL","إسرائيل”","[""possibly-malformed""]","rejected","uncertain","high","geographic-name","The supplied Arabic denotes a geographic proper name, not a general lexical sense; exclude this relationship without rewriting it.","","false","AI-assisted linguistic review","[]","1939","1","review","uncertain","إسرائيل”","إسرائيل”","إسرائيل”","true",""
"h1962:t3","POCKET","جيب جيب","[""repeated-word""]","rejected","msa","high","redundant-repetition","In this POCKET sense, doubling is accidental. The valid counterpart 'جيب' already exists under this headword, so reject the malformed duplicate without adding another relationship.","جيب","false","AI-assisted linguistic review","[]","1962","3","review","uncertain","جيب جيب","جيبجيب","جيبجيب","true","accidental"
"h1999:t0","LOUIS","لويس لويس","[""repeated-word""]","rejected","uncertain","high","personal-or-geographic-name","This relationship renders an identified personal name, surname, month abbreviation/name or geographic proper noun, outside the standard general-vocabulary pool. No spelling rewrite is needed for exclusion.","","false","AI-assisted linguistic review","[]","1999","0","review","uncertain","لويس لويس","لويسلويس","لويسلويس","true","uncertain"
"h2043:t4","SOLID","الصلبة الصلبة","[""repeated-word""]","rejected","msa","high","redundant-repetition","In this SOLID sense, doubling is accidental. The valid counterpart 'الصلبة' already exists under this headword, so reject the malformed duplicate without adding another relationship.","الصلبة","false","AI-assisted linguistic review","[]","2043","4","review","uncertain","الصلبة الصلبة","الصلبةالصلبة","الصلبةالصلبة","true","accidental"
"h2084:t2","MOUNT","جبل جبل","[""repeated-word""]","rejected","msa","high","redundant-repetition","In this MOUNT sense, doubling is accidental. The valid counterpart 'جبل' already exists under this headword, so reject the malformed duplicate without adding another relationship.","جبل","false","AI-assisted linguistic review","[]","2084","2","review","uncertain","جبل جبل","جبلجبل","جبلجبل","true","accidental"
"h2089:t2","LATIN","اللاتينية اللاتينية","[""repeated-word""]","review","uncertain","medium","unresolved-sense","Removing repetition alone does not settle the word sense, grammatical form, or whether emphasis was intended; no confident correction applied.","","false","AI-assisted linguistic review","[]","2089","2","review","uncertain","اللاتينية اللاتينية","اللاتينيةاللاتينية","اللاتينيةاللاتينية","false","uncertain"
"h2115:t2","KONG","كونغ كونغ","[""repeated-word""]","rejected","uncertain","high","personal-or-geographic-name","This relationship renders an identified personal name, surname, month abbreviation/name or geographic proper noun, outside the standard general-vocabulary pool. No spelling rewrite is needed for exclusion.","","false","AI-assisted linguistic review","[]","2115","2","review","uncertain","كونغ كونغ","كونغكونغ","كونغكونغ","true","uncertain"
"h2202:t1","RUSSIA","روسيا روسيا","[""repeated-word""]","rejected","uncertain","high","personal-or-geographic-name","This relationship renders an identified personal name, surname, month abbreviation/name or geographic proper noun, outside the standard general-vocabulary pool. No spelling rewrite is needed for exclusion.","","false","AI-assisted linguistic review","[]","2202","1","review","uncertain","روسيا روسيا","روسياروسيا","روسياروسيا","true","uncertain"
"h2222:t2","ELECTRICAL","الكهربائية الكهربائية","[""repeated-word""]","review","uncertain","medium","unresolved-sense","Removing repetition alone does not settle the word sense, grammatical form, or whether emphasis was intended; no confident correction applied.","","false","AI-assisted linguistic review","[]","2222","2","review","uncertain","الكهربائية الكهربائية","الكهربائيةالكهربائية","الكهربائيةالكهربائية","false","uncertain"
"h2226:t2","PATTERN","نمط نمط","[""repeated-word""]","rejected","msa","high","redundant-repetition","In this PATTERN sense, doubling is accidental. The valid counterpart 'نمط' already exists under this headword, so reject the malformed duplicate without adding another relationship.","نمط","false","AI-assisted linguistic review","[]","2226","2","review","uncertain","نمط نمط","نمطنمط","نمطنمط","true","accidental"
"h2240:t2","HARRY","هاري هاري","[""repeated-word""]","rejected","uncertain","high","personal-or-geographic-name","This relationship renders an identified personal name, surname, month abbreviation/name or geographic proper noun, outside the standard general-vocabulary pool. No spelling rewrite is needed for exclusion.","","false","AI-assisted linguistic review","[]","2240","2","review","uncertain","هاري هاري","هاريهاري","هاريهاري","true","uncertain"
"h2246:t2","ASSEMBLY","الجمعية الجمعية","[""repeated-word""]","review","uncertain","medium","unresolved-sense","Removing repetition alone does not settle the word sense, grammatical form, or whether emphasis was intended; no confident correction applied.","","false","AI-assisted linguistic review","[]","2246","2","review","uncertain","الجمعية الجمعية","الجمعيةالجمعية","الجمعيةالجمعية","false","uncertain"
"h2303:t2","STRAIGHT","مستقيم مستقيم","[""repeated-word""]","rejected","msa","high","redundant-repetition","In this STRAIGHT sense, doubling is accidental. The valid counterpart 'مستقيم' already exists under this headword, so reject the malformed duplicate without adding another relationship.","مستقيم","false","AI-assisted linguistic review","[]","2303","2","review","uncertain","مستقيم مستقيم","مستقيممستقيم","مستقيممستقيم","true","accidental"
"h2311:t2","ALERT","تنبيه تنبيه","[""repeated-word""]","rejected","msa","high","redundant-repetition","In this ALERT sense, doubling is accidental. The valid counterpart 'تنبيه' already exists under this headword, so reject the malformed duplicate without adding another relationship.","تنبيه","false","AI-assisted linguistic review","[]","2311","2","review","uncertain","تنبيه تنبيه","تنبيهتنبيه","تنبيهتنبيه","true","accidental"
"h2326:t3","SWEET","الحلو الحلو","[""repeated-word""]","review","uncertain","medium","unresolved-sense","Removing repetition alone does not settle the word sense, grammatical form, or whether emphasis was intended; no confident correction applied.","","false","AI-assisted linguistic review","[]","2326","3","review","uncertain","الحلو الحلو","الحلوالحلو","الحلوالحلو","false","uncertain"
"h2339:t2","RAY","راي راي","[""repeated-word""]","review","uncertain","medium","unresolved-sense","Removing repetition alone does not settle the word sense, grammatical form, or whether emphasis was intended; no confident correction applied.","","false","AI-assisted linguistic review","[]","2339","2","review","uncertain","راي راي","رايراي","رايراي","false","uncertain"
"h2365:t3","DRY","جاف جاف","[""repeated-word""]","rejected","msa","high","redundant-repetition","In this DRY sense, doubling is accidental. The valid counterpart 'جاف' already exists under this headword, so reject the malformed duplicate without adding another relationship.","جاف","false","AI-assisted linguistic review","[]","2365","3","review","uncertain","جاف جاف","جافجاف","جافجاف","true","accidental"
"h2434:t3","ZERO","صفر صفر","[""repeated-word""]","rejected","msa","high","redundant-repetition","In this ZERO sense, doubling is accidental. The valid counterpart 'صفر' already exists under this headword, so reject the malformed duplicate without adding another relationship.","صفر","false","AI-assisted linguistic review","[]","2434","3","review","uncertain","صفر صفر","صفرصفر","صفرصفر","true","accidental"
"h2437:t2","NETHERLANDS","هولندا”","[""possibly-malformed""]","rejected","uncertain","high","geographic-name","The supplied Arabic denotes a geographic proper name, not a general lexical sense; exclude this relationship without rewriting it.","","false","AI-assisted linguistic review","[]","2437","2","review","uncertain","هولندا”","هولندا”","هولندا”","true",""
"h2447:t2","ROLL","لفة لفة","[""repeated-word""]","rejected","msa","high","redundant-repetition","In this ROLL sense, doubling is accidental. The valid counterpart 'لفة' already exists under this headword, so reject the malformed duplicate without adding another relationship.","لفة","false","AI-assisted linguistic review","[]","2447","2","review","uncertain","لفة لفة","لفةلفة","لفةلفة","true","accidental"
"h2453:t1","KELLY","كيلي كيلي","[""repeated-word""]","rejected","uncertain","high","personal-or-geographic-name","This relationship renders an identified personal name, surname, month abbreviation/name or geographic proper noun, outside the standard general-vocabulary pool. No spelling rewrite is needed for exclusion.","","false","AI-assisted linguistic review","[]","2453","1","review","uncertain","كيلي كيلي","كيليكيلي","كيليكيلي","true","uncertain"
"h2575:t1","DELL","ديل ديل","[""repeated-word""]","rejected","uncertain","high","brand-product","The Arabic is a company/product-name rendering; exclude from the standard vocabulary pool.","","false","AI-assisted linguistic review","[]","2575","1","review","uncertain","ديل ديل","ديلديل","ديلديل","true","uncertain"
"h2583:t4","EXCLUSIVE","حصري حصري","[""repeated-word""]","rejected","msa","high","redundant-repetition","In this EXCLUSIVE sense, doubling is accidental. The valid counterpart 'حصري' already exists under this headword, so reject the malformed duplicate without adding another relationship.","حصري","false","AI-assisted linguistic review","[]","2583","4","review","uncertain","حصري حصري","حصريحصري","حصريحصري","true","accidental"
"h2605:t3","CAPE","الرأس الرأس","[""repeated-word""]","review","uncertain","medium","unresolved-sense","Removing repetition alone does not settle the word sense, grammatical form, or whether emphasis was intended; no confident correction applied.","","false","AI-assisted linguistic review","[]","2605","3","review","uncertain","الرأس الرأس","الرأسالرأس","الرأسالرأس","false","uncertain"
"h2660:t0","PROPER","السليم السليم","[""repeated-word""]","approved","msa","high","accidental-repetition","The single form 'السليم' is a natural MSA rendering of the identified PROPER sense. The second identical word adds no intended meaning here.","السليم","true","AI-assisted linguistic review","[]","2660","0","review","uncertain","السليم","السليمالسليم","السليم","true","accidental"
"h2737:t3","SLOW","بطيئة بطيئة","[""repeated-word""]","rejected","msa","high","redundant-repetition","In this SLOW sense, doubling is accidental. The valid counterpart 'بطيئة' already exists under this headword, so reject the malformed duplicate without adding another relationship.","بطيئة","false","AI-assisted linguistic review","[]","2737","3","review","uncertain","بطيئة بطيئة","بطيئةبطيئة","بطيئةبطيئة","true","accidental"
"h2745:t2","NINE","تسعة تسعة","[""repeated-word""]","rejected","msa","high","redundant-repetition","In this NINE sense, doubling is accidental. The valid counterpart 'تسعة' already exists under this headword, so reject the malformed duplicate without adding another relationship.","تسعة","false","AI-assisted linguistic review","[]","2745","2","review","uncertain","تسعة تسعة","تسعةتسعة","تسعةتسعة","true","accidental"
"h2755:t2","FACTORY","مصنع مصنع","[""repeated-word""]","rejected","msa","high","redundant-repetition","In this FACTORY sense, doubling is accidental. The valid counterpart 'مصنع' already exists under this headword, so reject the malformed duplicate without adding another relationship.","مصنع","false","AI-assisted linguistic review","[]","2755","2","review","uncertain","مصنع مصنع","مصنعمصنع","مصنعمصنع","true","accidental"
"h2756:t4","INTERIOR","الداخلية الداخلية","[""repeated-word""]","review","uncertain","medium","unresolved-sense","Removing repetition alone does not settle the word sense, grammatical form, or whether emphasis was intended; no confident correction applied.","","false","AI-assisted linguistic review","[]","2756","4","review","uncertain","الداخلية الداخلية","الداخليةالداخلية","الداخليةالداخلية","false","uncertain"
"h2771:t2","REASONABLE","معقول معقول","[""repeated-word""]","approved","msa","high","accidental-repetition","The single form 'معقول' is a natural MSA rendering of the identified REASONABLE sense. The second identical word adds no intended meaning here.","معقول","true","AI-assisted linguistic review","[]","2771","2","review","uncertain","معقول","معقولمعقول","معقول","true","accidental"
"h2773:t3","SERIAL","المسلسل المسلسل","[""repeated-word""]","review","uncertain","medium","unresolved-sense","Removing repetition alone does not settle the word sense, grammatical form, or whether emphasis was intended; no confident correction applied.","","false","AI-assisted linguistic review","[]","2773","3","review","uncertain","المسلسل المسلسل","المسلسلالمسلسل","المسلسلالمسلسل","false","uncertain"
"h2796:t4","HOLE","ثقب ثقب","[""repeated-word""]","rejected","msa","high","redundant-repetition","In this HOLE sense, doubling is accidental. The valid counterpart 'ثقب' already exists under this headword, so reject the malformed duplicate without adding another relationship.","ثقب","false","AI-assisted linguistic review","[]","2796","4","review","uncertain","ثقب ثقب","ثقبثقب","ثقبثقب","true","accidental"
"h2809:t2","SPECS","المواصفات المواصفات","[""repeated-word""]","rejected","msa","high","redundant-repetition","In this SPECS sense, doubling is accidental. The valid counterpart 'المواصفات' already exists under this headword, so reject the malformed duplicate without adding another relationship.","المواصفات","false","AI-assisted linguistic review","[]","2809","2","review","uncertain","المواصفات المواصفات","المواصفاتالمواصفات","المواصفاتالمواصفات","true","accidental"
"h2840:t2","STATIONS","محطات محطات","[""repeated-word""]","rejected","msa","high","redundant-repetition","In this STATIONS sense, doubling is accidental. The valid counterpart 'محطات' already exists under this headword, so reject the malformed duplicate without adding another relationship.","محطات","false","AI-assisted linguistic review","[]","2840","2","review","uncertain","محطات محطات","محطاتمحطات","محطاتمحطات","true","accidental"
"h2861:t3","COMPETITIVE","تنافسية تنافسية","[""repeated-word""]","rejected","msa","high","redundant-repetition","In this COMPETITIVE sense, doubling is accidental. The valid counterpart 'تنافسية' already exists under this headword, so reject the malformed duplicate without adding another relationship.","تنافسية","false","AI-assisted linguistic review","[]","2861","3","review","uncertain","تنافسية تنافسية","تنافسيةتنافسية","تنافسيةتنافسية","true","accidental"
"h2894:t4","GREEK","اليونانية اليونانية","[""repeated-word""]","review","uncertain","medium","unresolved-sense","Removing repetition alone does not settle the word sense, grammatical form, or whether emphasis was intended; no confident correction applied.","","false","AI-assisted linguistic review","[]","2894","4","review","uncertain","اليونانية اليونانية","اليونانيةاليونانية","اليونانيةاليونانية","false","uncertain"
"h2916:t1","KILL","قتل قتل","[""repeated-word""]","approved","msa","high","accidental-repetition","The single form 'قتل' is a natural MSA rendering of the identified KILL sense. The second identical word adds no intended meaning here.","قتل","true","AI-assisted linguistic review","[]","2916","1","review","uncertain","قتل","قتلقتل","قتل","true","accidental"
"h2941:t0","HOLDING","عقد عقد","[""repeated-word""]","review","uncertain","medium","wrong-or-incomplete-sense","HOLDING has possession, holding-company and ongoing-action senses; عقد does not establish the intended one.","","false","AI-assisted linguistic review","[]","2941","0","review","uncertain","عقد عقد","عقدعقد","عقدعقد","false","wrong-or-incomplete"
"h2986:t3","ORGANIC","العضوية العضوية","[""repeated-word""]","review","uncertain","medium","unresolved-sense","Removing repetition alone does not settle the word sense, grammatical form, or whether emphasis was intended; no confident correction applied.","","false","AI-assisted linguistic review","[]","2986","3","review","uncertain","العضوية العضوية","العضويةالعضوية","العضويةالعضوية","false","uncertain"
"h3001:t2","TONY","توني توني","[""repeated-word""]","rejected","uncertain","high","personal-or-geographic-name","This relationship renders an identified personal name, surname, month abbreviation/name or geographic proper noun, outside the standard general-vocabulary pool. No spelling rewrite is needed for exclusion.","","false","AI-assisted linguistic review","[]","3001","2","review","uncertain","توني توني","تونيتوني","تونيتوني","true","uncertain"
"h3015:t2","TEMPLATE","قالب قالب","[""repeated-word""]","rejected","msa","high","redundant-repetition","In this TEMPLATE sense, doubling is accidental. The valid counterpart 'قالب' already exists under this headword, so reject the malformed duplicate without adding another relationship.","قالب","false","AI-assisted linguistic review","[]","3015","2","review","uncertain","قالب قالب","قالبقالب","قالبقالب","true","accidental"
"h3033:t1","MATT","مات مات","[""repeated-word""]","review","uncertain","medium","unresolved-sense","MATT can describe a finish; مات is a different Arabic word or name rendering.","","false","AI-assisted linguistic review","[]","3033","1","review","uncertain","مات مات","ماتمات","ماتمات","false","uncertain"
"h3054:t3","HOLY","المقدسة المقدسة","[""repeated-word""]","review","uncertain","medium","unresolved-sense","Removing repetition alone does not settle the word sense, grammatical form, or whether emphasis was intended; no confident correction applied.","","false","AI-assisted linguistic review","[]","3054","3","review","uncertain","المقدسة المقدسة","المقدسةالمقدسة","المقدسةالمقدسة","false","uncertain"
"h3057:t0","MESH","مش","[""possible-dialect""]","review","uncertain","medium","unresolved-sense","A dialect-like spelling may instead be a transliteration in this English sense; register cannot be inferred from the token alone.","","false","AI-assisted linguistic review","[]","3057","0","review","uncertain","مش","مش","مش","false",""
"h3058:t3","TRAIL","درب درب","[""repeated-word""]","rejected","msa","high","redundant-repetition","In this TRAIL sense, doubling is accidental. The valid counterpart 'درب' already exists under this headword, so reject the malformed duplicate without adding another relationship.","درب","false","AI-assisted linguistic review","[]","3058","3","review","uncertain","درب درب","دربدرب","دربدرب","true","accidental"
"h3135:t0","JEAN","جين جين","[""repeated-word""]","review","uncertain","medium","unresolved-sense","JEAN can be a fabric term or a personal name; the Arabic does not disambiguate.","","false","AI-assisted linguistic review","[]","3135","0","review","uncertain","جين جين","جينجين","جينجين","false","uncertain"
"h3147:t1","GUN","بندقية بندقية","[""repeated-word""]","approved","msa","high","accidental-repetition","The single form 'بندقية' is a natural MSA rendering of the identified GUN sense. The second identical word adds no intended meaning here.","بندقية","true","AI-assisted linguistic review","[]","3147","1","review","uncertain","بندقية","بندقيةبندقية","بندقية","true","accidental"
"h3170:t2","WARM","دافئ دافئ","[""repeated-word""]","rejected","msa","high","redundant-repetition","In this WARM sense, doubling is accidental. The valid counterpart 'دافئ' already exists under this headword, so reject the malformed duplicate without adding another relationship.","دافئ","false","AI-assisted linguistic review","[]","3170","2","review","uncertain","دافئ دافئ","دافئدافئ","دافئدافئ","true","accidental"
"h3172:t0","LEWIS","لويس لويس","[""repeated-word""]","review","uncertain","medium","unresolved-sense","LEWIS also has a technical noun sense; this repeated name rendering remains unresolved.","","false","AI-assisted linguistic review","[]","3172","0","review","uncertain","لويس لويس","لويسلويس","لويسلويس","false","uncertain"
"h3207:t0","REAR","الخلفية الخلفية","[""repeated-word""]","review","uncertain","medium","unresolved-sense","Removing repetition alone does not settle the word sense, grammatical form, or whether emphasis was intended; no confident correction applied.","","false","AI-assisted linguistic review","[]","3207","0","review","uncertain","الخلفية الخلفية","الخلفيةالخلفية","الخلفيةالخلفية","false","uncertain"
"h3217:t3","FORMAL","رسمي رسمي","[""repeated-word""]","rejected","msa","high","redundant-repetition","In this FORMAL sense, doubling is accidental. The valid counterpart 'رسمي' already exists under this headword, so reject the malformed duplicate without adding another relationship.","رسمي","false","AI-assisted linguistic review","[]","3217","3","review","uncertain","رسمي رسمي","رسميرسمي","رسميرسمي","true","accidental"
"h3220:t2","LOCK","قفل قفل","[""repeated-word""]","rejected","msa","high","redundant-repetition","In this LOCK sense, doubling is accidental. The valid counterpart 'قفل' already exists under this headword, so reject the malformed duplicate without adding another relationship.","قفل","false","AI-assisted linguistic review","[]","3220","2","review","uncertain","قفل قفل","قفلقفل","قفلقفل","true","accidental"
"h3222:t3","STORM","عاصفة عاصفة","[""repeated-word""]","rejected","msa","high","redundant-repetition","In this STORM sense, doubling is accidental. The valid counterpart 'عاصفة' already exists under this headword, so reject the malformed duplicate without adding another relationship.","عاصفة","false","AI-assisted linguistic review","[]","3222","3","review","uncertain","عاصفة عاصفة","عاصفةعاصفة","عاصفةعاصفة","true","accidental"
"h3233:t1","SUPREME","العليا العليا","[""repeated-word""]","review","uncertain","medium","unresolved-sense","Removing repetition alone does not settle the word sense, grammatical form, or whether emphasis was intended; no confident correction applied.","","false","AI-assisted linguistic review","[]","3233","1","review","uncertain","العليا العليا","العلياالعليا","العلياالعليا","false","uncertain"
"h3254:t4","PAINT","الطلاء الطلاء","[""repeated-word""]","rejected","msa","high","redundant-repetition","In this PAINT sense, doubling is accidental. The valid counterpart 'الطلاء' already exists under this headword, so reject the malformed duplicate without adding another relationship.","الطلاء","false","AI-assisted linguistic review","[]","3254","4","review","uncertain","الطلاء الطلاء","الطلاءالطلاء","الطلاءالطلاء","true","accidental"
"h3257:t0","OUTLET","منفذ منفذ","[""repeated-word""]","approved","msa","high","accidental-repetition","The single form 'منفذ' is a natural MSA rendering of the identified OUTLET sense. The second identical word adds no intended meaning here.","منفذ","true","AI-assisted linguistic review","[]","3257","0","review","uncertain","منفذ","منفذمنفذ","منفذ","true","accidental"
"h3276:t4","DISH","طبق طبق","[""repeated-word""]","rejected","msa","high","redundant-repetition","In this DISH sense, doubling is accidental. The valid counterpart 'طبق' already exists under this headword, so reject the malformed duplicate without adding another relationship.","طبق","false","AI-assisted linguistic review","[]","3276","4","review","uncertain","طبق طبق","طبقطبق","طبقطبق","true","accidental"
"h3366:t5","MILK","حليب حليب","[""repeated-word""]","rejected","msa","high","redundant-repetition","In this MILK sense, doubling is accidental. The valid counterpart 'حليب' already exists under this headword, so reject the malformed duplicate without adding another relationship.","حليب","false","AI-assisted linguistic review","[]","3366","5","review","uncertain","حليب حليب","حليبحليب","حليبحليب","true","accidental"
"h3401:t3","CHICKEN","دجاج دجاج","[""repeated-word""]","rejected","msa","high","redundant-repetition","In this CHICKEN sense, doubling is accidental. The valid counterpart 'دجاج' already exists under this headword, so reject the malformed duplicate without adding another relationship.","دجاج","false","AI-assisted linguistic review","[]","3401","3","review","uncertain","دجاج دجاج","دجاجدجاج","دجاجدجاج","true","accidental"
"h3532:t1","MOORE","مور مور","[""repeated-word""]","rejected","uncertain","high","personal-or-geographic-name","This relationship renders an identified personal name, surname, month abbreviation/name or geographic proper noun, outside the standard general-vocabulary pool. No spelling rewrite is needed for exclusion.","","false","AI-assisted linguistic review","[]","3532","1","review","uncertain","مور مور","مورمور","مورمور","true","uncertain"
"h3538:t1","MAGNETIC","المغناطيسي المغناطيسي","[""repeated-word""]","review","uncertain","medium","unresolved-sense","Removing repetition alone does not settle the word sense, grammatical form, or whether emphasis was intended; no confident correction applied.","","false","AI-assisted linguistic review","[]","3538","1","review","uncertain","المغناطيسي المغناطيسي","المغناطيسيالمغناطيسي","المغناطيسيالمغناطيسي","false","uncertain"
"h3548:t4","BRIGHT","مشرق مشرق","[""repeated-word""]","rejected","msa","high","redundant-repetition","In this BRIGHT sense, doubling is accidental. The valid counterpart 'مشرق' already exists under this headword, so reject the malformed duplicate without adding another relationship.","مشرق","false","AI-assisted linguistic review","[]","3548","4","review","uncertain","مشرق مشرق","مشرقمشرق","مشرقمشرق","true","accidental"
"h3558:t2","EXPERIMENTAL","تجريبي تجريبي","[""repeated-word""]","rejected","msa","high","redundant-repetition","In this EXPERIMENTAL sense, doubling is accidental. The valid counterpart 'تجريبي' already exists under this headword, so reject the malformed duplicate without adding another relationship.","تجريبي","false","AI-assisted linguistic review","[]","3558","2","review","uncertain","تجريبي تجريبي","تجريبيتجريبي","تجريبيتجريبي","true","accidental"
"h3586:t0","DIRECTORIES","الدلائل الدلائل","[""repeated-word""]","review","uncertain","medium","unresolved-sense","Removing repetition alone does not settle the word sense, grammatical form, or whether emphasis was intended; no confident correction applied.","","false","AI-assisted linguistic review","[]","3586","0","review","uncertain","الدلائل الدلائل","الدلائلالدلائل","الدلائلالدلائل","false","uncertain"
"h3620:t3","CONCRETE","ملموسة ملموسة","[""repeated-word""]","review","uncertain","medium","unresolved-sense","Removing repetition alone does not settle the word sense, grammatical form, or whether emphasis was intended; no confident correction applied.","","false","AI-assisted linguistic review","[]","3620","3","review","uncertain","ملموسة ملموسة","ملموسةملموسة","ملموسةملموسة","false","uncertain"
"h3630:t2","TECHNIQUE","تقنية تقنية","[""repeated-word""]","rejected","msa","high","redundant-repetition","In this TECHNIQUE sense, doubling is accidental. The valid counterpart 'تقنية' already exists under this headword, so reject the malformed duplicate without adding another relationship.","تقنية","false","AI-assisted linguistic review","[]","3630","2","review","uncertain","تقنية تقنية","تقنيةتقنية","تقنيةتقنية","true","accidental"
"h3648:t3","ACCIDENT","حادث حادث","[""repeated-word""]","rejected","msa","high","redundant-repetition","In this ACCIDENT sense, doubling is accidental. The valid counterpart 'حادث' already exists under this headword, so reject the malformed duplicate without adding another relationship.","حادث","false","AI-assisted linguistic review","[]","3648","3","review","uncertain","حادث حادث","حادثحادث","حادثحادث","true","accidental"
"h3649:t2","NICK","نيك نيك","[""repeated-word""]","rejected","uncertain","high","unusable-lexical-rendering","The doubled name-like/phonetic string does not provide a natural MSA translation of the ordinary English lexical sense. Exclude this relationship without inventing a replacement or rejecting unreviewed senses.","","false","AI-assisted linguistic review","[]","3649","2","review","uncertain","نيك نيك","نيكنيك","نيكنيك","true","wrong-or-incomplete"
"h3659:t3","PUMP","مضخة مضخة","[""repeated-word""]","rejected","msa","high","redundant-repetition","In this PUMP sense, doubling is accidental. The valid counterpart 'مضخة' already exists under this headword, so reject the malformed duplicate without adding another relationship.","مضخة","false","AI-assisted linguistic review","[]","3659","3","review","uncertain","مضخة مضخة","مضخةمضخة","مضخةمضخة","true","accidental"
"h3669:t2","NARROW","ضيق ضيق","[""repeated-word""]","rejected","msa","high","redundant-repetition","In this NARROW sense, doubling is accidental. The valid counterpart 'ضيق' already exists under this headword, so reject the malformed duplicate without adding another relationship.","ضيق","false","AI-assisted linguistic review","[]","3669","2","review","uncertain","ضيق ضيق","ضيقضيق","ضيقضيق","true","accidental"
"h3676:t1","CONTROLLER","تحكم تحكم","[""repeated-word""]","review","uncertain","medium","unresolved-sense","Removing repetition alone does not settle the word sense, grammatical form, or whether emphasis was intended; no confident correction applied.","","false","AI-assisted linguistic review","[]","3676","1","review","uncertain","تحكم تحكم","تحكمتحكم","تحكمتحكم","false","uncertain"
"h3723:t2","STABLE","مستقرة مستقرة","[""repeated-word""]","review","uncertain","medium","unresolved-sense","Removing repetition alone does not settle the word sense, grammatical form, or whether emphasis was intended; no confident correction applied.","","false","AI-assisted linguistic review","[]","3723","2","review","uncertain","مستقرة مستقرة","مستقرةمستقرة","مستقرةمستقرة","false","uncertain"
"h3796:t4","BOTTLE","زجاجة زجاجة","[""repeated-word""]","rejected","msa","high","redundant-repetition","In this BOTTLE sense, doubling is accidental. The valid counterpart 'زجاجة' already exists under this headword, so reject the malformed duplicate without adding another relationship.","زجاجة","false","AI-assisted linguistic review","[]","3796","4","review","uncertain","زجاجة زجاجة","زجاجةزجاجة","زجاجةزجاجة","true","accidental"
"h3825:t4","INNER","الداخلية الداخلية","[""repeated-word""]","review","uncertain","medium","unresolved-sense","Removing repetition alone does not settle the word sense, grammatical form, or whether emphasis was intended; no confident correction applied.","","false","AI-assisted linguistic review","[]","3825","4","review","uncertain","الداخلية الداخلية","الداخليةالداخلية","الداخليةالداخلية","false","uncertain"
"h3826:t2","FORMATION","تشكيل تشكيل","[""repeated-word""]","rejected","msa","high","redundant-repetition","In this FORMATION sense, doubling is accidental. The valid counterpart 'تشكيل' already exists under this headword, so reject the malformed duplicate without adding another relationship.","تشكيل","false","AI-assisted linguistic review","[]","3826","2","review","uncertain","تشكيل تشكيل","تشكيلتشكيل","تشكيلتشكيل","true","accidental"
"h3876:t1","CORRESPONDING","المقابلة المقابلة","[""repeated-word""]","review","uncertain","medium","unresolved-sense","Removing repetition alone does not settle the word sense, grammatical form, or whether emphasis was intended; no confident correction applied.","","false","AI-assisted linguistic review","[]","3876","1","review","uncertain","المقابلة المقابلة","المقابلةالمقابلة","المقابلةالمقابلة","false","uncertain"
"h3903:t3","ALARM","إنذار إنذار","[""repeated-word""]","approved","msa","high","accidental-repetition","The single form 'إنذار' is a natural MSA rendering of the identified ALARM sense. The second identical word adds no intended meaning here.","إنذار","true","AI-assisted linguistic review","[]","3903","3","review","uncertain","إنذار","إنذارإنذار","إنذار","true","accidental"
"h4003:t2","GROSS","الإجمالي الإجمالي","[""repeated-word""]","review","uncertain","medium","unresolved-sense","Removing repetition alone does not settle the word sense, grammatical form, or whether emphasis was intended; no confident correction applied.","","false","AI-assisted linguistic review","[]","4003","2","review","uncertain","الإجمالي الإجمالي","الإجماليالإجمالي","الإجماليالإجمالي","false","uncertain"
"h4025:t4","VICTORY","النصر النصر","[""repeated-word""]","rejected","msa","high","redundant-repetition","In this VICTORY sense, doubling is accidental. The valid counterpart 'النصر' already exists under this headword, so reject the malformed duplicate without adding another relationship.","النصر","false","AI-assisted linguistic review","[]","4025","4","review","uncertain","النصر النصر","النصرالنصر","النصرالنصر","true","accidental"
"h4044:t2","STRUCTURAL","الهيكلية الهيكلية","[""repeated-word""]","review","uncertain","medium","unresolved-sense","Removing repetition alone does not settle the word sense, grammatical form, or whether emphasis was intended; no confident correction applied.","","false","AI-assisted linguistic review","[]","4044","2","review","uncertain","الهيكلية الهيكلية","الهيكليةالهيكلية","الهيكليةالهيكلية","false","uncertain"
"h4090:t4","PROMISE","وعد وعد","[""repeated-word""]","rejected","msa","high","redundant-repetition","In this PROMISE sense, doubling is accidental. The valid counterpart 'وعد' already exists under this headword, so reject the malformed duplicate without adding another relationship.","وعد","false","AI-assisted linguistic review","[]","4090","4","review","uncertain","وعد وعد","وعدوعد","وعدوعد","true","accidental"
"h4103:t1","TROPICAL","الاستوائية الاستوائية","[""repeated-word""]","review","uncertain","medium","unresolved-sense","Removing repetition alone does not settle the word sense, grammatical form, or whether emphasis was intended; no confident correction applied.","","false","AI-assisted linguistic review","[]","4103","1","review","uncertain","الاستوائية الاستوائية","الاستوائيةالاستوائية","الاستوائيةالاستوائية","false","uncertain"
"h4124:t3","MUTUAL","المتبادلة المتبادلة","[""repeated-word""]","review","uncertain","medium","unresolved-sense","Removing repetition alone does not settle the word sense, grammatical form, or whether emphasis was intended; no confident correction applied.","","false","AI-assisted linguistic review","[]","4124","3","review","uncertain","المتبادلة المتبادلة","المتبادلةالمتبادلة","المتبادلةالمتبادلة","false","uncertain"
"h4229:t2","CRASH","تحطم تحطم","[""repeated-word""]","rejected","msa","high","redundant-repetition","In this CRASH sense, doubling is accidental. The valid counterpart 'تحطم' already exists under this headword, so reject the malformed duplicate without adding another relationship.","تحطم","false","AI-assisted linguistic review","[]","4229","2","review","uncertain","تحطم تحطم","تحطمتحطم","تحطمتحطم","true","accidental"
"h4244:t0","VENTURE","مشروع مشروع","[""repeated-word""]","approved","msa","high","accidental-repetition","The single form 'مشروع' is a natural MSA rendering of the identified VENTURE sense. The second identical word adds no intended meaning here.","مشروع","true","AI-assisted linguistic review","[]","4244","0","review","uncertain","مشروع","مشروعمشروع","مشروع","true","accidental"
"h4283:t0","SEAN","شون شون","[""repeated-word""]","rejected","uncertain","high","personal-or-geographic-name","This relationship renders an identified personal name, surname, month abbreviation/name or geographic proper noun, outside the standard general-vocabulary pool. No spelling rewrite is needed for exclusion.","","false","AI-assisted linguistic review","[]","4283","0","review","uncertain","شون شون","شونشون","شونشون","true","uncertain"
"h4321:t1","EAR","الأذن الأذن","[""repeated-word""]","approved","msa","high","accidental-repetition","The single form 'الأذن' is a natural MSA rendering of the identified EAR sense. The second identical word adds no intended meaning here.","الأذن","true","AI-assisted linguistic review","[]","4321","1","review","uncertain","الأذن","الأذنالأذن","الأذن","true","accidental"
"h4400:t2","RACK","رف رف","[""repeated-word""]","rejected","msa","high","redundant-repetition","In this RACK sense, doubling is accidental. The valid counterpart 'رف' already exists under this headword, so reject the malformed duplicate without adding another relationship.","رف","false","AI-assisted linguistic review","[]","4400","2","review","uncertain","رف رف","رفرف","رفرف","true","accidental"
"h4429:t1","ROSS","روس روس","[""repeated-word""]","rejected","uncertain","high","personal-or-geographic-name","This relationship renders an identified personal name, surname, month abbreviation/name or geographic proper noun, outside the standard general-vocabulary pool. No spelling rewrite is needed for exclusion.","","false","AI-assisted linguistic review","[]","4429","1","review","uncertain","روس روس","روسروس","روسروس","true","uncertain"
"h4438:t1","MARIA","ماريا ماريا","[""repeated-word""]","rejected","uncertain","high","personal-or-geographic-name","This relationship renders an identified personal name, surname, month abbreviation/name or geographic proper noun, outside the standard general-vocabulary pool. No spelling rewrite is needed for exclusion.","","false","AI-assisted linguistic review","[]","4438","1","review","uncertain","ماريا ماريا","مارياماريا","مارياماريا","true","uncertain"
"h4463:t1","NOVA","نوفا نوفا","[""repeated-word""]","review","uncertain","medium","unresolved-sense","Removing repetition alone does not settle the word sense, grammatical form, or whether emphasis was intended; no confident correction applied.","","false","AI-assisted linguistic review","[]","4463","1","review","uncertain","نوفا نوفا","نوفانوفا","نوفانوفا","false","uncertain"
"h4472:t1","ATHLETIC","رياضي رياضي","[""repeated-word""]","rejected","msa","high","redundant-repetition","The single form 'رياضي' expresses the ordinary ATHLETIC sense; the second identical token adds no intended meaning here. The correct counterpart already exists; reject only the malformed duplicate.","رياضي","false","AI-assisted linguistic review","[]","4472","1","review","uncertain","رياضي رياضي","رياضيرياضي","رياضيرياضي","true","accidental"
"h4474:t2","ESSAYS","مقالات مقالات","[""repeated-word""]","rejected","msa","high","redundant-repetition","In this ESSAYS sense, doubling is accidental. The valid counterpart 'مقالات' already exists under this headword, so reject the malformed duplicate without adding another relationship.","مقالات","false","AI-assisted linguistic review","[]","4474","2","review","uncertain","مقالات مقالات","مقالاتمقالات","مقالاتمقالات","true","accidental"
"h4482:t2","INTELLIGENT","ذكي ذكي","[""repeated-word""]","rejected","msa","high","redundant-repetition","In this INTELLIGENT sense, doubling is accidental. The valid counterpart 'ذكي' already exists under this headword, so reject the malformed duplicate without adding another relationship.","ذكي","false","AI-assisted linguistic review","[]","4482","2","review","uncertain","ذكي ذكي","ذكيذكي","ذكيذكي","true","accidental"
"h4525:t1","TERRY","تيري تيري","[""repeated-word""]","rejected","uncertain","high","personal-or-geographic-name","This relationship renders an identified personal name, surname, month abbreviation/name or geographic proper noun, outside the standard general-vocabulary pool. No spelling rewrite is needed for exclusion.","","false","AI-assisted linguistic review","[]","4525","1","review","uncertain","تيري تيري","تيريتيري","تيريتيري","true","uncertain"
"h4542:t2","POLISH","البولندية البولندية","[""repeated-word""]","review","uncertain","medium","unresolved-sense","Removing repetition alone does not settle the word sense, grammatical form, or whether emphasis was intended; no confident correction applied.","","false","AI-assisted linguistic review","[]","4542","2","review","uncertain","البولندية البولندية","البولنديةالبولندية","البولنديةالبولندية","false","uncertain"
"h4546:t1","JERRY","جيري جيري","[""repeated-word""]","rejected","uncertain","high","personal-or-geographic-name","This relationship renders an identified personal name, surname, month abbreviation/name or geographic proper noun, outside the standard general-vocabulary pool. No spelling rewrite is needed for exclusion.","","false","AI-assisted linguistic review","[]","4546","1","review","uncertain","جيري جيري","جيريجيري","جيريجيري","true","uncertain"
"h4551:t0","INDOOR","داخلي داخلي","[""repeated-word""]","approved","msa","high","accidental-repetition","The single form 'داخلي' is a natural MSA rendering of the identified INDOOR sense. The second identical word adds no intended meaning here.","داخلي","true","AI-assisted linguistic review","[]","4551","0","review","uncertain","داخلي","داخليداخلي","داخلي","true","accidental"
"h4600:t1","MILL","مطحنة مطحنة","[""repeated-word""]","approved","msa","high","accidental-repetition","The single form 'مطحنة' is a natural MSA rendering of the identified MILL sense. The second identical word adds no intended meaning here.","مطحنة","true","AI-assisted linguistic review","[]","4600","1","review","uncertain","مطحنة","مطحنةمطحنة","مطحنة","true","accidental"
"h4633:t2","BILLY","بيلي بيلي","[""repeated-word""]","rejected","uncertain","high","personal-or-geographic-name","This relationship renders an identified personal name, surname, month abbreviation/name or geographic proper noun, outside the standard general-vocabulary pool. No spelling rewrite is needed for exclusion.","","false","AI-assisted linguistic review","[]","4633","2","review","uncertain","بيلي بيلي","بيليبيلي","بيليبيلي","true","uncertain"
"h4655:t0","RECORDER","مسجل مسجل","[""repeated-word""]","approved","msa","high","accidental-repetition","The single form 'مسجل' is a natural MSA rendering of the identified RECORDER sense. The second identical word adds no intended meaning here.","مسجل","true","AI-assisted linguistic review","[]","4655","0","review","uncertain","مسجل","مسجلمسجل","مسجل","true","accidental"
"h4695:t0","MARC","مارك مارك","[""repeated-word""]","rejected","uncertain","high","personal-or-geographic-name","This relationship renders an identified personal name, surname, month abbreviation/name or geographic proper noun, outside the standard general-vocabulary pool. No spelling rewrite is needed for exclusion.","","false","AI-assisted linguistic review","[]","4695","0","review","uncertain","مارك مارك","ماركمارك","ماركمارك","true","uncertain"
"h4711:t2","EMOTIONAL","عاطفي عاطفي","[""repeated-word""]","rejected","msa","high","redundant-repetition","In this EMOTIONAL sense, doubling is accidental. The valid counterpart 'عاطفي' already exists under this headword, so reject the malformed duplicate without adding another relationship.","عاطفي","false","AI-assisted linguistic review","[]","4711","2","review","uncertain","عاطفي عاطفي","عاطفيعاطفي","عاطفيعاطفي","true","accidental"
"h4714:t0","PAD","وسادة وسادة","[""repeated-word""]","approved","msa","high","accidental-repetition","The single form 'وسادة' is a natural MSA rendering of the identified PAD sense. The second identical word adds no intended meaning here.","وسادة","true","AI-assisted linguistic review","[]","4714","0","review","uncertain","وسادة","وسادةوسادة","وسادة","true","accidental"
"h4753:t4","WOLF","الذئب الذئب","[""repeated-word""]","rejected","msa","high","redundant-repetition","In this WOLF sense, doubling is accidental. The valid counterpart 'الذئب' already exists under this headword, so reject the malformed duplicate without adding another relationship.","الذئب","false","AI-assisted linguistic review","[]","4753","4","review","uncertain","الذئب الذئب","الذئبالذئب","الذئبالذئب","true","accidental"
"h4762:t3","INFANT","رضيع رضيع","[""repeated-word""]","rejected","msa","high","redundant-repetition","In this INFANT sense, doubling is accidental. The valid counterpart 'رضيع' already exists under this headword, so reject the malformed duplicate without adding another relationship.","رضيع","false","AI-assisted linguistic review","[]","4762","3","review","uncertain","رضيع رضيع","رضيعرضيع","رضيعرضيع","true","accidental"
"h4798:t0","MARIE","ماري ماري","[""repeated-word""]","rejected","uncertain","high","personal-or-geographic-name","This relationship renders an identified personal name, surname, month abbreviation/name or geographic proper noun, outside the standard general-vocabulary pool. No spelling rewrite is needed for exclusion.","","false","AI-assisted linguistic review","[]","4798","0","review","uncertain","ماري ماري","ماريماري","ماريماري","true","uncertain"
"h4843:t0","FACIAL","الوجه الوجه","[""repeated-word""]","review","uncertain","medium","wrong-or-incomplete-sense","FACIAL is adjectival or a treatment noun; الوجه is simply the face. Removing repetition would not supply a verified sense.","وجهي","false","AI-assisted linguistic review","[]","4843","0","review","uncertain","الوجه الوجه","الوجهالوجه","الوجهالوجه","false","wrong-or-incomplete"
"h4856:t1","PHILIP","فيليب فيليب","[""repeated-word""]","rejected","uncertain","high","personal-or-geographic-name","This relationship renders an identified personal name, surname, month abbreviation/name or geographic proper noun, outside the standard general-vocabulary pool. No spelling rewrite is needed for exclusion.","","false","AI-assisted linguistic review","[]","4856","1","review","uncertain","فيليب فيليب","فيليبفيليب","فيليبفيليب","true","uncertain"
"h4878:t3","WASH","غسل غسل","[""repeated-word""]","rejected","msa","high","redundant-repetition","In this WASH sense, doubling is accidental. The valid counterpart 'غسل' already exists under this headword, so reject the malformed duplicate without adding another relationship.","غسل","false","AI-assisted linguistic review","[]","4878","3","review","uncertain","غسل غسل","غسلغسل","غسلغسل","true","accidental"
"h4916:t2","LEBANON","لبنان”","[""possibly-malformed""]","rejected","uncertain","high","geographic-name","The supplied Arabic denotes a geographic proper name, not a general lexical sense; exclude this relationship without rewriting it.","","false","AI-assisted linguistic review","[]","4916","2","review","uncertain","لبنان”","لبنان”","لبنان”","true",""
"h4917:t1","CORP","كورب كورب","[""repeated-word""]","review","uncertain","medium","unresolved-sense","Removing repetition alone does not settle the word sense, grammatical form, or whether emphasis was intended; no confident correction applied.","","false","AI-assisted linguistic review","[]","4917","1","review","uncertain","كورب كورب","كوربكورب","كوربكورب","false","uncertain"
"h4925:t2","COOPER","كوبر كوبر","[""repeated-word""]","review","uncertain","medium","unresolved-sense","COOPER can mean a barrel maker or a name; intended sense is unresolved.","","false","AI-assisted linguistic review","[]","4925","2","review","uncertain","كوبر كوبر","كوبركوبر","كوبركوبر","false","uncertain"
"h4984:t1","WALTER","والتر والتر","[""repeated-word""]","rejected","uncertain","high","personal-or-geographic-name","This relationship renders an identified personal name, surname, month abbreviation/name or geographic proper noun, outside the standard general-vocabulary pool. No spelling rewrite is needed for exclusion.","","false","AI-assisted linguistic review","[]","4984","1","review","uncertain","والتر والتر","والتروالتر","والتروالتر","true","uncertain"
"h5002:t1","CARL","كارل كارل","[""repeated-word""]","rejected","uncertain","high","personal-or-geographic-name","This relationship renders an identified personal name, surname, month abbreviation/name or geographic proper noun, outside the standard general-vocabulary pool. No spelling rewrite is needed for exclusion.","","false","AI-assisted linguistic review","[]","5002","1","review","uncertain","كارل كارل","كارلكارل","كارلكارل","true","uncertain"
"h5028:t0","MORRIS","موريس موريس","[""repeated-word""]","rejected","uncertain","high","personal-or-geographic-name","This relationship renders an identified personal name, surname, month abbreviation/name or geographic proper noun, outside the standard general-vocabulary pool. No spelling rewrite is needed for exclusion.","","false","AI-assisted linguistic review","[]","5028","0","review","uncertain","موريس موريس","موريسموريس","موريسموريس","true","uncertain"
"h5052:t2","DOLL","دمية دمية","[""repeated-word""]","rejected","msa","high","redundant-repetition","In this DOLL sense, doubling is accidental. The valid counterpart 'دمية' already exists under this headword, so reject the malformed duplicate without adding another relationship.","دمية","false","AI-assisted linguistic review","[]","5052","2","review","uncertain","دمية دمية","دميةدمية","دميةدمية","true","accidental"
"h5091:t1","INTRO","مقدمة مقدمة","[""repeated-word""]","rejected","msa","high","redundant-repetition","In this INTRO sense, doubling is accidental. The valid counterpart 'مقدمة' already exists under this headword, so reject the malformed duplicate without adding another relationship.","مقدمة","false","AI-assisted linguistic review","[]","5091","1","review","uncertain","مقدمة مقدمة","مقدمةمقدمة","مقدمةمقدمة","true","accidental"
"h5109:t0","WRAP","التفاف التفاف","[""repeated-word""]","review","uncertain","medium","unresolved-sense","Removing repetition alone does not settle the word sense, grammatical form, or whether emphasis was intended; no confident correction applied.","","false","AI-assisted linguistic review","[]","5109","0","review","uncertain","التفاف التفاف","التفافالتفاف","التفافالتفاف","false","uncertain"
"h5156:t3","TRACE","تتبع تتبع","[""repeated-word""]","rejected","msa","high","redundant-repetition","In this TRACE sense, doubling is accidental. The valid counterpart 'تتبع' already exists under this headword, so reject the malformed duplicate without adding another relationship.","تتبع","false","AI-assisted linguistic review","[]","5156","3","review","uncertain","تتبع تتبع","تتبعتتبع","تتبعتتبع","true","accidental"
"h5160:t1","PACKS","حزم حزم","[""repeated-word""]","rejected","msa","high","redundant-repetition","In this PACKS sense, doubling is accidental. The valid counterpart 'حزم' already exists under this headword, so reject the malformed duplicate without adding another relationship.","حزم","false","AI-assisted linguistic review","[]","5160","1","review","uncertain","حزم حزم","حزمحزم","حزمحزم","true","accidental"
"h5177:t4","TURKISH","التركية التركية","[""repeated-word""]","review","uncertain","medium","unresolved-sense","Removing repetition alone does not settle the word sense, grammatical form, or whether emphasis was intended; no confident correction applied.","","false","AI-assisted linguistic review","[]","5177","4","review","uncertain","التركية التركية","التركيةالتركية","التركيةالتركية","false","uncertain"
"h5239:t2","ROBIN","روبن روبن","[""repeated-word""]","review","uncertain","medium","unresolved-sense","ROBIN can be a bird or a name; doubled روبن is not enough to select a meaning.","","false","AI-assisted linguistic review","[]","5239","2","review","uncertain","روبن روبن","روبنروبن","روبنروبن","false","uncertain"
"h5269:t2","VALVE","صمام صمام","[""repeated-word""]","rejected","msa","high","redundant-repetition","In this VALVE sense, doubling is accidental. The valid counterpart 'صمام' already exists under this headword, so reject the malformed duplicate without adding another relationship.","صمام","false","AI-assisted linguistic review","[]","5269","2","review","uncertain","صمام صمام","صمامصمام","صمامصمام","true","accidental"
"h5289:t0","FREEWARE","مجانية مجانية","[""repeated-word""]","review","uncertain","medium","wrong-or-incomplete-sense","FREEWARE is software, while مجانية only says free-of-charge. A compound is needed, but no new semantic translation is applied without verification.","برمجيات مجانية","false","AI-assisted linguistic review","[]","5289","0","review","uncertain","مجانية مجانية","مجانيةمجانية","مجانيةمجانية","false","wrong-or-incomplete"
"h5301:t2","ISLAM","الإسلام”","[""possibly-malformed""]","approved","msa","high","editorial-residue","Remove the stray closing quotation mark from this otherwise valid MSA rendering.","الإسلام","true","AI-assisted linguistic review","[]","5301","2","review","uncertain","الإسلام","الإسلام”","الإسلام","true",""
"h5320:t0","ADVERSE","السلبية السلبية","[""repeated-word""]","review","uncertain","medium","unresolved-sense","Removing repetition alone does not settle the word sense, grammatical form, or whether emphasis was intended; no confident correction applied.","","false","AI-assisted linguistic review","[]","5320","0","review","uncertain","السلبية السلبية","السلبيةالسلبية","السلبيةالسلبية","false","uncertain"
"h5325:t2","DISCHARGE","التفريغ التفريغ","[""repeated-word""]","review","uncertain","medium","unresolved-sense","Removing repetition alone does not settle the word sense, grammatical form, or whether emphasis was intended; no confident correction applied.","","false","AI-assisted linguistic review","[]","5325","2","review","uncertain","التفريغ التفريغ","التفريغالتفريغ","التفريغالتفريغ","false","uncertain"
"h5329:t0","ACUTE","حاد حاد","[""repeated-word""]","approved","msa","high","accidental-repetition","The single form 'حاد' is a natural MSA rendering of the identified ACUTE sense. The second identical word adds no intended meaning here.","حاد","true","AI-assisted linguistic review","[]","5329","0","review","uncertain","حاد","حادحاد","حاد","true","accidental"
"h5336:t1","CAROL","كارول كارول","[""repeated-word""]","review","uncertain","medium","unresolved-sense","CAROL can mean a song or a name; do not simply approve a de-duplicated personal-name rendering.","","false","AI-assisted linguistic review","[]","5336","1","review","uncertain","كارول كارول","كارولكارول","كارولكارول","false","uncertain"
"h5347:t0","RESISTANT","مقاومة مقاومة","[""repeated-word""]","review","uncertain","medium","unresolved-sense","Removing repetition alone does not settle the word sense, grammatical form, or whether emphasis was intended; no confident correction applied.","","false","AI-assisted linguistic review","[]","5347","0","review","uncertain","مقاومة مقاومة","مقاومةمقاومة","مقاومةمقاومة","false","uncertain"
"h5364:t1","PIERRE","بيير بيير","[""repeated-word""]","rejected","uncertain","high","personal-or-geographic-name","This relationship renders an identified personal name, surname, month abbreviation/name or geographic proper noun, outside the standard general-vocabulary pool. No spelling rewrite is needed for exclusion.","","false","AI-assisted linguistic review","[]","5364","1","review","uncertain","بيير بيير","بييربيير","بييربيير","true","uncertain"
"h5390:t4","EXTRACT","استخراج استخراج","[""repeated-word""]","rejected","msa","high","redundant-repetition","In this EXTRACT sense, doubling is accidental. The valid counterpart 'استخراج' already exists under this headword, so reject the malformed duplicate without adding another relationship.","استخراج","false","AI-assisted linguistic review","[]","5390","4","review","uncertain","استخراج استخراج","استخراجاستخراج","استخراجاستخراج","true","accidental"
"h5424:t0","ACOUSTIC","الصوتية الصوتية","[""repeated-word""]","review","uncertain","medium","unresolved-sense","Removing repetition alone does not settle the word sense, grammatical form, or whether emphasis was intended; no confident correction applied.","","false","AI-assisted linguistic review","[]","5424","0","review","uncertain","الصوتية الصوتية","الصوتيةالصوتية","الصوتيةالصوتية","false","uncertain"
"h5449:t1","PLANNER","مخطط مخطط","[""repeated-word""]","approved","msa","high","accidental-repetition","The single form 'مخطط' is a natural MSA rendering of the identified PLANNER sense. The second identical word adds no intended meaning here.","مخطط","true","AI-assisted linguistic review","[]","5449","1","review","uncertain","مخطط","مخططمخطط","مخطط","true","accidental"
"h5538:t0","SPECTACULAR","مذهلة مذهلة","[""repeated-word""]","approved","msa","high","accidental-repetition","The single form 'مذهلة' is a natural MSA rendering of the identified SPECTACULAR sense. The second identical word adds no intended meaning here.","مذهلة","true","AI-assisted linguistic review","[]","5538","0","review","uncertain","مذهلة","مذهلةمذهلة","مذهلة","true","accidental"
"h5575:t0","TONER","الحبر الحبر","[""repeated-word""]","review","uncertain","medium","unresolved-sense","Removing repetition alone does not settle the word sense, grammatical form, or whether emphasis was intended; no confident correction applied.","","false","AI-assisted linguistic review","[]","5575","0","review","uncertain","الحبر الحبر","الحبرالحبر","الحبرالحبر","false","uncertain"
"h5597:t2","BARCELONA","برشلونة”","[""possibly-malformed""]","rejected","uncertain","high","geographic-name","The supplied Arabic denotes a geographic proper name, not a general lexical sense; exclude this relationship without rewriting it.","","false","AI-assisted linguistic review","[]","5597","2","review","uncertain","برشلونة”","برشلونة”","برشلونة”","true",""
"h5606:t2","JEWS","اليهود اليهود","[""repeated-word""]","rejected","msa","high","redundant-repetition","The single form 'اليهود' expresses the ordinary JEWS sense; the second identical token adds no intended meaning here. The correct counterpart already exists; reject only the malformed duplicate.","اليهود","false","AI-assisted linguistic review","[]","5606","2","review","uncertain","اليهود اليهود","اليهوداليهود","اليهوداليهود","true","accidental"
"h5648:t0","SUCKING","مص مص","[""repeated-word""]","approved","msa","high","accidental-repetition","The single form 'مص' is a natural MSA rendering of the identified SUCKING sense. The second identical word adds no intended meaning here.","مص","true","AI-assisted linguistic review","[]","5648","0","review","uncertain","مص","مصمص","مص","true","accidental"
"h5698:t0","LYNN","لين لين","[""repeated-word""]","rejected","uncertain","high","personal-or-geographic-name","This relationship renders an identified personal name, surname, month abbreviation/name or geographic proper noun, outside the standard general-vocabulary pool. No spelling rewrite is needed for exclusion.","","false","AI-assisted linguistic review","[]","5698","0","review","uncertain","لين لين","لينلين","لينلين","true","uncertain"
"h5862:t0","AUTOS","السيارات السيارات","[""repeated-word""]","approved","msa","high","accidental-repetition","The single form 'السيارات' expresses the ordinary AUTOS sense; the second identical token adds no intended meaning here. Apply the natural single form.","السيارات","true","AI-assisted linguistic review","[]","5862","0","review","uncertain","السيارات","السياراتالسيارات","السيارات","true","accidental"
"h5865:t1","PERRY","بيري بيري","[""repeated-word""]","review","uncertain","medium","unresolved-sense","Removing repetition alone does not settle the word sense, grammatical form, or whether emphasis was intended; no confident correction applied.","","false","AI-assisted linguistic review","[]","5865","1","review","uncertain","بيري بيري","بيريبيري","بيريبيري","false","uncertain"
"h5883:t1","TAN","تان تان","[""repeated-word""]","review","uncertain","medium","unresolved-sense","Removing repetition alone does not settle the word sense, grammatical form, or whether emphasis was intended; no confident correction applied.","","false","AI-assisted linguistic review","[]","5883","1","review","uncertain","تان تان","تانتان","تانتان","false","uncertain"
"h5913:t3","BLEND","مزيج مزيج","[""repeated-word""]","rejected","msa","high","redundant-repetition","In this BLEND sense, doubling is accidental. The valid counterpart 'مزيج' already exists under this headword, so reject the malformed duplicate without adding another relationship.","مزيج","false","AI-assisted linguistic review","[]","5913","3","review","uncertain","مزيج مزيج","مزيجمزيج","مزيجمزيج","true","accidental"
"h6024:t1","MARIO","ماريو ماريو","[""repeated-word""]","rejected","uncertain","high","personal-or-geographic-name","This relationship renders an identified personal name, surname, month abbreviation/name or geographic proper noun, outside the standard general-vocabulary pool. No spelling rewrite is needed for exclusion.","","false","AI-assisted linguistic review","[]","6024","1","review","uncertain","ماريو ماريو","ماريوماريو","ماريوماريو","true","uncertain"
"h6044:t0","STREAMING","تدفق تدفق","[""repeated-word""]","approved","msa","high","accidental-repetition","The single form 'تدفق' is a natural MSA rendering of the identified STREAMING sense. The second identical word adds no intended meaning here.","تدفق","true","AI-assisted linguistic review","[]","6044","0","review","uncertain","تدفق","تدفقتدفق","تدفق","true","accidental"
"h6089:t1","MOROCCO","المغرب”","[""possibly-malformed""]","rejected","uncertain","high","geographic-name","The supplied Arabic denotes a geographic proper name, not a general lexical sense; exclude this relationship without rewriting it.","","false","AI-assisted linguistic review","[]","6089","1","review","uncertain","المغرب”","المغرب”","المغرب”","true",""
"h6182:t2","STRAIN","سلالة سلالة","[""repeated-word""]","approved","msa","high","accidental-repetition","The single form 'سلالة' is a natural MSA rendering of the identified STRAIN sense. The second identical word adds no intended meaning here.","سلالة","true","AI-assisted linguistic review","[]","6182","2","review","uncertain","سلالة","سلالةسلالة","سلالة","true","accidental"
"h6209:t1","FILLING","ملء ملء","[""repeated-word""]","rejected","msa","high","redundant-repetition","In this FILLING sense, doubling is accidental. The valid counterpart 'ملء' already exists under this headword, so reject the malformed duplicate without adding another relationship.","ملء","false","AI-assisted linguistic review","[]","6209","1","review","uncertain","ملء ملء","ملءملء","ملءملء","true","accidental"
"h6219:t0","VOCAL","الصوتية الصوتية","[""repeated-word""]","review","uncertain","medium","unresolved-sense","Removing repetition alone does not settle the word sense, grammatical form, or whether emphasis was intended; no confident correction applied.","","false","AI-assisted linguistic review","[]","6219","0","review","uncertain","الصوتية الصوتية","الصوتيةالصوتية","الصوتيةالصوتية","false","uncertain"
"h6325:t2","CHRISTIANITY","المسيحية المسيحية","[""repeated-word""]","rejected","msa","high","redundant-repetition","The single form 'المسيحية' expresses the ordinary CHRISTIANITY sense; the second identical token adds no intended meaning here. The correct counterpart already exists; reject only the malformed duplicate.","المسيحية","false","AI-assisted linguistic review","[]","6325","2","review","uncertain","المسيحية المسيحية","المسيحيةالمسيحية","المسيحيةالمسيحية","true","accidental"
"h6328:t2","LANDING","الهبوط الهبوط","[""repeated-word""]","rejected","msa","high","redundant-repetition","In this LANDING sense, doubling is accidental. The valid counterpart 'الهبوط' already exists under this headword, so reject the malformed duplicate without adding another relationship.","الهبوط","false","AI-assisted linguistic review","[]","6328","2","review","uncertain","الهبوط الهبوط","الهبوطالهبوط","الهبوطالهبوط","true","accidental"
"h6472:t2","PENDANT","قلادة قلادة","[""repeated-word""]","rejected","msa","high","redundant-repetition","In this PENDANT sense, doubling is accidental. The valid counterpart 'قلادة' already exists under this headword, so reject the malformed duplicate without adding another relationship.","قلادة","false","AI-assisted linguistic review","[]","6472","2","review","uncertain","قلادة قلادة","قلادةقلادة","قلادةقلادة","true","accidental"
"h6537:t2","KUWAIT","الكويت الكويت","[""repeated-word""]","rejected","uncertain","high","personal-or-geographic-name","This relationship renders an identified personal name, surname, month abbreviation/name or geographic proper noun, outside the standard general-vocabulary pool. No spelling rewrite is needed for exclusion.","","false","AI-assisted linguistic review","[]","6537","2","review","uncertain","الكويت الكويت","الكويتالكويت","الكويتالكويت","true","uncertain"
"h6587:t3","TON","طن طن","[""repeated-word""]","rejected","msa","high","redundant-repetition","In this TON sense, doubling is accidental. The valid counterpart 'طن' already exists under this headword, so reject the malformed duplicate without adding another relationship.","طن","false","AI-assisted linguistic review","[]","6587","3","review","uncertain","طن طن","طنطن","طنطن","true","accidental"
"h6615:t2","BARRIER","حاجز حاجز","[""repeated-word""]","rejected","msa","high","redundant-repetition","In this BARRIER sense, doubling is accidental. The valid counterpart 'حاجز' already exists under this headword, so reject the malformed duplicate without adding another relationship.","حاجز","false","AI-assisted linguistic review","[]","6615","2","review","uncertain","حاجز حاجز","حاجزحاجز","حاجزحاجز","true","accidental"
"h6627:t1","JAMIE","جيمي جيمي","[""repeated-word""]","rejected","uncertain","high","personal-or-geographic-name","This relationship renders an identified personal name, surname, month abbreviation/name or geographic proper noun, outside the standard general-vocabulary pool. No spelling rewrite is needed for exclusion.","","false","AI-assisted linguistic review","[]","6627","1","review","uncertain","جيمي جيمي","جيميجيمي","جيميجيمي","true","uncertain"
"h6645:t1","JEFFREY","جيفري جيفري","[""repeated-word""]","rejected","uncertain","high","personal-or-geographic-name","This relationship renders an identified personal name, surname, month abbreviation/name or geographic proper noun, outside the standard general-vocabulary pool. No spelling rewrite is needed for exclusion.","","false","AI-assisted linguistic review","[]","6645","1","review","uncertain","جيفري جيفري","جيفريجيفري","جيفريجيفري","true","uncertain"
"h6654:t0","JOAN","جون جون","[""repeated-word""]","rejected","uncertain","high","personal-or-geographic-name","This relationship renders an identified personal name, surname, month abbreviation/name or geographic proper noun, outside the standard general-vocabulary pool. No spelling rewrite is needed for exclusion.","","false","AI-assisted linguistic review","[]","6654","0","review","uncertain","جون جون","جونجون","جونجون","true","uncertain"
"h6694:t1","COGNITIVE","المعرفي المعرفي","[""repeated-word""]","review","uncertain","medium","unresolved-sense","Removing repetition alone does not settle the word sense, grammatical form, or whether emphasis was intended; no confident correction applied.","","false","AI-assisted linguistic review","[]","6694","1","review","uncertain","المعرفي المعرفي","المعرفيالمعرفي","المعرفيالمعرفي","false","uncertain"
"h6701:t1","VOLT","فولت فولت","[""repeated-word""]","rejected","msa","high","redundant-repetition","In this VOLT sense, doubling is accidental. The valid counterpart 'فولت' already exists under this headword, so reject the malformed duplicate without adding another relationship.","فولت","false","AI-assisted linguistic review","[]","6701","1","review","uncertain","فولت فولت","فولتفولت","فولتفولت","true","accidental"
"h6708:t4","STEADY","ثابت ثابت","[""repeated-word""]","rejected","msa","high","redundant-repetition","In this STEADY sense, doubling is accidental. The valid counterpart 'ثابت' already exists under this headword, so reject the malformed duplicate without adding another relationship.","ثابت","false","AI-assisted linguistic review","[]","6708","4","review","uncertain","ثابت ثابت","ثابتثابت","ثابتثابت","true","accidental"
"h6721:t0","SCREW","المسمار المسمار","[""repeated-word""]","review","uncertain","medium","unresolved-sense","Removing repetition alone does not settle the word sense, grammatical form, or whether emphasis was intended; no confident correction applied.","","false","AI-assisted linguistic review","[]","6721","0","review","uncertain","المسمار المسمار","المسمارالمسمار","المسمارالمسمار","false","uncertain"
"h6731:t0","RESELLER","موزع موزع","[""repeated-word""]","review","uncertain","medium","unresolved-sense","Removing repetition alone does not settle the word sense, grammatical form, or whether emphasis was intended; no confident correction applied.","","false","AI-assisted linguistic review","[]","6731","0","review","uncertain","موزع موزع","موزعموزع","موزعموزع","false","uncertain"
"h6768:t2","BRICK","الطوب الطوب","[""repeated-word""]","approved","msa","high","accidental-repetition","The single form 'الطوب' is a natural MSA rendering of the identified BRICK sense. The second identical word adds no intended meaning here.","الطوب","true","AI-assisted linguistic review","[]","6768","2","review","uncertain","الطوب","الطوبالطوب","الطوب","true","accidental"
"h6769:t2","GRIP","قبضة قبضة","[""repeated-word""]","rejected","msa","high","redundant-repetition","In this GRIP sense, doubling is accidental. The valid counterpart 'قبضة' already exists under this headword, so reject the malformed duplicate without adding another relationship.","قبضة","false","AI-assisted linguistic review","[]","6769","2","review","uncertain","قبضة قبضة","قبضةقبضة","قبضةقبضة","true","accidental"
"h6816:t2","SYRIA","سوريا”","[""possibly-malformed""]","rejected","uncertain","high","geographic-name","The supplied Arabic denotes a geographic proper name, not a general lexical sense; exclude this relationship without rewriting it.","","false","AI-assisted linguistic review","[]","6816","2","review","uncertain","سوريا”","سوريا”","سوريا”","true",""
"h6841:t0","BIZARRE","غريب غريب","[""repeated-word""]","approved","msa","high","accidental-repetition","The single form 'غريب' is a natural MSA rendering of the identified BIZARRE sense. The second identical word adds no intended meaning here.","غريب","true","AI-assisted linguistic review","[]","6841","0","review","uncertain","غريب","غريبغريب","غريب","true","accidental"
"h6896:t2","BOOM","بوم بوم","[""repeated-word""]","review","uncertain","medium","meaningful-repetition","Repeated بوم can imitate successive booms; onomatopoeia/register and the intended noun sense need review.","","false","AI-assisted linguistic review","[]","6896","2","review","uncertain","بوم بوم","بومبوم","بومبوم","false","meaningful"
"h6927:t2","MIXING","خلط خلط","[""repeated-word""]","rejected","msa","high","redundant-repetition","In this MIXING sense, doubling is accidental. The valid counterpart 'خلط' already exists under this headword, so reject the malformed duplicate without adding another relationship.","خلط","false","AI-assisted linguistic review","[]","6927","2","review","uncertain","خلط خلط","خلطخلط","خلطخلط","true","accidental"
"h7017:t1","DANNY","داني داني","[""repeated-word""]","rejected","uncertain","high","personal-or-geographic-name","This relationship renders an identified personal name, surname, month abbreviation/name or geographic proper noun, outside the standard general-vocabulary pool. No spelling rewrite is needed for exclusion.","","false","AI-assisted linguistic review","[]","7017","1","review","uncertain","داني داني","دانيداني","دانيداني","true","uncertain"
"h7165:t2","RACKS","رفوف رفوف","[""repeated-word""]","rejected","msa","high","redundant-repetition","In this RACKS sense, doubling is accidental. The valid counterpart 'رفوف' already exists under this headword, so reject the malformed duplicate without adding another relationship.","رفوف","false","AI-assisted linguistic review","[]","7165","2","review","uncertain","رفوف رفوف","رفوفرفوف","رفوفرفوف","true","accidental"
"h7296:t0","SHAW","شو","[""possible-dialect"",""proper-name""]","rejected","uncertain","high","personal-name","This particular Arabic is the personal-name rendering. Other lexical senses of the English spelling are not being rejected.","","false","AI-assisted linguistic review","[]","7296","0","review","uncertain","شو","شو","شو","true",""
"h7426:t1","BAILEY","بيلي بيلي","[""repeated-word""]","review","uncertain","medium","unresolved-sense","Removing repetition alone does not settle the word sense, grammatical form, or whether emphasis was intended; no confident correction applied.","","false","AI-assisted linguistic review","[]","7426","1","review","uncertain","بيلي بيلي","بيليبيلي","بيليبيلي","false","uncertain"
"h7504:t0","CARROLL","كارول كارول","[""repeated-word""]","rejected","uncertain","high","personal-or-geographic-name","This relationship renders an identified personal name, surname, month abbreviation/name or geographic proper noun, outside the standard general-vocabulary pool. No spelling rewrite is needed for exclusion.","","false","AI-assisted linguistic review","[]","7504","0","review","uncertain","كارول كارول","كارولكارول","كارولكارول","true","uncertain"
"h7528:t1","DEEPER","أعمق أعمق","[""repeated-word""]","approved","msa","high","accidental-repetition","The single form 'أعمق' is a natural MSA rendering of the identified DEEPER sense. The second identical word adds no intended meaning here.","أعمق","true","AI-assisted linguistic review","[]","7528","1","review","uncertain","أعمق","أعمقأعمق","أعمق","true","accidental"
"h7529:t4","MUSLIMS","المسلمين”","[""possibly-malformed""]","rejected","msa","high","redundant-editorial-residue","A stray closing quote corrupts this display; the exact clean MSA counterpart already exists. Retain that counterpart and reject this redundant corrupted relation.","المسلمين","false","AI-assisted linguistic review","[]","7529","4","review","uncertain","المسلمين”","المسلمين”","المسلمين”","true",""
"h7604:t0","YEA","نعم نعم","[""repeated-word""]","review","uncertain","medium","unresolved-sense","Removing repetition alone does not settle the word sense, grammatical form, or whether emphasis was intended; no confident correction applied.","","false","AI-assisted linguistic review","[]","7604","0","review","uncertain","نعم نعم","نعمنعم","نعمنعم","false","uncertain"
"h7610:t2","WRAPPING","التفاف التفاف","[""repeated-word""]","review","uncertain","medium","unresolved-sense","Removing repetition alone does not settle the word sense, grammatical form, or whether emphasis was intended; no confident correction applied.","","false","AI-assisted linguistic review","[]","7610","2","review","uncertain","التفاف التفاف","التفافالتفاف","التفافالتفاف","false","uncertain"
"h7710:t1","REEL","بكرة بكرة","[""repeated-word""]","rejected","msa","high","redundant-repetition","In this REEL sense, doubling is accidental. The valid counterpart 'بكرة' already exists under this headword, so reject the malformed duplicate without adding another relationship.","بكرة","false","AI-assisted linguistic review","[]","7710","1","review","uncertain","بكرة بكرة","بكرةبكرة","بكرةبكرة","true","accidental"
"h7716:t1","BIND","ربط ربط","[""repeated-word""]","approved","msa","high","accidental-repetition","The single form 'ربط' is a natural MSA rendering of the identified BIND sense. The second identical word adds no intended meaning here.","ربط","true","AI-assisted linguistic review","[]","7716","1","review","uncertain","ربط","ربطربط","ربط","true","accidental"
"h7720:t2","URGENT","عاجل عاجل","[""repeated-word""]","rejected","msa","high","redundant-repetition","In this URGENT sense, doubling is accidental. The valid counterpart 'عاجل' already exists under this headword, so reject the malformed duplicate without adding another relationship.","عاجل","false","AI-assisted linguistic review","[]","7720","2","review","uncertain","عاجل عاجل","عاجلعاجل","عاجلعاجل","true","accidental"
"h7743:t0","AQUA","أكوا أكوا","[""repeated-word""]","review","uncertain","medium","unresolved-sense","Removing repetition alone does not settle the word sense, grammatical form, or whether emphasis was intended; no confident correction applied.","","false","AI-assisted linguistic review","[]","7743","0","review","uncertain","أكوا أكوا","أكواأكوا","أكواأكوا","false","uncertain"
"h7744:t2","CHEN","شين شين","[""repeated-word""]","rejected","uncertain","high","personal-or-geographic-name","This relationship renders an identified personal name, surname, month abbreviation/name or geographic proper noun, outside the standard general-vocabulary pool. No spelling rewrite is needed for exclusion.","","false","AI-assisted linguistic review","[]","7744","2","review","uncertain","شين شين","شينشين","شينشين","true","uncertain"
"h7842:t0","DEPT","قسم قسم","[""repeated-word""]","review","uncertain","medium","unresolved-sense","Removing repetition alone does not settle the word sense, grammatical form, or whether emphasis was intended; no confident correction applied.","","false","AI-assisted linguistic review","[]","7842","0","review","uncertain","قسم قسم","قسمقسم","قسمقسم","false","uncertain"
"h7887:t0","PUSHED","دفع دفع","[""repeated-word""]","review","uncertain","medium","unresolved-sense","Removing repetition alone does not settle the word sense, grammatical form, or whether emphasis was intended; no confident correction applied.","","false","AI-assisted linguistic review","[]","7887","0","review","uncertain","دفع دفع","دفعدفع","دفعدفع","false","uncertain"
"h7933:t3","PROMINENT","بارز بارز","[""repeated-word""]","rejected","msa","high","redundant-repetition","In this PROMINENT sense, doubling is accidental. The valid counterpart 'بارز' already exists under this headword, so reject the malformed duplicate without adding another relationship.","بارز","false","AI-assisted linguistic review","[]","7933","3","review","uncertain","بارز بارز","بارزبارز","بارزبارز","true","accidental"
"h7969:t3","STICKS","العصي العصي","[""repeated-word""]","review","uncertain","medium","unresolved-sense","Removing repetition alone does not settle the word sense, grammatical form, or whether emphasis was intended; no confident correction applied.","","false","AI-assisted linguistic review","[]","7969","3","review","uncertain","العصي العصي","العصيالعصي","العصيالعصي","false","uncertain"
"h8031:t1","LUTHER","لوثر لوثر","[""repeated-word""]","rejected","uncertain","high","personal-or-geographic-name","This relationship renders an identified personal name, surname, month abbreviation/name or geographic proper noun, outside the standard general-vocabulary pool. No spelling rewrite is needed for exclusion.","","false","AI-assisted linguistic review","[]","8031","1","review","uncertain","لوثر لوثر","لوثرلوثر","لوثرلوثر","true","uncertain"
"h8079:t2","PILLOW","وسادة وسادة","[""repeated-word""]","rejected","msa","high","redundant-repetition","In this PILLOW sense, doubling is accidental. The valid counterpart 'وسادة' already exists under this headword, so reject the malformed duplicate without adding another relationship.","وسادة","false","AI-assisted linguistic review","[]","8079","2","review","uncertain","وسادة وسادة","وسادةوسادة","وسادةوسادة","true","accidental"
"h8185:t2","JENNY","جيني جيني","[""repeated-word""]","rejected","uncertain","high","personal-or-geographic-name","This relationship renders an identified personal name, surname, month abbreviation/name or geographic proper noun, outside the standard general-vocabulary pool. No spelling rewrite is needed for exclusion.","","false","AI-assisted linguistic review","[]","8185","2","review","uncertain","جيني جيني","جينيجيني","جينيجيني","true","uncertain"
"h8201:t0","COATING","طلاء طلاء","[""repeated-word""]","approved","msa","high","accidental-repetition","The single form 'طلاء' is a natural MSA rendering of the identified COATING sense. The second identical word adds no intended meaning here.","طلاء","true","AI-assisted linguistic review","[]","8201","0","review","uncertain","طلاء","طلاءطلاء","طلاء","true","accidental"
"h8221:t0","COATED","المغلفة المغلفة","[""repeated-word""]","review","uncertain","medium","unresolved-sense","Removing repetition alone does not settle the word sense, grammatical form, or whether emphasis was intended; no confident correction applied.","","false","AI-assisted linguistic review","[]","8221","0","review","uncertain","المغلفة المغلفة","المغلفةالمغلفة","المغلفةالمغلفة","false","uncertain"
"h8267:t0","ADAPTOR","محول محول","[""repeated-word""]","approved","msa","high","accidental-repetition","The single form 'محول' is a natural MSA rendering of the identified ADAPTOR sense. The second identical word adds no intended meaning here.","محول","true","AI-assisted linguistic review","[]","8267","0","review","uncertain","محول","محولمحول","محول","true","accidental"
"h8269:t0","UNLOCK","فتح فتح","[""repeated-word""]","review","uncertain","medium","wrong-or-incomplete-sense","فتح can mean open; UNLOCK specifically releases a lock. Repetition removal alone does not settle that distinction.","","false","AI-assisted linguistic review","[]","8269","0","review","uncertain","فتح فتح","فتحفتح","فتحفتح","false","wrong-or-incomplete"
"h8345:t1","DUBAI","دبي دبي","[""repeated-word""]","rejected","uncertain","high","personal-or-geographic-name","This relationship renders an identified personal name, surname, month abbreviation/name or geographic proper noun, outside the standard general-vocabulary pool. No spelling rewrite is needed for exclusion.","","false","AI-assisted linguistic review","[]","8345","1","review","uncertain","دبي دبي","دبيدبي","دبيدبي","true","uncertain"
"h8363:t1","LEON","ليون ليون","[""repeated-word""]","review","uncertain","medium","unresolved-sense","Removing repetition alone does not settle the word sense, grammatical form, or whether emphasis was intended; no confident correction applied.","","false","AI-assisted linguistic review","[]","8363","1","review","uncertain","ليون ليون","ليونليون","ليونليون","false","uncertain"
"h8365:t3","MOLD","العفن العفن","[""repeated-word""]","review","uncertain","medium","unresolved-sense","Removing repetition alone does not settle the word sense, grammatical form, or whether emphasis was intended; no confident correction applied.","","false","AI-assisted linguistic review","[]","8365","3","review","uncertain","العفن العفن","العفنالعفن","العفنالعفن","false","uncertain"
"h8366:t0","DAME","سيدة سيدة","[""repeated-word""]","review","uncertain","medium","unresolved-sense","Removing repetition alone does not settle the word sense, grammatical form, or whether emphasis was intended; no confident correction applied.","","false","AI-assisted linguistic review","[]","8366","0","review","uncertain","سيدة سيدة","سيدةسيدة","سيدةسيدة","false","uncertain"
"h8476:t1","REID","ريد ريد","[""repeated-word""]","rejected","uncertain","high","personal-or-geographic-name","This relationship renders an identified personal name, surname, month abbreviation/name or geographic proper noun, outside the standard general-vocabulary pool. No spelling rewrite is needed for exclusion.","","false","AI-assisted linguistic review","[]","8476","1","review","uncertain","ريد ريد","ريدريد","ريدريد","true","uncertain"
"h8477:t2","HYDRAULIC","الهيدروليكية الهيدروليكية","[""repeated-word""]","review","uncertain","medium","unresolved-sense","Removing repetition alone does not settle the word sense, grammatical form, or whether emphasis was intended; no confident correction applied.","","false","AI-assisted linguistic review","[]","8477","2","review","uncertain","الهيدروليكية الهيدروليكية","الهيدروليكيةالهيدروليكية","الهيدروليكيةالهيدروليكية","false","uncertain"
"h8484:t1","BELLE","بيل بيل","[""repeated-word""]","review","uncertain","medium","unresolved-sense","Removing repetition alone does not settle the word sense, grammatical form, or whether emphasis was intended; no confident correction applied.","","false","AI-assisted linguistic review","[]","8484","1","review","uncertain","بيل بيل","بيلبيل","بيلبيل","false","uncertain"
"h8554:t3","INTIMATE","حميم حميم","[""repeated-word""]","review","uncertain","medium","unresolved-sense","Removing repetition alone does not settle the word sense, grammatical form, or whether emphasis was intended; no confident correction applied.","","false","AI-assisted linguistic review","[]","8554","3","review","uncertain","حميم حميم","حميمحميم","حميمحميم","false","uncertain"
"h8589:t2","NEEDLE","إبرة إبرة","[""repeated-word""]","approved","msa","high","accidental-repetition","The single form 'إبرة' is a natural MSA rendering of the identified NEEDLE sense. The second identical word adds no intended meaning here.","إبرة","true","AI-assisted linguistic review","[]","8589","2","review","uncertain","إبرة","إبرةإبرة","إبرة","true","accidental"
"h8649:t1","BLACKS","السود”","[""possibly-malformed""]","review","msa","medium","register-or-sense-review","The proposed spelling/base may be MSA, but the English register, grammatical person or intended sense needs confirmation. No text change applied.","السود","false","AI-assisted linguistic review","[]","8649","1","review","uncertain","السود”","السود”","السود”","true",""
"h8800:t0","ITALIA","إيطاليا”","[""possibly-malformed""]","rejected","uncertain","high","geographic-name","The supplied Arabic denotes a geographic proper name, not a general lexical sense; exclude this relationship without rewriting it.","","false","AI-assisted linguistic review","[]","8800","0","review","uncertain","إيطاليا”","إيطاليا”","إيطاليا”","true",""
"h8853:t0","LOCKING","قفل قفل","[""repeated-word""]","approved","msa","high","accidental-repetition","The single form 'قفل' is a natural MSA rendering of the identified LOCKING sense. The second identical word adds no intended meaning here.","قفل","true","AI-assisted linguistic review","[]","8853","0","review","uncertain","قفل","قفلقفل","قفل","true","accidental"
"h9228:t2","CLEANUP","تنظيف تنظيف","[""repeated-word""]","rejected","msa","high","redundant-repetition","In this CLEANUP sense, doubling is accidental. The valid counterpart 'تنظيف' already exists under this headword, so reject the malformed duplicate without adding another relationship.","تنظيف","false","AI-assisted linguistic review","[]","9228","2","review","uncertain","تنظيف تنظيف","تنظيفتنظيف","تنظيفتنظيف","true","accidental"
"h9295:t3","POISON","السم السم","[""repeated-word""]","rejected","msa","high","redundant-repetition","In this POISON sense, doubling is accidental. The valid counterpart 'السم' already exists under this headword, so reject the malformed duplicate without adding another relationship.","السم","false","AI-assisted linguistic review","[]","9295","3","review","uncertain","السم السم","السمالسم","السمالسم","true","accidental"
"h10560:t0","HECK","هيك","[""possible-dialect""]","review","uncertain","medium","unresolved-sense","A dialect-like spelling may instead be a transliteration in this English sense; register cannot be inferred from the token alone.","","false","AI-assisted linguistic review","[]","10560","0","review","uncertain","هيك","هيك","هيك","false",""
"h0:t0","THE","ال","[""abbreviation""]","review","msa","medium","unresolved-sense","ال is the valid Arabic definite-article prefix, but a bound prefix alone may be unsuitable as a standalone crossword vocabulary answer/clue; retain for product/linguistic review.","","false","AI-assisted linguistic review","[]","0","0","review","uncertain","ال","ال","ال","true",""
"h37:t1","MY","لي (ضمير ملكية)","[""editorial-note""]","review","uncertain","medium","unresolved-sense","The note identifies context/register, but deleting it alone does not verify the English sense or Arabic equivalence.","","false","AI-assisted linguistic review","[]","37","1","review","uncertain","لي (ضمير ملكية)","ليضميرملكية","ليضميرملكية","false",""
"h57:t0","OUT","اخرج","[""abbreviation""]","review","uncertain","medium","unresolved-sense","The English spelling admits abbreviation/name/lexical readings; this Arabic relationship needs a verified sense before approval.","","false","AI-assisted linguistic review","[]","57","0","review","uncertain","اخرج","اخرج","اخرج","false",""
"h57:t1","OUT","خارج","[""abbreviation""]","approved","msa","high","verified-lexical-sense","The supplied Arabic is a valid MSA rendering of the ordinary lexical sense of OUT; an abbreviation-source match is not grounds for exclusion.","","false","AI-assisted linguistic review","[]","57","1","review","uncertain","خارج","خارج","خارج","true",""
"h57:t2","OUT","خارجا","[""abbreviation""]","approved","msa","high","verified-lexical-sense","The supplied Arabic is a valid MSA rendering of the ordinary lexical sense of OUT; an abbreviation-source match is not grounds for exclusion.","","false","AI-assisted linguistic review","[]","57","2","review","uncertain","خارجا","خارجا","خارجا","true",""
"h57:t3","OUT","خرج","[""abbreviation""]","review","uncertain","medium","unresolved-sense","The English spelling admits abbreviation/name/lexical readings; this Arabic relationship needs a verified sense before approval.","","false","AI-assisted linguistic review","[]","57","3","review","uncertain","خرج","خرج","خرج","false",""
"h142:t0","JAN","يناير","[""abbreviation""]","rejected","uncertain","high","abbreviation-initialism","The supplied relationship is an abbreviation, initialism, numeric/foreign fragment or name-like rendering rather than a verified general-vocabulary sense. Exclude this specific relationship; this is not a rule rejecting every abbreviation-source match.","","false","AI-assisted linguistic review","[]","142","0","review","uncertain","يناير","يناير","يناير","true",""
"h142:t1","JAN","جان","[""abbreviation""]","rejected","uncertain","high","abbreviation-initialism","The supplied relationship is an abbreviation, initialism, numeric/foreign fragment or name-like rendering rather than a verified general-vocabulary sense. Exclude this specific relationship; this is not a rule rejecting every abbreviation-source match.","","false","AI-assisted linguistic review","[]","142","1","review","uncertain","جان","جان","جان","true",""
"h142:t2","JAN","يان","[""abbreviation""]","rejected","uncertain","high","abbreviation-initialism","The supplied relationship is an abbreviation, initialism, numeric/foreign fragment or name-like rendering rather than a verified general-vocabulary sense. Exclude this specific relationship; this is not a rule rejecting every abbreviation-source match.","","false","AI-assisted linguistic review","[]","142","2","review","uncertain","يان","يان","يان","true",""
"h214:t1","DID","فعل (ماضي)","[""editorial-note""]","approved","msa","high","editorial-note","The parenthetical text is an editorial label. 'فعل' correctly expresses this English past-tense/interjection/preposition sense without that label.","فعل","true","AI-assisted linguistic review","[]","214","1","review","uncertain","فعل","فعلماضي","فعل","true",""
"h330:t0","USA","امريكا","[""abbreviation""]","rejected","uncertain","high","abbreviation-initialism","The supplied relationship is an abbreviation, initialism, numeric/foreign fragment or name-like rendering rather than a verified general-vocabulary sense. Exclude this specific relationship; this is not a rule rejecting every abbreviation-source match.","","false","AI-assisted linguistic review","[]","330","0","review","uncertain","امريكا","امريكا","امريكا","true",""
"h345:t0","JOHN","جون","[""proper-name""]","rejected","uncertain","high","personal-or-geographic-name","This relationship renders an identified personal name, surname, month abbreviation/name or geographic proper noun, outside the standard general-vocabulary pool. No spelling rewrite is needed for exclusion.","","false","AI-assisted linguistic review","[]","345","0","review","uncertain","جون","جون","جون","true",""
"h345:t1","JOHN","يوحنا","[""proper-name""]","rejected","uncertain","high","personal-or-geographic-name","This relationship renders an identified personal name, surname, month abbreviation/name or geographic proper noun, outside the standard general-vocabulary pool. No spelling rewrite is needed for exclusion.","","false","AI-assisted linguistic review","[]","345","1","review","uncertain","يوحنا","يوحنا","يوحنا","true",""
"h421:t0","WINDOWS","النوافذ","[""brand-name""]","approved","msa","high","lexical-not-brand","The Arabic expresses the ordinary window/fruit sense, not the brand. The heuristic brand flag is a false positive for this relationship.","","false","AI-assisted linguistic review","[]","421","0","review","uncertain","النوافذ","النوافذ","النوافذ","true",""
"h421:t1","WINDOWS","ويندوز","[""brand-name""]","rejected","uncertain","high","brand-product","This relationship is the brand rendering, unlike the ordinary noun translations under the same headword.","","false","AI-assisted linguistic review","[]","421","1","review","uncertain","ويندوز","ويندوز","ويندوز","true",""
"h421:t2","WINDOWS","نوافذ","[""brand-name""]","approved","msa","high","lexical-not-brand","The Arabic expresses the ordinary window/fruit sense, not the brand. The heuristic brand flag is a false positive for this relationship.","","false","AI-assisted linguistic review","[]","421","2","review","uncertain","نوافذ","نوافذ","نوافذ","true",""
"h423:t0","GAY","شاذ","[""abbreviation""]","review","uncertain","medium","unresolved-sense","The English spelling admits abbreviation/name/lexical readings; this Arabic relationship needs a verified sense before approval.","","false","AI-assisted linguistic review","[]","423","0","review","uncertain","شاذ","شاذ","شاذ","false",""
"h470:t0","DEC","ديسمبر","[""abbreviation""]","rejected","uncertain","high","abbreviation-initialism","The supplied relationship is an abbreviation, initialism, numeric/foreign fragment or name-like rendering rather than a verified general-vocabulary sense. Exclude this specific relationship; this is not a rule rejecting every abbreviation-source match.","","false","AI-assisted linguistic review","[]","470","0","review","uncertain","ديسمبر","ديسمبر","ديسمبر","true",""
"h477:t0","SAN","سان","[""abbreviation""]","review","uncertain","medium","unresolved-sense","The English spelling admits abbreviation/name/lexical readings; this Arabic relationship needs a verified sense before approval.","","false","AI-assisted linguistic review","[]","477","0","review","uncertain","سان","سان","سان","false",""
"h535:t0","AMERICA","امريكا","[""place-name""]","rejected","uncertain","high","geographic-name","The supplied Arabic denotes a geographic proper name, not a general lexical sense; exclude this relationship without rewriting it.","","false","AI-assisted linguistic review","[]","535","0","review","uncertain","امريكا","امريكا","امريكا","true",""
"h535:t1","AMERICA","اميركا","[""place-name""]","rejected","uncertain","high","geographic-name","The supplied Arabic denotes a geographic proper name, not a general lexical sense; exclude this relationship without rewriting it.","","false","AI-assisted linguistic review","[]","535","1","review","uncertain","اميركا","اميركا","اميركا","true",""
"h535:t2","AMERICA","الولايات المتحدة الأمريكية","[""place-name""]","rejected","uncertain","high","geographic-name","The supplied Arabic denotes a geographic proper name, not a general lexical sense; exclude this relationship without rewriting it.","","false","AI-assisted linguistic review","[]","535","2","review","uncertain","الولايات المتحدة الأمريكية","الولاياتالمتحدةالأمريكية","الولاياتالمتحدةالأمريكية","true",""
"h575:t0","NOV","نوفمبر","[""abbreviation""]","rejected","uncertain","high","abbreviation-initialism","The supplied relationship is an abbreviation, initialism, numeric/foreign fragment or name-like rendering rather than a verified general-vocabulary sense. Exclude this specific relationship; this is not a rule rejecting every abbreviation-source match.","","false","AI-assisted linguistic review","[]","575","0","review","uncertain","نوفمبر","نوفمبر","نوفمبر","true",""
"h586:t0","FAX","فاكس","[""abbreviation""]","approved","msa","high","verified-lexical-sense","The supplied Arabic is a valid MSA rendering of the ordinary lexical sense of FAX; an abbreviation-source match is not grounds for exclusion.","","false","AI-assisted linguistic review","[]","586","0","review","uncertain","فاكس","فاكس","فاكس","true",""
"h586:t1","FAX","الفاكس","[""abbreviation""]","approved","msa","high","verified-lexical-sense","The supplied Arabic is a valid MSA rendering of the ordinary lexical sense of FAX; an abbreviation-source match is not grounds for exclusion.","","false","AI-assisted linguistic review","[]","586","1","review","uncertain","الفاكس","الفاكس","الفاكس","true",""
"h587:t0","CHINA","الصين","[""place-name""]","rejected","msa","high","geographic-name","الصين denotes the country China, not the ordinary crockery sense of china; exclude only this geographic relationship.","","false","AI-assisted linguistic review","[]","587","0","review","uncertain","الصين","الصين","الصين","true",""
"h587:t1","CHINA","الصينية","[""place-name""]","review","uncertain","medium","unresolved-sense","الصينية may denote a tray, a Chinese-language/adjectival sense or another inflection; verify whether the intended English sense is country or crockery.","","false","AI-assisted linguistic review","[]","587","1","review","uncertain","الصينية","الصينية","الصينية","false",""
"h606:t0","LONDON","لندن","[""place-name""]","rejected","uncertain","high","geographic-name","The supplied Arabic denotes a geographic proper name, not a general lexical sense; exclude this relationship without rewriting it.","","false","AI-assisted linguistic review","[]","606","0","review","uncertain","لندن","لندن","لندن","true",""
"h611:t0","ID","هوية","[""abbreviation""]","review","uncertain","medium","unresolved-sense","The English spelling admits abbreviation/name/lexical readings; this Arabic relationship needs a verified sense before approval.","","false","AI-assisted linguistic review","[]","611","0","review","uncertain","هوية","هوية","هوية","false",""
"h631:t0","NET","الشبكة","[""abbreviation""]","approved","msa","high","verified-lexical-sense","The supplied Arabic is a valid MSA rendering of the ordinary lexical sense of NET; an abbreviation-source match is not grounds for exclusion.","","false","AI-assisted linguistic review","[]","631","0","review","uncertain","الشبكة","الشبكة","الشبكة","true",""
"h631:t1","NET","صافي","[""abbreviation""]","approved","msa","high","verified-lexical-sense","The supplied Arabic is a valid MSA rendering of the ordinary lexical sense of NET; an abbreviation-source match is not grounds for exclusion.","","false","AI-assisted linguistic review","[]","631","1","review","uncertain","صافي","صافي","صافي","true",""
"h631:t2","NET","الصافي","[""abbreviation""]","approved","msa","high","verified-lexical-sense","The supplied Arabic is a valid MSA rendering of the ordinary lexical sense of NET; an abbreviation-source match is not grounds for exclusion.","","false","AI-assisted linguistic review","[]","631","2","review","uncertain","الصافي","الصافي","الصافي","true",""
"h685:t0","DAVID","ديفيد","[""proper-name""]","rejected","uncertain","high","personal-or-geographic-name","This relationship renders an identified personal name, surname, month abbreviation/name or geographic proper noun, outside the standard general-vocabulary pool. No spelling rewrite is needed for exclusion.","","false","AI-assisted linguistic review","[]","685","0","review","uncertain","ديفيد","ديفيد","ديفيد","true",""
"h685:t1","DAVID","داود","[""proper-name""]","rejected","uncertain","high","personal-or-geographic-name","This relationship renders an identified personal name, surname, month abbreviation/name or geographic proper noun, outside the standard general-vocabulary pool. No spelling rewrite is needed for exclusion.","","false","AI-assisted linguistic review","[]","685","1","review","uncertain","داود","داود","داود","true",""
"h685:t2","DAVID","ديفد","[""proper-name""]","rejected","uncertain","high","personal-or-geographic-name","This relationship renders an identified personal name, surname, month abbreviation/name or geographic proper noun, outside the standard general-vocabulary pool. No spelling rewrite is needed for exclusion.","","false","AI-assisted linguistic review","[]","685","2","review","uncertain","ديفد","ديفد","ديفد","true",""
"h685:t3","DAVID","دايفيد","[""proper-name""]","rejected","uncertain","high","personal-or-geographic-name","This relationship renders an identified personal name, surname, month abbreviation/name or geographic proper noun, outside the standard general-vocabulary pool. No spelling rewrite is needed for exclusion.","","false","AI-assisted linguistic review","[]","685","3","review","uncertain","دايفيد","دايفيد","دايفيد","true",""
"h685:t4","DAVID","دافيد","[""proper-name""]","rejected","uncertain","high","personal-or-geographic-name","This relationship renders an identified personal name, surname, month abbreviation/name or geographic proper noun, outside the standard general-vocabulary pool. No spelling rewrite is needed for exclusion.","","false","AI-assisted linguistic review","[]","685","4","review","uncertain","دافيد","دافيد","دافيد","true",""
"h685:t5","DAVID","ديفيد دايفيد","[""proper-name""]","rejected","uncertain","high","personal-or-geographic-name","This relationship renders an identified personal name, surname, month abbreviation/name or geographic proper noun, outside the standard general-vocabulary pool. No spelling rewrite is needed for exclusion.","","false","AI-assisted linguistic review","[]","685","5","review","uncertain","ديفيد دايفيد","ديفيددايفيد","ديفيددايفيد","true",""
"h696:t0","FEB","فبراير","[""abbreviation""]","rejected","uncertain","high","abbreviation-initialism","The supplied relationship is an abbreviation, initialism, numeric/foreign fragment or name-like rendering rather than a verified general-vocabulary sense. Exclude this specific relationship; this is not a rule rejecting every abbreviation-source match.","","false","AI-assisted linguistic review","[]","696","0","review","uncertain","فبراير","فبراير","فبراير","true",""
"h725:t0","MAR","مار","[""abbreviation""]","review","uncertain","low","unresolved-sense","English has possible lexical/technical/name senses; the supplied Arabic does not establish which was intended. Do not exclude the headword solely from its abbreviation-source match.","","false","AI-assisted linguistic review","[]","725","0","review","uncertain","مار","مار","مار","false",""
"h731:t0","FRANCE","وفرنسا","[""place-name""]","rejected","uncertain","high","geographic-name","The supplied Arabic denotes a geographic proper name, not a general lexical sense; exclude this relationship without rewriting it.","","false","AI-assisted linguistic review","[]","731","0","review","uncertain","وفرنسا","وفرنسا","وفرنسا","true",""
"h731:t1","FRANCE","فرانس","[""place-name""]","rejected","uncertain","high","geographic-name","The supplied Arabic denotes a geographic proper name, not a general lexical sense; exclude this relationship without rewriting it.","","false","AI-assisted linguistic review","[]","731","1","review","uncertain","فرانس","فرانس","فرانس","true",""
"h731:t2","FRANCE","فرنسا","[""place-name""]","rejected","uncertain","high","geographic-name","The supplied Arabic denotes a geographic proper name, not a general lexical sense; exclude this relationship without rewriting it.","","false","AI-assisted linguistic review","[]","731","2","review","uncertain","فرنسا","فرنسا","فرنسا","true",""
"h732:t0","PRO","مؤيد","[""abbreviation""]","approved","msa","high","verified-lexical-sense","The supplied Arabic is a valid MSA rendering of the ordinary lexical sense of PRO; an abbreviation-source match is not grounds for exclusion.","","false","AI-assisted linguistic review","[]","732","0","review","uncertain","مؤيد","مؤيد","مؤيد","true",""
"h732:t1","PRO","برو","[""abbreviation""]","review","uncertain","medium","unresolved-sense","The English spelling admits abbreviation/name/lexical readings; this Arabic relationship needs a verified sense before approval.","","false","AI-assisted linguistic review","[]","732","1","review","uncertain","برو","برو","برو","false",""
"h732:t2","PRO","محترف","[""abbreviation""]","approved","msa","high","verified-lexical-sense","The supplied Arabic is a valid MSA rendering of the ordinary lexical sense of PRO; an abbreviation-source match is not grounds for exclusion.","","false","AI-assisted linguistic review","[]","732","2","review","uncertain","محترف","محترف","محترف","true",""
"h737:t0","MICROSOFT","مايكروسوفت","[""brand-name""]","rejected","uncertain","high","brand-product","The Arabic is a company/product-name rendering; exclude from the standard vocabulary pool.","","false","AI-assisted linguistic review","[]","737","0","review","uncertain","مايكروسوفت","مايكروسوفت","مايكروسوفت","true",""
"h737:t1","MICROSOFT","ميكروسوفت","[""brand-name""]","rejected","uncertain","high","brand-product","The Arabic is a company/product-name rendering; exclude from the standard vocabulary pool.","","false","AI-assisted linguistic review","[]","737","1","review","uncertain","ميكروسوفت","ميكروسوفت","ميكروسوفت","true",""
"h749:t0","AUG","اغسطس","[""abbreviation""]","rejected","uncertain","high","abbreviation-initialism","The supplied relationship is an abbreviation, initialism, numeric/foreign fragment or name-like rendering rather than a verified general-vocabulary sense. Exclude this specific relationship; this is not a rule rejecting every abbreviation-source match.","","false","AI-assisted linguistic review","[]","749","0","review","uncertain","اغسطس","اغسطس","اغسطس","true",""
"h776:t0","VIA","عبر","[""abbreviation""]","approved","msa","high","verified-lexical-sense","The supplied Arabic is a valid MSA rendering of the ordinary lexical sense of VIA; an abbreviation-source match is not grounds for exclusion.","","false","AI-assisted linguistic review","[]","776","0","review","uncertain","عبر","عبر","عبر","true",""
"h776:t1","VIA","فيا","[""abbreviation""]","review","uncertain","medium","unresolved-sense","The English spelling admits abbreviation/name/lexical readings; this Arabic relationship needs a verified sense before approval.","","false","AI-assisted linguistic review","[]","776","1","review","uncertain","فيا","فيا","فيا","false",""
"h818:t0","GERMANY","المانيا","[""place-name""]","rejected","uncertain","high","personal-or-geographic-name","This relationship renders an identified personal name, surname, month abbreviation/name or geographic proper noun, outside the standard general-vocabulary pool. No spelling rewrite is needed for exclusion.","","false","AI-assisted linguistic review","[]","818","0","review","uncertain","المانيا","المانيا","المانيا","true",""
"h834:t0","JAMES","جيمس","[""proper-name""]","rejected","uncertain","high","personal-or-geographic-name","This relationship renders an identified personal name, surname, month abbreviation/name or geographic proper noun, outside the standard general-vocabulary pool. No spelling rewrite is needed for exclusion.","","false","AI-assisted linguistic review","[]","834","0","review","uncertain","جيمس","جيمس","جيمس","true",""
"h834:t1","JAMES","جايمس","[""proper-name""]","rejected","uncertain","high","personal-or-geographic-name","This relationship renders an identified personal name, surname, month abbreviation/name or geographic proper noun, outside the standard general-vocabulary pool. No spelling rewrite is needed for exclusion.","","false","AI-assisted linguistic review","[]","834","1","review","uncertain","جايمس","جايمس","جايمس","true",""
"h867:t0","INDIA","انديا","[""place-name""]","rejected","uncertain","high","geographic-name","The supplied Arabic denotes a geographic proper name, not a general lexical sense; exclude this relationship without rewriting it.","","false","AI-assisted linguistic review","[]","867","0","review","uncertain","انديا","انديا","انديا","true",""
"h867:t1","INDIA","الهند","[""place-name""]","rejected","uncertain","high","geographic-name","The supplied Arabic denotes a geographic proper name, not a general lexical sense; exclude this relationship without rewriting it.","","false","AI-assisted linguistic review","[]","867","1","review","uncertain","الهند","الهند","الهند","true",""
"h867:t2","INDIA","بالهند","[""place-name""]","rejected","uncertain","high","geographic-name","The supplied Arabic denotes a geographic proper name, not a general lexical sense; exclude this relationship without rewriting it.","","false","AI-assisted linguistic review","[]","867","2","review","uncertain","بالهند","بالهند","بالهند","true",""
"h873:t0","MICHAEL","مايكل","[""proper-name""]","rejected","uncertain","high","personal-or-geographic-name","This relationship renders an identified personal name, surname, month abbreviation/name or geographic proper noun, outside the standard general-vocabulary pool. No spelling rewrite is needed for exclusion.","","false","AI-assisted linguistic review","[]","873","0","review","uncertain","مايكل","مايكل","مايكل","true",""
"h896:t0","GOOGLE","جوجل","[""brand-name""]","rejected","uncertain","high","brand-product","The Arabic is a company/product-name rendering; exclude from the standard vocabulary pool.","","false","AI-assisted linguistic review","[]","896","0","review","uncertain","جوجل","جوجل","جوجل","true",""
"h896:t1","GOOGLE","غوغل","[""brand-name""]","rejected","uncertain","high","brand-product","The Arabic is a company/product-name rendering; exclude from the standard vocabulary pool.","","false","AI-assisted linguistic review","[]","896","1","review","uncertain","غوغل","غوغل","غوغل","true",""
"h917:t0","HTML","أتش تي أم أل","[""abbreviation""]","rejected","uncertain","high","abbreviation-initialism","The supplied relationship is an abbreviation, initialism, numeric/foreign fragment or name-like rendering rather than a verified general-vocabulary sense. Exclude this specific relationship; this is not a rule rejecting every abbreviation-source match.","","false","AI-assisted linguistic review","[]","917","0","review","uncertain","أتش تي أم أل","أتشتيأمأل","أتشتيأمأل","true",""
"h1017:t0","EUR","يورو","[""abbreviation""]","rejected","uncertain","high","abbreviation-initialism","The supplied relationship is an abbreviation, initialism, numeric/foreign fragment or name-like rendering rather than a verified general-vocabulary sense. Exclude this specific relationship; this is not a rule rejecting every abbreviation-source match.","","false","AI-assisted linguistic review","[]","1017","0","review","uncertain","يورو","يورو","يورو","true",""
"h1052:t0","COM","كوم","[""abbreviation""]","rejected","uncertain","high","abbreviation-initialism","The supplied relationship is an abbreviation, initialism, numeric/foreign fragment or name-like rendering rather than a verified general-vocabulary sense. Exclude this specific relationship; this is not a rule rejecting every abbreviation-source match.","","false","AI-assisted linguistic review","[]","1052","0","review","uncertain","كوم","كوم","كوم","true",""
"h1056:t0","ROBERT","روبرت","[""proper-name""]","rejected","uncertain","high","personal-or-geographic-name","This relationship renders an identified personal name, surname, month abbreviation/name or geographic proper noun, outside the standard general-vocabulary pool. No spelling rewrite is needed for exclusion.","","false","AI-assisted linguistic review","[]","1056","0","review","uncertain","روبرت","روبرت","روبرت","true",""
"h1056:t1","ROBERT","روبيرت","[""proper-name""]","rejected","uncertain","high","personal-or-geographic-name","This relationship renders an identified personal name, surname, month abbreviation/name or geographic proper noun, outside the standard general-vocabulary pool. No spelling rewrite is needed for exclusion.","","false","AI-assisted linguistic review","[]","1056","1","review","uncertain","روبيرت","روبيرت","روبيرت","true",""
"h1059:t0","GAS","الغاز","[""abbreviation""]","approved","msa","high","verified-lexical-sense","The supplied Arabic is a valid MSA rendering of the ordinary lexical sense of GAS; an abbreviation-source match is not grounds for exclusion.","","false","AI-assisted linguistic review","[]","1059","0","review","uncertain","الغاز","الغاز","الغاز","true",""
"h1059:t1","GAS","غاز","[""abbreviation""]","approved","msa","high","verified-lexical-sense","The supplied Arabic is a valid MSA rendering of the ordinary lexical sense of GAS; an abbreviation-source match is not grounds for exclusion.","","false","AI-assisted linguistic review","[]","1059","1","review","uncertain","غاز","غاز","غاز","true",""
"h1059:t2","GAS","غازات","[""abbreviation""]","review","uncertain","medium","unresolved-sense","The English spelling admits abbreviation/name/lexical readings; this Arabic relationship needs a verified sense before approval.","","false","AI-assisted linguistic review","[]","1059","2","review","uncertain","غازات","غازات","غازات","false",""
"h1061:t0","SIX","ستة","[""abbreviation""]","approved","msa","high","verified-lexical-sense","The supplied Arabic is a valid MSA rendering of the ordinary lexical sense of SIX; an abbreviation-source match is not grounds for exclusion.","","false","AI-assisted linguistic review","[]","1061","0","review","uncertain","ستة","ستة","ستة","true",""
"h1073:t0","SAT","جلس","[""abbreviation""]","approved","msa","high","verified-lexical-sense","The supplied Arabic is a valid MSA rendering of the ordinary lexical sense of SAT; an abbreviation-source match is not grounds for exclusion.","","false","AI-assisted linguistic review","[]","1073","0","review","uncertain","جلس","جلس","جلس","true",""
"h1073:t1","SAT","جلست","[""abbreviation""]","review","uncertain","medium","unresolved-sense","The English spelling admits abbreviation/name/lexical readings; this Arabic relationship needs a verified sense before approval.","","false","AI-assisted linguistic review","[]","1073","1","review","uncertain","جلست","جلست","جلست","false",""
"h1120:t0","FRI","الجمعة","[""abbreviation""]","rejected","uncertain","high","abbreviation-initialism","The supplied relationship is an abbreviation, initialism, numeric/foreign fragment or name-like rendering rather than a verified general-vocabulary sense. Exclude this specific relationship; this is not a rule rejecting every abbreviation-source match.","","false","AI-assisted linguistic review","[]","1120","0","review","uncertain","الجمعة","الجمعة","الجمعة","true",""
"h1164:t0","LOS","لوس","[""abbreviation""]","review","uncertain","medium","unresolved-sense","The English spelling admits abbreviation/name/lexical readings; this Arabic relationship needs a verified sense before approval.","","false","AI-assisted linguistic review","[]","1164","0","review","uncertain","لوس","لوس","لوس","false",""
"h1248:t0","THU","خميس","[""abbreviation""]","rejected","uncertain","high","abbreviation-initialism","The supplied relationship is an abbreviation, initialism, numeric/foreign fragment or name-like rendering rather than a verified general-vocabulary sense. Exclude this specific relationship; this is not a rule rejecting every abbreviation-source match.","","false","AI-assisted linguistic review","[]","1248","0","review","uncertain","خميس","خميس","خميس","true",""
"h1248:t1","THU","ثو","[""abbreviation""]","rejected","uncertain","high","abbreviation-initialism","The supplied relationship is an abbreviation, initialism, numeric/foreign fragment or name-like rendering rather than a verified general-vocabulary sense. Exclude this specific relationship; this is not a rule rejecting every abbreviation-source match.","","false","AI-assisted linguistic review","[]","1248","1","review","uncertain","ثو","ثو","ثو","true",""
"h1271:t0","TEL","تل","[""abbreviation""]","review","msa","medium","lexical-sense-needs-confirmation","This English spelling has a possible established lexical or clipped-word sense, so abbreviation membership alone does not justify rejection. Verify the specific sense before approval.","","false","AI-assisted linguistic review","[]","1271","0","review","uncertain","تل","تل","تل","true",""
"h1293:t0","WILLIAM","ويليام","[""proper-name""]","rejected","uncertain","high","personal-or-geographic-name","This relationship renders an identified personal name, surname, month abbreviation/name or geographic proper noun, outside the standard general-vocabulary pool. No spelling rewrite is needed for exclusion.","","false","AI-assisted linguistic review","[]","1293","0","review","uncertain","ويليام","ويليام","ويليام","true",""
"h1293:t1","WILLIAM","وليم","[""proper-name""]","rejected","uncertain","high","personal-or-geographic-name","This relationship renders an identified personal name, surname, month abbreviation/name or geographic proper noun, outside the standard general-vocabulary pool. No spelling rewrite is needed for exclusion.","","false","AI-assisted linguistic review","[]","1293","1","review","uncertain","وليم","وليم","وليم","true",""
"h1293:t2","WILLIAM","وليام","[""proper-name""]","rejected","uncertain","high","personal-or-geographic-name","This relationship renders an identified personal name, surname, month abbreviation/name or geographic proper noun, outside the standard general-vocabulary pool. No spelling rewrite is needed for exclusion.","","false","AI-assisted linguistic review","[]","1293","2","review","uncertain","وليام","وليام","وليام","true",""
"h1293:t3","WILLIAM","ويليام وليم","[""proper-name""]","rejected","uncertain","high","personal-or-geographic-name","This relationship renders an identified personal name, surname, month abbreviation/name or geographic proper noun, outside the standard general-vocabulary pool. No spelling rewrite is needed for exclusion.","","false","AI-assisted linguistic review","[]","1293","3","review","uncertain","ويليام وليم","ويلياموليم","ويلياموليم","true",""
"h1305:t0","EL","المصعد","[""abbreviation""]","review","uncertain","medium","unresolved-sense","The English spelling admits abbreviation/name/lexical readings; this Arabic relationship needs a verified sense before approval.","","false","AI-assisted linguistic review","[]","1305","0","review","uncertain","المصعد","المصعد","المصعد","false",""
"h1315:t0","MA","أمي","[""abbreviation""]","review","uncertain","medium","unresolved-sense","The English spelling admits abbreviation/name/lexical readings; this Arabic relationship needs a verified sense before approval.","","false","AI-assisted linguistic review","[]","1315","0","review","uncertain","أمي","أمي","أمي","false",""
"h1321:t0","AMAZON","الامازون","[""place-name"",""brand-name""]","rejected","uncertain","high","geographic-name","The supplied Arabic denotes a geographic proper name, not a general lexical sense; exclude this relationship without rewriting it.","","false","AI-assisted linguistic review","[]","1321","0","review","uncertain","الامازون","الامازون","الامازون","true",""
"h1343:t0","EST","هو (لاتيني)","[""abbreviation"",""editorial-note""]","rejected","uncertain","high","wrong-or-foreign-relation","The label identifies the Latin copula, not a verified normal English EST sense.","","false","AI-assisted linguistic review","[]","1343","0","review","uncertain","هو (لاتيني)","هولاتيني","هولاتيني","true",""
"h1347:t0","MAC","ماك","[""abbreviation""]","review","uncertain","medium","unresolved-sense","The English spelling admits abbreviation/name/lexical readings; this Arabic relationship needs a verified sense before approval.","","false","AI-assisted linguistic review","[]","1347","0","review","uncertain","ماك","ماك","ماك","false",""
"h1350:t0","III","ثالثا","[""abbreviation""]","rejected","uncertain","high","abbreviation-initialism","The supplied relationship is an abbreviation, initialism, numeric/foreign fragment or name-like rendering rather than a verified general-vocabulary sense. Exclude this specific relationship; this is not a rule rejecting every abbreviation-source match.","","false","AI-assisted linguistic review","[]","1350","0","review","uncertain","ثالثا","ثالثا","ثالثا","true",""
"h1354:t0","MAX","ماكس","[""abbreviation""]","review","uncertain","low","unresolved-sense","English has possible lexical/technical/name senses; the supplied Arabic does not establish which was intended. Do not exclude the headword solely from its abbreviation-source match.","","false","AI-assisted linguistic review","[]","1354","0","review","uncertain","ماكس","ماكس","ماكس","false",""
"h1434:t0","ADS","الاعلانات","[""abbreviation""]","approved","msa","high","orthography","Restore the missing hamza in this established MSA word; the intended lexical meaning is clear.","الإعلانات","true","AI-assisted linguistic review","[]","1434","0","review","uncertain","الإعلانات","الاعلانات","الإعلانات","true",""
"h1434:t1","ADS","اعلانات","[""abbreviation""]","approved","msa","high","orthography","Restore the missing hamza in this established MSA word; the intended lexical meaning is clear.","إعلانات","true","AI-assisted linguistic review","[]","1434","1","review","uncertain","إعلانات","اعلانات","إعلانات","true",""
"h1435:t0","MARY","مريم","[""proper-name""]","rejected","uncertain","high","personal-or-geographic-name","This relationship renders an identified personal name, surname, month abbreviation/name or geographic proper noun, outside the standard general-vocabulary pool. No spelling rewrite is needed for exclusion.","","false","AI-assisted linguistic review","[]","1435","0","review","uncertain","مريم","مريم","مريم","true",""
"h1435:t1","MARY","ماري","[""proper-name""]","rejected","uncertain","high","personal-or-geographic-name","This relationship renders an identified personal name, surname, month abbreviation/name or geographic proper noun, outside the standard general-vocabulary pool. No spelling rewrite is needed for exclusion.","","false","AI-assisted linguistic review","[]","1435","1","review","uncertain","ماري","ماري","ماري","true",""
"h1435:t2","MARY","مارى","[""proper-name""]","rejected","uncertain","high","personal-or-geographic-name","This relationship renders an identified personal name, surname, month abbreviation/name or geographic proper noun, outside the standard general-vocabulary pool. No spelling rewrite is needed for exclusion.","","false","AI-assisted linguistic review","[]","1435","2","review","uncertain","مارى","مارى","مارى","true",""
"h1472:t0","MM","ممم (تأمل)","[""abbreviation"",""editorial-note""]","review","uncertain","medium","unresolved-sense","The note identifies context/register, but deleting it alone does not verify the English sense or Arabic equivalence.","","false","AI-assisted linguistic review","[]","1472","0","review","uncertain","ممم (تأمل)","مممتأمل","مممتأمل","false",""
"h1519:t0","ETC","الخ","[""abbreviation""]","rejected","uncertain","high","abbreviation-initialism","The supplied relationship is an abbreviation, initialism, numeric/foreign fragment or name-like rendering rather than a verified general-vocabulary sense. Exclude this specific relationship; this is not a rule rejecting every abbreviation-source match.","","false","AI-assisted linguistic review","[]","1519","0","review","uncertain","الخ","الخ","الخ","true",""
"h1552:t0","LAS","لاس","[""abbreviation""]","review","uncertain","medium","unresolved-sense","The English spelling admits abbreviation/name/lexical readings; this Arabic relationship needs a verified sense before approval.","","false","AI-assisted linguistic review","[]","1552","0","review","uncertain","لاس","لاس","لاس","false",""
"h1557:t0","APPLE","ابل","[""brand-name""]","rejected","uncertain","high","brand-product","This relationship is the brand rendering, unlike the ordinary noun translations under the same headword.","","false","AI-assisted linguistic review","[]","1557","0","review","uncertain","ابل","ابل","ابل","true",""
"h1557:t1","APPLE","التفاحة","[""brand-name""]","approved","msa","high","lexical-not-brand","The Arabic expresses the ordinary window/fruit sense, not the brand. The heuristic brand flag is a false positive for this relationship.","","false","AI-assisted linguistic review","[]","1557","1","review","uncertain","التفاحة","التفاحة","التفاحة","true",""
"h1557:t2","APPLE","تفاحة","[""brand-name""]","approved","msa","high","lexical-not-brand","The Arabic expresses the ordinary window/fruit sense, not the brand. The heuristic brand flag is a false positive for this relationship.","","false","AI-assisted linguistic review","[]","1557","2","review","uncertain","تفاحة","تفاحة","تفاحة","true",""
"h1557:t3","APPLE","تفاح","[""brand-name""]","approved","msa","high","lexical-not-brand","The Arabic expresses the ordinary window/fruit sense, not the brand. The heuristic brand flag is a false positive for this relationship.","","false","AI-assisted linguistic review","[]","1557","3","review","uncertain","تفاح","تفاح","تفاح","true",""
"h1560:t0","MIN","مين","[""abbreviation""]","rejected","uncertain","high","abbreviation-initialism","The supplied relationship is an abbreviation, initialism, numeric/foreign fragment or name-like rendering rather than a verified general-vocabulary sense. Exclude this specific relationship; this is not a rule rejecting every abbreviation-source match.","","false","AI-assisted linguistic review","[]","1560","0","review","uncertain","مين","مين","مين","true",""
"h1565:t0","AID","المعونات","[""abbreviation""]","approved","msa","high","verified-lexical-sense","The supplied Arabic is a valid MSA rendering of the ordinary lexical sense of AID; an abbreviation-source match is not grounds for exclusion.","","false","AI-assisted linguistic review","[]","1565","0","review","uncertain","المعونات","المعونات","المعونات","true",""
"h1565:t1","AID","معونة","[""abbreviation""]","approved","msa","high","verified-lexical-sense","The supplied Arabic is a valid MSA rendering of the ordinary lexical sense of AID; an abbreviation-source match is not grounds for exclusion.","","false","AI-assisted linguistic review","[]","1565","1","review","uncertain","معونة","معونة","معونة","true",""
"h1565:t2","AID","المعونة","[""abbreviation""]","approved","msa","high","verified-lexical-sense","The supplied Arabic is a valid MSA rendering of the ordinary lexical sense of AID; an abbreviation-source match is not grounds for exclusion.","","false","AI-assisted linguistic review","[]","1565","2","review","uncertain","المعونة","المعونة","المعونة","true",""
"h1565:t3","AID","المساعدات","[""abbreviation""]","approved","msa","high","verified-lexical-sense","The supplied Arabic is a valid MSA rendering of the ordinary lexical sense of AID; an abbreviation-source match is not grounds for exclusion.","","false","AI-assisted linguistic review","[]","1565","3","review","uncertain","المساعدات","المساعدات","المساعدات","true",""
"h1594:t0","PARIS","باريس","[""place-name""]","rejected","uncertain","high","personal-or-geographic-name","This relationship renders an identified personal name, surname, month abbreviation/name or geographic proper noun, outside the standard general-vocabulary pool. No spelling rewrite is needed for exclusion.","","false","AI-assisted linguistic review","[]","1594","0","review","uncertain","باريس","باريس","باريس","true",""
"h1605:t0","SAW","راى","[""abbreviation""]","approved","msa","high","orthography","Restore the missing hamza in this established MSA word; the intended lexical meaning is clear.","رأى","true","AI-assisted linguistic review","[]","1605","0","review","uncertain","رأى","راى","رأى","true",""
"h1605:t1","SAW","شاف","[""abbreviation""]","rejected","dialect","high","dialect","شاف / شفت express seeing in colloquial Arabic in this SAW sense, not MSA. Exclude without replacing the translation.","","false","AI-assisted linguistic review","[""https://en.wiktionary.org/wiki/شاف""]","1605","1","review","uncertain","شاف","شاف","شاف","true",""
"h1605:t2","SAW","رايت","[""abbreviation""]","review","msa","medium","register-or-sense-review","The proposed spelling/base may be MSA, but the English register, grammatical person or intended sense needs confirmation. No text change applied.","رأيت","false","AI-assisted linguistic review","[]","1605","2","review","uncertain","رايت","رايت","رايت","true",""
"h1605:t3","SAW","شفت","[""abbreviation""]","rejected","dialect","high","dialect","شاف / شفت express seeing in colloquial Arabic in this SAW sense, not MSA. Exclude without replacing the translation.","","false","AI-assisted linguistic review","[""https://en.wiktionary.org/wiki/شاف""]","1605","3","review","uncertain","شفت","شفت","شفت","true",""
"h1627:t0","GEORGIA","جورجيا","[""place-name""]","rejected","uncertain","high","geographic-name","The supplied Arabic denotes a geographic proper name, not a general lexical sense; exclude this relationship without rewriting it.","","false","AI-assisted linguistic review","[]","1627","0","review","uncertain","جورجيا","جورجيا","جورجيا","true",""
"h1631:t0","TOM","توم","[""abbreviation"",""proper-name""]","rejected","uncertain","high","personal-name","This particular Arabic is the personal-name rendering. Other lexical senses of the English spelling are not being rejected.","","false","AI-assisted linguistic review","[]","1631","0","review","uncertain","توم","توم","توم","true",""
"h1641:t0","SUB","غواصة","[""abbreviation""]","approved","msa","high","verified-lexical-sense","The supplied Arabic is a valid MSA rendering of the ordinary lexical sense of SUB; an abbreviation-source match is not grounds for exclusion.","","false","AI-assisted linguistic review","[]","1641","0","review","uncertain","غواصة","غواصة","غواصة","true",""
"h1641:t1","SUB","الغواصة","[""abbreviation""]","approved","msa","high","verified-lexical-sense","The supplied Arabic is a valid MSA rendering of the ordinary lexical sense of SUB; an abbreviation-source match is not grounds for exclusion.","","false","AI-assisted linguistic review","[]","1641","1","review","uncertain","الغواصة","الغواصة","الغواصة","true",""
"h1641:t2","SUB","فرعي","[""abbreviation""]","approved","msa","high","verified-lexical-sense","The supplied Arabic is a valid MSA rendering of the ordinary lexical sense of SUB; an abbreviation-source match is not grounds for exclusion.","","false","AI-assisted linguistic review","[]","1641","2","review","uncertain","فرعي","فرعي","فرعي","true",""
"h1641:t3","SUB","الباطن","[""abbreviation""]","review","uncertain","medium","unresolved-sense","The English spelling admits abbreviation/name/lexical readings; this Arabic relationship needs a verified sense before approval.","","false","AI-assisted linguistic review","[]","1641","3","review","uncertain","الباطن","الباطن","الباطن","false",""
"h1726:t0","DEV","ديف","[""abbreviation""]","review","uncertain","low","unresolved-sense","English has possible lexical/technical/name senses; the supplied Arabic does not establish which was intended. Do not exclude the headword solely from its abbreviation-source match.","","false","AI-assisted linguistic review","[]","1726","0","review","uncertain","ديف","ديف","ديف","false",""
"h1727:t0","CUP","كوب","[""abbreviation""]","approved","msa","high","verified-lexical-sense","The supplied Arabic is a valid MSA rendering of the ordinary lexical sense of CUP; an abbreviation-source match is not grounds for exclusion.","","false","AI-assisted linguistic review","[]","1727","0","review","uncertain","كوب","كوب","كوب","true",""
"h1727:t1","CUP","فنجان","[""abbreviation""]","approved","msa","high","verified-lexical-sense","The supplied Arabic is a valid MSA rendering of the ordinary lexical sense of CUP; an abbreviation-source match is not grounds for exclusion.","","false","AI-assisted linguistic review","[]","1727","1","review","uncertain","فنجان","فنجان","فنجان","true",""
"h1727:t2","CUP","كاس","[""abbreviation""]","approved","msa","high","orthography","Restore the missing hamza in this established MSA word; the intended lexical meaning is clear.","كأس","true","AI-assisted linguistic review","[]","1727","2","review","uncertain","كأس","كاس","كأس","true",""
"h1727:t3","CUP","الكاس","[""abbreviation""]","approved","msa","high","orthography","Restore the missing hamza in this established MSA word; the intended lexical meaning is clear.","الكأس","true","AI-assisted linguistic review","[]","1727","3","review","uncertain","الكأس","الكاس","الكأس","true",""
"h1727:t4","CUP","الكوب","[""abbreviation""]","approved","msa","high","verified-lexical-sense","The supplied Arabic is a valid MSA rendering of the ordinary lexical sense of CUP; an abbreviation-source match is not grounds for exclusion.","","false","AI-assisted linguistic review","[]","1727","4","review","uncertain","الكوب","الكوب","الكوب","true",""
"h1745:t0","LEE","ليي","[""abbreviation"",""proper-name""]","review","uncertain","medium","unresolved-sense","LEE has a sheltered-side sense; this spelling looks like a name but needs sense verification.","","false","AI-assisted linguistic review","[]","1745","0","review","uncertain","ليي","ليي","ليي","false",""
"h1745:t1","LEE","لي","[""abbreviation"",""proper-name""]","review","uncertain","medium","unresolved-sense","لي may be a name rendering or a separate Arabic prepositional form; it does not establish LEE’s lexical sense.","","false","AI-assisted linguistic review","[]","1745","1","review","uncertain","لي","لي","لي","false",""
"h1745:t2","LEE","لى","[""abbreviation"",""proper-name""]","review","uncertain","medium","unresolved-sense","لى is ambiguous/orthographically suspect; no confident lexical correction.","","false","AI-assisted linguistic review","[]","1745","2","review","uncertain","لى","لى","لى","false",""
"h1746:t0","OS","عظم","[""abbreviation""]","review","uncertain","medium","unresolved-sense","The English spelling admits abbreviation/name/lexical readings; this Arabic relationship needs a verified sense before approval.","","false","AI-assisted linguistic review","[]","1746","0","review","uncertain","عظم","عظم","عظم","false",""
"h1824:t0","BOB","بوب","[""abbreviation""]","review","uncertain","medium","unresolved-sense","The English spelling admits abbreviation/name/lexical readings; this Arabic relationship needs a verified sense before approval.","","false","AI-assisted linguistic review","[]","1824","0","review","uncertain","بوب","بوب","بوب","false",""
"h1824:t1","BOB","ارتداد","[""abbreviation""]","review","uncertain","medium","unresolved-sense","The English spelling admits abbreviation/name/lexical readings; this Arabic relationship needs a verified sense before approval.","","false","AI-assisted linguistic review","[]","1824","1","review","uncertain","ارتداد","ارتداد","ارتداد","false",""
"h1837:t0","EX","سابق","[""abbreviation""]","approved","msa","high","verified-lexical-sense","The supplied Arabic is a valid MSA rendering of the ordinary lexical sense of EX; an abbreviation-source match is not grounds for exclusion.","","false","AI-assisted linguistic review","[]","1837","0","review","uncertain","سابق","سابق","سابق","true",""
"h1845:t1","CUM","مع (لاتيني)","[""editorial-note""]","review","uncertain","medium","unresolved-sense","The note identifies context/register, but deleting it alone does not verify the English sense or Arabic equivalence.","","false","AI-assisted linguistic review","[]","1845","1","review","uncertain","مع (لاتيني)","معلاتيني","معلاتيني","false",""
"h1877:t0","BUS","حافلة","[""abbreviation""]","approved","msa","high","verified-lexical-sense","The supplied Arabic is a valid MSA rendering of the ordinary lexical sense of BUS; an abbreviation-source match is not grounds for exclusion.","","false","AI-assisted linguistic review","[]","1877","0","review","uncertain","حافلة","حافلة","حافلة","true",""
"h1877:t1","BUS","الباص","[""abbreviation""]","approved","msa","high","verified-lexical-sense","The supplied Arabic is a valid MSA rendering of the ordinary lexical sense of BUS; an abbreviation-source match is not grounds for exclusion.","","false","AI-assisted linguistic review","[]","1877","1","review","uncertain","الباص","الباص","الباص","true",""
"h1877:t2","BUS","باص","[""abbreviation""]","approved","msa","high","verified-lexical-sense","The supplied Arabic is a valid MSA rendering of the ordinary lexical sense of BUS; an abbreviation-source match is not grounds for exclusion.","","false","AI-assisted linguistic review","[]","1877","2","review","uncertain","باص","باص","باص","true",""
"h1877:t3","BUS","الحافلة","[""abbreviation""]","approved","msa","high","verified-lexical-sense","The supplied Arabic is a valid MSA rendering of the ordinary lexical sense of BUS; an abbreviation-source match is not grounds for exclusion.","","false","AI-assisted linguistic review","[]","1877","3","review","uncertain","الحافلة","الحافلة","الحافلة","true",""
"h1929:t0","NOR","ولا","[""abbreviation""]","approved","msa","high","verified-lexical-sense","The supplied Arabic is a valid MSA rendering of the ordinary lexical sense of NOR; an abbreviation-source match is not grounds for exclusion.","","false","AI-assisted linguistic review","[]","1929","0","review","uncertain","ولا","ولا","ولا","true",""
"h1933:t0","BUG","باغ","[""abbreviation""]","review","uncertain","medium","unresolved-sense","The English spelling admits abbreviation/name/lexical readings; this Arabic relationship needs a verified sense before approval.","","false","AI-assisted linguistic review","[]","1933","0","review","uncertain","باغ","باغ","باغ","false",""
"h1933:t1","BUG","باج","[""abbreviation""]","review","uncertain","medium","unresolved-sense","The English spelling admits abbreviation/name/lexical readings; this Arabic relationship needs a verified sense before approval.","","false","AI-assisted linguistic review","[]","1933","1","review","uncertain","باج","باج","باج","false",""
"h1933:t2","BUG","علة","[""abbreviation""]","approved","msa","high","verified-lexical-sense","The supplied Arabic is a valid MSA rendering of the ordinary lexical sense of BUG; an abbreviation-source match is not grounds for exclusion.","","false","AI-assisted linguistic review","[]","1933","2","review","uncertain","علة","علة","علة","true",""
"h1933:t3","BUG","حشرة","[""abbreviation""]","approved","msa","high","verified-lexical-sense","The supplied Arabic is a valid MSA rendering of the ordinary lexical sense of BUG; an abbreviation-source match is not grounds for exclusion.","","false","AI-assisted linguistic review","[]","1933","3","review","uncertain","حشرة","حشرة","حشرة","true",""
"h1935:t0","MID","منتصف","[""abbreviation""]","approved","msa","high","verified-lexical-sense","The supplied Arabic is a valid MSA rendering of the ordinary lexical sense of MID; an abbreviation-source match is not grounds for exclusion.","","false","AI-assisted linguistic review","[]","1935","0","review","uncertain","منتصف","منتصف","منتصف","true",""
"h1969:t0","JIM","جيم","[""abbreviation"",""proper-name""]","rejected","uncertain","high","personal-or-geographic-name","This relationship renders an identified personal name, surname, month abbreviation/name or geographic proper noun, outside the standard general-vocabulary pool. No spelling rewrite is needed for exclusion.","","false","AI-assisted linguistic review","[]","1969","0","review","uncertain","جيم","جيم","جيم","true",""
"h1996:t0","SAMSUNG","سامسونج","[""brand-name""]","rejected","uncertain","high","brand-product","The Arabic is a company/product-name rendering; exclude from the standard vocabulary pool.","","false","AI-assisted linguistic review","[]","1996","0","review","uncertain","سامسونج","سامسونج","سامسونج","true",""
"h2004:t0","DEL","دل","[""abbreviation""]","rejected","uncertain","high","abbreviation-initialism","The supplied relationship is an abbreviation, initialism, numeric/foreign fragment or name-like rendering rather than a verified general-vocabulary sense. Exclude this specific relationship; this is not a rule rejecting every abbreviation-source match.","","false","AI-assisted linguistic review","[]","2004","0","review","uncertain","دل","دل","دل","true",""
"h2004:t1","DEL","حذف","[""abbreviation""]","rejected","uncertain","high","abbreviation-initialism","The supplied relationship is an abbreviation, initialism, numeric/foreign fragment or name-like rendering rather than a verified general-vocabulary sense. Exclude this specific relationship; this is not a rule rejecting every abbreviation-source match.","","false","AI-assisted linguistic review","[]","2004","1","review","uncertain","حذف","حذف","حذف","true",""
"h2032:t0","JOE","جو","[""abbreviation"",""proper-name""]","rejected","uncertain","high","personal-or-geographic-name","This relationship renders an identified personal name, surname, month abbreviation/name or geographic proper noun, outside the standard general-vocabulary pool. No spelling rewrite is needed for exclusion.","","false","AI-assisted linguistic review","[]","2032","0","review","uncertain","جو","جو","جو","true",""
"h2044:t0","CDS","اسطوانات","[""abbreviation""]","rejected","uncertain","high","abbreviation-initialism","The supplied relationship is an abbreviation, initialism, numeric/foreign fragment or name-like rendering rather than a verified general-vocabulary sense. Exclude this specific relationship; this is not a rule rejecting every abbreviation-source match.","","false","AI-assisted linguistic review","[]","2044","0","review","uncertain","اسطوانات","اسطوانات","اسطوانات","true",""
"h2144:t0","LAB","المختبر","[""abbreviation""]","approved","msa","high","verified-lexical-sense","The supplied Arabic is a valid MSA rendering of the ordinary lexical sense of LAB; an abbreviation-source match is not grounds for exclusion.","","false","AI-assisted linguistic review","[]","2144","0","review","uncertain","المختبر","المختبر","المختبر","true",""
"h2144:t1","LAB","مختبر","[""abbreviation""]","approved","msa","high","verified-lexical-sense","The supplied Arabic is a valid MSA rendering of the ordinary lexical sense of LAB; an abbreviation-source match is not grounds for exclusion.","","false","AI-assisted linguistic review","[]","2144","1","review","uncertain","مختبر","مختبر","مختبر","true",""
"h2144:t2","LAB","المعمل","[""abbreviation""]","approved","msa","high","verified-lexical-sense","The supplied Arabic is a valid MSA rendering of the ordinary lexical sense of LAB; an abbreviation-source match is not grounds for exclusion.","","false","AI-assisted linguistic review","[]","2144","2","review","uncertain","المعمل","المعمل","المعمل","true",""
"h2144:t3","LAB","معمل","[""abbreviation""]","approved","msa","high","verified-lexical-sense","The supplied Arabic is a valid MSA rendering of the ordinary lexical sense of LAB; an abbreviation-source match is not grounds for exclusion.","","false","AI-assisted linguistic review","[]","2144","3","review","uncertain","معمل","معمل","معمل","true",""
"h2161:t0","DES","ديز","[""abbreviation""]","review","uncertain","medium","unresolved-sense","The English spelling admits abbreviation/name/lexical readings; this Arabic relationship needs a verified sense before approval.","","false","AI-assisted linguistic review","[]","2161","0","review","uncertain","ديز","ديز","ديز","false",""
"h2192:t0","AVE","تحية","[""abbreviation""]","review","msa","medium","lexical-sense-needs-confirmation","This English spelling has a possible established lexical or clipped-word sense, so abbreviation membership alone does not justify rejection. Verify the specific sense before approval.","","false","AI-assisted linguistic review","[]","2192","0","review","uncertain","تحية","تحية","تحية","true",""
"h2281:t0","EM","الحرف ""م""","[""abbreviation""]","review","uncertain","medium","unresolved-sense","The English spelling admits abbreviation/name/lexical readings; this Arabic relationship needs a verified sense before approval.","","false","AI-assisted linguistic review","[]","2281","0","review","uncertain","الحرف ""م""","الحرفم","الحرفم","false",""
"h2368:t0","SPA","منتجع","[""abbreviation""]","approved","msa","high","verified-lexical-sense","The supplied Arabic is a valid MSA rendering of the ordinary lexical sense of SPA; an abbreviation-source match is not grounds for exclusion.","","false","AI-assisted linguistic review","[]","2368","0","review","uncertain","منتجع","منتجع","منتجع","true",""
"h2368:t1","SPA","سبا","[""abbreviation""]","review","uncertain","medium","unresolved-sense","The English spelling admits abbreviation/name/lexical readings; this Arabic relationship needs a verified sense before approval.","","false","AI-assisted linguistic review","[]","2368","1","review","uncertain","سبا","سبا","سبا","false",""
"h2387:t0","CON","يخدع","[""abbreviation""]","approved","msa","high","verified-lexical-sense","The supplied Arabic is a valid MSA rendering of the ordinary lexical sense of CON; an abbreviation-source match is not grounds for exclusion.","","false","AI-assisted linguistic review","[]","2387","0","review","uncertain","يخدع","يخدع","يخدع","true",""
"h2387:t1","CON","ضد/احتيال","[""abbreviation""]","review","uncertain","medium","unresolved-sense","The English spelling admits abbreviation/name/lexical readings; this Arabic relationship needs a verified sense before approval.","","false","AI-assisted linguistic review","[]","2387","1","review","uncertain","ضد/احتيال","ضداحتيال","ضداحتيال","false",""
"h2507:t0","DOC","طبيب","[""abbreviation""]","review","uncertain","medium","unresolved-sense","The English spelling admits abbreviation/name/lexical readings; this Arabic relationship needs a verified sense before approval.","","false","AI-assisted linguistic review","[]","2507","0","review","uncertain","طبيب","طبيب","طبيب","false",""
"h2526:t0","MOM","امي","[""abbreviation""]","review","uncertain","medium","unresolved-sense","The English spelling admits abbreviation/name/lexical readings; this Arabic relationship needs a verified sense before approval.","","false","AI-assisted linguistic review","[]","2526","0","review","uncertain","امي","امي","امي","false",""
"h2538:t0","ROW","صف","[""abbreviation""]","approved","msa","high","verified-lexical-sense","The supplied Arabic is a valid MSA rendering of the ordinary lexical sense of ROW; an abbreviation-source match is not grounds for exclusion.","","false","AI-assisted linguistic review","[]","2538","0","review","uncertain","صف","صف","صف","true",""
"h2604:t0","LES","لس","[""abbreviation""]","review","uncertain","medium","unresolved-sense","The English spelling admits abbreviation/name/lexical readings; this Arabic relationship needs a verified sense before approval.","","false","AI-assisted linguistic review","[]","2604","0","review","uncertain","لس","لس","لس","false",""
"h2606:t0","ANN","ان","[""abbreviation"",""proper-name""]","rejected","uncertain","high","personal-or-geographic-name","This relationship renders an identified personal name, surname, month abbreviation/name or geographic proper noun, outside the standard general-vocabulary pool. No spelling rewrite is needed for exclusion.","","false","AI-assisted linguistic review","[]","2606","0","review","uncertain","ان","ان","ان","true",""
"h2637:t0","DAN","دان","[""abbreviation"",""proper-name""]","rejected","uncertain","high","personal-name","This particular Arabic is the personal-name rendering. Other lexical senses of the English spelling are not being rejected.","","false","AI-assisted linguistic review","[]","2637","0","review","uncertain","دان","دان","دان","true",""
"h2637:t1","DAN","درجة (يابانية)","[""abbreviation"",""proper-name"",""editorial-note""]","review","uncertain","medium","unresolved-sense","The note identifies context/register, but deleting it alone does not verify the English sense or Arabic equivalence.","","false","AI-assisted linguistic review","[]","2637","1","review","uncertain","درجة (يابانية)","درجةيابانية","درجةيابانية","false",""
"h2802:t0","TIM","تيم","[""abbreviation"",""proper-name""]","rejected","uncertain","high","personal-or-geographic-name","This relationship renders an identified personal name, surname, month abbreviation/name or geographic proper noun, outside the standard general-vocabulary pool. No spelling rewrite is needed for exclusion.","","false","AI-assisted linguistic review","[]","2802","0","review","uncertain","تيم","تيم","تيم","true",""
"h2842:t0","OP","عمل","[""abbreviation""]","rejected","uncertain","high","abbreviation-initialism","The supplied relationship is an abbreviation, initialism, numeric/foreign fragment or name-like rendering rather than a verified general-vocabulary sense. Exclude this specific relationship; this is not a rule rejecting every abbreviation-source match.","","false","AI-assisted linguistic review","[]","2842","0","review","uncertain","عمل","عمل","عمل","true",""
"h2853:t0","CAP","كاب","[""abbreviation""]","review","uncertain","medium","unresolved-sense","The English spelling admits abbreviation/name/lexical readings; this Arabic relationship needs a verified sense before approval.","","false","AI-assisted linguistic review","[]","2853","0","review","uncertain","كاب","كاب","كاب","false",""
"h2853:t1","CAP","قبعة","[""abbreviation""]","approved","msa","high","verified-lexical-sense","The supplied Arabic is a valid MSA rendering of the ordinary lexical sense of CAP; an abbreviation-source match is not grounds for exclusion.","","false","AI-assisted linguistic review","[]","2853","1","review","uncertain","قبعة","قبعة","قبعة","true",""
"h2888:t0","ELIZABETH","اليزابيث","[""proper-name""]","rejected","uncertain","high","personal-or-geographic-name","This relationship renders an identified personal name, surname, month abbreviation/name or geographic proper noun, outside the standard general-vocabulary pool. No spelling rewrite is needed for exclusion.","","false","AI-assisted linguistic review","[]","2888","0","review","uncertain","اليزابيث","اليزابيث","اليزابيث","true",""
"h2906:t0","GNU","جنو","[""abbreviation""]","review","uncertain","medium","unresolved-sense","The English spelling admits abbreviation/name/lexical readings; this Arabic relationship needs a verified sense before approval.","","false","AI-assisted linguistic review","[]","2906","0","review","uncertain","جنو","جنو","جنو","false",""
"h2913:t0","BEN","بين","[""abbreviation"",""proper-name""]","rejected","uncertain","high","personal-or-geographic-name","This relationship renders an identified personal name, surname, month abbreviation/name or geographic proper noun, outside the standard general-vocabulary pool. No spelling rewrite is needed for exclusion.","","false","AI-assisted linguistic review","[]","2913","0","review","uncertain","بين","بين","بين","true",""
"h2913:t1","BEN","بن","[""abbreviation"",""proper-name""]","rejected","uncertain","high","personal-or-geographic-name","This relationship renders an identified personal name, surname, month abbreviation/name or geographic proper noun, outside the standard general-vocabulary pool. No spelling rewrite is needed for exclusion.","","false","AI-assisted linguistic review","[]","2913","1","review","uncertain","بن","بن","بن","true",""
"h2951:t0","JORDAN","الاردن","[""place-name""]","rejected","uncertain","high","geographic-name","The supplied Arabic denotes a geographic proper name, not a general lexical sense; exclude this relationship without rewriting it.","","false","AI-assisted linguistic review","[]","2951","0","review","uncertain","الاردن","الاردن","الاردن","true",""
"h2951:t1","JORDAN","جوردان","[""place-name""]","rejected","uncertain","high","geographic-name","The supplied Arabic denotes a geographic proper name, not a general lexical sense; exclude this relationship without rewriting it.","","false","AI-assisted linguistic review","[]","2951","1","review","uncertain","جوردان","جوردان","جوردان","true",""
"h2972:t0","LIB","ليب","[""abbreviation""]","review","uncertain","medium","unresolved-sense","The English spelling admits abbreviation/name/lexical readings; this Arabic relationship needs a verified sense before approval.","","false","AI-assisted linguistic review","[]","2972","0","review","uncertain","ليب","ليب","ليب","false",""
"h2984:t0","DER","دير","[""abbreviation""]","review","uncertain","medium","unresolved-sense","The English spelling admits abbreviation/name/lexical readings; this Arabic relationship needs a verified sense before approval.","","false","AI-assisted linguistic review","[]","2984","0","review","uncertain","دير","دير","دير","false",""
"h3012:t0","CAM","كام","[""abbreviation""]","review","uncertain","medium","unresolved-sense","The English spelling admits abbreviation/name/lexical readings; this Arabic relationship needs a verified sense before approval.","","false","AI-assisted linguistic review","[]","3012","0","review","uncertain","كام","كام","كام","false",""
"h3012:t1","CAM","كاميرا (اختصار)","[""abbreviation"",""editorial-note""]","review","msa","medium","register-or-sense-review","The proposed spelling/base may be MSA, but the English register, grammatical person or intended sense needs confirmation. No text change applied.","كاميرا","false","AI-assisted linguistic review","[]","3012","1","review","uncertain","كاميرا (اختصار)","كاميرااختصار","كاميرااختصار","true",""
"h3029:t0","RAM","رام","[""abbreviation""]","review","uncertain","medium","unresolved-sense","The English spelling admits abbreviation/name/lexical readings; this Arabic relationship needs a verified sense before approval.","","false","AI-assisted linguistic review","[]","3029","0","review","uncertain","رام","رام","رام","false",""
"h3029:t1","RAM","كبش","[""abbreviation""]","approved","msa","high","verified-lexical-sense","The supplied Arabic is a valid MSA rendering of the ordinary lexical sense of RAM; an abbreviation-source match is not grounds for exclusion.","","false","AI-assisted linguistic review","[]","3029","1","review","uncertain","كبش","كبش","كبش","true",""
"h3051:t1","COSTA","كوستا(أ)","[""editorial-note""]","review","uncertain","medium","unresolved-sense","The note identifies context/register, but deleting it alone does not verify the English sense or Arabic equivalence.","","false","AI-assisted linguistic review","[]","3051","1","review","uncertain","كوستا(أ)","كوستاأ","كوستاأ","false",""
"h3084:t0","PUB","الحانة","[""abbreviation""]","approved","msa","high","verified-lexical-sense","The supplied Arabic is a valid MSA rendering of the ordinary lexical sense of PUB; an abbreviation-source match is not grounds for exclusion.","","false","AI-assisted linguistic review","[]","3084","0","review","uncertain","الحانة","الحانة","الحانة","true",""
"h3084:t1","PUB","حانة","[""abbreviation""]","approved","msa","high","verified-lexical-sense","The supplied Arabic is a valid MSA rendering of the ordinary lexical sense of PUB; an abbreviation-source match is not grounds for exclusion.","","false","AI-assisted linguistic review","[]","3084","1","review","uncertain","حانة","حانة","حانة","true",""
"h3196:t0","SAM","سام","[""abbreviation"",""proper-name""]","rejected","uncertain","high","personal-or-geographic-name","This relationship renders an identified personal name, surname, month abbreviation/name or geographic proper noun, outside the standard general-vocabulary pool. No spelling rewrite is needed for exclusion.","","false","AI-assisted linguistic review","[]","3196","0","review","uncertain","سام","سام","سام","true",""
"h3237:t0","REF","المرجع","[""abbreviation""]","review","msa","medium","lexical-sense-needs-confirmation","This English spelling has a possible established lexical or clipped-word sense, so abbreviation membership alone does not justify rejection. Verify the specific sense before approval.","","false","AI-assisted linguistic review","[]","3237","0","review","uncertain","المرجع","المرجع","المرجع","true",""
"h3295:t0","HA","هاها (ضحك)","[""abbreviation"",""editorial-note""]","review","uncertain","medium","unresolved-sense","The note identifies context/register, but deleting it alone does not verify the English sense or Arabic equivalence.","","false","AI-assisted linguistic review","[]","3295","0","review","uncertain","هاها (ضحك)","هاهاضحك","هاهاضحك","false",""
"h3315:t0","JENNIFER","جنيفر","[""proper-name""]","rejected","uncertain","high","personal-or-geographic-name","This relationship renders an identified personal name, surname, month abbreviation/name or geographic proper noun, outside the standard general-vocabulary pool. No spelling rewrite is needed for exclusion.","","false","AI-assisted linguistic review","[]","3315","0","review","uncertain","جنيفر","جنيفر","جنيفر","true",""
"h3315:t1","JENNIFER","جينيفر","[""proper-name""]","rejected","uncertain","high","personal-or-geographic-name","This relationship renders an identified personal name, surname, month abbreviation/name or geographic proper noun, outside the standard general-vocabulary pool. No spelling rewrite is needed for exclusion.","","false","AI-assisted linguistic review","[]","3315","1","review","uncertain","جينيفر","جينيفر","جينيفر","true",""
"h3324:t0","SARAH","ساره","[""proper-name""]","rejected","uncertain","high","personal-or-geographic-name","This relationship renders an identified personal name, surname, month abbreviation/name or geographic proper noun, outside the standard general-vocabulary pool. No spelling rewrite is needed for exclusion.","","false","AI-assisted linguistic review","[]","3324","0","review","uncertain","ساره","ساره","ساره","true",""
"h3324:t1","SARAH","سارة","[""proper-name""]","rejected","uncertain","high","personal-or-geographic-name","This relationship renders an identified personal name, surname, month abbreviation/name or geographic proper noun, outside the standard general-vocabulary pool. No spelling rewrite is needed for exclusion.","","false","AI-assisted linguistic review","[]","3324","1","review","uncertain","سارة","سارة","سارة","true",""
"h3324:t2","SARAH","سارا","[""proper-name""]","rejected","uncertain","high","personal-or-geographic-name","This relationship renders an identified personal name, surname, month abbreviation/name or geographic proper noun, outside the standard general-vocabulary pool. No spelling rewrite is needed for exclusion.","","false","AI-assisted linguistic review","[]","3324","2","review","uncertain","سارا","سارا","سارا","true",""
"h3389:t0","ISO","ايزو","[""abbreviation""]","rejected","uncertain","high","abbreviation-initialism","The supplied relationship is an abbreviation, initialism, numeric/foreign fragment or name-like rendering rather than a verified general-vocabulary sense. Exclude this specific relationship; this is not a rule rejecting every abbreviation-source match.","","false","AI-assisted linguistic review","[]","3389","0","review","uncertain","ايزو","ايزو","ايزو","true",""
"h3397:t0","SUM","المبلغ","[""abbreviation""]","approved","msa","high","verified-lexical-sense","The supplied Arabic is a valid MSA rendering of the ordinary lexical sense of SUM; an abbreviation-source match is not grounds for exclusion.","","false","AI-assisted linguistic review","[]","3397","0","review","uncertain","المبلغ","المبلغ","المبلغ","true",""
"h3397:t1","SUM","مبلغ","[""abbreviation""]","approved","msa","high","verified-lexical-sense","The supplied Arabic is a valid MSA rendering of the ordinary lexical sense of SUM; an abbreviation-source match is not grounds for exclusion.","","false","AI-assisted linguistic review","[]","3397","1","review","uncertain","مبلغ","مبلغ","مبلغ","true",""
"h3433:t0","PS","ملاحظة إضافية","[""abbreviation""]","rejected","uncertain","high","abbreviation-initialism","The supplied relationship is an abbreviation, initialism, numeric/foreign fragment or name-like rendering rather than a verified general-vocabulary sense. Exclude this specific relationship; this is not a rule rejecting every abbreviation-source match.","","false","AI-assisted linguistic review","[]","3433","0","review","uncertain","ملاحظة إضافية","ملاحظةإضافية","ملاحظةإضافية","true",""
"h3447:t0","KIM","كيم","[""abbreviation"",""proper-name""]","rejected","uncertain","high","personal-or-geographic-name","This relationship renders an identified personal name, surname, month abbreviation/name or geographic proper noun, outside the standard general-vocabulary pool. No spelling rewrite is needed for exclusion.","","false","AI-assisted linguistic review","[]","3447","0","review","uncertain","كيم","كيم","كيم","true",""
"h3487:t0","EGYPT","مصر","[""place-name""]","rejected","uncertain","high","geographic-name","The supplied Arabic denotes a geographic proper name, not a general lexical sense; exclude this relationship without rewriting it.","","false","AI-assisted linguistic review","[]","3487","0","review","uncertain","مصر","مصر","مصر","true",""
"h3487:t1","EGYPT","مصرية","[""place-name""]","rejected","uncertain","high","geographic-name","The supplied Arabic denotes a geographic proper name, not a general lexical sense; exclude this relationship without rewriting it.","","false","AI-assisted linguistic review","[]","3487","1","review","uncertain","مصرية","مصرية","مصرية","true",""
"h3498:t0","LO","انظر!","[""abbreviation""]","review","uncertain","medium","unresolved-sense","The English spelling admits abbreviation/name/lexical readings; this Arabic relationship needs a verified sense before approval.","","false","AI-assisted linguistic review","[]","3498","0","review","uncertain","انظر!","انظر","انظر","false",""
"h3601:t0","UT","نغمة موسيقية","[""abbreviation""]","review","uncertain","medium","unresolved-sense","The English spelling admits abbreviation/name/lexical readings; this Arabic relationship needs a verified sense before approval.","","false","AI-assisted linguistic review","[]","3601","0","review","uncertain","نغمة موسيقية","نغمةموسيقية","نغمةموسيقية","false",""
"h3607:t0","NASA","ناسا","[""abbreviation""]","rejected","uncertain","high","abbreviation-initialism","The supplied relationship is an abbreviation, initialism, numeric/foreign fragment or name-like rendering rather than a verified general-vocabulary sense. Exclude this specific relationship; this is not a rule rejecting every abbreviation-source match.","","false","AI-assisted linguistic review","[]","3607","0","review","uncertain","ناسا","ناسا","ناسا","true",""
"h3625:t0","CSS","المغلق","[""abbreviation""]","rejected","uncertain","high","abbreviation-initialism","The supplied relationship is an abbreviation, initialism, numeric/foreign fragment or name-like rendering rather than a verified general-vocabulary sense. Exclude this specific relationship; this is not a rule rejecting every abbreviation-source match.","","false","AI-assisted linguistic review","[]","3625","0","review","uncertain","المغلق","المغلق","المغلق","true",""
"h3692:t0","BIO","سيرة ذاتية","[""abbreviation""]","review","uncertain","medium","unresolved-sense","The English spelling admits abbreviation/name/lexical readings; this Arabic relationship needs a verified sense before approval.","","false","AI-assisted linguistic review","[]","3692","0","review","uncertain","سيرة ذاتية","سيرةذاتية","سيرةذاتية","false",""
"h3765:t0","BERLIN","برلين","[""place-name""]","rejected","uncertain","high","geographic-name","The supplied Arabic denotes a geographic proper name, not a general lexical sense; exclude this relationship without rewriting it.","","false","AI-assisted linguistic review","[]","3765","0","review","uncertain","برلين","برلين","برلين","true",""
"h3765:t1","BERLIN","بيرلين","[""place-name""]","rejected","uncertain","high","geographic-name","The supplied Arabic denotes a geographic proper name, not a general lexical sense; exclude this relationship without rewriting it.","","false","AI-assisted linguistic review","[]","3765","1","review","uncertain","بيرلين","بيرلين","بيرلين","true",""
"h3870:t0","JAY","جاي","[""abbreviation""]","review","uncertain","medium","unresolved-sense","The English spelling admits abbreviation/name/lexical readings; this Arabic relationship needs a verified sense before approval.","","false","AI-assisted linguistic review","[]","3870","0","review","uncertain","جاي","جاي","جاي","false",""
"h3870:t1","JAY","جاى","[""abbreviation""]","review","uncertain","medium","unresolved-sense","The English spelling admits abbreviation/name/lexical readings; this Arabic relationship needs a verified sense before approval.","","false","AI-assisted linguistic review","[]","3870","1","review","uncertain","جاى","جاى","جاى","false",""
"h3872:t0","GAP","الثغرة","[""abbreviation""]","approved","msa","high","verified-lexical-sense","The supplied Arabic is a valid MSA rendering of the ordinary lexical sense of GAP; an abbreviation-source match is not grounds for exclusion.","","false","AI-assisted linguistic review","[]","3872","0","review","uncertain","الثغرة","الثغرة","الثغرة","true",""
"h3872:t1","GAP","فجوة","[""abbreviation""]","approved","msa","high","verified-lexical-sense","The supplied Arabic is a valid MSA rendering of the ordinary lexical sense of GAP; an abbreviation-source match is not grounds for exclusion.","","false","AI-assisted linguistic review","[]","3872","1","review","uncertain","فجوة","فجوة","فجوة","true",""
"h3872:t2","GAP","الفجوة","[""abbreviation""]","approved","msa","high","verified-lexical-sense","The supplied Arabic is a valid MSA rendering of the ordinary lexical sense of GAP; an abbreviation-source match is not grounds for exclusion.","","false","AI-assisted linguistic review","[]","3872","2","review","uncertain","الفجوة","الفجوة","الفجوة","true",""
"h3872:t3","GAP","ثغرة","[""abbreviation""]","approved","msa","high","verified-lexical-sense","The supplied Arabic is a valid MSA rendering of the ordinary lexical sense of GAP; an abbreviation-source match is not grounds for exclusion.","","false","AI-assisted linguistic review","[]","3872","3","review","uncertain","ثغرة","ثغرة","ثغرة","true",""
"h3884:t0","ER","آه (تردد)","[""abbreviation"",""editorial-note""]","review","msa","medium","register-or-sense-review","The proposed spelling/base may be MSA, but the English register, grammatical person or intended sense needs confirmation. No text change applied.","آه","false","AI-assisted linguistic review","[]","3884","0","review","uncertain","آه (تردد)","آهتردد","آهتردد","true",""
"h3913:t0","ROB","روب","[""abbreviation""]","review","uncertain","medium","unresolved-sense","The English spelling admits abbreviation/name/lexical readings; this Arabic relationship needs a verified sense before approval.","","false","AI-assisted linguistic review","[]","3913","0","review","uncertain","روب","روب","روب","false",""
"h3928:t0","ERA","عصر","[""abbreviation""]","approved","msa","high","verified-lexical-sense","The supplied Arabic is a valid MSA rendering of the ordinary lexical sense of ERA; an abbreviation-source match is not grounds for exclusion.","","false","AI-assisted linguistic review","[]","3928","0","review","uncertain","عصر","عصر","عصر","true",""
"h3928:t1","ERA","عهد","[""abbreviation""]","approved","msa","high","verified-lexical-sense","The supplied Arabic is a valid MSA rendering of the ordinary lexical sense of ERA; an abbreviation-source match is not grounds for exclusion.","","false","AI-assisted linguistic review","[]","3928","1","review","uncertain","عهد","عهد","عهد","true",""
"h3928:t2","ERA","حقبة","[""abbreviation""]","approved","msa","high","verified-lexical-sense","The supplied Arabic is a valid MSA rendering of the ordinary lexical sense of ERA; an abbreviation-source match is not grounds for exclusion.","","false","AI-assisted linguistic review","[]","3928","2","review","uncertain","حقبة","حقبة","حقبة","true",""
"h3928:t3","ERA","العصر","[""abbreviation""]","approved","msa","high","verified-lexical-sense","The supplied Arabic is a valid MSA rendering of the ordinary lexical sense of ERA; an abbreviation-source match is not grounds for exclusion.","","false","AI-assisted linguistic review","[]","3928","3","review","uncertain","العصر","العصر","العصر","true",""
"h3928:t4","ERA","الحقبة","[""abbreviation""]","approved","msa","high","verified-lexical-sense","The supplied Arabic is a valid MSA rendering of the ordinary lexical sense of ERA; an abbreviation-source match is not grounds for exclusion.","","false","AI-assisted linguistic review","[]","3928","4","review","uncertain","الحقبة","الحقبة","الحقبة","true",""
"h3998:t0","MAD","ماد","[""abbreviation""]","review","uncertain","medium","unresolved-sense","The English spelling admits abbreviation/name/lexical readings; this Arabic relationship needs a verified sense before approval.","","false","AI-assisted linguistic review","[]","3998","0","review","uncertain","ماد","ماد","ماد","false",""
"h4008:t0","KEN","كين","[""abbreviation""]","review","uncertain","medium","unresolved-sense","The English spelling admits abbreviation/name/lexical readings; this Arabic relationship needs a verified sense before approval.","","false","AI-assisted linguistic review","[]","4008","0","review","uncertain","كين","كين","كين","false",""
"h4070:t0","LOL","لول","[""abbreviation""]","rejected","uncertain","high","abbreviation-initialism","The supplied relationship is an abbreviation, initialism, numeric/foreign fragment or name-like rendering rather than a verified general-vocabulary sense. Exclude this specific relationship; this is not a rule rejecting every abbreviation-source match.","","false","AI-assisted linguistic review","[]","4070","0","review","uncertain","لول","لول","لول","true",""
"h4105:t0","BET","راهن","[""abbreviation""]","approved","msa","high","verified-lexical-sense","The supplied Arabic is a valid MSA rendering of the ordinary lexical sense of BET; an abbreviation-source match is not grounds for exclusion.","","false","AI-assisted linguistic review","[]","4105","0","review","uncertain","راهن","راهن","راهن","true",""
"h4105:t1","BET","رهان","[""abbreviation""]","approved","msa","high","verified-lexical-sense","The supplied Arabic is a valid MSA rendering of the ordinary lexical sense of BET; an abbreviation-source match is not grounds for exclusion.","","false","AI-assisted linguistic review","[]","4105","1","review","uncertain","رهان","رهان","رهان","true",""
"h4105:t2","BET","الرهان","[""abbreviation""]","approved","msa","high","verified-lexical-sense","The supplied Arabic is a valid MSA rendering of the ordinary lexical sense of BET; an abbreviation-source match is not grounds for exclusion.","","false","AI-assisted linguistic review","[]","4105","2","review","uncertain","الرهان","الرهان","الرهان","true",""
"h4107:t0","TOYOTA","تويوتا","[""brand-name""]","rejected","uncertain","high","brand-product","The Arabic is a company/product-name rendering; exclude from the standard vocabulary pool.","","false","AI-assisted linguistic review","[]","4107","0","review","uncertain","تويوتا","تويوتا","تويوتا","true",""
"h4180:t0","RON","رون","[""abbreviation"",""proper-name""]","rejected","uncertain","high","personal-or-geographic-name","This relationship renders an identified personal name, surname, month abbreviation/name or geographic proper noun, outside the standard general-vocabulary pool. No spelling rewrite is needed for exclusion.","","false","AI-assisted linguistic review","[]","4180","0","review","uncertain","رون","رون","رون","true",""
"h4255:t0","DAD","ابى","[""abbreviation""]","review","uncertain","medium","unresolved-sense","The English spelling admits abbreviation/name/lexical readings; this Arabic relationship needs a verified sense before approval.","","false","AI-assisted linguistic review","[]","4255","0","review","uncertain","ابى","ابى","ابى","false",""
"h4255:t1","DAD","ابي","[""abbreviation""]","review","uncertain","medium","unresolved-sense","The English spelling admits abbreviation/name/lexical readings; this Arabic relationship needs a verified sense before approval.","","false","AI-assisted linguistic review","[]","4255","1","review","uncertain","ابي","ابي","ابي","false",""
"h4255:t2","DAD","أب","[""abbreviation""]","review","uncertain","medium","unresolved-sense","The English spelling admits abbreviation/name/lexical readings; this Arabic relationship needs a verified sense before approval.","","false","AI-assisted linguistic review","[]","4255","2","review","uncertain","أب","أب","أب","false",""
"h4292:t0","REG","ريج","[""abbreviation""]","review","uncertain","medium","unresolved-sense","The English spelling admits abbreviation/name/lexical readings; this Arabic relationship needs a verified sense before approval.","","false","AI-assisted linguistic review","[]","4292","0","review","uncertain","ريج","ريج","ريج","false",""
"h4338:t0","IAN","ايان","[""abbreviation"",""proper-name""]","rejected","uncertain","high","personal-or-geographic-name","This relationship renders an identified personal name, surname, month abbreviation/name or geographic proper noun, outside the standard general-vocabulary pool. No spelling rewrite is needed for exclusion.","","false","AI-assisted linguistic review","[]","4338","0","review","uncertain","ايان","ايان","ايان","true",""
"h4404:t0","REP","مندوب","[""abbreviation""]","approved","msa","high","verified-lexical-sense","The supplied Arabic is a valid MSA rendering of the ordinary lexical sense of REP; an abbreviation-source match is not grounds for exclusion.","","false","AI-assisted linguistic review","[]","4404","0","review","uncertain","مندوب","مندوب","مندوب","true",""
"h4456:t0","SRI","سري","[""abbreviation""]","review","uncertain","medium","unresolved-sense","The English spelling admits abbreviation/name/lexical readings; this Arabic relationship needs a verified sense before approval.","","false","AI-assisted linguistic review","[]","4456","0","review","uncertain","سري","سري","سري","false",""
"h4568:t0","TOKYO","طوكيو","[""place-name""]","rejected","uncertain","high","geographic-name","The supplied Arabic denotes a geographic proper name, not a general lexical sense; exclude this relationship without rewriting it.","","false","AI-assisted linguistic review","[]","4568","0","review","uncertain","طوكيو","طوكيو","طوكيو","true",""
"h4606:t0","DEN","دن","[""abbreviation""]","review","uncertain","medium","unresolved-sense","The English spelling admits abbreviation/name/lexical readings; this Arabic relationship needs a verified sense before approval.","","false","AI-assisted linguistic review","[]","4606","0","review","uncertain","دن","دن","دن","false",""
"h4606:t1","DEN","عرين","[""abbreviation""]","approved","msa","high","verified-lexical-sense","The supplied Arabic is a valid MSA rendering of the ordinary lexical sense of DEN; an abbreviation-source match is not grounds for exclusion.","","false","AI-assisted linguistic review","[]","4606","1","review","uncertain","عرين","عرين","عرين","true",""
"h4692:t0","EVE","عشية","[""abbreviation""]","approved","msa","high","verified-lexical-sense","The supplied Arabic is a valid MSA rendering of the ordinary lexical sense of EVE; an abbreviation-source match is not grounds for exclusion.","","false","AI-assisted linguistic review","[]","4692","0","review","uncertain","عشية","عشية","عشية","true",""
"h4692:t1","EVE","حواء","[""abbreviation""]","review","uncertain","medium","unresolved-sense","The English spelling admits abbreviation/name/lexical readings; this Arabic relationship needs a verified sense before approval.","","false","AI-assisted linguistic review","[]","4692","1","review","uncertain","حواء","حواء","حواء","false",""
"h4692:t2","EVE","ايف","[""abbreviation""]","review","uncertain","medium","unresolved-sense","The English spelling admits abbreviation/name/lexical readings; this Arabic relationship needs a verified sense before approval.","","false","AI-assisted linguistic review","[]","4692","2","review","uncertain","ايف","ايف","ايف","false",""
"h4725:t0","ROD","رود","[""abbreviation""]","review","uncertain","medium","unresolved-sense","The English spelling admits abbreviation/name/lexical readings; this Arabic relationship needs a verified sense before approval.","","false","AI-assisted linguistic review","[]","4725","0","review","uncertain","رود","رود","رود","false",""
"h4760:t0","CAL","كال","[""abbreviation""]","review","uncertain","medium","unresolved-sense","The English spelling admits abbreviation/name/lexical readings; this Arabic relationship needs a verified sense before approval.","","false","AI-assisted linguistic review","[]","4760","0","review","uncertain","كال","كال","كال","false",""
"h4772:t0","TA","شكراً (عامية بريطانية)","[""abbreviation"",""editorial-note""]","review","msa","medium","register-or-sense-review","The proposed spelling/base may be MSA, but the English register, grammatical person or intended sense needs confirmation. No text change applied.","شكراً","false","AI-assisted linguistic review","[]","4772","0","review","uncertain","شكراً (عامية بريطانية)","شكراعاميةبريطانية","شكراعاميةبريطانية","true",""
"h4816:t0","PEE","تبول","[""abbreviation""]","review","uncertain","medium","unresolved-sense","The English spelling admits abbreviation/name/lexical readings; this Arabic relationship needs a verified sense before approval.","","false","AI-assisted linguistic review","[]","4816","0","review","uncertain","تبول","تبول","تبول","false",""
"h4825:t0","SIZED","الحجم(د)","[""editorial-note""]","review","uncertain","medium","unresolved-sense","The note identifies context/register, but deleting it alone does not verify the English sense or Arabic equivalence.","","false","AI-assisted linguistic review","[]","4825","0","review","uncertain","الحجم(د)","الحجمد","الحجمد","false",""
"h4831:t0","EGG","البيضة","[""abbreviation""]","approved","msa","high","verified-lexical-sense","The supplied Arabic is a valid MSA rendering of the ordinary lexical sense of EGG; an abbreviation-source match is not grounds for exclusion.","","false","AI-assisted linguistic review","[]","4831","0","review","uncertain","البيضة","البيضة","البيضة","true",""
"h4831:t1","EGG","بيض","[""abbreviation""]","approved","msa","high","verified-lexical-sense","The supplied Arabic is a valid MSA rendering of the ordinary lexical sense of EGG; an abbreviation-source match is not grounds for exclusion.","","false","AI-assisted linguistic review","[]","4831","1","review","uncertain","بيض","بيض","بيض","true",""
"h4831:t2","EGG","بيضة","[""abbreviation""]","approved","msa","high","verified-lexical-sense","The supplied Arabic is a valid MSA rendering of the ordinary lexical sense of EGG; an abbreviation-source match is not grounds for exclusion.","","false","AI-assisted linguistic review","[]","4831","2","review","uncertain","بيضة","بيضة","بيضة","true",""
"h4872:t0","SUR","سور","[""abbreviation""]","review","uncertain","medium","unresolved-sense","The English spelling admits abbreviation/name/lexical readings; this Arabic relationship needs a verified sense before approval.","","false","AI-assisted linguistic review","[]","4872","0","review","uncertain","سور","سور","سور","false",""
"h4911:t0","HO","هوو (صيحة)","[""abbreviation"",""editorial-note""]","review","uncertain","medium","unresolved-sense","The note identifies context/register, but deleting it alone does not verify the English sense or Arabic equivalence.","","false","AI-assisted linguistic review","[]","4911","0","review","uncertain","هوو (صيحة)","هووصيحة","هووصيحة","false",""
"h4920:t0","SH","اصمت!","[""abbreviation""]","review","uncertain","medium","unresolved-sense","The English spelling admits abbreviation/name/lexical readings; this Arabic relationship needs a verified sense before approval.","","false","AI-assisted linguistic review","[]","4920","0","review","uncertain","اصمت!","اصمت","اصمت","false",""
"h4959:t0","RIO","ريو","[""abbreviation"",""place-name""]","rejected","uncertain","high","geographic-name","The supplied Arabic denotes a geographic proper name, not a general lexical sense; exclude this relationship without rewriting it.","","false","AI-assisted linguistic review","[]","4959","0","review","uncertain","ريو","ريو","ريو","true",""
"h4990:t0","ARC","قوس","[""abbreviation""]","approved","msa","high","verified-lexical-sense","The supplied Arabic is a valid MSA rendering of the ordinary lexical sense of ARC; an abbreviation-source match is not grounds for exclusion.","","false","AI-assisted linguistic review","[]","4990","0","review","uncertain","قوس","قوس","قوس","true",""
"h5006:t0","MRS","سيدة","[""abbreviation""]","rejected","uncertain","high","abbreviation-initialism","The supplied relationship is an abbreviation, initialism, numeric/foreign fragment or name-like rendering rather than a verified general-vocabulary sense. Exclude this specific relationship; this is not a rule rejecting every abbreviation-source match.","","false","AI-assisted linguistic review","[]","5006","0","review","uncertain","سيدة","سيدة","سيدة","true",""
"h5017:t0","APP","تطبيق","[""abbreviation""]","approved","msa","high","verified-lexical-sense","The supplied Arabic is a valid MSA rendering of the ordinary lexical sense of APP; an abbreviation-source match is not grounds for exclusion.","","false","AI-assisted linguistic review","[]","5017","0","review","uncertain","تطبيق","تطبيق","تطبيق","true",""
"h5017:t1","APP","التطبيق","[""abbreviation""]","approved","msa","high","verified-lexical-sense","The supplied Arabic is a valid MSA rendering of the ordinary lexical sense of APP; an abbreviation-source match is not grounds for exclusion.","","false","AI-assisted linguistic review","[]","5017","1","review","uncertain","التطبيق","التطبيق","التطبيق","true",""
"h5048:t0","ROY","روي","[""abbreviation""]","review","uncertain","medium","unresolved-sense","The English spelling admits abbreviation/name/lexical readings; this Arabic relationship needs a verified sense before approval.","","false","AI-assisted linguistic review","[]","5048","0","review","uncertain","روي","روي","روي","false",""
"h5048:t1","ROY","روى","[""abbreviation""]","review","uncertain","medium","unresolved-sense","The English spelling admits abbreviation/name/lexical readings; this Arabic relationship needs a verified sense before approval.","","false","AI-assisted linguistic review","[]","5048","1","review","uncertain","روى","روى","روى","false",""
"h5049:t0","ION","ايون","[""abbreviation""]","review","msa","medium","register-or-sense-review","The proposed spelling/base may be MSA, but the English register, grammatical person or intended sense needs confirmation. No text change applied.","أيون","false","AI-assisted linguistic review","[]","5049","0","review","uncertain","ايون","ايون","ايون","true",""
"h5065:t0","NIKE","نايك","[""brand-name""]","rejected","uncertain","high","brand-product","The Arabic is a company/product-name rendering; exclude from the standard vocabulary pool.","","false","AI-assisted linguistic review","[]","5065","0","review","uncertain","نايك","نايك","نايك","true",""
"h5065:t1","NIKE","نايكي","[""brand-name""]","rejected","uncertain","high","brand-product","The Arabic is a company/product-name rendering; exclude from the standard vocabulary pool.","","false","AI-assisted linguistic review","[]","5065","1","review","uncertain","نايكي","نايكي","نايكي","true",""
"h5146:t0","AMY","ايمى","[""abbreviation"",""proper-name""]","rejected","uncertain","high","personal-or-geographic-name","This relationship renders an identified personal name, surname, month abbreviation/name or geographic proper noun, outside the standard general-vocabulary pool. No spelling rewrite is needed for exclusion.","","false","AI-assisted linguistic review","[]","5146","0","review","uncertain","ايمى","ايمى","ايمى","true",""
"h5146:t1","AMY","ايمي","[""abbreviation"",""proper-name""]","rejected","uncertain","high","personal-or-geographic-name","This relationship renders an identified personal name, surname, month abbreviation/name or geographic proper noun, outside the standard general-vocabulary pool. No spelling rewrite is needed for exclusion.","","false","AI-assisted linguistic review","[]","5146","1","review","uncertain","ايمي","ايمي","ايمي","true",""
"h5168:t0","PHD","الدكتوراه","[""abbreviation""]","rejected","uncertain","high","abbreviation-initialism","The supplied relationship is an abbreviation, initialism, numeric/foreign fragment or name-like rendering rather than a verified general-vocabulary sense. Exclude this specific relationship; this is not a rule rejecting every abbreviation-source match.","","false","AI-assisted linguistic review","[]","5168","0","review","uncertain","الدكتوراه","الدكتوراه","الدكتوراه","true",""
"h5179:t0","CRY","ابكي","[""abbreviation""]","review","uncertain","medium","unresolved-sense","The English spelling admits abbreviation/name/lexical readings; this Arabic relationship needs a verified sense before approval.","","false","AI-assisted linguistic review","[]","5179","0","review","uncertain","ابكي","ابكي","ابكي","false",""
"h5179:t1","CRY","تبكي","[""abbreviation""]","review","uncertain","medium","unresolved-sense","The English spelling admits abbreviation/name/lexical readings; this Arabic relationship needs a verified sense before approval.","","false","AI-assisted linguistic review","[]","5179","1","review","uncertain","تبكي","تبكي","تبكي","false",""
"h5179:t2","CRY","بكاء","[""abbreviation""]","approved","msa","high","verified-lexical-sense","The supplied Arabic is a valid MSA rendering of the ordinary lexical sense of CRY; an abbreviation-source match is not grounds for exclusion.","","false","AI-assisted linguistic review","[]","5179","2","review","uncertain","بكاء","بكاء","بكاء","true",""
"h5179:t3","CRY","يبكي","[""abbreviation""]","review","uncertain","medium","unresolved-sense","The English spelling admits abbreviation/name/lexical readings; this Arabic relationship needs a verified sense before approval.","","false","AI-assisted linguistic review","[]","5179","3","review","uncertain","يبكي","يبكي","يبكي","false",""
"h5198:t0","TEE","تي","[""abbreviation""]","review","uncertain","medium","unresolved-sense","The English spelling admits abbreviation/name/lexical readings; this Arabic relationship needs a verified sense before approval.","","false","AI-assisted linguistic review","[]","5198","0","review","uncertain","تي","تي","تي","false",""
"h5237:t0","CAD","كاد","[""abbreviation""]","review","uncertain","medium","unresolved-sense","The English spelling admits abbreviation/name/lexical readings; this Arabic relationship needs a verified sense before approval.","","false","AI-assisted linguistic review","[]","5237","0","review","uncertain","كاد","كاد","كاد","false",""
"h5237:t1","CAD","شخص وقح","[""abbreviation""]","approved","msa","high","verified-lexical-sense","The supplied Arabic is a valid MSA rendering of the ordinary lexical sense of CAD; an abbreviation-source match is not grounds for exclusion.","","false","AI-assisted linguistic review","[]","5237","1","review","uncertain","شخص وقح","شخصوقح","شخصوقح","true",""
"h5252:t0","DIR","دير","[""abbreviation""]","review","uncertain","low","unresolved-sense","English has possible lexical/technical/name senses; the supplied Arabic does not establish which was intended. Do not exclude the headword solely from its abbreviation-source match.","","false","AI-assisted linguistic review","[]","5252","0","review","uncertain","دير","دير","دير","false",""
"h5270:t0","VAL","فال","[""abbreviation""]","review","uncertain","medium","unresolved-sense","The English spelling admits abbreviation/name/lexical readings; this Arabic relationship needs a verified sense before approval.","","false","AI-assisted linguistic review","[]","5270","0","review","uncertain","فال","فال","فال","false",""
"h5323:t0","ENG","يشغل","[""abbreviation""]","review","uncertain","low","unresolved-sense","English has possible lexical/technical/name senses; the supplied Arabic does not establish which was intended. Do not exclude the headword solely from its abbreviation-source match.","","false","AI-assisted linguistic review","[]","5323","0","review","uncertain","يشغل","يشغل","يشغل","false",""
"h5327:t0","ACE","الاس","[""abbreviation""]","review","uncertain","medium","unresolved-sense","The English spelling admits abbreviation/name/lexical readings; this Arabic relationship needs a verified sense before approval.","","false","AI-assisted linguistic review","[]","5327","0","review","uncertain","الاس","الاس","الاس","false",""
"h5327:t1","ACE","اس","[""abbreviation""]","review","uncertain","medium","unresolved-sense","The English spelling admits abbreviation/name/lexical readings; this Arabic relationship needs a verified sense before approval.","","false","AI-assisted linguistic review","[]","5327","1","review","uncertain","اس","اس","اس","false",""
"h5327:t2","ACE","ايس","[""abbreviation""]","review","uncertain","medium","unresolved-sense","The English spelling admits abbreviation/name/lexical readings; this Arabic relationship needs a verified sense before approval.","","false","AI-assisted linguistic review","[]","5327","2","review","uncertain","ايس","ايس","ايس","false",""
"h5344:t0","SUE","سو","[""abbreviation""]","review","uncertain","medium","unresolved-sense","The English spelling admits abbreviation/name/lexical readings; this Arabic relationship needs a verified sense before approval.","","false","AI-assisted linguistic review","[]","5344","0","review","uncertain","سو","سو","سو","false",""
"h5378:t0","ARCHIVED","المحفوظات(د)","[""editorial-note""]","review","uncertain","medium","unresolved-sense","The note identifies context/register, but deleting it alone does not verify the English sense or Arabic equivalence.","","false","AI-assisted linguistic review","[]","5378","0","review","uncertain","المحفوظات(د)","المحفوظاتد","المحفوظاتد","false",""
"h5380:t0","CHI","تشي","[""abbreviation""]","review","uncertain","medium","unresolved-sense","The English spelling admits abbreviation/name/lexical readings; this Arabic relationship needs a verified sense before approval.","","false","AI-assisted linguistic review","[]","5380","0","review","uncertain","تشي","تشي","تشي","false",""
"h5380:t1","CHI","روح (صيني)","[""abbreviation"",""editorial-note""]","review","uncertain","medium","unresolved-sense","The note identifies context/register, but deleting it alone does not verify the English sense or Arabic equivalence.","","false","AI-assisted linguistic review","[]","5380","1","review","uncertain","روح (صيني)","روحصيني","روحصيني","false",""
"h5407:t0","SEO","سيو","[""abbreviation""]","rejected","uncertain","high","abbreviation-initialism","The supplied relationship is an abbreviation, initialism, numeric/foreign fragment or name-like rendering rather than a verified general-vocabulary sense. Exclude this specific relationship; this is not a rule rejecting every abbreviation-source match.","","false","AI-assisted linguistic review","[]","5407","0","review","uncertain","سيو","سيو","سيو","true",""
"h5467:t0","FLU","الانفلونزا","[""abbreviation""]","review","msa","medium","orthography-review","The flu sense is appropriate, but confirm the standard Arabic loanword spelling before approving this missing-hamza form.","الإنفلونزا","false","AI-assisted linguistic review","[]","5467","0","review","uncertain","الانفلونزا","الانفلونزا","الانفلونزا","true",""
"h5467:t1","FLU","انفلونزا","[""abbreviation""]","review","msa","medium","orthography-review","The flu sense is appropriate, but confirm the standard Arabic loanword spelling before approving this missing-hamza form.","إنفلونزا","false","AI-assisted linguistic review","[]","5467","1","review","uncertain","انفلونزا","انفلونزا","انفلونزا","true",""
"h5552:t0","DOS","دوس","[""abbreviation""]","review","uncertain","medium","unresolved-sense","The English spelling admits abbreviation/name/lexical readings; this Arabic relationship needs a verified sense before approval.","","false","AI-assisted linguistic review","[]","5552","0","review","uncertain","دوس","دوس","دوس","false",""
"h5600:t0","COD","القد","[""abbreviation""]","approved","msa","high","verified-lexical-sense","The supplied Arabic is a valid MSA rendering of the ordinary lexical sense of COD; an abbreviation-source match is not grounds for exclusion.","","false","AI-assisted linguistic review","[]","5600","0","review","uncertain","القد","القد","القد","true",""
"h5600:t1","COD","كود","[""abbreviation""]","review","uncertain","medium","unresolved-sense","The English spelling admits abbreviation/name/lexical readings; this Arabic relationship needs a verified sense before approval.","","false","AI-assisted linguistic review","[]","5600","1","review","uncertain","كود","كود","كود","false",""
"h5600:t2","COD","سمك القد","[""abbreviation""]","approved","msa","high","verified-lexical-sense","The supplied Arabic is a valid MSA rendering of the ordinary lexical sense of COD; an abbreviation-source match is not grounds for exclusion.","","false","AI-assisted linguistic review","[]","5600","2","review","uncertain","سمك القد","سمكالقد","سمكالقد","true",""
"h5651:t0","TI","نغمة موسيقية","[""abbreviation""]","review","uncertain","medium","unresolved-sense","The English spelling admits abbreviation/name/lexical readings; this Arabic relationship needs a verified sense before approval.","","false","AI-assisted linguistic review","[]","5651","0","review","uncertain","نغمة موسيقية","نغمةموسيقية","نغمةموسيقية","false",""
"h5652:t0","GEL","جل","[""abbreviation""]","approved","msa","high","verified-lexical-sense","The supplied Arabic is a valid MSA rendering of the ordinary lexical sense of GEL; an abbreviation-source match is not grounds for exclusion.","","false","AI-assisted linguistic review","[]","5652","0","review","uncertain","جل","جل","جل","true",""
"h5652:t1","GEL","الجل","[""abbreviation""]","approved","msa","high","verified-lexical-sense","The supplied Arabic is a valid MSA rendering of the ordinary lexical sense of GEL; an abbreviation-source match is not grounds for exclusion.","","false","AI-assisted linguistic review","[]","5652","1","review","uncertain","الجل","الجل","الجل","true",""
"h5787:t0","UM","أمم (تردد)","[""abbreviation"",""editorial-note""]","review","msa","medium","register-or-sense-review","The proposed spelling/base may be MSA, but the English register, grammatical person or intended sense needs confirmation. No text change applied.","أمم","false","AI-assisted linguistic review","[]","5787","0","review","uncertain","أمم (تردد)","أممتردد","أممتردد","true",""
"h5810:t0","TED","تيد","[""abbreviation"",""proper-name""]","rejected","uncertain","high","personal-or-geographic-name","This relationship renders an identified personal name, surname, month abbreviation/name or geographic proper noun, outside the standard general-vocabulary pool. No spelling rewrite is needed for exclusion.","","false","AI-assisted linguistic review","[]","5810","0","review","uncertain","تيد","تيد","تيد","true",""
"h5810:t1","TED","تد","[""abbreviation"",""proper-name""]","rejected","uncertain","high","personal-or-geographic-name","This relationship renders an identified personal name, surname, month abbreviation/name or geographic proper noun, outside the standard general-vocabulary pool. No spelling rewrite is needed for exclusion.","","false","AI-assisted linguistic review","[]","5810","1","review","uncertain","تد","تد","تد","true",""
"h5840:t0","KDE","كدي","[""abbreviation""]","rejected","uncertain","high","abbreviation-initialism","The supplied relationship is an abbreviation, initialism, numeric/foreign fragment or name-like rendering rather than a verified general-vocabulary sense. Exclude this specific relationship; this is not a rule rejecting every abbreviation-source match.","","false","AI-assisted linguistic review","[]","5840","0","review","uncertain","كدي","كدي","كدي","true",""
"h5863:t0","YO","يا! (نداء)","[""abbreviation"",""editorial-note""]","review","uncertain","medium","unresolved-sense","The note identifies context/register, but deleting it alone does not verify the English sense or Arabic equivalence.","","false","AI-assisted linguistic review","[]","5863","0","review","uncertain","يا! (نداء)","يانداء","يانداء","false",""
"h5911:t0","ALT","بديل","[""abbreviation""]","review","uncertain","medium","unresolved-sense","The English spelling admits abbreviation/name/lexical readings; this Arabic relationship needs a verified sense before approval.","","false","AI-assisted linguistic review","[]","5911","0","review","uncertain","بديل","بديل","بديل","false",""
"h6020:t0","VIC","فيك","[""abbreviation""]","review","uncertain","medium","unresolved-sense","The English spelling admits abbreviation/name/lexical readings; this Arabic relationship needs a verified sense before approval.","","false","AI-assisted linguistic review","[]","6020","0","review","uncertain","فيك","فيك","فيك","false",""
"h6121:t0","CAB","سيارة أجرة","[""abbreviation""]","approved","msa","high","verified-lexical-sense","The supplied Arabic is a valid MSA rendering of the ordinary lexical sense of CAB; an abbreviation-source match is not grounds for exclusion.","","false","AI-assisted linguistic review","[]","6121","0","review","uncertain","سيارة أجرة","سيارةأجرة","سيارةأجرة","true",""
"h6150:t0","DAM","دام","[""abbreviation""]","review","uncertain","medium","unresolved-sense","The English spelling admits abbreviation/name/lexical readings; this Arabic relationship needs a verified sense before approval.","","false","AI-assisted linguistic review","[]","6150","0","review","uncertain","دام","دام","دام","false",""
"h6150:t1","DAM","السد","[""abbreviation""]","approved","msa","high","verified-lexical-sense","The supplied Arabic is a valid MSA rendering of the ordinary lexical sense of DAM; an abbreviation-source match is not grounds for exclusion.","","false","AI-assisted linguistic review","[]","6150","1","review","uncertain","السد","السد","السد","true",""
"h6150:t2","DAM","سد","[""abbreviation""]","approved","msa","high","verified-lexical-sense","The supplied Arabic is a valid MSA rendering of the ordinary lexical sense of DAM; an abbreviation-source match is not grounds for exclusion.","","false","AI-assisted linguistic review","[]","6150","2","review","uncertain","سد","سد","سد","true",""
"h6150:t3","DAM","سدا","[""abbreviation""]","review","uncertain","medium","unresolved-sense","The English spelling admits abbreviation/name/lexical readings; this Arabic relationship needs a verified sense before approval.","","false","AI-assisted linguistic review","[]","6150","3","review","uncertain","سدا","سدا","سدا","false",""
"h6153:t0","LIL","ليل","[""abbreviation""]","review","uncertain","medium","unresolved-sense","The English spelling admits abbreviation/name/lexical readings; this Arabic relationship needs a verified sense before approval.","","false","AI-assisted linguistic review","[]","6153","0","review","uncertain","ليل","ليل","ليل","false",""
"h6155:t0","DAS","داس","[""abbreviation""]","rejected","uncertain","high","wrong-or-foreign-relation","This is a German-form transliteration, not a verified general English vocabulary relation.","","false","AI-assisted linguistic review","[]","6155","0","review","uncertain","داس","داس","داس","true",""
"h6155:t1","DAS","الـ (ألماني)","[""abbreviation"",""editorial-note""]","rejected","uncertain","high","wrong-or-foreign-relation","The note explicitly identifies the German article, not a normal English headword sense.","","false","AI-assisted linguistic review","[]","6155","1","review","uncertain","الـ (ألماني)","الألماني","الألماني","true",""
"h6289:t0","ASH","الرماد","[""abbreviation""]","approved","msa","high","verified-lexical-sense","The supplied Arabic is a valid MSA rendering of the ordinary lexical sense of ASH; an abbreviation-source match is not grounds for exclusion.","","false","AI-assisted linguistic review","[]","6289","0","review","uncertain","الرماد","الرماد","الرماد","true",""
"h6289:t1","ASH","اش","[""abbreviation""]","review","uncertain","medium","unresolved-sense","The English spelling admits abbreviation/name/lexical readings; this Arabic relationship needs a verified sense before approval.","","false","AI-assisted linguistic review","[]","6289","1","review","uncertain","اش","اش","اش","false",""
"h6289:t2","ASH","رماد","[""abbreviation""]","approved","msa","high","verified-lexical-sense","The supplied Arabic is a valid MSA rendering of the ordinary lexical sense of ASH; an abbreviation-source match is not grounds for exclusion.","","false","AI-assisted linguistic review","[]","6289","2","review","uncertain","رماد","رماد","رماد","true",""
"h6298:t0","ALI","الي","[""abbreviation"",""proper-name""]","rejected","uncertain","high","personal-or-geographic-name","This relationship renders an identified personal name, surname, month abbreviation/name or geographic proper noun, outside the standard general-vocabulary pool. No spelling rewrite is needed for exclusion.","","false","AI-assisted linguistic review","[]","6298","0","review","uncertain","الي","الي","الي","true",""
"h6298:t1","ALI","علي","[""abbreviation"",""proper-name""]","rejected","uncertain","high","personal-or-geographic-name","This relationship renders an identified personal name, surname, month abbreviation/name or geographic proper noun, outside the standard general-vocabulary pool. No spelling rewrite is needed for exclusion.","","false","AI-assisted linguistic review","[]","6298","1","review","uncertain","علي","علي","علي","true",""
"h6377:t0","MEM","ميم","[""abbreviation""]","review","uncertain","medium","unresolved-sense","The English spelling admits abbreviation/name/lexical readings; this Arabic relationship needs a verified sense before approval.","","false","AI-assisted linguistic review","[]","6377","0","review","uncertain","ميم","ميم","ميم","false",""
"h6435:t0","VII","السابع","[""abbreviation""]","rejected","uncertain","high","abbreviation-initialism","The supplied relationship is an abbreviation, initialism, numeric/foreign fragment or name-like rendering rather than a verified general-vocabulary sense. Exclude this specific relationship; this is not a rule rejecting every abbreviation-source match.","","false","AI-assisted linguistic review","[]","6435","0","review","uncertain","السابع","السابع","السابع","true",""
"h6435:t1","VII","سابعا","[""abbreviation""]","rejected","uncertain","high","abbreviation-initialism","The supplied relationship is an abbreviation, initialism, numeric/foreign fragment or name-like rendering rather than a verified general-vocabulary sense. Exclude this specific relationship; this is not a rule rejecting every abbreviation-source match.","","false","AI-assisted linguistic review","[]","6435","1","review","uncertain","سابعا","سابعا","سابعا","true",""
"h6554:t0","MAG","ماغ","[""abbreviation""]","review","uncertain","medium","unresolved-sense","The English spelling admits abbreviation/name/lexical readings; this Arabic relationship needs a verified sense before approval.","","false","AI-assisted linguistic review","[]","6554","0","review","uncertain","ماغ","ماغ","ماغ","false",""
"h6554:t1","MAG","ماج","[""abbreviation""]","review","uncertain","medium","unresolved-sense","The English spelling admits abbreviation/name/lexical readings; this Arabic relationship needs a verified sense before approval.","","false","AI-assisted linguistic review","[]","6554","1","review","uncertain","ماج","ماج","ماج","false",""
"h6596:t0","OE","عاصفة بحرية","[""abbreviation""]","review","uncertain","low","unresolved-sense","Rare OE and sea-storm sense need a historical/technical dictionary; do not silently discard uncertain linguistic data.","","false","AI-assisted linguistic review","[]","6596","0","review","uncertain","عاصفة بحرية","عاصفةبحرية","عاصفةبحرية","false",""
"h6639:t0","BRA","حمالة","[""abbreviation""]","review","uncertain","medium","unresolved-sense","The English spelling admits abbreviation/name/lexical readings; this Arabic relationship needs a verified sense before approval.","","false","AI-assisted linguistic review","[]","6639","0","review","uncertain","حمالة","حمالة","حمالة","false",""
"h6639:t1","BRA","صدرية","[""abbreviation""]","approved","msa","high","verified-lexical-sense","The supplied Arabic is a valid MSA rendering of the ordinary lexical sense of BRA; an abbreviation-source match is not grounds for exclusion.","","false","AI-assisted linguistic review","[]","6639","1","review","uncertain","صدرية","صدرية","صدرية","true",""
"h6639:t2","BRA","حمالة صدر","[""abbreviation""]","approved","msa","high","verified-lexical-sense","The supplied Arabic is a valid MSA rendering of the ordinary lexical sense of BRA; an abbreviation-source match is not grounds for exclusion.","","false","AI-assisted linguistic review","[]","6639","2","review","uncertain","حمالة صدر","حمالةصدر","حمالةصدر","true",""
"h6663:t0","COW","بقرة","[""abbreviation""]","approved","msa","high","verified-lexical-sense","The supplied Arabic is a valid MSA rendering of the ordinary lexical sense of COW; an abbreviation-source match is not grounds for exclusion.","","false","AI-assisted linguistic review","[]","6663","0","review","uncertain","بقرة","بقرة","بقرة","true",""
"h6663:t1","COW","البقرة","[""abbreviation""]","approved","msa","high","verified-lexical-sense","The supplied Arabic is a valid MSA rendering of the ordinary lexical sense of COW; an abbreviation-source match is not grounds for exclusion.","","false","AI-assisted linguistic review","[]","6663","1","review","uncertain","البقرة","البقرة","البقرة","true",""
"h6774:t0","AVI","افي","[""abbreviation""]","rejected","uncertain","high","abbreviation-initialism","The supplied relationship is an abbreviation, initialism, numeric/foreign fragment or name-like rendering rather than a verified general-vocabulary sense. Exclude this specific relationship; this is not a rule rejecting every abbreviation-source match.","","false","AI-assisted linguistic review","[]","6774","0","review","uncertain","افي","افي","افي","true",""
"h6825:t0","LEO","ليو","[""abbreviation"",""proper-name""]","rejected","uncertain","high","personal-or-geographic-name","This relationship renders an identified personal name, surname, month abbreviation/name or geographic proper noun, outside the standard general-vocabulary pool. No spelling rewrite is needed for exclusion.","","false","AI-assisted linguistic review","[]","6825","0","review","uncertain","ليو","ليو","ليو","true",""
"h6843:t0","UR","لك","[""abbreviation""]","review","uncertain","medium","unresolved-sense","The English spelling admits abbreviation/name/lexical readings; this Arabic relationship needs a verified sense before approval.","","false","AI-assisted linguistic review","[]","6843","0","review","uncertain","لك","لك","لك","false",""
"h6850:t0","DOE","دو","[""abbreviation""]","review","uncertain","medium","unresolved-sense","The English spelling admits abbreviation/name/lexical readings; this Arabic relationship needs a verified sense before approval.","","false","AI-assisted linguistic review","[]","6850","0","review","uncertain","دو","دو","دو","false",""
"h6850:t1","DOE","غزال أنثى","[""abbreviation""]","approved","msa","high","verified-lexical-sense","The supplied Arabic is a valid MSA rendering of the ordinary lexical sense of DOE; an abbreviation-source match is not grounds for exclusion.","","false","AI-assisted linguistic review","[]","6850","1","review","uncertain","غزال أنثى","غزالأنثى","غزالأنثى","true",""
"h6872:t0","SIM","سيم","[""abbreviation""]","rejected","uncertain","high","abbreviation-initialism","The supplied relationship is an abbreviation, initialism, numeric/foreign fragment or name-like rendering rather than a verified general-vocabulary sense. Exclude this specific relationship; this is not a rule rejecting every abbreviation-source match.","","false","AI-assisted linguistic review","[]","6872","0","review","uncertain","سيم","سيم","سيم","true",""
"h6974:t0","SOL","سول","[""abbreviation""]","review","uncertain","medium","unresolved-sense","The English spelling admits abbreviation/name/lexical readings; this Arabic relationship needs a verified sense before approval.","","false","AI-assisted linguistic review","[]","6974","0","review","uncertain","سول","سول","سول","false",""
"h6978:t0","ECO","الايكولوجية","[""abbreviation""]","review","uncertain","medium","unresolved-sense","The English spelling admits abbreviation/name/lexical readings; this Arabic relationship needs a verified sense before approval.","","false","AI-assisted linguistic review","[]","6978","0","review","uncertain","الايكولوجية","الايكولوجية","الايكولوجية","false",""
"h7064:t0","XI","الحرف اليوناني ""كسي""","[""abbreviation""]","rejected","uncertain","high","abbreviation-initialism","The supplied relationship is an abbreviation, initialism, numeric/foreign fragment or name-like rendering rather than a verified general-vocabulary sense. Exclude this specific relationship; this is not a rule rejecting every abbreviation-source match.","","false","AI-assisted linguistic review","[]","7064","0","review","uncertain","الحرف اليوناني ""كسي""","الحرفاليونانيكسي","الحرفاليونانيكسي","true",""
"h7075:t0","ZA","بيتزا (عامية)","[""abbreviation"",""editorial-note""]","rejected","uncertain","high","wrong-or-foreign-relation","ZA is an informal clipping of pizza; exclude this uncommon shortened headword from the standard pool.","","false","AI-assisted linguistic review","[]","7075","0","review","uncertain","بيتزا (عامية)","بيتزاعامية","بيتزاعامية","true",""
"h7162:t0","AYE","نعم (رسمي)","[""abbreviation"",""editorial-note""]","approved","msa","high","editorial-note","The parenthetical text is an editorial label. 'نعم' correctly expresses this English past-tense/interjection/preposition sense without that label.","نعم","true","AI-assisted linguistic review","[]","7162","0","review","uncertain","نعم","نعمرسمي","نعم","true",""
"h7189:t0","COL","واد جبلي","[""abbreviation""]","approved","msa","high","verified-lexical-sense","The supplied Arabic is a valid MSA rendering of the ordinary lexical sense of COL; an abbreviation-source match is not grounds for exclusion.","","false","AI-assisted linguistic review","[]","7189","0","review","uncertain","واد جبلي","وادجبلي","وادجبلي","true",""
"h7227:t0","TEX","تكس","[""abbreviation""]","rejected","uncertain","high","abbreviation-initialism","The supplied relationship is an abbreviation, initialism, numeric/foreign fragment or name-like rendering rather than a verified general-vocabulary sense. Exclude this specific relationship; this is not a rule rejecting every abbreviation-source match.","","false","AI-assisted linguistic review","[]","7227","0","review","uncertain","تكس","تكس","تكس","true",""
"h7238:t0","DOD","يتجنب","[""abbreviation""]","review","uncertain","low","unresolved-sense","English has possible lexical/technical/name senses; the supplied Arabic does not establish which was intended. Do not exclude the headword solely from its abbreviation-source match.","","false","AI-assisted linguistic review","[]","7238","0","review","uncertain","يتجنب","يتجنب","يتجنب","false",""
"h7241:t0","NEO","نيو","[""abbreviation""]","review","uncertain","medium","unresolved-sense","The English spelling admits abbreviation/name/lexical readings; this Arabic relationship needs a verified sense before approval.","","false","AI-assisted linguistic review","[]","7241","0","review","uncertain","نيو","نيو","نيو","false",""
"h7267:t0","NAT","نات","[""abbreviation""]","review","uncertain","medium","unresolved-sense","The English spelling admits abbreviation/name/lexical readings; this Arabic relationship needs a verified sense before approval.","","false","AI-assisted linguistic review","[]","7267","0","review","uncertain","نات","نات","نات","false",""
"h7296:t1","SHAW","شاو","[""proper-name""]","rejected","uncertain","high","personal-name","This particular Arabic is the personal-name rendering. Other lexical senses of the English spelling are not being rejected.","","false","AI-assisted linguistic review","[]","7296","1","review","uncertain","شاو","شاو","شاو","true",""
"h7367:t0","RIM","ريم","[""abbreviation""]","review","uncertain","medium","unresolved-sense","The English spelling admits abbreviation/name/lexical readings; this Arabic relationship needs a verified sense before approval.","","false","AI-assisted linguistic review","[]","7367","0","review","uncertain","ريم","ريم","ريم","false",""
"h7372:t0","DIS","المفرزة","[""abbreviation""]","review","uncertain","medium","unresolved-sense","The English spelling admits abbreviation/name/lexical readings; this Arabic relationship needs a verified sense before approval.","","false","AI-assisted linguistic review","[]","7372","0","review","uncertain","المفرزة","المفرزة","المفرزة","false",""
"h7372:t1","DIS","ديس","[""abbreviation""]","review","uncertain","medium","unresolved-sense","The English spelling admits abbreviation/name/lexical readings; this Arabic relationship needs a verified sense before approval.","","false","AI-assisted linguistic review","[]","7372","1","review","uncertain","ديس","ديس","ديس","false",""
"h7372:t2","DIS","يهين (عامية)","[""abbreviation"",""editorial-note""]","review","msa","medium","register-or-sense-review","The proposed spelling/base may be MSA, but the English register, grammatical person or intended sense needs confirmation. No text change applied.","يهين","false","AI-assisted linguistic review","[]","7372","2","review","uncertain","يهين (عامية)","يهينعامية","يهينعامية","true",""
"h7384:t0","KAY","كاي","[""abbreviation""]","review","uncertain","medium","unresolved-sense","The English spelling admits abbreviation/name/lexical readings; this Arabic relationship needs a verified sense before approval.","","false","AI-assisted linguistic review","[]","7384","0","review","uncertain","كاي","كاي","كاي","false",""
"h7390:t0","SER","سير","[""abbreviation""]","review","uncertain","medium","unresolved-sense","The English spelling admits abbreviation/name/lexical readings; this Arabic relationship needs a verified sense before approval.","","false","AI-assisted linguistic review","[]","7390","0","review","uncertain","سير","سير","سير","false",""
"h7443:t0","NAM","نام","[""abbreviation""]","review","uncertain","medium","unresolved-sense","The English spelling admits abbreviation/name/lexical readings; this Arabic relationship needs a verified sense before approval.","","false","AI-assisted linguistic review","[]","7443","0","review","uncertain","نام","نام","نام","false",""
"h7470:t0","LIT","مضاءة","[""abbreviation""]","approved","msa","high","verified-lexical-sense","The supplied Arabic is a valid MSA rendering of the ordinary lexical sense of LIT; an abbreviation-source match is not grounds for exclusion.","","false","AI-assisted linguistic review","[]","7470","0","review","uncertain","مضاءة","مضاءة","مضاءة","true",""
"h7494:t0","ADA","ادا","[""abbreviation""]","review","uncertain","medium","unresolved-sense","The English spelling admits abbreviation/name/lexical readings; this Arabic relationship needs a verified sense before approval.","","false","AI-assisted linguistic review","[]","7494","0","review","uncertain","ادا","ادا","ادا","false",""
"h7522:t0","FOO","فو","[""abbreviation""]","rejected","uncertain","high","abbreviation-initialism","The supplied relationship is an abbreviation, initialism, numeric/foreign fragment or name-like rendering rather than a verified general-vocabulary sense. Exclude this specific relationship; this is not a rule rejecting every abbreviation-source match.","","false","AI-assisted linguistic review","[]","7522","0","review","uncertain","فو","فو","فو","true",""
"h7541:t0","SIG","سيج","[""abbreviation""]","rejected","uncertain","high","abbreviation-initialism","The supplied relationship is an abbreviation, initialism, numeric/foreign fragment or name-like rendering rather than a verified general-vocabulary sense. Exclude this specific relationship; this is not a rule rejecting every abbreviation-source match.","","false","AI-assisted linguistic review","[]","7541","0","review","uncertain","سيج","سيج","سيج","true",""
"h7543:t0","DUO","الثنائي","[""abbreviation""]","approved","msa","high","verified-lexical-sense","The supplied Arabic is a valid MSA rendering of the ordinary lexical sense of DUO; an abbreviation-source match is not grounds for exclusion.","","false","AI-assisted linguistic review","[]","7543","0","review","uncertain","الثنائي","الثنائي","الثنائي","true",""
"h7553:t0","FOG","الضباب","[""abbreviation""]","approved","msa","high","verified-lexical-sense","The supplied Arabic is a valid MSA rendering of the ordinary lexical sense of FOG; an abbreviation-source match is not grounds for exclusion.","","false","AI-assisted linguistic review","[]","7553","0","review","uncertain","الضباب","الضباب","الضباب","true",""
"h7553:t1","FOG","ضباب","[""abbreviation""]","approved","msa","high","verified-lexical-sense","The supplied Arabic is a valid MSA rendering of the ordinary lexical sense of FOG; an abbreviation-source match is not grounds for exclusion.","","false","AI-assisted linguistic review","[]","7553","1","review","uncertain","ضباب","ضباب","ضباب","true",""
"h7656:t0","RUG","بساط","[""abbreviation""]","approved","msa","high","verified-lexical-sense","The supplied Arabic is a valid MSA rendering of the ordinary lexical sense of RUG; an abbreviation-source match is not grounds for exclusion.","","false","AI-assisted linguistic review","[]","7656","0","review","uncertain","بساط","بساط","بساط","true",""
"h7656:t1","RUG","البساط","[""abbreviation""]","approved","msa","high","verified-lexical-sense","The supplied Arabic is a valid MSA rendering of the ordinary lexical sense of RUG; an abbreviation-source match is not grounds for exclusion.","","false","AI-assisted linguistic review","[]","7656","1","review","uncertain","البساط","البساط","البساط","true",""
"h7656:t2","RUG","سجادة","[""abbreviation""]","approved","msa","high","verified-lexical-sense","The supplied Arabic is a valid MSA rendering of the ordinary lexical sense of RUG; an abbreviation-source match is not grounds for exclusion.","","false","AI-assisted linguistic review","[]","7656","2","review","uncertain","سجادة","سجادة","سجادة","true",""
"h7675:t0","DEM","ماركا","[""abbreviation""]","rejected","uncertain","high","abbreviation-initialism","The supplied relationship is an abbreviation, initialism, numeric/foreign fragment or name-like rendering rather than a verified general-vocabulary sense. Exclude this specific relationship; this is not a rule rejecting every abbreviation-source match.","","false","AI-assisted linguistic review","[]","7675","0","review","uncertain","ماركا","ماركا","ماركا","true",""
"h7675:t1","DEM","ديم","[""abbreviation""]","rejected","uncertain","high","abbreviation-initialism","The supplied relationship is an abbreviation, initialism, numeric/foreign fragment or name-like rendering rather than a verified general-vocabulary sense. Exclude this specific relationship; this is not a rule rejecting every abbreviation-source match.","","false","AI-assisted linguistic review","[]","7675","1","review","uncertain","ديم","ديم","ديم","true",""
"h7728:t0","EH","إيه؟ (تعبير عن الاستغراب)","[""abbreviation"",""editorial-note""]","review","uncertain","medium","register-or-sense-review","The proposed spelling/base may be MSA, but the English register, grammatical person or intended sense needs confirmation. No text change applied.","","false","AI-assisted linguistic review","[]","7728","0","review","uncertain","إيه؟ (تعبير عن الاستغراب)","إيهتعبيرعنالاستغراب","إيهتعبيرعنالاستغراب","false",""
"h7751:t0","EVA","ايفا","[""abbreviation"",""proper-name""]","rejected","uncertain","high","personal-or-geographic-name","This relationship renders an identified personal name, surname, month abbreviation/name or geographic proper noun, outside the standard general-vocabulary pool. No spelling rewrite is needed for exclusion.","","false","AI-assisted linguistic review","[]","7751","0","review","uncertain","ايفا","ايفا","ايفا","true",""
"h7770:t0","BON","جيد (فرنسي)","[""abbreviation"",""editorial-note""]","rejected","uncertain","high","wrong-or-foreign-relation","The note explicitly gives a French adjective, not an English general-vocabulary sense.","","false","AI-assisted linguistic review","[]","7770","0","review","uncertain","جيد (فرنسي)","جيدفرنسي","جيدفرنسي","true",""
"h7782:t0","MAS","ماس","[""abbreviation""]","review","uncertain","medium","unresolved-sense","The English spelling admits abbreviation/name/lexical readings; this Arabic relationship needs a verified sense before approval.","","false","AI-assisted linguistic review","[]","7782","0","review","uncertain","ماس","ماس","ماس","false",""
"h7786:t0","KAI","كاي","[""abbreviation""]","review","uncertain","medium","unresolved-sense","The English spelling admits abbreviation/name/lexical readings; this Arabic relationship needs a verified sense before approval.","","false","AI-assisted linguistic review","[]","7786","0","review","uncertain","كاي","كاي","كاي","false",""
"h7791:t0","DOM","دوم","[""abbreviation""]","review","uncertain","medium","unresolved-sense","The English spelling admits abbreviation/name/lexical readings; this Arabic relationship needs a verified sense before approval.","","false","AI-assisted linguistic review","[]","7791","0","review","uncertain","دوم","دوم","دوم","false",""
"h7863:t0","COS","كوس","[""abbreviation""]","review","uncertain","medium","unresolved-sense","The English spelling admits abbreviation/name/lexical readings; this Arabic relationship needs a verified sense before approval.","","false","AI-assisted linguistic review","[]","7863","0","review","uncertain","كوس","كوس","كوس","false",""
"h7863:t1","COS","لأن (عامية)","[""abbreviation"",""editorial-note""]","review","msa","medium","register-or-sense-review","The proposed spelling/base may be MSA, but the English register, grammatical person or intended sense needs confirmation. No text change applied.","لأن","false","AI-assisted linguistic review","[]","7863","1","review","uncertain","لأن (عامية)","لأنعامية","لأنعامية","true",""
"h8042:t0","SAO","ساو","[""abbreviation""]","rejected","uncertain","high","abbreviation-initialism","The supplied relationship is an abbreviation, initialism, numeric/foreign fragment or name-like rendering rather than a verified general-vocabulary sense. Exclude this specific relationship; this is not a rule rejecting every abbreviation-source match.","","false","AI-assisted linguistic review","[]","8042","0","review","uncertain","ساو","ساو","ساو","true",""
"h8133:t0","REFERENCED","المراجع(د)","[""editorial-note""]","review","uncertain","medium","unresolved-sense","The note identifies context/register, but deleting it alone does not verify the English sense or Arabic equivalence.","","false","AI-assisted linguistic review","[]","8133","0","review","uncertain","المراجع(د)","المراجعد","المراجعد","false",""
"h8138:t0","ANT","نمل","[""abbreviation""]","approved","msa","high","verified-lexical-sense","The supplied Arabic is a valid MSA rendering of the ordinary lexical sense of ANT; an abbreviation-source match is not grounds for exclusion.","","false","AI-assisted linguistic review","[]","8138","0","review","uncertain","نمل","نمل","نمل","true",""
"h8138:t1","ANT","النمل","[""abbreviation""]","approved","msa","high","verified-lexical-sense","The supplied Arabic is a valid MSA rendering of the ordinary lexical sense of ANT; an abbreviation-source match is not grounds for exclusion.","","false","AI-assisted linguistic review","[]","8138","1","review","uncertain","النمل","النمل","النمل","true",""
"h8143:t0","APT","مناسب","[""abbreviation""]","approved","msa","high","verified-lexical-sense","The supplied Arabic is a valid MSA rendering of the ordinary lexical sense of APT; an abbreviation-source match is not grounds for exclusion.","","false","AI-assisted linguistic review","[]","8143","0","review","uncertain","مناسب","مناسب","مناسب","true",""
"h8161:t0","GEM","جوهرة","[""abbreviation""]","approved","msa","high","verified-lexical-sense","The supplied Arabic is a valid MSA rendering of the ordinary lexical sense of GEM; an abbreviation-source match is not grounds for exclusion.","","false","AI-assisted linguistic review","[]","8161","0","review","uncertain","جوهرة","جوهرة","جوهرة","true",""
"h8161:t1","GEM","الجوهرة","[""abbreviation""]","approved","msa","high","verified-lexical-sense","The supplied Arabic is a valid MSA rendering of the ordinary lexical sense of GEM; an abbreviation-source match is not grounds for exclusion.","","false","AI-assisted linguistic review","[]","8161","1","review","uncertain","الجوهرة","الجوهرة","الجوهرة","true",""
"h8309:t0","LIZ","ليز","[""abbreviation"",""proper-name""]","rejected","uncertain","high","personal-or-geographic-name","This relationship renders an identified personal name, surname, month abbreviation/name or geographic proper noun, outside the standard general-vocabulary pool. No spelling rewrite is needed for exclusion.","","false","AI-assisted linguistic review","[]","8309","0","review","uncertain","ليز","ليز","ليز","true",""
"h8375:t0","ATE","أكل (ماضي)","[""abbreviation"",""editorial-note""]","approved","msa","high","editorial-note","The parenthetical text is an editorial label. 'أكل' correctly expresses this English past-tense/interjection/preposition sense without that label.","أكل","true","AI-assisted linguistic review","[]","8375","0","review","uncertain","أكل","أكلماضي","أكل","true",""
"h8434:t0","MU","صوت البقرة","[""abbreviation""]","review","uncertain","medium","unresolved-sense","The English spelling admits abbreviation/name/lexical readings; this Arabic relationship needs a verified sense before approval.","","false","AI-assisted linguistic review","[]","8434","0","review","uncertain","صوت البقرة","صوتالبقرة","صوتالبقرة","false",""
"h8457:t0","ALA","علا","[""abbreviation""]","review","uncertain","medium","unresolved-sense","The English spelling admits abbreviation/name/lexical readings; this Arabic relationship needs a verified sense before approval.","","false","AI-assisted linguistic review","[]","8457","0","review","uncertain","علا","علا","علا","false",""
"h8457:t1","ALA","علاء","[""abbreviation""]","review","uncertain","medium","unresolved-sense","The English spelling admits abbreviation/name/lexical readings; this Arabic relationship needs a verified sense before approval.","","false","AI-assisted linguistic review","[]","8457","1","review","uncertain","علاء","علاء","علاء","false",""
"h8501:t0","DOW","داو","[""abbreviation""]","review","uncertain","medium","unresolved-sense","The English spelling admits abbreviation/name/lexical readings; this Arabic relationship needs a verified sense before approval.","","false","AI-assisted linguistic review","[]","8501","0","review","uncertain","داو","داو","داو","false",""
"h8501:t1","DOW","يغمس (قديم)","[""abbreviation"",""editorial-note""]","review","uncertain","medium","unresolved-sense","The note identifies context/register, but deleting it alone does not verify the English sense or Arabic equivalence.","","false","AI-assisted linguistic review","[]","8501","1","review","uncertain","يغمس (قديم)","يغمسقديم","يغمسقديم","false",""
"h8610:t0","HAY","قش","[""abbreviation""]","approved","msa","high","verified-lexical-sense","The supplied Arabic is a valid MSA rendering of the ordinary lexical sense of HAY; an abbreviation-source match is not grounds for exclusion.","","false","AI-assisted linguistic review","[]","8610","0","review","uncertain","قش","قش","قش","true",""
"h8610:t1","HAY","القش","[""abbreviation""]","approved","msa","high","verified-lexical-sense","The supplied Arabic is a valid MSA rendering of the ordinary lexical sense of HAY; an abbreviation-source match is not grounds for exclusion.","","false","AI-assisted linguistic review","[]","8610","1","review","uncertain","القش","القش","القش","true",""
"h8610:t2","HAY","هاي","[""abbreviation""]","review","uncertain","medium","unresolved-sense","The English spelling admits abbreviation/name/lexical readings; this Arabic relationship needs a verified sense before approval.","","false","AI-assisted linguistic review","[]","8610","2","review","uncertain","هاي","هاي","هاي","false",""
"h8631:t0","ISA","عيسى","[""abbreviation""]","review","uncertain","medium","unresolved-sense","The English spelling admits abbreviation/name/lexical readings; this Arabic relationship needs a verified sense before approval.","","false","AI-assisted linguistic review","[]","8631","0","review","uncertain","عيسى","عيسى","عيسى","false",""
"h8657:t0","MIC","الميكروفون","[""abbreviation""]","approved","msa","high","verified-lexical-sense","The supplied Arabic is a valid MSA rendering of the ordinary lexical sense of MIC; an abbreviation-source match is not grounds for exclusion.","","false","AI-assisted linguistic review","[]","8657","0","review","uncertain","الميكروفون","الميكروفون","الميكروفون","true",""
"h8657:t1","MIC","ميك","[""abbreviation""]","review","uncertain","medium","unresolved-sense","The English spelling admits abbreviation/name/lexical readings; this Arabic relationship needs a verified sense before approval.","","false","AI-assisted linguistic review","[]","8657","1","review","uncertain","ميك","ميك","ميك","false",""
"h8712:t0","PAM","بام","[""abbreviation"",""proper-name""]","rejected","uncertain","high","personal-or-geographic-name","This relationship renders an identified personal name, surname, month abbreviation/name or geographic proper noun, outside the standard general-vocabulary pool. No spelling rewrite is needed for exclusion.","","false","AI-assisted linguistic review","[]","8712","0","review","uncertain","بام","بام","بام","true",""
"h8724:t0","COP","الشرطي","[""abbreviation""]","approved","msa","high","verified-lexical-sense","The supplied Arabic is a valid MSA rendering of the ordinary lexical sense of COP; an abbreviation-source match is not grounds for exclusion.","","false","AI-assisted linguistic review","[]","8724","0","review","uncertain","الشرطي","الشرطي","الشرطي","true",""
"h8724:t1","COP","شرطي","[""abbreviation""]","approved","msa","high","verified-lexical-sense","The supplied Arabic is a valid MSA rendering of the ordinary lexical sense of COP; an abbreviation-source match is not grounds for exclusion.","","false","AI-assisted linguistic review","[]","8724","1","review","uncertain","شرطي","شرطي","شرطي","true",""
"h8731:t0","DIM","ديم","[""abbreviation""]","review","uncertain","medium","unresolved-sense","The English spelling admits abbreviation/name/lexical readings; this Arabic relationship needs a verified sense before approval.","","false","AI-assisted linguistic review","[]","8731","0","review","uncertain","ديم","ديم","ديم","false",""
"h8731:t1","DIM","خافت","[""abbreviation""]","approved","msa","high","verified-lexical-sense","The supplied Arabic is a valid MSA rendering of the ordinary lexical sense of DIM; an abbreviation-source match is not grounds for exclusion.","","false","AI-assisted linguistic review","[]","8731","1","review","uncertain","خافت","خافت","خافت","true",""
"h8754:t0","MAI","الماي","[""abbreviation""]","review","uncertain","medium","unresolved-sense","The English spelling admits abbreviation/name/lexical readings; this Arabic relationship needs a verified sense before approval.","","false","AI-assisted linguistic review","[]","8754","0","review","uncertain","الماي","الماي","الماي","false",""
"h8754:t1","MAI","ماي","[""abbreviation""]","review","uncertain","medium","unresolved-sense","The English spelling admits abbreviation/name/lexical readings; this Arabic relationship needs a verified sense before approval.","","false","AI-assisted linguistic review","[]","8754","1","review","uncertain","ماي","ماي","ماي","false",""
"h8786:t0","ABU","ابو","[""abbreviation""]","review","uncertain","medium","unresolved-sense","The English spelling admits abbreviation/name/lexical readings; this Arabic relationship needs a verified sense before approval.","","false","AI-assisted linguistic review","[]","8786","0","review","uncertain","ابو","ابو","ابو","false",""
"h8861:t0","LOU","لو","[""abbreviation""]","review","uncertain","medium","unresolved-sense","The English spelling admits abbreviation/name/lexical readings; this Arabic relationship needs a verified sense before approval.","","false","AI-assisted linguistic review","[]","8861","0","review","uncertain","لو","لو","لو","false",""
"h8861:t1","LOU","لوو","[""abbreviation""]","review","uncertain","medium","unresolved-sense","The English spelling admits abbreviation/name/lexical readings; this Arabic relationship needs a verified sense before approval.","","false","AI-assisted linguistic review","[]","8861","1","review","uncertain","لوو","لوو","لوو","false",""
"h8911:t0","DEE","دي","[""abbreviation""]","review","uncertain","medium","unresolved-sense","The English spelling admits abbreviation/name/lexical readings; this Arabic relationship needs a verified sense before approval.","","false","AI-assisted linguistic review","[]","8911","0","review","uncertain","دي","دي","دي","false",""
"h8927:t0","MAE","ماي","[""abbreviation""]","review","uncertain","medium","unresolved-sense","The English spelling admits abbreviation/name/lexical readings; this Arabic relationship needs a verified sense before approval.","","false","AI-assisted linguistic review","[]","8927","0","review","uncertain","ماي","ماي","ماي","false",""
"h8929:t0","MEL","ميل","[""abbreviation""]","review","uncertain","medium","unresolved-sense","The English spelling admits abbreviation/name/lexical readings; this Arabic relationship needs a verified sense before approval.","","false","AI-assisted linguistic review","[]","8929","0","review","uncertain","ميل","ميل","ميل","false",""
"h9012:t0","MIA","ميا","[""abbreviation""]","review","uncertain","medium","unresolved-sense","The English spelling admits abbreviation/name/lexical readings; this Arabic relationship needs a verified sense before approval.","","false","AI-assisted linguistic review","[]","9012","0","review","uncertain","ميا","ميا","ميا","false",""
"h9017:t0","WAN","وان","[""abbreviation""]","review","uncertain","medium","unresolved-sense","The English spelling admits abbreviation/name/lexical readings; this Arabic relationship needs a verified sense before approval.","","false","AI-assisted linguistic review","[]","9017","0","review","uncertain","وان","وان","وان","false",""
"h9073:t0","SEN","صن","[""abbreviation""]","review","uncertain","medium","unresolved-sense","The English spelling admits abbreviation/name/lexical readings; this Arabic relationship needs a verified sense before approval.","","false","AI-assisted linguistic review","[]","9073","0","review","uncertain","صن","صن","صن","false",""
"h9073:t1","SEN","سين","[""abbreviation""]","review","uncertain","medium","unresolved-sense","The English spelling admits abbreviation/name/lexical readings; this Arabic relationship needs a verified sense before approval.","","false","AI-assisted linguistic review","[]","9073","1","review","uncertain","سين","سين","سين","false",""
"h9169:t0","CHO","تشو","[""abbreviation""]","review","uncertain","medium","unresolved-sense","The English spelling admits abbreviation/name/lexical readings; this Arabic relationship needs a verified sense before approval.","","false","AI-assisted linguistic review","[]","9169","0","review","uncertain","تشو","تشو","تشو","false",""
"h9808:t0","CAIRO","القاهره","[""place-name""]","rejected","uncertain","high","geographic-name","The supplied Arabic denotes a geographic proper name, not a general lexical sense; exclude this relationship without rewriting it.","","false","AI-assisted linguistic review","[]","9808","0","review","uncertain","القاهره","القاهره","القاهره","true",""
"h9808:t1","CAIRO","القاهرة","[""place-name""]","rejected","uncertain","high","geographic-name","The supplied Arabic denotes a geographic proper name, not a general lexical sense; exclude this relationship without rewriting it.","","false","AI-assisted linguistic review","[]","9808","1","review","uncertain","القاهرة","القاهرة","القاهرة","true",""
"h10265:t0","COCA","الكوكا","[""brand-name""]","approved","msa","high","valid-botanical-loanword","COCA is also the botanical plant, and الكوكا is recorded in the Cairo Arabic Academy dictionary. Retain this lexical borrowing instead of treating COCA solely as a brand.","","false","AI-assisted linguistic review","[""https://www.arabicacademy.gov.eg/ar/محرك-البحث/الكُوكا?exact_search=true""]","10265","0","review","uncertain","الكوكا","الكوكا","الكوكا","true",""
"h10265:t1","COCA","كوكا","[""brand-name""]","approved","msa","high","valid-botanical-loanword","COCA is also the botanical plant, and الكوكا is recorded in the Cairo Arabic Academy dictionary. Retain this lexical borrowing instead of treating COCA solely as a brand.","","false","AI-assisted linguistic review","[""https://www.arabicacademy.gov.eg/ar/محرك-البحث/الكُوكا?exact_search=true""]","10265","1","review","uncertain","كوكا","كوكا","كوكا","true",""
"h10763:t0","AY","آه (تعبير عن الألم)","[""editorial-note""]","review","uncertain","medium","unresolved-sense","The note identifies context/register, but deleting it alone does not verify the English sense or Arabic equivalence.","","false","AI-assisted linguistic review","[]","10763","0","review","uncertain","آه (تعبير عن الألم)","آهتعبيرعنالألم","آهتعبيرعنالألم","false",""
"h10803:t0","WO","واو (ألم)","[""editorial-note""]","review","uncertain","medium","unresolved-sense","The note identifies context/register, but deleting it alone does not verify the English sense or Arabic equivalence.","","false","AI-assisted linguistic review","[]","10803","0","review","uncertain","واو (ألم)","واوألم","واوألم","false",""
"h10946:t0","MUHAMMAD","محمد","[""proper-name""]","rejected","uncertain","high","personal-or-geographic-name","This relationship renders an identified personal name, surname, month abbreviation/name or geographic proper noun, outside the standard general-vocabulary pool. No spelling rewrite is needed for exclusion.","","false","AI-assisted linguistic review","[]","10946","0","review","uncertain","محمد","محمد","محمد","true",""
"h11124:t2","BIS","مرتين (لاتيني)","[""editorial-note""]","review","uncertain","medium","unresolved-sense","The note identifies context/register, but deleting it alone does not verify the English sense or Arabic equivalence.","","false","AI-assisted linguistic review","[]","11124","2","review","uncertain","مرتين (لاتيني)","مرتينلاتيني","مرتينلاتيني","false",""
"h11549:t0","AHMED","احمد","[""proper-name""]","rejected","uncertain","high","personal-or-geographic-name","This relationship renders an identified personal name, surname, month abbreviation/name or geographic proper noun, outside the standard general-vocabulary pool. No spelling rewrite is needed for exclusion.","","false","AI-assisted linguistic review","[]","11549","0","review","uncertain","احمد","احمد","احمد","true",""
"h11742:t1","BRO","أخ (عامية)","[""editorial-note""]","review","msa","medium","register-or-sense-review","The proposed spelling/base may be MSA, but the English register, grammatical person or intended sense needs confirmation. No text change applied.","أخ","false","AI-assisted linguistic review","[]","11742","1","review","uncertain","أخ (عامية)","أخعامية","أخعامية","true",""
"h12035:t0","OW","آوو (ألم)","[""editorial-note""]","review","uncertain","medium","unresolved-sense","The note identifies context/register, but deleting it alone does not verify the English sense or Arabic equivalence.","","false","AI-assisted linguistic review","[]","12035","0","review","uncertain","آوو (ألم)","آووألم","آووألم","false",""
"h12304:t1","BOS","رئيس (اختصار)","[""editorial-note""]","review","uncertain","medium","unresolved-sense","The note identifies context/register, but deleting it alone does not verify the English sense or Arabic equivalence.","","false","AI-assisted linguistic review","[]","12304","1","review","uncertain","رئيس (اختصار)","رئيساختصار","رئيساختصار","false",""
"h12602:t0","BAS","أساس (فرنسي)","[""editorial-note""]","review","uncertain","medium","unresolved-sense","The note identifies context/register, but deleting it alone does not verify the English sense or Arabic equivalence.","","false","AI-assisted linguistic review","[]","12602","0","review","uncertain","أساس (فرنسي)","أساسفرنسي","أساسفرنسي","false",""
"h12804:t0","PEPSI","بيبسي","[""brand-name""]","rejected","uncertain","high","brand-product","The Arabic is a company/product-name rendering; exclude from the standard vocabulary pool.","","false","AI-assisted linguistic review","[]","12804","0","review","uncertain","بيبسي","بيبسي","بيبسي","true",""
"h12829:t1","DUG","حفر (ماضي)","[""editorial-note""]","approved","msa","high","editorial-note","The parenthetical text is an editorial label. 'حفر' correctly expresses this English past-tense/interjection/preposition sense without that label.","حفر","true","AI-assisted linguistic review","[]","12829","1","review","uncertain","حفر","حفرماضي","حفر","true",""
"h13238:t0","BOD","جسم (عامية)","[""editorial-note""]","review","uncertain","medium","unresolved-sense","The note identifies context/register, but deleting it alone does not verify the English sense or Arabic equivalence.","","false","AI-assisted linguistic review","[]","13238","0","review","uncertain","جسم (عامية)","جسمعامية","جسمعامية","false",""
"h13938:t0","DUH","طبعاً (سخرية)","[""editorial-note""]","review","uncertain","medium","unresolved-sense","The note identifies context/register, but deleting it alone does not verify the English sense or Arabic equivalence.","","false","AI-assisted linguistic review","[]","13938","0","review","uncertain","طبعاً (سخرية)","طبعاسخرية","طبعاسخرية","false",""
"h13951:t0","AVA","ماء (لاتيني)","[""editorial-note""]","rejected","uncertain","high","wrong-or-foreign-relation","AVA as Latin water is not a verified English lexical relationship; reject the erroneous foreign-language relation.","","false","AI-assisted linguistic review","[]","13951","0","review","uncertain","ماء (لاتيني)","ماءلاتيني","ماءلاتيني","true",""
"h14220:t0","CEL","خلية (اختصار)","[""editorial-note""]","review","uncertain","medium","unresolved-sense","The note identifies context/register, but deleting it alone does not verify the English sense or Arabic equivalence.","","false","AI-assisted linguistic review","[]","14220","0","review","uncertain","خلية (اختصار)","خليةاختصار","خليةاختصار","false",""
"h15171:t0","ERM","تردد (عامية)","[""editorial-note""]","review","uncertain","medium","unresolved-sense","The note identifies context/register, but deleting it alone does not verify the English sense or Arabic equivalence.","","false","AI-assisted linguistic review","[]","15171","0","review","uncertain","تردد (عامية)","ترددعامية","ترددعامية","false",""
"h15210:t0","ERE","قبل (شاعري)","[""editorial-note""]","approved","msa","high","editorial-note","The parenthetical text is an editorial label. 'قبل' correctly expresses this English past-tense/interjection/preposition sense without that label.","قبل","true","AI-assisted linguistic review","[]","15210","0","review","uncertain","قبل","قبلشاعري","قبل","true",""
"h15696:t0","RIYADH","الرياض","[""place-name""]","rejected","uncertain","high","geographic-name","The supplied Arabic denotes a geographic proper name, not a general lexical sense; exclude this relationship without rewriting it.","","false","AI-assisted linguistic review","[]","15696","0","review","uncertain","الرياض","الرياض","الرياض","true",""
"h15696:t1","RIYADH","رياض","[""place-name""]","rejected","uncertain","high","geographic-name","The supplied Arabic denotes a geographic proper name, not a general lexical sense; exclude this relationship without rewriting it.","","false","AI-assisted linguistic review","[]","15696","1","review","uncertain","رياض","رياض","رياض","true",""
