"headwordIndex","english","referenceArabic","englishLength","arabicLengths","learnerScore","qualityPotential","domainScore","matchedDomainIds","matchedPatterns","failedSeedsHelped","domainFamilies","finalSelectionScore","oldStatus","initialStatus","finalStatus","reason","headwords","relationships","headwordStatus","relationshipStatus","register","allowedEnToAr","allowedArToEn","preferredEnToAr","preferredArToEn","restrictedEnToAr","restrictedArToEn","allowedNonpreferredArToEn","posAssignments","unresolvedPos","senseAssignments","multiword"
"2451","SECRET","سر","6","[2,3,4]","135.94697820714447","2","35","[""dbfd1d39faa14771"",""ca1be5e7be0e81be"",""117a8289c195e9b0"",""9a354db9cc456d46"",""201ff8b9feb54b7c"",""8b0d50fa4483faf9""]","[""11:ar_to_en:??????"",""11:en_to_ar:?س"",""11:en_to_ar:س?"",""9:en_to_ar:س?"",""9:en_to_ar:?س"",""11:en_to_ar:ير?""]","[1,2,3,4,5,6,7,8,9,10,11,12,13,14,15,16,17,18,19,20,21,22,24,25,26,27,28,29,30]","[""ar_to_en:6"",""en_to_ar:2"",""en_to_ar:3""]","172.94697820714447","review","approved","approved","Selected general vocabulary. Approval requires at least one approved MSA relationship; an unsuitable translation alone does not reject the headword.","1","4","{""approved"":1}","{""approved"":4}","{""msa"":4}","4","4","2","2","0","0","2","4","0","0","0"
"3131","LINEAR","خطي","6","[3,4,5]","131.18300526213213","2","35","[""08632315e9b92ec0"",""56c50503a634743f"",""5fc331f1ac752a54"",""7331c6bb447a2723"",""26010c45ba7507d2"",""3687d4340d942c08"",""538232ad30dbb2cc"",""f52aa235b943a764"",""d4616716ab5b9313"",""65d290baeb07292e""]","[""11:ar_to_en:??N???"",""11:ar_to_en:??E???"",""11:ar_to_en:??????"",""11:en_to_ar:يط???"",""9:en_to_ar:يط?""]","[2,4,5,6,7,8,18,19,20,23,24,30]","[""ar_to_en:6"",""en_to_ar:5"",""en_to_ar:3""]","168.18300526213213","review","approved","approved","Selected general vocabulary. Approval requires at least one approved MSA relationship; an unsuitable translation alone does not reject the headword.","1","3","{""approved"":1}","{""approved"":3}","{""msa"":3}","3","3","1","1","0","0","2","3","0","0","0"
"2612","MINE","الألغام","4","[2,3,4,5,7]","134.6921075455334","2","30.266364716150715","[""f66b7dbc9e785d64"",""ce1e54d06bfa37b8"",""0d91cf08399bfc02"",""9127ee6b2801c19e"",""6bc8d969aa20c581"",""73e6970e3237d437"",""000cbad72da03ad0"",""095ada00b38cb4ae"",""005286d2ea4ef759"",""7254be2137c1bd41"",""15457537e9745c3f"",""a7ff25fb584a9296"",""607ce6e6434e6908"",""850a580fa34241eb""]","[""11:ar_to_en:????"",""11:ar_to_en:??I?"",""11:en_to_ar:?ي"",""11:en_to_ar:ي?"",""9:en_to_ar:ي?"",""9:en_to_ar:?ي"",""11:en_to_ar:لي"",""11:en_to_ar:يل"",""9:en_to_ar:لي"",""9:en_to_ar:يل"",""13:en_to_ar:لي"",""13:en_to_ar:ل?"",""11:en_to_ar:م?ل"",""11:en_to_ar:?غل""]","[1,2,3,4,5,6,7,8,9,10,11,12,13,14,15,16,17,18,19,20,21,22,25,26,27,28,29,30]","[""ar_to_en:4"",""en_to_ar:2"",""en_to_ar:3""]","166.9584722616841","review","approved","approved","Selected general vocabulary. Approval requires at least one approved MSA relationship; an unsuitable translation alone does not reject the headword.","1","7","{""approved"":1}","{""approved"":5,""review"":2}","{""msa"":7}","5","5","3","3","0","0","2","7","0","3","0"
"3334","RICE","الأرز","4","[2,3,4,5]","129.99625046869141","2","33.65188126189908","[""aa637211bf7b3cd4"",""daa58b2c01c3202d"",""612bddf630f37c7b"",""8dd7b9ced08373e1"",""8b49c5a29e016d86"",""2d075ae44a3c3088"",""175eae75413e2d90"",""eb34b54da8d205ec"",""f907ff3c6e376e95"",""425c18febf44c80f"",""b187cad4906e5f34"",""c97144c08b4bd3e6"",""50e40330fe120fd4"",""028484e266961cf2"",""999fb3efac557c8d""]","[""11:ar_to_en:?CI?"",""11:ar_to_en:??C?"",""13:ar_to_en:??C?"",""9:en_to_ar:ز?"",""9:en_to_ar:?ز"",""11:en_to_ar:ز?"",""11:en_to_ar:?ز"",""13:en_to_ar:زر"",""13:en_to_ar:رز"",""11:en_to_ar:ار?"",""9:en_to_ar:ار?"",""9:en_to_ar:زر"",""13:en_to_ar:ر?"",""13:en_to_ar:?ر""]","[1,2,3,4,5,6,7,8,9,10,11,12,13,14,15,16,17,18,19,20,22,25,26,27,28,29,30]","[""ar_to_en:4"",""en_to_ar:2"",""en_to_ar:3""]","165.64813173059048","review","approved","approved","Selected general vocabulary. Approval requires at least one approved MSA relationship; an unsuitable translation alone does not reject the headword.","1","6","{""approved"":1}","{""review"":5,""approved"":1}","{""msa"":3,""uncertain"":3}","1","1","1","1","0","0","0","5","1","0","0"
"2376","ORIGIN","الأصل","6","[3,5]","136.56307129798904","2","26.94436251225965","[""8a68ffccb817c76c"",""2e3720bf2fe9cf9c"",""99bb2b15371bdcea"",""b9a896369119991d"",""2c4e22d1ed769993"",""d0358de22ab81fcd"",""eaeea6403e9fee5f"",""655376ed192e698a"",""d1f12a505c5ae02b""]","[""11:ar_to_en:??????"",""11:en_to_ar:ا?ل"",""9:en_to_ar:?صا"",""11:en_to_ar:???صل"",""11:en_to_ar:لص???"",""9:en_to_ar:لص???"",""11:en_to_ar:ل?ا"",""9:en_to_ar:ا?ل""]","[2,5,6,7,8,9,13,17,18,19,22,23,26,27,28,30]","[""ar_to_en:6"",""en_to_ar:3"",""en_to_ar:5""]","165.5074338102487","review","approved","approved","Selected general vocabulary. Approval requires at least one approved MSA relationship; an unsuitable translation alone does not reject the headword.","1","3","{""approved"":1}","{""review"":2,""approved"":1}","{""msa"":3}","1","1","1","1","0","0","0","3","0","0","0"
"2053","RICH","غني","4","[3,4,6]","139.4769306686405","2","23.6323312532452","[""aa637211bf7b3cd4"",""f26238039ac183aa"",""8dd7b9ced08373e1"",""8b0d50fa4483faf9"",""6e8673e7a64e5974""]","[""11:ar_to_en:?CI?"",""13:ar_to_en:????"",""13:ar_to_en:??C?"",""11:en_to_ar:ير?"",""9:en_to_ar:ين?""]","[2,4,6,7,8,13,14,15,16,19,27,28,30]","[""ar_to_en:4"",""en_to_ar:3""]","165.10926192188572","review","approved","approved","Selected general vocabulary. Approval requires at least one approved MSA relationship; an unsuitable translation alone does not reject the headword.","1","6","{""approved"":1}","{""approved"":5,""review"":1}","{""msa"":5,""uncertain"":1}","5","5","1","1","0","0","4","5","1","0","0"
"2087","GAVE","أعطى","4","[3,4,5]","139.14851969659898","2","23.009775004326936","[""784dc2435da8c201"",""41df88c4f90e5fdc"",""73a8b23425953bae"",""d3e0568305d0c68a"",""def279fe81cb28b6"",""ac5c268d8725b255"",""88ab41b449a59a5e""]","[""13:ar_to_en:????"",""11:ar_to_en:????"",""11:en_to_ar:و?ب"",""9:en_to_ar:وه?""]","[3,4,9,10,12,13,14,15,19,21,23,24,27,28,29]","[""ar_to_en:4"",""en_to_ar:3""]","164.15829470092592","review","approved","approved","Selected general vocabulary. Approval requires at least one approved MSA relationship; an unsuitable translation alone does not reject the headword.","1","4","{""approved"":1}","{""review"":2,""approved"":2}","{""msa"":4}","2","2","1","1","0","0","1","4","0","0","0"
"1925","TASK","المهمة","4","[6]","140.76433121019107","2","20.897352853986263","[""cf0a6e3a8b89bd46"",""b23312e138bec595"",""dbea01233536a083""]","[""11:ar_to_en:KSA?"",""11:ar_to_en:????"",""11:ar_to_en:??S?""]","[5,18,19,30]","[""ar_to_en:4""]","163.66168406417734","review","approved","approved","Selected general vocabulary. Approval requires at least one approved MSA relationship; an unsuitable translation alone does not reject the headword.","1","1","{""approved"":1}","{""approved"":1}","{""msa"":1}","1","1","1","1","0","0","0","1","0","0","0"
"2224","DISC","القرص","4","[3,5]","137.87878787878788","2","23.774437510817343","[""aaf0cf3f1222e251"",""20406f46610f0c65""]","[""11:ar_to_en:????"",""11:en_to_ar:?رص""]","[2,7,14,23]","[""ar_to_en:4"",""en_to_ar:3""]","163.6532253896052","review","approved","approved","Selected general vocabulary. Approval requires at least one approved MSA relationship; an unsuitable translation alone does not reject the headword.","1","2","{""approved"":1}","{""approved"":2}","{""msa"":2}","2","2","1","1","0","0","1","2","0","0","0"
"2253","BRAIN","الدماغ","5","[2,3,4,6]","137.62050317422995","2","24","[""33a4cf88c6cabdcb"",""274ecc06e64057d0"",""f1301c0d85aad18a"",""8bd14f2e01fcebde"",""3c4f8df05313446b"",""a0c5de59b2011542"",""7a2d67950435d82c"",""8953a4af5e0fbed9"",""c14ab7c31a37768b""]","[""11:en_to_ar:خ?"",""11:en_to_ar:?خ"",""9:en_to_ar:خ?"",""9:en_to_ar:?خ"",""11:en_to_ar:??مد"",""9:en_to_ar:خم"",""9:en_to_ar:دم??"",""11:en_to_ar:خم"",""13:en_to_ar:?خ""]","[1,2,3,4,5,6,7,8,9,10,11,12,13,14,15,16,17,18,19,20,21,22,24,25,27,28,29,30]","[""en_to_ar:2"",""en_to_ar:4""]","163.62050317422995","review","approved","approved","Selected general vocabulary. Approval requires at least one approved MSA relationship; an unsuitable translation alone does not reject the headword.","1","5","{""approved"":1}","{""approved"":4,""review"":1}","{""msa"":5}","4","4","1","1","0","0","3","5","0","0","0"
"1678","PARENT","الوالد","6","[6]","143.50190320826536","2","18","[""bc94c1ed866c7c96"",""228902ebcf1fbe15"",""421758eb4d3686c0"",""9e02ecaf8cc68c4d"",""c02adb534d1b9934""]","[""11:ar_to_en:??ER??"",""11:ar_to_en:???E??"",""11:ar_to_en:??????"",""11:ar_to_en:??E???"",""11:ar_to_en:??R???""]","[2,7,17,20,23,24]","[""ar_to_en:6""]","163.50190320826536","review","approved","approved","Selected general vocabulary. Approval requires at least one approved MSA relationship; an unsuitable translation alone does not reject the headword.","1","1","{""approved"":1}","{""approved"":1}","{""msa"":1}","1","1","1","1","0","0","0","1","0","0","0"
"2244","DELETE","حذف","6","[3,4,5]","137.70028275212064","2","23.774437510817343","[""fc1a9d7c84e3bacb"",""8a68ffccb817c76c"",""31b0fe7fe99aaf0b"",""3687d4340d942c08"",""ed3534db4035b133"",""3fbc56eb61da8e4f"",""228902ebcf1fbe15"",""c30dd6dee410a8f8"",""dd91aadb5a0b0d7d"",""e1b51a4c0f01c6ff"",""e3c6a1eb05e9fe6a"",""a6246c3beeff2252"",""29a47999d715340a""]","[""11:ar_to_en:??E???"",""11:ar_to_en:??????"",""11:ar_to_en:???E??"",""11:en_to_ar:?ذف"",""11:en_to_ar:?ذ?""]","[2,5,7,8,18,19,20,23,24,28,30]","[""ar_to_en:6"",""en_to_ar:3""]","163.47472026293798","review","approved","approved","Selected general vocabulary. Approval requires at least one approved MSA relationship; an unsuitable translation alone does not reject the headword.","1","5","{""approved"":1}","{""approved"":5}","{""msa"":5}","5","5","1","1","0","0","4","5","0","0","0"
"1952","FUEL","الوقود","4","[4,6]","140.48582995951418","2","20.897352853986263","[""3815b450c62c443e""]","[""11:ar_to_en:?U??""]","[5,18,19,30]","[""ar_to_en:4""]","163.38318281350044","review","approved","approved","Selected general vocabulary. Approval requires at least one approved MSA relationship; an unsuitable translation alone does not reject the headword.","1","2","{""approved"":1}","{""approved"":2}","{""msa"":2}","2","2","1","1","0","0","1","2","0","0","0"
"2571","GENDER","نوع الجنس","6","[8,9]","135.00328155764603","2","25.65224035614973","[""0763656d10fe541f"",""577d0196f63f4c04"",""05566bb329d60960""]","[""11:ar_to_en:??D???"",""11:en_to_ar:???لاع??""]","[1,5,13,18,19,25,30]","[""ar_to_en:6"",""en_to_ar:8""]","162.65552191379575","review","approved","approved","Selected general vocabulary. Approval requires at least one approved MSA relationship; an unsuitable translation alone does not reject the headword.","1","2","{""approved"":1}","{""review"":1,""approved"":1}","{""msa"":2}","1","1","1","1","0","0","0","2","0","0","1"
"2832","EVIL","الشر","4","[2,3,4]","133.11258278145695","2","27.408518696265133","[""e5a1d5657f69de63"",""120d967259debe93"",""65586f08e13d8b44"",""b09521b85bcb5f09"",""ae8ede73e54668a1"",""b187cad4906e5f34"",""c97144c08b4bd3e6"",""edfde0f48fa3a252"",""a0dcb650f3ca7cbb""]","[""11:ar_to_en:??V?"",""11:en_to_ar:?ش"",""11:en_to_ar:ش?"",""9:en_to_ar:ش?"",""9:en_to_ar:?ش"",""11:en_to_ar:ار?"",""9:en_to_ar:ار?"",""9:en_to_ar:رش??"",""11:en_to_ar:?رش""]","[1,2,3,4,5,6,7,8,9,10,11,12,13,14,15,16,17,18,19,20,21,22,25,26,27,28,29,30]","[""ar_to_en:4"",""en_to_ar:2"",""en_to_ar:3"",""en_to_ar:4""]","162.52110147772208","review","approved","approved","Selected general vocabulary. Approval requires at least one approved MSA relationship; an unsuitable translation alone does not reject the headword.","1","3","{""approved"":1}","{""approved"":3}","{""msa"":3}","3","3","1","1","0","0","2","3","0","0","0"
"2039","EXPERT","خبير","6","[4,5,6,7]","139.6137657836098","2","20.897352853986263","[""fa03ba27841d6726"",""e3c6a1eb05e9fe6a""]","[""11:ar_to_en:??E???"",""11:ar_to_en:??????""]","[5,18,19,20,24,30]","[""ar_to_en:6""]","162.51111863759607","review","approved","approved","Selected general vocabulary. Approval requires at least one approved MSA relationship; an unsuitable translation alone does not reject the headword.","1","4","{""approved"":1}","{""approved"":4}","{""msa"":4}","4","4","1","1","0","0","3","4","0","0","0"
"2413","WIRE","سلك","4","[3,5]","136.25651484251077","2","24.06727785542857","[""52d0c7ab9e66883a"",""76a43bd8c4822cf2"",""78b15887ba538d0c"",""f461819d75b7280a"",""f70ed1647269380d""]","[""11:ar_to_en:????"",""11:ar_to_en:??R?"",""11:ar_to_en:??I?"",""11:en_to_ar:?لس""]","[4,5,7,8,15,18,19,23,28,30]","[""ar_to_en:4"",""en_to_ar:3""]","162.32379269793933","review","approved","approved","Selected general vocabulary. Approval requires at least one approved MSA relationship; an unsuitable translation alone does not reject the headword.","1","2","{""approved"":1}","{""approved"":2}","{""msa"":2}","2","2","1","1","0","0","1","2","0","0","0"
"1997","LIMIT","حد","5","[2,4]","140.03002251688767","2","20.264662506490403","[""6eff07afa1779e24"",""be4024ecb70e7f77"",""e5e3cbc68ac4e1e3"",""1fa90c91b41dec46"",""86aa8692e558b65a""]","[""11:ar_to_en:?????"",""11:en_to_ar:حد"",""9:en_to_ar:دح"",""11:en_to_ar:دح"",""9:en_to_ar:حد""]","[1,2,3,6,7,10,11,12,14,15,18,20,21,26,27,30]","[""ar_to_en:5"",""en_to_ar:2""]","162.29468502337807","review","approved","approved","Selected general vocabulary. Approval requires at least one approved MSA relationship; an unsuitable translation alone does not reject the headword.","1","2","{""approved"":1}","{""approved"":2}","{""msa"":2}","2","2","1","1","0","0","1","2","0","0","0"
"2204","CODES","رموز","5","[4,6]","138.05899143672693","2","22.019550008653873","[""e4e87dd4d6b83e56"",""52a414cf9b55cd29"",""2c9a332e30875a6d"",""3460180ffa027cd2""]","[""13:ar_to_en:??D??"",""11:en_to_ar:??مر"",""9:en_to_ar:رم??"",""9:en_to_ar:زو????""]","[3,4,5,8,13,17,18,19,25,30]","[""ar_to_en:5"",""en_to_ar:4"",""en_to_ar:6""]","162.0785414453808","review","approved","approved","Selected general vocabulary. Approval requires at least one approved MSA relationship; an unsuitable translation alone does not reject the headword.","1","2","{""approved"":1}","{""approved"":2}","{""msa"":2}","2","2","1","1","0","0","1","2","0","0","0"
"1849","EASILY","بسهولة","6","[6]","141.56923876331513","2","18","[""ca2cfcf976a30458"",""d7a8d134b5700261"",""807a7c443c0071ac"",""37b24edd42ec60dd"",""ba0362d8e3895d09""]","[""11:ar_to_en:??I???"",""11:ar_to_en:??????""]","[2,5,7,11,18,19,23,30]","[""ar_to_en:6""]","161.56923876331513","review","approved","approved","Selected general vocabulary. Approval requires at least one approved MSA relationship; an unsuitable translation alone does not reject the headword.","1","1","{""approved"":1}","{""approved"":1}","{""msa"":1}","1","1","1","1","0","0","0","1","0","0","0"
"2452","BATH","حمام","4","[3,4,6]","135.93890386343216","2","23.519550008653873","[""ba91352ea0b3e3c4"",""d576761f3c9f22e7"",""0fc5e3ddd5032111"",""927a2799415fa7e6"",""f92b968698b556af""]","[""11:ar_to_en:????"",""9:en_to_ar:ثا?"",""11:en_to_ar:مام?"",""11:en_to_ar:ما?ح""]","[1,2,3,7,11,18,22,25,27,29]","[""ar_to_en:4"",""en_to_ar:3"",""en_to_ar:4""]","161.45845387208604","review","approved","approved","Selected general vocabulary. Approval requires at least one approved MSA relationship; an unsuitable translation alone does not reject the headword.","1","3","{""approved"":1}","{""approved"":2,""review"":1}","{""msa"":2,""uncertain"":1}","2","2","1","1","0","0","1","2","1","0","0"
"3438","DOUBT","شك","5","[2,3,4]","129.4225818315557","2","29.643856189774727","[""3a3fe6ee587a66b6"",""120d967259debe93"",""9a909a90836b3618"",""65586f08e13d8b44"",""fc4ea4964459f785"",""b09521b85bcb5f09"",""fef226d3e6c0eca5"",""ae8ede73e54668a1"",""c401ce603564f061"",""381abe112c39c1c6"",""492eb87e7224c8b1"",""af03f35cd8db496c"",""a1c38e58bdc2bb97"",""0dee1e3d3bf72f6f"",""6d1a976f51eec93d"",""35190b06e43134fc"",""dc733ad6ca5900bc"",""e6970da37f028d30""]","[""11:ar_to_en:?B???"",""11:en_to_ar:?ش"",""11:en_to_ar:?ك"",""11:en_to_ar:ش?"",""11:en_to_ar:ك?"",""9:en_to_ar:ش?"",""9:en_to_ar:?ك"",""9:en_to_ar:?ش"",""9:en_to_ar:ك?"",""13:en_to_ar:?ك"",""13:en_to_ar:ش?"",""13:en_to_ar:?ش"",""9:en_to_ar:اش?"",""11:en_to_ar:?شا"",""13:en_to_ar:شك"",""13:en_to_ar:ك?""]","[1,2,3,4,5,6,7,8,9,10,11,12,13,14,15,16,17,18,19,20,21,22,25,26,27,28,29,30]","[""ar_to_en:5"",""en_to_ar:2"",""en_to_ar:3""]","161.06643802133044","review","approved","approved","Selected general vocabulary. Approval requires at least one approved MSA relationship; an unsuitable translation alone does not reject the headword.","1","3","{""approved"":1}","{""approved"":2,""review"":1}","{""msa"":3}","2","2","1","1","0","0","1","3","0","0","0"
"2194","EXPECT","توقع","6","[4,5]","138.14973772055316","2","20.897352853986263","[""fa03ba27841d6726"",""e3c6a1eb05e9fe6a""]","[""11:ar_to_en:??E???"",""11:ar_to_en:??????""]","[5,18,19,20,24,30]","[""ar_to_en:6""]","161.04709057453942","review","approved","approved","Selected general vocabulary. Approval requires at least one approved MSA relationship; an unsuitable translation alone does not reject the headword.","1","3","{""approved"":1}","{""review"":1,""approved"":2}","{""msa"":3}","2","2","1","1","0","0","1","3","0","0","0"
"2348","BEAR","الدب","4","[2,3,4]","136.79852805887765","2","21.599017034509092","[""7daecfa96885fe06"",""082558c3e3b56173"",""3a2c3878fceeb7fd"",""9cab93644f52a989"",""2222257fe6f0ad30"",""313cab59bd322c05"",""ed195bca626c0db5"",""b53d795c5faf16f2"",""e4d59c3e3c501d15""]","[""9:en_to_ar:دب"",""11:en_to_ar:دب"",""11:en_to_ar:بد"",""9:en_to_ar:بد"",""13:en_to_ar:?ب"",""11:en_to_ar:?ير"",""9:en_to_ar:ري?"",""11:en_to_ar:ر?ب"",""13:en_to_ar:??""]","[2,3,4,5,6,7,8,9,10,11,13,15,16,20,22,27,28,30]","[""en_to_ar:2"",""en_to_ar:3""]","160.39754509338675","review","approved","approved","Selected general vocabulary. Approval requires at least one approved MSA relationship; an unsuitable translation alone does not reject the headword.","1","3","{""approved"":1}","{""approved"":2,""review"":1}","{""msa"":2,""uncertain"":1}","2","2","1","1","0","0","1","2","1","0","0"
"2143","DAMAGE","الضرر","6","[3,5,7]","138.61935795317402","2","19.642106257572138","[""a53d890b5fb49ff9"",""8b8fa173fe814fb1"",""95f9c771af6d825e"",""0b90036d33897017"",""5fead9eb6a07f4b1""]","[""11:ar_to_en:??????"",""11:en_to_ar:رر?"",""9:en_to_ar:رر?"",""11:en_to_ar:رر???"",""9:en_to_ar:?رر""]","[4,5,7,9,10,13,20,23,26,27]","[""ar_to_en:6"",""en_to_ar:3"",""en_to_ar:5""]","160.26146421074617","review","approved","approved","Selected general vocabulary. Approval requires at least one approved MSA relationship; an unsuitable translation alone does not reject the headword.","1","4","{""approved"":1}","{""review"":2,""approved"":2}","{""msa"":4}","2","2","1","1","0","0","1","4","0","0","0"
"3068","POLL","استطلاع الرأي","4","[7,9,12]","131.57063930544592","2","26.151881261899078","[""8c07836ae01eeefc"",""2fabda001897e656"",""b2bf0587680a6db2"",""ce3bf3a841a15d5a""]","[""11:ar_to_en:??L?"",""11:en_to_ar:????ل?ع"",""9:en_to_ar:عا???????"",""9:en_to_ar:ع????????""]","[4,7,9,10,11,13,24]","[""ar_to_en:4"",""en_to_ar:7"",""en_to_ar:9""]","159.722520567345","review","approved","approved","Selected general vocabulary. Approval requires at least one approved MSA relationship; an unsuitable translation alone does not reject the headword.","1","3","{""approved"":1}","{""approved"":3}","{""msa"":3}","3","3","1","1","0","0","2","3","0","0","1"
"2150","SNOW","ثلج","4","[3,5]","138.55421686746988","2","19.019550008653873","[""1eac98a189ce5fe9"",""8c1df16cda4bb43d"",""f74c58a423e59b40"",""07444b9d2d9b14d0"",""380b41aca9e8415c""]","[""9:en_to_ar:???لج"",""9:en_to_ar:ثل?"",""11:en_to_ar:?نس"",""11:en_to_ar:جل?"",""11:en_to_ar:?لج""]","[2,4,8,9,11,16,17,18,19,22]","[""en_to_ar:5"",""en_to_ar:3""]","159.57376687612376","review","approved","approved","Selected general vocabulary. Approval requires at least one approved MSA relationship; an unsuitable translation alone does not reject the headword.","1","3","{""approved"":1}","{""approved"":2,""review"":1}","{""msa"":2,""uncertain"":1}","2","2","1","1","0","0","1","2","1","0","0"
"1720","TITLES","العناوين","6","[5,6,7,8]","143.01075268817203","2","14.264662506490405","[""8c709007bbfe739c"",""0c13c47510b1d172"",""05caddd5d34d9824""]","[""11:ar_to_en:??????""]","[7,20,23,24]","[""ar_to_en:6""]","159.27541519466243","review","approved","approved","Selected general vocabulary. Approval requires at least one approved MSA relationship; an unsuitable translation alone does not reject the headword.","1","4","{""approved"":1}","{""approved"":2,""review"":2}","{""msa"":4}","2","2","1","1","0","0","1","4","0","0","0"
"2157","DOLLAR","دولار","6","[5,7]","138.48929516478228","2","18.509775004326936","[""67d9cc933319bfab"",""d0a5f6db40967d61""]","[""11:ar_to_en:??L???"",""11:en_to_ar:????ل?ر""]","[11,13,18,19,30]","[""ar_to_en:6"",""en_to_ar:7""]","158.99907016910922","review","approved","approved","Selected general vocabulary. Approval requires at least one approved MSA relationship; an unsuitable translation alone does not reject the headword.","1","2","{""approved"":1}","{""approved"":2}","{""msa"":2}","2","2","1","1","0","0","1","2","0","0","0"
"1764","CELLS","الخلايا","5","[5,7,9]","142.50797024442082","2","14.264662506490405","[""a4ffbaebe4190b79"",""fd397649ca590bc4""]","[""13:ar_to_en:?LL??"",""9:en_to_ar:??????زل?""]","[2,8,22]","[""ar_to_en:5"",""en_to_ar:9""]","158.7726327509112","review","approved","approved","Selected general vocabulary. Approval requires at least one approved MSA relationship; an unsuitable translation alone does not reject the headword.","1","3","{""approved"":1}","{""approved"":3}","{""msa"":3}","3","3","1","1","0","0","2","3","0","1","0"
"1782","CALLS","المكالمات","5","[7,8,9]","142.30565838180857","2","14.264662506490405","[""a4ffbaebe4190b79"",""d928feb138a3f509""]","[""13:ar_to_en:?LL??"",""9:en_to_ar:?????ك???""]","[2,4,17,22]","[""ar_to_en:5"",""en_to_ar:9""]","158.57032088829897","review","approved","approved","Selected general vocabulary. Approval requires at least one approved MSA relationship; an unsuitable translation alone does not reject the headword.","1","4","{""approved"":1}","{""approved"":4}","{""msa"":4}","4","4","1","1","0","0","3","4","0","1","0"
"1784","COVERAGE","التغطية","8","[5,6,7]","142.2832980972516","2","14.264662506490405","[""34ae561ecfc35a24"",""8d5947270ef0115d"",""9f5b887e26b8d59f""]","[""13:ar_to_en:????????""]","[11,17]","[""ar_to_en:8""]","158.54796060374198","review","approved","approved","Selected general vocabulary. Approval requires at least one approved MSA relationship; an unsuitable translation alone does not reject the headword.","1","3","{""approved"":1}","{""review"":1,""approved"":2}","{""msa"":3}","2","2","1","1","0","0","1","3","0","0","0"
"2203","GONE","ذهب","4","[3,4]","138.06804663335714","2","18.25488750216347","[""784dc2435da8c201"",""41df88c4f90e5fdc"",""73a8b23425953bae"",""d3e0568305d0c68a"",""def279fe81cb28b6"",""00b2cc2a80754e68"",""2ddcdb1b45145c11"",""5882f33115bc2789"",""ae0661897b3f35b2"",""e9710123f113ab8a""]","[""13:ar_to_en:????"",""11:ar_to_en:????"",""9:en_to_ar:?حل"",""11:en_to_ar:ل?ر"",""9:en_to_ar:رح?"",""9:en_to_ar:لح?"",""11:en_to_ar:لح?""]","[3,4,5,6,7,8,10,12,13,14,15,18,21,23,24,27,29]","[""ar_to_en:4"",""en_to_ar:3""]","158.3229341355206","review","approved","approved","Selected general vocabulary. Approval requires at least one approved MSA relationship; an unsuitable translation alone does not reject the headword.","1","4","{""approved"":1}","{""approved"":4}","{""msa"":4}","4","4","1","1","0","0","3","4","0","0","0"
"2048","ORANGE","البرتقال","6","[6,7,8,9]","139.52569169960475","2","16.642106257572138","[""113b90ff3a47bece"",""1930580e02d5f992"",""c2ed81ff9e86352d""]","[""11:ar_to_en:??????"",""9:en_to_ar:يل???????""]","[7,9,13,20,23,24]","[""ar_to_en:6"",""en_to_ar:9""]","158.1677979571769","review","approved","approved","Selected general vocabulary. Approval requires at least one approved MSA relationship; an unsuitable translation alone does not reject the headword.","1","6","{""approved"":1}","{""review"":1,""approved"":5}","{""uncertain"":1,""msa"":5}","5","5","2","2","0","0","3","5","1","0","0"
"2214","SENATE","مجلس الشيوخ","6","[10]","137.96867584243","2","18","[""f294d000b00ed868"",""a53d890b5fb49ff9""]","[""11:ar_to_en:??A???"",""11:ar_to_en:??????""]","[7,11,23]","[""ar_to_en:6""]","157.96867584243","review","approved","approved","Selected general vocabulary. Approval requires at least one approved MSA relationship; an unsuitable translation alone does not reject the headword.","1","1","{""approved"":1}","{""approved"":1}","{""msa"":1}","1","1","1","1","0","0","0","1","0","0","1"
"2550","SLEEP","النوم","5","[2,3,4,5]","135.16483516483515","2","20.77618744301993","[""e5d72c5831132114"",""9dd7fd7b82f7229a"",""ee94e2d3b8a026d9"",""532b84b8bb564526"",""7f291f650b6fdaa6"",""ed661dc84dcfc7a9"",""482a779da2cf8c27"",""c5fb1a7546939562"",""6119d6f55b5365f3"",""cd2a79bbb9244b51"",""f8ed5f33636c9345""]","[""11:ar_to_en:??E??"",""13:en_to_ar:من"",""11:en_to_ar:نم"",""11:en_to_ar:من"",""11:en_to_ar:?وم"",""9:en_to_ar:نم"",""9:en_to_ar:من"",""9:en_to_ar:مو?"",""9:en_to_ar:?وم"",""13:en_to_ar:?م""]","[2,4,6,7,8,9,10,12,13,14,15,16,17,18,21,23,25,27,28,29,30]","[""ar_to_en:5"",""en_to_ar:2"",""en_to_ar:3""]","157.94102260785507","review","approved","approved","Selected general vocabulary. Approval requires at least one approved MSA relationship; an unsuitable translation alone does not reject the headword.","1","5","{""approved"":1}","{""approved"":5}","{""msa"":5}","5","5","2","2","0","0","3","5","0","0","0"
"3420","SEEMED","بدا","6","[3]","129.52029520295204","2","26.264662506490403","[""8a6ac1fe2ba83990"",""e9f5da2ce7c705f9"",""8bb6ece58757ce2c"",""05caddd5d34d9824"",""dd91aadb5a0b0d7d"",""5de507a846ac467e"",""3873cd5bb88cfd8a"",""fe8f7901c7746f39"",""41906a36bc144aba"",""c87828813183f18d"",""a20fd07f0e6155c7""]","[""11:ar_to_en:??M???"",""11:ar_to_en:??E???"",""11:ar_to_en:??????"",""11:en_to_ar:اد?"",""11:en_to_ar:ا?ب"",""11:en_to_ar:بد?"",""9:en_to_ar:ا?ب"",""11:en_to_ar:ب?ا"",""9:en_to_ar:اد?""]","[2,5,6,7,8,10,13,14,15,16,17,18,19,20,23,24,26,28,29,30]","[""ar_to_en:6"",""en_to_ar:3""]","157.78495770944244","review","approved","approved","Selected general vocabulary. Approval requires at least one approved MSA relationship; an unsuitable translation alone does not reject the headword.","1","3","{""approved"":1}","{""approved"":2,""review"":1}","{""msa"":3}","2","2","1","1","0","0","1","3","0","0","0"
"2186","PROFIT","الأرباح","6","[3,5,7]","138.2226469182991","2","17.264662506490403","[""71c7a8004ab60289"",""99828ae3f5cdb9e5"",""a50a376fc2a93373""]","[""11:en_to_ar:حب?"",""11:en_to_ar:حب???"",""11:en_to_ar:?بح""]","[2,6,8,11,13,21,26]","[""en_to_ar:3"",""en_to_ar:5""]","157.4873094247895","review","approved","approved","Selected general vocabulary. Approval requires at least one approved MSA relationship; an unsuitable translation alone does not reject the headword.","1","5","{""approved"":1}","{""review"":3,""approved"":2}","{""msa"":5}","2","2","1","1","0","0","1","5","0","0","0"
"2011","URBAN","الحضر","5","[4,5,6,7]","139.8903016704064","2","15.509775004326936","[""4df01bce9a907871"",""97bbb355febe7f19"",""ac2ec0077e573040""]","[""13:ar_to_en:????U"",""13:ar_to_en:U????"",""9:en_to_ar:رض???""]","[2,18,20,21,30]","[""ar_to_en:5"",""en_to_ar:5""]","157.40007667473333","review","approved","approved","Selected general vocabulary. Approval requires at least one approved MSA relationship; an unsuitable translation alone does not reject the headword.","1","5","{""approved"":1}","{""review"":1,""approved"":4}","{""msa"":5}","4","4","1","1","0","0","3","5","0","0","0"
"1926","REDUCE","تقليل","6","[5]","140.75394803871626","2","14.264662506490405","[""e9b74ddcb25d1c83"",""113b90ff3a47bece""]","[""11:ar_to_en:??????""]","[20,24]","[""ar_to_en:6""]","157.01861054520666","review","approved","approved","Selected general vocabulary. Approval requires at least one approved MSA relationship; an unsuitable translation alone does not reject the headword.","1","1","{""approved"":1}","{""approved"":1}","{""msa"":1}","1","1","1","1","0","0","0","1","0","0","0"
"2708","DEALER","تاجر","6","[4,6]","133.98470688190315","2","20.897352853986263","[""2ea9c0883647a6f5"",""f294d000b00ed868"",""919a21127c570970"",""96597fbaacbac31a"",""e007ead378cb08cb""]","[""11:ar_to_en:??????"",""11:ar_to_en:??A???"",""11:ar_to_en:??L???""]","[5,7,11,18,19,23,30]","[""ar_to_en:6""]","156.8820597358894","review","approved","approved","Selected general vocabulary. Approval requires at least one approved MSA relationship; an unsuitable translation alone does not reject the headword.","1","5","{""approved"":1}","{""approved"":4,""review"":1}","{""msa"":5}","4","4","1","1","0","0","3","5","0","0","0"
"3158","LENS","عدسة","4","[4,5,6,7]","131.01977510663048","2","23.774437510817343","[""33158896bf6d0dd3"",""8a780b4157207ca7"",""1b662656d07f5888"",""2adb099b7dc667d5"",""7314e26dea2a0ddb""]","[""11:ar_to_en:?E??"",""11:ar_to_en:??EL"",""9:en_to_ar:عد???"",""9:en_to_ar:??عد??"",""11:en_to_ar:??دع""]","[2,5,7,12,17,18,19,28,30]","[""ar_to_en:4"",""en_to_ar:5"",""en_to_ar:6"",""en_to_ar:4""]","156.7942126174478","review","approved","approved","Selected general vocabulary. Approval requires at least one approved MSA relationship; an unsuitable translation alone does not reject the headword.","1","4","{""approved"":1}","{""approved"":2,""review"":2}","{""msa"":4}","2","2","1","1","0","0","1","4","0","0","0"
"2623","MATH","الرياضيات","4","[7,9]","134.6095608911962","2","19.958451431320068","[""af9d02d1aa81dfdb"",""699a53da428545b7"",""df8a336dbbfc1c2f"",""2ab647f2e86e159e""]","[""11:ar_to_en:?T??"",""9:en_to_ar:???يا????"",""9:en_to_ar:??????رل?"",""9:en_to_ar:??ري?????""]","[5,8,9,12,18,19,22,28,30]","[""ar_to_en:4"",""en_to_ar:9""]","156.56801232251627","review","approved","approved","Selected general vocabulary. Approval requires at least one approved MSA relationship; an unsuitable translation alone does not reject the headword.","1","2","{""approved"":1}","{""approved"":2}","{""msa"":2}","2","2","1","1","0","0","1","2","0","0","0"
"2774","RELIEF","الإغاثة","6","[5,7]","133.51487222454963","2","20.897352853986263","[""2ea9c0883647a6f5"",""e007ead378cb08cb""]","[""11:ar_to_en:??????""]","[5,7,18,19,23,30]","[""ar_to_en:6""]","156.4122250785359","review","approved","approved","Selected general vocabulary. Approval requires at least one approved MSA relationship; an unsuitable translation alone does not reject the headword.","1","3","{""approved"":1}","{""review"":2,""approved"":1}","{""msa"":3}","1","1","1","1","0","0","0","3","0","0","0"
"2001","ERRORS","أخطاء","6","[5,7]","139.99000249937515","2","14.264662506490405","[""9136820ff46ca92b""]","[""11:ar_to_en:?R????""]","[4,29]","[""ar_to_en:6""]","156.25466500586555","review","approved","approved","Selected general vocabulary. Approval requires at least one approved MSA relationship; an unsuitable translation alone does not reject the headword.","1","3","{""approved"":1}","{""review"":2,""approved"":1}","{""msa"":3}","1","1","1","1","0","0","0","3","0","0","0"
"2886","ACCURATE","دقيقة","8","[4,5]","132.74662300450265","2","21.396993759735608","[""03c03ab880b15e6e"",""d7233acbb0911b60"",""60919a5aab213659""]","[""13:ar_to_en:????????"",""11:en_to_ar:??قد"",""9:en_to_ar:دق???""]","[5,7,11,17,18,30]","[""ar_to_en:8"",""en_to_ar:4"",""en_to_ar:5""]","156.14361676423826","review","approved","approved","Selected general vocabulary. Approval requires at least one approved MSA relationship; an unsuitable translation alone does not reject the headword.","1","3","{""approved"":1}","{""approved"":3}","{""msa"":3}","3","3","1","1","0","0","2","3","0","0","0"
"1982","APARTMENTS","شقق سكنية","10","[3,5,8]","140.18081366147663","2","13.931568569324174","[""36155aa091cb960e""]","[""11:en_to_ar:?قق""]","[4,6,9,14]","[""en_to_ar:3""]","156.11238223080082","review","approved","approved","Selected general vocabulary. Approval requires at least one approved MSA relationship; an unsuitable translation alone does not reject the headword.","1","3","{""approved"":1}","{""approved"":3}","{""msa"":3}","3","3","1","1","0","0","2","3","0","0","1"
"2551","BIRD","الطيور","4","[3,4,5,6]","135.15710832784004","2","18.764662506490403","[""76a43bd8c4822cf2"",""b7b6ffec2c7430f4"",""313cab59bd322c05"",""ed195bca626c0db5""]","[""11:ar_to_en:??R?"",""11:en_to_ar:???صع"",""11:en_to_ar:?ير"",""9:en_to_ar:ري?""]","[3,4,8,10,14,15,27,28]","[""ar_to_en:4"",""en_to_ar:5"",""en_to_ar:3""]","155.92177083433043","review","approved","approved","Selected general vocabulary. Approval requires at least one approved MSA relationship; an unsuitable translation alone does not reject the headword.","1","7","{""approved"":1}","{""approved"":4,""review"":3}","{""msa"":6,""uncertain"":1}","4","4","1","1","0","0","3","6","1","0","0"
"5333","SING","الغناء","4","[2,3,4,6]","121.81917359879995","2","31.835606788589985","[""f3bb679d758695c2"",""302c7f14b9ade0f3"",""9883270f7386675b"",""b69cfd2537bfff10"",""73568e838e5a1958"",""6e8673e7a64e5974""]","[""11:ar_to_en:????"",""11:en_to_ar:غ?"",""9:en_to_ar:غ?"",""11:en_to_ar:?غ"",""9:en_to_ar:?غ"",""9:en_to_ar:ين?""]","[1,2,3,4,5,7,8,9,10,11,12,13,15,16,17,18,19,20,21,22,26,27,28,29,30]","[""ar_to_en:4"",""en_to_ar:2"",""en_to_ar:3""]","155.65478038738993","review","approved","approved","Selected general vocabulary. Approval requires at least one approved MSA relationship; an unsuitable translation alone does not reject the headword.","1","5","{""approved"":1}","{""approved"":4,""review"":1}","{""msa"":5}","4","4","1","1","0","0","3","5","0","0","0"
"3203","SLIDE","الشريحة","5","[5,6,7,8]","130.75148952527388","2","22.75488750216347","[""cd1fc7d6dc04944b"",""7c7dfd8d1050b87e"",""b348aee1b50e36b4""]","[""11:ar_to_en:?DI??"",""9:en_to_ar:???لق"",""9:en_to_ar:قل???""]","[2,7,17,19,22]","[""ar_to_en:5"",""en_to_ar:5""]","155.50637702743734","review","approved","approved","Selected general vocabulary. Approval requires at least one approved MSA relationship; an unsuitable translation alone does not reject the headword.","1","4","{""approved"":1}","{""approved"":4}","{""msa"":4}","4","4","2","2","0","0","2","4","0","0","0"
"2508","POSTAL","البريد","6","[6,7]","135.4924578527063","2","18","[""bdf3c7218b4fc5e3"",""8c709007bbfe739c"",""0c13c47510b1d172"",""db268637b522f323"",""e26482f93d76c37b"",""8ee0d4a2c8d8a322""]","[""11:ar_to_en:??T???"",""11:ar_to_en:??????""]","[7,11,20,23,24]","[""ar_to_en:6""]","155.4924578527063","review","approved","approved","Selected general vocabulary. Approval requires at least one approved MSA relationship; an unsuitable translation alone does not reject the headword.","1","2","{""approved"":1}","{""approved"":1,""review"":1}","{""msa"":2}","1","1","1","1","0","0","0","2","0","0","0"
"2910","EXTENT","المدى","6","[3,5]","132.5865580448065","2","20.897352853986263","[""fa03ba27841d6726"",""e3c6a1eb05e9fe6a""]","[""11:ar_to_en:??E???"",""11:ar_to_en:??????""]","[5,18,19,20,24,30]","[""ar_to_en:6""]","155.48391089879277","review","approved","approved","Selected general vocabulary. Approval requires at least one approved MSA relationship; an unsuitable translation alone does not reject the headword.","1","2","{""approved"":1}","{""approved"":2}","{""msa"":2}","2","2","1","1","0","0","1","2","0","0","0"
"3854","NECK","الرقبة","4","[3,4,5,6]","127.33173898189273","2","26.151881261899078","[""461e1668e237893a"",""1a8db5f4b38c7d23"",""4bd1ddb395c02ffe"",""272bc70a81452fad""]","[""11:ar_to_en:????"",""11:en_to_ar:قن?"",""11:en_to_ar:???نق"",""11:en_to_ar:عن?""]","[3,4,8,9,10,13,16,24]","[""ar_to_en:4"",""en_to_ar:3"",""en_to_ar:5""]","155.4836202437918","review","approved","approved","Selected general vocabulary. Approval requires at least one approved MSA relationship; an unsuitable translation alone does not reject the headword.","1","4","{""approved"":1}","{""approved"":4}","{""msa"":4}","4","4","1","1","0","0","3","4","0","0","0"
"4166","COUPONS","كوبونات","7","[5,7]","125.94875121634772","2","27.509775004326936","[""d2a3f2bf72a97b0b"",""1ee7706ff8a2ae5a"",""8b532fdc2f42b656"",""d6fff7cfd9827039""]","[""11:ar_to_en:???????"",""11:en_to_ar:قس???""]","[4,6,8,13,15,26,28,29]","[""ar_to_en:7"",""en_to_ar:5""]","155.45852622067466","review","approved","approved","Selected general vocabulary. Approval requires at least one approved MSA relationship; an unsuitable translation alone does not reject the headword.","1","2","{""approved"":1}","{""approved"":2}","{""msa"":2}","2","2","1","1","0","0","1","2","0","0","0"
"5227","SLEEVE","كم","6","[2,4]","122.139200221392","2","31.108792038836032","[""72556c3886e8be5c"",""7c14d068bb20842c"",""3fbc56eb61da8e4f"",""8b83c22a42e2b859"",""8ee0d4a2c8d8a322"",""9a909a90836b3618"",""fc4ea4964459f785"",""fef226d3e6c0eca5"",""c401ce603564f061"",""0c90d4d749b45403"",""dfb6cf2d47be4f9c"",""ffc0032eb74329ee"",""1796176d8b269f2d"",""49eb7a3ebb323da9""]","[""11:ar_to_en:?V????"",""11:ar_to_en:??????"",""13:ar_to_en:???E??"",""11:en_to_ar:?ك"",""11:en_to_ar:ك?"",""9:en_to_ar:?ك"",""9:en_to_ar:ك?"",""9:en_to_ar:كم"",""11:en_to_ar:كم"",""9:en_to_ar:مك"",""11:en_to_ar:مك"",""13:en_to_ar:??""]","[1,2,3,4,5,6,7,8,9,10,11,12,13,14,15,16,17,18,19,20,21,22,23,25,26,27,28,29,30]","[""ar_to_en:6"",""en_to_ar:2""]","155.24799226022805","review","approved","approved","Selected general vocabulary. Approval requires at least one approved MSA relationship; an unsuitable translation alone does not reject the headword.","1","2","{""approved"":1}","{""approved"":2}","{""msa"":2}","2","2","1","1","0","0","1","2","0","0","0"
"2071","TOUCH","لمسة اللمس","5","[3,4,5,9]","139.30238270695162","2","13.931568569324174","[""6bcd8267db046d17"",""26de145a20783b84"",""07282c0e6ceed3ea"",""20b03e8c882afb91"",""af2826411de923f9"",""d40314b313e2856f"",""9aebcc7087fd1a7d""]","[""9:en_to_ar:???????م?"",""9:en_to_ar:?م???????"",""9:en_to_ar:????????ل"",""9:en_to_ar:?????ة???"",""9:en_to_ar:??س??????"",""9:en_to_ar:ل????????"",""11:en_to_ar:????????ل""]","[2,4,7,8,9,13,16,17,19,22,28,30]","[""en_to_ar:9""]","155.2339512762758","review","approved","approved","Selected general vocabulary. Approval requires at least one approved MSA relationship; an unsuitable translation alone does not reject the headword.","1","6","{""approved"":1}","{""approved"":5,""review"":1}","{""msa"":6}","5","5","2","2","1","1","3","6","0","0","1"
"2357","DEPTH","العمق","5","[3,5]","136.72251549231123","2","16.47555928898902","[""3515b1531fa950ef"",""b59f169b19d55a5a"",""bd8a19433526793a"",""c63052ae923320ac"",""472ef86c28ed8434""]","[""11:en_to_ar:?مق"",""9:en_to_ar:قم?"",""9:en_to_ar:قم???"",""11:en_to_ar:قم???"",""11:en_to_ar:قم?""]","[4,9,11,13,14,15,16,17,20,25,26,27,30]","[""en_to_ar:3"",""en_to_ar:5""]","155.19807478130025","review","approved","approved","Selected general vocabulary. Approval requires at least one approved MSA relationship; an unsuitable translation alone does not reject the headword.","1","2","{""approved"":1}","{""approved"":2}","{""msa"":2}","2","2","1","1","0","0","1","2","0","0","0"
"3439","EARN","كسب","4","[3,4]","129.41717227431513","2","23.774437510817343","[""126087ec0ed6d922"",""bb75eb6ff3b0904a"",""2ccf55e261e46a15"",""c6bcebc2cd499c11"",""8ecc4bdb0835996d"",""411ad4218cbeb64e"",""fd13a0e4ea3a3cef""]","[""11:ar_to_en:????"",""11:ar_to_en:??A?"",""13:ar_to_en:????"",""13:ar_to_en:??R?"",""11:en_to_ar:بس?"",""11:en_to_ar:?سب""]","[2,5,8,16,18,19,24,27,28,29,30]","[""ar_to_en:4"",""en_to_ar:3""]","155.19160978513247","review","approved","approved","Selected general vocabulary. Approval requires at least one approved MSA relationship; an unsuitable translation alone does not reject the headword.","1","3","{""approved"":1}","{""approved"":3}","{""msa"":3}","3","3","1","1","0","0","2","3","0","0","0"
"2113","FACTS","حقائق","5","[5,7]","138.9010454655969","2","14.264662506490405","[""a1ec2e95c59524d2"",""4cdf4579b14b306f"",""4e887384c8c961cb""]","[""13:ar_to_en:??C??"",""11:ar_to_en:?T???"",""11:ar_to_en:??C??""]","[2,3,7,10,11,17,22,23,27]","[""ar_to_en:5""]","155.1657079720873","review","approved","approved","Selected general vocabulary. Approval requires at least one approved MSA relationship; an unsuitable translation alone does not reject the headword.","1","4","{""approved"":1}","{""approved"":4}","{""msa"":4}","4","4","1","1","0","0","3","4","0","0","0"
"1903","CRIME","الجريمة","5","[5,7]","140.9941070971048","2","11.887218755408671","[""ca372a68b1f8f75f"",""1263c8f2c65c2fec"",""bbc21b3e9c76ddc2"",""8e8a8300917aa370""]","[""11:ar_to_en:?M???"",""11:ar_to_en:?????"",""9:en_to_ar:جر???""]","[3,7,20,23,27,30]","[""ar_to_en:5"",""en_to_ar:5""]","154.88132585251347","review","approved","approved","Selected general vocabulary. Approval requires at least one approved MSA relationship; an unsuitable translation alone does not reject the headword.","1","3","{""approved"":1}","{""approved"":2,""review"":1}","{""msa"":3}","2","2","1","1","0","0","1","3","0","0","0"
"1905","BREAST","الثدي","6","[5]","140.9731113956466","2","11.887218755408671","[""62d0fac71573c20c"",""e442324f356720d4"",""c502cc6a991cdbc2""]","[""11:ar_to_en:??A???"",""11:ar_to_en:?S????"",""9:en_to_ar:رد???""]","[3,4,7,27,29,30]","[""ar_to_en:6"",""en_to_ar:5""]","154.86033015105528","review","approved","approved","Selected general vocabulary. Approval requires at least one approved MSA relationship; an unsuitable translation alone does not reject the headword.","1","2","{""approved"":1}","{""approved"":2}","{""msa"":2}","2","2","1","1","0","0","1","2","0","0","0"
"2739","EASIER","أسهل","6","[4]","133.76239713019623","2","19.019550008653873","[""112c5fe7ebc98b4a"",""2e3720bf2fe9cf9c"",""37b24edd42ec60dd"",""3b8d8faea398b9bc""]","[""11:ar_to_en:??????"",""9:en_to_ar:??هل""]","[1,2,7,18,19,23,30]","[""ar_to_en:6"",""en_to_ar:4""]","154.78194713885011","review","approved","approved","Selected general vocabulary. Approval requires at least one approved MSA relationship; an unsuitable translation alone does not reject the headword.","1","2","{""approved"":1}","{""review"":1,""approved"":1}","{""msa"":2}","1","1","1","1","0","0","0","2","0","0","0"
"5184","INTENT","القصد","6","[3,5]","122.271714922049","2","30.407127858313196","[""fa03ba27841d6726"",""547439390b1e81ad"",""6e3dcb4e0eb39812"",""475e2593faa03407"",""81e0cbb1dace8059""]","[""11:ar_to_en:??E???"",""11:ar_to_en:??????"",""11:ar_to_en:?NE???"",""9:en_to_ar:???صد""]","[5,6,8,18,19,30]","[""ar_to_en:6"",""en_to_ar:5""]","154.6788427803622","review","approved","approved","Selected general vocabulary. Approval requires at least one approved MSA relationship; an unsuitable translation alone does not reject the headword.","1","3","{""approved"":1}","{""approved"":3}","{""msa"":3}","3","3","1","1","0","0","2","3","0","0","0"
"3959","LUCK","حظ سعيد","4","[2,4,6]","126.85014264138279","2","25.686727272663216","[""1f3527886b33de47"",""c6bcebc2cd499c11"",""2480b8c355b46ece"",""83f0590ec43a4709"",""ac11361a14afd449"",""dc9943b675c2baa5""]","[""11:ar_to_en:????"",""13:ar_to_en:????"",""11:en_to_ar:?ظ"",""11:en_to_ar:ظ?"",""9:en_to_ar:ظ?"",""9:en_to_ar:?ظ""]","[1,2,3,4,5,6,7,8,9,12,14,16,17,18,19,22,24,25,26,27,28,30]","[""ar_to_en:4"",""en_to_ar:2""]","154.536869914046","review","approved","approved","Selected general vocabulary. Approval requires at least one approved MSA relationship; an unsuitable translation alone does not reject the headword.","1","3","{""approved"":1}","{""approved"":2,""review"":1}","{""msa"":3}","2","2","1","1","0","0","1","3","0","0","1"
"2304","SCRIPT","سكربت","6","[2,4,5,7,9]","137.17472118959108","2","15.360047499600965","[""77e9376e3433b643"",""162b2575bf9bfe6a"",""e24be8defe434f98"",""af2826411de923f9"",""fe7a4a0d2ff14c5a""]","[""11:ar_to_en:??R???"",""9:en_to_ar:????????و"",""9:en_to_ar:و????????"",""9:en_to_ar:??س??????"",""11:en_to_ar:تب???""]","[4,5,7,8,9,13,18,19,20,21,26,30]","[""ar_to_en:6"",""en_to_ar:9"",""en_to_ar:5""]","154.53476868919205","review","approved","approved","Selected general vocabulary. Approval requires at least one approved MSA relationship; an unsuitable translation alone does not reject the headword.","1","5","{""approved"":1}","{""approved"":4,""review"":1}","{""msa"":4,""uncertain"":1}","4","4","1","1","0","0","3","5","0","2","0"
"2185","SHIRTS","قمصان","6","[5,7]","138.23178016726405","2","14.264662506490405","[""5c64a6ac6e6c0b93"",""bd8a19433526793a"",""c63052ae923320ac""]","[""11:ar_to_en:??I???"",""9:en_to_ar:قم???"",""11:en_to_ar:قم???""]","[4,18,19,20,26,30]","[""ar_to_en:6"",""en_to_ar:5""]","154.49644267375444","review","approved","approved","Selected general vocabulary. Approval requires at least one approved MSA relationship; an unsuitable translation alone does not reject the headword.","1","2","{""approved"":1}","{""approved"":2}","{""msa"":2}","2","2","1","1","0","0","1","2","0","0","0"
"1943","ALONE","وحيد","5","[4,5]","140.5782399188435","2","11.887218755408671","[""c84eb1c061f77f31"",""0ca40e097806a6b2"",""4c0d1a0f8ef75fdd"",""a581f706403addc8"",""ba31655f033eb5f5"",""e2b7ff6d4629d28b"",""2f81d58abf98629b""]","[""13:ar_to_en:?????"",""11:ar_to_en:?????"",""11:ar_to_en:??O??"",""13:ar_to_en:??O??"",""11:en_to_ar:ه??و""]","[2,3,4,7,11,17,23,26,27,29,30]","[""ar_to_en:5"",""en_to_ar:4""]","154.46545867425218","review","approved","approved","Selected general vocabulary. Approval requires at least one approved MSA relationship; an unsuitable translation alone does not reject the headword.","1","5","{""approved"":1}","{""review"":2,""approved"":3}","{""uncertain"":1,""msa"":4}","3","3","1","1","0","0","2","5","0","0","0"
"4418","PRIDE","الفخر","5","[3,5,6,8]","124.92988469928326","2","27.509775004326936","[""cd1fc7d6dc04944b"",""c7711de584f62777"",""af928ada8d297de2"",""e470db62c3d3bc5e""]","[""11:ar_to_en:?DI??"",""9:en_to_ar:?خف"",""9:en_to_ar:?خر"",""11:en_to_ar:رخ?""]","[1,2,7,9,17,22,27]","[""ar_to_en:5"",""en_to_ar:3""]","154.4396597036102","review","approved","approved","Selected general vocabulary. Approval requires at least one approved MSA relationship; an unsuitable translation alone does not reject the headword.","1","4","{""approved"":1}","{""approved"":4}","{""msa"":4}","4","4","1","1","0","0","3","4","0","0","0"
"2790","TENNIS","التنس","6","[3,5]","133.40292275574114","2","19.019550008653873","[""8bb6ece58757ce2c"",""e251125e41f3a306"",""f74c58a423e59b40""]","[""11:ar_to_en:??????"",""11:ar_to_en:?I????"",""11:en_to_ar:?نس""]","[4,8,20,24,29]","[""ar_to_en:6"",""en_to_ar:3""]","154.42247276439502","review","approved","approved","Selected general vocabulary. Approval requires at least one approved MSA relationship; an unsuitable translation alone does not reject the headword.","1","2","{""approved"":1}","{""approved"":2}","{""msa"":2}","2","2","1","1","0","0","1","2","0","0","0"
"3603","DEPOSIT","إيداع الودائع","7","[5,7,12]","128.5561306442977","2","23.774437510817343","[""f155850eb0372445"",""8e57115164a69dc7""]","[""11:ar_to_en:???????"",""11:en_to_ar:???دو""]","[6,7,23,27]","[""ar_to_en:7"",""en_to_ar:5""]","154.33056815511503","review","approved","approved","Selected general vocabulary. Approval requires at least one approved MSA relationship; an unsuitable translation alone does not reject the headword.","1","3","{""approved"":1}","{""approved"":1,""review"":2}","{""msa"":3}","1","1","1","1","0","0","0","3","0","0","1"
"2607","RINGS","حلقات","5","[5,7]","134.7297590622965","2","17.43458750793272","[""e41135486b21371a"",""73fb927b46824dc0"",""95cfd085e948a330""]","[""11:ar_to_en:?IN??"",""11:en_to_ar:حل???"",""11:en_to_ar:???لح""]","[2,8,14,17,27]","[""ar_to_en:5"",""en_to_ar:5""]","154.1643465702292","review","approved","approved","Selected general vocabulary. Approval requires at least one approved MSA relationship; an unsuitable translation alone does not reject the headword.","1","4","{""approved"":1}","{""approved"":4}","{""msa"":4}","4","4","1","1","0","0","3","4","0","4","0"
"3647","PEARL","لؤلؤ","5","[4,6,7]","128.33362847529662","2","23.774437510817343","[""0d2381675e04fa67"",""b73b702d03bc64a9"",""1d77bceebdbcaf11"",""b958a9bb07a8a8b2""]","[""11:ar_to_en:??A??"",""11:en_to_ar:??رل"",""11:en_to_ar:ب??ل"",""11:en_to_ar:ل??ب""]","[7,11,21,23,26,27]","[""ar_to_en:5"",""en_to_ar:4""]","154.10806598611396","review","approved","approved","Selected general vocabulary. Approval requires at least one approved MSA relationship; an unsuitable translation alone does not reject the headword.","1","4","{""approved"":1}","{""approved"":3,""review"":1}","{""msa"":3,""uncertain"":1}","3","3","1","1","0","0","2","3","1","0","0"
"2243","ENDS","النهاية","4","[5,7]","137.7091680414801","2","14.264662506490405","[""e1c41d665d0dcdb6"",""f66b7dbc9e785d64"",""1c20f41520f3befb"",""329d997809f8bef8"",""8a3e2469c68599cd"",""e20ccb0975cc70c6"",""b948649d260c52a0""]","[""13:ar_to_en:??D?"",""11:ar_to_en:????"",""13:ar_to_en:?D??"",""11:ar_to_en:?D??"",""13:ar_to_en:????""]","[3,5,7,8,9,10,12,14,15,17,18,19,21,26,27,29,30]","[""ar_to_en:4""]","153.9738305479705","review","approved","approved","Selected general vocabulary. Approval requires at least one approved MSA relationship; an unsuitable translation alone does not reject the headword.","1","2","{""approved"":1}","{""approved"":1,""review"":1}","{""msa"":2}","1","1","1","1","0","0","0","2","0","0","0"
"3151","WONDER","عجب","6","[3]","131.061929722384","2","20.897352853986263","[""0763656d10fe541f""]","[""11:ar_to_en:??D???""]","[5,18,19,30]","[""ar_to_en:6""]","153.95928257637027","review","approved","approved","Selected general vocabulary. Approval requires at least one approved MSA relationship; an unsuitable translation alone does not reject the headword.","1","1","{""approved"":1}","{""approved"":1}","{""msa"":1}","1","1","1","1","0","0","0","1","0","0","0"
"3686","MISSED","غاب","6","[3,5]","128.13928948294057","2","23.774437510817343","[""49952890a8509e3b"",""8ee0d4a2c8d8a322"",""7599235dc5420321"",""7874cd70afe8eedc"",""ea7d3c451078bef8"",""0eef0a0909960e98"",""e8d27488bc877afc""]","[""11:ar_to_en:????E?"",""11:ar_to_en:??????"",""11:en_to_ar:ت?ف"",""11:en_to_ar:تو?"",""11:en_to_ar:?وت"",""11:en_to_ar:?وف"",""9:en_to_ar:فو?""]","[2,7,9,10,17,22,23,26]","[""ar_to_en:6"",""en_to_ar:3""]","153.9137269937579","review","approved","approved","Selected general vocabulary. Approval requires at least one approved MSA relationship; an unsuitable translation alone does not reject the headword.","1","3","{""approved"":1}","{""approved"":2,""review"":1}","{""msa"":3}","2","2","1","1","0","0","1","3","0","1","0"
"2352","OCEAN","المحيط","5","[4,6,8]","136.76470588235293","2","15.057143756850984","[""e5d72c5831132114"",""1e1d2ef5be162847"",""6ba9f1e2e8c8190c"",""d680ab732e25823c""]","[""11:ar_to_en:??E??"",""11:ar_to_en:?????"",""9:en_to_ar:م??ط"",""9:en_to_ar:?يح???""]","[1,9,19,21,27]","[""ar_to_en:5"",""en_to_ar:4"",""en_to_ar:6""]","153.82184963920392","review","approved","approved","Selected general vocabulary. Approval requires at least one approved MSA relationship; an unsuitable translation alone does not reject the headword.","1","3","{""approved"":1}","{""review"":1,""approved"":2}","{""msa"":3}","2","2","1","1","0","0","1","3","0","0","0"
"2272","STATED","ذكر","6","[3]","137.45318352059925","2","14.264662506490405","[""1930580e02d5f992"",""4ce36c65e29c3543"",""dd31e4552e1bd5ae"",""20406f46610f0c65""]","[""11:ar_to_en:??????"",""11:ar_to_en:???A??"",""11:ar_to_en:??A???"",""11:en_to_ar:?رص""]","[2,6,7,8,13,14,15,23]","[""ar_to_en:6"",""en_to_ar:3""]","153.71784602708965","review","approved","approved","Selected general vocabulary. Approval requires at least one approved MSA relationship; an unsuitable translation alone does not reject the headword.","1","2","{""approved"":1}","{""approved"":2}","{""msa"":2}","2","2","1","1","0","0","1","2","0","0","0"
"7695","TIDE","المد والجزر","4","[2,4,10]","116.50335224342444","2","35","[""e1c41d665d0dcdb6"",""1c20f41520f3befb"",""2a3d01fd9a327d18"",""a0aedf9b1e9ad14e"",""b948649d260c52a0"",""2d16356c82de2c40"",""41588bc0b43fe4be"",""ee91e7dc1a83f5ac"",""b2d5e76ce87338e2"",""3c4f8df05313446b"",""7a2d67950435d82c"",""00640358948a0383"",""ba927df556fbafa7"",""682a6e2928e42a2c""]","[""13:ar_to_en:??D?"",""13:ar_to_en:?D??"",""11:ar_to_en:??D?"",""11:ar_to_en:????"",""11:ar_to_en:?D??"",""9:en_to_ar:مد"",""11:en_to_ar:مد"",""11:en_to_ar:دم"",""9:en_to_ar:دم"",""11:en_to_ar:??مد"",""9:en_to_ar:دم??"",""13:en_to_ar:م?""]","[1,2,3,4,5,6,7,8,9,10,11,12,13,14,15,16,17,18,19,20,21,22,23,25,26,27,28,29,30]","[""ar_to_en:4"",""en_to_ar:2"",""en_to_ar:4""]","153.50335224342444","review","approved","approved","Selected general vocabulary. Approval requires at least one approved MSA relationship; an unsuitable translation alone does not reject the headword.","1","3","{""approved"":1}","{""approved"":3}","{""msa"":3}","3","3","1","1","0","0","2","3","0","0","1"
"2218","GENE","الجين","4","[5]","137.9326695116169","2","13.5","[""784dc2435da8c201"",""41df88c4f90e5fdc"",""73a8b23425953bae"",""d3e0568305d0c68a"",""def279fe81cb28b6""]","[""13:ar_to_en:????"",""11:ar_to_en:????""]","[3,10,12,13,14,15,21,23,24,27,29]","[""ar_to_en:4""]","153.4326695116169","review","approved","approved","Selected general vocabulary. Approval requires at least one approved MSA relationship; an unsuitable translation alone does not reject the headword.","1","1","{""approved"":1}","{""approved"":1}","{""msa"":1}","1","1","1","1","0","0","0","1","0","0","0"
"4696","PLEASED","يسر","7","[3,5]","123.89486260454002","2","27.509775004326936","[""b360b23aae38d59b"",""3e4a7aebb7c8ce62"",""aa9d2e506959f450"",""9cd54e8182987996"",""f024d5c4a1150b4d"",""39a305e4186071d7"",""3c54707377c6af64"",""978579279a05e429"",""17f4521c5eec328f"",""2ceeda37be4f6732"",""4ed59d6ef46fe0d2""]","[""11:ar_to_en:???????"",""11:ar_to_en:??E????"",""11:en_to_ar:?سي""]","[4,6,7,8,13,15,23,26,27,28,29]","[""ar_to_en:7"",""en_to_ar:3""]","153.40463760886695","review","approved","approved","Selected general vocabulary. Approval requires at least one approved MSA relationship; an unsuitable translation alone does not reject the headword.","1","2","{""approved"":1}","{""review"":1,""approved"":1}","{""msa"":2}","1","1","1","1","0","0","0","2","0","0","0"
"2833","AWARE","على علم","5","[4,6]","133.10573142975377","2","18.264662506490403","[""dcc0a6ee621ec4a2"",""c84eb1c061f77f31"",""aeab1d593ced723d"",""53e8acdca3ea6ade""]","[""11:ar_to_en:?????"",""13:ar_to_en:?????"",""9:en_to_ar:عل????"",""9:en_to_ar:????لع""]","[3,4,8,12,13,25,28,30]","[""ar_to_en:5"",""en_to_ar:6""]","153.37039393624417","review","approved","approved","Selected general vocabulary. Approval requires at least one approved MSA relationship; an unsuitable translation alone does not reject the headword.","1","2","{""approved"":1}","{""approved"":2}","{""msa"":2}","2","2","1","1","0","0","1","2","0","0","1"
"2088","ONES","الواحدات","4","[8]","139.13894324853229","2","12.169925001442312","[""e24ead04eb56debd"",""93189c2c6597aad5"",""745fbbc0d4997047"",""7e3d94a097eb5fbc"",""c6401c7db8f71f8a"",""dce933cb0e8bdc0f"",""0965f4db0a40822b"",""3acb8cd8fb5a79f2"",""e4daf59ef48a5268""]","[""13:ar_to_en:????"",""11:ar_to_en:O???"",""11:ar_to_en:????"",""11:en_to_ar:???اح???""]","[2,6,7,10,12,13,17,18,19,21,22,24,25,26,27,28,30]","[""ar_to_en:4"",""en_to_ar:8""]","153.3088682499746","review","review","review","Selected general vocabulary. Approval requires at least one approved MSA relationship; an unsuitable translation alone does not reject the headword.","1","1","{""review"":1}","{""review"":1}","{""msa"":1}","0","0","0","0","0","0","0","1","0","0","0"
"7191","PRIEST","كاهن","6","[2,4,6]","117.40833424001741","2","33.88892096506898","[""52da63709d139915"",""ca1be5e7be0e81be"",""117a8289c195e9b0"",""9a354db9cc456d46"",""201ff8b9feb54b7c""]","[""11:ar_to_en:??????"",""11:en_to_ar:?س"",""11:en_to_ar:س?"",""9:en_to_ar:س?"",""9:en_to_ar:?س""]","[1,2,3,4,5,6,7,8,9,10,11,12,13,14,15,16,17,18,19,20,21,22,25,26,27,28,29,30]","[""ar_to_en:6"",""en_to_ar:2""]","153.2972552050864","review","approved","approved","Selected general vocabulary. Approval requires at least one approved MSA relationship; an unsuitable translation alone does not reject the headword.","1","4","{""approved"":1}","{""approved"":4}","{""msa"":4}","4","4","1","1","0","0","3","4","0","0","0"
"2064","CLAIMS","2- المطالبات","6","[7,9,10]","139.37007874015748","2","11.887218755408671","[""5339a1820ed0c06f"",""dc3827d4bb558f0e"",""9b267026d41e7039"",""e24f2796f24b67c3""]","[""11:ar_to_en:??????"",""13:ar_to_en:?M????"",""9:en_to_ar:?اب??????"",""9:en_to_ar:??????با?""]","[2,6,7,8,9,16,20,28]","[""ar_to_en:6"",""en_to_ar:9""]","153.25729749556615","review","approved","approved","Selected general vocabulary. Approval requires at least one approved MSA relationship; an unsuitable translation alone does not reject the headword.","1","3","{""approved"":1}","{""approved"":2,""review"":1}","{""msa"":3}","2","2","1","1","1","1","1","3","0","0","1"
"3839","ROMAN","رومان","5","[5,6,8,9]","127.40195238910772","2","23.774437510817343","[""caf926f28a20be4a"",""16979485f2b6b3fb"",""ee4c79ae5f1acf06"",""7f0d84cbb415932b"",""df8a336dbbfc1c2f"",""4419513bfd2594c3""]","[""11:ar_to_en:?????"",""13:ar_to_en:R????"",""9:en_to_ar:??????رل?"",""9:en_to_ar:??رو?????""]","[1,3,8,13,21,22,25,27,28]","[""ar_to_en:5"",""en_to_ar:9""]","153.17638989992506","review","approved","approved","Selected general vocabulary. Approval requires at least one approved MSA relationship; an unsuitable translation alone does not reject the headword.","1","4","{""approved"":1}","{""approved"":3,""review"":1}","{""msa"":4}","3","3","1","1","0","0","2","4","0","0","0"
"2366","EXPLORE","استكشاف","7","[6,7,9]","136.64681630783326","2","14.264662506490405","[""b97b83f4400ebcc5"",""18f7ae1f3020ffa3"",""d928feb138a3f509"",""e6f7fc9a2c860d70""]","[""11:ar_to_en:??P????"",""9:en_to_ar:??????ش??"",""9:en_to_ar:?????ك???"",""9:en_to_ar:???????اف""]","[1,4,7,17,28,29,30]","[""ar_to_en:7"",""en_to_ar:9""]","152.91147881432366","review","approved","approved","Selected general vocabulary. Approval requires at least one approved MSA relationship; an unsuitable translation alone does not reject the headword.","1","3","{""approved"":1}","{""approved"":3}","{""msa"":3}","3","3","1","1","0","0","2","3","0","0","0"
"2369","CONCEPT","المفهوم","7","[7]","136.62165255207142","2","14.264662506490405","[""f155850eb0372445"",""974209aae9cce2b1"",""04eac6e59ddff743""]","[""11:ar_to_en:???????""]","[4,7,13,23,28,29]","[""ar_to_en:7""]","152.88631505856182","review","approved","approved","Selected general vocabulary. Approval requires at least one approved MSA relationship; an unsuitable translation alone does not reject the headword.","1","1","{""approved"":1}","{""approved"":1}","{""msa"":1}","1","1","1","1","0","0","0","1","0","0","0"
"3149","PURE","نقية","4","[3,4]","131.07399495047582","2","19.747734195946773","[""32b38949f652234b"",""de32cc5334e8258b"",""43ec203e448bcb9b"",""74fc0a916a4bf317""]","[""13:ar_to_en:????"",""11:en_to_ar:يق?"",""11:en_to_ar:?قن""]","[3,6,8,10,12,14,16,18,27,29]","[""ar_to_en:4"",""en_to_ar:3""]","152.8217291464226","review","approved","approved","Selected general vocabulary. Approval requires at least one approved MSA relationship; an unsuitable translation alone does not reject the headword.","1","3","{""approved"":1}","{""approved"":3}","{""msa"":3}","3","3","1","1","0","0","2","3","0","0","0"
"2682","APPEAL","الاستئناف","6","[4,5,6,7,9]","134.1734301580521","2","16.642106257572138","[""1dab59cf102c4a74"",""2cb19855dbb04da9"",""569b57695f5904d5"",""7620dc75621952ca"",""228902ebcf1fbe15"",""e6f7fc9a2c860d70""]","[""11:ar_to_en:??P???"",""11:ar_to_en:??????"",""11:ar_to_en:???E??"",""9:en_to_ar:???????اف""]","[1,2,7,20,23,24,30]","[""ar_to_en:6"",""en_to_ar:9""]","152.81553641562425","review","approved","approved","Selected general vocabulary. Approval requires at least one approved MSA relationship; an unsuitable translation alone does not reject the headword.","1","5","{""approved"":1}","{""approved"":5}","{""msa"":5}","5","5","2","2","0","0","3","5","0","5","0"
"2943","SPREAD","انتشار","6","[4,5,6]","132.36900667610763","2","18.37348893059891","[""706b0abf14b07dd8"",""5f9068cc07b9a81e"",""6b55025fa5771ea5"",""2cb19855dbb04da9"",""90b6504aba159a8a"",""421758eb4d3686c0"",""8ee0d4a2c8d8a322"",""9e02ecaf8cc68c4d"",""bdb11d99eccba76f"",""c0c12057ceea296b"",""c30dd6dee410a8f8"",""edfde0f48fa3a252"",""1b9f1b2693f6cec0""]","[""11:ar_to_en:?PR???"",""11:ar_to_en:??E???"",""11:ar_to_en:??R???"",""11:ar_to_en:??????"",""9:en_to_ar:رش??"",""9:en_to_ar:رش???""]","[2,3,7,8,9,11,12,13,15,17,19,20,23,24,27,28,30]","[""ar_to_en:6"",""en_to_ar:4"",""en_to_ar:5""]","152.74249560670654","review","approved","approved","Selected general vocabulary. Approval requires at least one approved MSA relationship; an unsuitable translation alone does not reject the headword.","1","3","{""approved"":1}","{""approved"":3}","{""msa"":3}","3","3","2","2","0","0","1","3","0","0","0"
"3496","BLOCKS","كتل","6","[3,5]","129.11208151382823","2","21.509775004326936","[""d4a26149bc937ad8"",""40c9a86bf96058eb"",""97f30cba56b86120"",""f8ddf9052e5da49c"",""a59f288ee3ba078c""]","[""11:en_to_ar:لت???"",""11:en_to_ar:?تل"",""9:en_to_ar:لت???"",""11:en_to_ar:ل?ك"",""11:en_to_ar:?تك""]","[2,4,6,12,16,21,22,26]","[""en_to_ar:5"",""en_to_ar:3""]","152.62185651815517","review","approved","approved","Selected general vocabulary. Approval requires at least one approved MSA relationship; an unsuitable translation alone does not reject the headword.","1","2","{""approved"":1}","{""approved"":2}","{""msa"":2}","2","2","1","1","0","0","1","2","0","0","0"
"4924","TRIPLE","الثلاثي","6","[5,6,7]","123.10803004043905","2","27.509775004326936","[""d7a8d134b5700261"",""807a7c443c0071ac"",""4cdbe2fbb89e7d63"",""bf2052bb038fa02a"",""a0211a45b4ad4688"",""f16f9991b48f443e""]","[""11:ar_to_en:??I???"",""9:en_to_ar:ثل????"",""9:en_to_ar:ثل???""]","[1,5,7,8,11,13,18,19,23,25,30]","[""ar_to_en:6"",""en_to_ar:6"",""en_to_ar:5""]","152.617805044766","review","approved","approved","Selected general vocabulary. Approval requires at least one approved MSA relationship; an unsuitable translation alone does not reject the headword.","1","3","{""approved"":1}","{""approved"":3}","{""msa"":3}","3","3","1","1","0","0","2","3","0","0","0"
"4937","ROUTINE","روتين","7","[5,6,7,9]","123.06472538561337","2","27.509775004326936","[""d2a3f2bf72a97b0b"",""1ee7706ff8a2ae5a"",""8b532fdc2f42b656"",""df8a336dbbfc1c2f"",""4419513bfd2594c3""]","[""11:ar_to_en:???????"",""9:en_to_ar:??????رل?"",""9:en_to_ar:??رو?????""]","[4,6,8,13,15,22,28,29]","[""ar_to_en:7"",""en_to_ar:9""]","152.5745003899403","review","approved","approved","Selected general vocabulary. Approval requires at least one approved MSA relationship; an unsuitable translation alone does not reject the headword.","1","5","{""approved"":1}","{""approved"":5}","{""msa"":5}","5","5","1","1","0","0","4","5","0","0","0"
"1901","FOOT","القدم","4","[3,5]","141.01512432709563","2","9.509775004326936","[""1d45f548c9a0e818"",""b2cc2a82163a6b3b""]","[""9:en_to_ar:قد?"",""11:en_to_ar:?دم""]","[4,10,13,27]","[""en_to_ar:3""]","152.52489933142257","review","approved","approved","Selected general vocabulary. Approval requires at least one approved MSA relationship; an unsuitable translation alone does not reject the headword.","1","2","{""approved"":1}","{""approved"":2}","{""msa"":2}","2","2","1","1","0","0","1","2","0","0","0"
"3403","ATTEND","الحضور","6","[6]","129.61317786414955","2","20.897352853986263","[""13b5eff7fa000fbd"",""fa03ba27841d6726"",""fc1a9d7c84e3bacb"",""736ebabddb39c8e8"",""839b643c7ff43ccc"",""6e3dcb4e0eb39812"",""3687d4340d942c08"",""475e2593faa03407"",""691d5f77145f792f"",""05caddd5d34d9824"",""9e02ecaf8cc68c4d""]","[""11:ar_to_en:???E??"",""11:ar_to_en:??E???"",""11:ar_to_en:??T???"",""11:ar_to_en:??????"",""11:ar_to_en:?NE???""]","[4,5,6,7,8,18,19,20,23,24,29,30]","[""ar_to_en:6""]","152.5105307181358","review","approved","approved","Selected general vocabulary. Approval requires at least one approved MSA relationship; an unsuitable translation alone does not reject the headword.","1","1","{""approved"":1}","{""approved"":1}","{""msa"":1}","1","1","1","1","0","0","0","1","0","0","0"
"1950","FLIGHT","رحلة طيران","6","[5,6,7,9]","140.50632911392404","2","9.979225715660034","[""ca2cfcf976a30458"",""eaa8ecd7c71300c0"",""2eda8dd0e074168c"",""9216728b3cbc6ffd"",""20b03e8c882afb91"",""2ab647f2e86e159e""]","[""11:ar_to_en:??I???"",""11:ar_to_en:?H????"",""9:en_to_ar:ن????????"",""9:en_to_ar:?ح???????"",""9:en_to_ar:?????ة???"",""9:en_to_ar:??ري?????""]","[4,5,7,9,12,17,18,19,22,29,30]","[""ar_to_en:6"",""en_to_ar:9""]","152.48555482958406","review","approved","approved","Selected general vocabulary. Approval requires at least one approved MSA relationship; an unsuitable translation alone does not reject the headword.","1","4","{""approved"":1}","{""review"":1,""approved"":3}","{""msa"":4}","3","3","1","1","0","0","2","4","0","0","1"
"2158","CAMP","المخيم","4","[4,5,6,7]","138.4800384800385","2","12","[""b3f81c3e973daad9"",""6a791846d27eefe3"",""ef496db3e98e463e""]","[""11:en_to_ar:بم??"",""11:en_to_ar:??مب"",""11:en_to_ar:ك??ب""]","[2,6,18,21,25,26]","[""en_to_ar:4""]","152.4800384800385","review","approved","approved","Selected general vocabulary. Approval requires at least one approved MSA relationship; an unsuitable translation alone does not reject the headword.","1","5","{""approved"":1}","{""review"":1,""approved"":4}","{""uncertain"":1,""msa"":4}","4","4","1","1","0","0","3","4","1","0","0"
"2907","HAPPENED","حدث","8","[3]","132.60648053800693","2","17.74755464882145","[""c1c5c341bfc01d7a"",""8d5947270ef0115d"",""d3f47934b7a50702""]","[""13:ar_to_en:??P?????"",""13:ar_to_en:????????"",""11:en_to_ar:?ار""]","[3,6,7,11,17,21]","[""ar_to_en:8"",""en_to_ar:3""]","152.35403518682838","review","approved","approved","Selected general vocabulary. Approval requires at least one approved MSA relationship; an unsuitable translation alone does not reject the headword.","1","2","{""approved"":1}","{""approved"":2}","{""msa"":2}","2","2","1","1","0","0","1","2","0","0","0"
"1704","DETAIL","التفاصيل","6","[5,6,7,8]","143.19654427645787","2","7.132331253245202","[""c97dc3474d366b21"",""a53d890b5fb49ff9"",""1930580e02d5f992""]","[""11:ar_to_en:L?A???"",""11:ar_to_en:??????""]","[7,9,23]","[""ar_to_en:6""]","152.32887552970308","review","approved","approved","Selected general vocabulary. Approval requires at least one approved MSA relationship; an unsuitable translation alone does not reject the headword.","1","4","{""approved"":1}","{""approved"":2,""review"":2}","{""msa"":4}","2","2","1","1","0","0","1","4","0","0","0"
"3440","FINDER","مكتشف","6","[5]","129.41176470588235","2","20.897352853986263","[""0763656d10fe541f"",""577d0196f63f4c04""]","[""11:ar_to_en:??D???""]","[1,5,18,19,25,30]","[""ar_to_en:6""]","152.3091175598686","review","approved","approved","Selected general vocabulary. Approval requires at least one approved MSA relationship; an unsuitable translation alone does not reject the headword.","1","1","{""approved"":1}","{""approved"":1}","{""msa"":1}","1","1","1","1","0","0","0","1","0","0","0"
"5273","PROCEED","المضي قدما","7","[9]","121.99917503093634","2","28.19623107581458","[""b9b010efdab33189"",""cf90d7bf4a590642"",""6bcd8267db046d17"",""26de145a20783b84"",""7f2083b6bc08a0ed""]","[""11:ar_to_en:??E????"",""9:en_to_ar:???????م?"",""9:en_to_ar:?م???????"",""9:en_to_ar:???????ما""]","[2,4,7,10,13,28,29,30]","[""ar_to_en:7"",""en_to_ar:9""]","152.1954061067509","review","approved","approved","Selected general vocabulary. Approval requires at least one approved MSA relationship; an unsuitable translation alone does not reject the headword.","1","1","{""approved"":1}","{""approved"":1}","{""msa"":1}","1","1","1","1","0","0","0","1","0","0","1"
"2717","HIDE","إخفاء","4","[3,5]","133.91986432054273","2","16.259775004326936","[""e1c41d665d0dcdb6"",""1c20f41520f3befb"",""e20ccb0975cc70c6"",""b948649d260c52a0"",""0e14648ef08c13da"",""520bc099a8c4b8e6"",""6a308f7712ce81c5"",""55acd24ea1603546"",""c7711de584f62777"",""ac5424edd40cf92d"",""37bdfeb07a8c48c5""]","[""13:ar_to_en:??D?"",""13:ar_to_en:?D??"",""13:ar_to_en:????"",""11:ar_to_en:?D??"",""11:en_to_ar:تب?"",""9:en_to_ar:?خا"",""11:en_to_ar:يب?"",""11:en_to_ar:ي?ت"",""9:en_to_ar:?خف"",""11:en_to_ar:?بت"",""9:en_to_ar:يب?""]","[1,2,3,6,8,9,10,11,12,14,15,17,18,21,22,26,27,28,29]","[""ar_to_en:4"",""en_to_ar:3""]","152.17963932486967","review","approved","approved","Selected general vocabulary. Approval requires at least one approved MSA relationship; an unsuitable translation alone does not reject the headword.","1","4","{""approved"":1}","{""review"":2,""rejected"":1,""approved"":1}","{""msa"":3,""dialect"":1}","1","1","1","1","1","1","0","4","0","0","0"
"3140","MOUTH","الفم","5","[2,4]","131.1284046692607","2","19.019550008653873","[""6700c2e12ebad836"",""4a40e804c7bf4908"",""1e40813655b13717"",""ed34225aae50910c"",""9c6ed54ed35d1ebd"",""955a22001a42ef32"",""185bea5900a6a08a"",""a0a1919d9569c3ef"",""00640358948a0383""]","[""11:en_to_ar:?ف"",""11:en_to_ar:ف?"",""9:en_to_ar:?ف"",""9:en_to_ar:ف?"",""11:en_to_ar:مف"",""11:en_to_ar:فم"",""9:en_to_ar:مف"",""9:en_to_ar:فم"",""13:en_to_ar:م?""]","[1,2,3,4,5,6,7,8,9,10,11,12,13,14,15,16,17,18,19,20,21,22,25,26,27,28,29,30]","[""en_to_ar:2""]","152.14795467791458","review","approved","approved","Selected general vocabulary. Approval requires at least one approved MSA relationship; an unsuitable translation alone does not reject the headword.","1","2","{""approved"":1}","{""approved"":2}","{""msa"":2}","2","2","1","1","0","0","1","2","0","0","0"
"6749","UNCLE","العم","5","[2,3,4]","118.28780432049378","2","31.844129532345622","[""a1ec2e95c59524d2"",""0919705cfdc947be"",""4e887384c8c961cb"",""7c665ff11e918fad"",""488981e5f5ddb851"",""7f88b9dd777238ed"",""2a1ac57ff203c424"",""6fcf426584f92114"",""b15eda7bbb245486"",""5119fa1a72bd7b8f"",""7294eb190fc1cfc4"",""6f14565176f49646"",""cb5bdd86697de1bc"",""29a52acd2d83a9e2"",""49539c79a24a3c10"",""6d4c200f7f9e9e35"",""d6e43cafe73e4b6a"",""6027ccf990d91309"",""c13340bc6ba01cf7"",""021fcd8d3c2efc01"",""5bd466af5e9236df"",""ba927df556fbafa7"",""49eb7a3ebb323da9"",""aa3e7103934cbfdf"",""f8ed5f33636c9345""]","[""13:ar_to_en:??C??"",""13:ar_to_en:E????"",""11:ar_to_en:??C??"",""13:en_to_ar:مع"",""13:en_to_ar:عم"",""11:en_to_ar:مع"",""9:en_to_ar:مع"",""11:en_to_ar:عم"",""11:en_to_ar:?مو"",""13:en_to_ar:?ع"",""13:en_to_ar:م?"",""11:en_to_ar:ي?ع"",""9:en_to_ar:عم"",""11:en_to_ar:وم?"",""13:en_to_ar:?م"",""13:en_to_ar:ع?"",""11:en_to_ar:?مي"",""11:en_to_ar:يم?"",""13:en_to_ar:??""]","[1,2,3,4,5,6,7,8,9,10,11,12,13,14,15,16,17,18,19,20,21,22,23,24,25,26,27,28,29,30]","[""ar_to_en:5"",""en_to_ar:2"",""en_to_ar:3""]","152.1319338528394","review","approved","approved","Selected general vocabulary. Approval requires at least one approved MSA relationship; an unsuitable translation alone does not reject the headword.","1","4","{""approved"":1}","{""rejected"":1,""review"":1,""approved"":2}","{""dialect"":1,""msa"":3}","2","2","1","1","1","1","1","4","0","0","0"
"3473","PREFERENCES","التفضيلات","11","[9]","129.23442353371095","2","20.897352853986263","[""1972d2e745f2c385"",""c6689fc4a956a4b4"",""1b5f5bb975410825"",""65544f5ebcfb6344"",""9bfad4c26a726fe9"",""bed0d5b2cb59a4c5"",""fa2a936d1fb62e0a"",""5675003e26eca39a"",""9e529ec4fdb675d4"",""acd60f8930b20e12"",""ff113010b44e42b2"",""1aa2a7736f761db1"",""c74c43df05514253"",""453d4a92b9cbdd42"",""7348e6ee165f8f2b"",""786a6abaa7bbf983"",""9cd9b831ca4135ea"",""1862ba6f5db736c8"",""18d138ce34e1a6f2"",""2bfd18322c069025"",""2d1f792f228bff98"",""747b6f023a07e20c"",""94f688c2c2a2a97d"",""bdf551b7b76cf3a3"",""48a60c87b6af24e7"",""7373839088fabe64"",""82c12990d5ae7c26"",""82d33ef0277cdb50"",""c20f137912ad7c4b"",""c210e0bc9743c42f"",""e5a2462bc09e75b2"",""565ee7f8e6678a3c"",""879b253fb4ef976e""]","[""11:ar_to_en:??C????????"",""11:ar_to_en:????????C??"",""11:ar_to_en:???????????"",""11:ar_to_en:????????E??"",""11:ar_to_en:??E????????""]","[1,2,4,5,6,7,8,9,13,15,17,18,19,20,21,23,24,25,26,28,29,30]","[""ar_to_en:11""]","152.13177638769722","review","approved","approved","Selected general vocabulary. Approval requires at least one approved MSA relationship; an unsuitable translation alone does not reject the headword.","1","1","{""approved"":1}","{""approved"":1}","{""msa"":1}","1","1","1","1","0","0","0","1","0","0","0"
"2166","FILL","ملء","4","[3,4]","138.4061449831973","2","11.720671786825555","[""d5193e137b9fd963"",""3122bb0a692a2e44"",""c2f6b3e012032b6a""]","[""11:ar_to_en:?I??"",""11:en_to_ar:ا?م"",""11:en_to_ar:م?ء""]","[4,5,8,13,18,19,28,30]","[""ar_to_en:4"",""en_to_ar:3""]","152.12681677002286","review","approved","approved","Selected general vocabulary. Approval requires at least one approved MSA relationship; an unsuitable translation alone does not reject the headword.","1","3","{""approved"":1}","{""approved"":1,""review"":2}","{""msa"":3}","1","1","1","1","0","0","0","3","0","0","0"
"2468","ASSETS","الأصول","6","[4,6,7,9]","135.81020590868397","2","14.264662506490405","[""ed3534db4035b133"",""c9ee176036239ede"",""05caddd5d34d9824"",""421758eb4d3686c0"",""8ee0d4a2c8d8a322"",""c0c12057ceea296b"",""dd91aadb5a0b0d7d"",""e1b51a4c0f01c6ff""]","[""11:ar_to_en:??E???"",""11:ar_to_en:??????""]","[7,20,23,24]","[""ar_to_en:6""]","152.07486841517436","review","approved","approved","Selected general vocabulary. Approval requires at least one approved MSA relationship; an unsuitable translation alone does not reject the headword.","1","5","{""approved"":1}","{""review"":2,""approved"":3}","{""msa"":5}","3","3","1","1","0","0","2","5","0","0","0"
"2016","MYSELF","نفسي","6","[4]","139.8406374501992","2","10.132331253245201","[""569b57695f5904d5"",""421758eb4d3686c0"",""8ee0d4a2c8d8a322"",""0d0d728cf3b231a1""]","[""11:ar_to_en:??????"",""9:en_to_ar:نف??""]","[2,7,10,12,23]","[""ar_to_en:6"",""en_to_ar:4""]","151.97296870344442","review","approved","approved","Selected general vocabulary. Approval requires at least one approved MSA relationship; an unsuitable translation alone does not reject the headword.","1","2","{""approved"":1}","{""approved"":1,""review"":1}","{""msa"":2}","1","1","1","1","0","0","0","2","0","0","0"
"3007","AGENDA","جدول الأعمال","6","[5,11]","131.95526263231477","2","18","[""fc1a9d7c84e3bacb"",""a22977ad04251ea4"",""2a2071c98a328fa5"",""112c5fe7ebc98b4a"",""f2ef995fa61c786d"",""113b90ff3a47bece"",""40121f0e499af09d"",""8b83c22a42e2b859"",""9e02ecaf8cc68c4d"",""dd91aadb5a0b0d7d""]","[""11:ar_to_en:??E???"",""11:ar_to_en:??????"",""13:ar_to_en:?D????"",""13:ar_to_en:???E??""]","[5,7,9,16,18,19,20,22,23,24,30]","[""ar_to_en:6""]","151.95526263231477","review","approved","approved","Selected general vocabulary. Approval requires at least one approved MSA relationship; an unsuitable translation alone does not reject the headword.","1","2","{""approved"":1}","{""review"":1,""approved"":1}","{""msa"":2}","1","1","1","1","0","0","0","2","0","0","1"
"2235","ICON","أيقونة","4","[3,6]","137.78040141676507","2","12.169925001442312","[""c0dba7fffbe428e0"",""b6eb27d7b1ec53da"",""d4d4fdf94ba1b29e"",""f26238039ac183aa"",""c61c1f996ac4cf3c""]","[""11:ar_to_en:I???"",""13:ar_to_en:??C?"",""13:ar_to_en:????"",""9:en_to_ar:?يق???""]","[1,2,4,7,17,18,19,30]","[""ar_to_en:4"",""en_to_ar:6""]","151.9503264182074","review","approved","approved","Selected general vocabulary. Approval requires at least one approved MSA relationship; an unsuitable translation alone does not reject the headword.","1","3","{""approved"":1}","{""approved"":2,""review"":1}","{""msa"":3}","2","2","1","1","0","0","1","3","0","0","0"
"6437","BEE","نحلة","3","[3,4,5,6]","118.96408676069693","2","30.91664123812532","[""07e780c4343123c0"",""89ce20def6e7d148"",""9ba92fd1973c7114"",""87f9baa29ae81e2e"",""2d25a943eea60dd1"",""dc72d321ec0c65f8"",""e40e0a9cb077add1"",""7bbdf029b7ce28b5"",""10d77c39cfc3f196"",""883c8b03d5de098a"",""00b2cc2a80754e68"",""ae0661897b3f35b2"",""e9710123f113ab8a"",""9b37b8aa7fb3de52"",""d8732fd85d057b8c""]","[""11:ar_to_en:??E"",""11:ar_to_en:???"",""11:ar_to_en:E??"",""11:en_to_ar:??نح?"",""9:en_to_ar:لح???"",""9:en_to_ar:?حل"",""9:en_to_ar:لح?"",""11:en_to_ar:لح?"",""11:en_to_ar:نح?"",""9:en_to_ar:نح?""]","[2,3,4,5,6,8,9,10,12,13,15,17,18,19,20,22,24,26,28,29,30]","[""ar_to_en:3"",""en_to_ar:5"",""en_to_ar:3""]","151.88072799882224","review","approved","approved","Selected general vocabulary. Approval requires at least one approved MSA relationship; an unsuitable translation alone does not reject the headword.","1","4","{""approved"":1}","{""approved"":4}","{""msa"":4}","4","4","1","1","0","0","3","4","0","0","0"
"2821","TRENDS","الاتجاهات","6","[7,8,9]","133.1881352416511","2","16.642106257572138","[""2a2071c98a328fa5"",""db268637b522f323"",""e26482f93d76c37b"",""eb2f1b10f19c77fb"",""40121f0e499af09d"",""c0c12057ceea296b"",""ea40655103740ac1"",""4bb6a9ac415343c4"",""598e3ceba80ab6ea""]","[""11:ar_to_en:??E???"",""11:ar_to_en:??????"",""11:ar_to_en:??N???"",""13:ar_to_en:?D????"",""9:en_to_ar:?????اه??"",""9:en_to_ar:???ت?????"",""9:en_to_ar:?????ت???""]","[1,4,5,7,9,12,16,17,19,20,22,23,24,25,30]","[""ar_to_en:6"",""en_to_ar:9""]","151.83024149922323","review","approved","approved","Selected general vocabulary. Approval requires at least one approved MSA relationship; an unsuitable translation alone does not reject the headword.","1","3","{""approved"":1}","{""approved"":3}","{""msa"":3}","3","3","1","1","0","0","2","3","0","0","0"
"2096","RANK","الرتبة","4","[4,6]","139.0625","2","10.754887502163468","[""1f3527886b33de47"",""8ce1a65b8fff183d"",""34ea98f770084cc7""]","[""11:ar_to_en:????"",""9:en_to_ar:رت??"",""11:en_to_ar:?بت?""]","[9,18,19,26,29,30]","[""ar_to_en:4"",""en_to_ar:4""]","151.81738750216346","review","approved","approved","Selected general vocabulary. Approval requires at least one approved MSA relationship; an unsuitable translation alone does not reject the headword.","1","2","{""approved"":1}","{""approved"":2}","{""msa"":2}","2","2","1","1","0","0","1","2","0","0","0"
"2075","HIRE","تأجير","4","[5]","139.2638036809816","2","10.448676426993131","[""1e008e701443b9c4"",""bb75eb6ff3b0904a"",""76a43bd8c4822cf2"",""78b15887ba538d0c"",""9470927af82b2e8e"",""e29136981d7dde8e"",""f461819d75b7280a""]","[""11:ar_to_en:??I?"",""11:ar_to_en:????"",""11:ar_to_en:??R?"",""11:ar_to_en:??IH""]","[1,5,6,7,8,13,15,16,17,18,19,23,25,28,30]","[""ar_to_en:4""]","151.71248010797473","review","review","review","Selected general vocabulary. Approval requires at least one approved MSA relationship; an unsuitable translation alone does not reject the headword.","1","1","{""review"":1}","{""review"":1}","{""msa"":1}","0","0","0","0","0","0","0","1","0","0","0"
"3592","STANDS","تقف","6","[3]","128.61230329041487","2","21.063899822569375","[""12d18aa6e651a99c"",""40121f0e499af09d"",""c0c12057ceea296b"",""43ec203e448bcb9b"",""7599235dc5420321"",""a5abd45c148cc44d""]","[""11:ar_to_en:??????"",""13:ar_to_en:?D????"",""11:en_to_ar:يق?"",""11:en_to_ar:ت?ف"",""11:en_to_ar:فق?""]","[4,7,8,9,14,16,18,20,22,23,24,26]","[""ar_to_en:6"",""en_to_ar:3""]","151.67620311298424","review","approved","approved","Selected general vocabulary. Approval requires at least one approved MSA relationship; an unsuitable translation alone does not reject the headword.","1","2","{""approved"":1}","{""approved"":2}","{""msa"":2}","2","2","1","1","0","0","1","2","0","0","0"
"2529","RARE","نادر","4","[4,5,6]","135.32788695076175","2","14.264662506490405","[""11c3bdd31837c51a"",""2829a8c7757e4654"",""64fb5d2418394709"",""c00fb4446073add4"",""f5b6aaddfa6b2245"",""33a0007ab8b92a51""]","[""13:ar_to_en:????"",""11:ar_to_en:????"",""11:ar_to_en:?R??""]","[3,5,8,10,14,15,18,19,21,27,29,30]","[""ar_to_en:4""]","151.59254945725215","review","approved","approved","Selected general vocabulary. Approval requires at least one approved MSA relationship; an unsuitable translation alone does not reject the headword.","1","3","{""approved"":1}","{""approved"":3}","{""msa"":3}","3","3","1","1","0","0","2","3","0","0","0"
"2706","DRESS","فستان","5","[3,4,5,6,7]","133.99915002124948","2","15.509775004326936","[""d6c9553e0681ae0d"",""6fc32370fecdf527"",""0970ec393d36586c"",""23923a6a2f321839"",""5156da47391db08b"",""a0d5f337753b59d9"",""a9630cdb2c192fa4"",""11d6d4ca2f42c74c"",""54766911a8c37e7b"",""a6177a9ba8d9fc5a""]","[""11:ar_to_en:??E??"",""11:ar_to_en:?????"",""13:ar_to_en:??E??"",""9:en_to_ar:ثو?"",""9:en_to_ar:بو?"",""11:en_to_ar:بو?"",""11:en_to_ar:?وب""]","[1,2,3,8,10,11,12,17,20,21,22,24,25]","[""ar_to_en:5"",""en_to_ar:3""]","151.50892502557642","review","approved","approved","Selected general vocabulary. Approval requires at least one approved MSA relationship; an unsuitable translation alone does not reject the headword.","1","5","{""approved"":1}","{""approved"":5}","{""msa"":5}","5","5","1","1","0","0","4","5","0","0","0"
"2227","BOAT","قارب","4","[4,6]","137.85190442394133","2","11.632331253245201","[""180249bbb129357a"",""9cf48d05930fa5e8""]","[""11:ar_to_en:?AO?""]","[6,8,13,15,28]","[""ar_to_en:4""]","151.48423567718655","review","approved","approved","Selected general vocabulary. Approval requires at least one approved MSA relationship; an unsuitable translation alone does not reject the headword.","1","5","{""approved"":1}","{""approved"":5}","{""msa"":5}","5","5","1","1","0","0","4","5","0","0","0"
"2063","SPIRIT","روح","6","[3,5]","139.37976864385922","2","10","[""e8e480fc3f967e74"",""3543a8cf5d7c81a7"",""e251125e41f3a306"",""efd3d8d7c9c85293""]","[""11:ar_to_en:??R???"",""11:ar_to_en:??????"",""11:ar_to_en:?I????"",""11:en_to_ar:?وح""]","[2,4,5,7,11,18,19,23,29,30]","[""ar_to_en:6"",""en_to_ar:3""]","151.37976864385922","review","approved","approved","Selected general vocabulary. Approval requires at least one approved MSA relationship; an unsuitable translation alone does not reject the headword.","1","2","{""approved"":1}","{""approved"":2}","{""msa"":2}","2","2","1","1","0","0","1","2","0","0","0"
"2110","DEFINE","تعريف","6","[3,5]","138.9294403892944","2","10.448676426993131","[""1bd0894de9f56203""]","[""11:ar_to_en:??I???""]","[5,18,19,30]","[""ar_to_en:6""]","151.37811681628753","review","approved","approved","Selected general vocabulary. Approval requires at least one approved MSA relationship; an unsuitable translation alone does not reject the headword.","1","2","{""approved"":1}","{""approved"":2}","{""msa"":2}","2","2","1","1","0","0","1","2","0","0","0"
"2111","RACING","السباقات","6","[4,6,8]","138.91997081002188","2","10.448676426993131","[""1bd0894de9f56203"",""8a68ffccb817c76c""]","[""11:ar_to_en:??I???"",""11:ar_to_en:??????""]","[5,18,19,30]","[""ar_to_en:6""]","151.368647237015","review","approved","approved","Selected general vocabulary. Approval requires at least one approved MSA relationship; an unsuitable translation alone does not reject the headword.","1","4","{""approved"":1}","{""approved"":4}","{""msa"":4}","4","4","1","1","0","0","3","4","0","0","0"
"3107","LEISURE","أوقات الفراغ","7","[11]","131.32954767965538","2","18","[""c2d1477a5fecc5da""]","[""11:ar_to_en:??I????""]","[13,15,28]","[""ar_to_en:7""]","151.32954767965538","review","approved","approved","Selected general vocabulary. Approval requires at least one approved MSA relationship; an unsuitable translation alone does not reject the headword.","1","1","{""approved"":1}","{""approved"":1}","{""msa"":1}","1","1","1","1","0","0","0","1","0","0","1"
"9227","BORED","بالملل","5","[3,5,6]","114.25135833259108","2","35","[""041910a2f6b19ee5"",""08d7fdc8f5b6bd71"",""326da207d231a36e"",""72ee8cc35b7cdf28"",""7f470c6d08cb5139"",""8ac967d9102c91c9"",""d28fcaea6a58b432"",""975fb7e5b8021ad6"",""fe83803ba01ba0a8"",""607ce6e6434e6908""]","[""13:ar_to_en:?????"",""11:en_to_ar:?لل"",""9:en_to_ar:لل???"",""11:en_to_ar:لل???"",""9:en_to_ar:لل?"",""11:en_to_ar:لل?"",""9:en_to_ar:?لل"",""9:en_to_ar:لل????"",""9:en_to_ar:????لل"",""11:en_to_ar:م?ل""]","[2,4,5,6,8,9,11,12,13,14,16,17,18,19,20,21,22,28,30]","[""ar_to_en:5"",""en_to_ar:3"",""en_to_ar:5"",""en_to_ar:6""]","151.25135833259108","review","review","review","Selected general vocabulary. Approval requires at least one approved MSA relationship; an unsuitable translation alone does not reject the headword.","1","3","{""review"":1}","{""review"":3}","{""msa"":3}","0","0","0","0","0","0","0","3","0","0","0"
"2031","RECOVERY","الاسترداد","8","[5,7,8,9]","139.6923840238154","2","9.509775004326936","[""8dc207ecc98497ba""]","[""9:en_to_ar:د????????""]","[4,9]","[""en_to_ar:9""]","151.20215902814235","review","approved","approved","Selected general vocabulary. Approval requires at least one approved MSA relationship; an unsuitable translation alone does not reject the headword.","1","6","{""approved"":1}","{""approved"":5,""review"":1}","{""msa"":6}","5","5","1","1","0","0","4","6","0","5","0"
"4211","FRAUD","الغش","5","[2,4,5,6,8]","125.76074706166479","2","23.44134357365111","[""120d967259debe93"",""65586f08e13d8b44"",""b09521b85bcb5f09"",""ae8ede73e54668a1"",""302c7f14b9ade0f3"",""9883270f7386675b"",""b69cfd2537bfff10"",""73568e838e5a1958""]","[""11:en_to_ar:?ش"",""11:en_to_ar:ش?"",""9:en_to_ar:ش?"",""9:en_to_ar:?ش"",""11:en_to_ar:غ?"",""9:en_to_ar:غ?"",""11:en_to_ar:?غ"",""9:en_to_ar:?غ""]","[1,2,3,4,5,6,7,8,9,10,11,12,13,14,15,16,17,18,19,20,21,22,25,26,27,28,29,30]","[""en_to_ar:2""]","151.2020906353159","review","approved","approved","Selected general vocabulary. Approval requires at least one approved MSA relationship; an unsuitable translation alone does not reject the headword.","1","5","{""approved"":1}","{""approved"":5}","{""msa"":5}","5","5","1","1","0","0","4","5","0","1","0"
"3663","CONFERENCES","المؤتمرات","11","[7,9]","128.25357584319266","2","20.897352853986263","[""1972d2e745f2c385"",""c6689fc4a956a4b4"",""1b5f5bb975410825"",""65544f5ebcfb6344"",""9bfad4c26a726fe9"",""bed0d5b2cb59a4c5"",""acd60f8930b20e12"",""1aa2a7736f761db1"",""c74c43df05514253"",""453d4a92b9cbdd42"",""7348e6ee165f8f2b"",""786a6abaa7bbf983"",""9cd9b831ca4135ea"",""1862ba6f5db736c8"",""18d138ce34e1a6f2"",""2d1f792f228bff98"",""747b6f023a07e20c"",""94f688c2c2a2a97d"",""bdf551b7b76cf3a3"",""82d33ef0277cdb50"",""e5a2462bc09e75b2"",""879b253fb4ef976e""]","[""11:ar_to_en:??C????????"",""11:ar_to_en:????????C??"",""11:ar_to_en:???????????""]","[2,4,5,6,7,8,9,13,15,17,18,19,20,21,23,24,25,26,28,29,30]","[""ar_to_en:11""]","151.15092869717893","review","approved","approved","Selected general vocabulary. Approval requires at least one approved MSA relationship; an unsuitable translation alone does not reject the headword.","1","2","{""approved"":1}","{""approved"":2}","{""msa"":2}","2","2","1","1","0","0","1","2","0","0","0"
"1937","LEADER","قائد","6","[4]","140.64008128016255","2","8.377443751081735","[""c97dc3474d366b21"",""f49496b05a95bca0"",""a9fb9719f13ed006""]","[""11:ar_to_en:L?A???"",""11:ar_to_en:??????"",""11:en_to_ar:م??ز""]","[7,9,23,26,27]","[""ar_to_en:6"",""en_to_ar:4""]","151.01752503124428","review","approved","approved","Selected general vocabulary. Approval requires at least one approved MSA relationship; an unsuitable translation alone does not reject the headword.","1","2","{""approved"":1}","{""approved"":2}","{""msa"":2}","2","2","1","1","0","0","1","2","0","0","0"
"3159","ALERTS","تنبيهات","6","[7]","131.01376235704595","2","18","[""bc94c1ed866c7c96"",""5f9068cc07b9a81e"",""e9b74ddcb25d1c83"",""421758eb4d3686c0"",""8ee0d4a2c8d8a322"",""e1b51a4c0f01c6ff""]","[""11:ar_to_en:??ER??"",""11:ar_to_en:??E???"",""11:ar_to_en:??????""]","[2,7,11,17,20,23,24]","[""ar_to_en:6""]","151.01376235704595","review","approved","approved","Selected general vocabulary. Approval requires at least one approved MSA relationship; an unsuitable translation alone does not reject the headword.","1","1","{""approved"":1}","{""approved"":1}","{""msa"":1}","1","1","1","1","0","0","0","1","0","0","0"
"3073","STYLES","أنماط","6","[5,6,7,8]","131.53952296471516","2","17.43458750793272","[""8c709007bbfe739c"",""0c13c47510b1d172"",""05caddd5d34d9824"",""599600fd8527f3a6""]","[""11:ar_to_en:??????"",""11:en_to_ar:???اط""]","[4,7,8,20,23,24]","[""ar_to_en:6"",""en_to_ar:5""]","150.97411047264788","review","approved","approved","Selected general vocabulary. Approval requires at least one approved MSA relationship; an unsuitable translation alone does not reject the headword.","1","6","{""approved"":1}","{""approved"":2,""review"":4}","{""msa"":6}","2","2","1","1","0","0","1","6","0","0","0"
"2138","INCH","بوصة","4","[3,4]","138.66602223296277","2","10.302256254687515","[""b6eb27d7b1ec53da"",""461e1668e237893a"",""8dd7b9ced08373e1"",""fe2df72400650ea7""]","[""11:ar_to_en:I???"",""11:ar_to_en:????"",""13:ar_to_en:??C?"",""9:en_to_ar:ان?""]","[2,7,10,17,19,24]","[""ar_to_en:4"",""en_to_ar:3""]","150.96827848765028","review","approved","approved","Selected general vocabulary. Approval requires at least one approved MSA relationship; an unsuitable translation alone does not reject the headword.","1","2","{""approved"":1}","{""approved"":1,""review"":1}","{""msa"":2}","1","1","1","1","0","0","0","2","0","0","0"
"2618","AGREED","متفق عليه","6","[4,8]","134.6470333477696","2","14.264662506490405","[""839b643c7ff43ccc"",""6b55025fa5771ea5"",""06bc6b4fe598c861"",""90b6504aba159a8a""]","[""11:ar_to_en:??E???"",""11:ar_to_en:??R???""]","[2,3,5,7,12,17,18,19,23,27,30]","[""ar_to_en:6""]","150.91169585426","review","approved","approved","Selected general vocabulary. Approval requires at least one approved MSA relationship; an unsuitable translation alone does not reject the headword.","1","3","{""approved"":1}","{""approved"":3}","{""msa"":3}","3","3","1","1","0","0","2","3","0","0","1"
"6496","PRAY","صلوا","4","[2,3,4]","118.83239171374764","2","30","[""9dc7acbd5b82bcf7"",""20428e1642f984ee"",""c8266658d7609a56"",""d5df167a80820570"",""8174dfdafccb41f1"",""c18adb660c06be60"",""0eec2767376159b1"",""0de4f9892a2692a2"",""eefd495f5bf62eaa"",""c1c9622e9a1ade7b"",""14b3376750bd7e24"",""a8472690791dab59"",""1124cbe7cff383d7""]","[""11:en_to_ar:ص?"",""9:en_to_ar:ص?"",""11:en_to_ar:?ص"",""9:en_to_ar:?ص"",""11:en_to_ar:لص"",""9:en_to_ar:صل"",""11:en_to_ar:صل"",""9:en_to_ar:لص"",""11:en_to_ar:يل?"",""11:en_to_ar:?لص"",""9:en_to_ar:?لص"",""11:en_to_ar:صل?"",""13:en_to_ar:ص?""]","[1,2,3,4,5,6,7,8,9,10,11,12,13,14,15,16,17,18,19,20,21,22,25,26,27,28,29,30]","[""en_to_ar:2"",""en_to_ar:3""]","150.83239171374765","review","approved","approved","Selected general vocabulary. Approval requires at least one approved MSA relationship; an unsuitable translation alone does not reject the headword.","1","5","{""approved"":1}","{""approved"":4,""review"":1}","{""msa"":5}","4","4","1","1","0","0","3","5","0","0","0"
"2346","LOOKED","بدا","6","[3,4]","136.81546249424758","2","12","[""5de507a846ac467e"",""3873cd5bb88cfd8a"",""fe8f7901c7746f39"",""41906a36bc144aba"",""c87828813183f18d"",""a20fd07f0e6155c7""]","[""11:en_to_ar:اد?"",""11:en_to_ar:ا?ب"",""11:en_to_ar:بد?"",""9:en_to_ar:ا?ب"",""11:en_to_ar:ب?ا"",""9:en_to_ar:اد?""]","[2,6,8,10,13,14,16,17,19,26,29]","[""en_to_ar:3""]","150.81546249424758","review","approved","approved","Selected general vocabulary. Approval requires at least one approved MSA relationship; an unsuitable translation alone does not reject the headword.","1","3","{""approved"":1}","{""approved"":3}","{""msa"":3}","3","3","1","1","0","0","2","3","0","3","0"
"2642","AHEAD","في المستقبل","5","[10]","134.46790176647997","2","14.264662506490405","[""caf926f28a20be4a"",""16979485f2b6b3fb"",""af4479f948911edb"",""ee4c79ae5f1acf06"",""a6ceb795e749d188"",""de6c442958872dd8"",""e5d72c5831132114"",""207e2fea2a8a3c05"",""90d1f6d10dacd38b""]","[""11:ar_to_en:?????"",""11:ar_to_en:??E??"",""13:ar_to_en:?????""]","[1,2,3,7,14,17,21,23,25,27]","[""ar_to_en:5""]","150.73256427297036","review","approved","approved","Selected general vocabulary. Approval requires at least one approved MSA relationship; an unsuitable translation alone does not reject the headword.","1","1","{""approved"":1}","{""approved"":1}","{""msa"":1}","1","1","1","1","0","0","0","1","0","0","1"
"2257","DREAM","حلم","5","[3,4,5]","137.58515386422363","2","11.132331253245201","[""e5d72c5831132114"",""2ecfb43ed84dfc50"",""72abd637709ec3b1""]","[""11:ar_to_en:??E??"",""11:ar_to_en:?????"",""9:en_to_ar:حل?""]","[1,2,17,19,21,27]","[""ar_to_en:5"",""en_to_ar:3""]","150.71748511746884","review","approved","approved","Selected general vocabulary. Approval requires at least one approved MSA relationship; an unsuitable translation alone does not reject the headword.","1","4","{""approved"":1}","{""approved"":3,""review"":1}","{""msa"":4}","3","3","1","1","0","0","2","4","0","0","0"
"2356","LACK","نقص","4","[3,6,8]","136.7309458218549","2","11.943609377704336","[""12fe0f245bdcb6d8"",""79e58b93512b1bac"",""2adb099b7dc667d5"",""74fc0a916a4bf317""]","[""13:ar_to_en:??C?"",""11:en_to_ar:?قص"",""9:en_to_ar:??عد??"",""11:en_to_ar:?قن""]","[2,4,5,6,9,14,16,28,30]","[""ar_to_en:4"",""en_to_ar:3"",""en_to_ar:6""]","150.67455519955925","review","approved","approved","Selected general vocabulary. Approval requires at least one approved MSA relationship; an unsuitable translation alone does not reject the headword.","1","3","{""approved"":1}","{""approved"":3}","{""msa"":3}","3","3","1","1","0","0","2","3","0","0","0"
"2995","HOSTED","المستضافة","6","[6,7,9]","132.03203203203202","2","16.642106257572138","[""0c13c47510b1d172"",""efff59ccbf4d9537""]","[""11:ar_to_en:??????"",""9:en_to_ar:?ف???????""]","[7,9,23]","[""ar_to_en:6"",""en_to_ar:9""]","150.67413828960417","review","approved","approved","Selected general vocabulary. Approval requires at least one approved MSA relationship; an unsuitable translation alone does not reject the headword.","1","4","{""approved"":1}","{""approved"":3,""review"":1}","{""msa"":4}","3","3","1","1","0","0","2","4","0","0","0"
"3763","RECRUITMENT","التوظيف","11","[5,7]","127.76331771646711","2","20.897352853986263","[""1972d2e745f2c385"",""c6689fc4a956a4b4"",""65544f5ebcfb6344"",""9bfad4c26a726fe9"",""bed0d5b2cb59a4c5"",""5675003e26eca39a"",""9e529ec4fdb675d4"",""acd60f8930b20e12"",""ff113010b44e42b2"",""1aa2a7736f761db1"",""7348e6ee165f8f2b"",""786a6abaa7bbf983"",""1862ba6f5db736c8"",""18d138ce34e1a6f2"",""747b6f023a07e20c"",""94f688c2c2a2a97d"",""48a60c87b6af24e7"",""7373839088fabe64"",""82c12990d5ae7c26"",""c20f137912ad7c4b"",""c210e0bc9743c42f"",""e5a2462bc09e75b2""]","[""11:ar_to_en:??C????????"",""11:ar_to_en:????????C??"",""11:ar_to_en:???????????"",""11:ar_to_en:????????E??"",""11:ar_to_en:??E????????""]","[1,2,4,5,6,7,8,9,13,15,17,18,19,20,23,24,25,26,28,29,30]","[""ar_to_en:11""]","150.66067057045336","review","approved","approved","Selected general vocabulary. Approval requires at least one approved MSA relationship; an unsuitable translation alone does not reject the headword.","1","4","{""approved"":1}","{""approved"":4}","{""msa"":4}","4","4","1","1","0","0","3","4","0","2","0"
"2264","PASSED","مرت","6","[3]","137.5234521575985","2","11.132331253245201","[""0c13c47510b1d172"",""8ee0d4a2c8d8a322"",""8d6b5a79b3815015""]","[""11:ar_to_en:??????"",""11:en_to_ar:م?ت""]","[2,6,7,8,23]","[""ar_to_en:6"",""en_to_ar:3""]","150.65578341084372","review","approved","approved","Selected general vocabulary. Approval requires at least one approved MSA relationship; an unsuitable translation alone does not reject the headword.","1","1","{""approved"":1}","{""approved"":1}","{""msa"":1}","1","1","1","1","0","0","0","1","0","0","0"
"5779","PAL","بال","3","[3]","120.56819642627588","2","28.019550008653873","[""e664229ba8038aa9"",""95b804982c54aecc"",""2b33678be052c3a5"",""b713a0e7930164a8"",""78625c2867fc14b3"",""955dba2aa2c2919e"",""d77380cb7b17fd5f"",""3671c14aab146641"",""5bbc460b42b9c451"",""8c252cde5c12c58d"",""4773319dc4fcb581"",""12b774e02074fec1"",""0b3ef4bf59d0455b"",""e13cde89f8945773""]","[""11:ar_to_en:L??"",""13:ar_to_en:?AP"",""13:ar_to_en:???"",""13:ar_to_en:PA?"",""11:ar_to_en:???"",""11:ar_to_en:??L"",""11:ar_to_en:LA?"",""9:en_to_ar:لا?"",""11:en_to_ar:ل?ب"",""11:en_to_ar:?ال"",""11:en_to_ar:لا?""]","[1,2,4,5,6,7,9,10,11,12,13,14,16,17,18,19,20,21,22,23,26,27,28,29,30]","[""ar_to_en:3"",""en_to_ar:3""]","150.58774643492976","review","review","review","Selected general vocabulary. Approval requires at least one approved MSA relationship; an unsuitable translation alone does not reject the headword.","1","1","{""review"":1}","{""review"":1}","{""msa"":1}","0","0","0","0","1","1","0","1","0","0","0"
"2665","DELTA","دلتا","5","[4]","134.29796355841373","2","14.264662506490405","[""4cdf4579b14b306f""]","[""11:ar_to_en:?T???""]","[3,27]","[""ar_to_en:5""]","150.56262606490412","review","approved","approved","Selected general vocabulary. Approval requires at least one approved MSA relationship; an unsuitable translation alone does not reject the headword.","1","1","{""approved"":1}","{""approved"":1}","{""msa"":1}","1","1","1","1","0","0","0","1","0","0","0"
"1766","RESORT","منتجع","6","[5,6,7]","142.48539564524694","2","6","[""74e9f4a29780de5f"",""07207ba1037998f7""]","[""11:ar_to_en:??O???"",""11:ar_to_en:?ES???""]","[5,7,9,18,19,23,30]","[""ar_to_en:6""]","150.48539564524694","review","approved","approved","Selected general vocabulary. Approval requires at least one approved MSA relationship; an unsuitable translation alone does not reject the headword.","1","3","{""approved"":1}","{""approved"":3}","{""msa"":3}","3","3","2","2","0","0","1","3","0","1","0"
"1872","CANON","شريعة","5","[5]","141.3223140495868","2","7.132331253245202","[""0855cea9b1cae98d"",""ee10702a2e251319""]","[""13:ar_to_en:?????"",""11:ar_to_en:?????""]","[3,4,25,30]","[""ar_to_en:5""]","150.454645302832","review","review","review","Selected general vocabulary. Approval requires at least one approved MSA relationship; an unsuitable translation alone does not reject the headword.","1","2","{""review"":1}","{""review"":2}","{""uncertain"":1,""msa"":1}","0","0","0","0","0","0","0","2","0","0","0"
"3456","MEMORIAL","نصب تذكاري","8","[8,9]","129.32551319648093","2","19.019550008653873","[""2eda8dd0e074168c"",""714f9f349787e69e"",""90871fa285936e98"",""d928feb138a3f509"",""4bb6a9ac415343c4"",""598e3ceba80ab6ea""]","[""9:en_to_ar:ن????????"",""9:en_to_ar:?ص???????"",""11:en_to_ar:???ذ????"",""9:en_to_ar:?????ك???"",""9:en_to_ar:???ت?????"",""9:en_to_ar:?????ت???""]","[4,7,9,12,13,17,18,22,30]","[""en_to_ar:9"",""en_to_ar:8""]","150.3450632051348","review","approved","approved","Selected general vocabulary. Approval requires at least one approved MSA relationship; an unsuitable translation alone does not reject the headword.","1","2","{""approved"":1}","{""approved"":2}","{""msa"":2}","2","2","1","1","0","0","1","2","0","0","1"
"6940","RIP","مزق","3","[3,4]","117.89709172259508","2","30.407127858313196","[""309553e8f0b91387"",""ce8f186479028a66"",""f49c1e3fd54a30fa"",""e1fb60464cb7369f"",""4a954d46ca86aa2b"",""16fe608c0178f0fc"",""d585c2c5ed69f74f"",""2d4a05052ec551cd"",""779ecaf222ddb3b9"",""9993f2991faa82c9"",""30c1e9725db7a90b"",""fedc1edb4d25f7cb"",""7d3b8d49561a0f10"",""ac78e92289640c77"",""eb2cecb3768c2421"",""3bff1df03c07e251"",""549cd787962f4a52"",""605ef82958eb9306"",""f79b67f6425812ff"",""74907de267dcfe2a"",""313cab59bd322c05"",""ed195bca626c0db5"",""b53d795c5faf16f2""]","[""11:ar_to_en:??R"",""11:ar_to_en:?IR"",""11:ar_to_en:PIR"",""11:ar_to_en:R??"",""11:ar_to_en:P?R"",""11:ar_to_en:?IP"",""13:ar_to_en:??R"",""13:ar_to_en:R??"",""13:ar_to_en:?IR"",""11:ar_to_en:???"",""11:ar_to_en:?I?"",""13:ar_to_en:?IP"",""9:en_to_ar:قز?"",""11:en_to_ar:?ير"",""9:en_to_ar:ري?"",""11:en_to_ar:ر?ب""]","[1,3,4,5,6,7,8,9,10,11,13,14,15,17,18,19,21,23,24,25,28,29,30]","[""ar_to_en:3"",""en_to_ar:3""]","150.30421958090827","review","approved","approved","Selected general vocabulary. Approval requires at least one approved MSA relationship; an unsuitable translation alone does not reject the headword.","1","3","{""approved"":1}","{""review"":1,""approved"":2}","{""uncertain"":1,""msa"":2}","2","2","1","1","0","0","1","2","1","0","0"
"3298","PLANNED","المخطط لها","7","[6,9]","130.20007550018875","2","18","[""3fe6ef2478b165e3"",""3d4755e3bccd7b2c"",""65510666aa2ed69b"",""9b7f67632c4f80c7"",""b0f4e93d529ab3cf"",""e6a848d885271372"",""155c9a79f0e6e985"",""2772cf70c95ece7e"",""93d5b091b49a184a""]","[""11:ar_to_en:???????"",""11:ar_to_en:??N????""]","[4,6,7,8,13,15,23,28,29]","[""ar_to_en:7""]","150.20007550018875","review","approved","approved","Selected general vocabulary. Approval requires at least one approved MSA relationship; an unsuitable translation alone does not reject the headword.","1","2","{""approved"":1}","{""approved"":1,""review"":1}","{""msa"":2}","1","1","1","1","0","0","0","2","0","0","1"
"2731","INDEED","في الواقع","6","[8]","133.81948848023674","2","14.264662506490405","[""547439390b1e81ad"",""56c50503a634743f"",""6e3dcb4e0eb39812"",""3687d4340d942c08"",""3ae03b5c64fc864b"",""2da149de7daaf820"",""c30dd6dee410a8f8""]","[""11:ar_to_en:??E???"",""11:ar_to_en:??????""]","[4,5,7,18,19,20,23,24,29,30]","[""ar_to_en:6""]","150.08415098672714","review","approved","approved","Selected general vocabulary. Approval requires at least one approved MSA relationship; an unsuitable translation alone does not reject the headword.","1","1","{""approved"":1}","{""approved"":1}","{""msa"":1}","1","1","1","1","0","0","0","1","0","0","1"
"2102","ABUSE","إساءة المعاملة","5","[5,7,13]","139.00536323744515","2","9","[""3a3fe6ee587a66b6""]","[""11:ar_to_en:?B???""]","[2,3,27]","[""ar_to_en:5""]","150.00536323744515","review","approved","approved","Selected general vocabulary. Approval requires at least one approved MSA relationship; an unsuitable translation alone does not reject the headword.","1","3","{""approved"":1}","{""review"":2,""approved"":1}","{""msa"":3}","1","1","1","1","0","0","0","3","0","0","1"
"1902","MASS","كتلة","4","[4,6]","141.00461301896462","2","6.965784284662087","[""f29ff3064529dc77""]","[""11:ar_to_en:????""]","[5,18,19,30]","[""ar_to_en:4""]","149.9703973036267","review","approved","approved","Selected general vocabulary. Approval requires at least one approved MSA relationship; an unsuitable translation alone does not reject the headword.","1","4","{""approved"":1}","{""approved"":4}","{""msa"":4}","4","4","2","2","0","0","2","4","0","2","0"
"2729","FRAMES","إطارات","6","[3,5,6,8]","133.8337914992599","2","14.09811553790729","[""8a6ac1fe2ba83990"",""24590e0717fce9e7"",""40e03fbd7bb53f06"",""e4fb592055a799c8"",""330a0fef8a7fa91d""]","[""11:ar_to_en:??M???"",""9:en_to_ar:اط?"",""11:en_to_ar:?طر"",""9:en_to_ar:رط?"",""11:en_to_ar:?طا??""]","[2,5,7,17,18,19,27,30]","[""ar_to_en:6"",""en_to_ar:3"",""en_to_ar:5""]","149.93190703716718","review","approved","approved","Selected general vocabulary. Approval requires at least one approved MSA relationship; an unsuitable translation alone does not reject the headword.","1","5","{""approved"":1}","{""review"":4,""approved"":1}","{""msa"":5}","1","1","1","1","0","0","0","5","0","0","0"
"2757","REVISED","المنقحة","7","[5,6,7]","133.6346436829935","2","14.264662506490405","[""89ee4b6c4a6e79a9"",""dbc248046a02993b""]","[""11:ar_to_en:???????""]","[4,13,15,28,29]","[""ar_to_en:7""]","149.8993061894839","review","approved","approved","Selected general vocabulary. Approval requires at least one approved MSA relationship; an unsuitable translation alone does not reject the headword.","1","3","{""approved"":1}","{""approved"":3}","{""msa"":3}","3","3","1","1","0","0","2","3","0","0","0"
"4496","ENEMY","العدو","5","[3,5]","124.63054187192118","2","23.264662506490403","[""26b714328c21d972"",""8e57115164a69dc7"",""b212cb7f3a879f6e"",""73336ab765b2b158""]","[""11:ar_to_en:??E??"",""11:en_to_ar:???دو"",""11:en_to_ar:?دو"",""11:en_to_ar:?دع""]","[2,5,6,14,17,22,26,27,28]","[""ar_to_en:5"",""en_to_ar:5"",""en_to_ar:3""]","149.8952043784116","review","approved","approved","Selected general vocabulary. Approval requires at least one approved MSA relationship; an unsuitable translation alone does not reject the headword.","1","2","{""approved"":1}","{""approved"":2}","{""msa"":2}","2","2","1","1","0","0","1","2","0","0","0"
"2420","TAPE","الشريط","4","[4,6]","136.19909502262442","2","11.632331253245201","[""611ef39a9ab361f1"",""7daba80984e1a0b6""]","[""13:ar_to_en:??P?"",""11:ar_to_en:??P?""]","[3,6,8,10,12,13,14,15,28]","[""ar_to_en:4""]","149.83142627586963","review","approved","approved","Selected general vocabulary. Approval requires at least one approved MSA relationship; an unsuitable translation alone does not reject the headword.","1","2","{""approved"":1}","{""approved"":2}","{""msa"":2}","2","2","1","1","0","0","1","2","0","0","0"
"1941","SOFT","لينة","4","[4,5,7]","140.59883278355747","2","7.132331253245202","[""156d87554de58daa"",""c216ac72e1947ff2""]","[""11:ar_to_en:??F?"",""11:ar_to_en:?F??""]","[2,7,16,17]","[""ar_to_en:4""]","149.73116403680268","review","approved","approved","Selected general vocabulary. Approval requires at least one approved MSA relationship; an unsuitable translation alone does not reject the headword.","1","4","{""approved"":1}","{""approved"":4}","{""msa"":4}","4","4","1","1","0","0","3","4","0","0","0"
"3408","TONIGHT","الليلة","7","[6]","129.58579881656806","2","18","[""7854e82300449f67"",""4d713b20c989fef5"",""b1398f4b3f6e34ca"",""82640f85d8430378""]","[""11:ar_to_en:T?N????"",""11:ar_to_en:???????"",""7:ar_to_en:??G?N??""]","[2,3,7,8,12,20,21,24]","[""ar_to_en:7""]","149.58579881656806","review","approved","approved","Selected general vocabulary. Approval requires at least one approved MSA relationship; an unsuitable translation alone does not reject the headword.","1","1","{""approved"":1}","{""approved"":1}","{""msa"":1}","1","1","1","1","0","0","0","1","0","0","0"
"2808","IDEAL","مثالية","5","[4,6,7]","133.27787021630616","2","14.264662506490405","[""af4479f948911edb"",""207e2fea2a8a3c05"",""3390a211896c18a6"",""5fdca650172b0d68""]","[""11:ar_to_en:??E??"",""13:ar_to_en:?????"",""11:ar_to_en:?????""]","[1,2,14,17,21,27]","[""ar_to_en:5""]","149.54253272279655","review","approved","approved","Selected general vocabulary. Approval requires at least one approved MSA relationship; an unsuitable translation alone does not reject the headword.","1","3","{""approved"":1}","{""approved"":2,""review"":1}","{""msa"":3}","2","2","1","1","1","1","1","3","0","0","0"
"2677","WARS","الحروب","4","[4,6]","134.20996365191363","2","13.305634287546711","[""bb75eb6ff3b0904a"",""3e2a1d4900a21eea"",""a2a184806c2d16b8""]","[""11:ar_to_en:????"",""11:en_to_ar:ح??ب"",""9:en_to_ar:بو????""]","[5,6,13,14,18,19,30]","[""ar_to_en:4"",""en_to_ar:4"",""en_to_ar:6""]","149.51559793946035","review","approved","approved","Selected general vocabulary. Approval requires at least one approved MSA relationship; an unsuitable translation alone does not reject the headword.","1","2","{""approved"":1}","{""approved"":2}","{""msa"":2}","2","2","1","1","0","0","1","2","0","0","0"
"3008","ANYWAY","على أية حال","6","[9]","131.94888178913737","2","15.566165626622603","[""421758eb4d3686c0"",""d954d91ff04428db"",""07cea5da7054a643"",""ce3bf3a841a15d5a"",""07282c0e6ceed3ea"",""20b03e8c882afb91"",""d40314b313e2856f"",""9aebcc7087fd1a7d""]","[""11:ar_to_en:??????"",""9:en_to_ar:عل???????"",""9:en_to_ar:???????لع"",""9:en_to_ar:ع????????"",""9:en_to_ar:????????ل"",""9:en_to_ar:?????ة???"",""9:en_to_ar:ل????????"",""11:en_to_ar:????????ل""]","[4,7,8,9,13,16,17,19,20,22,23]","[""ar_to_en:6"",""en_to_ar:9""]","149.51504741575997","review","approved","approved","Selected general vocabulary. Approval requires at least one approved MSA relationship; an unsuitable translation alone does not reject the headword.","1","1","{""approved"":1}","{""approved"":1}","{""msa"":1}","1","1","1","1","0","0","0","1","0","0","1"
"2042","DROP","قطرة","4","[4,5]","139.58436417615042","2","7.924812503605781","[""f436e96f0db71640"",""599600fd8527f3a6""]","[""9:en_to_ar:قط??"",""11:en_to_ar:???اط""]","[4,8,10]","[""en_to_ar:4"",""en_to_ar:5""]","149.5091766797562","review","approved","approved","Selected general vocabulary. Approval requires at least one approved MSA relationship; an unsuitable translation alone does not reject the headword.","1","3","{""approved"":1}","{""approved"":1,""review"":2}","{""msa"":3}","1","1","1","1","0","0","0","3","0","0","0"
"1964","ROSE","وردة","4","[3,4,6]","140.36326942482341","2","7.132331253245202","[""c07a79a9959d3e9b"",""f5b6aaddfa6b2245"",""f5870314cb244ab2""]","[""13:ar_to_en:????"",""11:ar_to_en:????"",""11:ar_to_en:??SE""]","[5,8,14,18,25,27]","[""ar_to_en:4""]","149.49560067806863","review","approved","approved","Selected general vocabulary. Approval requires at least one approved MSA relationship; an unsuitable translation alone does not reject the headword.","1","3","{""approved"":1}","{""review"":1,""approved"":2}","{""uncertain"":1,""msa"":2}","2","2","1","1","0","0","1","2","1","0","0"
"2268","SOUL","الروح","4","[3,4,5]","137.48828491096532","2","10","[""1f3527886b33de47"",""efd3d8d7c9c85293""]","[""11:ar_to_en:????"",""11:en_to_ar:?وح""]","[2,5,11,18,19,30]","[""ar_to_en:4"",""en_to_ar:3""]","149.48828491096532","review","approved","approved","Selected general vocabulary. Approval requires at least one approved MSA relationship; an unsuitable translation alone does not reject the headword.","1","3","{""approved"":1}","{""approved"":2,""review"":1}","{""msa"":3}","2","2","1","1","0","0","1","3","0","0","0"
"1786","GIVING","إعطاء","6","[5,6]","142.2609614368727","2","5.224338213496566","[""8a68ffccb817c76c""]","[""11:ar_to_en:??????""]","[5,18,19,30]","[""ar_to_en:6""]","149.48529965036926","review","approved","approved","Selected general vocabulary. Approval requires at least one approved MSA relationship; an unsuitable translation alone does not reject the headword.","1","3","{""approved"":1}","{""approved"":2,""review"":1}","{""msa"":3}","2","2","1","1","0","0","1","3","0","0","0"
"2780","RAIN","المطر","4","[3,5,7]","133.47280334728035","2","14.009775004326936","[""ba91352ea0b3e3c4"",""9c269dd49a95e0e0"",""d576761f3c9f22e7"",""f15ecadef6d23b0d"",""40e03fbd7bb53f06"",""e4fb592055a799c8""]","[""11:ar_to_en:????"",""9:en_to_ar:مط?"",""11:en_to_ar:?طر"",""9:en_to_ar:رط?""]","[1,2,3,7,11,17,18,19,25,27]","[""ar_to_en:4"",""en_to_ar:3""]","149.4825783516073","review","approved","approved","Selected general vocabulary. Approval requires at least one approved MSA relationship; an unsuitable translation alone does not reject the headword.","1","3","{""approved"":1}","{""approved"":2,""review"":1}","{""msa"":3}","2","2","1","1","0","0","1","3","0","0","0"
"5785","INVEST","استثمر","6","[6,7,9]","120.55234425176621","2","26.897352853986263","[""fa03ba27841d6726"",""547439390b1e81ad"",""1265353aedbd427b""]","[""11:ar_to_en:??E???"",""9:en_to_ar:را???????""]","[5,7,13,18,19,20,30]","[""ar_to_en:6"",""en_to_ar:9""]","149.44969710575248","review","approved","approved","Selected general vocabulary. Approval requires at least one approved MSA relationship; an unsuitable translation alone does not reject the headword.","1","3","{""approved"":1}","{""approved"":3}","{""msa"":3}","3","3","1","1","0","0","2","3","0","0","0"
"2179","CLUBS","النوادي","5","[5,7]","138.2866714525006","2","9","[""3a3fe6ee587a66b6""]","[""11:ar_to_en:?B???""]","[2,3,27]","[""ar_to_en:5""]","149.2866714525006","review","approved","approved","Selected general vocabulary. Approval requires at least one approved MSA relationship; an unsuitable translation alone does not reject the headword.","1","4","{""approved"":1}","{""approved"":2,""review"":2}","{""msa"":4}","2","2","1","1","0","0","1","4","0","0","0"
"2212","FORT","الحصن","4","[3,4,5]","137.9867046533713","2","9.254887502163468","[""6ce3a59d55785fd3"",""48d853f5fc8923e2"",""dd7076622b8e263e""]","[""11:ar_to_en:??R?"",""11:en_to_ar:نص?"",""11:en_to_ar:حص?""]","[2,3,8,13,15,28]","[""ar_to_en:4"",""en_to_ar:3""]","149.24159215553476","review","approved","approved","Selected general vocabulary. Approval requires at least one approved MSA relationship; an unsuitable translation alone does not reject the headword.","1","3","{""approved"":1}","{""approved"":2,""review"":1}","{""msa"":2,""uncertain"":1}","2","2","1","1","0","0","1","2","1","0","0"
"3475","ROMANCE","الرومانسية","7","[8,10]","129.22374429223746","2","18","[""b360b23aae38d59b"",""9001fc500fa204b9"",""916cc6dfaaac593d"",""f024d5c4a1150b4d"",""0867b90540f4524d"",""2ff85bfedd5f46bb"",""5a0d6b35a5e1f0de"",""a0e363274a669a7b"",""ebc22170f6f3c125""]","[""11:ar_to_en:???????"",""11:ar_to_en:????N??""]","[4,6,7,8,13,15,20,23,24,28,29]","[""ar_to_en:7""]","149.22374429223746","review","approved","approved","Selected general vocabulary. Approval requires at least one approved MSA relationship; an unsuitable translation alone does not reject the headword.","1","2","{""approved"":1}","{""approved"":2}","{""msa"":2}","2","2","1","1","0","0","1","2","0","0","0"
"4829","SILENT","صامتة","6","[4,5,6]","123.429491872895","2","23.774437510817343","[""ed3534db4035b133"",""9e02ecaf8cc68c4d"",""1f7ec2a14af862a2""]","[""11:ar_to_en:??E???"",""11:en_to_ar:صام?""]","[7,18,23]","[""ar_to_en:6"",""en_to_ar:4""]","149.20392938371234","review","approved","approved","Selected general vocabulary. Approval requires at least one approved MSA relationship; an unsuitable translation alone does not reject the headword.","1","4","{""approved"":1}","{""approved"":4}","{""msa"":4}","4","4","1","1","0","0","3","4","0","0","0"
"1995","PRIME","رئيس الوزراء","5","[11]","140.05006257822276","2","7.132331253245202","[""ca372a68b1f8f75f"",""bbc21b3e9c76ddc2""]","[""11:ar_to_en:?M???""]","[3,27]","[""ar_to_en:5""]","149.18239383146798","review","review","review","Selected general vocabulary. Approval requires at least one approved MSA relationship; an unsuitable translation alone does not reject the headword.","1","1","{""review"":1}","{""review"":1}","{""msa"":1}","0","0","0","0","1","1","0","1","0","0","1"
"4236","SHADOW","الظل","6","[2,4]","125.65747273893521","2","21.509775004326936","[""2480b8c355b46ece"",""83f0590ec43a4709"",""ac11361a14afd449"",""dc9943b675c2baa5"",""ab3df8edaed5289f"",""2cc32db22047b250"",""a26ccc5ca33fd14c""]","[""11:en_to_ar:?ظ"",""11:en_to_ar:ظ?"",""9:en_to_ar:ظ?"",""9:en_to_ar:?ظ"",""9:en_to_ar:لظ"",""11:en_to_ar:ظل"",""9:en_to_ar:لظ??""]","[1,2,3,4,5,6,7,8,9,12,14,16,17,18,19,22,25,26,27,28,30]","[""en_to_ar:2"",""en_to_ar:4""]","149.16724774326215","review","approved","approved","Selected general vocabulary. Approval requires at least one approved MSA relationship; an unsuitable translation alone does not reject the headword.","1","2","{""approved"":1}","{""approved"":2}","{""msa"":2}","2","2","1","1","0","0","1","2","0","0","0"
"2000","STEPS","خطوات","5","[5,7]","140","2","7.132331253245202","[""7dcc715ae98b903d"",""e34dc3b9a9c51ba6"",""9dd7fd7b82f7229a""]","[""11:ar_to_en:??E??""]","[2,16,21,24]","[""ar_to_en:5""]","149.1323312532452","review","approved","approved","Selected general vocabulary. Approval requires at least one approved MSA relationship; an unsuitable translation alone does not reject the headword.","1","2","{""approved"":1}","{""approved"":2}","{""msa"":2}","2","2","1","1","0","0","1","2","0","0","0"
"2008","CREEK","الخور","5","[4,5]","139.92015968063873","2","7.132331253245202","[""66f7fb21440d0dba"",""ee10702a2e251319"",""3390a211896c18a6"",""6eff07afa1779e24"",""6fc32370fecdf527"",""90d1f6d10dacd38b""]","[""11:ar_to_en:?????"",""11:ar_to_en:??E??""]","[1,2,3,17,21,25,27]","[""ar_to_en:5""]","149.05249093388394","review","approved","approved","Selected general vocabulary. Approval requires at least one approved MSA relationship; an unsuitable translation alone does not reject the headword.","1","2","{""approved"":1}","{""review"":1,""approved"":1}","{""uncertain"":1,""msa"":1}","1","1","1","1","0","0","0","1","1","1","0"
"2880","WIDTH","العرض","5","[5]","132.78688524590163","2","14.264662506490405","[""4cdf4579b14b306f""]","[""11:ar_to_en:?T???""]","[3,27]","[""ar_to_en:5""]","149.05154775239203","review","approved","approved","Selected general vocabulary. Approval requires at least one approved MSA relationship; an unsuitable translation alone does not reject the headword.","1","1","{""approved"":1}","{""approved"":1}","{""msa"":1}","1","1","1","1","0","0","0","1","0","0","0"
"2374","FORGOT","نسيت","6","[4]","136.57978966620942","2","10.448676426993131","[""9730dd5038607574""]","[""11:ar_to_en:??R???""]","[5,18,19,30]","[""ar_to_en:6""]","149.02846609320255","review","approved","approved","Selected general vocabulary. Approval requires at least one approved MSA relationship; an unsuitable translation alone does not reject the headword.","1","1","{""approved"":1}","{""approved"":1}","{""msa"":1}","1","1","1","1","0","0","0","1","0","0","0"
"1785","COUPLE","زوجين","6","[5]","142.27212681638045","2","4.754887502163468","[""3fbc56eb61da8e4f""]","[""11:ar_to_en:??????""]","[2,7]","[""ar_to_en:6""]","149.0270143185439","review","approved","approved","Selected general vocabulary. Approval requires at least one approved MSA relationship; an unsuitable translation alone does not reject the headword.","1","3","{""approved"":1}","{""approved"":3}","{""msa"":3}","3","3","1","1","0","0","2","3","0","0","0"
"1683","SCALE","مقياس","5","[5,7]","143.44284550638068","2","3.566165626622601","[""5a3c54bc3f1554fa""]","[""11:ar_to_en:??A??""]","[7,23]","[""ar_to_en:5""]","149.00901113300327","review","approved","approved","Selected general vocabulary. Approval requires at least one approved MSA relationship; an unsuitable translation alone does not reject the headword.","1","2","{""approved"":1}","{""approved"":2}","{""msa"":2}","2","2","1","1","0","0","1","2","0","0","0"
"7945","BYE","وداعاً","3","[3,5]","116.08848667672197","2","30.91664123812532","[""07e780c4343123c0"",""87f9baa29ae81e2e"",""dff1c131d98deca1"",""9b674908afdaf11f"",""8e57115164a69dc7"",""2307c9bc4568088c"",""5c30bede226c459d"",""0e12a6cc7f11a0b0"",""9ac23cf1b971e44a""]","[""11:ar_to_en:??E"",""11:ar_to_en:E??"",""11:ar_to_en:?Y?"",""11:en_to_ar:???دو"",""9:en_to_ar:يا?"",""11:en_to_ar:ب?ي"",""7:ar_to_en:?Y?"",""7:ar_to_en:EY?""]","[3,5,6,8,9,10,12,14,15,18,19,20,22,24,26,27,28,30]","[""ar_to_en:3"",""en_to_ar:5"",""en_to_ar:3""]","149.0051279148473","review","approved","approved","Selected general vocabulary. Approval requires at least one approved MSA relationship; an unsuitable translation alone does not reject the headword.","1","3","{""approved"":1}","{""review"":2,""approved"":1}","{""uncertain"":2,""msa"":1}","1","1","1","1","0","0","0","3","0","0","0"
"2013","SORTED","فرزها","6","[3,4,5]","139.8704211313232","2","7.132331253245202","[""ed995368ba947672"",""248d76fc198ca019"",""7d68339f57b3b0d7""]","[""11:en_to_ar:اه???"",""9:en_to_ar:مص??"",""9:en_to_ar:??صم""]","[1,2,4,10,18,30]","[""en_to_ar:5"",""en_to_ar:4""]","149.00275238456842","review","approved","approved","Selected general vocabulary. Approval requires at least one approved MSA relationship; an unsuitable translation alone does not reject the headword.","1","3","{""approved"":1}","{""approved"":1,""review"":2}","{""msa"":3}","1","1","1","1","0","0","0","3","0","0","0"
"2914","LANE","لين","4","[3]","132.56003256003257","2","14.422064766172811","[""11c3bdd31837c51a"",""dcf079d0acbb8cc1"",""33a0007ab8b92a51"",""7efc4082875d2d87"",""7d349915d7008337"",""eed119d3bd9b1ad2"",""b63070c0621549fa""]","[""13:ar_to_en:????"",""11:ar_to_en:????"",""11:en_to_ar:?يل"",""9:en_to_ar:لي?""]","[2,3,6,8,9,10,12,14,15,20,21,24,27,29]","[""ar_to_en:4"",""en_to_ar:3""]","148.98209732620538","review","review","review","Selected general vocabulary. Approval requires at least one approved MSA relationship; an unsuitable translation alone does not reject the headword.","1","1","{""review"":1}","{""review"":1}","{""uncertain"":1}","0","0","0","0","0","0","0","0","1","0","0"
"4411","GHOST","شبح","5","[3,4,5]","124.9571049758228","2","22.019550008653873","[""e2b7ff6d4629d28b"",""71c7a8004ab60289"",""99828ae3f5cdb9e5"",""a50a376fc2a93373""]","[""13:ar_to_en:??O??"",""11:en_to_ar:حب?"",""11:en_to_ar:حب???"",""11:en_to_ar:?بح""]","[2,6,8,11,13,17,21,26]","[""ar_to_en:5"",""en_to_ar:3"",""en_to_ar:5""]","148.97665498447668","review","approved","approved","Selected general vocabulary. Approval requires at least one approved MSA relationship; an unsuitable translation alone does not reject the headword.","1","3","{""approved"":1}","{""approved"":2,""review"":1}","{""msa"":2,""uncertain"":1}","2","2","1","1","0","0","1","2","1","0","0"
"3280","MODIFY","تعديل","6","[4,5]","130.3030303030303","2","16.642106257572138","[""2d998f2e6cd653ee"",""2cb19855dbb04da9"",""e076d1d1e4a92e8a""]","[""11:ar_to_en:?F????"",""11:ar_to_en:??????"",""11:en_to_ar:لد??""]","[3,18,20,24,27]","[""ar_to_en:6"",""en_to_ar:4""]","148.94513656060246","review","approved","approved","Selected general vocabulary. Approval requires at least one approved MSA relationship; an unsuitable translation alone does not reject the headword.","1","2","{""approved"":1}","{""approved"":2}","{""msa"":2}","2","2","1","1","0","0","1","2","0","0","0"
"4149","OLDEST","أقدم","6","[4,6]","126.0204911367702","2","20.897352853986263","[""fa03ba27841d6726"",""547439390b1e81ad"",""e26482f93d76c37b""]","[""11:ar_to_en:??E???"",""11:ar_to_en:??????""]","[5,7,18,19,23,30]","[""ar_to_en:6""]","148.91784399075647","review","approved","approved","Selected general vocabulary. Approval requires at least one approved MSA relationship; an unsuitable translation alone does not reject the headword.","1","3","{""approved"":1}","{""review"":2,""approved"":1}","{""msa"":3}","1","1","1","1","0","0","0","3","0","0","0"
"3428","SOLAR","الطاقة الشمسية","5","[4,5,7,13]","129.4767870302137","2","17.43458750793272","[""4124288392398073"",""d083a8d9eba1ede4"",""0632d5d993909cc9"",""a4b815c5f4848bd5""]","[""11:ar_to_en:??L??"",""9:en_to_ar:شم??""]","[2,7,17,22,23,28,30]","[""ar_to_en:5"",""en_to_ar:4""]","148.91137453814642","review","approved","approved","Selected general vocabulary. Approval requires at least one approved MSA relationship; an unsuitable translation alone does not reject the headword.","1","4","{""approved"":1}","{""approved"":3,""review"":1}","{""msa"":4}","3","3","1","1","0","0","2","4","0","0","1"
"1920","GENERATION","جيل","10","[3,5]","140.81632653061223","2","6","[""eed119d3bd9b1ad2"",""825001377d8e1c90"",""ca5acb4ee0b0ad9e""]","[""11:en_to_ar:?يل"",""11:en_to_ar:?يج"",""11:en_to_ar:جي?""]","[2,5,6,8,9]","[""en_to_ar:3""]","148.81632653061223","review","approved","approved","Selected general vocabulary. Approval requires at least one approved MSA relationship; an unsuitable translation alone does not reject the headword.","1","3","{""approved"":1}","{""approved"":3}","{""msa"":3}","3","3","2","2","0","0","1","3","0","3","0"
"2293","ATOM","ذرة","4","[3,5]","137.2699743768926","2","9.509775004326936","[""655ac91e70017ad8"",""65542be385d99709"",""6ebc000e8e35d6ce"",""b1effc39c4cb8d7e"",""65a7fbbf04e7bd8d"",""9588caf7b2749b70""]","[""11:ar_to_en:?T??"",""11:ar_to_en:??T?"",""11:ar_to_en:????"",""9:en_to_ar:?رة""]","[5,7,10,18,19,23,30]","[""ar_to_en:4"",""en_to_ar:3""]","148.77974938121955","review","approved","approved","Selected general vocabulary. Approval requires at least one approved MSA relationship; an unsuitable translation alone does not reject the headword.","1","2","{""approved"":1}","{""approved"":2}","{""msa"":2}","2","2","1","1","0","0","1","2","0","0","0"
"2398","BATTLE","المعركة","6","[4,5,7]","136.38017280582082","2","10.302256254687515","[""e79032ab829fddd4"",""f522ed4531cc1971"",""1d77bceebdbcaf11"",""b958a9bb07a8a8b2""]","[""11:ar_to_en:??T???"",""11:ar_to_en:??????"",""11:en_to_ar:ب??ل"",""11:en_to_ar:ل??ب""]","[4,7,21,23,26,27,29]","[""ar_to_en:6"",""en_to_ar:4""]","148.68242906050833","review","approved","approved","Selected general vocabulary. Approval requires at least one approved MSA relationship; an unsuitable translation alone does not reject the headword.","1","3","{""approved"":1}","{""approved"":2,""review"":1}","{""msa"":2,""uncertain"":1}","2","2","1","1","0","0","1","2","1","0","0"
"2171","OWNED","مملوكة","5","[6,8]","138.3601054902901","2","8.321053128786069","[""e17c340b5a9b50a8"",""e285c99ee6aecf4b""]","[""11:ar_to_en:?????"",""11:en_to_ar:???لم???""]","[7,13,23,25]","[""ar_to_en:5"",""en_to_ar:8""]","148.68115861907617","review","approved","approved","Selected general vocabulary. Approval requires at least one approved MSA relationship; an unsuitable translation alone does not reject the headword.","1","2","{""approved"":1}","{""approved"":2}","{""msa"":2}","2","2","1","1","0","0","1","2","0","0","0"
"2047","BECAME","أصبح","6","[4]","139.5354583642204","2","7.132331253245202","[""bf1b415cc357c62d"",""e1b51a4c0f01c6ff""]","[""11:ar_to_en:?M????"",""11:ar_to_en:??????""]","[3,7,23,27]","[""ar_to_en:6""]","148.66778961746562","review","approved","approved","Selected general vocabulary. Approval requires at least one approved MSA relationship; an unsuitable translation alone does not reject the headword.","1","2","{""approved"":1}","{""approved"":2}","{""msa"":2}","2","2","1","1","0","0","1","2","0","0","0"
"3016","PRINCE","الأمير","6","[4,5,6]","131.89792663476874","2","14.7341132178235","[""8a68ffccb817c76c"",""b42ccc24c060bb20""]","[""11:ar_to_en:??????"",""11:en_to_ar:?نر?""]","[2,5,11,18,19,30]","[""ar_to_en:6"",""en_to_ar:4""]","148.63203985259224","review","approved","approved","Selected general vocabulary. Approval requires at least one approved MSA relationship; an unsuitable translation alone does not reject the headword.","1","5","{""approved"":1}","{""review"":4,""approved"":1}","{""uncertain"":2,""msa"":3}","1","1","1","1","0","0","0","5","0","0","0"
"4220","ASPECT","الجانب","6","[4,6]","125.72347266881029","2","20.897352853986263","[""fa03ba27841d6726"",""547439390b1e81ad"",""1dab59cf102c4a74"",""569b57695f5904d5"",""8b83c22a42e2b859"",""dd91aadb5a0b0d7d""]","[""11:ar_to_en:??E???"",""11:ar_to_en:??P???"",""11:ar_to_en:??????"",""13:ar_to_en:???E??""]","[5,7,18,19,22,23,30]","[""ar_to_en:6""]","148.62082552279657","review","approved","approved","Selected general vocabulary. Approval requires at least one approved MSA relationship; an unsuitable translation alone does not reject the headword.","1","2","{""approved"":1}","{""approved"":2}","{""msa"":2}","2","2","1","1","0","0","1","2","0","0","0"
"2137","SEQUENCE","تسلسل","8","[5,7]","138.6753686246072","2","7.924812503605781","[""6349ae5997c8da7a"",""543722d76109462e""]","[""11:en_to_ar:لس???"",""11:en_to_ar:????ل?ل""]","[4,11,13,28]","[""en_to_ar:5"",""en_to_ar:7""]","148.60018112821297","review","approved","approved","Selected general vocabulary. Approval requires at least one approved MSA relationship; an unsuitable translation alone does not reject the headword.","1","3","{""approved"":1}","{""approved"":3}","{""msa"":3}","3","3","1","1","0","0","2","3","0","0","0"
"2952","COLLECTIONS","المجموعات","11","[7,9]","132.31017770597737","2","14.264662506490405","[""23a0085844aa3bb7"",""3b242fca6df0e0de"",""fc4156077eb06d8c"",""57c6e41aac585f20"",""140626f355c5f015"",""3ec5816d79afd2fd"",""cfba05cbf19d90ba"",""197628bdb037df0c"",""2efa453252c49765"",""99a7fe496cb161ca"",""e65ad3901c9d939c"",""f88b07155effa3c1"",""d85d8026e4477b31"",""04a5053f52d0c623"",""23e75633223113e7"",""350bc04561ec1fd6"",""82ec6153d0ac22b9"",""2399d46778713f0c"",""ff2737b118f4a270"",""28cfe859aa2f01fa"",""4ddd2a3315ffce6c"",""6ef174ff6f356600"",""835d60fedca500ab"",""c19aa0446008c28d"",""23af1a056895af6a"",""1953b899514fabf8"",""9474b5d6081ccf09"",""a8a47b925bef48ab"",""b2c43093e3835346"",""d4bd588aa0e86b6a""]","[""11:ar_to_en:??L????????"",""11:ar_to_en:??O????????"",""11:ar_to_en:????????O??"",""11:ar_to_en:????????L??""]","[1,2,3,4,5,6,7,8,9,12,13,14,15,17,18,19,20,21,23,24,25,26,27,28,29,30]","[""ar_to_en:11""]","148.57484021246776","review","approved","approved","Selected general vocabulary. Approval requires at least one approved MSA relationship; an unsuitable translation alone does not reject the headword.","1","4","{""approved"":1}","{""approved"":3,""review"":1}","{""msa"":4}","3","3","1","1","0","0","2","4","0","0","0"
"2319","DISK","القرص","4","[3,5]","137.04561241028017","2","9.509775004326936","[""20406f46610f0c65""]","[""11:en_to_ar:?رص""]","[2,14]","[""en_to_ar:3""]","148.5553874146071","review","approved","approved","Selected general vocabulary. Approval requires at least one approved MSA relationship; an unsuitable translation alone does not reject the headword.","1","2","{""approved"":1}","{""approved"":2}","{""msa"":2}","2","2","1","1","0","0","1","2","0","0","0"
"2062","SAYING","يقول","6","[3,4]","139.3894633185623","2","7.132331253245202","[""05caddd5d34d9824"",""1f7c43dc42ed8492""]","[""11:ar_to_en:??????"",""11:en_to_ar:ل?ق""]","[2,7,23,26]","[""ar_to_en:6"",""en_to_ar:3""]","148.5217945718075","review","approved","approved","Selected general vocabulary. Approval requires at least one approved MSA relationship; an unsuitable translation alone does not reject the headword.","1","2","{""approved"":1}","{""approved"":2}","{""msa"":2}","2","2","2","2","0","0","0","2","0","0","0"
"3327","HATE","الكراهية","4","[3,5,8]","130.03566735498404","2","16.47555928898902","[""acd30f326de5cb02"",""e29136981d7dde8e"",""c6a3d6209bbdeac3"",""eef5f5fecf7a3c7e"",""9f98c4eb55040732"",""8d6e980882bf2d74""]","[""11:ar_to_en:????"",""11:en_to_ar:حق?"",""11:en_to_ar:هر?"",""11:en_to_ar:?قح"",""11:en_to_ar:دق?""]","[3,4,5,7,8,9,14,16,17,18,19,21,30]","[""ar_to_en:4"",""en_to_ar:3""]","148.51122664397306","review","approved","approved","Selected general vocabulary. Approval requires at least one approved MSA relationship; an unsuitable translation alone does not reject the headword.","1","4","{""approved"":1}","{""approved"":3,""review"":1}","{""msa"":4}","3","3","1","1","0","0","2","4","0","0","0"
"4276","ARRIVED","وصلت","7","[3,4]","125.49394518801785","2","21","[""54a5754cce18b441"",""101fb6bbb0e800b0""]","[""11:ar_to_en:??RI???"",""11:en_to_ar:ل?و""]","[2,13,15,26,28]","[""ar_to_en:7"",""en_to_ar:3""]","148.49394518801785","review","approved","approved","Selected general vocabulary. Approval requires at least one approved MSA relationship; an unsuitable translation alone does not reject the headword.","1","2","{""approved"":1}","{""approved"":2}","{""msa"":2}","2","2","1","1","0","0","1","2","0","0","0"
"2131","REACH","الوصول","5","[6]","138.73154199951585","2","7.754887502163468","[""934bbc1d8ba6f0e6""]","[""11:ar_to_en:??A??""]","[2,7,16,17,22]","[""ar_to_en:5""]","148.4864295016793","review","approved","approved","Selected general vocabulary. Approval requires at least one approved MSA relationship; an unsuitable translation alone does not reject the headword.","1","1","{""approved"":1}","{""approved"":1}","{""msa"":1}","1","1","1","1","0","0","0","1","0","0","0"
"4263","EXTEND","تمديد","6","[5]","125.54686252594604","2","20.897352853986263","[""13b5eff7fa000fbd"",""fa03ba27841d6726"",""e3c6a1eb05e9fe6a""]","[""11:ar_to_en:???E??"",""11:ar_to_en:??E???"",""11:ar_to_en:??????""]","[5,18,19,20,24,30]","[""ar_to_en:6""]","148.4442153799323","review","approved","approved","Selected general vocabulary. Approval requires at least one approved MSA relationship; an unsuitable translation alone does not reject the headword.","1","1","{""approved"":1}","{""approved"":1}","{""msa"":1}","1","1","1","1","0","0","0","1","0","0","0"
"2979","PROCEEDINGS","الإجراءات","11","[9]","132.13496686081544","2","14.264662506490405","[""fc4156077eb06d8c"",""57c6e41aac585f20"",""cfba05cbf19d90ba"",""20985d34e5769d85"",""271ac2b97888f190"",""d85d8026e4477b31"",""04a5053f52d0c623"",""23e75633223113e7"",""350bc04561ec1fd6"",""82ec6153d0ac22b9"",""b473832e63b392b4"",""6ef174ff6f356600"",""78341197b2ad54a0"",""835d60fedca500ab"",""a14b9ff3eaf99f4e"",""23af1a056895af6a"",""1953b899514fabf8"",""9474b5d6081ccf09"",""a8a47b925bef48ab"",""b2c43093e3835346"",""d4bd588aa0e86b6a""]","[""11:ar_to_en:??O????????"",""11:ar_to_en:?G?????????"",""11:ar_to_en:????????O??""]","[1,2,3,4,5,6,7,8,9,12,13,14,15,17,18,19,20,21,23,24,25,26,27,28,29,30]","[""ar_to_en:11""]","148.39962936730583","review","approved","approved","Selected general vocabulary. Approval requires at least one approved MSA relationship; an unsuitable translation alone does not reject the headword.","1","2","{""approved"":1}","{""review"":1,""approved"":1}","{""msa"":2}","1","1","1","1","0","0","0","2","0","0","0"
"2078","BRANCH","فرع","6","[3,5]","139.2349190779794","2","7.132331253245202","[""f2929c8b82fefb14"",""42e3acbc0a5e7937"",""5cc5a1b45e1b1c72"",""760ea96417d8593d"",""f9d5b1902668af8a""]","[""11:ar_to_en:?RA???"",""11:ar_to_en:??A???""]","[4,6,8,29]","[""ar_to_en:6""]","148.36725033122462","review","approved","approved","Selected general vocabulary. Approval requires at least one approved MSA relationship; an unsuitable translation alone does not reject the headword.","1","3","{""approved"":1}","{""approved"":2,""review"":1}","{""msa"":2,""uncertain"":1}","2","2","1","1","0","0","1","2","1","0","0"
"2987","SEEK","ابحث","4","[4]","132.08341688389814","2","14.264662506490405","[""9696532cf22bb787"",""ae7c1f6e97ef8a57""]","[""13:ar_to_en:????""]","[6,26]","[""ar_to_en:4""]","148.34807939038853","review","approved","approved","Selected general vocabulary. Approval requires at least one approved MSA relationship; an unsuitable translation alone does not reject the headword.","1","2","{""approved"":1}","{""approved"":2}","{""msa"":2}","2","2","1","1","0","0","1","2","0","0","0"
"3646","SPECIFICATION","مواصفات","13","[7,9]","128.33864682961388","2","18","[""92580f5515601a73"",""72c8e35bab33b882"",""ad32374bbbbdb452"",""8eebdcace2dd66ae"",""9b08a606735e0d47"",""f3f8d51fcaa3e774"",""01ca95e1e42f6a02"",""c598a864d6d13093"",""c89a3957dcc45c39"",""5ce8a4d411685248"",""a2611fe0520d546a"",""c3c944b301299cd1""]","[""13:ar_to_en:???????????P?"",""13:ar_to_en:??E??????????"",""13:ar_to_en:??????????E??"",""13:ar_to_en:??I??????????"",""13:ar_to_en:?????????????"",""13:ar_to_en:??????????I??""]","[2,5,8,9,10,12,13,18,20,21,29]","[""ar_to_en:13""]","148.33864682961388","review","review","review","Selected general vocabulary. Approval requires at least one approved MSA relationship; an unsuitable translation alone does not reject the headword.","1","2","{""review"":1}","{""review"":2}","{""msa"":2}","0","0","0","0","0","0","0","2","0","0","0"
"2345","DUTY","واجب","4","[4,6]","136.82393555811277","2","9.509775004326936","[""3564dc634dba8fbd""]","[""11:en_to_ar:و??ب""]","[6,26]","[""en_to_ar:4""]","148.3337105624397","review","approved","approved","Selected general vocabulary. Approval requires at least one approved MSA relationship; an unsuitable translation alone does not reject the headword.","1","2","{""approved"":1}","{""approved"":2}","{""msa"":2}","2","2","1","1","0","0","1","2","0","0","0"
"2645","SCHEME","مخطط","6","[4,6]","134.44564047362758","2","11.887218755408671","[""db268637b522f323"",""6ba9f1e2e8c8190c""]","[""11:ar_to_en:??????"",""9:en_to_ar:م??ط""]","[1,7,9,23]","[""ar_to_en:6"",""en_to_ar:4""]","148.33285922903625","review","approved","approved","Selected general vocabulary. Approval requires at least one approved MSA relationship; an unsuitable translation alone does not reject the headword.","1","2","{""approved"":1}","{""approved"":2}","{""msa"":2}","2","2","1","1","0","0","1","2","0","0","0"
"3197","STICK","عصا","5","[3,5]","130.78699249567057","2","15.509775004326936","[""de00b011b35c4a62"",""b9a896369119991d""]","[""11:ar_to_en:??I??"",""9:en_to_ar:?صا""]","[2,7,9,22,28]","[""ar_to_en:5"",""en_to_ar:3""]","148.29676749999751","review","approved","approved","Selected general vocabulary. Approval requires at least one approved MSA relationship; an unsuitable translation alone does not reject the headword.","1","3","{""approved"":1}","{""approved"":3}","{""msa"":3}","3","3","1","1","0","0","2","3","0","0","0"
"1715","SWITCH","مفتاح التبديل","6","[5,7,12]","143.06864064602962","2","3.169925001442312","[""fe7a4a0d2ff14c5a""]","[""11:en_to_ar:تب???""]","[21,26]","[""en_to_ar:5""]","148.23856564747194","review","approved","approved","Selected general vocabulary. Approval requires at least one approved MSA relationship; an unsuitable translation alone does not reject the headword.","1","3","{""approved"":1}","{""approved"":3}","{""msa"":3}","3","3","2","2","0","0","1","3","0","1","1"
"2094","MANAGE","إدارة","6","[5]","139.08158280410356","2","7.132331253245202","[""a53d890b5fb49ff9"",""adb8de453ca02438""]","[""11:ar_to_en:??????"",""11:ar_to_en:??N???""]","[2,7,17,23]","[""ar_to_en:6""]","148.21391405734877","review","approved","approved","Selected general vocabulary. Approval requires at least one approved MSA relationship; an unsuitable translation alone does not reject the headword.","1","2","{""approved"":1}","{""review"":1,""approved"":1}","{""msa"":2}","1","1","1","1","0","0","0","2","0","0","0"
"4026","SAND","الرمال","4","[3,4,5,6]","126.55160969133755","2","19.642106257572138","[""1259de1404848151"",""76020648ec4f5bd4"",""52a414cf9b55cd29"",""7195ad05d805bb8a"",""2c9a332e30875a6d"",""2ddcdb1b45145c11"",""c42455c1c64a9e79"",""c94396e72cf8799a""]","[""13:ar_to_en:S?N?"",""13:ar_to_en:?N?S"",""11:en_to_ar:??مر"",""11:en_to_ar:?مر"",""9:en_to_ar:رم??"",""11:en_to_ar:ل?ر"",""9:en_to_ar:رم?"",""11:en_to_ar:رم?""]","[3,4,5,6,7,8,9,16,17,18,19,25,26,27]","[""ar_to_en:4"",""en_to_ar:4"",""en_to_ar:3""]","148.1937159489097","review","approved","approved","Selected general vocabulary. Approval requires at least one approved MSA relationship; an unsuitable translation alone does not reject the headword.","1","5","{""approved"":1}","{""approved"":4,""review"":1}","{""msa"":4,""uncertain"":1}","4","4","1","1","0","0","3","4","1","0","0"
"3017","CIRCLE","دائرة","6","[5,7]","131.8915686665338","2","14.264662506490405","[""e9b74ddcb25d1c83"",""421758eb4d3686c0""]","[""11:ar_to_en:??????""]","[7,20,23,24]","[""ar_to_en:6""]","148.1562311730242","review","approved","approved","Selected general vocabulary. Approval requires at least one approved MSA relationship; an unsuitable translation alone does not reject the headword.","1","2","{""approved"":1}","{""approved"":2}","{""msa"":2}","2","2","1","1","0","0","1","2","0","0","0"
"1763","JUMP","القفزة","4","[6]","142.51926654265213","2","3.566165626622601","[""65a7fbbf04e7bd8d""]","[""11:ar_to_en:????""]","[7,23]","[""ar_to_en:4""]","148.08543216927472","review","approved","approved","Selected general vocabulary. Approval requires at least one approved MSA relationship; an unsuitable translation alone does not reject the headword.","1","1","{""approved"":1}","{""approved"":1}","{""msa"":1}","1","1","1","1","0","0","0","1","0","0","0"
"5188","ANNOUNCE","إعلان","8","[4,5]","122.25932109070673","2","23.774437510817343","[""03c03ab880b15e6e"",""eefa6063fd8a382c""]","[""13:ar_to_en:????????"",""9:en_to_ar:نع??""]","[10,11,12,17]","[""ar_to_en:8"",""en_to_ar:4""]","148.03375860152408","review","approved","approved","Selected general vocabulary. Approval requires at least one approved MSA relationship; an unsuitable translation alone does not reject the headword.","1","4","{""approved"":1}","{""approved"":3,""review"":1}","{""msa"":4}","3","3","1","1","0","0","2","4","0","0","0"
"2117","PLANTS","النباتات","6","[6,8]","138.86324993927616","2","7.132331253245202","[""aa127575fbfc0f7c"",""12d18aa6e651a99c"",""4dea09e7bb63eef0"",""b0f399ed61f8aa15""]","[""11:ar_to_en:?LA???"",""11:ar_to_en:??????"",""11:ar_to_en:??N???"",""11:ar_to_en:??A???""]","[4,6,7,8,13,15,23,28,29]","[""ar_to_en:6""]","147.99558119252137","review","approved","approved","Selected general vocabulary. Approval requires at least one approved MSA relationship; an unsuitable translation alone does not reject the headword.","1","2","{""approved"":1}","{""approved"":2}","{""msa"":2}","2","2","1","1","0","0","1","2","0","0","0"
"2341","REVENUE","الإيرادات","7","[5,7,9]","136.857866850956","2","9","[""5d900e0237d59bd6"",""89ee4b6c4a6e79a9"",""9001fc500fa204b9"",""66f60169fc13ce93"",""7db20be9567320cf"",""b8cdcc76ce456e1a"",""a06a6e6d7809b6bb"",""a0e363274a669a7b"",""ebc22170f6f3c125"",""8aedb0b1e20156b7"",""f857332a353f7ebd"",""ff3a3ebef7ad73a8"",""ffebfea806d86432"",""952f95c731d410cc""]","[""11:ar_to_en:???????"",""11:ar_to_en:????N??""]","[4,6,8,13,15,20,24,28,29]","[""ar_to_en:7""]","147.857866850956","review","approved","approved","Selected general vocabulary. Approval requires at least one approved MSA relationship; an unsuitable translation alone does not reject the headword.","1","4","{""approved"":1}","{""review"":3,""approved"":1}","{""msa"":4}","1","1","1","1","0","0","0","4","0","0","0"
"8419","GARLIC","الثوم","6","[3,5]","115.35656013053077","2","30.407127858313196","[""2ea9c0883647a6f5"",""e26482f93d76c37b"",""ed661dc84dcfc7a9"",""6119d6f55b5365f3"",""cd2a79bbb9244b51"",""a9630cdb2c192fa4""]","[""11:ar_to_en:??????"",""11:en_to_ar:?وم"",""9:en_to_ar:مو?"",""9:en_to_ar:?وم"",""9:en_to_ar:ثو?""]","[2,4,5,6,7,8,9,10,17,18,19,23,30]","[""ar_to_en:6"",""en_to_ar:3""]","147.76368798884397","review","approved","approved","Selected general vocabulary. Approval requires at least one approved MSA relationship; an unsuitable translation alone does not reject the headword.","1","2","{""approved"":1}","{""approved"":2}","{""msa"":2}","2","2","1","1","0","0","1","2","0","0","0"
"3081","NOTIFY","إخطار","6","[5]","131.48986419996064","2","14.264662506490405","[""2d998f2e6cd653ee""]","[""11:ar_to_en:?F????""]","[3,27]","[""ar_to_en:6""]","147.75452670645103","review","approved","approved","Selected general vocabulary. Approval requires at least one approved MSA relationship; an unsuitable translation alone does not reject the headword.","1","1","{""approved"":1}","{""approved"":1}","{""msa"":1}","1","1","1","1","0","0","0","1","0","0","0"
"4437","IGNORE","تجاهل","6","[4,5,7]","124.8562995184092","2","20.897352853986263","[""8f931577c68edefd"",""8a68ffccb817c76c"",""7fdac0733980bd8b"",""d571ff2633e59ab5"",""3687d4340d942c08"",""113b90ff3a47bece""]","[""11:ar_to_en:??O???"",""11:ar_to_en:??????""]","[5,7,11,18,19,20,23,24,30]","[""ar_to_en:6""]","147.75365237239546","review","approved","approved","Selected general vocabulary. Approval requires at least one approved MSA relationship; an unsuitable translation alone does not reject the headword.","1","3","{""approved"":1}","{""approved"":2,""review"":1}","{""msa"":3}","2","2","1","1","0","0","1","3","0","0","0"
"2421","STRATEGIC","الاستراتيجية","9","[9,11,12]","136.19090703460756","2","9.509775004326936","[""3d92f96184998a51"",""67fa6b3af18dc244"",""4bb6a9ac415343c4"",""598e3ceba80ab6ea"",""6e40e385efcfb841""]","[""9:en_to_ar:?ج???????"",""9:en_to_ar:???????ج?"",""9:en_to_ar:???ت?????"",""9:en_to_ar:?????ت???"",""9:en_to_ar:???????سا""]","[2,4,7,9,12,17,20,22,30]","[""en_to_ar:9""]","147.7006820389345","review","approved","approved","Selected general vocabulary. Approval requires at least one approved MSA relationship; an unsuitable translation alone does not reject the headword.","1","3","{""approved"":1}","{""approved"":3}","{""msa"":3}","3","3","1","1","0","0","2","3","0","0","0"
"3842","TONE","نغمة","4","[4]","127.38788086271825","2","18.25488750216347","[""784dc2435da8c201"",""38473be77fc73662"",""f66b7dbc9e785d64"",""41df88c4f90e5fdc"",""991e0b499d0591e4"",""def279fe81cb28b6"",""f62d9b7698a95449"",""3b8d8faea398b9bc""]","[""13:ar_to_en:????"",""11:ar_to_en:????"",""11:ar_to_en:??O?"",""9:en_to_ar:??هل""]","[1,2,3,5,10,12,13,14,15,18,19,21,23,24,27,29,30]","[""ar_to_en:4"",""en_to_ar:4""]","147.6427683648817","review","approved","approved","Selected general vocabulary. Approval requires at least one approved MSA relationship; an unsuitable translation alone does not reject the headword.","1","3","{""approved"":1}","{""approved"":3}","{""msa"":3}","3","3","2","2","0","0","1","3","0","1","0"
"4469","PLATES","لوحات","6","[5]","124.73334363889319","2","20.897352853986263","[""aa127575fbfc0f7c"",""539753fc1ce0e232"",""879c8f6a3b46d727"",""b0f399ed61f8aa15""]","[""11:ar_to_en:?LA???"",""11:ar_to_en:??TA??"",""11:ar_to_en:??????"",""11:ar_to_en:??A???""]","[4,5,6,7,8,13,15,18,19,23,28,29,30]","[""ar_to_en:6""]","147.63069649287945","review","review","review","Selected general vocabulary. Approval requires at least one approved MSA relationship; an unsuitable translation alone does not reject the headword.","1","1","{""review"":1}","{""review"":1}","{""msa"":1}","0","0","0","0","0","0","0","1","0","0","0"
"2165","NATIVE","أصلي","6","[4]","138.41536614645858","2","7.132331253245202","[""3db1cec632f701bb"",""72556c3886e8be5c"",""e96b0cc7929df83d"",""d5673aad0a744111""]","[""11:ar_to_en:??????"",""11:ar_to_en:?V????"",""11:ar_to_en:??I???""]","[2,3,4,5,18,19,27,29,30]","[""ar_to_en:6""]","147.5476973997038","review","approved","approved","Selected general vocabulary. Approval requires at least one approved MSA relationship; an unsuitable translation alone does not reject the headword.","1","1","{""approved"":1}","{""approved"":1}","{""msa"":1}","1","1","1","1","0","0","0","1","0","0","0"
"1931","ENABLE","تمكين","6","[3,5]","140.70211142203001","2","4.754887502163468","[""7620dc75621952ca""]","[""11:ar_to_en:??????""]","[2,7]","[""ar_to_en:6""]","147.45699892419347","review","approved","approved","Selected general vocabulary. Approval requires at least one approved MSA relationship; an unsuitable translation alone does not reject the headword.","1","2","{""approved"":1}","{""approved"":2}","{""msa"":2}","2","2","1","1","0","0","1","2","0","0","0"
"3554","ECHO","صدى","4","[3,4,5]","128.8080662585524","2","16.642106257572138","[""0ff50d8ebec518fa"",""8dd7b9ced08373e1"",""b53064bf293920ee""]","[""13:ar_to_en:????"",""13:ar_to_en:??C?"",""11:en_to_ar:?دص""]","[7,8,11,17,19,21]","[""ar_to_en:4"",""en_to_ar:3""]","147.45017251612455","review","approved","approved","Selected general vocabulary. Approval requires at least one approved MSA relationship; an unsuitable translation alone does not reject the headword.","1","3","{""approved"":1}","{""approved"":2,""review"":1}","{""msa"":2,""uncertain"":1}","2","2","1","1","0","0","1","2","1","0","0"
"2189","INSTITUTIONS","المؤسسات","12","[6,8]","138.1952733349248","2","7.132331253245202","[""a7822864fab401f4""]","[""13:ar_to_en:?N??????????""]","[9,16]","[""ar_to_en:12""]","147.32760458817","review","approved","approved","Selected general vocabulary. Approval requires at least one approved MSA relationship; an unsuitable translation alone does not reject the headword.","1","2","{""approved"":1}","{""approved"":2}","{""msa"":2}","2","2","1","1","0","0","1","2","0","0","0"
"2680","KEPT","حفظت","4","[4]","134.18803418803418","2","11.132331253245201","[""73b45a1eb1e20233"",""e4b6866110b80148"",""002d2623380febf6""]","[""11:ar_to_en:????"",""9:en_to_ar:حف??""]","[8,10,11,12,21,25,27]","[""ar_to_en:4"",""en_to_ar:4""]","147.3203654412794","review","approved","approved","Selected general vocabulary. Approval requires at least one approved MSA relationship; an unsuitable translation alone does not reject the headword.","1","1","{""approved"":1}","{""approved"":1}","{""msa"":1}","1","1","1","1","0","0","0","1","0","0","0"
"3859","STEREO","ستيريو","6","[6]","127.3084144051886","2","18","[""bc94c1ed866c7c96"",""e9f5da2ce7c705f9"",""c9ee176036239ede"",""421758eb4d3686c0"",""c30dd6dee410a8f8""]","[""11:ar_to_en:??ER??"",""11:ar_to_en:??E???"",""11:ar_to_en:??????""]","[2,7,13,15,17,20,23,24,28]","[""ar_to_en:6""]","147.3084144051886","review","review","review","Selected general vocabulary. Approval requires at least one approved MSA relationship; an unsuitable translation alone does not reject the headword.","1","2","{""review"":1}","{""review"":2}","{""msa"":1,""uncertain"":1}","0","0","0","0","0","0","0","2","0","0","0"
"4560","TEND","تميل","4","[4]","124.39024390243902","2","20.897352853986263","[""edf9a76bb8b06f0e"",""829f00f866d5d3bb"",""461e1668e237893a""]","[""13:ar_to_en:?EN?"",""13:ar_to_en:??ND"",""11:ar_to_en:????""]","[3,10,14,24,27,28,29]","[""ar_to_en:4""]","147.28759675642527","review","approved","approved","Selected general vocabulary. Approval requires at least one approved MSA relationship; an unsuitable translation alone does not reject the headword.","1","1","{""approved"":1}","{""approved"":1}","{""msa"":1}","1","1","1","1","0","0","0","1","0","0","0"
"2415","SUGGESTIONS","اقتراحات","11","[7,8,9,10]","136.2400906002265","2","9","[""adffa77faee166d2"",""b0a63e1d9e3a75e1"",""fc4156077eb06d8c"",""57c6e41aac585f20"",""b7e596cfafe55603"",""cfba05cbf19d90ba"",""00567735899c301a"",""dc409fb1e2efd2d1"",""d85d8026e4477b31"",""04a5053f52d0c623"",""0d2fad6cb444816a"",""1f47ed6d4f68d272"",""350bc04561ec1fd6"",""82ec6153d0ac22b9"",""87767bb9ed223f0b"",""ce31232e1c7a0136"",""d83d5487174bfe7d"",""23af1a056895af6a"",""18ddf4365f7fe798"",""1953b899514fabf8"",""40392b90ee5adb2d"",""41b6eae5bb42d113"",""8cd4624c4a0c2444"",""9474b5d6081ccf09"",""a8a47b925bef48ab"",""b2c43093e3835346""]","[""11:ar_to_en:??G????????"",""11:ar_to_en:??O????????"",""11:ar_to_en:?U?????????"",""11:ar_to_en:????????G??"",""11:ar_to_en:????????O??""]","[1,2,3,4,5,6,7,8,9,12,13,14,15,17,18,19,20,21,23,24,25,26,27,28,29,30]","[""ar_to_en:11""]","147.2400906002265","review","approved","approved","Selected general vocabulary. Approval requires at least one approved MSA relationship; an unsuitable translation alone does not reject the headword.","1","4","{""approved"":1}","{""approved"":4}","{""msa"":4}","4","4","1","1","0","0","3","4","0","0","0"
"3176","ENGINEER","مهندس","8","[5,7]","130.91190108191654","2","14.264662506490405","[""b1f83ab78ab97377""]","[""13:ar_to_en:????????""]","[11,17]","[""ar_to_en:8""]","147.17656358840694","review","approved","approved","Selected general vocabulary. Approval requires at least one approved MSA relationship; an unsuitable translation alone does not reject the headword.","1","2","{""approved"":1}","{""approved"":2}","{""msa"":2}","2","2","1","1","0","0","1","2","0","0","0"
"3893","CONSOLE","وحدة التحكم","7","[10]","127.15085694892245","2","18","[""28dc7a26c9d2068a"",""78ae38ce0491406c"",""b2697613b6828310"",""c4858b0979472c24"",""a9ed15d249da97f9"",""abdc82197164bcc4"",""f5e2ddad7c0594c7""]","[""11:ar_to_en:???????""]","[2,4,6,7,8,13,15,28,29]","[""ar_to_en:7""]","147.15085694892247","review","approved","approved","Selected general vocabulary. Approval requires at least one approved MSA relationship; an unsuitable translation alone does not reject the headword.","1","1","{""approved"":1}","{""approved"":1}","{""msa"":1}","1","1","1","1","0","0","0","1","0","0","1"
"3181","CONNECTIONS","اتصالات","11","[6,7,10]","130.88206909862961","2","14.264662506490405","[""fc4156077eb06d8c"",""57c6e41aac585f20"",""cfba05cbf19d90ba"",""d85d8026e4477b31"",""04a5053f52d0c623"",""23e75633223113e7"",""350bc04561ec1fd6"",""82ec6153d0ac22b9"",""b473832e63b392b4"",""6ef174ff6f356600"",""78341197b2ad54a0"",""835d60fedca500ab"",""a14b9ff3eaf99f4e"",""23af1a056895af6a"",""1953b899514fabf8"",""9474b5d6081ccf09"",""a8a47b925bef48ab"",""b2c43093e3835346"",""d4bd588aa0e86b6a""]","[""11:ar_to_en:??O????????"",""11:ar_to_en:????????O??""]","[1,2,3,4,5,6,7,8,9,12,13,14,15,17,18,19,20,21,23,24,25,26,27,28,29,30]","[""ar_to_en:11""]","147.14673160512","review","approved","approved","Selected general vocabulary. Approval requires at least one approved MSA relationship; an unsuitable translation alone does not reject the headword.","1","3","{""approved"":1}","{""approved"":3}","{""msa"":3}","3","3","1","1","0","0","2","3","0","0","0"
"3127","COMEDY","كوميديا","6","[6,7,9]","131.207333723425","2","13.931568569324174","[""f88a2d9fb4288f08"",""9ec616296290890c""]","[""9:en_to_ar:???????يا"",""9:en_to_ar:??دي?????""]","[9,10,12,13,20,22]","[""en_to_ar:9""]","147.13890229274918","review","approved","approved","Selected general vocabulary. Approval requires at least one approved MSA relationship; an unsuitable translation alone does not reject the headword.","1","3","{""approved"":1}","{""approved"":2,""review"":1}","{""msa"":3}","2","2","1","1","0","0","1","3","0","0","0"
"1968","CREATING","إنشاء","8","[5]","140.32258064516128","2","4.754887502163468","[""8d5947270ef0115d""]","[""13:ar_to_en:????????""]","[11,17]","[""ar_to_en:8""]","147.07746814732474","review","approved","approved","Selected general vocabulary. Approval requires at least one approved MSA relationship; an unsuitable translation alone does not reject the headword.","1","1","{""approved"":1}","{""approved"":1}","{""msa"":1}","1","1","1","1","0","0","0","1","0","0","0"
"3412","SHELL","قذيفة","5","[3,4,5,6]","129.5639320029564","2","15.509775004326936","[""9dd7fd7b82f7229a"",""eed119d3bd9b1ad2"",""9d59507bdce701cf"",""b63070c0621549fa""]","[""11:ar_to_en:??E??"",""11:en_to_ar:?يل"",""9:en_to_ar:??صد??"",""9:en_to_ar:لي?""]","[2,5,6,8,9,16,28]","[""ar_to_en:5"",""en_to_ar:3"",""en_to_ar:6""]","147.07370700728333","review","approved","approved","Selected general vocabulary. Approval requires at least one approved MSA relationship; an unsuitable translation alone does not reject the headword.","1","4","{""approved"":1}","{""review"":1,""approved"":3}","{""uncertain"":1,""msa"":3}","3","3","2","2","0","0","1","3","1","1","0"
"2176","CONTACTS","جهات الاتصال","8","[7,9,11]","138.31417624521072","2","6.736090628064913","[""74bcfadd8e70d9cb"",""4bb6a9ac415343c4"",""598e3ceba80ab6ea""]","[""13:ar_to_en:????????"",""9:en_to_ar:???ت?????"",""9:en_to_ar:?????ت???""]","[4,11,12,17,22]","[""ar_to_en:8"",""en_to_ar:9""]","147.05026687327563","review","approved","approved","Selected general vocabulary. Approval requires at least one approved MSA relationship; an unsuitable translation alone does not reject the headword.","1","3","{""approved"":1}","{""approved"":3}","{""msa"":3}","3","3","1","1","0","0","2","3","0","0","1"
"3202","GENRE","النوع","5","[5]","130.75740099961553","2","14.264662506490405","[""dcc0a6ee621ec4a2""]","[""11:ar_to_en:?????""]","[3,25]","[""ar_to_en:5""]","147.02206350610592","review","review","approved","Selected general vocabulary. Approval requires at least one approved MSA relationship; an unsuitable translation alone does not reject the headword.","1","1","{""approved"":1}","{""approved"":1}","{""msa"":1}","1","1","0","0","0","0","1","1","0","0","0"
"2666","FEAR","الخوف","4","[2,3,5]","134.29061294470637","2","10.71729375396636","[""46fb76656060b129"",""66cc46430f2205c0"",""33a4cf88c6cabdcb"",""37d7f4c834033ee2"",""e955b5e238b0b227"",""274ecc06e64057d0"",""f1301c0d85aad18a"",""8bd14f2e01fcebde"",""c14ab7c31a37768b"",""0eef0a0909960e98"",""e8d27488bc877afc""]","[""11:en_to_ar:?و"",""11:en_to_ar:و?"",""11:en_to_ar:خ?"",""9:en_to_ar:و?"",""9:en_to_ar:?و"",""11:en_to_ar:?خ"",""9:en_to_ar:خ?"",""9:en_to_ar:?خ"",""13:en_to_ar:?خ"",""11:en_to_ar:?وف"",""9:en_to_ar:فو?""]","[1,2,3,4,5,6,7,8,9,10,11,12,13,14,15,16,17,18,19,20,21,22,24,25,26,27,28,29,30]","[""en_to_ar:2"",""en_to_ar:3""]","147.00790669867274","review","approved","approved","Selected general vocabulary. Approval requires at least one approved MSA relationship; an unsuitable translation alone does not reject the headword.","1","3","{""approved"":1}","{""review"":1,""approved"":2}","{""msa"":3}","2","2","1","1","1","1","1","2","1","0","0"
"3206","TESTED","اختبارها","6","[8]","130.73376872839032","2","14.264662506490405","[""736ebabddb39c8e8"",""1e23874230480e7e"",""7fa6beabb81f2003"",""b07e420ee6f68b04"",""e1b51a4c0f01c6ff""]","[""11:ar_to_en:??T???"",""11:ar_to_en:??????""]","[5,7,18,19,20,23,24,30]","[""ar_to_en:6""]","146.9984312348807","review","review","review","Selected general vocabulary. Approval requires at least one approved MSA relationship; an unsuitable translation alone does not reject the headword.","1","1","{""review"":1}","{""review"":1}","{""msa"":1}","0","0","0","0","0","0","0","1","0","0","0"
"3209","ENHANCE","تعزيز","7","[5]","130.71606834325206","2","14.264662506490405","[""2b8a3bc7de267cb1"",""89ee4b6c4a6e79a9"",""9001fc500fa204b9"",""a7f94caafceceb3a"",""d35e2615dfc59801"",""f8ae2c7d02ef2a4d"",""87ea6d8e2c981e34"",""a03a6358e9e9204d"",""ebc22170f6f3c125""]","[""11:ar_to_en:???????""]","[4,6,7,8,13,15,23,28,29]","[""ar_to_en:7""]","146.98073084974246","review","approved","approved","Selected general vocabulary. Approval requires at least one approved MSA relationship; an unsuitable translation alone does not reject the headword.","1","1","{""approved"":1}","{""approved"":1}","{""msa"":1}","1","1","1","1","0","0","0","1","0","0","0"
"3128","ADOPTED","اعتمد","7","[5,6,7]","131.201248049922","2","13.754887502163468","[""916cc6dfaaac593d"",""0867b90540f4524d"",""2ff85bfedd5f46bb"",""5a0d6b35a5e1f0de"",""c75aa00090b1ef60"",""310b06d4082da259""]","[""11:ar_to_en:???????"",""9:en_to_ar:???مد""]","[2,4,5,6,7,8,13,15,19,23,28,29]","[""ar_to_en:7"",""en_to_ar:5""]","146.95613555208544","review","approved","approved","Selected general vocabulary. Approval requires at least one approved MSA relationship; an unsuitable translation alone does not reject the headword.","1","3","{""approved"":1}","{""approved"":3}","{""msa"":3}","3","3","1","1","0","0","2","3","0","0","0"
"2515","ULTIMATE","نهاية المطاف","8","[11]","135.43743078626798","2","9.509775004326936","[""b27a1b75fb061560""]","[""11:en_to_ar:?????????اف""]","[8,9]","[""en_to_ar:11""]","146.94720579059492","review","review","review","Selected general vocabulary. Approval requires at least one approved MSA relationship; an unsuitable translation alone does not reject the headword.","1","1","{""review"":1}","{""review"":1}","{""msa"":1}","0","0","0","0","1","1","0","1","0","0","1"
"1981","STREAM","تيار","6","[4]","140.19090680733484","2","4.754887502163468","[""68de1471ea5910d4""]","[""11:ar_to_en:??????""]","[20,24]","[""ar_to_en:6""]","146.9457943094983","review","approved","approved","Selected general vocabulary. Approval requires at least one approved MSA relationship; an unsuitable translation alone does not reject the headword.","1","1","{""approved"":1}","{""approved"":1}","{""msa"":1}","1","1","1","1","0","0","0","1","0","0","0"
"3976","CRACK","الكراك","5","[2,3,4,6]","126.77376171352074","2","18.153631194101663","[""120d967259debe93"",""65586f08e13d8b44"",""b09521b85bcb5f09"",""ae8ede73e54668a1"",""b53064bf293920ee"",""6b0881f13a312037"",""73336ab765b2b158""]","[""11:en_to_ar:?ش"",""11:en_to_ar:ش?"",""9:en_to_ar:ش?"",""9:en_to_ar:?ش"",""11:en_to_ar:?دص"",""11:en_to_ar:ص?ع"",""11:en_to_ar:?دع""]","[1,2,3,4,5,6,7,8,9,10,11,12,13,14,15,16,17,18,19,20,21,22,25,26,27,28,29,30]","[""en_to_ar:2"",""en_to_ar:3""]","146.9273929076224","review","approved","approved","Selected general vocabulary. Approval requires at least one approved MSA relationship; an unsuitable translation alone does not reject the headword.","1","4","{""approved"":1}","{""approved"":3,""review"":1}","{""msa"":3,""uncertain"":1}","3","3","1","1","0","0","2","4","0","0","0"
"4663","MAINTAINING","صيانة","11","[5]","124.0132072639952","2","20.897352853986263","[""4317ff45f7ecbd06"",""88f8628b0366717e"",""b17bb324538d3b73"",""14b2652d8eb2999a"",""5874b551ea45b5f2"",""86cfce00e64ff722"",""96e051173bbeba11"",""f23ec1058886da3f"",""75882bfa227f2665"",""8406a942cfaaf63e"",""a25898ac56734f66"",""064edc7a991971a1"",""06c5c93c90ed8e81"",""9aabd3f749bc2a84"",""34a55b98e187b4ea"",""c2d29e58e984a3d1"",""ec996687adf8baab"",""0edc3a7e68504b28"",""1fb1d3b267b8d6c2"",""465147db52cba64d"",""53ae670635272f8d"",""6de62389fc13f222"",""6fca4cd10cbffb60"",""ad66447e28534867"",""aecb49dddd25a80f"",""b72689fd03ee4b7c"",""e559e4462b312cb6""]","[""11:ar_to_en:??I????????"",""11:ar_to_en:????????I??"",""11:ar_to_en:???????????""]","[1,4,5,6,7,8,9,11,13,15,18,19,20,23,24,26,28,29,30]","[""ar_to_en:11""]","146.91056011798145","review","approved","approved","Selected general vocabulary. Approval requires at least one approved MSA relationship; an unsuitable translation alone does not reject the headword.","1","1","{""approved"":1}","{""approved"":1}","{""msa"":1}","1","1","1","1","0","0","0","1","0","0","0"
"1960","WAIT","انتظر","4","[5,6,7,8]","140.40404040404042","2","4.5","[""ba91352ea0b3e3c4"",""d576761f3c9f22e7""]","[""11:ar_to_en:????""]","[1,3,11,25,27]","[""ar_to_en:4""]","146.90404040404042","review","approved","approved","Selected general vocabulary. Approval requires at least one approved MSA relationship; an unsuitable translation alone does not reject the headword.","1","4","{""approved"":1}","{""approved"":4}","{""msa"":4}","4","4","1","1","0","0","3","4","0","0","0"
"1986","AUCTIONS","المزادات","8","[8,9]","140.14049172102358","2","4.754887502163468","[""bcdd4cb9794b51df""]","[""9:en_to_ar:??????ص??""]","[7,28]","[""en_to_ar:9""]","146.89537922318704","review","approved","approved","Selected general vocabulary. Approval requires at least one approved MSA relationship; an unsuitable translation alone does not reject the headword.","1","2","{""approved"":1}","{""approved"":1,""review"":1}","{""msa"":2}","1","1","1","1","1","1","0","2","0","0","0"
"7609","SUNRISE","شروق الشمس","7","[4,6,9]","116.65105630138412","2","28.19623107581458","[""c0cdc3d7fce28d60"",""c8fe001f33d0cef0"",""abdc82197164bcc4"",""6bcd8267db046d17"",""18f7ae1f3020ffa3"",""26de145a20783b84"",""2ec26acfa16cabe1""]","[""11:ar_to_en:?SI????"",""11:ar_to_en:???????"",""9:en_to_ar:???????م?"",""9:en_to_ar:??????ش??"",""9:en_to_ar:?م???????"",""9:en_to_ar:??????و??""]","[2,4,7,13,23,28,29,30]","[""ar_to_en:7"",""en_to_ar:9""]","146.8472873771987","review","approved","approved","Selected general vocabulary. Approval requires at least one approved MSA relationship; an unsuitable translation alone does not reject the headword.","1","3","{""approved"":1}","{""approved"":3}","{""msa"":3}","3","3","1","1","0","0","2","3","0","0","1"
"1991","SIGNED","وقعت","6","[4,5]","140.09020295665246","2","4.754887502163468","[""3adce756a71a45cb""]","[""11:ar_to_en:??????""]","[20,24]","[""ar_to_en:6""]","146.84509045881592","review","approved","approved","Selected general vocabulary. Approval requires at least one approved MSA relationship; an unsuitable translation alone does not reject the headword.","1","3","{""approved"":1}","{""approved"":2,""review"":1}","{""msa"":3}","2","2","1","1","0","0","1","3","0","0","0"
"2857","MIXED","مختلطة","5","[5,6,7,8]","132.9421453572164","2","11.887218755408671","[""c88327e3eaded70b"",""60e289bf943bba79"",""ed722fd6b6c84dee""]","[""13:ar_to_en:??X??"",""9:en_to_ar:طل???"",""11:en_to_ar:???لط""]","[4,7,16,19,21,27]","[""ar_to_en:5"",""en_to_ar:5""]","146.82936411262506","review","approved","approved","Selected general vocabulary. Approval requires at least one approved MSA relationship; an unsuitable translation alone does not reject the headword.","1","4","{""approved"":1}","{""approved"":4}","{""msa"":4}","4","4","1","1","0","0","3","4","0","0","0"
"3809","GRACE","نعمة","5","[4,5]","127.54346703391289","2","17.264662506490403","[""934bbc1d8ba6f0e6"",""0919705cfdc947be"",""eefa6063fd8a382c""]","[""11:ar_to_en:??A??"",""13:ar_to_en:E????"",""9:en_to_ar:نع??""]","[2,7,10,12,13,16,17,22,25]","[""ar_to_en:5"",""en_to_ar:4""]","146.80812954040329","review","approved","approved","Selected general vocabulary. Approval requires at least one approved MSA relationship; an unsuitable translation alone does not reject the headword.","1","4","{""approved"":1}","{""review"":3,""approved"":1}","{""uncertain"":3,""msa"":1}","1","1","1","1","0","0","0","1","3","0","0"
"2867","SALT","ملح","4","[3,4,5]","132.8744606533799","2","11.92481250360578","[""a78c30a087e21aca"",""72abd637709ec3b1"",""73fb927b46824dc0"",""95cfd085e948a330""]","[""13:ar_to_en:????"",""9:en_to_ar:حل?"",""11:en_to_ar:حل???"",""11:en_to_ar:???لح""]","[2,4,8,14,17,19,27,30]","[""ar_to_en:4"",""en_to_ar:3"",""en_to_ar:5""]","146.7992731569857","review","approved","approved","Selected general vocabulary. Approval requires at least one approved MSA relationship; an unsuitable translation alone does not reject the headword.","1","3","{""approved"":1}","{""approved"":2,""review"":1}","{""msa"":2,""uncertain"":1}","2","2","1","1","0","0","1","2","1","0","0"
"2248","TAXES","الضرائب","5","[5,7]","137.66478342749528","2","7.132331253245202","[""5bcbff624f2ba194"",""c88327e3eaded70b"",""ea00306dd67fea2f""]","[""11:ar_to_en:??X??"",""13:ar_to_en:??X??""]","[4,7,16,17,22]","[""ar_to_en:5""]","146.7971146807405","review","approved","approved","Selected general vocabulary. Approval requires at least one approved MSA relationship; an unsuitable translation alone does not reject the headword.","1","2","{""approved"":1}","{""approved"":2}","{""msa"":2}","2","2","1","1","0","0","1","2","0","0","0"
"2002","SHOPS","محلات تجارية","5","[5,7,11]","139.9800099950025","2","4.754887502163468","[""c43a3b388a39f16b""]","[""11:ar_to_en:?P???""]","[3,27]","[""ar_to_en:5""]","146.73489749716595","review","approved","approved","Selected general vocabulary. Approval requires at least one approved MSA relationship; an unsuitable translation alone does not reject the headword.","1","5","{""approved"":1}","{""approved"":5}","{""msa"":5}","5","5","1","1","0","0","4","5","0","0","1"
"3666","CONSUMPTION","الاستهلاك","11","[7,9]","128.23861630780092","2","16.47555928898902","[""48f0b71699c77437"",""59df6657cf0635ee"",""86cfce00e64ff722"",""4ea889f11126ff5d"",""78408a306438f82d"",""0573e44cbf434ab5"",""0b6d916472a04208"",""520360183bd953fd"",""5f621251dc562adb"",""7cca33904d77479a"",""839be9b632d647ea"",""997e3ce7fb4238e8"",""9abe8f1c3469a945"",""9ea6d875ab6f9a4c"",""cde87d19e605b06d"",""53ae670635272f8d"",""b72689fd03ee4b7c"",""dbd348226cbaa074"",""2d9967eeb96c7257""]","[""11:ar_to_en:???????????"",""11:en_to_ar:????ل?ك""]","[3,4,6,7,8,11,12,13,15,18,19,20,23,24,26,28,29,30]","[""ar_to_en:11"",""en_to_ar:7""]","146.71417559678994","review","approved","approved","Selected general vocabulary. Approval requires at least one approved MSA relationship; an unsuitable translation alone does not reject the headword.","1","2","{""approved"":1}","{""approved"":2}","{""msa"":2}","2","2","1","1","0","0","1","2","0","0","0"
"3255","DELAY","تأخير","5","[5]","130.44719314938155","2","14.264662506490405","[""0632d5d993909cc9"",""041910a2f6b19ee5"",""57d0f904c7aeffb0""]","[""11:ar_to_en:??L??"",""13:ar_to_en:?????""]","[4,7,23,30]","[""ar_to_en:5""]","146.71185565587194","review","approved","approved","Selected general vocabulary. Approval requires at least one approved MSA relationship; an unsuitable translation alone does not reject the headword.","1","1","{""approved"":1}","{""approved"":1}","{""msa"":1}","1","1","1","1","0","0","0","1","0","0","0"
"4724","EXCEED","تجاوز","6","[5]","123.79535990481855","2","20.897352853986263","[""13b5eff7fa000fbd"",""e3c6a1eb05e9fe6a""]","[""11:ar_to_en:???E??"",""11:ar_to_en:??????""]","[5,18,19,20,24,30]","[""ar_to_en:6""]","146.69271275880482","review","approved","approved","Selected general vocabulary. Approval requires at least one approved MSA relationship; an unsuitable translation alone does not reject the headword.","1","1","{""approved"":1}","{""approved"":1}","{""msa"":1}","1","1","1","1","0","0","0","1","0","0","0"
"2055","MARINE","البحرية","6","[7]","139.45745992601726","2","5.224338213496566","[""77e9376e3433b643""]","[""11:ar_to_en:??R???""]","[5,18,19,30]","[""ar_to_en:6""]","146.68179813951383","review","approved","approved","Selected general vocabulary. Approval requires at least one approved MSA relationship; an unsuitable translation alone does not reject the headword.","1","1","{""approved"":1}","{""approved"":1}","{""msa"":1}","1","1","1","1","0","0","0","1","0","0","0"
"2425","ACID","حمض","4","[3,4]","136.1581920903955","2","8.5","[""5be6f2820ae4e901"",""6627869d4b5ecc14"",""30815f4496f5f658""]","[""11:ar_to_en:A???"",""11:en_to_ar:?مح"",""11:en_to_ar:حم?""]","[3,5,6,11,13,14,18,30]","[""ar_to_en:4"",""en_to_ar:3""]","146.6581920903955","review","approved","approved","Selected general vocabulary. Approval requires at least one approved MSA relationship; an unsuitable translation alone does not reject the headword.","1","2","{""approved"":1}","{""approved"":1,""review"":1}","{""msa"":2}","1","1","1","1","0","0","0","2","0","0","0"
"2554","CREATION","إنشاء","8","[3,5,7]","135.13394817742642","2","9.509775004326936","[""8d5947270ef0115d"",""7c7dfd8d1050b87e"",""b348aee1b50e36b4""]","[""13:ar_to_en:????????"",""9:en_to_ar:???لق"",""9:en_to_ar:قل???""]","[2,11,17,19,22]","[""ar_to_en:8"",""en_to_ar:5""]","146.64372318175336","review","approved","approved","Selected general vocabulary. Approval requires at least one approved MSA relationship; an unsuitable translation alone does not reject the headword.","1","5","{""approved"":1}","{""approved"":3,""review"":2}","{""msa"":5}","3","3","1","1","0","0","2","5","0","0","0"
"4282","MURDER","جريمة قتل","6","[5,8]","125.46959567016873","2","19.1323312532452","[""a53d890b5fb49ff9"",""d4a26149bc937ad8"",""97f30cba56b86120""]","[""11:ar_to_en:??????"",""11:en_to_ar:لت???"",""9:en_to_ar:لت???""]","[2,4,7,21,22,23,26]","[""ar_to_en:6"",""en_to_ar:5""]","146.60192692341394","review","approved","approved","Selected general vocabulary. Approval requires at least one approved MSA relationship; an unsuitable translation alone does not reject the headword.","1","2","{""approved"":1}","{""approved"":2}","{""msa"":2}","2","2","1","1","0","0","1","2","0","0","1"
"2988","EXPERIENCES","الخبرات","11","[5,7]","132.07698476343225","2","12.509775004326936","[""179305022eb218bf"",""346797adb28978f8"",""e7ed1540c71ba2c0"",""1b5f5bb975410825"",""65544f5ebcfb6344"",""9bfad4c26a726fe9"",""bed0d5b2cb59a4c5"",""5cfa900b5589f856"",""acd60f8930b20e12"",""038b8c6ef6312f69"",""a97e014472d98b43"",""c74c43df05514253"",""dfc63b1ea67101b4"",""1862ba6f5db736c8"",""18d138ce34e1a6f2"",""2d1f792f228bff98"",""747b6f023a07e20c"",""94f688c2c2a2a97d"",""bdf551b7b76cf3a3"",""0fb8af1ec72afdf7"",""82d33ef0277cdb50"",""ce200cfdf28aa25d"",""dfeed3ab54e40c57"",""e5a2462bc09e75b2"",""4d709fa19772711b"",""6e251d971105bc7b"",""c6ee7df14a61f81e"",""fc4e4922c44e0e7b""]","[""11:ar_to_en:?EC????????"",""11:ar_to_en:??C????????"",""11:ar_to_en:???????????"",""11:ar_to_en:????????C??"",""11:ar_to_en:????????CE?""]","[1,2,4,5,6,7,8,9,10,11,12,13,15,18,19,20,22,23,24,25,26,27,28,29,30]","[""ar_to_en:11""]","146.5867597677592","review","approved","approved","Selected general vocabulary. Approval requires at least one approved MSA relationship; an unsuitable translation alone does not reject the headword.","1","3","{""approved"":1}","{""approved"":3}","{""msa"":3}","3","3","1","1","0","0","2","3","0","0","0"
"2151","PLACED","وضعت","6","[4,6]","138.5449289327873","2","6","[""aa127575fbfc0f7c"",""919a21127c570970"",""879c8f6a3b46d727"",""b0f399ed61f8aa15""]","[""11:ar_to_en:?LA???"",""11:ar_to_en:??A???"",""11:ar_to_en:??????""]","[4,6,7,8,11,13,15,23,28,29]","[""ar_to_en:6""]","146.5449289327873","review","approved","approved","Selected general vocabulary. Approval requires at least one approved MSA relationship; an unsuitable translation alone does not reject the headword.","1","2","{""approved"":1}","{""approved"":2}","{""msa"":2}","2","2","1","1","0","0","1","2","0","0","0"
"3735","ENHANCED","معزّز","8","[4]","127.89886660854403","2","16.642106257572138","[""b1f83ab78ab97377"",""a9fb9719f13ed006""]","[""13:ar_to_en:????????"",""11:en_to_ar:م??ز""]","[11,17,26,27]","[""ar_to_en:8"",""en_to_ar:4""]","146.54097286611616","review","approved","approved","Selected general vocabulary. Approval requires at least one approved MSA relationship; an unsuitable translation alone does not reject the headword.","1","2","{""approved"":1}","{""approved"":2}","{""msa"":2}","2","2","1","1","0","0","1","2","0","0","0"
"2260","CAST","طاقم التمثيل","4","[11]","137.5586854460094","2","6.965784284662087","[""ae2bffacb0e7ea13""]","[""11:ar_to_en:??A?""]","[5,18,19,30]","[""ar_to_en:4""]","146.52446973067148","review","approved","approved","Selected general vocabulary. Approval requires at least one approved MSA relationship; an unsuitable translation alone does not reject the headword.","1","1","{""approved"":1}","{""approved"":1}","{""msa"":1}","1","1","1","1","0","0","0","1","0","0","1"
"2570","DYNAMIC","ديناميكية","7","[7,9,11]","135.01094091903718","2","9.509775004326936","[""8dc207ecc98497ba""]","[""9:en_to_ar:د????????""]","[4,9]","[""en_to_ar:9""]","146.52071592336412","review","approved","approved","Selected general vocabulary. Approval requires at least one approved MSA relationship; an unsuitable translation alone does not reject the headword.","1","3","{""approved"":1}","{""approved"":3}","{""msa"":3}","3","3","1","1","0","0","2","3","0","0","0"
"4035","ACTOR","ممثل","5","[4,6]","126.51201325600663","2","18","[""17a0a3c246fd6297"",""5626f917562ae5da"",""7f0d84cbb415932b"",""839ee93b2d38cc19"",""b4458812a493419a""]","[""11:ar_to_en:??T??"",""11:ar_to_en:?????"",""13:ar_to_en:R????""]","[2,7,13,17,21,23,24,25]","[""ar_to_en:5""]","146.51201325600664","review","approved","approved","Selected general vocabulary. Approval requires at least one approved MSA relationship; an unsuitable translation alone does not reject the headword.","1","3","{""approved"":1}","{""approved"":3}","{""msa"":3}","3","3","1","1","0","0","2","3","0","1","0"
"3292","PATENT","براءة اختراع","6","[11]","130.23431594860168","2","14.264662506490405","[""475e2593faa03407"",""228902ebcf1fbe15"",""9e02ecaf8cc68c4d""]","[""11:ar_to_en:?NE???"",""11:ar_to_en:???E??"",""11:ar_to_en:??E???""]","[6,7,8,20,23,24]","[""ar_to_en:6""]","146.49897845509207","review","approved","approved","Selected general vocabulary. Approval requires at least one approved MSA relationship; an unsuitable translation alone does not reject the headword.","1","1","{""approved"":1}","{""approved"":1}","{""msa"":1}","1","1","1","1","0","0","0","1","0","0","1"
"6213","SILENCE","الصمت","7","[3,5,6]","119.48131011810544","2","24.965784284662085","[""b360b23aae38d59b"",""9001fc500fa204b9"",""b8cdcc76ce456e1a"",""9b7f67632c4f80c7"",""f024d5c4a1150b4d"",""155c9a79f0e6e985"",""a0e363274a669a7b"",""af9e9ea7e3eb190c"",""ebc22170f6f3c125"",""78bdd33bc27643b6"",""d2260265df873872"",""2ceeda37be4f6732"",""4b4d7028e79429db"",""13673cdf2bbcf43d"",""a2a14efdf4e9815e""]","[""11:ar_to_en:???????"",""11:ar_to_en:??N????"",""11:ar_to_en:????N??"",""11:en_to_ar:?مص"",""11:en_to_ar:?مت""]","[4,6,7,8,9,11,13,14,15,16,20,23,24,28,29]","[""ar_to_en:7"",""en_to_ar:3""]","146.44709440276753","review","approved","approved","Selected general vocabulary. Approval requires at least one approved MSA relationship; an unsuitable translation alone does not reject the headword.","1","3","{""approved"":1}","{""approved"":3}","{""msa"":3}","3","3","1","1","0","0","2","3","0","0","0"
"2289","ADULTS","البالغون","6","[6,8]","137.3047330380042","2","7.132331253245202","[""e26482f93d76c37b"",""40121f0e499af09d""]","[""11:ar_to_en:??????"",""13:ar_to_en:?D????""]","[7,9,16,23]","[""ar_to_en:6""]","146.4370642912494","review","approved","approved","Selected general vocabulary. Approval requires at least one approved MSA relationship; an unsuitable translation alone does not reject the headword.","1","4","{""approved"":1}","{""approved"":4}","{""msa"":4}","4","4","1","1","0","0","3","4","0","0","0"
"2290","CLIPS","مقاطع","5","[5,7]","137.2960372960373","2","7.132331253245202","[""c43a3b388a39f16b"",""330a0fef8a7fa91d""]","[""11:ar_to_en:?P???"",""11:en_to_ar:?طا??""]","[3,18,27]","[""ar_to_en:5"",""en_to_ar:5""]","146.4283685492825","review","approved","approved","Selected general vocabulary. Approval requires at least one approved MSA relationship; an unsuitable translation alone does not reject the headword.","1","2","{""approved"":1}","{""approved"":2}","{""msa"":2}","2","2","1","1","0","0","1","2","0","0","0"
"1919","MEASURES","التدابير","8","[6,8]","140.8267415156928","2","3.566165626622601","[""74bcfadd8e70d9cb""]","[""13:ar_to_en:????????""]","[11,17]","[""ar_to_en:8""]","146.39290714231538","review","approved","approved","Selected general vocabulary. Approval requires at least one approved MSA relationship; an unsuitable translation alone does not reject the headword.","1","2","{""approved"":1}","{""approved"":2}","{""msa"":2}","2","2","1","1","0","0","1","2","0","0","0"
"1882","ACCOUNTING","المحاسبة","10","[6,8]","141.21586810922204","2","3.169925001442312","[""e4daf59ef48a5268""]","[""11:en_to_ar:???اح???""]","[13,25]","[""en_to_ar:8""]","146.38579311066437","review","approved","approved","Selected general vocabulary. Approval requires at least one approved MSA relationship; an unsuitable translation alone does not reject the headword.","1","2","{""approved"":1}","{""approved"":2}","{""msa"":2}","2","2","1","1","0","0","1","2","0","0","0"
"4079","ALIVE","على قيد الحياة","5","[2,3,5,12]","126.32011844053298","2","18","[""0d91cf08399bfc02"",""9127ee6b2801c19e"",""6bc8d969aa20c581"",""73e6970e3237d437"",""3fb6e18147637c0c"",""2cb91ec0bc6218a7"",""c1d34e5f45e57afb"",""1235e2548a2aee1e"",""d56eac96cc4b98ad""]","[""11:en_to_ar:?ي"",""11:en_to_ar:ي?"",""9:en_to_ar:ي?"",""9:en_to_ar:?ي"",""11:en_to_ar:حي"",""11:en_to_ar:?يا"",""11:en_to_ar:ا?ح"",""11:en_to_ar:اي?"",""9:en_to_ar:اي?""]","[1,2,3,4,5,6,7,8,9,10,11,12,13,14,15,16,17,18,19,20,21,22,25,26,27,28,29,30]","[""en_to_ar:2"",""en_to_ar:3""]","146.32011844053298","review","approved","approved","Selected general vocabulary. Approval requires at least one approved MSA relationship; an unsuitable translation alone does not reject the headword.","1","5","{""approved"":1}","{""approved"":4,""review"":1}","{""msa"":5}","4","4","1","1","0","0","3","5","0","0","1"
"4834","ORIENTATION","التوجه","11","[4,5,6,7]","123.41235001463272","2","20.897352853986263","[""4317ff45f7ecbd06"",""88f8628b0366717e"",""b17bb324538d3b73"",""14b2652d8eb2999a"",""5874b551ea45b5f2"",""86cfce00e64ff722"",""f23ec1058886da3f"",""75882bfa227f2665"",""8406a942cfaaf63e"",""a25898ac56734f66"",""064edc7a991971a1"",""06c5c93c90ed8e81"",""9aabd3f749bc2a84"",""34a55b98e187b4ea"",""c2d29e58e984a3d1"",""ec996687adf8baab"",""0edc3a7e68504b28"",""1fb1d3b267b8d6c2"",""465147db52cba64d"",""53ae670635272f8d"",""6de62389fc13f222"",""6fca4cd10cbffb60"",""ad66447e28534867"",""aecb49dddd25a80f"",""b72689fd03ee4b7c"",""e559e4462b312cb6""]","[""11:ar_to_en:??I????????"",""11:ar_to_en:????????I??"",""11:ar_to_en:???????????""]","[1,4,5,6,7,8,9,11,13,15,18,19,20,23,24,26,28,29,30]","[""ar_to_en:11""]","146.30970286861898","review","approved","approved","Selected general vocabulary. Approval requires at least one approved MSA relationship; an unsuitable translation alone does not reject the headword.","1","4","{""approved"":1}","{""approved"":4}","{""msa"":4}","4","4","1","1","0","0","3","4","0","0","0"
"5024","LIVER","الكبد","5","[2,3,5]","122.77904328018224","2","21.509775004326936","[""9a909a90836b3618"",""fc4ea4964459f785"",""fef226d3e6c0eca5"",""c401ce603564f061"",""0b056b35ce0cd21e"",""369df24b351a0401"",""3f74416e0c8c7104"",""4e04ef9d27fcad48"",""554f179e6cb0b7cf"",""49eb7a3ebb323da9"",""dc733ad6ca5900bc"",""e80b6e480a45f466""]","[""11:en_to_ar:?ك"",""11:en_to_ar:ك?"",""9:en_to_ar:?ك"",""9:en_to_ar:ك?"",""11:en_to_ar:?بد"",""9:en_to_ar:كب"",""11:en_to_ar:كب"",""11:en_to_ar:بك"",""11:en_to_ar:دب?"",""13:en_to_ar:??"",""13:en_to_ar:?ك"",""13:en_to_ar:ب?""]","[1,2,3,4,5,6,7,8,9,10,11,12,13,14,15,16,17,18,19,20,21,22,24,25,26,27,28,30]","[""en_to_ar:2"",""en_to_ar:3""]","146.28881828450918","review","approved","approved","Selected general vocabulary. Approval requires at least one approved MSA relationship; an unsuitable translation alone does not reject the headword.","1","3","{""approved"":1}","{""rejected"":1,""approved"":2}","{""msa"":3}","2","2","1","1","1","1","1","2","1","0","0"
"2052","THEME","الموضوع","5","[3,5,7]","139.48667324777887","2","4.754887502163468","[""bbc21b3e9c76ddc2"",""67b4549110a6872a""]","[""11:ar_to_en:?M???"",""11:ar_to_en:??E??""]","[2,3,17,27]","[""ar_to_en:5""]","146.24156074994232","review","approved","approved","Selected general vocabulary. Approval requires at least one approved MSA relationship; an unsuitable translation alone does not reject the headword.","1","4","{""approved"":1}","{""approved"":4}","{""msa"":4}","4","4","1","1","0","0","3","4","0","0","0"
"3801","MASSAGE","تدليك","7","[5,7]","127.58145147388382","2","16.642106257572138","[""fa3f1cabd786f865"",""9bbb7d88a5de25f3"",""65794ce533460225"",""948bbb2f30626fcb"",""2d9967eeb96c7257""]","[""11:ar_to_en:???????"",""11:en_to_ar:????ل?ك""]","[2,4,6,7,8,11,13,15,28,29]","[""ar_to_en:7"",""en_to_ar:7""]","146.22355773145597","review","approved","approved","Selected general vocabulary. Approval requires at least one approved MSA relationship; an unsuitable translation alone does not reject the headword.","1","2","{""approved"":1}","{""approved"":2}","{""msa"":2}","2","2","1","1","0","0","1","2","0","0","0"
"3352","AVATAR","الأفاتار","6","[8]","129.89536621823618","2","14.264662506490405","[""72556c3886e8be5c"",""252c979a6c6e2916"",""614819af1b894ef7"",""62d0fac71573c20c"",""e96b0cc7929df83d""]","[""11:ar_to_en:?V????"",""11:ar_to_en:?VA???"",""11:ar_to_en:??A???""]","[2,3,4,27,29]","[""ar_to_en:6""]","146.16002872472657","review","review","review","Selected general vocabulary. Approval requires at least one approved MSA relationship; an unsuitable translation alone does not reject the headword.","1","1","{""review"":1}","{""review"":1}","{""uncertain"":1}","0","0","0","0","0","0","0","1","0","0","0"
"7003","LIP","شفاه","3","[3,4]","117.77185382650228","2","26.37744375108173","[""2b33678be052c3a5"",""955dba2aa2c2919e"",""5bbc460b42b9c451"",""6764437f702b94c2"",""8c252cde5c12c58d"",""c3ee66347f87e062"",""f79b67f6425812ff"",""eed119d3bd9b1ad2"",""12b774e02074fec1"",""b63070c0621549fa"",""9595eb4ea6096292""]","[""13:ar_to_en:???"",""11:ar_to_en:???"",""11:ar_to_en:?IP"",""11:en_to_ar:?يل"",""11:en_to_ar:ل?ب"",""9:en_to_ar:لي?"",""11:en_to_ar:ها??""]","[2,4,6,7,8,9,11,12,16,17,18,20,21,22,26,29]","[""ar_to_en:3"",""en_to_ar:3"",""en_to_ar:4""]","146.149297577584","review","review","review","Selected general vocabulary. Approval requires at least one approved MSA relationship; an unsuitable translation alone does not reject the headword.","1","2","{""review"":1}","{""review"":2}","{""uncertain"":1,""msa"":1}","0","0","0","0","0","0","0","1","1","0","0"
"2175","PLAYED","لعبت","6","[4]","138.32335329341316","2","5.816165626622601","[""aa127575fbfc0f7c"",""879c8f6a3b46d727"",""b0f399ed61f8aa15""]","[""11:ar_to_en:?LA???"",""11:ar_to_en:??????"",""11:ar_to_en:??A???""]","[4,6,7,8,13,15,23,28,29]","[""ar_to_en:6""]","146.13951892003575","review","approved","approved","Selected general vocabulary. Approval requires at least one approved MSA relationship; an unsuitable translation alone does not reject the headword.","1","1","{""approved"":1}","{""approved"":1}","{""msa"":1}","1","1","1","1","0","0","0","1","0","0","0"
"2325","HANDLE","مقبض","6","[4]","136.9942196531792","2","7.132331253245202","[""3ae03b5c64fc864b""]","[""11:ar_to_en:??????""]","[20,24]","[""ar_to_en:6""]","146.1265509064244","review","approved","approved","Selected general vocabulary. Approval requires at least one approved MSA relationship; an unsuitable translation alone does not reject the headword.","1","1","{""approved"":1}","{""approved"":1}","{""msa"":1}","1","1","1","1","0","0","0","1","0","0","0"
"4290","POUR","صب","4","[2]","125.43720190779014","2","18.68645607148764","[""991e0b499d0591e4"",""ff8bf847c39fcc4d"",""9dc7acbd5b82bcf7"",""20428e1642f984ee"",""c8266658d7609a56"",""d5df167a80820570"",""6b7c378160f2b3b6"",""20bb5c2af97953ca"",""4d89ab8ea6013903"",""f8b9a83b05dc59a7"",""f366581a93fa45d0""]","[""11:ar_to_en:??O?"",""13:ar_to_en:????"",""11:en_to_ar:ص?"",""9:en_to_ar:ص?"",""11:en_to_ar:?ص"",""9:en_to_ar:?ص"",""11:en_to_ar:بص"",""11:en_to_ar:صب"",""9:en_to_ar:صب"",""13:en_to_ar:ب?"",""13:en_to_ar:ص?""]","[1,2,3,4,5,6,7,8,9,10,11,12,13,14,15,16,17,18,19,20,22,23,24,25,26,27,28,29,30]","[""ar_to_en:4"",""en_to_ar:2""]","146.12365797927777","review","approved","approved","Selected general vocabulary. Approval requires at least one approved MSA relationship; an unsuitable translation alone does not reject the headword.","1","1","{""approved"":1}","{""approved"":1}","{""msa"":1}","1","1","1","1","0","0","0","1","0","0","0"
"2624","IMPORT","استيراد","6","[7,8,9]","134.60207612456747","2","9.509775004326936","[""8dc207ecc98497ba"",""2ab647f2e86e159e""]","[""9:en_to_ar:د????????"",""9:en_to_ar:??ري?????""]","[4,9,12,22]","[""en_to_ar:9""]","146.11185112889441","review","approved","approved","Selected general vocabulary. Approval requires at least one approved MSA relationship; an unsuitable translation alone does not reject the headword.","1","3","{""approved"":1}","{""review"":1,""approved"":2}","{""msa"":3}","2","2","1","1","0","0","1","3","0","0","0"
"1912","CLAIM","ألف - المطالبة","5","[5,6,8,11]","140.89979550102248","2","3.169925001442312","[""ee50441253579d3e""]","[""9:en_to_ar:?بل???""]","[1,19]","[""en_to_ar:6""]","146.0697205024648","review","approved","approved","Selected general vocabulary. Approval requires at least one approved MSA relationship; an unsuitable translation alone does not reject the headword.","1","4","{""approved"":1}","{""approved"":3,""review"":1}","{""msa"":4}","3","3","1","1","1","1","2","4","0","0","1"
"5758","BOMB","قنبلة","4","[3,5,7]","120.62387213199278","2","23.44134357365111","[""57ea89a6307874dd"",""4bd1ddb395c02ffe""]","[""11:en_to_ar:هل?"",""11:en_to_ar:???نق""]","[2,4,7,8,13]","[""en_to_ar:3"",""en_to_ar:5""]","146.06521570564388","review","approved","approved","Selected general vocabulary. Approval requires at least one approved MSA relationship; an unsuitable translation alone does not reject the headword.","1","3","{""approved"":1}","{""approved"":2,""review"":1}","{""msa"":3}","2","2","1","1","1","1","1","2","1","0","0"
"3374","CONTEST","مسابقة","7","[6,8]","129.7729810197246","2","14.264662506490405","[""b9b010efdab33189"",""278858c633eb08bd""]","[""11:ar_to_en:??E????""]","[4,29]","[""ar_to_en:7""]","146.037643526215","review","approved","approved","Selected general vocabulary. Approval requires at least one approved MSA relationship; an unsuitable translation alone does not reject the headword.","1","3","{""approved"":1}","{""review"":1,""approved"":2}","{""msa"":3}","2","2","1","1","0","0","1","3","0","0","0"
"2074","GOALS","الأهداف","5","[5,7]","139.273441335297","2","4.754887502163468","[""ed995368ba947672""]","[""11:en_to_ar:اه???""]","[4,18]","[""en_to_ar:5""]","146.02832883746046","review","approved","approved","Selected general vocabulary. Approval requires at least one approved MSA relationship; an unsuitable translation alone does not reject the headword.","1","4","{""approved"":1}","{""review"":2,""approved"":2}","{""msa"":4}","2","2","1","1","0","0","1","4","0","0","0"
"3171","NEITHER","ولا حتى","7","[6]","130.94179075614002","2","13.075940630949539","[""72adff4ab8723bcd"",""5a62d4ad37c8e001""]","[""11:ar_to_en:???????"",""9:en_to_ar:ول????""]","[2,7,8,13]","[""ar_to_en:7"",""en_to_ar:6""]","146.01773138708955","review","review","review","Selected general vocabulary. Approval requires at least one approved MSA relationship; an unsuitable translation alone does not reject the headword.","1","1","{""review"":1}","{""review"":1}","{""msa"":1}","0","0","0","0","1","1","0","1","0","0","1"
"1917","HEAT","الحرارة","4","[3,5,7]","140.84758743936686","2","3.169925001442312","[""2704a1770507f0e7""]","[""11:en_to_ar:?يت""]","[2,5]","[""en_to_ar:3""]","146.01751244080918","review","approved","approved","Selected general vocabulary. Approval requires at least one approved MSA relationship; an unsuitable translation alone does not reject the headword.","1","4","{""approved"":1}","{""review"":2,""approved"":2}","{""msa"":3,""uncertain"":1}","2","2","1","1","0","0","1","3","1","0","0"
"2076","ELECTION","الانتخابات","8","[6,8,10]","139.25417075564278","2","4.754887502163468","[""701f295fd5d6570f""]","[""11:en_to_ar:???خا???""]","[13,25]","[""en_to_ar:8""]","146.00905825780623","review","approved","approved","Selected general vocabulary. Approval requires at least one approved MSA relationship; an unsuitable translation alone does not reject the headword.","1","4","{""approved"":1}","{""approved"":4}","{""msa"":4}","4","4","1","1","0","0","3","4","0","0","0"
"3715","GREY","رمادي","4","[4,5]","127.99650043744532","2","15.996045179517179","[""2829a8c7757e4654"",""51ee868605376df5"",""04fcdebad07b4bc4""]","[""11:ar_to_en:????"",""9:en_to_ar:يا??"",""9:en_to_ar:رم???""]","[2,5,8,18,19,30]","[""ar_to_en:4"",""en_to_ar:4"",""en_to_ar:5""]","145.9925456169625","review","approved","approved","Selected general vocabulary. Approval requires at least one approved MSA relationship; an unsuitable translation alone does not reject the headword.","1","2","{""approved"":1}","{""review"":1,""approved"":1}","{""uncertain"":1,""msa"":1}","1","1","1","1","0","0","0","1","1","0","0"
"2083","MAGIC","السحر","5","[3,5]","139.18687239774675","2","4.754887502163468","[""5882f33115bc2789""]","[""9:en_to_ar:رح?""]","[7,13]","[""en_to_ar:3""]","145.9417598999102","review","approved","approved","Selected general vocabulary. Approval requires at least one approved MSA relationship; an unsuitable translation alone does not reject the headword.","1","2","{""approved"":1}","{""approved"":2}","{""msa"":2}","2","2","1","1","0","0","1","2","0","0","0"
"2221","TRIED","حاول","5","[4,5]","137.90570954750058","2","6","[""de00b011b35c4a62"",""7bebd7600b2ea7c7"",""f22cdee93939b7c4""]","[""11:ar_to_en:??I??""]","[2,7,17,22,23]","[""ar_to_en:5""]","145.90570954750058","review","approved","approved","Selected general vocabulary. Approval requires at least one approved MSA relationship; an unsuitable translation alone does not reject the headword.","1","3","{""approved"":1}","{""approved"":3}","{""msa"":3}","3","3","1","1","0","0","2","3","0","0","0"
"2092","AVOID","تجنب","5","[4,5]","139.10068426197458","2","4.754887502163468","[""a581f706403addc8""]","[""11:ar_to_en:??O??""]","[7,23]","[""ar_to_en:5""]","145.85557176413803","review","approved","approved","Selected general vocabulary. Approval requires at least one approved MSA relationship; an unsuitable translation alone does not reject the headword.","1","2","{""approved"":1}","{""approved"":2}","{""msa"":2}","2","2","1","1","0","0","1","2","0","0","0"
"4196","AWARDED","منح","7","[3,4]","125.82311168495804","2","18","[""3fe6ef2478b165e3"",""3d4755e3bccd7b2c"",""65510666aa2ed69b"",""9b7f67632c4f80c7""]","[""11:ar_to_en:???????""]","[4,6,7,8,13,15,23,28,29]","[""ar_to_en:7""]","145.82311168495804","review","approved","approved","Selected general vocabulary. Approval requires at least one approved MSA relationship; an unsuitable translation alone does not reject the headword.","1","2","{""approved"":1}","{""approved"":2}","{""msa"":2}","2","2","1","1","0","0","1","2","0","0","0"
"2643","MOON","القمر","4","[3,5]","134.46047813913418","2","9.34322803574382","[""3515b1531fa950ef"",""7195ad05d805bb8a"",""b59f169b19d55a5a"",""472ef86c28ed8434"",""04fcdebad07b4bc4"",""c42455c1c64a9e79"",""c94396e72cf8799a""]","[""11:en_to_ar:?مق"",""11:en_to_ar:?مر"",""9:en_to_ar:قم?"",""11:en_to_ar:قم?"",""9:en_to_ar:رم???"",""9:en_to_ar:رم?"",""11:en_to_ar:رم?""]","[2,4,6,7,9,11,13,14,15,16,17,18,25,27,30]","[""en_to_ar:3"",""en_to_ar:5""]","145.80370617487802","review","approved","approved","Selected general vocabulary. Approval requires at least one approved MSA relationship; an unsuitable translation alone does not reject the headword.","1","2","{""approved"":1}","{""approved"":2}","{""msa"":2}","2","2","1","1","0","0","1","2","0","0","0"
"1657","BLOGS","المدونات","5","[6,8]","143.7517090511348","2","0","[]","[]","[]","[]","145.7517090511348","review","approved","approved","Selected general vocabulary. Approval requires at least one approved MSA relationship; an unsuitable translation alone does not reject the headword.","1","2","{""approved"":1}","{""approved"":2}","{""msa"":2}","2","2","1","1","0","0","1","2","0","0","0"
"2370","NEARLY","تقريبا","6","[6]","136.61327231121282","2","7.132331253245202","[""12d18aa6e651a99c"",""8bf4f7b5df5095e4"",""58c890a38c190b6d""]","[""11:ar_to_en:??????""]","[7,20,23,24]","[""ar_to_en:6""]","145.74560356445804","review","approved","approved","Selected general vocabulary. Approval requires at least one approved MSA relationship; an unsuitable translation alone does not reject the headword.","1","1","{""approved"":1}","{""approved"":1}","{""msa"":1}","1","1","1","1","0","0","0","1","0","0","0"
"1659","EVALUATION","التقييم","10","[5,7]","143.72779447936594","2","0","[]","[]","[]","[]","145.72779447936594","review","approved","approved","Selected general vocabulary. Approval requires at least one approved MSA relationship; an unsuitable translation alone does not reject the headword.","1","2","{""approved"":1}","{""approved"":2}","{""msa"":2}","2","2","1","1","0","0","1","2","0","0","0"
"2028","TAGS","الوسوم","4","[6,8]","139.7219463753724","2","4","[""aeab1d593ced723d"",""53e8acdca3ea6ade""]","[""9:en_to_ar:عل????"",""9:en_to_ar:????لع""]","[8,12,13,28]","[""en_to_ar:6""]","145.7219463753724","review","approved","approved","Selected general vocabulary. Approval requires at least one approved MSA relationship; an unsuitable translation alone does not reject the headword.","1","5","{""approved"":1}","{""review"":2,""approved"":3}","{""msa"":5}","3","3","1","1","0","0","2","5","0","0","0"
"3048","LAUNCH","الإطلاق","6","[5,6,7,8]","131.69572107765453","2","12","[""28258b7608f9e3cb""]","[""11:en_to_ar:اط???""]","[4,6,8]","[""en_to_ar:5""]","145.69572107765453","review","approved","approved","Selected general vocabulary. Approval requires at least one approved MSA relationship; an unsuitable translation alone does not reject the headword.","1","5","{""approved"":1}","{""approved"":3,""review"":2}","{""msa"":5}","3","3","1","1","0","0","2","5","0","0","0"
"1662","IMPLEMENTATION","التنفيذ","14","[5,7]","143.69197160021847","2","0","[]","[]","[]","[]","145.69197160021847","review","approved","approved","Selected general vocabulary. Approval requires at least one approved MSA relationship; an unsuitable translation alone does not reject the headword.","1","2","{""approved"":1}","{""approved"":2}","{""msa"":2}","2","2","1","1","0","0","1","2","0","0","0"
"3845","FOREVER","إلى الأبد","7","[5,8]","127.3738237810094","2","16.309012320405905","[""326da207d231a36e"",""72ee8cc35b7cdf28"",""67eeec387fb44908""]","[""9:en_to_ar:لل???"",""11:en_to_ar:لل???"",""11:en_to_ar:???????د""]","[4,8,19,20,21,22,28,29,30]","[""en_to_ar:5"",""en_to_ar:8""]","145.68283610141532","review","approved","approved","Selected general vocabulary. Approval requires at least one approved MSA relationship; an unsuitable translation alone does not reject the headword.","1","3","{""approved"":1}","{""review"":2,""approved"":1}","{""msa"":3}","1","1","1","1","0","0","0","3","0","0","1"
"1876","MINUTE","دقيقة","6","[5,7]","141.2796697626419","2","2.377443751081734","[""60919a5aab213659""]","[""9:en_to_ar:دق???""]","[7,30]","[""en_to_ar:5""]","145.65711351372363","review","approved","approved","Selected general vocabulary. Approval requires at least one approved MSA relationship; an unsuitable translation alone does not reject the headword.","1","2","{""approved"":1}","{""approved"":2}","{""msa"":2}","2","2","1","1","0","0","1","2","0","0","0"
"1665","ZONE","منطقة","4","[5,7]","143.656207366985","2","0","[]","[]","[]","[]","145.656207366985","review","approved","approved","Selected general vocabulary. Approval requires at least one approved MSA relationship; an unsuitable translation alone does not reject the headword.","1","2","{""approved"":1}","{""approved"":2}","{""msa"":2}","2","2","1","1","0","0","1","2","0","0","0"
"2544","CYCLE","دورة","5","[4,6]","135.2112676056338","2","8.422064766172813","[""a1ec2e95c59524d2"",""0919705cfdc947be"",""ec997f2f04c69618"",""4e887384c8c961cb""]","[""13:ar_to_en:??C??"",""13:ar_to_en:E????"",""13:ar_to_en:?Y???"",""11:ar_to_en:??C??""]","[2,7,9,10,11,13,16,17,22,23,25,27]","[""ar_to_en:5""]","145.6333323718066","review","approved","approved","Selected general vocabulary. Approval requires at least one approved MSA relationship; an unsuitable translation alone does not reject the headword.","1","2","{""approved"":1}","{""approved"":2}","{""msa"":2}","2","2","1","1","0","0","1","2","0","0","0"
"3931","ANALYST","محلل","7","[4]","126.97690102849435","2","16.642106257572138","[""030bcd88cc2c1ca7"",""4e42c93010f5c511"",""5340d56dd994c7ab""]","[""11:ar_to_en:???????"",""11:en_to_ar:لل??"",""9:en_to_ar:لل??""]","[2,3,7,8,20,23]","[""ar_to_en:7"",""en_to_ar:4""]","145.6190072860665","review","approved","approved","Selected general vocabulary. Approval requires at least one approved MSA relationship; an unsuitable translation alone does not reject the headword.","1","1","{""approved"":1}","{""approved"":1}","{""msa"":1}","1","1","1","1","0","0","0","1","0","0","0"
"1669","REFERENCES","مراجع","10","[5,7]","143.60861270100844","2","0","[]","[]","[]","[]","145.60861270100844","review","approved","approved","Selected general vocabulary. Approval requires at least one approved MSA relationship; an unsuitable translation alone does not reject the headword.","1","2","{""approved"":1}","{""approved"":2}","{""msa"":2}","2","2","1","1","0","0","1","2","0","0","0"
"2095","CORNER","الزاوية","6","[3,5,7]","139.07203907203908","2","4.5","[""29c53d79b76b962c""]","[""11:ar_to_en:??????""]","[18,19,30]","[""ar_to_en:6""]","145.57203907203908","review","approved","approved","Selected general vocabulary. Approval requires at least one approved MSA relationship; an unsuitable translation alone does not reject the headword.","1","4","{""approved"":1}","{""approved"":4}","{""msa"":4}","4","4","1","1","0","0","3","4","0","0","0"
"2347","DISCUSSIONS","مناقشات","11","[7,8,9]","136.80699332873246","2","6.75","[""fc4156077eb06d8c"",""57c6e41aac585f20"",""cfba05cbf19d90ba"",""d85d8026e4477b31"",""04a5053f52d0c623"",""23e75633223113e7"",""350bc04561ec1fd6"",""36d0b4e173edd95f"",""75678c78441716ef"",""75f3db604fec5990"",""82ec6153d0ac22b9"",""9bbc76cd21dae2ee"",""bd39992509c5de71"",""e9f2b410e169cf35"",""23af1a056895af6a"",""76ff59cdd7d74bb0"",""1953b899514fabf8"",""9474b5d6081ccf09"",""a8a47b925bef48ab"",""b2c43093e3835346"",""d4bd588aa0e86b6a""]","[""11:ar_to_en:??O????????"",""11:ar_to_en:?I?????????"",""11:ar_to_en:???????????"",""11:ar_to_en:????????O??""]","[1,2,3,4,5,6,7,8,9,12,13,14,15,17,18,19,20,21,23,24,25,26,27,28,29,30]","[""ar_to_en:11""]","145.55699332873246","review","approved","approved","Selected general vocabulary. Approval requires at least one approved MSA relationship; an unsuitable translation alone does not reject the headword.","1","3","{""approved"":1}","{""approved"":3}","{""msa"":3}","3","3","1","1","0","0","2","3","0","0","0"
"1675","AGENCIES","الوكالات","8","[6,8]","143.5374149659864","2","0","[]","[]","[]","[]","145.5374149659864","review","approved","approved","Selected general vocabulary. Approval requires at least one approved MSA relationship; an unsuitable translation alone does not reject the headword.","1","2","{""approved"":1}","{""approved"":2}","{""msa"":2}","2","2","1","1","0","0","1","2","0","0","0"
"1677","RESPECTIVE","كل منها","10","[6]","143.51373402230078","2","0","[]","[]","[]","[]","145.51373402230078","review","review","review","Selected general vocabulary. Approval requires at least one approved MSA relationship; an unsuitable translation alone does not reject the headword.","1","1","{""review"":1}","{""review"":1}","{""msa"":1}","0","0","0","0","0","0","0","1","0","0","1"
"2302","IRON","الحديد","4","[4,5,6]","137.1920037192004","2","6.31654857462961","[""e5bdb790cae92611"",""b6eb27d7b1ec53da""]","[""11:ar_to_en:????"",""11:ar_to_en:I???""]","[2,5,7,17,18,19,23,30]","[""ar_to_en:4""]","145.50855229383","review","approved","approved","Selected general vocabulary. Approval requires at least one approved MSA relationship; an unsuitable translation alone does not reject the headword.","1","3","{""approved"":1}","{""review"":1,""approved"":2}","{""msa"":3}","2","2","1","1","0","0","1","3","0","0","0"
"2400","ANIME","أنيمي","5","[5,6]","136.36363636363637","2","7.132331253245202","[""ca372a68b1f8f75f"",""bbc21b3e9c76ddc2""]","[""11:ar_to_en:?M???""]","[3,27]","[""ar_to_en:5""]","145.4959676168816","review","review","review","Selected general vocabulary. Approval requires at least one approved MSA relationship; an unsuitable translation alone does not reject the headword.","1","2","{""review"":1}","{""review"":2}","{""msa"":1,""uncertain"":1}","0","0","0","0","0","0","0","2","0","0","0"
"1970","DRUGS","المخدرات","5","[6,8]","140.3022670025189","2","3.169925001442312","[""c61c1f996ac4cf3c""]","[""9:en_to_ar:?يق???""]","[1,19]","[""en_to_ar:6""]","145.47219200396123","review","approved","approved","Selected general vocabulary. Approval requires at least one approved MSA relationship; an unsuitable translation alone does not reject the headword.","1","4","{""approved"":1}","{""approved"":4}","{""msa"":4}","4","4","3","3","0","0","1","4","0","2","0"
"1974","FRESH","طازجة","5","[4,5]","140.26170105686964","2","3.169925001442312","[""599600fd8527f3a6""]","[""11:en_to_ar:???اط""]","[4,8]","[""en_to_ar:5""]","145.43162605831196","review","approved","approved","Selected general vocabulary. Approval requires at least one approved MSA relationship; an unsuitable translation alone does not reject the headword.","1","2","{""approved"":1}","{""approved"":2}","{""msa"":2}","2","2","1","1","0","0","1","2","0","0","0"
"1684","STAND","الوقوف","5","[6]","143.43105320304016","2","0","[]","[]","[]","[]","145.43105320304016","review","approved","approved","Selected general vocabulary. Approval requires at least one approved MSA relationship; an unsuitable translation alone does not reject the headword.","1","1","{""approved"":1}","{""approved"":1}","{""msa"":1}","1","1","1","1","0","0","0","1","0","0","0"
"2671","SHARES","أسهم","6","[4,7,9]","134.25390708627702","2","9.169925001442312","[""e8e480fc3f967e74"",""2da149de7daaf820"",""eaa8ecd7c71300c0"",""cbbdd614c822088c""]","[""11:ar_to_en:??R???"",""11:ar_to_en:??????"",""11:ar_to_en:?H????"",""9:en_to_ar:???ش?????""]","[4,12,18,19,22,29,30]","[""ar_to_en:6"",""en_to_ar:9""]","145.42383208771935","review","approved","approved","Selected general vocabulary. Approval requires at least one approved MSA relationship; an unsuitable translation alone does not reject the headword.","1","3","{""approved"":1}","{""review"":2,""approved"":1}","{""msa"":3}","1","1","1","1","0","0","0","3","0","1","0"
"2139","ATTACK","هجوم","6","[4,6]","138.65668035757432","2","4.754887502163468","[""0fdd2bab877d7688""]","[""11:en_to_ar:ه??م""]","[26,29]","[""en_to_ar:4""]","145.41156785973777","review","approved","approved","Selected general vocabulary. Approval requires at least one approved MSA relationship; an unsuitable translation alone does not reject the headword.","1","2","{""approved"":1}","{""approved"":2}","{""msa"":2}","2","2","1","1","0","0","1","2","0","0","0"
"6244","DESTROYED","دمرت","9","[3,4]","119.40805434255216","2","24","[""7195ad05d805bb8a"",""3c4f8df05313446b"",""bccc780018481951"",""32c78494378f3e84"",""46aa8c40ee77e7b3"",""7a2d67950435d82c"",""c42455c1c64a9e79"",""c94396e72cf8799a""]","[""11:en_to_ar:?مر"",""11:en_to_ar:??مد"",""11:en_to_ar:?مد"",""11:en_to_ar:دم?"",""9:en_to_ar:دم?"",""9:en_to_ar:دم??"",""9:en_to_ar:رم?"",""11:en_to_ar:رم?""]","[4,6,7,9,13,14,16,17,18,19,26,27,30]","[""en_to_ar:3"",""en_to_ar:4""]","145.40805434255216","review","approved","approved","Selected general vocabulary. Approval requires at least one approved MSA relationship; an unsuitable translation alone does not reject the headword.","1","2","{""approved"":1}","{""approved"":2}","{""msa"":2}","2","2","1","1","0","0","1","2","0","0","0"
"3097","KILLED","قتل","6","[3]","131.39101432215028","2","12","[""2923ec2d2ecb1e7e"",""40c9a86bf96058eb"",""1f7c43dc42ed8492""]","[""11:en_to_ar:قت?"",""11:en_to_ar:?تل"",""11:en_to_ar:ل?ق""]","[2,3,4,16,22,26]","[""en_to_ar:3""]","145.39101432215028","review","approved","approved","Selected general vocabulary. Approval requires at least one approved MSA relationship; an unsuitable translation alone does not reject the headword.","1","1","{""approved"":1}","{""approved"":1}","{""msa"":1}","1","1","1","1","0","0","0","1","0","0","0"
"2727","LUXURY","الفخامة","6","[3,5,6,7]","133.84810662153586","2","9.509775004326936","[""7599235dc5420321""]","[""11:en_to_ar:ت?ف""]","[22,26]","[""en_to_ar:3""]","145.3578816258628","review","approved","approved","Selected general vocabulary. Approval requires at least one approved MSA relationship; an unsuitable translation alone does not reject the headword.","1","5","{""approved"":1}","{""approved"":4,""review"":1}","{""msa"":5}","4","4","1","1","0","0","3","5","0","0","0"
"1692","DEFINITION","التعريف","10","[5,7]","143.33694474539544","2","0","[]","[]","[]","[]","145.33694474539544","review","approved","approved","Selected general vocabulary. Approval requires at least one approved MSA relationship; an unsuitable translation alone does not reject the headword.","1","2","{""approved"":1}","{""approved"":2}","{""msa"":2}","2","2","1","1","0","0","1","2","0","0","0"
"2122","AVENUE","الجادة","6","[6]","138.81610868510433","2","4.5","[""72556c3886e8be5c""]","[""11:ar_to_en:?V????""]","[2,3,27]","[""ar_to_en:6""]","145.31610868510433","review","approved","approved","Selected general vocabulary. Approval requires at least one approved MSA relationship; an unsuitable translation alone does not reject the headword.","1","1","{""approved"":1}","{""approved"":1}","{""msa"":1}","1","1","1","1","0","0","0","1","0","0","0"
"2869","POETRY","الشعر","6","[3,4,5]","132.8609570753748","2","10.448676426993131","[""457c7290496159c9"",""29c53d79b76b962c""]","[""11:ar_to_en:??T???"",""11:ar_to_en:??????""]","[6,8,13,15,18,19,30]","[""ar_to_en:6""]","145.30963350236794","review","approved","approved","Selected general vocabulary. Approval requires at least one approved MSA relationship; an unsuitable translation alone does not reject the headword.","1","3","{""approved"":1}","{""approved"":3}","{""msa"":3}","3","3","1","1","0","0","2","3","0","0","0"
"1695","NETWORKING","الربط الشبكي","10","[7,11]","143.30175913396482","2","0","[]","[]","[]","[]","145.30175913396482","review","approved","approved","Selected general vocabulary. Approval requires at least one approved MSA relationship; an unsuitable translation alone does not reject the headword.","1","3","{""approved"":1}","{""review"":1,""approved"":2}","{""msa"":3}","2","2","1","1","0","0","1","3","0","1","1"
"3513","FLEXIBLE","مرنة","8","[3,4]","129.02231090150553","2","14.264662506490405","[""b42ccc24c060bb20"",""377e1508490126ce""]","[""11:en_to_ar:?نر?"",""9:en_to_ar:نر?""]","[2,10,11,17]","[""en_to_ar:4"",""en_to_ar:3""]","145.28697340799593","review","approved","approved","Selected general vocabulary. Approval requires at least one approved MSA relationship; an unsuitable translation alone does not reject the headword.","1","3","{""approved"":1}","{""approved"":3}","{""msa"":3}","3","3","1","1","0","0","2","3","0","0","0"
"1697","AUSTRALIAN","استرالي","10","[7,8,9,10]","143.2783337841493","2","0","[]","[]","[]","[]","145.2783337841493","review","review","review","Selected general vocabulary. Approval requires at least one approved MSA relationship; an unsuitable translation alone does not reject the headword.","1","4","{""review"":1}","{""review"":4}","{""msa"":4}","0","0","0","0","0","0","0","4","0","0","0"
"1914","PERMISSION","إذن","10","[3,5]","140.87889626980072","2","2.377443751081734","[""29a47999d715340a""]","[""11:en_to_ar:?ذ?""]","[8,28]","[""en_to_ar:3""]","145.25634002088245","review","approved","approved","Selected general vocabulary. Approval requires at least one approved MSA relationship; an unsuitable translation alone does not reject the headword.","1","3","{""approved"":1}","{""approved"":2,""review"":1}","{""msa"":3}","2","2","1","1","0","0","1","3","0","0","0"
"2750","SPOT","بقعة","4","[4,6]","133.68421052631578","2","9.509775004326936","[""030259d75200c5fb"",""f26238039ac183aa"",""fa37f878ab55ac99"",""9c9ed7d5b84b6b08"",""71e16176381bd1a6""]","[""11:ar_to_en:????"",""13:ar_to_en:????"",""11:ar_to_en:??P?"",""11:en_to_ar:بق??""]","[1,2,3,4,5,12,17,18,19,27,30]","[""ar_to_en:4"",""en_to_ar:4""]","145.19398553064272","review","approved","approved","Selected general vocabulary. Approval requires at least one approved MSA relationship; an unsuitable translation alone does not reject the headword.","1","2","{""approved"":1}","{""approved"":2}","{""msa"":2}","2","2","1","1","0","0","1","2","0","0","0"
"1706","LAWS","القوانين","4","[6,8]","143.1732325957906","2","0","[]","[]","[]","[]","145.1732325957906","review","approved","approved","Selected general vocabulary. Approval requires at least one approved MSA relationship; an unsuitable translation alone does not reject the headword.","1","2","{""approved"":1}","{""approved"":2}","{""msa"":2}","2","2","1","1","0","0","1","2","0","0","0"
"4548","SMILE","ابتسامة","5","[5,7,9]","124.43494196701283","2","18.68645607148764","[""bbc21b3e9c76ddc2"",""6bcd8267db046d17"",""26de145a20783b84"",""c18e6477c1cc901e""]","[""11:ar_to_en:?M???"",""9:en_to_ar:???????م?"",""9:en_to_ar:?م???????"",""9:en_to_ar:???ب?????""]","[2,3,7,12,13,22,27,28,30]","[""ar_to_en:5"",""en_to_ar:9""]","145.12139803850047","review","approved","approved","Selected general vocabulary. Approval requires at least one approved MSA relationship; an unsuitable translation alone does not reject the headword.","1","3","{""approved"":1}","{""approved"":3}","{""msa"":3}","3","3","2","2","0","0","1","3","0","0","0"
"4237","RIDING","ركوب الخيل","6","[4,6,9]","125.65335898669233","2","17.43458750793272","[""e251125e41f3a306"",""f95e3b0336ab4f50"",""07282c0e6ceed3ea"",""a2a184806c2d16b8"",""c18e6477c1cc901e"",""d40314b313e2856f"",""2ec26acfa16cabe1"",""9aebcc7087fd1a7d""]","[""11:ar_to_en:?I????"",""9:en_to_ar:لي???????"",""9:en_to_ar:????????ل"",""9:en_to_ar:بو????"",""9:en_to_ar:???ب?????"",""9:en_to_ar:ل????????"",""9:en_to_ar:??????و??"",""11:en_to_ar:????????ل""]","[4,7,9,12,13,16,19,22,28,29]","[""ar_to_en:6"",""en_to_ar:9"",""en_to_ar:6""]","145.08794649462504","review","approved","approved","Selected general vocabulary. Approval requires at least one approved MSA relationship; an unsuitable translation alone does not reject the headword.","1","3","{""approved"":1}","{""approved"":3}","{""msa"":3}","3","3","1","1","0","0","2","3","0","1","1"
"2174","CHART","الرسم البياني","5","[4,6,12]","138.3325347388596","2","4.754887502163468","[""6ba9f1e2e8c8190c""]","[""9:en_to_ar:م??ط""]","[1,9]","[""en_to_ar:4""]","145.08742224102306","review","approved","approved","Selected general vocabulary. Approval requires at least one approved MSA relationship; an unsuitable translation alone does not reject the headword.","1","3","{""approved"":1}","{""approved"":3}","{""msa"":3}","3","3","1","1","0","0","2","3","0","0","1"
"4381","COUPLES","الأزواج","7","[5,7]","125.074439742987","2","18","[""d2a3f2bf72a97b0b"",""1ee7706ff8a2ae5a"",""efbe051830c1e33a""]","[""11:ar_to_en:???????"",""11:ar_to_en:??L????""]","[4,6,8,13,15,28,29]","[""ar_to_en:7""]","145.074439742987","review","approved","approved","Selected general vocabulary. Approval requires at least one approved MSA relationship; an unsuitable translation alone does not reject the headword.","1","3","{""approved"":1}","{""review"":2,""approved"":1}","{""msa"":3}","1","1","1","1","0","0","0","3","0","0","0"
"3350","RAISE","رفع","5","[3]","129.90654205607478","2","13.132331253245201","[""38e5b5588882404b"",""e0f9a3120dadaaf9""]","[""11:ar_to_en:??I??"",""11:en_to_ar:?فع""]","[8,11,21,24,28]","[""ar_to_en:5"",""en_to_ar:3""]","145.03887330932","review","approved","approved","Selected general vocabulary. Approval requires at least one approved MSA relationship; an unsuitable translation alone does not reject the headword.","1","1","{""approved"":1}","{""approved"":1}","{""msa"":1}","1","1","1","1","0","0","0","1","0","0","0"
"1721","RELEVANT","ذات صلة","8","[6]","142.9991937651169","2","0","[]","[]","[]","[]","144.9991937651169","review","approved","approved","Selected general vocabulary. Approval requires at least one approved MSA relationship; an unsuitable translation alone does not reject the headword.","1","1","{""approved"":1}","{""approved"":1}","{""msa"":1}","1","1","1","1","0","0","0","1","0","0","1"
"1722","GUIDELINES","المبادئ التوجيهية","10","[7,9,16]","142.9876410531972","2","0","[]","[]","[]","[]","144.9876410531972","review","approved","approved","Selected general vocabulary. Approval requires at least one approved MSA relationship; an unsuitable translation alone does not reject the headword.","1","3","{""approved"":1}","{""approved"":2,""review"":1}","{""msa"":3}","2","2","1","1","0","0","1","3","0","0","1"
"2617","GUESS","تخمين","5","[3,5]","134.65453757851418","2","8.321053128786069","[""0970ec393d36586c"",""5156da47391db08b"",""a0d5f337753b59d9"",""af03b0028c8492d5""]","[""11:ar_to_en:??E??"",""13:ar_to_en:??E??"",""11:en_to_ar:?مخ""]","[2,4,11,17,22]","[""ar_to_en:5"",""en_to_ar:3""]","144.97559070730026","review","approved","approved","Selected general vocabulary. Approval requires at least one approved MSA relationship; an unsuitable translation alone does not reject the headword.","1","2","{""approved"":1}","{""approved"":2}","{""msa"":2}","2","2","1","1","0","0","1","2","0","0","0"
"1725","BIBLE","الكتاب المقدس","5","[7,12]","142.95302013422818","2","0","[]","[]","[]","[]","144.95302013422818","review","approved","approved","Selected general vocabulary. Approval requires at least one approved MSA relationship; an unsuitable translation alone does not reject the headword.","1","3","{""approved"":1}","{""review"":2,""approved"":1}","{""msa"":3}","1","1","1","1","0","0","0","3","0","0","1"
"2006","INFORMED","علم","8","[3]","139.9400898652022","2","3","[""4ceb3ff417ba6ffd"",""8042c27a313688db""]","[""11:en_to_ar:?لع"",""11:en_to_ar:عل?""]","[7,8,14,16,18,26]","[""en_to_ar:3""]","144.9400898652022","review","review","review","Selected general vocabulary. Approval requires at least one approved MSA relationship; an unsuitable translation alone does not reject the headword.","1","1","{""review"":1}","{""review"":1}","{""msa"":1}","0","0","0","0","0","0","0","1","0","0","0"
"8881","VANILLA","الفانيليا","7","[8,9]","114.7045308335631","2","28.19623107581458","[""baf054df5c75da12"",""f88a2d9fb4288f08"",""d09c9f3b1f320833""]","[""11:ar_to_en:A??????"",""9:en_to_ar:???????يا"",""9:en_to_ar:??لي?????""]","[9,10,12,13,20,22,27]","[""ar_to_en:7"",""en_to_ar:9""]","144.90076190937768","review","approved","approved","Selected general vocabulary. Approval requires at least one approved MSA relationship; an unsuitable translation alone does not reject the headword.","1","2","{""approved"":1}","{""approved"":2}","{""msa"":2}","2","2","1","1","0","0","1","2","0","0","0"
"1730","WEEKLY","أسبوعي","6","[6,7,8,9]","142.89544235924933","2","0","[]","[]","[]","[]","144.89544235924933","review","approved","approved","Selected general vocabulary. Approval requires at least one approved MSA relationship; an unsuitable translation alone does not reject the headword.","1","6","{""approved"":1}","{""review"":5,""approved"":1}","{""msa"":6}","1","1","1","1","0","0","0","6","0","0","0"
"1731","INSTALLATION","تركيب التثبيت","12","[5,7,12]","142.8839453229697","2","0","[]","[]","[]","[]","144.8839453229697","review","approved","approved","Selected general vocabulary. Approval requires at least one approved MSA relationship; an unsuitable translation alone does not reject the headword.","1","5","{""approved"":1}","{""approved"":4,""review"":1}","{""msa"":5}","4","4","1","1","1","1","3","5","0","0","1"
"2029","HEAVY","الثقيلة","5","[4,5,6,7]","139.71208736659221","2","3.169925001442312","[""c61c1f996ac4cf3c""]","[""9:en_to_ar:?يق???""]","[1,19]","[""en_to_ar:6""]","144.88201236803454","review","approved","approved","Selected general vocabulary. Approval requires at least one approved MSA relationship; an unsuitable translation alone does not reject the headword.","1","4","{""approved"":1}","{""approved"":4}","{""msa"":4}","4","4","1","1","0","0","3","4","0","0","0"
"5786","HONEY","العسل","5","[3,5]","120.54970459799641","2","22.25262169811024","[""041910a2f6b19ee5"",""0e509c9623eb15e7"",""6349ae5997c8da7a"",""8442dcc643fc0d99""]","[""13:ar_to_en:?????"",""11:en_to_ar:?سل"",""11:en_to_ar:لس???"",""11:en_to_ar:ع?ل""]","[2,4,6,8,14,28,30]","[""ar_to_en:5"",""en_to_ar:3"",""en_to_ar:5""]","144.80232629610666","review","approved","approved","Selected general vocabulary. Approval requires at least one approved MSA relationship; an unsuitable translation alone does not reject the headword.","1","2","{""approved"":1}","{""approved"":2}","{""msa"":2}","2","2","1","1","0","0","1","2","0","0","0"
"2812","PIECES","قطعه","6","[3,4,5]","133.25020781379885","2","9.509775004326936","[""05caddd5d34d9824"",""f436e96f0db71640""]","[""11:ar_to_en:??????"",""9:en_to_ar:قط??""]","[7,8,10,23]","[""ar_to_en:6"",""en_to_ar:4""]","144.7599828181258","review","approved","approved","Selected general vocabulary. Approval requires at least one approved MSA relationship; an unsuitable translation alone does not reject the headword.","1","3","{""approved"":1}","{""approved"":2,""review"":1}","{""msa"":3}","2","2","1","1","0","0","1","2","1","0","0"
"2953","AGES","الأعمار","4","[4,5,6,7]","132.30365435089846","2","10.448676426993131","[""f46f80057c36f913"",""e24ead04eb56debd"",""5be6f2820ae4e901"",""745fbbc0d4997047"",""7e3d94a097eb5fbc"",""c6401c7db8f71f8a"",""dce933cb0e8bdc0f"",""0f5662a508591389"",""45fcdf178f2ef232""]","[""11:ar_to_en:????"",""13:ar_to_en:????"",""11:ar_to_en:A???""]","[5,6,10,12,18,19,21,24,26,27,28,30]","[""ar_to_en:4""]","144.7523307778916","review","approved","approved","Selected general vocabulary. Approval requires at least one approved MSA relationship; an unsuitable translation alone does not reject the headword.","1","5","{""approved"":1}","{""review"":2,""approved"":3}","{""msa"":5}","3","3","2","2","0","0","1","5","0","3","0"
"5528","RAT","فأر","3","[3,5]","121.25398512221042","2","21.482892142331043","[""565be0ccf0d6aa5e"",""1f2d338ec21c0f57"",""950c490a3fd3bcd7"",""9a5a4cd2d64330db"",""9993f2991faa82c9"",""ecee72d3e69d6bc2"",""1954f44510f335e6"",""8037d0c7ff66d62b"",""d98e0299496edeac"",""12bc6e91eb82ad1c"",""d3f47934b7a50702""]","[""11:ar_to_en:???"",""13:ar_to_en:??R"",""11:ar_to_en:?A?"",""11:ar_to_en:R??"",""11:ar_to_en:??R"",""11:en_to_ar:?ار""]","[3,4,6,7,8,9,12,13,15,18,19,20,21,24,25,26,28,29,30]","[""ar_to_en:3"",""en_to_ar:3""]","144.73687726454148","review","approved","approved","Selected general vocabulary. Approval requires at least one approved MSA relationship; an unsuitable translation alone does not reject the headword.","1","5","{""approved"":1}","{""approved"":2,""review"":3}","{""msa"":4,""uncertain"":1}","2","2","1","1","0","0","1","4","1","0","0"
"5337","HONEST","صادق","6","[4,5]","121.80727817909226","2","20.897352853986263","[""fa03ba27841d6726"",""547439390b1e81ad"",""c32268ebe0ae1b5d""]","[""11:ar_to_en:??E???"",""11:ar_to_en:?SE???""]","[4,5,18,19,29,30]","[""ar_to_en:6""]","144.70463103307853","review","approved","approved","Selected general vocabulary. Approval requires at least one approved MSA relationship; an unsuitable translation alone does not reject the headword.","1","3","{""approved"":1}","{""approved"":3}","{""msa"":3}","3","3","1","1","0","0","2","3","0","0","0"
"6022","PEOPLES","الشعوب","7","[4,6]","119.9451508352032","2","22.75488750216347","[""d2a3f2bf72a97b0b"",""1ee7706ff8a2ae5a"",""13eb68c0ac21223f"",""8b532fdc2f42b656"",""f17547a25993eace"",""efbe051830c1e33a"",""d24b10264f10c36f"",""a2a184806c2d16b8""]","[""11:ar_to_en:???????"",""11:ar_to_en:??L????"",""9:en_to_ar:?وع???"",""9:en_to_ar:بو????""]","[1,4,6,8,13,15,19,28,29]","[""ar_to_en:7"",""en_to_ar:6""]","144.70003833736666","review","approved","approved","Selected general vocabulary. Approval requires at least one approved MSA relationship; an unsuitable translation alone does not reject the headword.","1","2","{""approved"":1}","{""approved"":2}","{""msa"":2}","2","2","1","1","0","0","1","2","0","0","0"
"3631","CONTRACTORS","المتعاقدون","11","[9,10]","128.41413603267625","2","14.264662506490405","[""fc4156077eb06d8c"",""57c6e41aac585f20"",""cfba05cbf19d90ba"",""d85d8026e4477b31"",""04a5053f52d0c623"",""23e75633223113e7"",""350bc04561ec1fd6"",""82ec6153d0ac22b9"",""b473832e63b392b4"",""6ef174ff6f356600"",""78341197b2ad54a0"",""835d60fedca500ab"",""a14b9ff3eaf99f4e"",""23af1a056895af6a"",""1953b899514fabf8"",""9474b5d6081ccf09"",""a8a47b925bef48ab"",""b2c43093e3835346"",""d4bd588aa0e86b6a""]","[""11:ar_to_en:??O????????"",""11:ar_to_en:????????O??""]","[1,2,3,4,5,6,7,8,9,12,13,14,15,17,18,19,20,21,23,24,25,26,27,28,29,30]","[""ar_to_en:11""]","144.67879853916665","review","approved","approved","Selected general vocabulary. Approval requires at least one approved MSA relationship; an unsuitable translation alone does not reject the headword.","1","3","{""approved"":1}","{""approved"":3}","{""msa"":3}","3","3","1","1","0","0","2","3","0","0","0"
"2484","FAIL","فشل","4","[3,4]","135.68242640499554","2","6.965784284662087","[""bb75eb6ff3b0904a"",""f461819d75b7280a""]","[""11:ar_to_en:????""]","[5,7,18,19,23,30]","[""ar_to_en:4""]","144.64821068965762","review","approved","approved","Selected general vocabulary. Approval requires at least one approved MSA relationship; an unsuitable translation alone does not reject the headword.","1","2","{""approved"":1}","{""approved"":2}","{""msa"":2}","2","2","1","1","0","0","1","2","0","0","0"
"6580","BUTLER","بتلر","6","[4,5]","118.64801864801865","2","24","[""5e13420ef869abb8"",""b6aab1f8e23a76ae"",""4268e0de948187e6"",""638d0bc0fe1668fc"",""53564dcee6daa665"",""891c7cfb4ce5c364""]","[""9:en_to_ar:رل???"",""9:en_to_ar:رل??"",""11:en_to_ar:??لر"",""11:en_to_ar:رل???"",""11:en_to_ar:بت??"",""11:en_to_ar:??تب""]","[2,4,5,7,8,12,17,18,19,21,27]","[""en_to_ar:5"",""en_to_ar:4""]","144.64801864801865","review","review","review","Selected general vocabulary. Approval requires at least one approved MSA relationship; an unsuitable translation alone does not reject the headword.","1","2","{""review"":1}","{""review"":2}","{""uncertain"":2}","0","0","0","0","0","0","0","0","2","0","0"
"1753","LOTS","الكثير","4","[6]","142.63256061817214","2","0","[]","[]","[]","[]","144.63256061817214","review","approved","approved","Selected general vocabulary. Approval requires at least one approved MSA relationship; an unsuitable translation alone does not reject the headword.","1","1","{""approved"":1}","{""approved"":1}","{""msa"":1}","1","1","1","1","0","0","0","1","0","0","0"
"3096","DENTAL","طب الأسنان","6","[9]","131.39717425431712","2","11.224338213496566","[""589f24c9d53d58e3"",""6f6094fe15d47ab0"",""2eda8dd0e074168c""]","[""11:ar_to_en:??N???"",""9:en_to_ar:???????ب?"",""9:en_to_ar:ن????????""]","[2,4,6,8,9,13,19,28,30]","[""ar_to_en:6"",""en_to_ar:9""]","144.6215124678137","review","review","review","Selected general vocabulary. Approval requires at least one approved MSA relationship; an unsuitable translation alone does not reject the headword.","1","1","{""review"":1}","{""review"":1}","{""msa"":1}","0","0","0","0","0","0","0","1","0","0","1"
"1758","OLDER","كبار السن","5","[6,8]","142.5758382118148","2","0","[]","[]","[]","[]","144.5758382118148","review","review","review","Selected general vocabulary. Approval requires at least one approved MSA relationship; an unsuitable translation alone does not reject the headword.","1","2","{""review"":1}","{""review"":2}","{""msa"":2}","0","0","0","0","0","0","0","2","0","0","1"
"3655","AIRLINE","شركات الطيران","7","[12]","128.29354553492485","2","14.264662506490405","[""d35e2615dfc59801"",""4e24603818481b05"",""9c122715b8ce2149"",""9e96896fcf281b90""]","[""11:ar_to_en:???????""]","[6,7,8,15,23,28]","[""ar_to_en:7""]","144.55820804141524","review","review","review","Selected general vocabulary. Approval requires at least one approved MSA relationship; an unsuitable translation alone does not reject the headword.","1","1","{""review"":1}","{""review"":1}","{""msa"":1}","0","0","0","0","0","0","0","1","0","0","1"
"4519","ENABLES","تمكين","7","[5]","124.54364166283172","2","18","[""d2a3f2bf72a97b0b"",""1ee7706ff8a2ae5a"",""8b532fdc2f42b656"",""b2697613b6828310"",""efbe051830c1e33a"",""f5e2ddad7c0594c7""]","[""11:ar_to_en:???????"",""11:ar_to_en:??L????""]","[4,6,8,13,15,28,29]","[""ar_to_en:7""]","144.5436416628317","review","review","review","Selected general vocabulary. Approval requires at least one approved MSA relationship; an unsuitable translation alone does not reject the headword.","1","1","{""review"":1}","{""review"":1}","{""msa"":1}","0","0","0","0","0","0","0","1","0","0","0"
"1761","ELEMENTS","العناصر","8","[5,7]","142.5418771603297","2","0","[]","[]","[]","[]","144.5418771603297","review","approved","approved","Selected general vocabulary. Approval requires at least one approved MSA relationship; an unsuitable translation alone does not reject the headword.","1","2","{""approved"":1}","{""approved"":2}","{""msa"":2}","2","2","1","1","0","0","1","2","0","0","0"
"3240","DOLLS","دمى","5","[3,5]","130.53435114503816","2","12","[""bccc780018481951"",""32c78494378f3e84"",""46aa8c40ee77e7b3""]","[""11:en_to_ar:?مد"",""11:en_to_ar:دم?"",""9:en_to_ar:دم?""]","[7,9,14,16,17,26,27]","[""en_to_ar:3""]","144.53435114503816","review","approved","approved","Selected general vocabulary. Approval requires at least one approved MSA relationship; an unsuitable translation alone does not reject the headword.","1","2","{""approved"":1}","{""approved"":2}","{""msa"":2}","2","2","1","1","0","0","1","2","0","0","0"
"1989","DATES","التواريخ","5","[6,8]","140.11030333416898","2","2.377443751081734","[""67eeec387fb44908""]","[""11:en_to_ar:???????د""]","[21,29]","[""en_to_ar:8""]","144.4877470852507","review","approved","approved","Selected general vocabulary. Approval requires at least one approved MSA relationship; an unsuitable translation alone does not reject the headword.","1","4","{""approved"":1}","{""approved"":4}","{""msa"":4}","4","4","1","1","0","0","3","4","0","4","0"
"2778","RATIO","نسبة","5","[4,6]","133.48681456676434","2","9","[""0deae5dedcae725f"",""5626f917562ae5da"",""7f0d84cbb415932b"",""b4458812a493419a""]","[""11:ar_to_en:??T??"",""11:ar_to_en:?????"",""13:ar_to_en:R????""]","[7,9,13,21,23,24,25]","[""ar_to_en:5""]","144.48681456676434","review","approved","approved","Selected general vocabulary. Approval requires at least one approved MSA relationship; an unsuitable translation alone does not reject the headword.","1","2","{""approved"":1}","{""approved"":2}","{""msa"":2}","2","2","1","1","0","0","1","2","0","0","0"
"4389","PALACE","القصر","6","[3,5]","125.04304272969165","2","17.43458750793272","[""96597fbaacbac31a"",""113b90ff3a47bece"",""2369d978563cb778""]","[""11:ar_to_en:??L???"",""11:ar_to_en:??????"",""11:en_to_ar:?صر""]","[3,18,20,24,27,30]","[""ar_to_en:6"",""en_to_ar:3""]","144.47763023762437","review","approved","approved","Selected general vocabulary. Approval requires at least one approved MSA relationship; an unsuitable translation alone does not reject the headword.","1","2","{""approved"":1}","{""approved"":2}","{""msa"":2}","2","2","1","1","0","0","1","2","0","0","0"
"8693","DECLARE","إعلان","7","[4,5]","114.96305994575891","2","27.509775004326936","[""96de337a5b7b9785"",""f5e2ddad7c0594c7"",""eefa6063fd8a382c""]","[""11:ar_to_en:??C????"",""11:ar_to_en:???????"",""9:en_to_ar:نع??""]","[4,10,12,20,21,24,29]","[""ar_to_en:7"",""en_to_ar:4""]","144.47283495008585","review","approved","approved","Selected general vocabulary. Approval requires at least one approved MSA relationship; an unsuitable translation alone does not reject the headword.","1","5","{""approved"":1}","{""approved"":4,""review"":1}","{""msa"":5}","4","4","1","1","0","0","3","5","0","0","0"
"1768","RANDOM","عشوائي","6","[6,7]","142.46284501061572","2","0","[]","[]","[]","[]","144.46284501061572","review","approved","approved","Selected general vocabulary. Approval requires at least one approved MSA relationship; an unsuitable translation alone does not reject the headword.","1","2","{""approved"":1}","{""approved"":2}","{""msa"":2}","2","2","1","1","0","0","1","2","0","0","0"
"4198","TRIALS","المحاكمات","6","[7,9]","125.81477896095515","2","16.642106257572138","[""5339a1820ed0c06f"",""d928feb138a3f509""]","[""11:ar_to_en:??????"",""9:en_to_ar:?????ك???""]","[4,6,8,17]","[""ar_to_en:6"",""en_to_ar:9""]","144.4568852185273","review","approved","approved","Selected general vocabulary. Approval requires at least one approved MSA relationship; an unsuitable translation alone does not reject the headword.","1","2","{""approved"":1}","{""approved"":2}","{""msa"":2}","2","2","1","1","0","0","1","2","0","0","0"
"2533","SAMPLES","عينات","7","[5,7]","135.29671299360248","2","7.132331253245202","[""ca1bbec0459f8c0a""]","[""11:ar_to_en:?AM????""]","[4,29]","[""ar_to_en:7""]","144.4290442468477","review","approved","approved","Selected general vocabulary. Approval requires at least one approved MSA relationship; an unsuitable translation alone does not reject the headword.","1","2","{""approved"":1}","{""approved"":2}","{""msa"":2}","2","2","1","1","0","0","1","2","0","0","0"
"1776","DIRECTIONS","الاتجاهات","10","[9]","142.3728813559322","2","0","[]","[]","[]","[]","144.3728813559322","review","approved","approved","Selected general vocabulary. Approval requires at least one approved MSA relationship; an unsuitable translation alone does not reject the headword.","1","1","{""approved"":1}","{""approved"":1}","{""msa"":1}","1","1","1","1","0","0","0","1","0","0","0"
"6382","TAP","اضغط","3","[4]","119.0885230255309","2","23.264662506490403","[""5dc299c70070de1f"",""c8441a850960d761"",""32b0015fa9de1ea4"",""e546b9100d1d5ad9"",""4d198dd34a25eba2"",""7a5e28c5d8d6c158"",""98c86c7f2ef99cea""]","[""11:ar_to_en:??T"",""13:ar_to_en:T?P"",""13:ar_to_en:?AT"",""11:ar_to_en:???""]","[4,6,8,9,13,15,16,27,28,29]","[""ar_to_en:3""]","144.3531855320213","review","approved","approved","Selected general vocabulary. Approval requires at least one approved MSA relationship; an unsuitable translation alone does not reject the headword.","1","1","{""approved"":1}","{""approved"":1}","{""msa"":1}","1","1","1","1","0","0","0","1","0","0","0"
"2310","DINING","الطعام","6","[6]","137.122969837587","2","5.224338213496566","[""8a68ffccb817c76c"",""e251125e41f3a306""]","[""11:ar_to_en:??????"",""11:ar_to_en:?I????""]","[4,5,18,19,29,30]","[""ar_to_en:6""]","144.34730805108356","review","review","review","Selected general vocabulary. Approval requires at least one approved MSA relationship; an unsuitable translation alone does not reject the headword.","1","1","{""review"":1}","{""review"":1}","{""msa"":1}","0","0","0","0","0","0","0","1","0","0","0"
"3256","PILOT","طيار","5","[4,6,9]","130.441400304414","2","11.887218755408671","[""0855cea9b1cae98d"",""041910a2f6b19ee5"",""24069aad871a4613""]","[""13:ar_to_en:?????"",""9:en_to_ar:??????بي?""]","[2,4,28,30]","[""ar_to_en:5"",""en_to_ar:9""]","144.32861905982267","review","approved","approved","Selected general vocabulary. Approval requires at least one approved MSA relationship; an unsuitable translation alone does not reject the headword.","1","3","{""approved"":1}","{""approved"":3}","{""msa"":3}","3","3","2","2","0","0","1","3","0","0","0"
"2549","RISE","الارتفاع","4","[8]","135.1725653989888","2","7.132331253245202","[""f5b6aaddfa6b2245"",""f5870314cb244ab2""]","[""11:ar_to_en:????"",""11:ar_to_en:??SE""]","[5,18,25,27]","[""ar_to_en:4""]","144.30489665223402","review","approved","approved","Selected general vocabulary. Approval requires at least one approved MSA relationship; an unsuitable translation alone does not reject the headword.","1","1","{""approved"":1}","{""approved"":1}","{""msa"":1}","1","1","1","1","0","0","0","1","0","0","0"
"1783","WHOSE","الذين","5","[5]","142.294475284166","2","0","[]","[]","[]","[]","144.294475284166","review","review","review","Selected general vocabulary. Approval requires at least one approved MSA relationship; an unsuitable translation alone does not reject the headword.","1","1","{""review"":1}","{""rejected"":1}","{""msa"":1}","0","0","0","0","1","1","0","1","0","0","0"
"2881","NOISE","الضوضاء","5","[4,5,6,7]","132.78016799836098","2","9.509775004326936","[""38e5b5588882404b"",""7bebd7600b2ea7c7"",""f22cdee93939b7c4"",""75d818bbd0e8e33b""]","[""11:ar_to_en:??I??"",""9:en_to_ar:?لض???""]","[1,7,8,17,21,23,24]","[""ar_to_en:5"",""en_to_ar:6""]","144.28994300268792","review","approved","approved","Selected general vocabulary. Approval requires at least one approved MSA relationship; an unsuitable translation alone does not reject the headword.","1","4","{""approved"":1}","{""approved"":4}","{""msa"":4}","4","4","1","1","0","0","3","4","0","0","0"
"2133","MENTAL","العقلية","6","[5,7]","138.712799419308","2","3.566165626622601","[""f52aa235b943a764""]","[""11:ar_to_en:??N???""]","[7,23]","[""ar_to_en:6""]","144.2789650459306","review","approved","approved","Selected general vocabulary. Approval requires at least one approved MSA relationship; an unsuitable translation alone does not reject the headword.","1","2","{""approved"":1}","{""approved"":2}","{""msa"":2}","2","2","1","1","0","0","1","2","0","0","0"
"2267","FALLS","السقوط","5","[6,8]","137.49707054136397","2","4.754887502163468","[""a4ffbaebe4190b79""]","[""13:ar_to_en:?LL??""]","[2,22]","[""ar_to_en:5""]","144.25195804352742","review","approved","approved","Selected general vocabulary. Approval requires at least one approved MSA relationship; an unsuitable translation alone does not reject the headword.","1","3","{""approved"":1}","{""approved"":3}","{""msa"":3}","3","3","1","1","0","0","2","3","0","1","0"
"2556","SCENE","مشهد","5","[4,6]","135.11852502194907","2","7.132331253245202","[""7dcc715ae98b903d"",""e34dc3b9a9c51ba6"",""e5d72c5831132114"",""9dd7fd7b82f7229a"",""1e1d2ef5be162847"",""5156da47391db08b"",""a0d5f337753b59d9""]","[""11:ar_to_en:??E??"",""11:ar_to_en:?????"",""13:ar_to_en:??E??""]","[2,11,16,17,21,22,24,27]","[""ar_to_en:5""]","144.25085627519428","review","approved","approved","Selected general vocabulary. Approval requires at least one approved MSA relationship; an unsuitable translation alone does not reject the headword.","1","2","{""approved"":1}","{""approved"":2}","{""msa"":2}","2","2","1","1","0","0","1","2","0","0","0"
"2416","RURAL","الريف","5","[4,5]","136.231884057971","2","6","[""bbc82df2f37e17f7""]","[""11:ar_to_en:??R??""]","[20,21,24]","[""ar_to_en:5""]","144.231884057971","review","approved","approved","Selected general vocabulary. Approval requires at least one approved MSA relationship; an unsuitable translation alone does not reject the headword.","1","3","{""approved"":1}","{""approved"":2,""review"":1}","{""msa"":3}","2","2","1","1","0","0","1","3","0","0","0"
"2559","LADY","سيدة","4","[4,6]","135.09541566132924","2","7.132331253245202","[""e5bdb790cae92611"",""8a3e2469c68599cd""]","[""11:ar_to_en:????"",""11:ar_to_en:?D??""]","[5,7,12,18,19,21,23,30]","[""ar_to_en:4""]","144.22774691457445","review","approved","approved","Selected general vocabulary. Approval requires at least one approved MSA relationship; an unsuitable translation alone does not reject the headword.","1","2","{""approved"":1}","{""approved"":2}","{""msa"":2}","2","2","1","1","0","0","1","2","0","0","0"
"3722","BATHROOM","حمام","8","[3,4,6]","127.96225096120239","2","14.264662506490405","[""927a2799415fa7e6"",""f92b968698b556af"",""b9469d7a500fba59""]","[""11:en_to_ar:مام?"",""11:en_to_ar:ما?ح"",""11:en_to_ar:م?م""]","[3,6,7,18,28,29]","[""en_to_ar:4"",""en_to_ar:3""]","144.22691346769278","review","approved","approved","Selected general vocabulary. Approval requires at least one approved MSA relationship; an unsuitable translation alone does not reject the headword.","1","3","{""approved"":1}","{""approved"":2,""review"":1}","{""msa"":3}","2","2","1","1","1","1","1","2","1","0","0"
"1790","ENDING","النهاية","6","[5,7]","142.21635883905014","2","0","[]","[]","[]","[]","144.21635883905014","review","approved","approved","Selected general vocabulary. Approval requires at least one approved MSA relationship; an unsuitable translation alone does not reject the headword.","1","3","{""approved"":1}","{""review"":2,""approved"":1}","{""msa"":3}","1","1","1","1","0","0","0","3","0","0","0"
"2100","BIRTH","الولادة","5","[5,7]","139.02439024390245","2","3.169925001442312","[""a0d48ad4513b808b""]","[""9:en_to_ar:ول???""]","[2,19]","[""en_to_ar:5""]","144.19431524534477","review","approved","approved","Selected general vocabulary. Approval requires at least one approved MSA relationship; an unsuitable translation alone does not reject the headword.","1","4","{""approved"":1}","{""approved"":4}","{""msa"":4}","4","4","1","1","0","0","3","4","0","0","0"
"1796","AUTOMOTIVE","السيارات","10","[8]","142.14963119072706","2","0","[]","[]","[]","[]","144.14963119072706","review","review","review","Selected general vocabulary. Approval requires at least one approved MSA relationship; an unsuitable translation alone does not reject the headword.","1","2","{""review"":1}","{""review"":2}","{""msa"":2}","0","0","0","0","0","0","0","2","0","0","0"
"2105","SEPARATE","منفصلة","8","[5,6]","138.9768574908648","2","3.169925001442312","[""2c4e22d1ed769993"",""d0358de22ab81fcd"",""eaeea6403e9fee5f""]","[""11:en_to_ar:???صل"",""11:en_to_ar:لص???"",""9:en_to_ar:لص???""]","[6,22,26,27,30]","[""en_to_ar:5""]","144.14678249230712","review","approved","approved","Selected general vocabulary. Approval requires at least one approved MSA relationship; an unsuitable translation alone does not reject the headword.","1","2","{""approved"":1}","{""approved"":2}","{""msa"":2}","2","2","1","1","0","0","1","2","0","0","0"
"2283","HELLO","مرحبا","5","[3,5]","137.35699276208265","2","4.754887502163468","[""b08a3997f3ad369b"",""ee52bb7634bd0ce8"",""3fcb8f9a1cb68271""]","[""9:en_to_ar:و?ا"",""11:en_to_ar:ا?و"",""11:en_to_ar:?لو""]","[6,7,11,13,28]","[""en_to_ar:3""]","144.1118802642461","review","approved","approved","Selected general vocabulary. Approval requires at least one approved MSA relationship; an unsuitable translation alone does not reject the headword.","1","2","{""approved"":1}","{""review"":1,""approved"":1}","{""uncertain"":1,""msa"":1}","1","1","1","1","0","0","0","2","0","0","0"
"2919","EXPORT","تصدير","6","[3,5,7,8]","132.52693636918073","2","9.509775004326936","[""43ea3c922c655ffc"",""b53064bf293920ee"",""69f5bc05f1f0e4d1""]","[""9:en_to_ar:رد?"",""11:en_to_ar:?دص"",""11:en_to_ar:رد?""]","[7,8,10,13,16,21,27]","[""en_to_ar:3""]","144.03671137350767","review","approved","approved","Selected general vocabulary. Approval requires at least one approved MSA relationship; an unsuitable translation alone does not reject the headword.","1","4","{""approved"":1}","{""approved"":3,""review"":1}","{""msa"":4}","3","3","2","2","0","0","1","4","0","0","0"
"2441","OFFICES","مكاتب","7","[5,7]","136.02792163927043","2","6","[""77f1999a8fda79e8"",""06ba022f3776cd25""]","[""11:ar_to_en:?ECI???"",""11:ar_to_en:??CI???""]","[13,15,28]","[""ar_to_en:7""]","144.02792163927043","review","approved","approved","Selected general vocabulary. Approval requires at least one approved MSA relationship; an unsuitable translation alone does not reject the headword.","1","2","{""approved"":1}","{""approved"":2}","{""msa"":2}","2","2","1","1","0","0","1","2","0","0","0"
"2118","FAITH","الإيمان","5","[3,5,6,7]","138.85381253035453","2","3.169925001442312","[""32a4020c51905eef""]","[""11:en_to_ar:في?""]","[8,11]","[""en_to_ar:3""]","144.02373753179685","review","approved","approved","Selected general vocabulary. Approval requires at least one approved MSA relationship; an unsuitable translation alone does not reject the headword.","1","5","{""approved"":1}","{""review"":4,""approved"":1}","{""msa"":4,""uncertain"":1}","1","1","1","1","0","0","0","4","1","0","0"
"1808","HIGHLY","عالياً","6","[5]","142.01680672268907","2","0","[]","[]","[]","[]","144.01680672268907","review","approved","approved","Selected general vocabulary. Approval requires at least one approved MSA relationship; an unsuitable translation alone does not reject the headword.","1","1","{""approved"":1}","{""approved"":1}","{""msa"":1}","1","1","1","1","0","0","0","1","0","0","0"
"3766","CUTE","لطيف","4","[4]","127.74887270204648","2","14.264662506490405","[""38473be77fc73662"",""c6bcebc2cd499c11""]","[""11:ar_to_en:????"",""13:ar_to_en:????""]","[5,18,19,24,27,30]","[""ar_to_en:4""]","144.0135352085369","review","approved","approved","Selected general vocabulary. Approval requires at least one approved MSA relationship; an unsuitable translation alone does not reject the headword.","1","2","{""approved"":1}","{""approved"":1,""review"":1}","{""msa"":1,""uncertain"":1}","1","1","1","1","0","0","0","2","0","0","0"
"4667","DEFENCE","الدفاع","7","[4,6]","123.998800059997","2","18","[""b360b23aae38d59b"",""f024d5c4a1150b4d""]","[""11:ar_to_en:???????""]","[6,8,13,15,28]","[""ar_to_en:7""]","143.998800059997","review","approved","approved","Selected general vocabulary. Approval requires at least one approved MSA relationship; an unsuitable translation alone does not reject the headword.","1","2","{""approved"":1}","{""approved"":2}","{""msa"":2}","2","2","1","1","0","0","1","2","0","0","0"
"2423","SPAM","البريد المزعج","4","[12]","136.1745421659507","2","5.816165626622601","[""7daba80984e1a0b6""]","[""11:ar_to_en:??P?""]","[6,8,13,15,28]","[""ar_to_en:4""]","143.9907077925733","review","approved","approved","Selected general vocabulary. Approval requires at least one approved MSA relationship; an unsuitable translation alone does not reject the headword.","1","1","{""approved"":1}","{""approved"":1}","{""msa"":1}","1","1","1","1","0","0","0","1","0","0","1"
"1812","DEVELOPING","النامية","10","[5,7]","141.97271773347325","2","0","[]","[]","[]","[]","143.97271773347325","review","approved","approved","Selected general vocabulary. Approval requires at least one approved MSA relationship; an unsuitable translation alone does not reject the headword.","1","3","{""approved"":1}","{""approved"":3}","{""msa"":3}","3","3","1","1","0","0","2","3","0","0","0"
"4631","CHEST","الصدر","5","[3,5]","124.1290906348967","2","17.83082813311301","[""67b4549110a6872a"",""43ea3c922c655ffc"",""b53064bf293920ee"",""69f5bc05f1f0e4d1"",""c502cc6a991cdbc2""]","[""11:ar_to_en:??E??"",""9:en_to_ar:رد?"",""11:en_to_ar:?دص"",""11:en_to_ar:رد?"",""9:en_to_ar:رد???""]","[2,7,8,10,13,16,17,21,27,30]","[""ar_to_en:5"",""en_to_ar:3"",""en_to_ar:5""]","143.95991876800971","review","approved","approved","Selected general vocabulary. Approval requires at least one approved MSA relationship; an unsuitable translation alone does not reject the headword.","1","2","{""approved"":1}","{""approved"":2}","{""msa"":2}","2","2","1","1","0","0","1","2","0","0","0"
"5657","STAYED","بقي","6","[3,4]","120.8959122371686","2","21.063899822569375","[""1930580e02d5f992"",""43ec203e448bcb9b"",""5c30bede226c459d"",""71e16176381bd1a6""]","[""11:ar_to_en:??????"",""11:en_to_ar:يق?"",""11:en_to_ar:ب?ي"",""11:en_to_ar:بق??""]","[3,6,7,8,12,14,16,18,23,26]","[""ar_to_en:6"",""en_to_ar:3"",""en_to_ar:4""]","143.95981205973797","review","approved","approved","Selected general vocabulary. Approval requires at least one approved MSA relationship; an unsuitable translation alone does not reject the headword.","1","3","{""approved"":1}","{""approved"":2,""review"":1}","{""msa"":3}","2","2","1","1","0","0","1","3","0","0","0"
"4531","ARENA","الساحة","5","[4,5,6]","124.49854539886695","2","17.43458750793272","[""c91f2f76919a5634"",""26b714328c21d972"",""d6c9553e0681ae0d"",""af4479f948911edb"",""dcc0a6ee621ec4a2"",""be14a627f9c14d33"",""c8787bb13551e4f2"",""2ecfb43ed84dfc50"",""6fc32370fecdf527"",""4cb7d9f5af6a6e5d"",""67b4549110a6872a"",""ee50441253579d3e""]","[""11:ar_to_en:??E??"",""11:ar_to_en:?????"",""9:en_to_ar:?بل???""]","[1,2,3,7,12,16,17,19,20,21,22,23,24,25,27]","[""ar_to_en:5"",""en_to_ar:6""]","143.93313290679967","review","approved","approved","Selected general vocabulary. Approval requires at least one approved MSA relationship; an unsuitable translation alone does not reject the headword.","1","5","{""approved"":1}","{""approved"":4,""review"":1}","{""msa"":4,""uncertain"":1}","4","4","1","1","0","0","3","4","1","0","0"
"2129","MOVED","نقل","5","[3,5,6]","138.75030273674014","2","3.169925001442312","[""7ababc087c5e23b2"",""8e38b4c3f8d5a62e""]","[""9:en_to_ar:تل????"",""11:en_to_ar:????لت""]","[5,8,9,13]","[""en_to_ar:6""]","143.92022773818246","review","approved","approved","Selected general vocabulary. Approval requires at least one approved MSA relationship; an unsuitable translation alone does not reject the headword.","1","3","{""approved"":1}","{""approved"":3}","{""msa"":3}","3","3","1","1","0","0","2","3","0","0","0"
"5662","SEES","يرى","4","[3,4]","120.88227616810232","2","21","[""e24ead04eb56debd"",""8b0d50fa4483faf9""]","[""13:ar_to_en:????"",""11:en_to_ar:ير?""]","[14,16,24,27,28]","[""ar_to_en:4"",""en_to_ar:3""]","143.88227616810232","review","approved","approved","Selected general vocabulary. Approval requires at least one approved MSA relationship; an unsuitable translation alone does not reject the headword.","1","2","{""approved"":1}","{""review"":1,""approved"":1}","{""msa"":2}","1","1","1","1","0","0","0","2","0","0","0"
"1821","ACTUAL","الفعلية","6","[5,6,7]","141.87385501177704","2","0","[]","[]","[]","[]","143.87385501177704","review","approved","approved","Selected general vocabulary. Approval requires at least one approved MSA relationship; an unsuitable translation alone does not reject the headword.","1","3","{""approved"":1}","{""approved"":3}","{""msa"":3}","3","3","1","1","0","0","2","3","0","0","0"
"5631","THEORETICAL","النظرية","11","[4,7]","120.967107849561","2","20.897352853986263","[""1972d2e745f2c385"",""c6689fc4a956a4b4"",""1b5f5bb975410825"",""65544f5ebcfb6344"",""9bfad4c26a726fe9"",""bed0d5b2cb59a4c5"",""fa2a936d1fb62e0a"",""5675003e26eca39a"",""9e529ec4fdb675d4"",""acd60f8930b20e12"",""ff113010b44e42b2"",""1aa2a7736f761db1"",""c74c43df05514253"",""453d4a92b9cbdd42"",""7348e6ee165f8f2b"",""786a6abaa7bbf983"",""9cd9b831ca4135ea"",""1862ba6f5db736c8"",""18d138ce34e1a6f2"",""2bfd18322c069025"",""2d1f792f228bff98"",""747b6f023a07e20c"",""94f688c2c2a2a97d"",""bdf551b7b76cf3a3"",""48a60c87b6af24e7"",""7373839088fabe64"",""82c12990d5ae7c26"",""82d33ef0277cdb50"",""c20f137912ad7c4b"",""c210e0bc9743c42f"",""e5a2462bc09e75b2"",""565ee7f8e6678a3c"",""879b253fb4ef976e""]","[""11:ar_to_en:??C????????"",""11:ar_to_en:????????C??"",""11:ar_to_en:???????????"",""11:ar_to_en:????????E??"",""11:ar_to_en:??E????????""]","[1,2,4,5,6,7,8,9,13,15,17,18,19,20,21,23,24,25,26,28,29,30]","[""ar_to_en:11""]","143.86446070354725","review","approved","approved","Selected general vocabulary. Approval requires at least one approved MSA relationship; an unsuitable translation alone does not reject the headword.","1","2","{""approved"":1}","{""approved"":2}","{""msa"":2}","2","2","1","1","0","0","1","2","0","0","0"
"1822","HISTORICAL","تاريخى","10","[6,7]","141.86289900575616","2","0","[]","[]","[]","[]","143.86289900575616","review","approved","approved","Selected general vocabulary. Approval requires at least one approved MSA relationship; an unsuitable translation alone does not reject the headword.","1","3","{""approved"":1}","{""approved"":2,""review"":1}","{""msa"":3}","2","2","1","1","0","0","1","3","0","0","0"
"2136","EXTENDED","تمديد","8","[3,4,5]","138.68471953578336","2","3.169925001442312","[""b2cc2a82163a6b3b"",""9b4b8384482cc1c8""]","[""11:en_to_ar:?دم"",""11:en_to_ar:دد?""]","[4,8,16,27]","[""en_to_ar:3""]","143.85464453722568","review","approved","approved","Selected general vocabulary. Approval requires at least one approved MSA relationship; an unsuitable translation alone does not reject the headword.","1","3","{""approved"":1}","{""approved"":2,""review"":1}","{""msa"":3}","2","2","1","1","0","0","1","3","0","0","0"
"3226","MILE","ميل","4","[3,4,5]","130.6161500191351","2","11.224338213496566","[""34232ddd9d5061e4"",""51c62fd0424db234"",""7bee4f4f2c05d2b4"",""eed119d3bd9b1ad2"",""b63070c0621549fa"",""64f5fb8e72dfd191"",""607ce6e6434e6908""]","[""11:ar_to_en:????"",""11:ar_to_en:??L?"",""11:en_to_ar:?يم"",""11:en_to_ar:?يل"",""9:en_to_ar:لي?"",""9:en_to_ar:مي?"",""11:en_to_ar:م?ل""]","[2,4,5,6,8,9,13,17,18,19,21,30]","[""ar_to_en:4"",""en_to_ar:3""]","143.84048823263166","review","approved","approved","Selected general vocabulary. Approval requires at least one approved MSA relationship; an unsuitable translation alone does not reject the headword.","1","3","{""approved"":1}","{""approved"":2,""review"":1}","{""msa"":2,""uncertain"":1}","2","2","1","1","0","0","1","3","0","0","0"
"1825","COMMERCE","التجارة","8","[5,7]","141.83006535947712","2","0","[]","[]","[]","[]","143.83006535947712","review","approved","approved","Selected general vocabulary. Approval requires at least one approved MSA relationship; an unsuitable translation alone does not reject the headword.","1","2","{""approved"":1}","{""approved"":2}","{""msa"":2}","2","2","1","1","0","0","1","2","0","0","0"
"2875","PREPARATION","الإعداد","11","[5,7]","132.82051282051282","2","9","[""6a506c16322cd7a7"",""f91c49baa629cef5"",""53809dcbbfaafbe4"",""a7c0dd77bfacc834"",""c8dd1a470db98aa4"",""0dd5e66140bea4a9"",""4df3ff7d72409e72"",""e697f0338a4b1ee8"",""e5037896c8037bc3""]","[""11:ar_to_en:???????????"",""11:ar_to_en:??E????????"",""11:ar_to_en:????????I??"",""11:ar_to_en:??I????????""]","[2,3,4,5,7,15,18,19,23,26,28,29,30]","[""ar_to_en:11""]","143.82051282051282","review","approved","approved","Selected general vocabulary. Approval requires at least one approved MSA relationship; an unsuitable translation alone does not reject the headword.","1","5","{""approved"":1}","{""review"":2,""approved"":3}","{""msa"":5}","3","3","1","1","0","0","2","5","0","0","0"
"2140","SORRY","آسفه","5","[3,4,5]","138.64734299516908","2","3.169925001442312","[""9e6201b12d903f58""]","[""11:en_to_ar:اس?""]","[8,16]","[""en_to_ar:3""]","143.8172679966114","review","approved","approved","Selected general vocabulary. Approval requires at least one approved MSA relationship; an unsuitable translation alone does not reject the headword.","1","4","{""approved"":1}","{""review"":3,""approved"":1}","{""msa"":4}","1","1","1","1","0","0","0","4","0","0","0"
"3808","LEGEND","أسطورة","6","[6,8]","127.54820936639118","2","14.264662506490405","[""66225863ef98cb88"",""f522ed4531cc1971""]","[""11:ar_to_en:??????""]","[7,18,19,23]","[""ar_to_en:6""]","143.81287187288157","review","approved","approved","Selected general vocabulary. Approval requires at least one approved MSA relationship; an unsuitable translation alone does not reject the headword.","1","3","{""approved"":1}","{""review"":2,""approved"":1}","{""msa"":3}","1","1","1","1","0","0","0","3","0","0","0"
"2564","VIOLENCE","العنف","8","[3,5]","135.05696757230498","2","6.736090628064913","[""74bcfadd8e70d9cb"",""272bc70a81452fad""]","[""13:ar_to_en:????????"",""11:en_to_ar:عن?""]","[3,4,11,17]","[""ar_to_en:8"",""en_to_ar:3""]","143.7930582003699","review","approved","approved","Selected general vocabulary. Approval requires at least one approved MSA relationship; an unsuitable translation alone does not reject the headword.","1","2","{""approved"":1}","{""approved"":2}","{""msa"":2}","2","2","1","1","0","0","1","2","0","0","0"
"1833","TESTS","الاختبارات","5","[8,10]","141.74276024002086","2","0","[]","[]","[]","[]","143.74276024002086","review","approved","approved","Selected general vocabulary. Approval requires at least one approved MSA relationship; an unsuitable translation alone does not reject the headword.","1","2","{""approved"":1}","{""approved"":2}","{""msa"":2}","2","2","1","1","0","0","1","2","0","0","0"
"2383","FASTER","أسرع","6","[4]","136.50467716176135","2","5.224338213496566","[""736ebabddb39c8e8"",""85e672c903ef06b7""]","[""11:ar_to_en:??T???"",""11:ar_to_en:??????""]","[5,7,18,19,23,30]","[""ar_to_en:6""]","143.72901537525792","review","approved","approved","Selected general vocabulary. Approval requires at least one approved MSA relationship; an unsuitable translation alone does not reject the headword.","1","1","{""approved"":1}","{""approved"":1}","{""msa"":1}","1","1","1","1","0","0","0","1","0","0","0"
"1835","ACCOUNTS","الحسابات","8","[6,8]","141.72099087353325","2","0","[]","[]","[]","[]","143.72099087353325","review","approved","approved","Selected general vocabulary. Approval requires at least one approved MSA relationship; an unsuitable translation alone does not reject the headword.","1","2","{""approved"":1}","{""approved"":2}","{""msa"":2}","2","2","1","1","0","0","1","2","0","0","0"
"8755","TOOTH","الأسنان","5","[2,4,7]","114.87680148768015","2","26.756589711823786","[""ca1be5e7be0e81be"",""117a8289c195e9b0"",""9a354db9cc456d46"",""201ff8b9feb54b7c"",""6d61d710382c4bda"",""9750b561a9d08a34""]","[""11:en_to_ar:?س"",""11:en_to_ar:س?"",""9:en_to_ar:س?"",""9:en_to_ar:?س"",""11:en_to_ar:سن"",""9:en_to_ar:سن""]","[1,2,3,4,5,6,7,8,9,10,11,12,13,14,15,16,17,18,19,20,21,22,25,26,27,28,29,30]","[""en_to_ar:2""]","143.63339119950393","review","approved","approved","Selected general vocabulary. Approval requires at least one approved MSA relationship; an unsuitable translation alone does not reject the headword.","1","3","{""approved"":1}","{""approved"":2,""review"":1}","{""msa"":3}","2","2","1","1","0","0","1","3","0","0","0"
"1844","SETTINGS","إعدادات الإعدادات","8","[7,16]","141.6233090530697","2","0","[]","[]","[]","[]","143.6233090530697","review","review","review","Selected general vocabulary. Approval requires at least one approved MSA relationship; an unsuitable translation alone does not reject the headword.","1","2","{""review"":1}","{""review"":2}","{""msa"":2}","0","0","0","0","1","1","0","2","0","0","1"
"1846","BUYER","المشتري","5","[5,7]","141.60166406656265","2","0","[]","[]","[]","[]","143.60166406656265","review","approved","approved","Selected general vocabulary. Approval requires at least one approved MSA relationship; an unsuitable translation alone does not reject the headword.","1","2","{""approved"":1}","{""approved"":2}","{""msa"":2}","2","2","1","1","0","0","1","2","0","0","0"
"1847","CULTURAL","الثقافية","8","[5,6,7,8]","141.59085001299715","2","0","[]","[]","[]","[]","143.59085001299715","review","approved","approved","Selected general vocabulary. Approval requires at least one approved MSA relationship; an unsuitable translation alone does not reject the headword.","1","4","{""approved"":1}","{""approved"":4}","{""msa"":4}","4","4","1","1","0","0","3","4","0","0","0"
"6992","POLAR","القطب القطبي","5","[7,11]","117.79359430604981","2","23.774437510817343","[""373951eaf99a6064"",""041910a2f6b19ee5"",""2ac32a47068f8def""]","[""11:ar_to_en:??L??"",""13:ar_to_en:?????"",""11:en_to_ar:????????قل?""]","[4,8,9,16,17,30]","[""ar_to_en:5"",""en_to_ar:11""]","143.56803181686715","review","approved","approved","Selected general vocabulary. Approval requires at least one approved MSA relationship; an unsuitable translation alone does not reject the headword.","1","2","{""approved"":1}","{""approved"":1,""review"":1}","{""msa"":2}","1","1","1","1","1","1","0","2","0","0","1"
"3861","TASTE","طعم","5","[3,4,5]","127.29909571745435","2","14.264662506490405","[""2ecfb43ed84dfc50"",""4cb7d9f5af6a6e5d"",""5f666027367ae988"",""bd08f965e4a7447d"",""42a3efc73da6649b""]","[""11:ar_to_en:?????"",""9:en_to_ar:مع?"",""11:en_to_ar:?وذ"",""11:en_to_ar:?عم""]","[1,2,3,6,9,10,12,13,16,27,28]","[""ar_to_en:5"",""en_to_ar:3""]","143.56375822394475","review","approved","approved","Selected general vocabulary. Approval requires at least one approved MSA relationship; an unsuitable translation alone does not reject the headword.","1","4","{""approved"":1}","{""approved"":4}","{""msa"":4}","4","4","2","2","0","0","2","4","0","0","0"
"1854","FUNCTIONAL","وظيفية","10","[5,6]","141.515308770109","2","0","[]","[]","[]","[]","143.515308770109","review","approved","approved","Selected general vocabulary. Approval requires at least one approved MSA relationship; an unsuitable translation alone does not reject the headword.","1","2","{""approved"":1}","{""approved"":2}","{""msa"":2}","2","2","1","1","0","0","1","2","0","0","0"
"2548","DUAL","مزدوج","4","[5]","135.18029903254177","2","6.31654857462961","[""e5bdb790cae92611""]","[""11:ar_to_en:????""]","[5,7,18,19,23,30]","[""ar_to_en:4""]","143.4968476071714","review","approved","approved","Selected general vocabulary. Approval requires at least one approved MSA relationship; an unsuitable translation alone does not reject the headword.","1","1","{""approved"":1}","{""approved"":1}","{""msa"":1}","1","1","1","1","0","0","0","1","0","0","0"
"1857","HOLIDAYS","العطل الرسمية","8","[5,7,8,12]","141.48301788955146","2","0","[]","[]","[]","[]","143.48301788955146","review","approved","approved","Selected general vocabulary. Approval requires at least one approved MSA relationship; an unsuitable translation alone does not reject the headword.","1","6","{""approved"":1}","{""approved"":3,""review"":3}","{""msa"":6}","3","3","1","1","0","0","2","6","0","0","1"
"4827","NOTICED","لاحظت","7","[5]","123.43635564669694","2","18","[""96de337a5b7b9785"",""7e26d9c94b98772c"",""223c98f356f311d0"",""e847a9d092ff7e1f""]","[""11:ar_to_en:??C????"",""11:ar_to_en:???????""]","[4,13,20,21,24,28,29]","[""ar_to_en:7""]","143.43635564669694","review","approved","approved","Selected general vocabulary. Approval requires at least one approved MSA relationship; an unsuitable translation alone does not reject the headword.","1","1","{""approved"":1}","{""approved"":1}","{""msa"":1}","1","1","1","1","0","0","0","1","0","0","0"
"2363","TRAIN","قطار","5","[4,6]","136.67201466880587","2","4.754887502163468","[""f436e96f0db71640""]","[""9:en_to_ar:قط??""]","[8,10]","[""en_to_ar:4""]","143.42690217096933","review","approved","approved","Selected general vocabulary. Approval requires at least one approved MSA relationship; an unsuitable translation alone does not reject the headword.","1","2","{""approved"":1}","{""approved"":2}","{""msa"":2}","2","2","1","1","0","0","1","2","0","0","0"
"2183","MATCHING","مطابقة","8","[5,6,8]","138.2500597657184","2","3.169925001442312","[""129a7643f343f04a"",""1635e552fc753395"",""330a0fef8a7fa91d""]","[""11:en_to_ar:مط???"",""11:en_to_ar:???بق"",""11:en_to_ar:?طا??""]","[4,8,13,14,18,27]","[""en_to_ar:5""]","143.4199847671607","review","approved","approved","Selected general vocabulary. Approval requires at least one approved MSA relationship; an unsuitable translation alone does not reject the headword.","1","3","{""approved"":1}","{""approved"":3}","{""msa"":3}","3","3","1","1","0","0","2","3","0","0","0"
"2668","INCHES","بوصة","6","[4,5]","134.2759211653813","2","7.132331253245202","[""3adce756a71a45cb"",""94c615ab0cf47825""]","[""11:ar_to_en:??????"",""11:en_to_ar:??شا?""]","[6,12,20,24]","[""ar_to_en:6"",""en_to_ar:5""]","143.40825241862652","review","approved","approved","Selected general vocabulary. Approval requires at least one approved MSA relationship; an unsuitable translation alone does not reject the headword.","1","3","{""approved"":1}","{""review"":2,""approved"":1}","{""msa"":3}","1","1","1","1","0","0","0","3","0","0","0"
"1866","ARCHITECTURE","الهندسة المعمارية","12","[5,7,16]","141.38644593895498","2","0","[]","[]","[]","[]","143.38644593895498","review","approved","approved","Selected general vocabulary. Approval requires at least one approved MSA relationship; an unsuitable translation alone does not reject the headword.","1","3","{""approved"":1}","{""approved"":3}","{""msa"":3}","3","3","1","1","0","0","2","3","0","0","1"
"1868","LABEL","تسمية التسمية","5","[5,7,12]","141.36504653567735","2","0","[]","[]","[]","[]","143.36504653567735","review","approved","approved","Selected general vocabulary. Approval requires at least one approved MSA relationship; an unsuitable translation alone does not reject the headword.","1","3","{""approved"":1}","{""approved"":2,""review"":1}","{""msa"":3}","2","2","1","1","1","1","1","3","0","0","1"
"4697","DANGER","خطر","6","[3,5]","123.89129460952665","2","17.43458750793272","[""3687d4340d942c08"",""40e03fbd7bb53f06"",""e4fb592055a799c8""]","[""11:ar_to_en:??????"",""11:en_to_ar:?طر"",""9:en_to_ar:رط?""]","[2,7,17,20,24,27]","[""ar_to_en:6"",""en_to_ar:3""]","143.32588211745937","review","approved","approved","Selected general vocabulary. Approval requires at least one approved MSA relationship; an unsuitable translation alone does not reject the headword.","1","2","{""approved"":1}","{""approved"":2}","{""msa"":2}","2","2","1","1","0","0","1","2","0","0","0"
"3583","ACQUISITION","الاقتناء","11","[6,8]","128.65842736879813","2","12.63309714925922","[""b00976c23660af11"",""a7edb1eb4bc5d085"",""2ca11696f973480a"",""f95bc4ee99f79343"",""384f45173a84cb59"",""98b6c0a129fbff53"",""99e5abea8c25a073"",""b0f48d44b3b18653"",""bc0941e35f14689e""]","[""11:ar_to_en:??Q????????""]","[1,2,3,4,5,7,8,9,13,15,17,18,19,23,25,27,28,29,30]","[""ar_to_en:11""]","143.29152451805734","review","approved","approved","Selected general vocabulary. Approval requires at least one approved MSA relationship; an unsuitable translation alone does not reject the headword.","1","3","{""approved"":1}","{""approved"":3}","{""msa"":3}","3","3","1","1","0","0","2","3","0","0","0"
"7061","OOPS","أوبس","4","[3,4]","117.65809513298753","2","23.6323312532452","[""ed276ed061d287dd"",""030259d75200c5fb"",""34232ddd9d5061e4"",""17cb2de127aa6da8"",""a30ad10c3bed39a4"",""0965f4db0a40822b"",""3acb8cd8fb5a79f2"",""9f1ec71018e713d1"",""bcaedc8c526a6f8a"",""24a15584e9731dc4""]","[""13:ar_to_en:??P?"",""11:ar_to_en:????"",""13:ar_to_en:?P??"",""11:en_to_ar:?بو"",""11:en_to_ar:?بس"",""9:en_to_ar:وب?""]","[2,3,4,5,6,7,8,9,11,12,13,15,17,18,19,21,22,23,29,30]","[""ar_to_en:4"",""en_to_ar:3""]","143.29042638623272","review","review","review","Selected general vocabulary. Approval requires at least one approved MSA relationship; an unsuitable translation alone does not reject the headword.","1","3","{""review"":1}","{""review"":3}","{""uncertain"":2,""msa"":1}","0","0","0","0","0","0","0","3","0","0","0"
"1878","PROVIDER","مقدم الخدمة","8","[10]","141.2583806085611","2","0","[]","[]","[]","[]","143.2583806085611","review","approved","approved","Selected general vocabulary. Approval requires at least one approved MSA relationship; an unsuitable translation alone does not reject the headword.","1","1","{""approved"":1}","{""approved"":1}","{""msa"":1}","1","1","1","1","0","0","0","1","0","0","1"
"1879","OPTIONAL","اختياري","8","[7,8]","141.24774426398557","2","0","[]","[]","[]","[]","143.24774426398557","review","approved","approved","Selected general vocabulary. Approval requires at least one approved MSA relationship; an unsuitable translation alone does not reject the headword.","1","2","{""approved"":1}","{""approved"":2}","{""msa"":2}","2","2","1","1","0","0","1","2","0","0","0"
"1880","DICTIONARY","القاموس","10","[5,7]","141.23711340206185","2","0","[]","[]","[]","[]","143.23711340206185","review","approved","approved","Selected general vocabulary. Approval requires at least one approved MSA relationship; an unsuitable translation alone does not reject the headword.","1","2","{""approved"":1}","{""approved"":2}","{""msa"":2}","2","2","1","1","0","0","1","2","0","0","0"
"2443","REMAIN","ابقى","6","[4]","136.01170380373622","2","5.224338213496566","[""8120f4958ff28910"",""e251125e41f3a306""]","[""11:ar_to_en:??M???"",""11:ar_to_en:?I????""]","[4,5,18,19,29,30]","[""ar_to_en:6""]","143.2360420172328","review","review","review","Selected general vocabulary. Approval requires at least one approved MSA relationship; an unsuitable translation alone does not reject the headword.","1","1","{""review"":1}","{""review"":1}","{""msa"":1}","0","0","0","0","0","0","0","1","0","0","0"
"3934","GARAGE","مرآب","6","[4,6]","126.96326255476913","2","14.264662506490405","[""e9b74ddcb25d1c83""]","[""11:ar_to_en:??????""]","[20,24]","[""ar_to_en:6""]","143.22792506125953","review","approved","approved","Selected general vocabulary. Approval requires at least one approved MSA relationship; an unsuitable translation alone does not reject the headword.","1","2","{""approved"":1}","{""approved"":2}","{""msa"":2}","2","2","1","1","0","0","1","2","0","0","0"
"2781","ONTO","على","4","[3]","133.46580213344487","2","7.754887502163468","[""224ab4392f4f6371"",""907551c609dda72a"",""f3bb679d758695c2"",""655ac91e70017ad8"",""65542be385d99709"",""745fbbc0d4997047"",""dc83d93f4909f394"",""dce933cb0e8bdc0f""]","[""13:ar_to_en:????"",""11:ar_to_en:?T??"",""11:ar_to_en:????"",""11:ar_to_en:??T?"",""11:ar_to_en:??N?""]","[2,3,5,6,10,12,17,18,19,26,27,29,30]","[""ar_to_en:4""]","143.22068963560832","review","approved","approved","Selected general vocabulary. Approval requires at least one approved MSA relationship; an unsuitable translation alone does not reject the headword.","1","1","{""approved"":1}","{""approved"":1}","{""msa"":1}","1","1","1","1","0","0","0","1","0","0","0"
"1884","SECTIONS","الأبواب","8","[5,7]","141.1946446961895","2","0","[]","[]","[]","[]","143.1946446961895","review","approved","approved","Selected general vocabulary. Approval requires at least one approved MSA relationship; an unsuitable translation alone does not reject the headword.","1","3","{""approved"":1}","{""review"":2,""approved"":1}","{""msa"":3}","1","1","1","1","0","0","0","3","0","0","0"
"4230","LIFT","مصعد","4","[3,4]","125.68218298555377","2","15.509775004326936","[""156d87554de58daa"",""c216ac72e1947ff2"",""74cbecae42f1ad29"",""e0f9a3120dadaaf9"",""248d76fc198ca019"",""7d68339f57b3b0d7""]","[""11:ar_to_en:??F?"",""11:ar_to_en:?F??"",""13:ar_to_en:??F?"",""11:en_to_ar:?فع"",""9:en_to_ar:مص??"",""9:en_to_ar:??صم""]","[1,2,4,7,8,10,11,16,17,28,30]","[""ar_to_en:4"",""en_to_ar:3"",""en_to_ar:4""]","143.1919579898807","review","approved","approved","Selected general vocabulary. Approval requires at least one approved MSA relationship; an unsuitable translation alone does not reject the headword.","1","3","{""approved"":1}","{""approved"":3}","{""msa"":3}","3","3","2","2","0","0","1","3","0","0","0"
"1888","PHASE","مرحلة","5","[5,7]","141.15226337448559","2","0","[]","[]","[]","[]","143.15226337448559","review","approved","approved","Selected general vocabulary. Approval requires at least one approved MSA relationship; an unsuitable translation alone does not reject the headword.","1","3","{""approved"":1}","{""approved"":3}","{""msa"":3}","3","3","1","1","0","0","2","3","0","0","0"
"2704","ACHIEVE","تحقيق","7","[5,6]","134.01360544217687","2","7.132331253245202","[""9bbb7d88a5de25f3""]","[""11:ar_to_en:???????""]","[2,7]","[""ar_to_en:7""]","143.14593669542208","review","approved","approved","Selected general vocabulary. Approval requires at least one approved MSA relationship; an unsuitable translation alone does not reject the headword.","1","2","{""approved"":1}","{""review"":1,""approved"":1}","{""msa"":2}","1","1","1","1","0","0","0","2","0","0","0"
"2249","MOUSE","ماوس","5","[3,4,5,6]","137.65591903977406","2","3.4828921423310435","[""d3f47934b7a50702""]","[""11:en_to_ar:?ار""]","[3,6,7,21]","[""en_to_ar:3""]","143.13881118210512","review","review","review","Selected general vocabulary. Approval requires at least one approved MSA relationship; an unsuitable translation alone does not reject the headword.","1","4","{""review"":1}","{""review"":4}","{""msa"":3,""uncertain"":1}","0","0","0","0","0","0","0","4","0","0","0"
"3059","ENFORCEMENT","الإنفاذ","11","[7]","131.62680371614942","2","9.509775004326936","[""835cd6c73c12ed1f"",""8db4344ed7beced7"",""4bc1ebfa671b1785"",""5675003e26eca39a"",""9e529ec4fdb675d4"",""a04814cb97c042cc"",""ff113010b44e42b2"",""6a506c16322cd7a7"",""f91c49baa629cef5"",""53809dcbbfaafbe4"",""e0da8a5caf70ed07"",""ffb5d7fb2df4fad1"",""28b49a354d5b66d2"",""75f205904eb71f75"",""c8dd1a470db98aa4"",""0adc6ae5f055fb96"",""48a60c87b6af24e7"",""4d503669a69dcd21"",""7373839088fabe64"",""82c12990d5ae7c26"",""bbc88ed12b15ea5f"",""c20f137912ad7c4b"",""c210e0bc9743c42f"",""e9a158c5adbd5e29"",""fd3828e9568fd059"",""e5037896c8037bc3""]","[""11:ar_to_en:??F????????"",""11:ar_to_en:????????E??"",""11:ar_to_en:??E????????"",""11:ar_to_en:???????????"",""11:ar_to_en:????????F??""]","[1,2,3,4,5,6,7,8,9,11,13,14,15,17,18,19,20,21,23,24,25,26,27,28,29,30]","[""ar_to_en:11""]","143.13657872047636","review","approved","approved","Selected general vocabulary. Approval requires at least one approved MSA relationship; an unsuitable translation alone does not reject the headword.","1","1","{""approved"":1}","{""approved"":1}","{""msa"":1}","1","1","1","1","0","0","0","1","0","0","0"
"2216","FUNNY","مضحك","5","[4,5]","137.95066413662238","2","3.169925001442312","[""224fd2453902a372""]","[""9:en_to_ar:مض???""]","[2,20]","[""en_to_ar:5""]","143.1205891380647","review","approved","approved","Selected general vocabulary. Approval requires at least one approved MSA relationship; an unsuitable translation alone does not reject the headword.","1","3","{""approved"":1}","{""approved"":3}","{""msa"":3}","3","3","1","1","0","0","2","3","0","0","0"
"5912","PIE","فطيرة","3","[5,7]","120.22244691607685","2","20.897352853986263","[""f66fa95e0b592ed6"",""91933b2e87305db0"",""45d5797c6bc3e872"",""58b1dacf3356d754"",""24cad1d7f88b9b6e"",""af76323602b40fb2"",""6764437f702b94c2"",""a5d17d928c091de2"",""f79b67f6425812ff""]","[""11:ar_to_en:PIE"",""11:ar_to_en:?I?"",""11:ar_to_en:???"",""13:ar_to_en:EI?"",""11:ar_to_en:??E"",""11:ar_to_en:?IP""]","[4,5,6,7,8,12,15,16,17,18,19,28,29,30]","[""ar_to_en:3""]","143.1197997700631","review","approved","approved","Selected general vocabulary. Approval requires at least one approved MSA relationship; an unsuitable translation alone does not reject the headword.","1","2","{""approved"":1}","{""approved"":2}","{""msa"":2}","2","2","1","1","0","0","1","2","0","0","0"
"2401","SPEAK","تحدث","5","[4]","136.35537377868667","2","4.754887502163468","[""c255ee23914cf8b3""]","[""11:ar_to_en:??E??""]","[21,27]","[""ar_to_en:5""]","143.11026128085012","review","approved","approved","Selected general vocabulary. Approval requires at least one approved MSA relationship; an unsuitable translation alone does not reject the headword.","1","1","{""approved"":1}","{""approved"":1}","{""msa"":1}","1","1","1","1","0","0","0","1","0","0","0"
"2985","LOSE","خسارة","4","[4,5]","132.09628886659982","2","9","[""e5bdb790cae92611"",""4d2a36687e00962b"",""3337ddf7c6e36a05"",""f5b6aaddfa6b2245"",""f5870314cb244ab2""]","[""11:ar_to_en:????"",""11:ar_to_en:??SE""]","[5,7,10,12,18,19,20,21,23,24,25,27,30]","[""ar_to_en:4""]","143.09628886659982","review","approved","approved","Selected general vocabulary. Approval requires at least one approved MSA relationship; an unsuitable translation alone does not reject the headword.","1","2","{""approved"":1}","{""approved"":1,""review"":1}","{""msa"":2}","1","1","1","1","0","0","0","2","0","0","0"
"6982","BAT","الخفاش","3","[4,6]","117.81340458695169","2","23.264662506490403","[""5dc299c70070de1f"",""4d198dd34a25eba2"",""9a87fe1144bacd5d""]","[""11:ar_to_en:??T"",""11:ar_to_en:TA?""]","[4,6,8,13,15,28,29]","[""ar_to_en:3""]","143.0780670934421","review","approved","approved","Selected general vocabulary. Approval requires at least one approved MSA relationship; an unsuitable translation alone does not reject the headword.","1","3","{""approved"":1}","{""approved"":3}","{""msa"":3}","3","3","2","2","0","0","1","3","0","3","0"
"2223","APPLICABLE","ينطبق","10","[5]","137.8877575183519","2","3.169925001442312","[""1635e552fc753395""]","[""11:en_to_ar:???بق""]","[13,14]","[""en_to_ar:5""]","143.0576825197942","review","review","review","Selected general vocabulary. Approval requires at least one approved MSA relationship; an unsuitable translation alone does not reject the headword.","1","1","{""review"":1}","{""review"":1}","{""msa"":1}","0","0","0","0","0","0","0","1","0","0","0"
"5262","ISRAELI","اسرائيلي","7","[8,9,10,11]","122.03249793445332","2","19.019550008653873","[""87e6f01401e29c38"",""d09c9f3b1f320833"",""6e40e385efcfb841""]","[""11:ar_to_en:???????"",""9:en_to_ar:??لي?????"",""9:en_to_ar:???????سا""]","[4,9,12,20,22,29]","[""ar_to_en:7"",""en_to_ar:9""]","143.0520479431072","review","review","review","Selected general vocabulary. Approval requires at least one approved MSA relationship; an unsuitable translation alone does not reject the headword.","1","4","{""review"":1}","{""review"":4}","{""msa"":4}","0","0","0","0","0","0","0","4","0","0","0"
"2721","REFER","إرجع","5","[4]","133.89112476170303","2","7.132331253245202","[""303a55db3c4b6b0c"",""75196e9df8c87e2a""]","[""11:ar_to_en:?EF??"",""11:ar_to_en:??F??""]","[2,17]","[""ar_to_en:5""]","143.02345601494824","review","review","review","Selected general vocabulary. Approval requires at least one approved MSA relationship; an unsuitable translation alone does not reject the headword.","1","1","{""review"":1}","{""review"":1}","{""msa"":1}","0","0","0","0","0","0","0","1","0","0","0"
"3980","GANG","عصابة","4","[5,7]","126.75585284280936","2","14.264662506490405","[""def279fe81cb28b6"",""b7b6ffec2c7430f4""]","[""13:ar_to_en:????"",""11:en_to_ar:???صع""]","[13,14,23,27]","[""ar_to_en:4"",""en_to_ar:5""]","143.02051534929976","review","approved","approved","Selected general vocabulary. Approval requires at least one approved MSA relationship; an unsuitable translation alone does not reject the headword.","1","2","{""approved"":1}","{""approved"":2}","{""msa"":2}","2","2","1","1","0","0","1","2","0","0","0"
"2412","SPEECH","كلمة","6","[4,6]","136.26473254759748","2","4.754887502163468","[""3fbc56eb61da8e4f"",""9e02ecaf8cc68c4d""]","[""11:ar_to_en:??????"",""11:ar_to_en:??E???""]","[2,7,23]","[""ar_to_en:6""]","143.01962004976093","review","approved","approved","Selected general vocabulary. Approval requires at least one approved MSA relationship; an unsuitable translation alone does not reject the headword.","1","6","{""approved"":1}","{""approved"":6}","{""msa"":6}","6","6","1","1","0","0","5","6","0","0","0"
"3078","CHANNELS","القنوات","8","[5,7]","131.50846790074831","2","9.509775004326936","[""4bd1ddb395c02ffe""]","[""11:en_to_ar:???نق""]","[8,13]","[""en_to_ar:5""]","143.01824290507525","review","approved","approved","Selected general vocabulary. Approval requires at least one approved MSA relationship; an unsuitable translation alone does not reject the headword.","1","2","{""approved"":1}","{""approved"":2}","{""msa"":2}","2","2","1","1","0","0","1","2","0","0","0"
"3082","BLUES","البلوز","5","[6]","131.48366784730422","2","9.509775004326936","[""3460180ffa027cd2""]","[""9:en_to_ar:زو????""]","[4,13]","[""en_to_ar:6""]","142.99344285163116","review","review","review","Selected general vocabulary. Approval requires at least one approved MSA relationship; an unsuitable translation alone does not reject the headword.","1","1","{""review"":1}","{""review"":1}","{""uncertain"":1}","0","0","0","0","0","0","0","1","0","0","0"
"7612","FUR","فرو","3","[3,4,5,6]","116.64585934248856","2","24.339850002884624","[""0fb8c659f67926db"",""e2c25f11112d0146"",""9993f2991faa82c9"",""346f33c89725abb9"",""b9f2bdd3bb5981b6"",""fbbde8b85a83b9b8""]","[""11:ar_to_en:??R"",""11:ar_to_en:???"",""11:ar_to_en:R??"",""11:ar_to_en:F??"",""11:en_to_ar:و?ف"",""11:en_to_ar:ور???""]","[3,5,13,15,18,19,22,26,27,28,30]","[""ar_to_en:3"",""en_to_ar:3"",""en_to_ar:5""]","142.98570934537318","review","approved","approved","Selected general vocabulary. Approval requires at least one approved MSA relationship; an unsuitable translation alone does not reject the headword.","1","4","{""approved"":1}","{""approved"":4}","{""msa"":4}","4","4","1","1","0","0","3","4","0","0","0"
"1904","COUNT","العد","5","[4,5,6]","140.98360655737704","2","0","[]","[]","[]","[]","142.98360655737704","review","approved","approved","Selected general vocabulary. Approval requires at least one approved MSA relationship; an unsuitable translation alone does not reject the headword.","1","4","{""approved"":1}","{""approved"":4}","{""msa"":4}","4","4","2","2","0","0","2","4","0","2","0"
"2417","SHARED","مشترك","6","[5,8]","136.22368123160516","2","4.754887502163468","[""2da149de7daaf820"",""eaa8ecd7c71300c0""]","[""11:ar_to_en:??????"",""11:ar_to_en:?H????""]","[4,29]","[""ar_to_en:6""]","142.9785687337686","review","approved","approved","Selected general vocabulary. Approval requires at least one approved MSA relationship; an unsuitable translation alone does not reject the headword.","1","3","{""approved"":1}","{""approved"":3}","{""msa"":3}","3","3","1","1","0","0","2","3","0","0","0"
"5972","EXCEPTIONAL","استثنائية","11","[9]","120.07024586051179","2","20.897352853986263","[""1972d2e745f2c385"",""c6689fc4a956a4b4"",""1b5f5bb975410825"",""9bfad4c26a726fe9"",""bed0d5b2cb59a4c5"",""1aa2a7736f761db1"",""c74c43df05514253"",""453d4a92b9cbdd42"",""7348e6ee165f8f2b"",""786a6abaa7bbf983"",""9cd9b831ca4135ea"",""1862ba6f5db736c8"",""2d1f792f228bff98"",""879b253fb4ef976e""]","[""11:ar_to_en:??C????????"",""11:ar_to_en:????????C??"",""11:ar_to_en:???????????""]","[2,4,5,6,7,8,9,13,15,17,18,19,20,21,23,24,25,26,28,29,30]","[""ar_to_en:11""]","142.96759871449805","review","approved","approved","Selected general vocabulary. Approval requires at least one approved MSA relationship; an unsuitable translation alone does not reject the headword.","1","1","{""approved"":1}","{""approved"":1}","{""msa"":1}","1","1","1","1","0","0","0","1","0","0","0"
"1906","TECHNIQUES","تقنيات","10","[6,8]","140.9626216077829","2","0","[]","[]","[]","[]","142.9626216077829","review","approved","approved","Selected general vocabulary. Approval requires at least one approved MSA relationship; an unsuitable translation alone does not reject the headword.","1","2","{""approved"":1}","{""approved"":2}","{""msa"":2}","2","2","1","1","0","0","1","2","0","0","0"
"1910","WEBSITES","مواقع الويب","8","[10]","140.92071611253198","2","0","[]","[]","[]","[]","142.92071611253198","review","approved","approved","Selected general vocabulary. Approval requires at least one approved MSA relationship; an unsuitable translation alone does not reject the headword.","1","1","{""approved"":1}","{""approved"":1}","{""msa"":1}","1","1","1","1","0","0","0","1","0","0","1"
"2483","BETA","بيتا","4","[4]","135.69038590229758","2","5.224338213496566","[""20885eec280492cd"",""65542be385d99709"",""65a7fbbf04e7bd8d"",""a0aedf9b1e9ad14e""]","[""11:ar_to_en:?TE?"",""11:ar_to_en:??T?"",""11:ar_to_en:????""]","[6,7,13,15,16,17,18,19,23,28,30]","[""ar_to_en:4""]","142.91472411579414","review","review","review","Selected general vocabulary. Approval requires at least one approved MSA relationship; an unsuitable translation alone does not reject the headword.","1","1","{""review"":1}","{""review"":1}","{""uncertain"":1}","0","0","0","0","0","0","0","1","0","0","0"
"1911","RELIGION","الدين","8","[5,7]","140.91025313219126","2","0","[]","[]","[]","[]","142.91025313219126","review","approved","approved","Selected general vocabulary. Approval requires at least one approved MSA relationship; an unsuitable translation alone does not reject the headword.","1","3","{""approved"":1}","{""approved"":3}","{""msa"":3}","3","3","1","1","0","0","2","3","0","0","0"
"2427","CENT","سنت","4","[3]","136.1418567878925","2","4.754887502163468","[""f74c58a423e59b40""]","[""11:en_to_ar:?نس""]","[4,8]","[""en_to_ar:3""]","142.89674429005595","review","approved","approved","Selected general vocabulary. Approval requires at least one approved MSA relationship; an unsuitable translation alone does not reject the headword.","1","1","{""approved"":1}","{""approved"":1}","{""msa"":1}","1","1","1","1","0","0","0","1","0","0","0"
"2928","OCCUR","تحدث","5","[4]","132.46753246753246","2","8.422064766172813","[""a1ec2e95c59524d2"",""4e887384c8c961cb"",""23923a6a2f321839"",""7f0d84cbb415932b""]","[""13:ar_to_en:??C??"",""11:ar_to_en:??C??"",""11:ar_to_en:?????"",""13:ar_to_en:R????""]","[2,3,7,10,11,12,13,17,22,23,25,27]","[""ar_to_en:5""]","142.88959723370527","review","approved","approved","Selected general vocabulary. Approval requires at least one approved MSA relationship; an unsuitable translation alone does not reject the headword.","1","1","{""approved"":1}","{""approved"":1}","{""msa"":1}","1","1","1","1","0","0","0","1","0","0","0"
"4603","CHRONIC","مزمن","7","[4,5,6,7]","124.23140996516734","2","16.642106257572138","[""681a5ca4c4ec29ed"",""0a32b8116a9c3c36"",""662fa42d54ecc823""]","[""11:ar_to_en:???????"",""9:en_to_ar:??من"",""11:en_to_ar:??من""]","[4,13,21,29,30]","[""ar_to_en:7"",""en_to_ar:4""]","142.87351622273948","review","approved","approved","Selected general vocabulary. Approval requires at least one approved MSA relationship; an unsuitable translation alone does not reject the headword.","1","4","{""approved"":1}","{""approved"":4}","{""msa"":4}","4","4","1","1","0","0","3","4","0","0","0"
"1916","PATCH","التصحيح","5","[4,6,7]","140.85801838610828","2","0","[]","[]","[]","[]","142.85801838610828","review","approved","approved","Selected general vocabulary. Approval requires at least one approved MSA relationship; an unsuitable translation alone does not reject the headword.","1","4","{""approved"":1}","{""approved"":2,""review"":2}","{""msa"":3,""uncertain"":1}","2","2","1","1","0","0","1","4","0","0","0"
"2433","NULL","لا شيء","4","[4,5]","136.09293931874578","2","4.754887502163468","[""8b6c1bc938f5b55b"",""1d77bceebdbcaf11"",""b958a9bb07a8a8b2""]","[""9:en_to_ar:لط??"",""11:en_to_ar:ب??ل"",""11:en_to_ar:ل??ب""]","[8,10,21,26,27]","[""en_to_ar:4""]","142.84782682090923","review","approved","approved","Selected general vocabulary. Approval requires at least one approved MSA relationship; an unsuitable translation alone does not reject the headword.","1","2","{""approved"":1}","{""approved"":1,""review"":1}","{""msa"":2}","1","1","1","1","0","0","0","2","0","0","1"
"2748","MOSTLY","في الغالب","6","[5,8]","133.69839932603202","2","7.132331253245202","[""e79032ab829fddd4""]","[""11:ar_to_en:??T???""]","[4,29]","[""ar_to_en:6""]","142.83073057927723","review","approved","approved","Selected general vocabulary. Approval requires at least one approved MSA relationship; an unsuitable translation alone does not reject the headword.","1","2","{""approved"":1}","{""approved"":2}","{""msa"":2}","2","2","1","1","0","0","1","2","0","0","1"
"1922","MISS","ملكة جمال","4","[5,8]","140.7955124936257","2","0","[]","[]","[]","[]","142.7955124936257","review","review","review","Selected general vocabulary. Approval requires at least one approved MSA relationship; an unsuitable translation alone does not reject the headword.","1","2","{""review"":1}","{""review"":2}","{""msa"":2}","0","0","0","0","0","0","0","2","0","0","1"
"1923","CHEMICAL","الكيميائية","8","[7,8,10]","140.78511343359673","2","0","[]","[]","[]","[]","142.78511343359673","review","approved","approved","Selected general vocabulary. Approval requires at least one approved MSA relationship; an unsuitable translation alone does not reject the headword.","1","3","{""approved"":1}","{""approved"":3}","{""msa"":3}","3","3","1","1","0","0","2","3","0","0","0"
"1924","DOCTOR","طبيب","6","[4,5,6,7]","140.77471967380225","2","0","[]","[]","[]","[]","142.77471967380225","review","approved","approved","Selected general vocabulary. Approval requires at least one approved MSA relationship; an unsuitable translation alone does not reject the headword.","1","5","{""approved"":1}","{""approved"":5}","{""msa"":5}","5","5","1","1","0","0","4","5","0","0","0"
"2355","SIGNS","علامات","5","[6,8]","136.7393800229621","2","4","[""aeab1d593ced723d"",""53e8acdca3ea6ade""]","[""9:en_to_ar:عل????"",""9:en_to_ar:????لع""]","[8,12,13,28]","[""en_to_ar:6""]","142.7393800229621","review","approved","approved","Selected general vocabulary. Approval requires at least one approved MSA relationship; an unsuitable translation alone does not reject the headword.","1","2","{""approved"":1}","{""approved"":2}","{""msa"":2}","2","2","1","1","0","0","1","2","0","0","0"
"6056","CALCIUM","الكالسيوم","7","[7,9]","119.8609731876862","2","20.853138640658543","[""13eb68c0ac21223f"",""9fc6fa9d951d4a3b"",""e5d7ac77d1870565"",""2d9967eeb96c7257""]","[""11:ar_to_en:???????"",""9:en_to_ar:???????و?"",""9:en_to_ar:?و???????"",""11:en_to_ar:????ل?ك""]","[2,7,8,9,11,13,15,19,28,30]","[""ar_to_en:7"",""en_to_ar:9"",""en_to_ar:7""]","142.71411182834476","review","approved","approved","Selected general vocabulary. Approval requires at least one approved MSA relationship; an unsuitable translation alone does not reject the headword.","1","2","{""approved"":1}","{""approved"":2}","{""msa"":2}","2","2","1","1","0","0","1","2","0","0","0"
"1932","EXERCISE","تمرين","8","[5,7]","140.69175991861647","2","0","[]","[]","[]","[]","142.69175991861647","review","approved","approved","Selected general vocabulary. Approval requires at least one approved MSA relationship; an unsuitable translation alone does not reject the headword.","1","2","{""approved"":1}","{""approved"":2}","{""msa"":2}","2","2","1","1","0","0","1","2","0","0","0"
"3132","COMMITMENT","الالتزام","10","[6,8]","131.17692907248636","2","9.509775004326936","[""5b288f3d2ceb1a4d""]","[""11:en_to_ar:???لت???""]","[13,25]","[""en_to_ar:8""]","142.6867040768133","review","approved","approved","Selected general vocabulary. Approval requires at least one approved MSA relationship; an unsuitable translation alone does not reject the headword.","1","2","{""approved"":1}","{""approved"":2}","{""msa"":2}","2","2","1","1","0","0","1","2","0","0","0"
"5279","SHELF","الرف","5","[2,3,4,5]","121.98104135183405","2","18.68645607148764","[""9dd7fd7b82f7229a"",""6700c2e12ebad836"",""4a40e804c7bf4908"",""1e40813655b13717"",""ed34225aae50910c"",""850c1f3d0beb65a9"",""ef262c34d8e96bf7"",""3d4581c668a32ad2"",""b737a6b4b46c1413"",""318ca54e806cc176"",""8c7fefa658ebfd1a""]","[""11:ar_to_en:??E??"",""11:en_to_ar:?ف"",""11:en_to_ar:ف?"",""9:en_to_ar:?ف"",""9:en_to_ar:ف?"",""9:en_to_ar:رف"",""11:en_to_ar:رف"",""9:en_to_ar:فر"",""11:en_to_ar:فر"",""13:en_to_ar:ف?"",""13:en_to_ar:?ر""]","[1,2,3,4,5,6,7,8,9,10,11,12,13,14,15,16,17,18,19,20,21,22,24,25,26,27,28,29,30]","[""ar_to_en:5"",""en_to_ar:2""]","142.6674974233217","review","approved","approved","Selected general vocabulary. Approval requires at least one approved MSA relationship; an unsuitable translation alone does not reject the headword.","1","4","{""approved"":1}","{""approved"":2,""review"":2}","{""msa"":4}","2","2","1","1","0","0","1","4","0","0","0"
"4839","SYMBOLS","الرموز","7","[4,6]","123.39523322123117","2","17.264662506490403","[""52a414cf9b55cd29"",""2c9a332e30875a6d"",""3460180ffa027cd2""]","[""11:en_to_ar:??مر"",""9:en_to_ar:رم??"",""9:en_to_ar:زو????""]","[3,4,5,8,13,17,18,19,25]","[""en_to_ar:4"",""en_to_ar:6""]","142.65989572772156","review","approved","approved","Selected general vocabulary. Approval requires at least one approved MSA relationship; an unsuitable translation alone does not reject the headword.","1","2","{""approved"":1}","{""approved"":2}","{""msa"":2}","2","2","1","1","0","0","1","2","0","0","0"
"3090","COTTON","القطن","6","[3,5]","131.43418467583496","2","9.224338213496566","[""60f98ec1223e9dd4"",""0d29f58ad12ad7e7"",""270d6e6ceda4bb29"",""63b6b39b4f7d76c7""]","[""11:ar_to_en:??????"",""11:en_to_ar:?طق"",""9:en_to_ar:قط?""]","[4,5,6,7,17,18,19,23,25,30]","[""ar_to_en:6"",""en_to_ar:3""]","142.65852288933152","review","approved","approved","Selected general vocabulary. Approval requires at least one approved MSA relationship; an unsuitable translation alone does not reject the headword.","1","2","{""approved"":1}","{""approved"":2}","{""msa"":2}","2","2","1","1","0","0","1","2","0","0","0"
"1944","MEETINGS","الاجتماعات","8","[7,8,10]","140.56795131845843","2","0","[]","[]","[]","[]","142.56795131845843","review","approved","approved","Selected general vocabulary. Approval requires at least one approved MSA relationship; an unsuitable translation alone does not reject the headword.","1","4","{""approved"":1}","{""approved"":4}","{""msa"":4}","4","4","1","1","0","0","3","4","0","0","0"
"1951","CONGRESS","الكونغرس","8","[6,7,8]","140.49607694254618","2","0","[]","[]","[]","[]","142.49607694254618","review","approved","approved","Selected general vocabulary. Approval requires at least one approved MSA relationship; an unsuitable translation alone does not reject the headword.","1","4","{""approved"":1}","{""review"":3,""approved"":1}","{""uncertain"":3,""msa"":1}","1","1","1","1","0","0","0","4","0","0","0"
"2477","PROPOSAL","مقترح","8","[5,6,7,8]","135.73821755639938","2","4.754887502163468","[""4d4630bae52950bb""]","[""11:en_to_ar:???????ح""]","[9,21]","[""en_to_ar:8""]","142.49310505856283","review","approved","approved","Selected general vocabulary. Approval requires at least one approved MSA relationship; an unsuitable translation alone does not reject the headword.","1","4","{""approved"":1}","{""approved"":4}","{""msa"":4}","4","4","1","1","0","0","3","4","0","0","0"
"2334","VICE","نائب","4","[4]","136.9173973234887","2","3.566165626622601","[""8dd7b9ced08373e1""]","[""13:ar_to_en:??C?""]","[7,19]","[""ar_to_en:4""]","142.4835629501113","review","review","review","Selected general vocabulary. Approval requires at least one approved MSA relationship; an unsuitable translation alone does not reject the headword.","1","1","{""review"":1}","{""review"":1}","{""msa"":1}","0","0","0","0","0","0","0","1","0","0","0"
"1953","USERNAME","اسم المستخدم","8","[11]","140.47558816089045","2","0","[]","[]","[]","[]","142.47558816089045","review","approved","approved","Selected general vocabulary. Approval requires at least one approved MSA relationship; an unsuitable translation alone does not reject the headword.","1","1","{""approved"":1}","{""approved"":1}","{""msa"":1}","1","1","1","1","0","0","0","1","0","0","1"
"1956","PRODUCED","منتجة","8","[4,5]","140.4448938321537","2","0","[]","[]","[]","[]","142.4448938321537","review","review","review","Selected general vocabulary. Approval requires at least one approved MSA relationship; an unsuitable translation alone does not reject the headword.","1","2","{""review"":1}","{""review"":2}","{""msa"":2}","0","0","0","0","0","0","0","2","0","0","0"
"5140","LICENCE","الترخيص","7","[4,6,7]","122.40896358543418","2","18","[""b360b23aae38d59b"",""89ee4b6c4a6e79a9"",""9001fc500fa204b9"",""4c3a7d123cb770b3"",""b08ae367d697a557"",""f024d5c4a1150b4d"",""155c9a79f0e6e985"",""af9e9ea7e3eb190c"",""ebc22170f6f3c125"",""f29548552c43db87"",""78bdd33bc27643b6"",""7e5cf938928b4df5"",""855db7ac6f66b423"",""d2260265df873872"",""d744f640db7a39fc"",""ffcbfe756ca9fee6"",""266441b420e769b4"",""2ceeda37be4f6732""]","[""11:ar_to_en:???????"",""11:ar_to_en:??N????""]","[2,4,6,7,8,13,15,23,28,29]","[""ar_to_en:7""]","142.40896358543418","review","approved","approved","Selected general vocabulary. Approval requires at least one approved MSA relationship; an unsuitable translation alone does not reject the headword.","1","3","{""approved"":1}","{""approved"":3}","{""msa"":3}","3","3","1","1","0","0","2","3","0","0","0"
"3396","YOURS","لكِ","5","[2,4]","129.6515937731653","2","10.754887502163468","[""9a909a90836b3618"",""fc4ea4964459f785"",""fef226d3e6c0eca5"",""c401ce603564f061"",""31222002dc5873f6"",""5a9b72051a1d0efb"",""fd02d32fa2f47e14"",""8e80691b407bfa0e"",""805f07704a0ed499"",""17be92700aad37bc"",""381abe112c39c1c6"",""1e65d47ff9c27054"",""81e3916673e405d9"",""16981021cb1ff13e"",""49eb7a3ebb323da9"",""706f216efce77403"",""72c5c67fffc2c8dc"",""a5d6385862f85072"",""dc733ad6ca5900bc"",""e6970da37f028d30"",""4eadcfbbc9b9e18f"",""d4609b0c6795fd44"",""eab6eab7798d81f8""]","[""11:en_to_ar:?ك"",""11:en_to_ar:ك?"",""9:en_to_ar:?ك"",""9:en_to_ar:ك?"",""13:en_to_ar:لك"",""13:en_to_ar:كل"",""9:en_to_ar:كل"",""9:en_to_ar:لك"",""11:en_to_ar:كل"",""11:en_to_ar:لك"",""13:en_to_ar:?ك"",""13:en_to_ar:ل?"",""13:en_to_ar:?ل"",""13:en_to_ar:??"",""13:en_to_ar:ك?""]","[1,2,3,4,5,6,7,8,9,10,11,12,13,14,15,16,17,18,19,20,21,22,23,24,25,26,27,28,29,30]","[""en_to_ar:2""]","142.40648127532876","review","approved","approved","Selected general vocabulary. Approval requires at least one approved MSA relationship; an unsuitable translation alone does not reject the headword.","1","2","{""approved"":1}","{""approved"":2}","{""msa"":2}","2","2","1","1","0","0","1","2","0","0","0"
"2278","FLAG","العلم","4","[3,5]","137.40065451145395","2","3","[""4ceb3ff417ba6ffd"",""8042c27a313688db""]","[""11:en_to_ar:?لع"",""11:en_to_ar:عل?""]","[7,8,14,16,18,26]","[""en_to_ar:3""]","142.40065451145395","review","approved","approved","Selected general vocabulary. Approval requires at least one approved MSA relationship; an unsuitable translation alone does not reject the headword.","1","2","{""approved"":1}","{""approved"":2}","{""msa"":2}","2","2","1","1","0","0","1","2","0","0","0"
"3387","MUSCLE","عضلة","6","[4,5,6,7]","129.70113235567106","2","10.698496879867804","[""f49496b05a95bca0"",""34a1fc51d8dcca0b"",""75d818bbd0e8e33b""]","[""11:ar_to_en:??????"",""9:en_to_ar:عض???"",""9:en_to_ar:?لض???""]","[1,2,7,8,23,30]","[""ar_to_en:6"",""en_to_ar:5"",""en_to_ar:6""]","142.39962923553887","review","approved","approved","Selected general vocabulary. Approval requires at least one approved MSA relationship; an unsuitable translation alone does not reject the headword.","1","4","{""approved"":1}","{""review"":2,""approved"":2}","{""msa"":4}","2","2","1","1","0","0","1","4","0","0","0"
"7624","ENSURES","يضمن","7","[4]","116.62510390689943","2","23.774437510817343","[""b0d781ae1f5b4b05"",""25fe21ef7c37f4fc"",""fce68cf70902b51b"",""0a32b8116a9c3c36"",""662fa42d54ecc823""]","[""11:ar_to_en:E??????"",""11:ar_to_en:??R????"",""9:en_to_ar:??من"",""11:en_to_ar:??من""]","[4,7,13,21,23,29,30]","[""ar_to_en:7"",""en_to_ar:4""]","142.39954141771676","review","approved","approved","Selected general vocabulary. Approval requires at least one approved MSA relationship; an unsuitable translation alone does not reject the headword.","1","2","{""approved"":1}","{""approved"":2}","{""msa"":2}","2","2","1","1","0","0","1","2","0","0","0"
"4123","LETS","يتيح","4","[4]","126.13098154499428","2","14.264662506490405","[""20885eec280492cd"",""8a780b4157207ca7""]","[""11:ar_to_en:?TE?"",""11:ar_to_en:??EL""]","[2,6,13,15,17,28]","[""ar_to_en:4""]","142.39564405148468","review","approved","approved","Selected general vocabulary. Approval requires at least one approved MSA relationship; an unsuitable translation alone does not reject the headword.","1","1","{""approved"":1}","{""approved"":1}","{""msa"":1}","1","1","1","1","0","0","0","1","0","0","0"
"2491","SLIGHTLY","قليلاً","8","[5]","135.62680917390338","2","4.754887502163468","[""7c7dfd8d1050b87e"",""b348aee1b50e36b4""]","[""9:en_to_ar:???لق"",""9:en_to_ar:قل???""]","[2,17,19,22]","[""en_to_ar:5""]","142.38169667606684","review","approved","approved","Selected general vocabulary. Approval requires at least one approved MSA relationship; an unsuitable translation alone does not reject the headword.","1","1","{""approved"":1}","{""approved"":1}","{""msa"":1}","1","1","1","1","0","0","0","1","0","0","0"
"2492","ASSIST","المساعدة","6","[8]","135.61887800534282","2","4.754887502163468","[""df648cb5969a41c1"",""e442324f356720d4""]","[""11:ar_to_en:?S????""]","[3,4,27,29]","[""ar_to_en:6""]","142.37376550750628","review","approved","approved","Selected general vocabulary. Approval requires at least one approved MSA relationship; an unsuitable translation alone does not reject the headword.","1","1","{""approved"":1}","{""approved"":1}","{""msa"":1}","1","1","1","1","0","0","0","1","0","0","0"
"1963","SAINT","القديس","5","[4,6]","140.3734544536967","2","0","[]","[]","[]","[]","142.3734544536967","review","approved","approved","Selected general vocabulary. Approval requires at least one approved MSA relationship; an unsuitable translation alone does not reject the headword.","1","3","{""approved"":1}","{""review"":1,""approved"":2}","{""uncertain"":1,""msa"":2}","2","2","1","1","0","0","1","3","0","0","0"
"2493","CONDUCT","التصرف","7","[6]","135.61095036723793","2","4.754887502163468","[""78ae38ce0491406c"",""a9ed15d249da97f9""]","[""11:ar_to_en:???????""]","[4,6,8,29]","[""ar_to_en:7""]","142.3658378694014","review","approved","approved","Selected general vocabulary. Approval requires at least one approved MSA relationship; an unsuitable translation alone does not reject the headword.","1","2","{""approved"":1}","{""approved"":2}","{""msa"":2}","2","2","1","1","0","0","1","2","0","0","0"
"5499","EXAMINED","فحصها","8","[5]","121.33617815708762","2","19.019550008653873","[""23e171cb8eb896c0"",""ed995368ba947672""]","[""13:ar_to_en:????????"",""11:en_to_ar:اه???""]","[4,11,17,18]","[""ar_to_en:8"",""en_to_ar:5""]","142.35572816574148","review","review","review","Selected general vocabulary. Approval requires at least one approved MSA relationship; an unsuitable translation alone does not reject the headword.","1","1","{""review"":1}","{""review"":1}","{""msa"":1}","0","0","0","0","0","0","0","1","0","0","0"
"1966","ARGUMENT","حجة","8","[3,5]","140.34291477559253","2","0","[]","[]","[]","[]","142.34291477559253","review","approved","approved","Selected general vocabulary. Approval requires at least one approved MSA relationship; an unsuitable translation alone does not reject the headword.","1","2","{""approved"":1}","{""approved"":2}","{""msa"":2}","2","2","1","1","0","0","1","2","0","0","0"
"2818","STRESS","الإجهاد","6","[5,6,7]","133.208800332088","2","7.132331253245202","[""04d975160d6ca42d"",""839b643c7ff43ccc"",""6b55025fa5771ea5"",""c9ee176036239ede"",""f6c3714f7700f605"",""90b6504aba159a8a"",""1cff68c72b641efd"",""8ee0d4a2c8d8a322"",""9e02ecaf8cc68c4d"",""c0c12057ceea296b""]","[""11:ar_to_en:?TR???"",""11:ar_to_en:??E???"",""11:ar_to_en:??R???"",""11:ar_to_en:??????"",""11:ar_to_en:?SE???""]","[2,3,5,6,7,8,12,13,15,17,18,19,20,23,24,27,28,30]","[""ar_to_en:6""]","142.34113158533322","review","approved","approved","Selected general vocabulary. Approval requires at least one approved MSA relationship; an unsuitable translation alone does not reject the headword.","1","4","{""approved"":1}","{""review"":2,""approved"":2}","{""msa"":4}","2","2","1","1","0","0","1","4","0","0","0"
"2305","SERVED","خدم","6","[3,4]","137.16608594657376","2","3.169925001442312","[""a12150c7fe2ccbbc"",""b2cc2a82163a6b3b""]","[""11:en_to_ar:خ?م"",""11:en_to_ar:?دم""]","[4,27,28]","[""en_to_ar:3""]","142.33601094801608","review","approved","approved","Selected general vocabulary. Approval requires at least one approved MSA relationship; an unsuitable translation alone does not reject the headword.","1","2","{""approved"":1}","{""approved"":2}","{""msa"":2}","2","2","1","1","0","0","1","2","0","0","0"
"4143","TREND","الاتجاه","5","[5,7]","126.0459059091649","2","14.264662506490405","[""c91f2f76919a5634"",""af4479f948911edb"",""0970ec393d36586c"",""23923a6a2f321839"",""67b4549110a6872a""]","[""11:ar_to_en:??E??"",""11:ar_to_en:?????""]","[2,3,7,12,16,17]","[""ar_to_en:5""]","142.3105684156553","review","approved","approved","Selected general vocabulary. Approval requires at least one approved MSA relationship; an unsuitable translation alone does not reject the headword.","1","2","{""approved"":1}","{""approved"":2}","{""msa"":2}","2","2","1","1","0","0","1","2","0","0","0"
"4147","DESERT","الصحراء","6","[5,7]","126.02895721490158","2","14.264662506490405","[""a5e82750642587ad"",""07207ba1037998f7"",""7b0dcf480f7c4459"",""ed3534db4035b133"",""c9ee176036239ede"",""421758eb4d3686c0"",""8ee0d4a2c8d8a322""]","[""11:ar_to_en:??S???"",""11:ar_to_en:?ES???"",""11:ar_to_en:??E???"",""11:ar_to_en:??????""]","[4,6,7,8,9,15,20,23,24,28,29]","[""ar_to_en:6""]","142.293619721392","review","approved","approved","Selected general vocabulary. Approval requires at least one approved MSA relationship; an unsuitable translation alone does not reject the headword.","1","2","{""approved"":1}","{""approved"":2}","{""msa"":2}","2","2","1","1","0","0","1","2","0","0","0"
"2825","BOXES","صناديق","5","[6,8]","133.16062176165804","2","7.132331253245202","[""c88327e3eaded70b""]","[""13:ar_to_en:??X??""]","[4,16]","[""ar_to_en:5""]","142.29295301490325","review","approved","approved","Selected general vocabulary. Approval requires at least one approved MSA relationship; an unsuitable translation alone does not reject the headword.","1","2","{""approved"":1}","{""approved"":2}","{""msa"":2}","2","2","1","1","0","0","1","2","0","0","0"
