"headwordIndex","translationIndex","english","original","status","register","confidence","reasonCode","reason","reviewer","replacement","applied","sourceId","beforeStatus","beforeRegister","finalArabic","beforeGrid","afterGrid","referenceArabic","referenceConflict","referenceConflictReason"
"2","0","AND","وال","review","uncertain","medium","needs-linguistic-confirmation","AND → وال: The remaining form needs confirmation of spelling, inflection, added context or lexical sense; plausibility/reference agreement alone is insufficient.","AI-assisted linguistic review","","false","stage3a:h2:t0","review","uncertain","وال","وال","وال","و","false",""
"4","0","A","أداة تنكير","review","msa","medium","needs-linguistic-confirmation","A → أداة تنكير: Arabic has no direct indefinite article; this is a grammatical explanation rather than a standalone equivalent.","AI-assisted linguistic review","","false","stage3a:h4:t0","review","uncertain","أداة تنكير","أداةتنكير","أداةتنكير","أداة تنكير","true","Reference supports a relationship not certified by this review; reference is not authoritative."
"6","0","FOR","لاجل","review","uncertain","medium","needs-linguistic-confirmation","FOR → لاجل: The remaining form needs confirmation of spelling, inflection, added context or lexical sense; plausibility/reference agreement alone is insufficient.","AI-assisted linguistic review","","false","stage3a:h6:t0","review","uncertain","لاجل","لاجل","لاجل","من أجل","false",""
"9","0","THAT","هذا","review","uncertain","medium","needs-linguistic-confirmation","THAT → هذا: The remaining form needs confirmation of spelling, inflection, added context or lexical sense; plausibility/reference agreement alone is insufficient.","AI-assisted linguistic review","","false","stage3a:h9:t0","review","uncertain","هذا","هذا","هذا","هذا","true","Reference supports a relationship not certified by this review; reference is not authoritative."
"14","0","YOU","انت","review","uncertain","medium","needs-linguistic-confirmation","YOU → انت: The remaining form needs confirmation of spelling, inflection, added context or lexical sense; plausibility/reference agreement alone is insufficient.","AI-assisted linguistic review","","false","stage3a:h14:t0","review","uncertain","انت","انت","انت","أنت.","false",""
"21","0","AS","حسب","review","uncertain","medium","needs-linguistic-confirmation","AS → حسب: According to is context-specific; cannot certify it as a general standalone equivalent.","AI-assisted linguistic review","","false","stage3a:h21:t0","review","uncertain","حسب","حسب","حسب","حسب","true","Reference supports a relationship not certified by this review; reference is not authoritative."
"23","0","ALL","كلهم","review","uncertain","medium","needs-linguistic-confirmation","ALL → كلهم: The remaining form needs confirmation of spelling, inflection, added context or lexical sense; plausibility/reference agreement alone is insufficient.","AI-assisted linguistic review","","false","stage3a:h23:t0","review","uncertain","كلهم","كلهم","كلهم","الكل","false",""
"23","1","ALL","كله","review","uncertain","medium","needs-linguistic-confirmation","ALL → كله: The remaining form needs confirmation of spelling, inflection, added context or lexical sense; plausibility/reference agreement alone is insufficient.","AI-assisted linguistic review","","false","stage3a:h23:t1","review","uncertain","كله","كله","كله","الكل","false",""
"24","0","HAVE","عندي","review","msa","medium","needs-linguistic-confirmation","HAVE → عندي: Possession and perfect auxiliary uses require sentence context; first-person عندي and auxiliary قد are not general equivalents.","AI-assisted linguistic review","","false","stage3a:h24:t0","review","uncertain","عندي","عندي","عندي","قد","false",""
"24","1","HAVE","قد","review","msa","medium","needs-linguistic-confirmation","HAVE → قد: Possession and perfect auxiliary uses require sentence context; first-person عندي and auxiliary قد are not general equivalents.","AI-assisted linguistic review","","false","stage3a:h24:t1","review","uncertain","قد","قد","قد","قد","true","Reference supports a relationship not certified by this review; reference is not authoritative."
"25","1","NEW","جدد","review","msa","medium","inflection-review","Valid masculine plural adjective in MSA; defer standalone inflection preference rather than reject a legitimate plural form.","AI-assisted linguistic review","","false","stage3a:h25:t1","review","uncertain","جدد","جدد","جدد","جديد","false",""
"26","2","MORE","اكثر","review","uncertain","medium","needs-linguistic-confirmation","MORE → اكثر: The remaining form needs confirmation of spelling, inflection, added context or lexical sense; plausibility/reference agreement alone is insufficient.","AI-assisted linguistic review","","false","stage3a:h26:t2","review","uncertain","اكثر","اكثر","اكثر","المزيد","false",""
"27","0","AN","أداة تنكير","review","msa","medium","needs-linguistic-confirmation","AN → أداة تنكير: Arabic has no direct indefinite article; this is a grammatical explanation rather than a standalone equivalent.","AI-assisted linguistic review","","false","stage3a:h27:t0","review","uncertain","أداة تنكير","أداةتنكير","أداةتنكير","أداة تنكير","true","Reference supports a relationship not certified by this review; reference is not authoritative."
"30","0","WILL","ويل","review","uncertain","medium","needs-linguistic-confirmation","WILL → ويل: The remaining form needs confirmation of spelling, inflection, added context or lexical sense; plausibility/reference agreement alone is insufficient.","AI-assisted linguistic review","","false","stage3a:h30:t0","review","uncertain","ويل","ويل","ويل","ويل","true","Reference supports a relationship not certified by this review; reference is not authoritative."
"34","1","ABOUT","بشان","review","uncertain","medium","needs-linguistic-confirmation","ABOUT → بشان: The remaining form needs confirmation of spelling, inflection, added context or lexical sense; plausibility/reference agreement alone is insufficient.","AI-assisted linguistic review","","false","stage3a:h34:t1","review","uncertain","بشان","بشان","بشان","حول","false",""
"40","0","FREE","مجانا","review","uncertain","medium","needs-linguistic-confirmation","FREE → مجانا: The remaining form needs confirmation of spelling, inflection, added context or lexical sense; plausibility/reference agreement alone is insufficient.","AI-assisted linguistic review","","false","stage3a:h40:t0","review","uncertain","مجانا","مجانا","مجانا","مجانا","true","Reference supports a relationship not certified by this review; reference is not authoritative."
"42","0","ONE","احد","review","uncertain","medium","needs-linguistic-confirmation","ONE → احد: The remaining form needs confirmation of spelling, inflection, added context or lexical sense; plausibility/reference agreement alone is insufficient.","AI-assisted linguistic review","","false","stage3a:h42:t0","review","uncertain","احد","احد","احد","واحد","false",""
"42","3","ONE","واحده","review","uncertain","medium","needs-linguistic-confirmation","ONE → واحده: The remaining form needs confirmation of spelling, inflection, added context or lexical sense; plausibility/reference agreement alone is insufficient.","AI-assisted linguistic review","","false","stage3a:h42:t3","review","uncertain","واحده","واحده","واحده","واحد","false",""
"43","0","OTHER","اخرى","review","uncertain","medium","needs-linguistic-confirmation","OTHER → اخرى: The remaining form needs confirmation of spelling, inflection, added context or lexical sense; plausibility/reference agreement alone is insufficient.","AI-assisted linguistic review","","false","stage3a:h43:t0","review","uncertain","اخرى","اخرى","اخرى","أخرى","false",""
"46","0","INFORMATION","الاعلام","review","uncertain","medium","needs-linguistic-confirmation","INFORMATION → الاعلام: The remaining form needs confirmation of spelling, inflection, added context or lexical sense; plausibility/reference agreement alone is insufficient.","AI-assisted linguistic review","","false","stage3a:h46:t0","review","uncertain","الاعلام","الاعلام","الاعلام","معلومات","false",""
"48","1","THEY","انهم","review","uncertain","medium","needs-linguistic-confirmation","THEY → انهم: The remaining form needs confirmation of spelling, inflection, added context or lexical sense; plausibility/reference agreement alone is insufficient.","AI-assisted linguistic review","","false","stage3a:h48:t1","review","uncertain","انهم","انهم","انهم","هم.","false",""
"52","1","MAY","ماي","review","uncertain","medium","needs-linguistic-confirmation","MAY → ماي: The remaining form needs confirmation of spelling, inflection, added context or lexical sense; plausibility/reference agreement alone is insufficient.","AI-assisted linguistic review","","false","stage3a:h52:t1","review","uncertain","ماي","ماي","ماي","مايو","false",""
"52","3","MAY","ايار","review","uncertain","medium","needs-linguistic-confirmation","MAY → ايار: The remaining form needs confirmation of spelling, inflection, added context or lexical sense; plausibility/reference agreement alone is insufficient.","AI-assisted linguistic review","","false","stage3a:h52:t3","review","uncertain","ايار","ايار","ايار","مايو","false",""
"53","4","WHAT","ما هذا؟","review","uncertain","medium","needs-linguistic-confirmation","WHAT → ما هذا؟: The remaining form needs confirmation of spelling, inflection, added context or lexical sense; plausibility/reference agreement alone is insufficient.","AI-assisted linguistic review","","false","stage3a:h53:t4","review","uncertain","ما هذا؟","ماهذا","ماهذا","ما هذا؟","true","Reference supports a relationship not certified by this review; reference is not authoritative."
"54","0","WHICH","ايهما","review","uncertain","medium","needs-linguistic-confirmation","WHICH → ايهما: The remaining form needs confirmation of spelling, inflection, added context or lexical sense; plausibility/reference agreement alone is insufficient.","AI-assisted linguistic review","","false","stage3a:h54:t0","review","uncertain","ايهما","ايهما","ايهما","التي","false",""
"54","2","WHICH","والذي","review","uncertain","medium","needs-linguistic-confirmation","WHICH → والذي: The remaining form needs confirmation of spelling, inflection, added context or lexical sense; plausibility/reference agreement alone is insufficient.","AI-assisted linguistic review","","false","stage3a:h54:t2","review","uncertain","والذي","والذي","والذي","التي","false",""
"55","0","THEIR","لهم","review","msa","medium","needs-linguistic-confirmation","THEIR → لهم: Possessive vs prepositional pronoun construction needs context.","AI-assisted linguistic review","","false","stage3a:h55:t0","review","uncertain","لهم","لهم","لهم","لهم","true","Reference supports a relationship not certified by this review; reference is not authoritative."
"56","0","NEWS","اخبار","review","uncertain","medium","needs-linguistic-confirmation","NEWS → اخبار: The remaining form needs confirmation of spelling, inflection, added context or lexical sense; plausibility/reference agreement alone is insufficient.","AI-assisted linguistic review","","false","stage3a:h56:t0","review","uncertain","اخبار","اخبار","اخبار","اخبار","true","Reference supports a relationship not certified by this review; reference is not authoritative."
"56","1","NEWS","الاخبار","review","uncertain","medium","needs-linguistic-confirmation","NEWS → الاخبار: The remaining form needs confirmation of spelling, inflection, added context or lexical sense; plausibility/reference agreement alone is insufficient.","AI-assisted linguistic review","","false","stage3a:h56:t1","review","uncertain","الاخبار","الاخبار","الاخبار","اخبار","false",""
"56","2","NEWS","خبر","review","uncertain","medium","needs-linguistic-confirmation","NEWS → خبر: The remaining form needs confirmation of spelling, inflection, added context or lexical sense; plausibility/reference agreement alone is insufficient.","AI-assisted linguistic review","","false","stage3a:h56:t2","review","uncertain","خبر","خبر","خبر","اخبار","false",""
"56","3","NEWS","انباء","review","uncertain","medium","needs-linguistic-confirmation","NEWS → انباء: The remaining form needs confirmation of spelling, inflection, added context or lexical sense; plausibility/reference agreement alone is insufficient.","AI-assisted linguistic review","","false","stage3a:h56:t3","review","uncertain","انباء","انباء","انباء","اخبار","false",""
"59","0","ANY","اي","review","uncertain","medium","needs-linguistic-confirmation","ANY → اي: The remaining form needs confirmation of spelling, inflection, added context or lexical sense; plausibility/reference agreement alone is insufficient.","AI-assisted linguistic review","","false","stage3a:h59:t0","review","uncertain","اي","اي","اي","أي منها","false",""
"59","1","ANY","اية","review","uncertain","medium","needs-linguistic-confirmation","ANY → اية: The remaining form needs confirmation of spelling, inflection, added context or lexical sense; plausibility/reference agreement alone is insufficient.","AI-assisted linguistic review","","false","stage3a:h59:t1","review","uncertain","اية","اية","اية","أي منها","false",""
"59","2","ANY","أي منها","review","uncertain","medium","needs-linguistic-confirmation","ANY → أي منها: The remaining form needs confirmation of spelling, inflection, added context or lexical sense; plausibility/reference agreement alone is insufficient.","AI-assisted linguistic review","","false","stage3a:h59:t2","review","uncertain","أي منها","أيمنها","أيمنها","أي منها","true","Reference supports a relationship not certified by this review; reference is not authoritative."
"61","1","SEE","ترى","review","uncertain","medium","needs-linguistic-confirmation","SEE → ترى: The remaining form needs confirmation of spelling, inflection, added context or lexical sense; plausibility/reference agreement alone is insufficient.","AI-assisted linguistic review","","false","stage3a:h61:t1","review","uncertain","ترى","ترى","ترى","انظر","false",""
"64","1","HIS","له","review","msa","medium","needs-linguistic-confirmation","HIS → له: The remaining form needs confirmation of spelling, inflection, added context or lexical sense; plausibility/reference agreement alone is insufficient.","AI-assisted linguistic review","","false","stage3a:h64:t1","review","uncertain","له","له","له","له","true","Reference supports a relationship not certified by this review; reference is not authoritative."
"66","0","CONTACT","للاتصال","review","uncertain","medium","needs-linguistic-confirmation","CONTACT → للاتصال: The remaining form needs confirmation of spelling, inflection, added context or lexical sense; plausibility/reference agreement alone is insufficient.","AI-assisted linguistic review","","false","stage3a:h66:t0","review","uncertain","للاتصال","للاتصال","للاتصال","الاتصال","false",""
"68","1","BUSINESS","الاعمال","review","uncertain","medium","needs-linguistic-confirmation","BUSINESS → الاعمال: The remaining form needs confirmation of spelling, inflection, added context or lexical sense; plausibility/reference agreement alone is insufficient.","AI-assisted linguistic review","","false","stage3a:h68:t1","review","uncertain","الاعمال","الاعمال","الاعمال","الأعمال","false",""
"71","0","ALSO","ايضا","review","uncertain","medium","needs-linguistic-confirmation","ALSO → ايضا: The remaining form needs confirmation of spelling, inflection, added context or lexical sense; plausibility/reference agreement alone is insufficient.","AI-assisted linguistic review","","false","stage3a:h71:t0","review","uncertain","ايضا","ايضا","ايضا","أيضا","false",""
"72","0","NOW","الان","review","uncertain","medium","needs-linguistic-confirmation","NOW → الان: The remaining form needs confirmation of spelling, inflection, added context or lexical sense; plausibility/reference agreement alone is insufficient.","AI-assisted linguistic review","","false","stage3a:h72:t0","review","uncertain","الان","الان","الان","الآن","false",""
"72","1","NOW","والان","review","uncertain","medium","needs-linguistic-confirmation","NOW → والان: The remaining form needs confirmation of spelling, inflection, added context or lexical sense; plausibility/reference agreement alone is insufficient.","AI-assisted linguistic review","","false","stage3a:h72:t1","review","uncertain","والان","والان","والان","الآن","false",""
"74","0","GET","احصل","review","uncertain","medium","needs-linguistic-confirmation","GET → احصل: Verbal noun and incomplete imperative need an explicit learner dictionary convention.","AI-assisted linguistic review","","false","stage3a:h74:t0","review","uncertain","احصل","احصل","احصل","الحصول على","false",""
"74","1","GET","الحصول","review","uncertain","medium","needs-linguistic-confirmation","GET → الحصول: Verbal noun and incomplete imperative need an explicit learner dictionary convention.","AI-assisted linguistic review","","false","stage3a:h74:t1","review","uncertain","الحصول","الحصول","الحصول","الحصول على","false",""
"74","2","GET","احضر","review","uncertain","medium","needs-linguistic-confirmation","GET → احضر: Verbal noun and incomplete imperative need an explicit learner dictionary convention.","AI-assisted linguistic review","","false","stage3a:h74:t2","review","uncertain","احضر","احضر","احضر","الحصول على","false",""
"74","3","GET","الحصول على","review","msa","medium","needs-linguistic-confirmation","GET → الحصول على: Verbal noun and incomplete imperative need an explicit learner dictionary convention.","AI-assisted linguistic review","","false","stage3a:h74:t3","review","uncertain","الحصول على","الحصولعلى","الحصولعلى","الحصول على","true","Reference supports a relationship not certified by this review; reference is not authoritative."
"76","0","ONLINE","الانترنت","review","uncertain","medium","needs-linguistic-confirmation","ONLINE → الانترنت: The remaining form needs confirmation of spelling, inflection, added context or lexical sense; plausibility/reference agreement alone is insufficient.","AI-assisted linguistic review","","false","stage3a:h76:t0","review","uncertain","الانترنت","الانترنت","الانترنت","على الانترنت","false",""
"76","1","ONLINE","على الانترنت","review","uncertain","medium","needs-linguistic-confirmation","ONLINE → على الانترنت: The remaining form needs confirmation of spelling, inflection, added context or lexical sense; plausibility/reference agreement alone is insufficient.","AI-assisted linguistic review","","false","stage3a:h76:t1","review","uncertain","على الانترنت","علىالانترنت","علىالانترنت","على الانترنت","true","Reference supports a relationship not certified by this review; reference is not authoritative."
"77","0","FIRST","اول","review","uncertain","medium","needs-linguistic-confirmation","FIRST → اول: Ordinal and adverb senses plus missing hamza need a dedicated orthography/grammar decision.","AI-assisted linguistic review","","false","stage3a:h77:t0","review","uncertain","اول","اول","اول","أولاً","false",""
"77","1","FIRST","اولا","review","uncertain","medium","needs-linguistic-confirmation","FIRST → اولا: Ordinal and adverb senses plus missing hamza need a dedicated orthography/grammar decision.","AI-assisted linguistic review","","false","stage3a:h77:t1","review","uncertain","اولا","اولا","اولا","أولاً","false",""
"77","2","FIRST","الاول","review","uncertain","medium","needs-linguistic-confirmation","FIRST → الاول: Ordinal and adverb senses plus missing hamza need a dedicated orthography/grammar decision.","AI-assisted linguistic review","","false","stage3a:h77:t2","review","uncertain","الاول","الاول","الاول","أولاً","false",""
"77","3","FIRST","الاولى","review","uncertain","medium","needs-linguistic-confirmation","FIRST → الاولى: Ordinal and adverb senses plus missing hamza need a dedicated orthography/grammar decision.","AI-assisted linguistic review","","false","stage3a:h77:t3","review","uncertain","الاولى","الاولى","الاولى","أولاً","false",""
"77","4","FIRST","أولاً","review","uncertain","medium","needs-linguistic-confirmation","FIRST → أولاً: Ordinal and adverb senses plus missing hamza need a dedicated orthography/grammar decision.","AI-assisted linguistic review","","false","stage3a:h77:t4","review","uncertain","أولاً","أولا","أولا","أولاً","true","Reference supports a relationship not certified by this review; reference is not authoritative."
"79","0","BEEN","كان","review","msa","medium","needs-linguistic-confirmation","BEEN → كان: Past participle of be is not a standalone Arabic tense equivalent.","AI-assisted linguistic review","","false","stage3a:h79:t0","review","uncertain","كان","كان","كان","كان","true","Reference supports a relationship not certified by this review; reference is not authoritative."
"80","0","WOULD","سوف","review","msa","medium","needs-linguistic-confirmation","WOULD → سوف: Conditional/habitual modal is not interchangeable with simple future سوف.","AI-assisted linguistic review","","false","stage3a:h80:t0","review","uncertain","سوف","سوف","سوف","سوف","true","Reference supports a relationship not certified by this review; reference is not authoritative."
"87","0","CLICK","اضغط","review","uncertain","medium","needs-linguistic-confirmation","CLICK → اضغط: The remaining form needs confirmation of spelling, inflection, added context or lexical sense; plausibility/reference agreement alone is insufficient.","AI-assisted linguistic review","","false","stage3a:h87:t0","review","uncertain","اضغط","اضغط","اضغط","انقر فوق","false",""
"87","5","CLICK","انقر فوق","review","uncertain","medium","needs-linguistic-confirmation","CLICK → انقر فوق: The remaining form needs confirmation of spelling, inflection, added context or lexical sense; plausibility/reference agreement alone is insufficient.","AI-assisted linguistic review","","false","stage3a:h87:t5","review","uncertain","انقر فوق","انقرفوق","انقرفوق","انقر فوق","true","Reference supports a relationship not certified by this review; reference is not authoritative."
"89","1","LIKE","لايك","review","uncertain","medium","needs-linguistic-confirmation","LIKE → لايك: The remaining form needs confirmation of spelling, inflection, added context or lexical sense; plausibility/reference agreement alone is insufficient.","AI-assisted linguistic review","","false","stage3a:h89:t1","review","uncertain","لايك","لايك","لايك","مثل","false",""
"92","0","FIND","جد","review","uncertain","medium","needs-linguistic-confirmation","FIND → جد: Imperative ambiguity and verbal-noun vs finite-verb distinction need context.","AI-assisted linguistic review","","false","stage3a:h92:t0","review","uncertain","جد","جد","جد","العثور على","false",""
"92","1","FIND","العثور","review","uncertain","medium","needs-linguistic-confirmation","FIND → العثور: Imperative ambiguity and verbal-noun vs finite-verb distinction need context.","AI-assisted linguistic review","","false","stage3a:h92:t1","review","uncertain","العثور","العثور","العثور","العثور على","false",""
"92","2","FIND","ايجاد","review","uncertain","medium","needs-linguistic-confirmation","FIND → ايجاد: Imperative ambiguity and verbal-noun vs finite-verb distinction need context.","AI-assisted linguistic review","","false","stage3a:h92:t2","review","uncertain","ايجاد","ايجاد","ايجاد","العثور على","false",""
"92","3","FIND","العثور على","review","uncertain","medium","needs-linguistic-confirmation","FIND → العثور على: Imperative ambiguity and verbal-noun vs finite-verb distinction need context.","AI-assisted linguistic review","","false","stage3a:h92:t3","review","uncertain","العثور على","العثورعلى","العثورعلى","العثور على","true","Reference supports a relationship not certified by this review; reference is not authoritative."
"95","1","BACK","عاد","review","uncertain","medium","needs-linguistic-confirmation","BACK → عاد: The remaining form needs confirmation of spelling, inflection, added context or lexical sense; plausibility/reference agreement alone is insufficient.","AI-assisted linguistic review","","false","stage3a:h95:t1","review","uncertain","عاد","عاد","عاد","عودة","false",""
"95","2","BACK","العودة","review","uncertain","medium","needs-linguistic-confirmation","BACK → العودة: The remaining form needs confirmation of spelling, inflection, added context or lexical sense; plausibility/reference agreement alone is insufficient.","AI-assisted linguistic review","","false","stage3a:h95:t2","review","uncertain","العودة","العودة","العودة","عودة","false",""
"95","3","BACK","عودة","review","uncertain","medium","needs-linguistic-confirmation","BACK → عودة: The remaining form needs confirmation of spelling, inflection, added context or lexical sense; plausibility/reference agreement alone is insufficient.","AI-assisted linguistic review","","false","stage3a:h95:t3","review","uncertain","عودة","عودة","عودة","عودة","true","Reference supports a relationship not certified by this review; reference is not authoritative."
"95","4","BACK","ارجع","review","uncertain","medium","needs-linguistic-confirmation","BACK → ارجع: The remaining form needs confirmation of spelling, inflection, added context or lexical sense; plausibility/reference agreement alone is insufficient.","AI-assisted linguistic review","","false","stage3a:h95:t4","review","uncertain","ارجع","ارجع","ارجع","عودة","false",""
"96","1","TOP","توب","review","uncertain","medium","needs-linguistic-confirmation","TOP → توب: The remaining form needs confirmation of spelling, inflection, added context or lexical sense; plausibility/reference agreement alone is insufficient.","AI-assisted linguistic review","","false","stage3a:h96:t1","review","uncertain","توب","توب","توب","أعلى","false",""
"96","3","TOP","الاعلى","review","uncertain","medium","needs-linguistic-confirmation","TOP → الاعلى: The remaining form needs confirmation of spelling, inflection, added context or lexical sense; plausibility/reference agreement alone is insufficient.","AI-assisted linguistic review","","false","stage3a:h96:t3","review","uncertain","الاعلى","الاعلى","الاعلى","أعلى","false",""
"97","0","PEOPLE","اشخاص","review","uncertain","medium","needs-linguistic-confirmation","PEOPLE → اشخاص: The remaining form needs confirmation of spelling, inflection, added context or lexical sense; plausibility/reference agreement alone is insufficient.","AI-assisted linguistic review","","false","stage3a:h97:t0","review","uncertain","اشخاص","اشخاص","اشخاص","الناس","false",""
"97","1","PEOPLE","اناس","review","uncertain","medium","needs-linguistic-confirmation","PEOPLE → اناس: The remaining form needs confirmation of spelling, inflection, added context or lexical sense; plausibility/reference agreement alone is insufficient.","AI-assisted linguistic review","","false","stage3a:h97:t1","review","uncertain","اناس","اناس","اناس","الناس","false",""
"97","2","PEOPLE","الاشخاص","review","uncertain","medium","needs-linguistic-confirmation","PEOPLE → الاشخاص: The remaining form needs confirmation of spelling, inflection, added context or lexical sense; plausibility/reference agreement alone is insufficient.","AI-assisted linguistic review","","false","stage3a:h97:t2","review","uncertain","الاشخاص","الاشخاص","الاشخاص","الناس","false",""
"98","0","HAD","كان","review","msa","medium","needs-linguistic-confirmation","HAD → كان: Possession vs past-perfect auxiliary cannot be resolved by كان alone.","AI-assisted linguistic review","","false","stage3a:h98:t0","review","uncertain","كان","كان","كان","كان","true","Reference supports a relationship not certified by this review; reference is not authoritative."
"99","1","LIST","قائمه","review","uncertain","medium","needs-linguistic-confirmation","LIST → قائمه: The remaining form needs confirmation of spelling, inflection, added context or lexical sense; plausibility/reference agreement alone is insufficient.","AI-assisted linguistic review","","false","stage3a:h99:t1","review","uncertain","قائمه","قائمه","قائمه","قائمة","false",""
"104","2","YEAR","السنه","review","uncertain","medium","needs-linguistic-confirmation","YEAR → السنه: The remaining form needs confirmation of spelling, inflection, added context or lexical sense; plausibility/reference agreement alone is insufficient.","AI-assisted linguistic review","","false","stage3a:h104:t2","review","uncertain","السنه","السنه","السنه","السنة","false",""
"104","4","YEAR","سنه","review","uncertain","medium","needs-linguistic-confirmation","YEAR → سنه: The remaining form needs confirmation of spelling, inflection, added context or lexical sense; plausibility/reference agreement alone is insufficient.","AI-assisted linguistic review","","false","stage3a:h104:t4","review","uncertain","سنه","سنه","سنه","السنة","false",""
"107","0","EMAIL","الايميل","review","uncertain","medium","needs-linguistic-confirmation","EMAIL → الايميل: The remaining form needs confirmation of spelling, inflection, added context or lexical sense; plausibility/reference agreement alone is insufficient.","AI-assisted linguistic review","","false","stage3a:h107:t0","review","uncertain","الايميل","الايميل","الايميل","البريد الإلكتروني","false",""
"107","1","EMAIL","ايميل","review","uncertain","medium","needs-linguistic-confirmation","EMAIL → ايميل: The remaining form needs confirmation of spelling, inflection, added context or lexical sense; plausibility/reference agreement alone is insufficient.","AI-assisted linguistic review","","false","stage3a:h107:t1","review","uncertain","ايميل","ايميل","ايميل","البريد الإلكتروني","false",""
"111","3","NEXT","التالى","review","uncertain","medium","needs-linguistic-confirmation","NEXT → التالى: The remaining form needs confirmation of spelling, inflection, added context or lexical sense; plausibility/reference agreement alone is insufficient.","AI-assisted linguistic review","","false","stage3a:h111:t3","review","uncertain","التالى","التالى","التالى","التالي","false",""
"112","0","USED","استعمل","review","uncertain","medium","needs-linguistic-confirmation","USED → استعمل: The remaining form needs confirmation of spelling, inflection, added context or lexical sense; plausibility/reference agreement alone is insufficient.","AI-assisted linguistic review","","false","stage3a:h112:t0","review","uncertain","استعمل","استعمل","استعمل","مستعمل","false",""
"112","1","USED","استخدم","review","uncertain","medium","needs-linguistic-confirmation","USED → استخدم: The remaining form needs confirmation of spelling, inflection, added context or lexical sense; plausibility/reference agreement alone is insufficient.","AI-assisted linguistic review","","false","stage3a:h112:t1","review","uncertain","استخدم","استخدم","استخدم","مستعمل","false",""
"112","3","USED","استخدمت","review","uncertain","medium","needs-linguistic-confirmation","USED → استخدمت: The remaining form needs confirmation of spelling, inflection, added context or lexical sense; plausibility/reference agreement alone is insufficient.","AI-assisted linguistic review","","false","stage3a:h112:t3","review","uncertain","استخدمت","استخدمت","استخدمت","مستعمل","false",""
"113","0","GO","اذهبي","review","uncertain","medium","needs-linguistic-confirmation","GO → اذهبي: The remaining form needs confirmation of spelling, inflection, added context or lexical sense; plausibility/reference agreement alone is insufficient.","AI-assisted linguistic review","","false","stage3a:h113:t0","review","uncertain","اذهبي","اذهبي","اذهبي","اذهبي","true","Reference supports a relationship not certified by this review; reference is not authoritative."
"115","0","LAST","الاخيرة","review","uncertain","medium","needs-linguistic-confirmation","LAST → الاخيرة: The remaining form needs confirmation of spelling, inflection, added context or lexical sense; plausibility/reference agreement alone is insufficient.","AI-assisted linguistic review","","false","stage3a:h115:t0","review","uncertain","الاخيرة","الاخيرة","الاخيرة","الأخير","false",""
"115","1","LAST","اخر","review","uncertain","medium","needs-linguistic-confirmation","LAST → اخر: The remaining form needs confirmation of spelling, inflection, added context or lexical sense; plausibility/reference agreement alone is insufficient.","AI-assisted linguistic review","","false","stage3a:h115:t1","review","uncertain","اخر","اخر","اخر","الأخير","false",""
"115","2","LAST","اخير","review","uncertain","medium","needs-linguistic-confirmation","LAST → اخير: The remaining form needs confirmation of spelling, inflection, added context or lexical sense; plausibility/reference agreement alone is insufficient.","AI-assisted linguistic review","","false","stage3a:h115:t2","review","uncertain","اخير","اخير","اخير","الأخير","false",""
"115","3","LAST","تدوم","review","uncertain","medium","needs-linguistic-confirmation","LAST → تدوم: The remaining form needs confirmation of spelling, inflection, added context or lexical sense; plausibility/reference agreement alone is insufficient.","AI-assisted linguistic review","","false","stage3a:h115:t3","review","uncertain","تدوم","تدوم","تدوم","الأخير","false",""
"115","4","LAST","الاخير","review","uncertain","medium","needs-linguistic-confirmation","LAST → الاخير: The remaining form needs confirmation of spelling, inflection, added context or lexical sense; plausibility/reference agreement alone is insufficient.","AI-assisted linguistic review","","false","stage3a:h115:t4","review","uncertain","الاخير","الاخير","الاخير","الأخير","false",""
"116","1","MOST","الاكثر","review","uncertain","medium","needs-linguistic-confirmation","MOST → الاكثر: The remaining form needs confirmation of spelling, inflection, added context or lexical sense; plausibility/reference agreement alone is insufficient.","AI-assisted linguistic review","","false","stage3a:h116:t1","review","uncertain","الاكثر","الاكثر","الاكثر","معظم","false",""
"116","2","MOST","اغلب","review","uncertain","medium","needs-linguistic-confirmation","MOST → اغلب: The remaining form needs confirmation of spelling, inflection, added context or lexical sense; plausibility/reference agreement alone is insufficient.","AI-assisted linguistic review","","false","stage3a:h116:t2","review","uncertain","اغلب","اغلب","اغلب","معظم","false",""
"118","1","MUSIC","موسيقي","review","uncertain","medium","needs-linguistic-confirmation","MUSIC → موسيقي: The remaining form needs confirmation of spelling, inflection, added context or lexical sense; plausibility/reference agreement alone is insufficient.","AI-assisted linguistic review","","false","stage3a:h118:t1","review","uncertain","موسيقي","موسيقي","موسيقي","الموسيقى","false",""
"119","0","BUY","اشتري","review","uncertain","medium","needs-linguistic-confirmation","BUY → اشتري: The remaining form needs confirmation of spelling, inflection, added context or lexical sense; plausibility/reference agreement alone is insufficient.","AI-assisted linguistic review","","false","stage3a:h119:t0","review","uncertain","اشتري","اشتري","اشتري","شراء","false",""
"119","1","BUY","شراء","review","uncertain","medium","needs-linguistic-confirmation","BUY → شراء: The remaining form needs confirmation of spelling, inflection, added context or lexical sense; plausibility/reference agreement alone is insufficient.","AI-assisted linguistic review","","false","stage3a:h119:t1","review","uncertain","شراء","شراء","شراء","شراء","true","Reference supports a relationship not certified by this review; reference is not authoritative."
"121","0","MAKE","جعل","review","uncertain","medium","needs-linguistic-confirmation","MAKE → جعل: The remaining form needs confirmation of spelling, inflection, added context or lexical sense; plausibility/reference agreement alone is insufficient.","AI-assisted linguistic review","","false","stage3a:h121:t0","review","uncertain","جعل","جعل","جعل","جعل","true","Reference supports a relationship not certified by this review; reference is not authoritative."
"121","1","MAKE","صنع","review","uncertain","medium","needs-linguistic-confirmation","MAKE → صنع: The remaining form needs confirmation of spelling, inflection, added context or lexical sense; plausibility/reference agreement alone is insufficient.","AI-assisted linguistic review","","false","stage3a:h121:t1","review","uncertain","صنع","صنع","صنع","جعل","false",""
"122","0","THEM","هم","review","msa","medium","needs-linguistic-confirmation","THEM → هم: The remaining form needs confirmation of spelling, inflection, added context or lexical sense; plausibility/reference agreement alone is insufficient.","AI-assisted linguistic review","","false","stage3a:h122:t0","review","uncertain","هم","هم","هم","هم.","true","Reference supports a relationship not certified by this review; reference is not authoritative."
"126","1","POST","النشر","review","uncertain","medium","needs-linguistic-confirmation","POST → النشر: The remaining form needs confirmation of spelling, inflection, added context or lexical sense; plausibility/reference agreement alone is insufficient.","AI-assisted linguistic review","","false","stage3a:h126:t1","review","uncertain","النشر","النشر","النشر","الوظائف","false",""
"126","3","POST","بوست","review","uncertain","medium","needs-linguistic-confirmation","POST → بوست: The remaining form needs confirmation of spelling, inflection, added context or lexical sense; plausibility/reference agreement alone is insufficient.","AI-assisted linguistic review","","false","stage3a:h126:t3","review","uncertain","بوست","بوست","بوست","الوظائف","false",""
"127","1","HER","هي","review","uncertain","medium","needs-linguistic-confirmation","HER → هي: The remaining form needs confirmation of spelling, inflection, added context or lexical sense; plausibility/reference agreement alone is insufficient.","AI-assisted linguistic review","","false","stage3a:h127:t1","review","uncertain","هي","هي","هي","لها","false",""
"128","0","CITY","المدينه","review","uncertain","medium","needs-linguistic-confirmation","CITY → المدينه: The remaining form needs confirmation of spelling, inflection, added context or lexical sense; plausibility/reference agreement alone is insufficient.","AI-assisted linguistic review","","false","stage3a:h128:t0","review","uncertain","المدينه","المدينه","المدينه","المدينة","false",""
"128","3","CITY","سيتي","review","uncertain","medium","needs-linguistic-confirmation","CITY → سيتي: The remaining form needs confirmation of spelling, inflection, added context or lexical sense; plausibility/reference agreement alone is insufficient.","AI-assisted linguistic review","","false","stage3a:h128:t3","review","uncertain","سيتي","سيتي","سيتي","المدينة","false",""
"129","0","ADD","يضاف","review","uncertain","medium","needs-linguistic-confirmation","ADD → يضاف: Arabic person/voice and verbal-noun distinctions need verification.","AI-assisted linguistic review","","false","stage3a:h129:t0","review","uncertain","يضاف","يضاف","يضاف","إضافة","false",""
"129","1","ADD","اضف","review","uncertain","medium","needs-linguistic-confirmation","ADD → اضف: Arabic person/voice and verbal-noun distinctions need verification.","AI-assisted linguistic review","","false","stage3a:h129:t1","review","uncertain","اضف","اضف","اضف","إضافة","false",""
"129","2","ADD","اضافة","review","uncertain","medium","needs-linguistic-confirmation","ADD → اضافة: Arabic person/voice and verbal-noun distinctions need verification.","AI-assisted linguistic review","","false","stage3a:h129:t2","review","uncertain","اضافة","اضافة","اضافة","إضافة","false",""
"129","3","ADD","نضيف","review","uncertain","medium","needs-linguistic-confirmation","ADD → نضيف: Arabic person/voice and verbal-noun distinctions need verification.","AI-assisted linguistic review","","false","stage3a:h129:t3","review","uncertain","نضيف","نضيف","نضيف","إضافة","false",""
"129","4","ADD","إضافة","review","uncertain","medium","needs-linguistic-confirmation","ADD → إضافة: Arabic person/voice and verbal-noun distinctions need verification.","AI-assisted linguistic review","","false","stage3a:h129:t4","review","uncertain","إضافة","إضافة","إضافة","إضافة","true","Reference supports a relationship not certified by this review; reference is not authoritative."
"133","0","PLEASE","ارجوكم","review","uncertain","medium","needs-linguistic-confirmation","PLEASE → ارجوكم: The remaining form needs confirmation of spelling, inflection, added context or lexical sense; plausibility/reference agreement alone is insufficient.","AI-assisted linguistic review","","false","stage3a:h133:t0","review","uncertain","ارجوكم","ارجوكم","ارجوكم","رجاءً","false",""
"133","3","PLEASE","ارجوك","review","uncertain","medium","needs-linguistic-confirmation","PLEASE → ارجوك: The remaining form needs confirmation of spelling, inflection, added context or lexical sense; plausibility/reference agreement alone is insufficient.","AI-assisted linguistic review","","false","stage3a:h133:t3","review","uncertain","ارجوك","ارجوك","ارجوك","رجاءً","false",""
"134","4","AVAILABLE","تتوفر","review","uncertain","medium","needs-linguistic-confirmation","AVAILABLE → تتوفر: The remaining form needs confirmation of spelling, inflection, added context or lexical sense; plausibility/reference agreement alone is insufficient.","AI-assisted linguistic review","","false","stage3a:h134:t4","review","uncertain","تتوفر","تتوفر","تتوفر","متاح","false",""
"137","0","MESSAGE","رساله","review","uncertain","medium","needs-linguistic-confirmation","MESSAGE → رساله: The remaining form needs confirmation of spelling, inflection, added context or lexical sense; plausibility/reference agreement alone is insufficient.","AI-assisted linguistic review","","false","stage3a:h137:t0","review","uncertain","رساله","رساله","رساله","الرسالة","false",""
"139","0","BEST","اطيب","review","uncertain","medium","needs-linguistic-confirmation","BEST → اطيب: The remaining form needs confirmation of spelling, inflection, added context or lexical sense; plausibility/reference agreement alone is insufficient.","AI-assisted linguistic review","","false","stage3a:h139:t0","review","uncertain","اطيب","اطيب","اطيب","أفضل","false",""
"139","1","BEST","الافضل","review","uncertain","medium","needs-linguistic-confirmation","BEST → الافضل: The remaining form needs confirmation of spelling, inflection, added context or lexical sense; plausibility/reference agreement alone is insufficient.","AI-assisted linguistic review","","false","stage3a:h139:t1","review","uncertain","الافضل","الافضل","الافضل","أفضل","false",""
"139","3","BEST","افضل","review","uncertain","medium","needs-linguistic-confirmation","BEST → افضل: The remaining form needs confirmation of spelling, inflection, added context or lexical sense; plausibility/reference agreement alone is insufficient.","AI-assisted linguistic review","","false","stage3a:h139:t3","review","uncertain","افضل","افضل","افضل","أفضل","false",""
"140","4","SOFTWARE","برنامج","review","uncertain","medium","needs-linguistic-confirmation","SOFTWARE → برنامج: The remaining form needs confirmation of spelling, inflection, added context or lexical sense; plausibility/reference agreement alone is insufficient.","AI-assisted linguistic review","","false","stage3a:h140:t4","review","uncertain","برنامج","برنامج","برنامج","البرامجيات","false",""
"140","5","SOFTWARE","البرامجيات","review","uncertain","medium","needs-linguistic-confirmation","SOFTWARE → البرامجيات: The remaining form needs confirmation of spelling, inflection, added context or lexical sense; plausibility/reference agreement alone is insufficient.","AI-assisted linguistic review","","false","stage3a:h140:t5","review","uncertain","البرامجيات","البرامجيات","البرامجيات","البرامجيات","true","Reference supports a relationship not certified by this review; reference is not authoritative."
"141","0","THEN","اذن","review","uncertain","medium","needs-linguistic-confirmation","THEN → اذن: The remaining form needs confirmation of spelling, inflection, added context or lexical sense; plausibility/reference agreement alone is insufficient.","AI-assisted linguistic review","","false","stage3a:h141:t0","review","uncertain","اذن","اذن","اذن","إذاً","false",""
"141","3","THEN","اذا","review","uncertain","medium","needs-linguistic-confirmation","THEN → اذا: The remaining form needs confirmation of spelling, inflection, added context or lexical sense; plausibility/reference agreement alone is insufficient.","AI-assisted linguistic review","","false","stage3a:h141:t3","review","uncertain","اذا","اذا","اذا","إذاً","false",""
"141","4","THEN","إذاً","review","uncertain","medium","needs-linguistic-confirmation","THEN → إذاً: The remaining form needs confirmation of spelling, inflection, added context or lexical sense; plausibility/reference agreement alone is insufficient.","AI-assisted linguistic review","","false","stage3a:h141:t4","review","uncertain","إذاً","إذا","إذا","إذاً","true","Reference supports a relationship not certified by this review; reference is not authoritative."
"143","0","GOOD","خير","review","uncertain","medium","needs-linguistic-confirmation","GOOD → خير: The remaining form needs confirmation of spelling, inflection, added context or lexical sense; plausibility/reference agreement alone is insufficient.","AI-assisted linguistic review","","false","stage3a:h143:t0","review","uncertain","خير","خير","خير","جيد","false",""
"143","1","GOOD","الخير","review","uncertain","medium","needs-linguistic-confirmation","GOOD → الخير: The remaining form needs confirmation of spelling, inflection, added context or lexical sense; plausibility/reference agreement alone is insufficient.","AI-assisted linguistic review","","false","stage3a:h143:t1","review","uncertain","الخير","الخير","الخير","جيد","false",""
"143","4","GOOD","بخير","review","uncertain","medium","needs-linguistic-confirmation","GOOD → بخير: The remaining form needs confirmation of spelling, inflection, added context or lexical sense; plausibility/reference agreement alone is insufficient.","AI-assisted linguistic review","","false","stage3a:h143:t4","review","uncertain","بخير","بخير","بخير","جيد","false",""
"146","0","WHERE","اين","review","uncertain","medium","needs-linguistic-confirmation","WHERE → اين: The remaining form needs confirmation of spelling, inflection, added context or lexical sense; plausibility/reference agreement alone is insufficient.","AI-assisted linguistic review","","false","stage3a:h146:t0","review","uncertain","اين","اين","اين","أين","false",""
"149","2","PUBLIC","العامة","review","uncertain","medium","needs-linguistic-confirmation","PUBLIC → العامة: The remaining form needs confirmation of spelling, inflection, added context or lexical sense; plausibility/reference agreement alone is insufficient.","AI-assisted linguistic review","","false","stage3a:h149:t2","review","uncertain","العامة","العامة","العامة","الجمهور","false",""
"149","4","PUBLIC","علنية","review","uncertain","medium","needs-linguistic-confirmation","PUBLIC → علنية: The remaining form needs confirmation of spelling, inflection, added context or lexical sense; plausibility/reference agreement alone is insufficient.","AI-assisted linguistic review","","false","stage3a:h149:t4","review","uncertain","علنية","علنية","علنية","الجمهور","false",""
"151","1","HIGH","عالي","review","uncertain","medium","needs-linguistic-confirmation","HIGH → عالي: The remaining form needs confirmation of spelling, inflection, added context or lexical sense; plausibility/reference agreement alone is insufficient.","AI-assisted linguistic review","","false","stage3a:h151:t1","review","uncertain","عالي","عالي","عالي","مرتفع","false",""
"151","4","HIGH","عاليا","review","uncertain","medium","needs-linguistic-confirmation","HIGH → عاليا: The remaining form needs confirmation of spelling, inflection, added context or lexical sense; plausibility/reference agreement alone is insufficient.","AI-assisted linguistic review","","false","stage3a:h151:t4","review","uncertain","عاليا","عاليا","عاليا","مرتفع","false",""
"152","0","SCHOOL","مدرسه","review","uncertain","medium","needs-linguistic-confirmation","SCHOOL → مدرسه: The remaining form needs confirmation of spelling, inflection, added context or lexical sense; plausibility/reference agreement alone is insufficient.","AI-assisted linguistic review","","false","stage3a:h152:t0","review","uncertain","مدرسه","مدرسه","مدرسه","مدرسة","false",""
"154","0","EACH","لكل منها","review","uncertain","medium","needs-linguistic-confirmation","EACH → لكل منها: The remaining form needs confirmation of spelling, inflection, added context or lexical sense; plausibility/reference agreement alone is insufficient.","AI-assisted linguistic review","","false","stage3a:h154:t0","review","uncertain","لكل منها","لكلمنها","لكلمنها","لكل منها","true","Reference supports a relationship not certified by this review; reference is not authoritative."
"156","0","SHE","انها","review","uncertain","medium","needs-linguistic-confirmation","SHE → انها: The remaining form needs confirmation of spelling, inflection, added context or lexical sense; plausibility/reference agreement alone is insufficient.","AI-assisted linguistic review","","false","stage3a:h156:t0","review","uncertain","انها","انها","انها","هي.","false",""
"158","1","YEARS","اعوام","review","uncertain","medium","needs-linguistic-confirmation","YEARS → اعوام: The remaining form needs confirmation of spelling, inflection, added context or lexical sense; plausibility/reference agreement alone is insufficient.","AI-assisted linguistic review","","false","stage3a:h158:t1","review","uncertain","اعوام","اعوام","اعوام","سنوات","false",""
"159","0","ORDER","امر","review","uncertain","medium","needs-linguistic-confirmation","ORDER → امر: The remaining form needs confirmation of spelling, inflection, added context or lexical sense; plausibility/reference agreement alone is insufficient.","AI-assisted linguistic review","","false","stage3a:h159:t0","review","uncertain","امر","امر","امر","ترتيب","false",""
"163","0","ITEMS","الاصناف","review","uncertain","medium","needs-linguistic-confirmation","ITEMS → الاصناف: The remaining form needs confirmation of spelling, inflection, added context or lexical sense; plausibility/reference agreement alone is insufficient.","AI-assisted linguistic review","","false","stage3a:h163:t0","review","uncertain","الاصناف","الاصناف","الاصناف","البنود","false",""
"164","0","COMPANY","شركه","review","uncertain","medium","needs-linguistic-confirmation","COMPANY → شركه: The remaining form needs confirmation of spelling, inflection, added context or lexical sense; plausibility/reference agreement alone is insufficient.","AI-assisted linguistic review","","false","stage3a:h164:t0","review","uncertain","شركه","شركه","شركه","الشركة","false",""
"165","0","READ","قرا","review","uncertain","medium","needs-linguistic-confirmation","READ → قرا: Past/present English homograph and Arabic verbal-noun/imperative spelling need verification.","AI-assisted linguistic review","","false","stage3a:h165:t0","review","uncertain","قرا","قرا","قرا","قراءة","false",""
"165","1","READ","قرات","review","uncertain","medium","needs-linguistic-confirmation","READ → قرات: Past/present English homograph and Arabic verbal-noun/imperative spelling need verification.","AI-assisted linguistic review","","false","stage3a:h165:t1","review","uncertain","قرات","قرات","قرات","قراءة","false",""
"165","2","READ","القراءة","review","uncertain","medium","needs-linguistic-confirmation","READ → القراءة: Past/present English homograph and Arabic verbal-noun/imperative spelling need verification.","AI-assisted linguistic review","","false","stage3a:h165:t2","review","uncertain","القراءة","القراءة","القراءة","قراءة","false",""
"165","3","READ","قراءة","review","uncertain","medium","needs-linguistic-confirmation","READ → قراءة: Past/present English homograph and Arabic verbal-noun/imperative spelling need verification.","AI-assisted linguistic review","","false","stage3a:h165:t3","review","uncertain","قراءة","قراءة","قراءة","قراءة","true","Reference supports a relationship not certified by this review; reference is not authoritative."
"165","4","READ","اقرا","review","uncertain","medium","needs-linguistic-confirmation","READ → اقرا: Past/present English homograph and Arabic verbal-noun/imperative spelling need verification.","AI-assisted linguistic review","","false","stage3a:h165:t4","review","uncertain","اقرا","اقرا","اقرا","قراءة","false",""
"169","2","MANY","الكثيرون","review","uncertain","medium","needs-linguistic-confirmation","MANY → الكثيرون: The remaining form needs confirmation of spelling, inflection, added context or lexical sense; plausibility/reference agreement alone is insufficient.","AI-assisted linguistic review","","false","stage3a:h169:t2","review","uncertain","الكثيرون","الكثيرون","الكثيرون","كثيرة","false",""
"169","4","MANY","الكثير","review","uncertain","medium","needs-linguistic-confirmation","MANY → الكثير: The remaining form needs confirmation of spelling, inflection, added context or lexical sense; plausibility/reference agreement alone is insufficient.","AI-assisted linguistic review","","false","stage3a:h169:t4","review","uncertain","الكثير","الكثير","الكثير","كثيرة","false",""
"171","2","SAID","قالو","review","uncertain","medium","needs-linguistic-confirmation","SAID → قالو: The remaining form needs confirmation of spelling, inflection, added context or lexical sense; plausibility/reference agreement alone is insufficient.","AI-assisted linguistic review","","false","stage3a:h171:t2","review","uncertain","قالو","قالو","قالو","قال","false",""
"175","1","GENERAL","لواء","review","uncertain","medium","needs-linguistic-confirmation","GENERAL → لواء: The remaining form needs confirmation of spelling, inflection, added context or lexical sense; plausibility/reference agreement alone is insufficient.","AI-assisted linguistic review","","false","stage3a:h175:t1","review","uncertain","لواء","لواء","لواء","عام","false",""
"175","2","GENERAL","اللواء","review","uncertain","medium","needs-linguistic-confirmation","GENERAL → اللواء: The remaining form needs confirmation of spelling, inflection, added context or lexical sense; plausibility/reference agreement alone is insufficient.","AI-assisted linguistic review","","false","stage3a:h175:t2","review","uncertain","اللواء","اللواء","اللواء","عام","false",""
"176","1","RESEARCH","الابحاث","review","uncertain","medium","needs-linguistic-confirmation","RESEARCH → الابحاث: The remaining form needs confirmation of spelling, inflection, added context or lexical sense; plausibility/reference agreement alone is insufficient.","AI-assisted linguistic review","","false","stage3a:h176:t1","review","uncertain","الابحاث","الابحاث","الابحاث","البحوث","false",""
"176","2","RESEARCH","ابحاث","review","uncertain","medium","needs-linguistic-confirmation","RESEARCH → ابحاث: The remaining form needs confirmation of spelling, inflection, added context or lexical sense; plausibility/reference agreement alone is insufficient.","AI-assisted linguistic review","","false","stage3a:h176:t2","review","uncertain","ابحاث","ابحاث","ابحاث","البحوث","false",""
"178","1","JANUARY","يناير كانون الثاني","review","uncertain","medium","needs-linguistic-confirmation","JANUARY → يناير كانون الثاني: The remaining form needs confirmation of spelling, inflection, added context or lexical sense; plausibility/reference agreement alone is insufficient.","AI-assisted linguistic review","","false","stage3a:h178:t1","review","uncertain","يناير كانون الثاني","ينايركانونالثاني","ينايركانونالثاني","يناير كانون الثاني","true","Reference supports a relationship not certified by this review; reference is not authoritative."
"180","1","FULL","ملي","review","uncertain","medium","needs-linguistic-confirmation","FULL → ملي: The remaining form needs confirmation of spelling, inflection, added context or lexical sense; plausibility/reference agreement alone is insufficient.","AI-assisted linguistic review","","false","stage3a:h180:t1","review","uncertain","ملي","ملي","ملي","كامل","false",""
"181","0","MAP","خريطه","review","uncertain","medium","needs-linguistic-confirmation","MAP → خريطه: The remaining form needs confirmation of spelling, inflection, added context or lexical sense; plausibility/reference agreement alone is insufficient.","AI-assisted linguistic review","","false","stage3a:h181:t0","review","uncertain","خريطه","خريطه","خريطه","خريطة","false",""
"182","3","REVIEWS","استعراض","review","uncertain","medium","needs-linguistic-confirmation","REVIEWS → استعراض: The remaining form needs confirmation of spelling, inflection, added context or lexical sense; plausibility/reference agreement alone is insufficient.","AI-assisted linguistic review","","false","stage3a:h182:t3","review","uncertain","استعراض","استعراض","استعراض","استعراض","true","Reference supports a relationship not certified by this review; reference is not authoritative."
"184","1","LIFE","الحياه","review","uncertain","medium","needs-linguistic-confirmation","LIFE → الحياه: The remaining form needs confirmation of spelling, inflection, added context or lexical sense; plausibility/reference agreement alone is insufficient.","AI-assisted linguistic review","","false","stage3a:h184:t1","review","uncertain","الحياه","الحياه","الحياه","حياته","false",""
"185","2","KNOW","تعرف","review","uncertain","medium","needs-linguistic-confirmation","KNOW → تعرف: The remaining form needs confirmation of spelling, inflection, added context or lexical sense; plausibility/reference agreement alone is insufficient.","AI-assisted linguistic review","","false","stage3a:h185:t2","review","uncertain","تعرف","تعرف","تعرف","اعرف","false",""
"186","1","GAMES","الالعاب","review","uncertain","medium","needs-linguistic-confirmation","GAMES → الالعاب: The remaining form needs confirmation of spelling, inflection, added context or lexical sense; plausibility/reference agreement alone is insufficient.","AI-assisted linguistic review","","false","stage3a:h186:t1","review","uncertain","الالعاب","الالعاب","الالعاب","العاب","false",""
"186","3","GAMES","العاب","review","uncertain","medium","needs-linguistic-confirmation","GAMES → العاب: The remaining form needs confirmation of spelling, inflection, added context or lexical sense; plausibility/reference agreement alone is insufficient.","AI-assisted linguistic review","","false","stage3a:h186:t3","review","uncertain","العاب","العاب","العاب","العاب","true","Reference supports a relationship not certified by this review; reference is not authoritative."
"187","0","WAY","طريقه","review","uncertain","medium","needs-linguistic-confirmation","WAY → طريقه: The remaining form needs confirmation of spelling, inflection, added context or lexical sense; plausibility/reference agreement alone is insufficient.","AI-assisted linguistic review","","false","stage3a:h187:t0","review","uncertain","طريقه","طريقه","طريقه","الطريقة","false",""
"188","0","DAYS","الايام","review","uncertain","medium","needs-linguistic-confirmation","DAYS → الايام: The remaining form needs confirmation of spelling, inflection, added context or lexical sense; plausibility/reference agreement alone is insufficient.","AI-assisted linguistic review","","false","stage3a:h188:t0","review","uncertain","الايام","الايام","الايام","أيام","false",""
"188","1","DAYS","ايام","review","uncertain","medium","needs-linguistic-confirmation","DAYS → ايام: The remaining form needs confirmation of spelling, inflection, added context or lexical sense; plausibility/reference agreement alone is insufficient.","AI-assisted linguistic review","","false","stage3a:h188:t1","review","uncertain","ايام","ايام","ايام","أيام","false",""
"189","0","MANAGEMENT","ادارة","review","uncertain","medium","needs-linguistic-confirmation","MANAGEMENT → ادارة: The remaining form needs confirmation of spelling, inflection, added context or lexical sense; plausibility/reference agreement alone is insufficient.","AI-assisted linguistic review","","false","stage3a:h189:t0","review","uncertain","ادارة","ادارة","ادارة","الإدارة","false",""
"189","1","MANAGEMENT","الادارة","review","uncertain","medium","needs-linguistic-confirmation","MANAGEMENT → الادارة: The remaining form needs confirmation of spelling, inflection, added context or lexical sense; plausibility/reference agreement alone is insufficient.","AI-assisted linguistic review","","false","stage3a:h189:t1","review","uncertain","الادارة","الادارة","الادارة","الإدارة","false",""
"191","0","COULD","يمكن","review","uncertain","medium","needs-linguistic-confirmation","COULD → يمكن: Past ability and conditional possibility need sentence context.","AI-assisted linguistic review","","false","stage3a:h191:t0","review","uncertain","يمكن","يمكن","يمكن","يمكن","true","Reference supports a relationship not certified by this review; reference is not authoritative."
"193","0","UNITED","متحدين","review","uncertain","medium","needs-linguistic-confirmation","UNITED → متحدين: The remaining form needs confirmation of spelling, inflection, added context or lexical sense; plausibility/reference agreement alone is insufficient.","AI-assisted linguistic review","","false","stage3a:h193:t0","review","uncertain","متحدين","متحدين","متحدين","المتحدة","false",""
"198","0","CENTER","سنتر","review","uncertain","medium","needs-linguistic-confirmation","CENTER → سنتر: The remaining form needs confirmation of spelling, inflection, added context or lexical sense; plausibility/reference agreement alone is insufficient.","AI-assisted linguistic review","","false","stage3a:h198:t0","review","uncertain","سنتر","سنتر","سنتر","المركز","false",""
"200","0","MUST","لازم","review","msa","medium","needs-linguistic-confirmation","MUST → لازم: The remaining form needs confirmation of spelling, inflection, added context or lexical sense; plausibility/reference agreement alone is insufficient.","AI-assisted linguistic review","","false","stage3a:h200:t0","review","uncertain","لازم","لازم","لازم","يجب","false",""
"201","4","STORE","تخزين","review","uncertain","medium","needs-linguistic-confirmation","STORE → تخزين: The remaining form needs confirmation of spelling, inflection, added context or lexical sense; plausibility/reference agreement alone is insufficient.","AI-assisted linguistic review","","false","stage3a:h201:t4","review","uncertain","تخزين","تخزين","تخزين","متجر","false",""
"204","0","MADE","صنعت","review","uncertain","medium","needs-linguistic-confirmation","MADE → صنعت: The remaining form needs confirmation of spelling, inflection, added context or lexical sense; plausibility/reference agreement alone is insufficient.","AI-assisted linguistic review","","false","stage3a:h204:t0","review","uncertain","صنعت","صنعت","صنعت","مصنوع","false",""
"204","1","MADE","صنع","review","uncertain","medium","needs-linguistic-confirmation","MADE → صنع: The remaining form needs confirmation of spelling, inflection, added context or lexical sense; plausibility/reference agreement alone is insufficient.","AI-assisted linguistic review","","false","stage3a:h204:t1","review","uncertain","صنع","صنع","صنع","مصنوع","false",""
"204","3","MADE","جعل","review","uncertain","medium","needs-linguistic-confirmation","MADE → جعل: The remaining form needs confirmation of spelling, inflection, added context or lexical sense; plausibility/reference agreement alone is insufficient.","AI-assisted linguistic review","","false","stage3a:h204:t3","review","uncertain","جعل","جعل","جعل","مصنوع","false",""
"206","0","REPORT","الابلاغ","review","uncertain","medium","needs-linguistic-confirmation","REPORT → الابلاغ: The remaining form needs confirmation of spelling, inflection, added context or lexical sense; plausibility/reference agreement alone is insufficient.","AI-assisted linguistic review","","false","stage3a:h206:t0","review","uncertain","الابلاغ","الابلاغ","الابلاغ","التقرير","false",""
"211","3","TERMS","الشروط والأحكام","review","uncertain","medium","needs-linguistic-confirmation","TERMS → الشروط والأحكام: The remaining form needs confirmation of spelling, inflection, added context or lexical sense; plausibility/reference agreement alone is insufficient.","AI-assisted linguistic review","","false","stage3a:h211:t3","review","uncertain","الشروط والأحكام","الشروطوالأحكام","الشروطوالأحكام","الشروط والأحكام","true","Reference supports a relationship not certified by this review; reference is not authoritative."
"215","0","SEND","ارسل","review","uncertain","medium","needs-linguistic-confirmation","SEND → ارسل: Missing hamza and verbal-noun vs verb distinction; no text correction in this batch.","AI-assisted linguistic review","","false","stage3a:h215:t0","review","uncertain","ارسل","ارسل","ارسل","ارسال","false",""
"215","1","SEND","ارسال","review","uncertain","medium","needs-linguistic-confirmation","SEND → ارسال: Missing hamza and verbal-noun vs verb distinction; no text correction in this batch.","AI-assisted linguistic review","","false","stage3a:h215:t1","review","uncertain","ارسال","ارسال","ارسال","ارسال","true","Reference supports a relationship not certified by this review; reference is not authoritative."
"216","0","RIGHT","صح","review","uncertain","medium","needs-linguistic-confirmation","RIGHT → صح: The remaining form needs confirmation of spelling, inflection, added context or lexical sense; plausibility/reference agreement alone is insufficient.","AI-assisted linguistic review","","false","stage3a:h216:t0","review","uncertain","صح","صح","صح","يمين","false",""
"219","3","LOCAL","محليا","review","uncertain","medium","needs-linguistic-confirmation","LOCAL → محليا: The remaining form needs confirmation of spelling, inflection, added context or lexical sense; plausibility/reference agreement alone is insufficient.","AI-assisted linguistic review","","false","stage3a:h219:t3","review","uncertain","محليا","محليا","محليا","محلي","false",""
"220","0","THOSE","هؤلاء","review","uncertain","medium","needs-linguistic-confirmation","THOSE → هؤلاء: The remaining form needs confirmation of spelling, inflection, added context or lexical sense; plausibility/reference agreement alone is insufficient.","AI-assisted linguistic review","","false","stage3a:h220:t0","review","uncertain","هؤلاء","هؤلاء","هؤلاء","هؤلاء","true","Reference supports a relationship not certified by this review; reference is not authoritative."
"220","1","THOSE","اولئك","review","uncertain","medium","needs-linguistic-confirmation","THOSE → اولئك: The remaining form needs confirmation of spelling, inflection, added context or lexical sense; plausibility/reference agreement alone is insufficient.","AI-assisted linguistic review","","false","stage3a:h220:t1","review","uncertain","اولئك","اولئك","اولئك","هؤلاء","false",""
"221","0","USING","باستعمال","review","uncertain","medium","needs-linguistic-confirmation","USING → باستعمال: The remaining form needs confirmation of spelling, inflection, added context or lexical sense; plausibility/reference agreement alone is insufficient.","AI-assisted linguistic review","","false","stage3a:h221:t0","review","uncertain","باستعمال","باستعمال","باستعمال","استخدام","false",""
"221","3","USING","باستخدام","review","uncertain","medium","needs-linguistic-confirmation","USING → باستخدام: The remaining form needs confirmation of spelling, inflection, added context or lexical sense; plausibility/reference agreement alone is insufficient.","AI-assisted linguistic review","","false","stage3a:h221:t3","review","uncertain","باستخدام","باستخدام","باستخدام","استخدام","false",""
"228","1","TAKE","اخذ","review","uncertain","medium","needs-linguistic-confirmation","TAKE → اخذ: The remaining form needs confirmation of spelling, inflection, added context or lexical sense; plausibility/reference agreement alone is insufficient.","AI-assisted linguistic review","","false","stage3a:h228:t1","review","uncertain","اخذ","اخذ","اخذ","خذ","false",""
"229","0","POSTED","نشر","review","uncertain","medium","needs-linguistic-confirmation","POSTED → نشر: The remaining form needs confirmation of spelling, inflection, added context or lexical sense; plausibility/reference agreement alone is insufficient.","AI-assisted linguistic review","","false","stage3a:h229:t0","review","uncertain","نشر","نشر","نشر","منشورة","false",""
"229","1","POSTED","نشرت","review","uncertain","medium","needs-linguistic-confirmation","POSTED → نشرت: The remaining form needs confirmation of spelling, inflection, added context or lexical sense; plausibility/reference agreement alone is insufficient.","AI-assisted linguistic review","","false","stage3a:h229:t1","review","uncertain","نشرت","نشرت","نشرت","منشورة","false",""
"230","0","INTERNET","الانترنت","review","uncertain","medium","needs-linguistic-confirmation","INTERNET → الانترنت: The remaining form needs confirmation of spelling, inflection, added context or lexical sense; plausibility/reference agreement alone is insufficient.","AI-assisted linguistic review","","false","stage3a:h230:t0","review","uncertain","الانترنت","الانترنت","الانترنت","الإنترنت","false",""
"230","1","INTERNET","انترنت","review","uncertain","medium","needs-linguistic-confirmation","INTERNET → انترنت: The remaining form needs confirmation of spelling, inflection, added context or lexical sense; plausibility/reference agreement alone is insufficient.","AI-assisted linguistic review","","false","stage3a:h230:t1","review","uncertain","انترنت","انترنت","انترنت","الإنترنت","false",""
"236","0","WANT","اريد","review","uncertain","medium","needs-linguistic-confirmation","WANT → اريد: The Arabic is second/third-person feminine; defer a standalone headword convention.","AI-assisted linguistic review","","false","stage3a:h236:t0","review","uncertain","اريد","اريد","اريد","تريد","false",""
"236","1","WANT","تريد","review","uncertain","medium","needs-linguistic-confirmation","WANT → تريد: The Arabic is second/third-person feminine; defer a standalone headword convention.","AI-assisted linguistic review","","false","stage3a:h236:t1","review","uncertain","تريد","تريد","تريد","تريد","true","Reference supports a relationship not certified by this review; reference is not authoritative."
"237","1","PHONE","تلفون","review","uncertain","medium","needs-linguistic-confirmation","PHONE → تلفون: The remaining form needs confirmation of spelling, inflection, added context or lexical sense; plausibility/reference agreement alone is insufficient.","AI-assisted linguistic review","","false","stage3a:h237:t1","review","uncertain","تلفون","تلفون","تلفون","الهاتف","false",""
"243","2","FAMILY","الاسرة","review","uncertain","medium","needs-linguistic-confirmation","FAMILY → الاسرة: The remaining form needs confirmation of spelling, inflection, added context or lexical sense; plausibility/reference agreement alone is insufficient.","AI-assisted linguistic review","","false","stage3a:h243:t2","review","uncertain","الاسرة","الاسرة","الاسرة","الأسرة","false",""
"243","3","FAMILY","اسرة","review","uncertain","medium","needs-linguistic-confirmation","FAMILY → اسرة: The remaining form needs confirmation of spelling, inflection, added context or lexical sense; plausibility/reference agreement alone is insufficient.","AI-assisted linguistic review","","false","stage3a:h243:t3","review","uncertain","اسرة","اسرة","اسرة","الأسرة","false",""
"244","2","LONG","طويلا","review","uncertain","medium","needs-linguistic-confirmation","LONG → طويلا: The remaining form needs confirmation of spelling, inflection, added context or lexical sense; plausibility/reference agreement alone is insufficient.","AI-assisted linguistic review","","false","stage3a:h244:t2","review","uncertain","طويلا","طويلا","طويلا","طويل","false",""
"245","0","BASED","قائم","review","msa","medium","needs-linguistic-confirmation","BASED → قائم: Participle needs a complement; standalone Arabic phrase does not establish a fair clue.","AI-assisted linguistic review","","false","stage3a:h245:t0","review","uncertain","قائم","قائم","قائم","على أساس","false",""
"245","1","BASED","على أساس","review","msa","medium","needs-linguistic-confirmation","BASED → على أساس: Participle needs a complement; standalone Arabic phrase does not establish a fair clue.","AI-assisted linguistic review","","false","stage3a:h245:t1","review","uncertain","على أساس","علىأساس","علىأساس","على أساس","true","Reference supports a relationship not certified by this review; reference is not authoritative."
"246","1","CODE","الكود","review","uncertain","medium","needs-linguistic-confirmation","CODE → الكود: The remaining form needs confirmation of spelling, inflection, added context or lexical sense; plausibility/reference agreement alone is insufficient.","AI-assisted linguistic review","","false","stage3a:h246:t1","review","uncertain","الكود","الكود","الكود","الكود","true","Reference supports a relationship not certified by this review; reference is not authoritative."
"246","4","CODE","كود","review","uncertain","medium","needs-linguistic-confirmation","CODE → كود: The remaining form needs confirmation of spelling, inflection, added context or lexical sense; plausibility/reference agreement alone is insufficient.","AI-assisted linguistic review","","false","stage3a:h246:t4","review","uncertain","كود","كود","كود","الكود","false",""
"247","0","SHOW","اظهار","review","uncertain","medium","needs-linguistic-confirmation","SHOW → اظهار: The remaining form needs confirmation of spelling, inflection, added context or lexical sense; plausibility/reference agreement alone is insufficient.","AI-assisted linguistic review","","false","stage3a:h247:t0","review","uncertain","اظهار","اظهار","اظهار","عرض","false",""
"247","2","SHOW","اظهر","review","uncertain","medium","needs-linguistic-confirmation","SHOW → اظهر: The remaining form needs confirmation of spelling, inflection, added context or lexical sense; plausibility/reference agreement alone is insufficient.","AI-assisted linguistic review","","false","stage3a:h247:t2","review","uncertain","اظهر","اظهر","اظهر","عرض","false",""
"248","1","EVEN","حتي","review","uncertain","medium","needs-linguistic-confirmation","EVEN → حتي: The remaining form needs confirmation of spelling, inflection, added context or lexical sense; plausibility/reference agreement alone is insufficient.","AI-assisted linguistic review","","false","stage3a:h248:t1","review","uncertain","حتي","حتي","حتي","حتى","false",""
"249","0","BLACK","الاسود","review","uncertain","medium","needs-linguistic-confirmation","BLACK → الاسود: The remaining form needs confirmation of spelling, inflection, added context or lexical sense; plausibility/reference agreement alone is insufficient.","AI-assisted linguistic review","","false","stage3a:h249:t0","review","uncertain","الاسود","الاسود","الاسود","أسود","false",""
"249","1","BLACK","اسود","review","uncertain","medium","needs-linguistic-confirmation","BLACK → اسود: The remaining form needs confirmation of spelling, inflection, added context or lexical sense; plausibility/reference agreement alone is insufficient.","AI-assisted linguistic review","","false","stage3a:h249:t1","review","uncertain","اسود","اسود","اسود","أسود","false",""
"249","2","BLACK","بلاك","review","uncertain","medium","needs-linguistic-confirmation","BLACK → بلاك: The remaining form needs confirmation of spelling, inflection, added context or lexical sense; plausibility/reference agreement alone is insufficient.","AI-assisted linguistic review","","false","stage3a:h249:t2","review","uncertain","بلاك","بلاك","بلاك","أسود","false",""
"252","0","PRICES","اسعار","review","uncertain","medium","needs-linguistic-confirmation","PRICES → اسعار: The remaining form needs confirmation of spelling, inflection, added context or lexical sense; plausibility/reference agreement alone is insufficient.","AI-assisted linguistic review","","false","stage3a:h252:t0","review","uncertain","اسعار","اسعار","اسعار","الأسعار","false",""
"252","1","PRICES","الاسعار","review","uncertain","medium","needs-linguistic-confirmation","PRICES → الاسعار: The remaining form needs confirmation of spelling, inflection, added context or lexical sense; plausibility/reference agreement alone is insufficient.","AI-assisted linguistic review","","false","stage3a:h252:t1","review","uncertain","الاسعار","الاسعار","الاسعار","الأسعار","false",""
"255","0","BEING","كونك","review","msa","medium","needs-linguistic-confirmation","BEING → كونك: Copula, existence noun and inflection are not interchangeable.","AI-assisted linguistic review","","false","stage3a:h255:t0","review","uncertain","كونك","كونك","كونك","يجري","false",""
"255","1","BEING","يجري","review","msa","medium","needs-linguistic-confirmation","BEING → يجري: Copula, existence noun and inflection are not interchangeable.","AI-assisted linguistic review","","false","stage3a:h255:t1","review","uncertain","يجري","يجري","يجري","يجري","true","Reference supports a relationship not certified by this review; reference is not authoritative."
"258","2","SIGN","اشارة","review","uncertain","medium","needs-linguistic-confirmation","SIGN → اشارة: The remaining form needs confirmation of spelling, inflection, added context or lexical sense; plausibility/reference agreement alone is insufficient.","AI-assisted linguistic review","","false","stage3a:h258:t2","review","uncertain","اشارة","اشارة","اشارة","علامة","false",""
"258","4","SIGN","التوقيع","review","uncertain","medium","needs-linguistic-confirmation","SIGN → التوقيع: The remaining form needs confirmation of spelling, inflection, added context or lexical sense; plausibility/reference agreement alone is insufficient.","AI-assisted linguistic review","","false","stage3a:h258:t4","review","uncertain","التوقيع","التوقيع","التوقيع","علامة","false",""
"260","1","LINK","لينك","review","uncertain","medium","needs-linguistic-confirmation","LINK → لينك: The remaining form needs confirmation of spelling, inflection, added context or lexical sense; plausibility/reference agreement alone is insufficient.","AI-assisted linguistic review","","false","stage3a:h260:t1","review","uncertain","لينك","لينك","لينك","رابط","false",""
"261","3","OPEN","فتح","review","uncertain","medium","needs-linguistic-confirmation","OPEN → فتح: The remaining form needs confirmation of spelling, inflection, added context or lexical sense; plausibility/reference agreement alone is insufficient.","AI-assisted linguistic review","","false","stage3a:h261:t3","review","uncertain","فتح","فتح","فتح","مفتوح","false",""
"264","0","SOUTH","جنوبي","review","uncertain","medium","needs-linguistic-confirmation","SOUTH → جنوبي: The remaining form needs confirmation of spelling, inflection, added context or lexical sense; plausibility/reference agreement alone is insufficient.","AI-assisted linguistic review","","false","stage3a:h264:t0","review","uncertain","جنوبي","جنوبي","جنوبي","الجنوب","false",""
"264","1","SOUTH","جنوبا","review","uncertain","medium","needs-linguistic-confirmation","SOUTH → جنوبا: The remaining form needs confirmation of spelling, inflection, added context or lexical sense; plausibility/reference agreement alone is insufficient.","AI-assisted linguistic review","","false","stage3a:h264:t1","review","uncertain","جنوبا","جنوبا","جنوبا","الجنوب","false",""
"265","4","CASE","كايس","review","uncertain","medium","needs-linguistic-confirmation","CASE → كايس: The remaining form needs confirmation of spelling, inflection, added context or lexical sense; plausibility/reference agreement alone is insufficient.","AI-assisted linguistic review","","false","stage3a:h265:t4","review","uncertain","كايس","كايس","كايس","القضية","false",""
"267","0","SAME","نفس","review","uncertain","medium","needs-linguistic-confirmation","SAME → نفس: The remaining form needs confirmation of spelling, inflection, added context or lexical sense; plausibility/reference agreement alone is insufficient.","AI-assisted linguistic review","","false","stage3a:h267:t0","review","uncertain","نفس","نفس","نفس","نفس الشيء","false",""
"267","1","SAME","نفسه","review","uncertain","medium","needs-linguistic-confirmation","SAME → نفسه: The remaining form needs confirmation of spelling, inflection, added context or lexical sense; plausibility/reference agreement alone is insufficient.","AI-assisted linguistic review","","false","stage3a:h267:t1","review","uncertain","نفسه","نفسه","نفسه","نفس الشيء","false",""
"269","1","VERSION","اصدار","review","uncertain","medium","needs-linguistic-confirmation","VERSION → اصدار: The remaining form needs confirmation of spelling, inflection, added context or lexical sense; plausibility/reference agreement alone is insufficient.","AI-assisted linguistic review","","false","stage3a:h269:t1","review","uncertain","اصدار","اصدار","اصدار","النسخة","false",""
"269","2","VERSION","الاصدار","review","uncertain","medium","needs-linguistic-confirmation","VERSION → الاصدار: The remaining form needs confirmation of spelling, inflection, added context or lexical sense; plausibility/reference agreement alone is insufficient.","AI-assisted linguistic review","","false","stage3a:h269:t2","review","uncertain","الاصدار","الاصدار","الاصدار","النسخة","false",""
"272","0","FOUND","وجد","review","uncertain","medium","needs-linguistic-confirmation","FOUND → وجد: Past of find vs base found and Arabic tense/person ambiguity require context.","AI-assisted linguistic review","","false","stage3a:h272:t0","review","uncertain","وجد","وجد","وجد","وجدت","false",""
"272","1","FOUND","خلصت","review","uncertain","medium","needs-linguistic-confirmation","FOUND → خلصت: Past of find vs base found and Arabic tense/person ambiguity require context.","AI-assisted linguistic review","","false","stage3a:h272:t1","review","uncertain","خلصت","خلصت","خلصت","وجدت","false",""
"272","2","FOUND","وجدت","review","uncertain","medium","needs-linguistic-confirmation","FOUND → وجدت: Past of find vs base found and Arabic tense/person ambiguity require context.","AI-assisted linguistic review","","false","stage3a:h272:t2","review","uncertain","وجدت","وجدت","وجدت","وجدت","true","Reference supports a relationship not certified by this review; reference is not authoritative."
"276","0","SECURITY","الامن","review","uncertain","medium","needs-linguistic-confirmation","SECURITY → الامن: The remaining form needs confirmation of spelling, inflection, added context or lexical sense; plausibility/reference agreement alone is insufficient.","AI-assisted linguistic review","","false","stage3a:h276:t0","review","uncertain","الامن","الامن","الامن","الأمن","false",""
"276","1","SECURITY","الامنية","review","uncertain","medium","needs-linguistic-confirmation","SECURITY → الامنية: The remaining form needs confirmation of spelling, inflection, added context or lexical sense; plausibility/reference agreement alone is insufficient.","AI-assisted linguistic review","","false","stage3a:h276:t1","review","uncertain","الامنية","الامنية","الامنية","الأمن","false",""
"279","0","AMERICAN","امريكية","review","uncertain","medium","needs-linguistic-confirmation","AMERICAN → امريكية: The remaining form needs confirmation of spelling, inflection, added context or lexical sense; plausibility/reference agreement alone is insufficient.","AI-assisted linguistic review","","false","stage3a:h279:t0","review","uncertain","امريكية","امريكية","امريكية","الأمريكية","false",""
"279","1","AMERICAN","امريكيون","review","uncertain","medium","needs-linguistic-confirmation","AMERICAN → امريكيون: The remaining form needs confirmation of spelling, inflection, added context or lexical sense; plausibility/reference agreement alone is insufficient.","AI-assisted linguistic review","","false","stage3a:h279:t1","review","uncertain","امريكيون","امريكيون","امريكيون","الأمريكية","false",""
"279","2","AMERICAN","امريكي","review","uncertain","medium","needs-linguistic-confirmation","AMERICAN → امريكي: The remaining form needs confirmation of spelling, inflection, added context or lexical sense; plausibility/reference agreement alone is insufficient.","AI-assisted linguistic review","","false","stage3a:h279:t2","review","uncertain","امريكي","امريكي","امريكي","الأمريكية","false",""
"279","3","AMERICAN","الامريكي","review","uncertain","medium","needs-linguistic-confirmation","AMERICAN → الامريكي: The remaining form needs confirmation of spelling, inflection, added context or lexical sense; plausibility/reference agreement alone is insufficient.","AI-assisted linguistic review","","false","stage3a:h279:t3","review","uncertain","الامريكي","الامريكي","الامريكي","الأمريكية","false",""
"282","0","MEMBERS","الاعضاء","review","uncertain","medium","needs-linguistic-confirmation","MEMBERS → الاعضاء: The remaining form needs confirmation of spelling, inflection, added context or lexical sense; plausibility/reference agreement alone is insufficient.","AI-assisted linguistic review","","false","stage3a:h282:t0","review","uncertain","الاعضاء","الاعضاء","الاعضاء","الأعضاء","false",""
"282","1","MEMBERS","اعضاء","review","uncertain","medium","needs-linguistic-confirmation","MEMBERS → اعضاء: The remaining form needs confirmation of spelling, inflection, added context or lexical sense; plausibility/reference agreement alone is insufficient.","AI-assisted linguistic review","","false","stage3a:h282:t1","review","uncertain","اعضاء","اعضاء","اعضاء","الأعضاء","false",""
"287","0","DOWN","اسفل","review","uncertain","medium","needs-linguistic-confirmation","DOWN → اسفل: The remaining form needs confirmation of spelling, inflection, added context or lexical sense; plausibility/reference agreement alone is insufficient.","AI-assisted linguistic review","","false","stage3a:h287:t0","review","uncertain","اسفل","اسفل","اسفل","أسفل","false",""
"289","1","SYSTEMS","الانظمة","review","uncertain","medium","needs-linguistic-confirmation","SYSTEMS → الانظمة: The remaining form needs confirmation of spelling, inflection, added context or lexical sense; plausibility/reference agreement alone is insufficient.","AI-assisted linguistic review","","false","stage3a:h289:t1","review","uncertain","الانظمة","الانظمة","الانظمة","أنظمة","false",""
"289","3","SYSTEMS","انظمة","review","uncertain","medium","needs-linguistic-confirmation","SYSTEMS → انظمة: The remaining form needs confirmation of spelling, inflection, added context or lexical sense; plausibility/reference agreement alone is insufficient.","AI-assisted linguistic review","","false","stage3a:h289:t3","review","uncertain","انظمة","انظمة","انظمة","أنظمة","false",""
"290","2","THREE","ثلاثه","review","uncertain","medium","needs-linguistic-confirmation","THREE → ثلاثه: The remaining form needs confirmation of spelling, inflection, added context or lexical sense; plausibility/reference agreement alone is insufficient.","AI-assisted linguistic review","","false","stage3a:h290:t2","review","uncertain","ثلاثه","ثلاثه","ثلاثه","ثلاثة","false",""
"291","2","TOTAL","اجمالي","review","uncertain","medium","needs-linguistic-confirmation","TOTAL → اجمالي: The remaining form needs confirmation of spelling, inflection, added context or lexical sense; plausibility/reference agreement alone is insufficient.","AI-assisted linguistic review","","false","stage3a:h291:t2","review","uncertain","اجمالي","اجمالي","اجمالي","المجموع","false",""
"291","3","TOTAL","الاجمالي","review","uncertain","medium","needs-linguistic-confirmation","TOTAL → الاجمالي: The remaining form needs confirmation of spelling, inflection, added context or lexical sense; plausibility/reference agreement alone is insufficient.","AI-assisted linguistic review","","false","stage3a:h291:t3","review","uncertain","الاجمالي","الاجمالي","الاجمالي","المجموع","false",""
"294","0","FOLLOWING","تابع","review","uncertain","medium","needs-linguistic-confirmation","FOLLOWING → تابع: Follower, subsequent and participle senses are ambiguous here.","AI-assisted linguistic review","","false","stage3a:h294:t0","review","uncertain","تابع","تابع","تابع","تابع","true","Reference supports a relationship not certified by this review; reference is not authoritative."
"295","0","DOWNLOAD","حمل","review","uncertain","medium","needs-linguistic-confirmation","DOWNLOAD → حمل: The remaining form needs confirmation of spelling, inflection, added context or lexical sense; plausibility/reference agreement alone is insufficient.","AI-assisted linguistic review","","false","stage3a:h295:t0","review","uncertain","حمل","حمل","حمل","تحميل","false",""
"295","3","DOWNLOAD","نزل","review","uncertain","medium","needs-linguistic-confirmation","DOWNLOAD → نزل: The remaining form needs confirmation of spelling, inflection, added context or lexical sense; plausibility/reference agreement alone is insufficient.","AI-assisted linguistic review","","false","stage3a:h295:t3","review","uncertain","نزل","نزل","نزل","تحميل","false",""
"296","0","HIM","له","review","msa","medium","needs-linguistic-confirmation","HIM → له: Subject/prepositional Arabic forms need an object-pronoun construction.","AI-assisted linguistic review","","false","stage3a:h296:t0","review","uncertain","له","له","له","هو","false",""
"296","1","HIM","هو","review","msa","medium","needs-linguistic-confirmation","HIM → هو: Subject/prepositional Arabic forms need an object-pronoun construction.","AI-assisted linguistic review","","false","stage3a:h296:t1","review","uncertain","هو","هو","هو","هو","true","Reference supports a relationship not certified by this review; reference is not authoritative."
"300","1","NORTH","شمالي","review","uncertain","medium","needs-linguistic-confirmation","NORTH → شمالي: The remaining form needs confirmation of spelling, inflection, added context or lexical sense; plausibility/reference agreement alone is insufficient.","AI-assisted linguistic review","","false","stage3a:h300:t1","review","uncertain","شمالي","شمالي","شمالي","الشمال","false",""
"300","3","NORTH","شمالا","review","uncertain","medium","needs-linguistic-confirmation","NORTH → شمالا: The remaining form needs confirmation of spelling, inflection, added context or lexical sense; plausibility/reference agreement alone is insufficient.","AI-assisted linguistic review","","false","stage3a:h300:t3","review","uncertain","شمالا","شمالا","شمالا","الشمال","false",""
"304","2","BIG","كبيره","review","uncertain","medium","needs-linguistic-confirmation","BIG → كبيره: The remaining form needs confirmation of spelling, inflection, added context or lexical sense; plausibility/reference agreement alone is insufficient.","AI-assisted linguistic review","","false","stage3a:h304:t2","review","uncertain","كبيره","كبيره","كبيره","كبير","false",""
"305","0","MEDIA","الاعلام","review","uncertain","medium","needs-linguistic-confirmation","MEDIA → الاعلام: The remaining form needs confirmation of spelling, inflection, added context or lexical sense; plausibility/reference agreement alone is insufficient.","AI-assisted linguistic review","","false","stage3a:h305:t0","review","uncertain","الاعلام","الاعلام","الاعلام","وسائط الإعلام","false",""
"305","1","MEDIA","اعلام","review","uncertain","medium","needs-linguistic-confirmation","MEDIA → اعلام: The remaining form needs confirmation of spelling, inflection, added context or lexical sense; plausibility/reference agreement alone is insufficient.","AI-assisted linguistic review","","false","stage3a:h305:t1","review","uncertain","اعلام","اعلام","اعلام","وسائط الإعلام","false",""
"313","0","PERSONAL","شخصيه","review","uncertain","medium","needs-linguistic-confirmation","PERSONAL → شخصيه: The remaining form needs confirmation of spelling, inflection, added context or lexical sense; plausibility/reference agreement alone is insufficient.","AI-assisted linguistic review","","false","stage3a:h313:t0","review","uncertain","شخصيه","شخصيه","شخصيه","البيانات الشخصية","false",""
"314","1","SINCE","مند","review","uncertain","medium","needs-linguistic-confirmation","SINCE → مند: The remaining form needs confirmation of spelling, inflection, added context or lexical sense; plausibility/reference agreement alone is insufficient.","AI-assisted linguistic review","","false","stage3a:h314:t1","review","uncertain","مند","مند","مند","منذ","false",""
"316","4","GUIDE","ارشاد","review","uncertain","medium","needs-linguistic-confirmation","GUIDE → ارشاد: The remaining form needs confirmation of spelling, inflection, added context or lexical sense; plausibility/reference agreement alone is insufficient.","AI-assisted linguistic review","","false","stage3a:h316:t4","review","uncertain","ارشاد","ارشاد","ارشاد","دليل","false",""
"317","1","SHOP","تسوق","review","uncertain","medium","needs-linguistic-confirmation","SHOP → تسوق: The remaining form needs confirmation of spelling, inflection, added context or lexical sense; plausibility/reference agreement alone is insufficient.","AI-assisted linguistic review","","false","stage3a:h317:t1","review","uncertain","تسوق","تسوق","تسوق","متجر","false",""
"317","3","SHOP","محلا","review","uncertain","medium","needs-linguistic-confirmation","SHOP → محلا: The remaining form needs confirmation of spelling, inflection, added context or lexical sense; plausibility/reference agreement alone is insufficient.","AI-assisted linguistic review","","false","stage3a:h317:t3","review","uncertain","محلا","محلا","محلا","متجر","false",""
"317","4","SHOP","شوب","review","uncertain","medium","needs-linguistic-confirmation","SHOP → شوب: The remaining form needs confirmation of spelling, inflection, added context or lexical sense; plausibility/reference agreement alone is insufficient.","AI-assisted linguistic review","","false","stage3a:h317:t4","review","uncertain","شوب","شوب","شوب","متجر","false",""
"321","3","CHANGE","غير","review","uncertain","medium","needs-linguistic-confirmation","CHANGE → غير: The remaining form needs confirmation of spelling, inflection, added context or lexical sense; plausibility/reference agreement alone is insufficient.","AI-assisted linguistic review","","false","stage3a:h321:t3","review","uncertain","غير","غير","غير","التغيير","false",""
"322","1","WHITE","الابيض","review","uncertain","medium","needs-linguistic-confirmation","WHITE → الابيض: The remaining form needs confirmation of spelling, inflection, added context or lexical sense; plausibility/reference agreement alone is insufficient.","AI-assisted linguistic review","","false","stage3a:h322:t1","review","uncertain","الابيض","الابيض","الابيض","أبيض","false",""
"322","2","WHITE","وايت","review","uncertain","medium","needs-linguistic-confirmation","WHITE → وايت: The remaining form needs confirmation of spelling, inflection, added context or lexical sense; plausibility/reference agreement alone is insufficient.","AI-assisted linguistic review","","false","stage3a:h322:t2","review","uncertain","وايت","وايت","وايت","أبيض","false",""
"322","3","WHITE","ابيض","review","uncertain","medium","needs-linguistic-confirmation","WHITE → ابيض: The remaining form needs confirmation of spelling, inflection, added context or lexical sense; plausibility/reference agreement alone is insufficient.","AI-assisted linguistic review","","false","stage3a:h322:t3","review","uncertain","ابيض","ابيض","ابيض","أبيض","false",""
"324","0","SMALL","صغيره","review","uncertain","medium","needs-linguistic-confirmation","SMALL → صغيره: The remaining form needs confirmation of spelling, inflection, added context or lexical sense; plausibility/reference agreement alone is insufficient.","AI-assisted linguistic review","","false","stage3a:h324:t0","review","uncertain","صغيره","صغيره","صغيره","صغير","false",""
"324","2","SMALL","صغر","review","uncertain","medium","needs-linguistic-confirmation","SMALL → صغر: The remaining form needs confirmation of spelling, inflection, added context or lexical sense; plausibility/reference agreement alone is insufficient.","AI-assisted linguistic review","","false","stage3a:h324:t2","review","uncertain","صغر","صغر","صغر","صغير","false",""
"328","0","CHILDREN","الاطفال","review","uncertain","medium","needs-linguistic-confirmation","CHILDREN → الاطفال: The remaining form needs confirmation of spelling, inflection, added context or lexical sense; plausibility/reference agreement alone is insufficient.","AI-assisted linguistic review","","false","stage3a:h328:t0","review","uncertain","الاطفال","الاطفال","الاطفال","الأطفال","false",""
"328","1","CHILDREN","اطفال","review","uncertain","medium","needs-linguistic-confirmation","CHILDREN → اطفال: The remaining form needs confirmation of spelling, inflection, added context or lexical sense; plausibility/reference agreement alone is insufficient.","AI-assisted linguistic review","","false","stage3a:h328:t1","review","uncertain","اطفال","اطفال","اطفال","الأطفال","false",""
"329","0","DURING","اثناء","review","uncertain","medium","needs-linguistic-confirmation","DURING → اثناء: The remaining form needs confirmation of spelling, inflection, added context or lexical sense; plausibility/reference agreement alone is insufficient.","AI-assisted linguistic review","","false","stage3a:h329:t0","review","uncertain","اثناء","اثناء","اثناء","خلال","false",""
"333","0","SHOPPING","للتسوق","review","uncertain","medium","needs-linguistic-confirmation","SHOPPING → للتسوق: The remaining form needs confirmation of spelling, inflection, added context or lexical sense; plausibility/reference agreement alone is insufficient.","AI-assisted linguistic review","","false","stage3a:h333:t0","review","uncertain","للتسوق","للتسوق","للتسوق","التسوق","false",""
"335","0","TIMES","تايمز","review","uncertain","medium","needs-linguistic-confirmation","TIMES → تايمز: The remaining form needs confirmation of spelling, inflection, added context or lexical sense; plausibility/reference agreement alone is insufficient.","AI-assisted linguistic review","","false","stage3a:h335:t0","review","uncertain","تايمز","تايمز","تايمز","مرات","false",""
"335","1","TIMES","اوقات","review","uncertain","medium","needs-linguistic-confirmation","TIMES → اوقات: The remaining form needs confirmation of spelling, inflection, added context or lexical sense; plausibility/reference agreement alone is insufficient.","AI-assisted linguistic review","","false","stage3a:h335:t1","review","uncertain","اوقات","اوقات","اوقات","مرات","false",""
"335","3","TIMES","التايمز","review","uncertain","medium","needs-linguistic-confirmation","TIMES → التايمز: The remaining form needs confirmation of spelling, inflection, added context or lexical sense; plausibility/reference agreement alone is insufficient.","AI-assisted linguistic review","","false","stage3a:h335:t3","review","uncertain","التايمز","التايمز","التايمز","مرات","false",""
"335","5","TIMES","الاوقات","review","uncertain","medium","needs-linguistic-confirmation","TIMES → الاوقات: The remaining form needs confirmation of spelling, inflection, added context or lexical sense; plausibility/reference agreement alone is insufficient.","AI-assisted linguistic review","","false","stage3a:h335:t5","review","uncertain","الاوقات","الاوقات","الاوقات","مرات","false",""
"337","2","LEVEL","الرتبة","review","uncertain","medium","needs-linguistic-confirmation","LEVEL → الرتبة: The remaining form needs confirmation of spelling, inflection, added context or lexical sense; plausibility/reference agreement alone is insufficient.","AI-assisted linguistic review","","false","stage3a:h337:t2","review","uncertain","الرتبة","الرتبة","الرتبة","الرتبة","true","Reference supports a relationship not certified by this review; reference is not authoritative."
"342","0","EVENTS","احداث","review","uncertain","medium","needs-linguistic-confirmation","EVENTS → احداث: The remaining form needs confirmation of spelling, inflection, added context or lexical sense; plausibility/reference agreement alone is insufficient.","AI-assisted linguistic review","","false","stage3a:h342:t0","review","uncertain","احداث","احداث","احداث","الأحداث","false",""
"342","3","EVENTS","الاحداث","review","uncertain","medium","needs-linguistic-confirmation","EVENTS → الاحداث: The remaining form needs confirmation of spelling, inflection, added context or lexical sense; plausibility/reference agreement alone is insufficient.","AI-assisted linguistic review","","false","stage3a:h342:t3","review","uncertain","الاحداث","الاحداث","الاحداث","الأحداث","false",""
"343","1","LOVE","احب","review","uncertain","medium","needs-linguistic-confirmation","LOVE → احب: The remaining form needs confirmation of spelling, inflection, added context or lexical sense; plausibility/reference agreement alone is insufficient.","AI-assisted linguistic review","","false","stage3a:h343:t1","review","uncertain","احب","احب","احب","الحب","false",""
"344","0","OLD","قديمه","review","uncertain","medium","needs-linguistic-confirmation","OLD → قديمه: The remaining form needs confirmation of spelling, inflection, added context or lexical sense; plausibility/reference agreement alone is insufficient.","AI-assisted linguistic review","","false","stage3a:h344:t0","review","uncertain","قديمه","قديمه","قديمه","قديم","false",""
"350","2","DEPARTMENT","الادارة","review","uncertain","medium","needs-linguistic-confirmation","DEPARTMENT → الادارة: The remaining form needs confirmation of spelling, inflection, added context or lexical sense; plausibility/reference agreement alone is insufficient.","AI-assisted linguistic review","","false","stage3a:h350:t2","review","uncertain","الادارة","الادارة","الادارة","القسم","false",""
"353","0","INSURANCE","التامين","review","uncertain","medium","needs-linguistic-confirmation","INSURANCE → التامين: The remaining form needs confirmation of spelling, inflection, added context or lexical sense; plausibility/reference agreement alone is insufficient.","AI-assisted linguistic review","","false","stage3a:h353:t0","review","uncertain","التامين","التامين","التامين","التأمين","false",""
"353","1","INSURANCE","تامين","review","uncertain","medium","needs-linguistic-confirmation","INSURANCE → تامين: The remaining form needs confirmation of spelling, inflection, added context or lexical sense; plausibility/reference agreement alone is insufficient.","AI-assisted linguistic review","","false","stage3a:h353:t1","review","uncertain","تامين","تامين","تامين","التأمين","false",""
"354","0","ANOTHER","اخر","review","uncertain","medium","needs-linguistic-confirmation","ANOTHER → اخر: The remaining form needs confirmation of spelling, inflection, added context or lexical sense; plausibility/reference agreement alone is insufficient.","AI-assisted linguistic review","","false","stage3a:h354:t0","review","uncertain","اخر","اخر","اخر","آخر","false",""
"354","1","ANOTHER","اخرى","review","uncertain","medium","needs-linguistic-confirmation","ANOTHER → اخرى: The remaining form needs confirmation of spelling, inflection, added context or lexical sense; plausibility/reference agreement alone is insufficient.","AI-assisted linguistic review","","false","stage3a:h354:t1","review","uncertain","اخرى","اخرى","اخرى","آخر","false",""
"356","0","SHALL","سوف:","review","uncertain","medium","needs-linguistic-confirmation","SHALL → سوف:: Modal and editorial punctuation need context-specific review.","AI-assisted linguistic review","","false","stage3a:h356:t0","review","uncertain","سوف:","سوف","سوف","سوف:","true","Reference supports a relationship not certified by this review; reference is not authoritative."
"360","0","MONEY","فلوس","review","msa","medium","needs-linguistic-confirmation","MONEY → فلوس: The remaining form needs confirmation of spelling, inflection, added context or lexical sense; plausibility/reference agreement alone is insufficient.","AI-assisted linguistic review","","false","stage3a:h360:t0","review","uncertain","فلوس","فلوس","فلوس","المال","false",""
"360","2","MONEY","اموال","review","uncertain","medium","needs-linguistic-confirmation","MONEY → اموال: The remaining form needs confirmation of spelling, inflection, added context or lexical sense; plausibility/reference agreement alone is insufficient.","AI-assisted linguistic review","","false","stage3a:h360:t2","review","uncertain","اموال","اموال","اموال","المال","false",""
"368","0","VISIT","زور","review","uncertain","medium","needs-linguistic-confirmation","VISIT → زور: The remaining form needs confirmation of spelling, inflection, added context or lexical sense; plausibility/reference agreement alone is insufficient.","AI-assisted linguistic review","","false","stage3a:h368:t0","review","uncertain","زور","زور","زور","زيارة","false",""
"369","0","SAVE","حفظ","review","uncertain","medium","needs-linguistic-confirmation","SAVE → حفظ: The remaining form needs confirmation of spelling, inflection, added context or lexical sense; plausibility/reference agreement alone is insufficient.","AI-assisted linguistic review","","false","stage3a:h369:t0","review","uncertain","حفظ","حفظ","حفظ","احفظ","false",""
"369","1","SAVE","انقاذ","review","uncertain","medium","needs-linguistic-confirmation","SAVE → انقاذ: The remaining form needs confirmation of spelling, inflection, added context or lexical sense; plausibility/reference agreement alone is insufficient.","AI-assisted linguistic review","","false","stage3a:h369:t1","review","uncertain","انقاذ","انقاذ","انقاذ","احفظ","false",""
"370","0","TOOLS","ادوات","review","uncertain","medium","needs-linguistic-confirmation","TOOLS → ادوات: The remaining form needs confirmation of spelling, inflection, added context or lexical sense; plausibility/reference agreement alone is insufficient.","AI-assisted linguistic review","","false","stage3a:h370:t0","review","uncertain","ادوات","ادوات","ادوات","أدوات","false",""
"370","1","TOOLS","الادوات","review","uncertain","medium","needs-linguistic-confirmation","TOOLS → الادوات: The remaining form needs confirmation of spelling, inflection, added context or lexical sense; plausibility/reference agreement alone is insufficient.","AI-assisted linguistic review","","false","stage3a:h370:t1","review","uncertain","الادوات","الادوات","الادوات","أدوات","false",""
"371","2","LOW","تدني","review","uncertain","medium","needs-linguistic-confirmation","LOW → تدني: The remaining form needs confirmation of spelling, inflection, added context or lexical sense; plausibility/reference agreement alone is insufficient.","AI-assisted linguistic review","","false","stage3a:h371:t2","review","uncertain","تدني","تدني","تدني","منخفض","false",""
"371","3","LOW","انخفاض","review","uncertain","medium","needs-linguistic-confirmation","LOW → انخفاض: The remaining form needs confirmation of spelling, inflection, added context or lexical sense; plausibility/reference agreement alone is insufficient.","AI-assisted linguistic review","","false","stage3a:h371:t3","review","uncertain","انخفاض","انخفاض","انخفاض","منخفض","false",""
"374","1","DECEMBER","ديسمبر كانون الأول","review","uncertain","medium","needs-linguistic-confirmation","DECEMBER → ديسمبر كانون الأول: The remaining form needs confirmation of spelling, inflection, added context or lexical sense; plausibility/reference agreement alone is insufficient.","AI-assisted linguistic review","","false","stage3a:h374:t1","review","uncertain","ديسمبر كانون الأول","ديسمبركانونالأول","ديسمبركانونالأول","ديسمبر كانون الأول","true","Reference supports a relationship not certified by this review; reference is not authoritative."
"375","0","COMPARE","مقارنة","review","msa","medium","needs-linguistic-confirmation","COMPARE → مقارنة: The remaining form needs confirmation of spelling, inflection, added context or lexical sense; plausibility/reference agreement alone is insufficient.","AI-assisted linguistic review","","false","stage3a:h375:t0","review","uncertain","مقارنة","مقارنة","مقارنة","مقارنة","true","Reference supports a relationship not certified by this review; reference is not authoritative."
"375","1","COMPARE","تقارن","review","uncertain","medium","needs-linguistic-confirmation","COMPARE → تقارن: The remaining form needs confirmation of spelling, inflection, added context or lexical sense; plausibility/reference agreement alone is insufficient.","AI-assisted linguistic review","","false","stage3a:h375:t1","review","uncertain","تقارن","تقارن","تقارن","مقارنة","false",""
"376","0","MOVIES","الافلام","review","uncertain","medium","needs-linguistic-confirmation","MOVIES → الافلام: The remaining form needs confirmation of spelling, inflection, added context or lexical sense; plausibility/reference agreement alone is insufficient.","AI-assisted linguistic review","","false","stage3a:h376:t0","review","uncertain","الافلام","الافلام","الافلام","أفلام","false",""
"376","1","MOVIES","افلام","review","uncertain","medium","needs-linguistic-confirmation","MOVIES → افلام: The remaining form needs confirmation of spelling, inflection, added context or lexical sense; plausibility/reference agreement alone is insufficient.","AI-assisted linguistic review","","false","stage3a:h376:t1","review","uncertain","افلام","افلام","افلام","أفلام","false",""
"377","1","INCLUDE","تضمين","review","msa","medium","needs-linguistic-confirmation","INCLUDE → تضمين: The remaining form needs confirmation of spelling, inflection, added context or lexical sense; plausibility/reference agreement alone is insufficient.","AI-assisted linguistic review","","false","stage3a:h377:t1","review","uncertain","تضمين","تضمين","تضمين","تشمل","false",""
"383","2","CARD","كارد","review","uncertain","medium","needs-linguistic-confirmation","CARD → كارد: The remaining form needs confirmation of spelling, inflection, added context or lexical sense; plausibility/reference agreement alone is insufficient.","AI-assisted linguistic review","","false","stage3a:h383:t2","review","uncertain","كارد","كارد","كارد","بطاقة","false",""
"383","3","CARD","كارت","review","uncertain","medium","needs-linguistic-confirmation","CARD → كارت: The remaining form needs confirmation of spelling, inflection, added context or lexical sense; plausibility/reference agreement alone is insufficient.","AI-assisted linguistic review","","false","stage3a:h383:t3","review","uncertain","كارت","كارت","كارت","بطاقة","false",""
"385","1","PROVIDE","توفير","review","msa","medium","needs-linguistic-confirmation","PROVIDE → توفير: The remaining form needs confirmation of spelling, inflection, added context or lexical sense; plausibility/reference agreement alone is insufficient.","AI-assisted linguistic review","","false","stage3a:h385:t1","review","uncertain","توفير","توفير","توفير","توفير","true","Reference supports a relationship not certified by this review; reference is not authoritative."
"389","2","DIFFERENT","مختلفا","review","uncertain","medium","needs-linguistic-confirmation","DIFFERENT → مختلفا: The remaining form needs confirmation of spelling, inflection, added context or lexical sense; plausibility/reference agreement alone is insufficient.","AI-assisted linguistic review","","false","stage3a:h389:t2","review","uncertain","مختلفا","مختلفا","مختلفا","مختلف","false",""
"389","3","DIFFERENT","مختلفين","review","uncertain","medium","needs-linguistic-confirmation","DIFFERENT → مختلفين: The remaining form needs confirmation of spelling, inflection, added context or lexical sense; plausibility/reference agreement alone is insufficient.","AI-assisted linguistic review","","false","stage3a:h389:t3","review","uncertain","مختلفين","مختلفين","مختلفين","مختلف","false",""
"391","3","LEARN","التعلم","review","msa","medium","needs-linguistic-confirmation","LEARN → التعلم: The remaining form needs confirmation of spelling, inflection, added context or lexical sense; plausibility/reference agreement alone is insufficient.","AI-assisted linguistic review","","false","stage3a:h391:t3","review","uncertain","التعلم","التعلم","التعلم","تعلم","false",""
"393","1","AROUND","حولي","review","uncertain","medium","needs-linguistic-confirmation","AROUND → حولي: The remaining form needs confirmation of spelling, inflection, added context or lexical sense; plausibility/reference agreement alone is insufficient.","AI-assisted linguistic review","","false","stage3a:h393:t1","review","uncertain","حولي","حولي","حولي","حول","false",""
"403","0","TOO","ايضا","review","uncertain","medium","needs-linguistic-confirmation","TOO → ايضا: The remaining form needs confirmation of spelling, inflection, added context or lexical sense; plausibility/reference agreement alone is insufficient.","AI-assisted linguistic review","","false","stage3a:h403:t0","review","uncertain","ايضا","ايضا","ايضا","أيضا","false",""
"406","2","JOIN","الانضمام","review","uncertain","medium","needs-linguistic-confirmation","JOIN → الانضمام: The remaining form needs confirmation of spelling, inflection, added context or lexical sense; plausibility/reference agreement alone is insufficient.","AI-assisted linguistic review","","false","stage3a:h406:t2","review","uncertain","الانضمام","الانضمام","الانضمام","انضم","false",""
"406","3","JOIN","انضمام","review","uncertain","medium","needs-linguistic-confirmation","JOIN → انضمام: The remaining form needs confirmation of spelling, inflection, added context or lexical sense; plausibility/reference agreement alone is insufficient.","AI-assisted linguistic review","","false","stage3a:h406:t3","review","uncertain","انضمام","انضمام","انضمام","انضم","false",""
"409","1","CATEGORIES","الاصناف","review","uncertain","medium","needs-linguistic-confirmation","CATEGORIES → الاصناف: The remaining form needs confirmation of spelling, inflection, added context or lexical sense; plausibility/reference agreement alone is insufficient.","AI-assisted linguistic review","","false","stage3a:h409:t1","review","uncertain","الاصناف","الاصناف","الاصناف","الفئات","false",""
"411","2","WEST","غربا","review","uncertain","medium","needs-linguistic-confirmation","WEST → غربا: The remaining form needs confirmation of spelling, inflection, added context or lexical sense; plausibility/reference agreement alone is insufficient.","AI-assisted linguistic review","","false","stage3a:h411:t2","review","uncertain","غربا","غربا","غربا","غربا","true","Reference supports a relationship not certified by this review; reference is not authoritative."
"411","4","WEST","غربي","review","uncertain","medium","needs-linguistic-confirmation","WEST → غربي: The remaining form needs confirmation of spelling, inflection, added context or lexical sense; plausibility/reference agreement alone is insufficient.","AI-assisted linguistic review","","false","stage3a:h411:t4","review","uncertain","غربي","غربي","غربي","غربا","false",""
"414","0","ENGLISH","الانجليزية","review","uncertain","medium","needs-linguistic-confirmation","ENGLISH → الانجليزية: Existing spellings mostly omit hamza; one relationship is the wrong language. No new replacement is invented.","AI-assisted linguistic review","","false","stage3a:h414:t0","review","uncertain","الانجليزية","الانجليزية","الانجليزية","العربية","false",""
"414","1","ENGLISH","انجليزي","review","uncertain","medium","needs-linguistic-confirmation","ENGLISH → انجليزي: Existing spellings mostly omit hamza; one relationship is the wrong language. No new replacement is invented.","AI-assisted linguistic review","","false","stage3a:h414:t1","review","uncertain","انجليزي","انجليزي","انجليزي","العربية","false",""
"414","2","ENGLISH","انجليزية","review","uncertain","medium","needs-linguistic-confirmation","ENGLISH → انجليزية: Existing spellings mostly omit hamza; one relationship is the wrong language. No new replacement is invented.","AI-assisted linguistic review","","false","stage3a:h414:t2","review","uncertain","انجليزية","انجليزية","انجليزية","العربية","false",""
"414","3","ENGLISH","الانكليزية","review","uncertain","medium","needs-linguistic-confirmation","ENGLISH → الانكليزية: Existing spellings mostly omit hamza; one relationship is the wrong language. No new replacement is invented.","AI-assisted linguistic review","","false","stage3a:h414:t3","review","uncertain","الانكليزية","الانكليزية","الانكليزية","العربية","false",""
"414","4","ENGLISH","بالانكليزية","review","uncertain","medium","needs-linguistic-confirmation","ENGLISH → بالانكليزية: Existing spellings mostly omit hamza; one relationship is the wrong language. No new replacement is invented.","AI-assisted linguistic review","","false","stage3a:h414:t4","review","uncertain","بالانكليزية","بالانكليزية","بالانكليزية","العربية","false",""
"417","2","ESTATE","العقارات","review","uncertain","medium","needs-linguistic-confirmation","ESTATE → العقارات: The remaining form needs confirmation of spelling, inflection, added context or lexical sense; plausibility/reference agreement alone is insufficient.","AI-assisted linguistic review","","false","stage3a:h417:t2","review","uncertain","العقارات","العقارات","العقارات","العقارات","true","Reference supports a relationship not certified by this review; reference is not authoritative."
"419","0","CONDITIONS","الاحوال","review","uncertain","medium","needs-linguistic-confirmation","CONDITIONS → الاحوال: The remaining form needs confirmation of spelling, inflection, added context or lexical sense; plausibility/reference agreement alone is insufficient.","AI-assisted linguistic review","","false","stage3a:h419:t0","review","uncertain","الاحوال","الاحوال","الاحوال","الشروط","false",""
"420","1","SELECT","تحديد","review","uncertain","medium","needs-linguistic-confirmation","SELECT → تحديد: The remaining form needs confirmation of spelling, inflection, added context or lexical sense; plausibility/reference agreement alone is insufficient.","AI-assisted linguistic review","","false","stage3a:h420:t1","review","uncertain","تحديد","تحديد","تحديد","اختر","false",""
"425","0","WEEK","اسبوعا","review","uncertain","medium","needs-linguistic-confirmation","WEEK → اسبوعا: The remaining form needs confirmation of spelling, inflection, added context or lexical sense; plausibility/reference agreement alone is insufficient.","AI-assisted linguistic review","","false","stage3a:h425:t0","review","uncertain","اسبوعا","اسبوعا","اسبوعا","الأسبوع","false",""
"425","1","WEEK","الاسبوع","review","uncertain","medium","needs-linguistic-confirmation","WEEK → الاسبوع: The remaining form needs confirmation of spelling, inflection, added context or lexical sense; plausibility/reference agreement alone is insufficient.","AI-assisted linguistic review","","false","stage3a:h425:t1","review","uncertain","الاسبوع","الاسبوع","الاسبوع","الأسبوع","false",""
"425","2","WEEK","اسبوع","review","uncertain","medium","needs-linguistic-confirmation","WEEK → اسبوع: The remaining form needs confirmation of spelling, inflection, added context or lexical sense; plausibility/reference agreement alone is insufficient.","AI-assisted linguistic review","","false","stage3a:h425:t2","review","uncertain","اسبوع","اسبوع","اسبوع","الأسبوع","false",""
"428","3","LIVE","عيش","review","uncertain","medium","needs-linguistic-confirmation","LIVE → عيش: The remaining form needs confirmation of spelling, inflection, added context or lexical sense; plausibility/reference agreement alone is insufficient.","AI-assisted linguistic review","","false","stage3a:h428:t3","review","uncertain","عيش","عيش","عيش","بث مباشر","false",""
"428","4","LIVE","العيش","review","uncertain","medium","needs-linguistic-confirmation","LIVE → العيش: The remaining form needs confirmation of spelling, inflection, added context or lexical sense; plausibility/reference agreement alone is insufficient.","AI-assisted linguistic review","","false","stage3a:h428:t4","review","uncertain","العيش","العيش","العيش","بث مباشر","false",""
"428","6","LIVE","بث مباشر","review","msa","medium","needs-linguistic-confirmation","LIVE → بث مباشر: The remaining form needs confirmation of spelling, inflection, added context or lexical sense; plausibility/reference agreement alone is insufficient.","AI-assisted linguistic review","","false","stage3a:h428:t6","review","uncertain","بث مباشر","بثمباشر","بثمباشر","بث مباشر","true","Reference supports a relationship not certified by this review; reference is not authoritative."
"432","0","REGISTER","سجل","review","uncertain","medium","needs-linguistic-confirmation","REGISTER → سجل: The remaining form needs confirmation of spelling, inflection, added context or lexical sense; plausibility/reference agreement alone is insufficient.","AI-assisted linguistic review","","false","stage3a:h432:t0","review","uncertain","سجل","سجل","سجل","التسجيل","false",""
"434","2","JUNE","يونيه","review","uncertain","medium","needs-linguistic-confirmation","JUNE → يونيه: The remaining form needs confirmation of spelling, inflection, added context or lexical sense; plausibility/reference agreement alone is insufficient.","AI-assisted linguistic review","","false","stage3a:h434:t2","review","uncertain","يونيه","يونيه","يونيه","حزيران/يونيه","false",""
"435","0","OCTOBER","اكتوبر","review","uncertain","medium","needs-linguistic-confirmation","OCTOBER → اكتوبر: The remaining form needs confirmation of spelling, inflection, added context or lexical sense; plausibility/reference agreement alone is insufficient.","AI-assisted linguistic review","","false","stage3a:h435:t0","review","uncertain","اكتوبر","اكتوبر","اكتوبر","أكتوبر / تشرين الأول","false",""
"436","1","NOVEMBER","نوفمبر تشرين الثاني","review","uncertain","medium","needs-linguistic-confirmation","NOVEMBER → نوفمبر تشرين الثاني: The remaining form needs confirmation of spelling, inflection, added context or lexical sense; plausibility/reference agreement alone is insufficient.","AI-assisted linguistic review","","false","stage3a:h436:t1","review","uncertain","نوفمبر تشرين الثاني","نوفمبرتشرينالثاني","نوفمبرتشرينالثاني","نوفمبر تشرين الثاني","true","Reference supports a relationship not certified by this review; reference is not authoritative."
"440","0","ACTION","اكشن","review","uncertain","medium","needs-linguistic-confirmation","ACTION → اكشن: Existing alternatives mix vague action/work/movement senses and spelling issues; no preferred equivalent is certified.","AI-assisted linguistic review","","false","stage3a:h440:t0","review","uncertain","اكشن","اكشن","اكشن","الإجراء المتخذ","false",""
"440","1","ACTION","العمل","review","uncertain","medium","needs-linguistic-confirmation","ACTION → العمل: Existing alternatives mix vague action/work/movement senses and spelling issues; no preferred equivalent is certified.","AI-assisted linguistic review","","false","stage3a:h440:t1","review","uncertain","العمل","العمل","العمل","الإجراء المتخذ","false",""
"440","2","ACTION","الاجراء","review","uncertain","medium","needs-linguistic-confirmation","ACTION → الاجراء: Existing alternatives mix vague action/work/movement senses and spelling issues; no preferred equivalent is certified.","AI-assisted linguistic review","","false","stage3a:h440:t2","review","uncertain","الاجراء","الاجراء","الاجراء","الإجراء المتخذ","false",""
"440","3","ACTION","اجراء","review","uncertain","medium","needs-linguistic-confirmation","ACTION → اجراء: Existing alternatives mix vague action/work/movement senses and spelling issues; no preferred equivalent is certified.","AI-assisted linguistic review","","false","stage3a:h440:t3","review","uncertain","اجراء","اجراء","اجراء","الإجراء المتخذ","false",""
"440","4","ACTION","الحركة","review","uncertain","medium","needs-linguistic-confirmation","ACTION → الحركة: Existing alternatives mix vague action/work/movement senses and spelling issues; no preferred equivalent is certified.","AI-assisted linguistic review","","false","stage3a:h440:t4","review","uncertain","الحركة","الحركة","الحركة","الإجراء المتخذ","false",""
"442","3","SERIES","مسلسلات","review","uncertain","medium","needs-linguistic-confirmation","SERIES → مسلسلات: The remaining form needs confirmation of spelling, inflection, added context or lexical sense; plausibility/reference agreement alone is insufficient.","AI-assisted linguistic review","","false","stage3a:h442:t3","review","uncertain","مسلسلات","مسلسلات","مسلسلات","سلسلة","false",""
"443","0","MODEL","الموديل","review","uncertain","medium","needs-linguistic-confirmation","MODEL → الموديل: The remaining form needs confirmation of spelling, inflection, added context or lexical sense; plausibility/reference agreement alone is insufficient.","AI-assisted linguistic review","","false","stage3a:h443:t0","review","uncertain","الموديل","الموديل","الموديل","نموذج","false",""
"443","3","MODEL","موديل","review","uncertain","medium","needs-linguistic-confirmation","MODEL → موديل: The remaining form needs confirmation of spelling, inflection, added context or lexical sense; plausibility/reference agreement alone is insufficient.","AI-assisted linguistic review","","false","stage3a:h443:t3","review","uncertain","موديل","موديل","موديل","نموذج","false",""
"448","0","HUMAN","انسان","review","uncertain","medium","needs-linguistic-confirmation","HUMAN → انسان: The remaining form needs confirmation of spelling, inflection, added context or lexical sense; plausibility/reference agreement alone is insufficient.","AI-assisted linguistic review","","false","stage3a:h448:t0","review","uncertain","انسان","انسان","انسان","الإنسان","false",""
"448","3","HUMAN","الانسان","review","uncertain","medium","needs-linguistic-confirmation","HUMAN → الانسان: The remaining form needs confirmation of spelling, inflection, added context or lexical sense; plausibility/reference agreement alone is insufficient.","AI-assisted linguistic review","","false","stage3a:h448:t3","review","uncertain","الانسان","الانسان","الانسان","الإنسان","false",""
"449","0","PROVIDED","شريطة","review","msa","medium","needs-linguistic-confirmation","PROVIDED → شريطة: Conditional provided that needs a complement; participial sense is also underspecified.","AI-assisted linguistic review","","false","stage3a:h449:t0","review","uncertain","شريطة","شريطة","شريطة","المقدمة","false",""
"449","1","PROVIDED","المقدمة","review","msa","medium","needs-linguistic-confirmation","PROVIDED → المقدمة: Conditional provided that needs a complement; participial sense is also underspecified.","AI-assisted linguistic review","","false","stage3a:h449:t1","review","uncertain","المقدمة","المقدمة","المقدمة","المقدمة","true","Reference supports a relationship not certified by this review; reference is not authoritative."
"450","0","YES","حاضر","review","msa","medium","needs-linguistic-confirmation","YES → حاضر: The remaining form needs confirmation of spelling, inflection, added context or lexical sense; plausibility/reference agreement alone is insufficient.","AI-assisted linguistic review","","false","stage3a:h450:t0","review","uncertain","حاضر","حاضر","حاضر","نعم فعلا","false",""
"450","1","YES","اجل","review","uncertain","medium","needs-linguistic-confirmation","YES → اجل: The remaining form needs confirmation of spelling, inflection, added context or lexical sense; plausibility/reference agreement alone is insufficient.","AI-assisted linguistic review","","false","stage3a:h450:t1","review","uncertain","اجل","اجل","اجل","نعم فعلا","false",""
"450","4","YES","نعم فعلا","review","uncertain","medium","needs-linguistic-confirmation","YES → نعم فعلا: The remaining form needs confirmation of spelling, inflection, added context or lexical sense; plausibility/reference agreement alone is insufficient.","AI-assisted linguistic review","","false","stage3a:h450:t4","review","uncertain","نعم فعلا","نعمفعلا","نعمفعلا","نعم فعلا","true","Reference supports a relationship not certified by this review; reference is not authoritative."
"452","0","SECOND","ثانيا","review","uncertain","medium","needs-linguistic-confirmation","SECOND → ثانيا: The remaining form needs confirmation of spelling, inflection, added context or lexical sense; plausibility/reference agreement alone is insufficient.","AI-assisted linguistic review","","false","stage3a:h452:t0","review","uncertain","ثانيا","ثانيا","ثانيا","الثانية","false",""
"452","1","SECOND","الثانيه","review","uncertain","medium","needs-linguistic-confirmation","SECOND → الثانيه: The remaining form needs confirmation of spelling, inflection, added context or lexical sense; plausibility/reference agreement alone is insufficient.","AI-assisted linguistic review","","false","stage3a:h452:t1","review","uncertain","الثانيه","الثانيه","الثانيه","الثانية","false",""
"458","3","MARCH","اذار","review","uncertain","medium","needs-linguistic-confirmation","MARCH → اذار: The remaining form needs confirmation of spelling, inflection, added context or lexical sense; plausibility/reference agreement alone is insufficient.","AI-assisted linguistic review","","false","stage3a:h458:t3","review","uncertain","اذار","اذار","اذار","مسيرة","false",""
"459","0","SEPTEMBER","ايلول","review","uncertain","medium","needs-linguistic-confirmation","SEPTEMBER → ايلول: The remaining form needs confirmation of spelling, inflection, added context or lexical sense; plausibility/reference agreement alone is insufficient.","AI-assisted linguistic review","","false","stage3a:h459:t0","review","uncertain","ايلول","ايلول","ايلول","سبتمبر/أيلول","false",""
"460","0","BETTER","احسن","review","uncertain","medium","needs-linguistic-confirmation","BETTER → احسن: The remaining form needs confirmation of spelling, inflection, added context or lexical sense; plausibility/reference agreement alone is insufficient.","AI-assisted linguistic review","","false","stage3a:h460:t0","review","uncertain","احسن","احسن","احسن","أفضل","false",""
"460","1","BETTER","افضل","review","uncertain","medium","needs-linguistic-confirmation","BETTER → افضل: The remaining form needs confirmation of spelling, inflection, added context or lexical sense; plausibility/reference agreement alone is insufficient.","AI-assisted linguistic review","","false","stage3a:h460:t1","review","uncertain","افضل","افضل","افضل","أفضل","false",""
"461","3","SAY","قول","review","uncertain","medium","needs-linguistic-confirmation","SAY → قول: The remaining form needs confirmation of spelling, inflection, added context or lexical sense; plausibility/reference agreement alone is insufficient.","AI-assisted linguistic review","","false","stage3a:h461:t3","review","uncertain","قول","قول","قول","قولي","false",""
"461","4","SAY","اقول","review","uncertain","medium","needs-linguistic-confirmation","SAY → اقول: The remaining form needs confirmation of spelling, inflection, added context or lexical sense; plausibility/reference agreement alone is insufficient.","AI-assisted linguistic review","","false","stage3a:h461:t4","review","uncertain","اقول","اقول","اقول","قولي","false",""
"462","0","QUESTIONS","الاسئلة","review","uncertain","medium","needs-linguistic-confirmation","QUESTIONS → الاسئلة: The remaining form needs confirmation of spelling, inflection, added context or lexical sense; plausibility/reference agreement alone is insufficient.","AI-assisted linguistic review","","false","stage3a:h462:t0","review","uncertain","الاسئلة","الاسئلة","الاسئلة","أسئلة","false",""
"462","1","QUESTIONS","اسئلة","review","uncertain","medium","needs-linguistic-confirmation","QUESTIONS → اسئلة: The remaining form needs confirmation of spelling, inflection, added context or lexical sense; plausibility/reference agreement alone is insufficient.","AI-assisted linguistic review","","false","stage3a:h462:t1","review","uncertain","اسئلة","اسئلة","اسئلة","أسئلة","false",""
"469","1","COME","تعالى","review","uncertain","medium","needs-linguistic-confirmation","COME → تعالى: The remaining form needs confirmation of spelling, inflection, added context or lexical sense; plausibility/reference agreement alone is insufficient.","AI-assisted linguistic review","","false","stage3a:h469:t1","review","uncertain","تعالى","تعالى","تعالى","تعال","false",""
"480","3","PLAY","تشغيل","review","uncertain","medium","needs-linguistic-confirmation","PLAY → تشغيل: The remaining form needs confirmation of spelling, inflection, added context or lexical sense; plausibility/reference agreement alone is insufficient.","AI-assisted linguistic review","","false","stage3a:h480:t3","review","uncertain","تشغيل","تشغيل","تشغيل","إلعب","false",""
"480","6","PLAY","إلعب","review","uncertain","medium","needs-linguistic-confirmation","PLAY → إلعب: The remaining form needs confirmation of spelling, inflection, added context or lexical sense; plausibility/reference agreement alone is insufficient.","AI-assisted linguistic review","","false","stage3a:h480:t6","review","uncertain","إلعب","إلعب","إلعب","إلعب","true","Reference supports a relationship not certified by this review; reference is not authoritative."
"481","0","LOOKING","ابحث","review","uncertain","medium","needs-linguistic-confirmation","LOOKING → ابحث: Imperative, verbal noun and searching are not automatically the participle looking.","AI-assisted linguistic review","","false","stage3a:h481:t0","review","uncertain","ابحث","ابحث","ابحث","يبحث","false",""
"481","1","LOOKING","النظر","review","uncertain","medium","needs-linguistic-confirmation","LOOKING → النظر: Imperative, verbal noun and searching are not automatically the participle looking.","AI-assisted linguistic review","","false","stage3a:h481:t1","review","uncertain","النظر","النظر","النظر","يبحث","false",""
"481","2","LOOKING","يبحث","review","uncertain","medium","needs-linguistic-confirmation","LOOKING → يبحث: Imperative, verbal noun and searching are not automatically the participle looking.","AI-assisted linguistic review","","false","stage3a:h481:t2","review","uncertain","يبحث","يبحث","يبحث","يبحث","true","Reference supports a relationship not certified by this review; reference is not authoritative."
"483","0","APRIL","ابريل","review","uncertain","medium","needs-linguistic-confirmation","APRIL → ابريل: The remaining form needs confirmation of spelling, inflection, added context or lexical sense; plausibility/reference agreement alone is insufficient.","AI-assisted linguistic review","","false","stage3a:h483:t0","review","uncertain","ابريل","ابريل","ابريل","أبريل/نيسان","false",""
"484","0","NEVER","ابدا","review","uncertain","medium","needs-linguistic-confirmation","NEVER → ابدا: The remaining form needs confirmation of spelling, inflection, added context or lexical sense; plausibility/reference agreement alone is insufficient.","AI-assisted linguistic review","","false","stage3a:h484:t0","review","uncertain","ابدا","ابدا","ابدا","أبداً","false",""
"485","4","USERS","مستخدمو","review","uncertain","medium","needs-linguistic-confirmation","USERS → مستخدمو: The remaining form needs confirmation of spelling, inflection, added context or lexical sense; plausibility/reference agreement alone is insufficient.","AI-assisted linguistic review","","false","stage3a:h485:t4","review","uncertain","مستخدمو","مستخدمو","مستخدمو","المستخدمون","false",""
"486","1","COMPLETE","اكتمل","review","uncertain","medium","needs-linguistic-confirmation","COMPLETE → اكتمل: The remaining form needs confirmation of spelling, inflection, added context or lexical sense; plausibility/reference agreement alone is insufficient.","AI-assisted linguistic review","","false","stage3a:h486:t1","review","uncertain","اكتمل","اكتمل","اكتمل","اكتمل","true","Reference supports a relationship not certified by this review; reference is not authoritative."
"491","0","THINGS","اشياء","review","uncertain","medium","needs-linguistic-confirmation","THINGS → اشياء: The remaining form needs confirmation of spelling, inflection, added context or lexical sense; plausibility/reference agreement alone is insufficient.","AI-assisted linguistic review","","false","stage3a:h491:t0","review","uncertain","اشياء","اشياء","اشياء","أشياء","false",""
"491","1","THINGS","الاشياء","review","uncertain","medium","needs-linguistic-confirmation","THINGS → الاشياء: The remaining form needs confirmation of spelling, inflection, added context or lexical sense; plausibility/reference agreement alone is insufficient.","AI-assisted linguistic review","","false","stage3a:h491:t1","review","uncertain","الاشياء","الاشياء","الاشياء","أشياء","false",""
"491","2","THINGS","الامور","review","uncertain","medium","needs-linguistic-confirmation","THINGS → الامور: The remaining form needs confirmation of spelling, inflection, added context or lexical sense; plausibility/reference agreement alone is insufficient.","AI-assisted linguistic review","","false","stage3a:h491:t2","review","uncertain","الامور","الامور","الامور","أشياء","false",""
"491","3","THINGS","امور","review","uncertain","medium","needs-linguistic-confirmation","THINGS → امور: The remaining form needs confirmation of spelling, inflection, added context or lexical sense; plausibility/reference agreement alone is insufficient.","AI-assisted linguistic review","","false","stage3a:h491:t3","review","uncertain","امور","امور","امور","أشياء","false",""
"492","2","WORKING","العمل","review","uncertain","medium","needs-linguistic-confirmation","WORKING → العمل: The remaining form needs confirmation of spelling, inflection, added context or lexical sense; plausibility/reference agreement alone is insufficient.","AI-assisted linguistic review","","false","stage3a:h492:t2","review","uncertain","العمل","العمل","العمل","العمل","true","Reference supports a relationship not certified by this review; reference is not authoritative."
"497","1","BELOW","ادناه","review","uncertain","medium","needs-linguistic-confirmation","BELOW → ادناه: The remaining form needs confirmation of spelling, inflection, added context or lexical sense; plausibility/reference agreement alone is insufficient.","AI-assisted linguistic review","","false","stage3a:h497:t1","review","uncertain","ادناه","ادناه","ادناه","أدناه","false",""
"498","2","MOBILE","الموبايل","review","uncertain","medium","needs-linguistic-confirmation","MOBILE → الموبايل: The remaining form needs confirmation of spelling, inflection, added context or lexical sense; plausibility/reference agreement alone is insufficient.","AI-assisted linguistic review","","false","stage3a:h498:t2","review","uncertain","الموبايل","الموبايل","الموبايل","موبايل","false",""
"498","3","MOBILE","موبايل","review","uncertain","medium","needs-linguistic-confirmation","MOBILE → موبايل: The remaining form needs confirmation of spelling, inflection, added context or lexical sense; plausibility/reference agreement alone is insufficient.","AI-assisted linguistic review","","false","stage3a:h498:t3","review","uncertain","موبايل","موبايل","موبايل","موبايل","true","Reference supports a relationship not certified by this review; reference is not authoritative."
"499","0","LESS","اقل","review","uncertain","medium","needs-linguistic-confirmation","LESS → اقل: The remaining form needs confirmation of spelling, inflection, added context or lexical sense; plausibility/reference agreement alone is insufficient.","AI-assisted linguistic review","","false","stage3a:h499:t0","review","uncertain","اقل","اقل","اقل","أقل","false",""
"500","0","GOT","حصلت","review","uncertain","medium","needs-linguistic-confirmation","GOT → حصلت: Person/tense and added object require context.","AI-assisted linguistic review","","false","stage3a:h500:t0","review","uncertain","حصلت","حصلت","حصلت","حصلت عليه","false",""
"500","1","GOT","حصلت عليه","review","uncertain","medium","needs-linguistic-confirmation","GOT → حصلت عليه: Person/tense and added object require context.","AI-assisted linguistic review","","false","stage3a:h500:t1","review","uncertain","حصلت عليه","حصلتعليه","حصلتعليه","حصلت عليه","true","Reference supports a relationship not certified by this review; reference is not authoritative."
"501","0","BLOG","بلوق","review","uncertain","medium","needs-linguistic-confirmation","BLOG → بلوق: The remaining form needs confirmation of spelling, inflection, added context or lexical sense; plausibility/reference agreement alone is insufficient.","AI-assisted linguistic review","","false","stage3a:h501:t0","review","uncertain","بلوق","بلوق","بلوق","مدونة","false",""
"507","2","LET","دعونا","review","uncertain","medium","needs-linguistic-confirmation","LET → دعونا: The remaining form needs confirmation of spelling, inflection, added context or lexical sense; plausibility/reference agreement alone is insufficient.","AI-assisted linguistic review","","false","stage3a:h507:t2","review","uncertain","دعونا","دعونا","دعونا","دعونا","true","Reference supports a relationship not certified by this review; reference is not authoritative."
"511","0","ABOVE","اعلاه","review","uncertain","medium","needs-linguistic-confirmation","ABOVE → اعلاه: The remaining form needs confirmation of spelling, inflection, added context or lexical sense; plausibility/reference agreement alone is insufficient.","AI-assisted linguistic review","","false","stage3a:h511:t0","review","uncertain","اعلاه","اعلاه","اعلاه","أعلاه","false",""
"513","2","PARK","بارك","review","uncertain","medium","needs-linguistic-confirmation","PARK → بارك: The remaining form needs confirmation of spelling, inflection, added context or lexical sense; plausibility/reference agreement alone is insufficient.","AI-assisted linguistic review","","false","stage3a:h513:t2","review","uncertain","بارك","بارك","بارك","حديقة","false",""
"516","2","ACT","التمثيل","review","uncertain","medium","needs-linguistic-confirmation","ACT → التمثيل: The remaining form needs confirmation of spelling, inflection, added context or lexical sense; plausibility/reference agreement alone is insufficient.","AI-assisted linguistic review","","false","stage3a:h516:t2","review","uncertain","التمثيل","التمثيل","التمثيل","تصرف","false",""
"518","1","RED","احمر","review","uncertain","medium","needs-linguistic-confirmation","RED → احمر: The remaining form needs confirmation of spelling, inflection, added context or lexical sense; plausibility/reference agreement alone is insufficient.","AI-assisted linguistic review","","false","stage3a:h518:t1","review","uncertain","احمر","احمر","احمر","أحمر","false",""
"518","2","RED","الاحمر","review","uncertain","medium","needs-linguistic-confirmation","RED → الاحمر: The remaining form needs confirmation of spelling, inflection, added context or lexical sense; plausibility/reference agreement alone is insufficient.","AI-assisted linguistic review","","false","stage3a:h518:t2","review","uncertain","الاحمر","الاحمر","الاحمر","أحمر","false",""
"519","0","GIVE","اعطاء","review","uncertain","medium","needs-linguistic-confirmation","GIVE → اعطاء: Infinitive/verbal noun and imperative spelling need a separate explicit correction decision.","AI-assisted linguistic review","","false","stage3a:h519:t0","review","uncertain","اعطاء","اعطاء","اعطاء","إعطاء","false",""
"519","1","GIVE","اعطي","review","uncertain","medium","needs-linguistic-confirmation","GIVE → اعطي: Infinitive/verbal noun and imperative spelling need a separate explicit correction decision.","AI-assisted linguistic review","","false","stage3a:h519:t1","review","uncertain","اعطي","اعطي","اعطي","إعطاء","false",""
"519","2","GIVE","إعطاء","review","msa","medium","needs-linguistic-confirmation","GIVE → إعطاء: Infinitive/verbal noun and imperative spelling need a separate explicit correction decision.","AI-assisted linguistic review","","false","stage3a:h519:t2","review","uncertain","إعطاء","إعطاء","إعطاء","إعطاء","true","Reference supports a relationship not certified by this review; reference is not authoritative."
"521","0","PERFORMANCE","الاداء","review","uncertain","medium","needs-linguistic-confirmation","PERFORMANCE → الاداء: The remaining form needs confirmation of spelling, inflection, added context or lexical sense; plausibility/reference agreement alone is insufficient.","AI-assisted linguistic review","","false","stage3a:h521:t0","review","uncertain","الاداء","الاداء","الاداء","الأداء","false",""
"521","1","PERFORMANCE","اداء","review","uncertain","medium","needs-linguistic-confirmation","PERFORMANCE → اداء: The remaining form needs confirmation of spelling, inflection, added context or lexical sense; plausibility/reference agreement alone is insufficient.","AI-assisted linguistic review","","false","stage3a:h521:t1","review","uncertain","اداء","اداء","اداء","الأداء","false",""
"523","0","AUGUST","اغسطس","review","uncertain","medium","needs-linguistic-confirmation","AUGUST → اغسطس: The remaining form needs confirmation of spelling, inflection, added context or lexical sense; plausibility/reference agreement alone is insufficient.","AI-assisted linguistic review","","false","stage3a:h523:t0","review","uncertain","اغسطس","اغسطس","اغسطس","أغسطس/آب","false",""
"523","1","AUGUST","اوغست","review","uncertain","medium","needs-linguistic-confirmation","AUGUST → اوغست: The remaining form needs confirmation of spelling, inflection, added context or lexical sense; plausibility/reference agreement alone is insufficient.","AI-assisted linguistic review","","false","stage3a:h523:t1","review","uncertain","اوغست","اوغست","اوغست","أغسطس/آب","false",""
"526","0","STORY","ستوري","review","uncertain","medium","needs-linguistic-confirmation","STORY → ستوري: The remaining form needs confirmation of spelling, inflection, added context or lexical sense; plausibility/reference agreement alone is insufficient.","AI-assisted linguistic review","","false","stage3a:h526:t0","review","uncertain","ستوري","ستوري","ستوري","القصة","false",""
"526","4","STORY","قصه","review","uncertain","medium","needs-linguistic-confirmation","STORY → قصه: The remaining form needs confirmation of spelling, inflection, added context or lexical sense; plausibility/reference agreement alone is insufficient.","AI-assisted linguistic review","","false","stage3a:h526:t4","review","uncertain","قصه","قصه","قصه","القصة","false",""
